timestamp,gross_return,trading_cost,net_return,turnover,gross_exposure,gross_equity,equity,estimated_cost_dollars,drawdown,same_exposure_long_gross_return,same_exposure_long_trading_cost,same_exposure_long_net_return,same_exposure_long_turnover,same_exposure_long_gross_exposure,same_exposure_long_gross_equity,same_exposure_long_equity,same_exposure_long_estimated_cost_dollars,same_exposure_long_drawdown,full_exposure_long_gross_return,full_exposure_long_trading_cost,full_exposure_long_net_return,full_exposure_long_turnover,full_exposure_long_gross_exposure,full_exposure_long_gross_equity,full_exposure_long_equity,full_exposure_long_estimated_cost_dollars,full_exposure_long_drawdown,benchmark_return,benchmark_equity
2022-01-18,-0.002172952825202895,0.000245,-0.002417952825202895,0.35,0.35,99782.7047174797,99758.20471747972,24.5,0.0,-0.002172952825202895,0.000245,-0.002417952825202895,0.35,0.35,99782.7047174797,99758.20471747972,24.5,0.0,-0.0031756733473792265,0.0007,-0.0038756733473792266,1.0,1.0,99682.43266526208,99612.43266526208,70.0,0.0,-0.0038756733473792266,99612.43266526208
2022-01-19,-0.0021699372967518447,0.00049,-0.0026599372967518447,0.7,0.35,99566.18250494247,99492.85414809469,48.88152031156506,-0.0026599372967518464,-0.0021699372967518447,0.00049,-0.0026599372967518447,0.7,0.35,99566.18250494247,99492.85414809469,48.88152031156506,-0.0026599372967518464,0.005063992488590463,0.0,0.005063992488590463,0.0,1.0,100187.22375552337,100116.8692760492,0.0,0.0,0.005063992488590463,100116.8692760492
2022-01-20,0.0017175472057639294,0.0002891389356811314,0.001428408270082798,0.4130556224016163,0.7630556224016163,99737.19212349242,99634.97056377397,28.76725795625814,-0.001235328503101596,0.002454389111916924,0.0002891389356811314,0.0021652501762357925,0.4130556224016163,0.7630556224016163,99810.55665919773,99708.28106807305,28.76725795625814,-0.0005004465502166378,0.002454389111916924,0.0001891943976522019,0.0022651947142647223,0.270277710931717,0.7630556224016163,100433.12218666212,100343.65347914203,18.941550777506365,0.0,0.0022651947142647223,100343.65347914203
2022-01-21,-0.0009222346500954325,0.000512700420529935,-0.0014349350706253676,0.7324291721856215,0.35,99645.21102901292,99492.00085025128,51.08289130753461,-0.0026684909575341864,0.0009222346500954325,0.000512700420529935,0.0004095342295654975,0.7324291721856215,0.35,99902.60541299415,99749.11502214156,51.120477633918014,-9.111727064359254e-05,-0.0013580876274186349,0.00024811033884103017,-0.001606197966259665,0.3544433412014717,0.8980971082150324,100296.72520603739,100182.48170699675,24.896297865256845,-0.0016061979662598258,-0.001606197966259665,100182.48170699675
2022-01-24,0.00665302689518904,0.00049,0.00616302689518904,0.7,0.35,100308.15329796572,100105.17272734756,48.751080416623125,0.0,0.00665302689518904,0.00049,0.00616302689518904,0.7,0.35,100567.26013370625,100363.87150079434,48.87706636084936,0.0,0.004218898454266938,3.871056046441383e-05,0.004180187893802524,0.055300800663448335,0.9272002357334636,100719.86690497719,100601.26330419943,3.8781200155937303,0.0,0.004180187893802524,100601.26330419943
2022-01-25,0.0,0.000245,-0.000245,0.35,0.0,100308.15329796572,100080.64696002936,24.52576731820015,-0.0002449999999999397,0.0,0.000245,-0.000245,0.35,0.0,100567.26013370625,100339.28235227663,24.589148517694614,-0.00024500000000016176,0.0017050500622488047,3.959856131701434e-05,0.0016654515009317903,0.05656937331002049,0.8706308624234431,100891.59932031322,100768.80982916505,3.983665293520446,0.0,0.0016654515009317903,100768.80982916505
2022-01-26,0.0063270383274787395,0.000245,0.00608203832747874,0.35,0.35,100942.80682844057,100689.34129067912,24.519758505207193,0.0,0.0063270383274787395,0.000245,0.00608203832747874,0.35,0.35,101203.55304306172,100949.54971329488,24.583124176307773,0.0,0.010436567918816031,4.849117416703702e-06,0.010431718801399327,0.006927310595291003,0.8637035518281521,101944.56134905765,101820.00171725458,0.48863979080310743,0.0,0.010431718801399327,101820.00171725458
2022-01-27,0.0034871229261727917,0.0,0.0034871229261727917,0.0,0.35,101294.80680436424,101040.4574011151,0.0,0.0,0.0034871229261727917,0.0,0.0034871229261727917,0.0,0.35,101556.46227308833,101301.57320248694,0.0,0.0,0.0010619320870266106,6.0653130942399966e-05,0.0010012789560842105,0.08664732991771423,0.8600240209684138,102052.81954985208,101921.95194228253,6.175701896712031,0.0,0.0010012789560842105,101921.95194228253
2022-01-28,0.0,0.000245,-0.000245,0.35,0.0,101294.80680436424,101015.70248905181,24.7549120632732,-0.00024500000000016176,0.0,0.000245,-0.000245,0.35,0.0,101556.46227308833,101276.75431705231,24.8188854346093,-0.00024500000000016176,-0.006569232447194725,4.213185046636516e-06,-0.0065734456322413615,0.00601883578090931,0.8540051851875046,101382.41085633748,101251.97353245801,0.42941604384723037,-0.0065734456322413815,-0.0065734456322413615,101251.97353245801
2022-01-31,0.0,0.0,0.0,0.0,0.0,101294.80680436424,101015.70248905181,0.0,-0.00024500000000016176,0.0,0.0,0.0,0.0,0.0,101556.46227308833,101276.75431705231,0.0,-0.00024500000000016176,-0.005872286282406794,4.408632412258492e-05,-0.005916372606529379,0.06298046303226418,0.9169856482197687,100787.06431578848,100652.92912989354,4.463827323203334,-0.012450927285101665,-0.005916372606529379,100652.92912989354
2022-02-01,0.00042924170949149015,0.000245,0.00018424170949149016,0.35,0.35,101338.28676039957,101034.31379476386,24.748847109817692,-6.0803429727696034e-05,0.00042924170949149015,0.000245,0.00018424170949149016,0.35,0.35,101600.05454256434,101295.41371939945,24.812804807677814,-6.0803429727251945e-05,0.002324851632230923,2.4727951895601326e-05,0.0023001236803353218,0.03532564556514475,0.9523112937849134,101021.3792867708,100884.44331568031,2.488940789675377,-0.01017944227745704,0.0023001236803353218,100884.44331568031
2022-02-02,0.0,0.000245,-0.000245,0.35,0.0,101338.28676039957,101009.56038788414,24.753406879717144,-0.0003057885328874299,0.0,0.000245,-0.000245,0.35,0.0,101600.05454256434,101270.59634303818,24.817376361252865,-0.00030578853288720786,-0.0024637462241961553,4.133131391522931e-06,-0.0024678793555876783,0.005904473416461331,0.9464068203684521,100772.48824498992,100635.47268072159,0.4169686595843541,-0.012622199997596728,-0.0024678793555876783,100635.47268072159
2022-02-03,-0.00025813840738047044,0.000245,-0.0005031384073804705,0.35,0.35,101312.12745644858,100958.73859854037,24.74734229503161,-0.0008087730863125531,-0.00025813840738047044,0.000245,-0.0005031384073804705,0.35,0.35,101573.82766629495,101219.64321647967,24.811296104044352,-0.00080877308631222,-0.009225780590453685,3.7682185857228212e-06,-0.009229548809039409,0.005383169408175459,0.9517899897766275,99842.78337888757,99706.65267369413,0.37921645853849634,-0.021735251595680793,-0.009229548809039409,99706.65267369413
2022-02-04,-0.0007561114880533016,0.000245,-0.0010011114880533016,0.35,0.7,101235.52419299964,100857.66764551001,24.73489095664239,-0.0018090749023378372,-0.0007561114880533016,0.000245,-0.0010011114880533016,0.35,0.7,101497.02652831092,101118.311068839,24.798812588037517,-0.0018090749023376151,0.00021371764565846548,1.6823800746794065e-05,0.0001968938449116714,0.024034001066848665,0.9758239908434763,99864.1215434873,99726.28429990234,1.6774448577120318,-0.021542637288025746,0.0001968938449116714,99726.28429990234
2022-02-07,0.0,0.00049,-0.00049,0.7,0.0,101235.52419299964,100808.24738836371,49.4202571462999,-0.0022981884556355636,0.0,0.00049,-0.00049,0.7,0.0,101497.02652831092,101068.76309641526,49.54797242373111,-0.0022981884556355636,-0.002337007438472707,6.382828543438857e-07,-0.0023376457213270508,0.0009118326490626938,0.976735823492539,99630.73834860363,99493.15957810482,0.0636535773960515,-0.023829923955470456,-0.0023376457213270508,99493.15957810482
2022-02-08,0.0018524235597476512,0.00049,0.0013624235597476512,0.7,0.7,101423.05526309815,100945.59091962247,49.396041220298216,-0.0009388960019849346,0.0001438722839997796,0.00049,-0.0003461277160002204,0.7,0.7,101511.62913733673,101033.78039628574,49.52369391724348,-0.0026435207049145815,0.0006430683718203971,2.1486476706313316e-07,0.000642853507053334,0.0003069496672330474,0.976428873825306,99694.80772529673,99557.11910466742,0.021377574557124628,-0.023202389598604656,0.000642853507053334,99557.11910466742
2022-02-09,0.0,0.00049,-0.00049,0.7,0.0,101423.05526309815,100896.12758007187,49.46333955061501,-0.0014284359429437288,0.0,0.00049,-0.00049,0.7,0.0,101511.62913733673,100984.27384389157,49.50655239418001,-0.0031322253797690935,0.010212431476645098,2.631184254465735e-07,0.01021216835821965,0.0003758834649236764,0.9760529903603823,100712.93411776864,100573.81316622363,0.026195312420817074,-0.013227167949278806,0.01021216835821965,100573.81316622363
2022-02-10,-0.00535696223924682,0.000245,-0.0056019622392468205,0.35,0.35,100879.73578586469,100330.91128328208,24.719551257117608,-0.0070223961379769495,-0.00535696223924682,0.000245,-0.0056019622392468205,0.35,0.35,100967.83517320358,100418.56375506033,24.741147091753433,-0.008716641010713677,0.00377597920887272,3.4127781621319785e-05,0.0037418514272514,0.04875397374474255,0.9753754455378412,101093.22406306192,100950.14543256378,3.4323611325602963,-0.009534810619296952,0.0037418514272514,100950.14543256378
2022-02-11,0.0,0.000245,-0.000245,0.35,0.0,100879.73578586469,100306.33021001767,24.58107326440411,-0.007265675650923287,0.0,0.000245,-0.000245,0.35,0.0,100967.83517320358,100393.96120694032,24.60254811998978,-0.008959505433666193,-0.0042285549709572875,3.604027605991095e-06,-0.004232158998563279,0.005148610865701564,0.9702268346721397,100665.74580791996,100522.90836616507,0.3638271109677757,-0.01372661678329834,-0.004232158998563279,100522.90836616507
2022-02-14,0.003280239453762101,0.00049,0.002790239453762101,0.7,0.7,101210.64547527459,100586.20889003173,49.15010180290866,-0.004495709172020801,0.007360578573001007,0.00049,0.006870578573001007,0.7,0.7,101711.01685734176,101083.72580566742,49.19304099140076,-0.0021504838467224507,0.004337122631292619,8.942055434276691e-06,0.004328180575858343,0.012774364906109559,0.965370076809289,101102.34549225945,100957.98966558429,0.8988814190249642,-0.0094578474835737,0.004328180575858343,100957.98966558429
2022-02-15,0.0005897443099128984,0.000245,0.0003447443099128984,0.35,0.35,101270.33387754625,100620.88541320228,24.643621178057774,-0.004152514732263968,-0.0005897443099128984,0.000245,-0.0008347443099128984,0.35,0.35,101651.03336389469,100999.34674072635,24.765512822388516,-0.0029834330524806107,-0.0007376549003466266,1.0465294275959097e-05,-0.0007481201946225856,0.014950420394227282,0.9577228670139866,101027.76685167055,100882.46095470697,1.056555071359577,-0.010198892071496157,-0.0007481201946225856,100882.46095470697
2022-02-16,0.0,0.000245,-0.000245,0.35,0.0,101270.33387754625,100596.23329627606,24.65211692623456,-0.004396497366154439,0.0,0.000245,-0.000245,0.35,0.0,101651.03336389469,100974.60190077487,24.744839951477957,-0.003227702111382791,-0.0008772338650120203,1.8877475979905522e-06,-0.0008791216126100109,0.002696782282843646,0.9599333686919715,100939.14187328173,100793.77300294838,0.19044062334662376,-0.011069047617661587,-0.0008791216126100109,100793.77300294838
2022-02-17,0.00020985745735957473,0.00049,-0.00028014254264042526,0.7,0.7,101291.58621231974,100568.05201170038,49.29215431517527,-0.004675408262844072,0.0017792775133097295,0.00049,0.0012892775133097295,0.7,0.7,101831.89876176375,101104.78618442095,49.477554931379686,-0.001942586001824842,0.007182889701775607,2.2819311657631864e-05,0.007160070390117975,0.032599016653759805,0.9273343520382118,101664.1765959494,101515.46351253506,2.30004451930288,-0.00398823238763768,0.007160070390117975,101515.46351253506
2022-02-18,-0.003177746426226813,0.000245,-0.003422746426226813,0.35,0.35,100969.7072362267,100223.83307108474,24.63917274286659,-0.00808215195214812,0.003177746426226813,0.000245,0.002932746426226813,0.35,0.35,102155.49471412983,101401.30088477774,24.770672615183134,0.0,0.0006028438107713238,1.6234025728640238e-05,0.0005866097850426836,0.023191465326628913,0.9202982315088404,101725.46421558742,101575.01347676465,1.6480046465173335,-0.0034039621387387253,0.0005866097850426836,101575.01347676465
2022-02-21,0.0,0.000245,-0.000245,0.35,0.0,100969.7072362267,100199.27823198232,24.55483910241576,-0.008325171824919875,0.0,0.000245,-0.000245,0.35,0.0,102155.49471412983,101376.45756606097,24.843318716770543,-0.0002449999999999397,-0.002016851468266643,2.473917632023902e-05,-0.002041590644586882,0.035341680457484315,0.9358340832285371,101520.29906372409,101367.63887952671,2.5128821681323354,-0.0054386032860684885,-0.002041590644586882,101367.63887952671
2022-02-22,-0.00891264667225411,0.00049,-0.00940264667225411,0.7,0.7,100069.79991102929,99257.1398219521,49.097646333671335,-0.017649539848018425,0.00891264667225411,0.00049,0.008422646672254109,0.7,0.7,103065.97054414618,102230.31564902468,49.67446420736987,0.0,0.005779881440521153,2.1476529772347836e-05,0.005758404910748805,0.030680756817639765,0.9544335876038594,102107.07435611868,101951.35478904161,2.1770251143487593,0.0,0.005758404910748805,101951.35478904161
2022-02-23,0.0,0.00049,-0.00049,0.7,0.0,100069.79991102929,99208.50382343934,48.63599851275653,-0.018130891573493013,0.0,0.00049,-0.00049,0.7,0.0,103065.97054414618,102180.22279435665,50.09285466802209,-0.0004899999999999904,0.001767384006215754,1.995554635874666e-05,0.0017474284598570072,0.02850792336963809,0.9691182459903412,102287.53676625717,102129.50748792096,2.034494986829748,0.0,0.0017474284598570072,102129.50748792096
2022-02-24,-0.0051706281068588985,0.00049,-0.0056606281068588985,0.7,0.7,99552.37619096157,98646.92137825697,48.61216687348528,-0.02368888744590847,-3.97812408905792e-05,0.00049,-0.0005297812408905792,0.7,0.7,103061.87045194434,102126.08962913019,50.06830916923476,-0.0010195216480824998,0.0012445757495292518,3.0099744142146717e-05,0.001214476005387105,0.042999634488781024,0.9631800149051588,102414.84135399552,102253.54132420705,3.074072044749878,0.0,0.001214476005387105,102253.54132420705
2022-02-25,-0.007254424570029627,0.00098,-0.008234424570029627,1.4,0.7,98830.18098711703,97834.62074510206,96.67398295069182,-0.03172824765911697,-0.00591230379314458,0.00049,-0.00640230379314458,0.7,0.7,102452.53736434274,101472.2473781186,50.041783918273794,-0.007415298153912286,-0.00809311496670212,5.6285369034416e-06,-0.008098743503605562,0.008040767004916571,0.970515839197819,101585.98626862107,101425.41612068699,0.57553783085089,-0.008098743503605288,-0.008098743503605562,101425.41612068699
2022-02-28,0.0012872551454601645,0.0,0.0012872551454601645,0.0,0.7,98957.40064611945,97960.55886406034,0.0,-0.030481834863712365,-0.0019065577205088723,0.0,-0.0019065577205088723,0.0,0.7,102257.20568824503,101278.78468146245,0.0,-0.009307718180476043,-0.005212413586144099,1.7531957574955814e-05,-0.005229945543719055,0.025045653678508306,0.9493164449353396,101056.47809363267,100894.96671762674,1.7781860924501238,-0.01328633305982807,-0.005229945543719055,100894.96671762674
2022-03-01,-0.00430808424944038,0.000245,-0.0045530842494403805,0.35,0.35,98531.08382703034,97514.53618643,24.00033692169478,-0.034896132750940834,-0.00430808424944038,0.000245,-0.0045530842494403805,0.35,0.35,101816.67303102772,100817.65384212682,24.8133022469583,-0.013818423604870622,-0.010558979349277348,1.442955427082988e-05,-0.010573408903548178,0.0206136489583284,0.9287027959770112,99989.4248283313,99828.16297821139,1.4558693979055695,-0.023719260131105924,-0.010573408903548178,99828.16297821139
2022-03-02,0.0,0.000245,-0.000245,0.35,0.0,98531.08382703034,97490.64512506433,23.891061365675352,-0.035132583198416834,0.0,0.000245,-0.000245,0.35,0.0,101816.67303102772,100792.9535169355,24.70032519132107,-0.014060038091087468,-0.0023226219091436774,5.485967897589739e-06,-0.002328107877041267,0.00783709699655677,0.9328040892662772,99757.18719954236,99595.75224563126,0.5476540973738241,-0.025992147011798417,-0.002328107877041267,99595.75224563126
2022-03-03,0.0,0.0,0.0,0.0,0.0,98531.08382703034,97490.64512506433,0.0,-0.035132583198416834,0.0,0.0,0.0,0.0,0.0,101816.67303102772,100792.9535169355,0.0,-0.014060038091087468,-0.0057963954089210925,8.66566874881582e-06,-0.005805061077669908,0.012379526784022599,0.9451836160502998,99178.95509765204,99017.59282076888,0.8630637977497697,-0.031646322088525025,-0.005805061077669908,99017.59282076888
2022-03-04,-0.0018080395252766666,0.000245,-0.0020530395252766663,0.35,0.35,98352.93573300273,97290.49297727784,23.88520805564076,-0.03711349414176224,-0.0018080395252766666,0.000245,-0.0020530395252766663,0.35,0.35,101632.58446185545,100586.02159949586,24.694273611649194,-0.016084211802436243,0.0016929197021024528,2.0940701110425012e-05,0.0016719790009920277,0.029915287300607163,0.9152683287496928,99346.8571047708,99183.14815669399,2.0734978159334867,-0.030027255073523662,0.0016719790009920277,99183.14815669399
2022-03-07,0.006459498762421689,0.000245,0.006214498762421689,0.35,0.7,98988.24639965058,97895.10462548054,23.836170779433072,-0.03112963714275352,-0.0003699562992076186,0.000245,-0.0006149562992076186,0.35,0.7,101594.98484702905,100524.16559190101,24.643575291876484,-0.016689277014278137,0.0027912930764260463,1.2324696139745821e-05,0.0027789683802863004,0.01760670877106546,0.9130201149761594,99624.16329917203,99458.7749892787,1.2224021632146442,-0.027331731485633504,0.0027789683802863004,99458.7749892787
2022-03-08,0.0007153785694119396,0.0007349999999999999,-1.9621430588060264e-05,1.0499999999999998,0.35,99059.06046974855,97893.18378348021,71.95290189972819,-0.03114864776532722,0.0007153785694119396,0.000245,0.0004703785694119396,0.35,0.35,101667.66372194834,100571.45000510346,24.628420570015745,-0.016226748723112694,-0.001082614086461917,1.5125825275951243e-06,-0.0010841266689895122,0.002160832182278749,0.914265177573117,99516.30877663237,99350.9490788478,0.1504396052647979,-0.028386227095609673,-0.0010841266689895122,99350.9490788478
2022-03-09,0.0011538581139933445,0.00049,0.0006638581139933445,0.7,0.35,99173.36057043613,97958.17096783951,47.967660053905306,-0.03050546793389286,0.0011538581139933445,0.00049,0.0006638581139933445,0.7,0.35,101784.97378066464,100638.21517822542,49.280010502500694,-0.015573662867922944,-0.007197256510150879,1.0711023599369019e-05,-0.007207967533750248,0.015301462284812883,0.9295666398579299,98800.06437542356,98634.83066344018,1.0641503602032485,-0.03538958762604916,-0.007207967533750248,98634.83066344018
2022-03-10,0.0,0.000245,-0.000245,0.35,0.0,99173.36057043613,97934.17121595239,23.99975188712068,-0.030742994094249076,0.0,0.000245,-0.000245,0.35,0.0,101784.97378066464,100613.55881550675,24.65636271866523,-0.015814847320520298,-0.001511100056500212,2.6017981954429954e-05,-0.0015371180384546421,0.03716854564918565,0.9512144945353377,98650.76759256363,98483.21728600748,2.566279244279641,-0.03687230769099048,-0.0015371180384546421,98483.21728600748
2022-03-11,0.0,0.0,0.0,0.0,0.0,99173.36057043613,97934.17121595239,0.0,-0.030742994094249076,0.0,0.0,0.0,0.0,0.0,101784.97378066464,100613.55881550675,0.0,-0.015814847320520298,-0.0007881426868921034,1.6143588027959666e-05,-0.0008042862749200631,0.02306226861137095,0.9742767631467086,98573.01671152926,98404.00858603438,1.5898724875333408,-0.03764693807490993,-0.0008042862749200631,98404.00858603438
2022-03-14,0.0,0.0,0.0,0.0,0.0,99173.36057043613,97934.17121595239,0.0,-0.030742994094249076,0.0,0.0,0.0,0.0,0.0,101784.97378066464,100613.55881550675,0.0,-0.015814847320520298,0.0024581855620080225,5.755113848455917e-06,0.0024524304481595665,0.008221591212079882,0.9777202312760245,98815.32747801312,98645.33757291171,0.5663262725570614,-0.03528683412396538,0.0024524304481595665,98645.33757291171
2022-03-15,0.0019712406678392856,0.00049,0.0014812406678392856,0.7,0.7,99368.85513195887,98079.23529312859,47.98774389581667,-0.029307291199513474,-0.002417190689242138,0.00049,-0.002907190689242138,0.7,0.7,101538.94008973727,100321.0560141068,49.30064381959831,-0.01867606123288046,0.0007018237116497827,1.3840105941794201e-05,0.0006879836057079885,0.019771579916848858,0.9853741138126343,98884.67841791164,98713.20394794142,1.3652619226731502,-0.03462312728163186,0.0006879836057079885,98713.20394794142
2022-03-16,0.008451486367026228,0.0007349999999999999,0.007716486367026229,1.0499999999999998,0.35,100208.66965641362,98836.06237515637,72.0882379404495,-0.02181695414548268,-0.008451486367026228,0.000245,-0.008696486367026229,0.35,0.35,100680.78512184657,99448.61531815444,24.578658723456165,-0.027210131488005218,-0.005094624529023317,4.616592073893289e-06,-0.00509924112109721,0.0065951315341332695,0.9919692453467674,98380.89810969915,98209.84151917482,0.4557185949346781,-0.03954581672835367,-0.00509924112109721,98209.84151917482
2022-03-17,-0.008373421993722374,0.0007349999999999999,-0.009108421993722374,1.0499999999999998,0.7,99369.58017795095,97935.82181084558,72.64450584573991,-0.030726658114230365,-0.009827216382697533,0.0007349999999999999,-0.010562216382697533,1.0499999999999998,0.7,99691.3732608743,98398.21752420443,73.0947322588435,-0.03748494857412488,-0.015527364399580431,1.469962262702018e-05,-0.01554206402220745,0.020999460895743116,0.9709697844510243,96853.30205479186,96683.45787467297,1.4436476085913281,-0.05447325713515849,-0.01554206402220745,96683.45787467297
2022-03-18,-0.0022408954139045744,0.000668774974155579,-0.0029096703880601535,0.9553928202222557,0.9553928202222557,99146.90334144855,97650.86085019223,65.49702670045365,-0.03354692405505144,0.00012527459503844309,0.00023187536381076305,-0.00010660076877231996,0.3312505197296615,0.9553928202222557,99703.86205728838,98387.72819857052,22.816122486755503,-0.0375875534185619,0.00012527459503844309,4.219651469504596e-05,8.307808034339713e-05,0.06028073527863709,0.9553928202222557,96865.4353129849,96691.49015075415,4.079704950976495,-0.05439470458844797,8.307808034339713e-05,96691.49015075415
2022-03-21,0.0010213964319974785,0.0002581246361892369,0.0007632717958082416,0.36874948027033844,0.7,99248.1716347651,97725.39499811556,25.206092930521667,-0.0328092576802107,0.0036633700681128808,0.0002581246361892369,0.003405245431923644,0.36874948027033844,0.7,100069.1142012243,98722.76256057604,25.396296546741542,-0.03431030283121406,0.005293803380991886,2.5539712060552778e-06,0.005291249409785831,0.0036485302943646825,0.9532486941243896,97378.22188194604,97203.10894094563,0.2469472817156036,-0.04939127112721131,0.005291249409785831,97203.10894094563
2022-03-22,0.005060357147623989,0.000245,0.004815357147623989,0.35,0.35,99750.40282948568,98195.97767742412,23.942721774538313,-0.02815188882606534,-0.005060357147623989,0.000245,-0.0053053571476239895,0.35,0.35,99562.72874391974,98199.00304659209,24.18707682734113,-0.03943363156847546,-0.0017311443240466112,2.8992185208652268e-06,-0.0017340435425674764,0.004141740744093181,0.9508474838238272,97209.64612584935,97034.55451756911,0.2818130537272699,-0.05103966805502136,-0.0017340435425674764,97034.55451756911
2022-03-23,0.0,0.000245,-0.000245,0.35,0.0,99750.40282948568,98171.91966289315,24.058014530968908,-0.028389991613302912,0.0,0.000245,-0.000245,0.35,0.0,99562.72874391974,98174.94429084567,24.05875574641506,-0.03966897032874117,-0.0028006659795282436,1.2892588275581812e-05,-0.0028135585678038255,0.01841798325083116,0.9324295005729961,96937.39437706271,96761.54211533317,1.2510265598995156,-0.05370962352747122,-0.0028135585678038255,96761.54211533317
2022-03-24,-0.0027567849923930575,0.000245,-0.0030017849923930575,0.35,0.35,99475.41241598019,97877.22866777466,24.05212031740882,-0.03130655595493703,0.0027567849923930575,0.000245,0.0025117849923930575,0.35,0.35,99837.20178032268,98421.53864254443,24.05286135125719,-0.037256825260683635,0.007953386695280432,2.0182385552960825e-05,0.00793320430972747,0.028831979361372606,0.9320884594375265,97708.37495977638,97529.17119825841,1.9528787496707105,-0.04620250863458564,0.00793320430972747,97529.17119825841
2022-03-25,-0.0035494966534869387,0.00049,-0.004039496653486938,0.7,0.35,99122.32477250544,97481.85393011861,47.959842047209584,-0.03521958988041174,0.0035494966534869387,0.00049,0.0030594966534869387,0.7,0.35,100191.57359393545,98722.65901065234,48.22655393484677,-0.03431131573940127,-0.0032526433781031264,1.257751495310962e-05,-0.0032652208930562363,0.017967878504442314,0.9209468354629382,97390.56446097825,97210.7169107794,1.2266746091104832,-0.04931686813113656,-0.0032652208930562363,97210.7169107794
2022-03-28,0.0,0.000245,-0.000245,0.35,0.0,99122.32477250544,97457.97087590572,23.88305421287906,-0.03545596108089111,0.0,0.000245,-0.000245,0.35,0.0,100191.57359393545,98698.47195919472,24.187051457609822,-0.03454790946704511,-0.011216293130572472,1.4247639914441556e-05,-0.011230540770486913,0.02035377130634508,0.9147655651549891,96298.203341832,96118.98799118464,1.3850232903694994,-0.05999355380340399,-0.011230540770486913,96118.98799118464
2022-03-29,-0.0035374627174954596,0.000245,-0.0037824627174954596,0.35,0.35,98771.68324415124,97089.33973454486,23.877202864596903,-0.039104312947485065,-0.0035374627174954596,0.000245,-0.0037824627174954596,0.35,0.35,99837.1496377397,98325.1486687353,24.181125630002708,-0.03819969600501405,4.788990500199366e-06,3.70740829120893e-05,-3.2285092411889935e-05,0.052962975588699,0.9677285407436882,96298.66451301299,96115.8847807748,3.563523330211295,-0.06002390199838736,-3.2285092411889935e-05,96115.8847807748
2022-03-30,0.0,0.000245,-0.000245,0.35,0.0,98771.68324415124,97065.55284630989,23.78688823496349,-0.03933973239081301,0.0,0.000245,-0.000245,0.35,0.0,99837.1496377397,98301.05900731146,24.08966142384015,-0.03843533707949287,-0.0070007828889900965,4.929094406486806e-06,-0.007005711983396583,0.007041563437838294,0.962439005035229,95624.49847025769,95442.52457497135,0.47376427004744737,-0.0666091038122637,-0.007005711983396583,95442.52457497135
2022-03-31,0.0006026964172614945,0.00049,0.00011269641726149447,0.7,0.7,98831.21258376936,97076.49178635518,47.562120894691844,-0.03923146942044786,0.0028359583445188626,0.00049,0.0023459583445188626,0.7,0.7,100120.28363534782,98531.66919696469,48.16751891358261,-0.0361795464347201,-0.0018235361680829878,2.6518492649068302e-06,-0.0018261880173478947,0.0037883560927240434,0.9659782574146822,95450.12373874239,95268.2285802471,0.25309918863498987,-0.06831365108238341,-0.0018261880173478947,95268.2285802471
2022-04-01,-0.009352957671757882,0.0,-0.009352957671757882,0.0,0.7,97906.84843582485,96168.53946775464,0.0,-0.04821749681931553,-0.003546489105295808,0.0,-0.003546489105295808,0.0,0.7,99765.20814021594,98182.22770563106,0.0,-0.03959772517275062,-0.0027087030618082324,1.873608629782203e-06,-0.0027105766704380147,0.0026765837568317186,0.9633016736578506,95191.57769632128,95009.99674242354,0.17849537521201447,-0.0708390583639249,-0.0027105766704380147,95009.99674242354
2022-04-04,0.0,0.00049,-0.00049,0.7,0.0,97906.84843582485,96121.41688341544,47.122584339199776,-0.04868387024587406,0.0,0.00049,-0.00049,0.7,0.0,99765.20814021594,98134.1184140553,48.109291575759215,-0.04006832228741597,0.007331419489995598,1.970278843653528e-05,0.007311716701559063,0.028146840623621827,0.9630118321600217,95889.46708432752,95704.68292242018,1.871961865171877,-0.06404529678852822,0.007311716701559063,95704.68292242018
2022-04-05,-0.006645533904752471,0.00049,-0.007135533904752471,0.7,0.7,97256.20515503713,95435.53925427099,47.099494272873564,-0.05547201874387253,-0.004002090886770176,0.00049,-0.004492090886770176,0.7,0.7,99365.93870990125,97693.29103504629,48.08571802288709,-0.044380422628790606,-0.004428493656318,1.9291293321267095e-05,-0.004447784949639267,0.027558990458952992,0.9905708226189748,95464.82118763687,95279.00907410785,1.8462671104752695,-0.06820822203101617,-0.004447784949639267,95279.00907410785
2022-04-06,-0.0042790012574937366,0.0,-0.0042790012574937366,0.0,0.7,96840.04573087965,95027.17046179237,0.0,-0.059513655163405565,-0.004207349422637024,0.0,-0.004207349422637024,0.0,0.7,98947.87148504036,97282.26122341448,0.0,-0.048401048105904065,-0.002816238144406281,5.411487175734686e-06,-0.0028216496315820157,0.007730695965335266,0.9828401266536395,95195.96951675933,95010.16509325638,0.5156011357212434,-0.07083741195803361,-0.0028216496315820157,95010.16509325638
2022-04-07,-0.0020162980004515604,0.00049,-0.0025062980004515603,0.7,0.7,96644.78734030885,94789.00405447542,46.56331352627826,-0.06187079420892139,-0.0020162980004515604,0.0,-0.0020162980004515604,0.0,0.7,98748.36308961615,97086.1111946303,0.0,-0.050319755169839886,0.004241763471246162,1.757177530568399e-06,0.004240006293715594,0.002510253615097713,0.9853503802687371,95599.76830286538,95413.00879121874,0.16694972727746415,-0.06689775673685061,0.004240006293715594,95413.00879121874
2022-04-08,-0.0018743493560510693,0.000245,-0.0021193493560510692,0.35,0.35,96463.64124539185,94588.11303977184,23.223305993346475,-0.06385901773710745,-0.0018743493560510693,0.000245,-0.0021193493560510692,0.35,0.35,98563.27415884803,96880.35180738845,23.786097242684423,-0.05233245938517528,0.007981372381622052,3.0095070579606818e-05,0.007951277311042445,0.042992957970866885,0.9992764096763042,96362.78565328734,96171.66408319864,2.871461233784374,-0.05947840204110966,0.007951277311042445,96171.66408319864
2022-04-11,-0.006515121639614218,0.0007349999999999999,-0.0072501216396142175,1.0499999999999998,0.7,95835.16888887802,93902.3377145719,69.52226308423229,-0.07064615373034155,-0.006515121639614218,0.0007349999999999999,-0.0072501216396142175,1.0499999999999998,0.7,97921.12243850448,96177.95747229626,71.20705857843049,-0.059203164328546776,-0.005178596492839566,9.21140810713622e-06,-0.005187807900946702,0.01315915443876603,0.986117255237538,95863.76166946298,95672.74396442063,0.8858764462127572,-0.06435764741801187,-0.005187807900946702,95672.74396442063
2022-04-12,0.0009783390007057635,0.000245,0.0007333390007057635,0.35,0.35,95928.92817224123,93971.19996107544,23.006072740070113,-0.06996462230941602,0.0009783390007057635,0.000245,0.0007333390007057635,0.35,0.35,98016.92249157894,96248.48851951893,23.563599580712584,-0.05851324131720825,-0.0003055354184403488,1.530434243646207e-05,-0.00032083976087681084,0.021863346337802958,0.97745358732909,95834.47189492804,95642.04834412466,1.4642084354674532,-0.0646578386866804,-0.00032083976087681084,95642.04834412466
2022-04-13,0.0032235963419247615,0.00049,0.0027335963419247615,0.7,0.35,96238.16431418202,94228.07928953532,46.04588798092696,-0.06742228100310033,0.0032235963419247615,0.00049,0.0027335963419247615,0.7,0.35,98332.88948436952,96511.59303565168,47.16175937456427,-0.05593959655770231,-0.0036670990862229594,3.2089724668600328e-06,-0.0036703080586898192,0.004584246381228618,0.9801700658714778,95483.03739061348,95291.01256333762,0.3069126998103922,-0.06809083255898107,-0.0036703080586898192,95291.01256333762
2022-04-14,0.003753985886468863,0.00049,0.0032639858864688632,0.7,0.35,96599.44102475712,94535.63841044545,46.171758851872305,-0.06437836049025902,-0.003753985886468863,0.00049,-0.004243985886468863,0.7,0.35,97963.74920506949,96101.99919692775,47.29068058746932,-0.05994617558588544,-0.00024698340835879,2.5117645367373786e-05,-0.00027210105372616383,0.035882350524819695,0.9442877153466581,95459.45466459829,95265.0837784085,2.3934858602638744,-0.0683444060254188,-0.00027210105372616383,95265.0837784085
2022-04-15,0.00047171246300728437,0.00049,-1.8287536992715617e-05,0.7,0.35,96645.00818500805,94533.90958646088,46.322462821118265,-0.06439547070560281,-0.00047171246300728437,0.00049,-0.0009617124630072844,0.7,0.35,97917.53848364654,96009.57670658015,47.089979606494595,-0.060850237064722146,0.0023942118098104854,2.6555778429810915e-05,0.0023676560313806746,0.03793682632830131,0.9063508890183568,95688.00481831434,95490.63872859644,2.52983845691679,-0.06613856603917523,0.0023676560313806746,95490.63872859644
2022-04-18,0.0,0.000245,-0.000245,0.35,0.0,96645.00818500805,94510.7487786122,23.160807848682914,-0.06462469381528002,0.0,0.000245,-0.000245,0.35,0.0,97917.53848364654,95986.05436028703,23.522346293112136,-0.06108032875664138,0.005155033254839782,7.411421914682681e-06,0.005147621832925099,0.01058774559240383,0.8989152871572372,96181.27966524202,95982.18842535574,0.7077214125201664,-0.061331400532791736,0.005147621832925099,95982.18842535574
2022-04-19,-0.0022746439191407286,0.000245,-0.0025196439191407286,0.35,0.35,96425.17520482471,94272.61534515873,23.155133450759987,-0.06698150651762269,0.0022746439191407286,0.000245,0.0020296439191407286,0.35,0.35,98140.2660171356,96180.8718718417,23.51658331827032,-0.05917465615534068,-0.0016137756897477312,7.235429236220453e-06,-0.0016210111189839517,0.010336327480314933,0.9042614473392615,96026.06465430943,95826.60023069383,0.6944723322892392,-0.06285299276956913,-0.0016210111189839517,95826.60023069383
2022-04-20,0.0030747412056682075,0.000245,0.0028297412056682075,0.35,0.7,96721.65766429076,94539.38244936703,23.096790759563888,-0.06434130564096519,-0.0030747412056682075,0.000245,-0.0033197412056682075,0.35,0.7,97838.51009727748,95861.57626829165,23.564313608601214,-0.062297952816638746,-0.0031643371943550604,4.736570529245449e-06,-0.0031690737648843057,0.006766529327493498,0.9071138724379969,95722.20580629626,95522.91866592468,0.4538894505704895,-0.06582288076402298,-0.0031690737648843057,95522.91866592468
2022-04-21,0.0045897131244848725,0.0007349999999999999,0.0038547131244848726,1.0499999999999998,0.35,97165.5823258945,94903.8046476753,69.48644610028475,-0.060734609791781136,0.0045897131244848725,0.000245,0.004344713124484872,0.35,0.35,98287.560791151,96278.06731683831,23.486086185731455,-0.058223906425384886,0.007874939406935608,1.0472735469910616e-05,0.007864466671465698,0.01496105067130088,0.9099034634250455,96476.01237691905,96274.15547613398,1.0003862585020162,-0.058476075944545625,0.007864466671465698,96274.15547613398
2022-04-22,-0.00026749474154731385,0.00049,-0.0007574947415473138,0.7,0.35,97139.59104356293,94831.91551470185,46.50286427736089,-0.06144609838578119,0.00026749474154731385,0.0,0.00026749474154731385,0.0,0.35,98313.85219682215,96303.8211935719,0.0,-0.057971986272638665,0.0004925366914536274,1.6509591797295912e-05,0.00047602709965633154,0.02358513113899416,0.8863183322860513,96523.53035285982,96319.98458313716,1.5894470075403728,-0.058027885041720295,0.00047602709965633154,96319.98458313716
2022-04-25,-0.004796318319601744,0.0,-0.004796318319601744,0.0,0.35,96673.67864348207,94377.07146103577,0.0,-0.0659477016580271,0.004796318319601744,0.0,0.004796318319601744,0.0,0.35,98785.39672718439,96765.7249754103,0.0,-0.0534537200528199,-0.0025078009911622054,7.2060830376997895e-06,-0.002515007074199905,0.010294404339571128,0.8817143252962208,96281.46854777045,96077.73914052374,0.69408980709605,-0.060396951574539504,-0.002515007074199905,96077.73914052374
2022-04-26,0.0,0.000245,-0.000245,0.35,0.0,96673.67864348207,94353.9490785278,23.122382507953763,-0.06617654447112098,0.0,0.000245,-0.000245,0.35,0.0,98785.39672718439,96742.0173727913,23.70760261897552,-0.053685623891407075,0.00413033551906012,2.4106717342969384e-05,0.004106228801717151,0.034438167632813405,0.9069159454247376,96679.14331714057,96472.25632018643,2.3161189004121523,-0.05653872647491365,0.004106228801717151,96472.25632018643
2022-04-27,0.0,0.0,0.0,0.0,0.0,96673.67864348207,94353.9490785278,0.0,-0.06617654447112098,0.0,0.0,0.0,0.0,0.0,98785.39672718439,96742.0173727913,0.0,-0.053685623891407075,-0.003285536189084224,1.6142134976706673e-05,-0.0033016783240609306,0.023060192823866676,0.8933046345010666,96361.50049304243,96153.7359626208,1.5572681830278927,-0.05965373211130243,-0.0033016783240609306,96153.7359626208
2022-04-28,0.0030858661425873122,0.00049,0.0025958661425873122,0.7,0.7,96972.00067528735,94598.87930036017,46.23343504847862,-0.06375246377975952,-0.007882823021308327,0.00049,-0.008372823021308328,0.7,0.7,98006.68892769427,95932.01358260459,47.40358851266774,-0.06160894668508421,-0.002040434087659814,1.6319363127245904e-05,-0.00205675345078706,0.02331337589606558,0.869991258605001,96164.88120269837,95955.97143437363,1.5691677332153324,-0.06158779254271718,-0.00205675345078706,95955.97143437363
2022-04-29,-0.000704831475895922,0.0002273692767071785,-0.0009322007526031005,0.3248132524388264,0.9114436882136047,96903.6517569308,94510.69415388096,21.508878763832573,-0.0646252344376469,-0.00893544155398203,0.0002273692767071785,-0.009162810830689207,0.3248132524388264,0.9114436882136047,97130.95588688155,95053.00668954008,21.81199254134003,-0.07020724639181986,-0.00893544155398203,2.9016700726022577e-05,-0.008964458254708051,0.04145242960860368,0.9114436882136047,95305.60552716603,95095.77813416022,2.784325705985991,-0.07000014960217649,-0.008964458254708051,95095.77813416022
2022-05-02,0.007586046915035027,0.0007173692767071784,0.006868677638327848,1.0248132524388263,0.7,97638.76740539711,95159.85764539856,67.79906830626294,-0.05820044670197266,0.007586046915035027,0.0002273692767071785,0.007358677638327848,0.3248132524388264,0.7,97867.79587514164,95752.47112432223,21.61213337984333,-0.06336520124756406,0.009629285050236393,1.4275677035180422e-05,0.009615009373201212,0.020393824335972033,0.9318375125495767,96223.3303696725,96010.12493227204,1.3575566160524437,-0.061058192323525606,0.009615009373201212,96010.12493227204
2022-05-03,0.0,0.00049,-0.00049,0.7,0.0,97638.76740539711,95113.22931515232,46.62833024624529,-0.0586619284830886,0.0,0.00049,-0.00049,0.7,0.0,97867.79587514164,95705.5524134713,46.91871085091789,-0.06382415229895277,-0.007233240798182303,7.63071595023596e-06,-0.00724087151413254,0.010901022786051373,0.9209364897635254,95527.32385070561,95314.92795358165,0.7326259917048356,-0.06785694931215835,-0.00724087151413254,95314.92795358165
2022-05-04,0.0,0.0,0.0,0.0,0.0,97638.76740539711,95113.22931515232,0.0,-0.0586619284830886,0.0,0.0,0.0,0.0,0.0,97867.79587514164,95705.5524134713,0.0,-0.06382415229895277,-0.0015557348818864632,1.439667172960672e-05,-0.0015701315536160699,0.02056667389943817,0.937381788884502,95378.7086608178,95165.27097767108,1.3722177286788302,-0.06932053652852721,-0.0015701315536160699,95165.27097767108
2022-05-05,0.0,0.0,0.0,0.0,0.0,97638.76740539711,95113.22931515232,0.0,-0.0586619284830886,0.0,0.0,0.0,0.0,0.0,97867.79587514164,95705.5524134713,0.0,-0.06382415229895277,-0.005484783650504779,5.5621938148715525e-06,-0.005490345844319651,0.007945991164102217,0.9386074824475394,94855.5770789487,94642.78072763528,0.5293276816225774,-0.07443028865319146,-0.005490345844319651,94642.78072763528
2022-05-06,0.0006727436605722558,0.000245,0.0004277436605722558,0.35,0.35,97704.45326719517,95153.91339602842,23.30274118221232,-0.05825927709054202,-0.0006727436605722558,0.000245,-0.0009177436605722558,0.35,0.35,97801.95593589246,95617.71924946227,23.44786034130047,-0.06468332174836133,0.00137429126428408,2.4423304080166937e-05,0.0013498679602039132,0.03489043440023848,0.9473661854204108,94985.9362698969,94770.53598500413,2.3114894127035996,-0.07318089175490916,0.0013498679602039132,94770.53598500413
2022-05-09,0.0011009647047467985,0.00049,0.0006109647047467985,0.7,0.35,97812.02242173895,95212.04907863193,46.625417564053926,-0.057683906747821645,0.0011009647047467985,0.00049,0.0006109647047467985,0.7,0.35,97909.63243743309,95676.13830107207,46.85268243223651,-0.06411187627018866,-0.0015304094226752272,7.471096190405379e-06,-0.0015378805188656327,0.010672994557721971,0.9580391799781328,94840.56889800783,94624.79022395033,0.7080397903602402,-0.07460622880599166,-0.0015378805188656327,94624.79022395033
2022-05-10,-0.0007729213521744826,0.00049,-0.0012629213521744825,0.7,0.35,97736.42142110983,95091.80374886624,46.65390404852964,-0.05887397786248749,0.0007729213521744826,0.0,0.0007729213521744826,0.0,0.35,97985.30888292754,95750.08843125858,0.0,-0.0633885083561112,-0.0003742202016483535,1.7518795997341575e-05,-0.00039173899764569504,0.025026851424773677,0.9657289714154927,94805.07764119038,94587.72200347557,1.6577123962246272,-0.07496874163434675,-0.00039173899764569504,94587.72200347557
2022-05-11,0.003675761455347903,0.00049,0.003185761455347903,0.7,0.35,98095.67719175319,95394.74355196887,46.59498383694446,-0.05587577485653705,0.003675761455347903,0.0,0.003675761455347903,0.0,0.35,98345.47950450977,96102.04291566036,0.0,-0.059945747936490656,0.007765974060027189,2.3139841408792662e-06,0.00776366007588631,0.003305691629827523,0.9624232797856652,95541.33141491072,95322.06892446299,0.2188744886379393,-0.06778711338482646,0.00776366007588631,95322.06892446299
2022-05-12,0.002498874004994628,0.00049,0.002008874004994628,0.7,0.35,98340.80592949002,95586.37957250356,46.74342434046475,-0.053979148243160524,-0.002498874004994628,0.0,-0.002498874004994628,0.0,0.35,98099.72654226722,95861.89601879155,0.0,-0.06229482507025674,-0.0010908162484027355,1.0792815256407345e-05,-0.001101609063659143,0.01541830750915335,0.965216659201093,95437.11337820931,95217.06126936905,1.0287934797602567,-0.06881404754998166,-0.001101609063659143,95217.06126936905
2022-05-13,0.005890610611656937,0.0007349999999999999,0.0051556106116569375,1.0499999999999998,0.7,98920.09332445716,96079.18572535743,70.2559889857901,-0.04910183310099425,-0.005138861537389954,0.000245,-0.005383861537389954,0.35,0.7,97595.60563071069,95345.7888439147,23.48616452460393,-0.06734329989497256,-0.012184806526608746,2.4605549031705088e-06,-0.012187267081511917,0.0035150784331007268,0.9687317376341937,94274.23061623781,94056.62551296256,0.23428680697183277,-0.08016265945504208,-0.012187267081511917,94056.62551296256
2022-05-16,0.0,0.00049,-0.00049,0.7,0.0,98920.09332445716,96032.106924352,47.078801005425134,-0.04956777320277472,0.0,0.00049,-0.00049,0.7,0.0,97595.60563071069,95299.06940738119,46.719436533518206,-0.06780030167802398,-0.007399934154536016,1.2703885353380195e-05,-0.0074126380398893965,0.018148407647685993,0.9505833299865077,93576.6075172081,93359.41779278155,1.1948845872424911,-0.08698108071607635,-0.0074126380398893965,93359.41779278155
2022-05-17,-0.006581623818313348,0.000245,-0.006826623818313348,0.35,0.35,98269.03848212314,95376.5318558994,23.52786619646624,-0.05605601647992131,-0.006581623818313348,0.000245,-0.006826623818313348,0.35,0.35,96953.26806812888,94648.49851030167,23.34827200480839,-0.07416407834201322,-0.015744825613878924,5.555984085393268e-06,-0.015750381597964318,0.007937120121990382,0.9585204501084982,92103.26015031128,91888.97133678147,0.5187034394782754,-0.101361477100959,-0.015750381597964318,91888.97133678147
2022-05-18,0.0,0.000245,-0.000245,0.35,0.0,98269.03848212314,95353.1646055947,23.367250304695354,-0.056287282755883794,0.0,0.000245,-0.000245,0.35,0.0,96953.26806812888,94625.30962816664,23.188882135023906,-0.07439090814281957,-0.00014594406373155422,8.783136926647025e-06,-0.00015472720065820125,0.012547338466638608,0.9459731116418595,92089.81822624202,91874.75361347516,0.8070734172996954,-0.10150052092401096,-0.00015472720065820125,91874.75361347516
2022-05-19,-0.0016648069632757998,0.000245,-0.0019098069632757998,0.35,0.35,98105.43950258369,95171.05846786055,23.361525328370703,-0.05808959187460849,0.0016648069632757998,0.000245,0.0014198069632757999,0.35,0.35,97114.67654392106,94759.65930167884,23.183200858900825,-0.07307672190892933,0.007138934064395696,2.5290908180267273e-06,0.007136404973577669,0.003612986882895325,0.9495860985247548,92747.24136656134,92530.40906210858,0.23235959577230791,-0.0950884647727761,0.007136404973577669,92530.40906210858
2022-05-20,-0.004261572533780395,0.0007349999999999999,-0.004996572533780394,1.0499999999999998,0.7,97687.35605618503,94695.52937110924,69.95072797387749,-0.06279591554912967,-0.004261572533780395,0.0007349999999999999,-0.004996572533780394,1.0499999999999998,0.7,96700.8153057345,94286.18579070168,69.64834958673393,-0.07770816130116087,-0.003717691152690602,6.6551086637856694e-06,-0.0037243462613543877,0.009507298091122385,0.9568950583298597,92402.43576789642,92185.79377905652,0.6157999270128708,-0.09845866866585617,-0.0037243462613543877,92185.79377905652
2022-05-23,0.0,0.00049,-0.00049,0.7,0.0,97687.35605618503,94649.1285617174,46.400809391843524,-0.0632551455505106,0.0,0.00049,-0.00049,0.7,0.0,96700.8153057345,94239.98555966424,46.20023103744382,-0.07816008430212318,0.0046135132951000465,1.3323140078532552e-05,0.0046001901550215135,0.019033057255046504,0.9514230627261409,92828.73563381123,92609.86596003176,1.2282042437690848,-0.09431140710910801,0.0046001901550215135,92609.86596003176
2022-05-24,0.0012272245575522924,0.00049,0.0007372245575522924,0.7,0.7,97807.24037849953,94718.90622364402,46.378072995241524,-0.06256455423964968,0.0012272245575522924,0.00049,0.0007372245575522924,0.7,0.7,96819.48892101303,94309.4615913222,46.177592924235476,-0.07748048127813889,-0.0021985822588229424,1.611682793508712e-05,-0.0022146990867580297,0.023024039907267313,0.9541265169081978,92624.64402253777,92404.76297446531,1.4925772747693136,-0.0963172348086705,-0.0022146990867580297,92404.76297446531
2022-05-25,0.0,0.00049,-0.00049,0.7,0.0,97807.24037849953,94672.49395959445,46.412264049585566,-0.06302389760807214,0.0,0.00049,-0.00049,0.7,0.0,96819.48892101303,94263.24995514244,46.21163617974787,-0.07793251584231264,-0.003594513952839161,1.03694150876957e-05,-0.0036048833679268566,0.01481345012527957,0.9565979505268724,92291.703447222,92071.65458130144,0.9581833433623655,-0.0995749057787908,-0.0036048833679268566,92071.65458130144
2022-05-26,-0.00017376732552303875,0.000245,-0.00041876732552303877,0.35,0.35,97790.24467592216,94632.84821249839,23.19476102010064,-0.06341627258454985,-0.00017376732552303875,0.000245,-0.00041876732552303877,0.35,0.35,96802.66485736473,94223.77558606362,23.094496239009896,-0.078318647576605,0.0026633052093665687,6.944850741952974e-06,0.0026563603586246157,0.009921215345647105,0.9515540065601265,92537.50442179429,92316.2300746842,0.6394238986317893,-0.09718305225259072,0.0026563603586246157,92316.2300746842
2022-05-27,0.0001820996164102473,0.000245,-6.290038358975269e-05,0.35,0.7,97808.05224196633,94626.89577004562,23.185047812062106,-0.06347518406026831,0.0005121470106690173,0.000245,0.00026714701066901734,0.35,0.7,96852.24205279622,94248.94718604538,23.084825018585587,-0.07807242315851581,0.0006470855669399526,1.2640253097164411e-05,0.0006344453138427882,0.018057504424520587,0.9616890022434199,92597.3841053063,92374.7996742467,1.1669005131200691,-0.09661026427083463,0.0006344453138427882,92374.7996742467
2022-05-30,-0.00269263052684367,0.000245,-0.00293763052684367,0.35,0.35,97544.69129472849,94348.91691237109,23.18358946366118,-0.0662263479487194,-0.00269263052684367,0.000245,-0.00293763052684367,0.35,0.35,96591.45474925161,93972.07860166878,23.090992060581115,-0.08078070575178431,-0.005213262095528785,3.917135837935387e-06,-0.005217179231366721,0.005595908339907696,0.9560930939035122,92114.64967260498,91892.86378788455,0.36184463832609387,-0.10132341043791082,-0.005217179231366721,91892.86378788455
2022-05-31,-0.000841194463679451,0.00049,-0.0013311944636794511,0.7,0.35,97462.63724045004,94223.32015652319,46.23096928706183,-0.06746938226465982,0.000841194463679451,0.00049,0.00035119446367945105,0.7,0.35,96672.70694622543,94005.08107541413,46.0463185148177,-0.08045788102473717,-0.0035174198180793594,1.56181182904563e-05,-0.0035330379363698156,0.022311597557794716,0.9337814963457175,91790.64377831112,91568.20281404028,1.435193616687969,-0.10449846892136117,-0.0035330379363698156,91568.20281404028
2022-06-01,0.0,0.000245,-0.000245,0.35,0.0,97462.63724045004,94200.23544308484,23.08471343834818,-0.067697852266005,0.0,0.000245,-0.000245,0.35,0.0,96672.70694622543,93982.04983055063,23.03124486347646,-0.08068316884388627,-0.0061697473191896675,8.014216994091395e-06,-0.006177761536183759,0.011448881420130563,0.9223326149255869,91224.3186999332,91002.51629275824,0.7338474471106892,-0.1100306638356523,-0.006177761536183759,91002.51629275824
2022-06-02,0.0,0.0,0.0,0.0,0.0,97462.63724045004,94200.23544308484,0.0,-0.067697852266005,0.0,0.0,0.0,0.0,0.0,96672.70694622543,93982.04983055063,0.0,-0.08068316884388627,-0.006284674354811982,3.982263501666129e-05,-0.006324496989828643,0.056889478595230414,0.9792220935208173,90651.00356366453,90426.97115239786,3.6239599919242838,-0.11565927222326355,-0.006324496989828643,90426.97115239786
2022-06-03,0.0,0.0,0.0,0.0,0.0,97462.63724045004,94200.23544308484,0.0,-0.067697852266005,0.0,0.0,0.0,0.0,0.0,96672.70694622543,93982.04983055063,0.0,-0.08068316884388627,0.0009724296853649536,7.828103787423902e-06,0.0009646015815775297,0.011183005410605573,0.9754786890891449,90739.15529053798,90514.19715178874,0.7078717153633576,-0.1148062357585965,0.0009646015815775297,90514.19715178874
2022-06-06,0.003195579887471861,0.000245,0.002950579887471861,0.35,0.35,97774.0868837956,94478.18076317832,23.079057683555785,-0.06494702029985422,-0.003195579887471861,0.000245,-0.003440579887471861,0.35,0.35,96363.7815882406,93658.69708012028,23.025602208484905,-0.08384615184337607,-0.00985297708927749,4.877481630141733e-06,-0.009857854570907633,0.006967830900202476,0.9824465199893475,89845.10447235992,89621.92135966395,0.44148133387487676,-0.12353234715356265,-0.009857854570907633,89621.92135966395
2022-06-07,-0.0026160992251486603,0.00049,-0.0031060992251486603,0.7,0.35,97518.30017085928,94184.72215911634,46.29430857395737,-0.06785138763557397,-0.0026160992251486603,0.00049,-0.0031060992251486603,0.7,0.35,96111.68437389522,93367.78387369128,45.89276156925894,-0.08669181660125247,0.007249704199742107,8.216795159731454e-06,0.007241487404582375,0.011738278799616364,0.9723817118909659,90496.45490357946,90270.91737436442,0.7364049696339198,-0.11718541768495128,0.007241487404582375,90270.91737436442
2022-06-08,0.0010494443622715787,0.0,0.0010494443622715787,0.0,0.35,97620.64020119188,94283.56378479833,0.0,-0.06687314952952894,0.0010494443622715787,0.0,0.0010494443622715787,0.0,0.35,96212.54823920982,93465.76816809531,0.0,-0.08573335047716824,0.00015267765740124026,1.7482681616200246e-05,0.00013519497578504,0.024975259451714638,0.9823217525722521,90510.27169031725,90283.12154885296,1.5781777076583323,-0.11706606558887234,0.00013519497578504,90283.12154885296
2022-06-09,0.0,0.000245,-0.000245,0.35,0.0,97620.64020119188,94260.46431167105,23.09947312727559,-0.06710176560789427,0.0,0.000245,-0.000245,0.35,0.0,96212.54823920982,93442.86905489412,22.89911320118335,-0.08595734580630132,0.0029736836771920693,8.265760582702159e-06,0.002965417916609367,0.011808229403860226,0.9941299819761124,90779.42060786097,90550.84873506136,0.7462586673818167,-0.11444779748058709,0.002965417916609367,90550.84873506136
2022-06-10,0.0002287771742160993,0.000245,-1.6222825783900687e-05,0.35,0.35,97642.97357540225,94258.93514058022,23.093813756359406,-0.06711689985342484,0.0002287771742160993,0.000245,-1.6222825783900687e-05,0.35,0.35,96234.5594741201,93441.3531475087,22.89350291844906,-0.08597217416103942,0.0019133438915781987,8.046605410385493e-06,0.0019052972861678132,0.01149515058626499,0.9889220913420091,90953.11285776203,90723.37502141645,0.7286269493465432,-0.11276055727236711,0.0019052972861678132,90723.37502141645
2022-06-13,0.0,0.000245,-0.000245,0.35,0.0,97642.97357540225,94235.84170147077,23.09343910944215,-0.06734545621296084,0.0,0.000245,-0.000245,0.35,0.0,96234.5594741201,93418.46001598754,22.89313152113963,-0.0861961109783701,0.0020682326565313273,3.549279063569356e-05,0.002032739865895634,0.05070398662241937,0.9862333076334985,91141.22505598763,90907.7920425911,3.2200257553986447,-0.11095703028653936,0.002032739865895634,90907.7920425911
2022-06-14,0.0,0.0,0.0,0.0,0.0,97642.97357540225,94235.84170147077,0.0,-0.06734545621296084,0.0,0.0,0.0,0.0,0.0,96234.5594741201,93418.46001598754,0.0,-0.0861961109783701,-0.0023923063139583,1.5121877298719488e-05,-0.00240742819125702,0.021602681855313555,0.9940344185435519,90923.1873278243,90688.93806122283,1.3746964767655705,-0.11309733739506656,-0.00240742819125702,90688.93806122283
2022-06-15,-0.004101528818941003,0.000245,-0.004346528818941002,0.35,0.35,97242.48810531566,93826.24289973815,23.087781216860336,-0.07139926606564762,0.004101528818941003,0.000245,0.003856528818941003,0.35,0.35,96629.2682931813,93778.73099926028,22.887522703916947,-0.08267199994549779,0.0033613805227078594,6.790315940765571e-05,0.0032934773633002037,0.09700451343950817,0.9673498234891937,91228.81475877058,90987.6200258292,6.158065417682229,-0.11017634355232653,0.0032934773633002037,90987.6200258292
2022-06-16,-0.004509569334906094,0.00049,-0.004999569334906094,0.7,0.35,96803.96636290595,93357.15209292718,45.97485902087169,-0.07604186981939698,0.004509569334906094,0.00049,0.004019569334906094,0.7,0.35,97065.02467833064,94155.68111065132,45.95157818963754,-0.078984736446428,0.0039013212062259917,1.4176369554616153e-05,0.0038871448366713753,0.020251956506594504,0.9514444768378604,91584.72766840782,91341.30208321361,1.289874126381148,-0.10671747012061794,0.0038871448366713753,91341.30208321361
2022-06-17,0.0,0.000245,-0.000245,0.35,0.0,96803.96636290595,93334.2795906644,22.87250226276716,-0.07626823956129136,0.0,0.000245,-0.000245,0.35,0.0,97065.02467833064,94132.61296877921,23.06814187210957,-0.07921038518599854,0.007157745252746132,3.06349690328666e-05,0.007127110283713265,0.04376424147552371,0.9581990509015128,92240.2678181004,91992.30161661863,2.7982379607409626,-0.10035094701565339,0.007127110283713265,91992.30161661863
2022-06-20,0.0,0.0,0.0,0.0,0.0,96803.96636290595,93334.2795906644,0.0,-0.07626823956129136,0.0,0.0,0.0,0.0,0.0,97065.02467833064,94132.61296877921,0.0,-0.07921038518599854,-0.001656819843503229,8.60913903024751e-06,-0.0016654289825334765,0.012298770043210727,0.9576545267813603,92087.44231200933,91839.09497133634,0.7919745143299325,-0.10184924862260236,-0.0016654289825334765,91839.09497133634
2022-06-21,0.0,0.0,0.0,0.0,0.0,96803.96636290595,93334.2795906644,0.0,-0.07626823956129136,0.0,0.0,0.0,0.0,0.0,97065.02467833064,94132.61296877921,0.0,-0.07921038518599854,-0.003557239503993204,8.906546904556201e-06,-0.0035661460508977605,0.012723638435080287,0.94493088834628,91759.86522439535,91511.58334548629,0.8179692070341986,-0.10505218537773775,-0.0035661460508977605,91511.58334548629
2022-06-22,0.0,0.0,0.0,0.0,0.0,96803.96636290595,93334.2795906644,0.0,-0.07626823956129136,0.0,0.0,0.0,0.0,0.0,97065.02467833064,94132.61296877921,0.0,-0.07921038518599854,0.0029019176794563605,7.978518195063056e-06,0.0028939391612612976,0.011397883135804365,0.9335330052104756,92026.14479955456,91776.41230023882,0.7301268327809917,-0.1024622608497171,0.0028939391612612976,91776.41230023882
2022-06-23,-0.000562440661622432,0.000245,-0.000807440661622432,0.35,0.35,96749.5198760171,93258.91769819966,22.86689849971278,-0.07701409814510163,0.000562440661622432,0.000245,0.00031744066162243197,0.35,0.35,97119.61799503112,94162.49448772027,23.062490177350906,-0.07891808912145704,0.0005427634576118859,2.3990194721572717e-05,0.0005187732628903132,0.03427170674510388,0.9349607046026422,92076.09322809665,91824.02344910419,2.201734001930071,-0.10199664226821081,0.0005187732628903132,91824.02344910419
2022-06-24,-0.0011930378439355292,0.000245,-0.0014380378439355292,0.35,0.7,96634.09403742243,93124.80784526518,22.848434836058914,-0.07834138680138791,0.010105176062376587,0.000245,0.009860176062376587,0.35,0.7,98101.02883398165,95090.95326184174,23.069811149491464,-0.0698360593123244,0.006266140041990836,1.3454464059493242e-06,0.006264794595584887,0.0019220662942133204,0.9368827708968555,92653.05492278331,92399.282094953,0.12354430232940371,-0.09637083568587557,0.006264794595584887,92399.282094953
2022-06-27,0.0,0.00049,-0.00049,0.7,0.0,96634.09403742243,93079.176689421,45.631155844179936,-0.07879299952185526,0.0,0.00049,-0.00049,0.7,0.0,98101.02883398165,95044.35869474345,46.594567098302456,-0.07029183964326124,0.0032878225544188725,6.202992315569455e-06,0.003281619562103303,0.00886141759367065,0.9280213533031847,92957.68172649425,92702.5013866001,0.5731520367991279,-0.09340546854337539,0.003281619562103303,92702.5013866001
2022-06-28,-0.00023319621866644267,0.000245,-0.00047819621866644266,0.35,0.35,96611.55933209864,93034.66657909154,22.804398288908146,-0.07923351722609284,0.00023319621866644267,0.000245,-1.1803781333557324e-05,0.35,0.35,98123.90562295301,95043.23681191642,23.285867880212145,-0.07030281371509028,-0.0006343411554455267,9.701041405279171e-06,-0.0006440421968508059,0.013858630578970244,0.925416940316362,92898.71484326033,92642.79706395349,0.8993108043243573,-0.09398935367706773,-0.0006440421968508059,92642.79706395349
2022-06-29,-0.004365307502287302,0.0007349999999999999,-0.005100307502287301,1.0499999999999998,0.7,96189.82016733856,92560.1611711654,68.38047993563227,-0.08392970942603939,-0.004365307502287302,0.0007349999999999999,-0.005100307502287301,1.0499999999999998,0.7,97695.5646015834,94558.48707816293,69.85677905675855,-0.07504455524915465,-0.003608752941680498,1.4677551294029962e-05,-0.003623430492974528,0.020967930420042802,0.9305989382538434,92563.46633279137,92307.11232811751,1.3597694059285856,-0.09727222027991378,-0.003623430492974528,92307.11232811751
2022-06-30,0.002411708812212221,0.000245,0.002166708812212221,0.35,0.35,96421.80200428123,92760.71208803474,22.677239486935523,-0.08194485185484701,0.002411708812212221,0.000245,0.002166708812212221,0.35,0.35,97931.1778556471,94763.36778538463,23.166829334149917,-0.07304044613610938,0.000737166308781603,4.388584104276379e-05,0.0006932804677388392,0.0626940586325197,0.9319482589417238,92631.70100159595,92371.10704612797,4.0509752587483066,-0.09664637674254861,0.0006932804677388392,92371.10704612797
2022-07-01,-0.0015322710625729318,0.00049,-0.002022271062572932,0.7,0.35,96274.05766726893,92573.12478423545,45.45274892313702,-0.0838014082147871,0.0015322710625729318,0.00049,0.0010422710625729319,0.7,0.35,98081.23496559898,94862.1369014193,46.434050214838464,-0.0720743030169414,0.0049576409841529685,1.5935222681786916e-05,0.0049417057614711815,0.022764603831124164,0.9297088496972017,93090.93571891327,92827.57787801129,1.4719541601432258,-0.09218226893785142,0.0049417057614711815,92827.57787801129
2022-07-04,-0.0022016929987539284,0.000245,-0.0024466929987539284,0.35,0.7,96062.09174854126,92346.62676795309,22.680415572137683,-0.0860430648947762,0.0022016929987539284,0.000245,0.0019566929987539284,0.35,0.7,98297.17973393187,95047.75298054116,23.241223540847727,-0.07025863730229065,0.00023354933635880582,5.0874832275376536e-06,0.00022846185313126817,0.007267833182196648,0.9227926695082918,93112.67704517144,92848.78543847498,0.47225874550732777,-0.09197486721670767,0.00022846185313126817,92848.78543847498
2022-07-05,-0.00217358581589262,0.0007349999999999999,-0.00290858581589262,1.0499999999999998,0.35,95853.29254847165,92078.02867919029,67.8747706744455,-0.08870138707255992,-0.00217358581589262,0.000245,-0.00241858581589262,0.35,0.35,98083.52237831995,94817.87183334996,23.286699480232585,-0.07250729657456001,-0.0021414695308591414,1.6317784432741094e-05,-0.0021577873152918824,0.023311120618201564,0.9097086040929938,92913.27908434249,92648.43750701558,1.515086465626865,-0.09393419233019362,-0.0021577873152918824,92648.43750701558
2022-07-06,-0.001790582564588583,0.00049,-0.002280582564588583,0.7,0.35,95681.65931407597,91868.03713240284,45.11823405280324,-0.090779678800336,0.001790582564588583,0.00049,0.001300582564588583,0.7,0.35,98259.14902336399,94941.1903042678,46.460757198341476,-0.0713010157357018,0.0010704075822368815,4.268225038417395e-05,0.0010277253318527076,0.060974643405962786,0.848733960687031,93012.73416276487,92743.65465319811,3.954443807376932,-0.09300300554732577,0.0010277253318527076,92743.65465319811
2022-07-07,0.0057562389511329965,0.00049,0.0052662389511329965,0.7,0.35,96232.42580832868,92351.83616791364,45.01533819487739,-0.08599150732967253,-0.0057562389511329965,0.00049,-0.0062462389511329965,0.7,0.35,97693.54588245053,94348.16494332236,46.52118324909122,-0.07710189150509106,0.006077517090249444,9.766241802808507e-06,0.006067750848446636,0.013951774004012152,0.834782186683019,93578.02064424989,93306.4000424081,0.9057569570192991,-0.08749957376469697,0.006067750848446636,93306.4000424081
2022-07-08,-0.0030623763918545487,0.00049,-0.0035523763918545487,0.7,0.35,95937.72589940236,92023.76768536631,45.25239972227769,-0.08923840952098927,0.0030623763918545487,0.00049,0.0025723763918545487,0.7,0.35,97992.72029099749,94590.86393543737,46.230600822227956,-0.07472785019871142,0.0030646954531829682,6.128975729277714e-05,0.003003405695890191,0.08755679613253878,0.9223389828155577,93864.80877863619,93586.63701575846,5.718726612461963,-0.08475896478703981,0.003003405695890191,93586.63701575846
2022-07-11,0.0008707914367039769,0.000245,0.0006257914367039769,0.35,0.7,96021.2676495724,92081.35537115707,22.545823082914747,-0.08866846271678841,0.00729088012275888,0.000245,0.00704588012275888,0.35,0.7,98707.17346754219,95257.33982343467,23.174761664182157,-0.06820849355028413,0.007737015571021451,3.5036911762967027e-06,0.007733511879845154,0.0050052731089952895,0.927344255924553,94591.04226572746,94310.39038491459,0.3278986743313953,-0.07768093736829862,0.007733511879845154,94310.39038491459
2022-07-12,0.0,0.00049,-0.00049,0.7,0.0,96021.2676495724,92036.2355070252,45.11986413186696,-0.08911501517005738,0.0,0.00049,-0.00049,0.7,0.0,98707.17346754219,95210.66372692118,46.67609651348299,-0.06866507138844458,-0.011657317368126849,5.6247233136656195e-06,-0.011662942091440514,0.008035319019522313,0.930528613122807,93488.36446585397,93210.45376323418,0.530469851518935,-0.08843789118560386,-0.011662942091440514,93210.45376323418
2022-07-13,0.0,0.0,0.0,0.0,0.0,96021.2676495724,92036.2355070252,0.0,-0.08911501517005738,0.0,0.0,0.0,0.0,0.0,98707.17346754219,95210.66372692118,0.0,-0.06866507138844458,0.008562913553677963,3.8028448698472646e-05,0.00852488510497949,0.05432635528353236,0.9358829014649895,94288.89724904981,94005.06217214876,3.5446489590965076,-0.0806669289419083,0.00852488510497949,94005.06217214876
2022-07-14,-0.006567272869697332,0.00049,-0.007057272869697332,0.7,0.7,95390.66978362342,91386.7106791524,45.097755398442345,-0.09554337906091226,0.0007322711976470771,0.00049,0.00024227119764707716,0.7,0.7,98779.45388767363,95233.73052845107,46.653225226191374,-0.06843943575987932,-0.008315594355129952,9.715503001653625e-06,-0.008325309858131605,0.013879290002362321,0.9251380463932509,93504.82902733418,93222.4409013327,0.9133064637041469,-0.0883206616212946,-0.008325309858131605,93222.4409013327
2022-07-15,0.0,0.00049,-0.00049,0.7,0.0,95390.66978362342,91341.93119091961,44.77948823278467,-0.09598656280517248,0.0,0.00049,-0.00049,0.7,0.0,98779.45388767363,95187.06600049212,46.66452795894102,-0.06889590043635696,0.0008826984357591791,4.466539170317577e-05,0.0008380330440560033,0.06380770243310824,0.9889457488263593,93587.36559365256,93300.56438725557,4.163816838384179,-0.08755664421015019,0.0008380330440560033,93300.56438725557
2022-07-18,-0.0026635154143357263,0.000245,-0.0029085154143357263,0.35,0.35,95136.59526427093,91076.26177607563,22.378773141775305,-0.09861589982202024,0.0026635154143357263,0.000245,0.0024185154143357263,0.35,0.35,99042.55448572313,95417.2773868597,23.32083117012057,-0.06664401081921123,0.0003204663366255917,1.2779445067619094e-05,0.0003076868915579726,0.018256350096598706,0.9983893416810413,93617.35719385881,93329.27174789249,1.1923294373647908,-0.0872758973502844,0.0003076868915579726,93329.27174789249
2022-07-19,0.003530061045721877,0.00049,0.003040061045721877,0.7,0.35,95472.43325323594,91353.13917169106,44.62736827027705,-0.095875637131836,-0.003530061045721877,0.00049,-0.004020061045721877,0.7,0.35,98692.92822226428,95033.69410694795,46.75446591956125,-0.07039615887310802,0.0040491456718118966,5.59945429500518e-06,0.004043546217516891,0.00799922042143597,1.0000000000000002,93996.42751054678,93706.65297165228,0.5225929915384422,-0.0835852552573787,0.004043546217516891,93706.65297165228
2022-07-20,0.006339308103155105,0.0007349999999999999,0.005604308103155106,1.0499999999999998,0.7,96077.6624229861,91865.11030979962,67.14455729119291,-0.0908086456387539,-0.006339308103155105,0.0007349999999999999,-0.007074308103155105,1.0499999999999998,0.7,98067.28334266078,94361.39647465441,69.84976516860674,-0.07697246285911608,-0.012347927759758105,1.5565299025605673e-05,-0.01236349305878371,0.02223614146515096,0.9872245643768277,92835.76641397121,92548.1114180754,1.4585720741924282,-0.0949153425929713,-0.01236349305878371,92548.1114180754
2022-07-21,0.0,0.00049,-0.00049,0.7,0.0,96077.6624229861,91820.09640574783,45.013904051801816,-0.09125414940239096,0.0,0.00049,-0.00049,0.7,0.0,98067.28334266078,94315.15939038181,46.23708427258066,-0.07742474635231522,0.010670166418806108,1.3238795105630024e-05,0.010656927623700478,0.01891256443661432,0.9828510167233355,93826.33949122569,93534.38994316799,1.2252254844769186,-0.08526992090566288,0.010656927623700478,93534.38994316799
2022-07-22,0.0005113960289504948,0.000245,0.0002663960289504948,0.35,0.35,96126.79615802006,91844.55691480816,22.495923619408217,-0.09101206311646659,0.0005113960289504948,0.000245,0.0002663960289504948,0.35,0.35,98117.43456193218,94340.28457431323,23.107214050643545,-0.07717897596833567,-0.0014089923931348983,1.0739313525969101e-05,-0.0014197317066608674,0.015341876465670146,0.9957697697105006,93694.13889260686,93401.5962041025,1.0044951390599322,-0.08656859220198931,-0.0014197317066608674,93401.5962041025
2022-07-25,-0.002188605333250637,0.00049,-0.002678605333250637,0.7,0.35,95916.41253928033,91598.5415948261,45.00383288825599,-0.09344688305206339,0.002188605333250637,0.00049,0.0016986053332506369,0.7,0.35,98332.1749024993,94500.53148483155,46.226739441413486,-0.07561146725527967,-0.0008540971514256774,1.1459623409231235e-06,-0.0008552431137666005,0.001637089058461605,0.996555804130544,93614.1149954734,93321.71513213414,0.10703471183200963,-0.08734979812340671,-0.0008552431137666005,93321.71513213414
2022-07-26,0.0,0.000245,-0.000245,0.35,0.0,95916.41253928033,91576.09995213537,22.441642690732394,-0.0936689885657157,0.0,0.000245,-0.000245,0.35,0.0,98332.1749024993,94477.37885461777,23.152630213783727,-0.075837942445802,-0.002826939667384896,3.360587468611209e-06,-0.0028303002548535072,0.004800839240873156,0.9917549648896709,93349.47354036555,93057.58665801228,0.31361578642235505,-0.08993287222237023,-0.0028303002548535072,93057.58665801228
2022-07-27,-0.001986244196983933,0.000245,-0.002231244196983933,0.35,0.35,95725.89912147867,91371.77131053475,22.436144488273165,-0.09569123437552496,0.001986244196983933,0.000245,0.001741244196983933,0.35,0.35,98527.4866142762,94641.88704229462,23.146957819381353,-0.07422875062601308,0.0015976824502419635,3.042252372833404e-06,0.0015946401978691302,0.004346074818333434,0.989112659473525,93498.61635598032,93205.98002641383,0.283104663820488,-0.08848164259765678,0.0015946401978691302,93205.98002641383
2022-07-28,0.0,0.000245,-0.000245,0.35,0.0,95725.89912147867,91349.38522656367,22.386083971081014,-0.09591279002310293,0.0,0.000245,-0.000245,0.35,0.0,98527.4866142762,94618.69977996926,23.18726232536218,-0.07445556458210967,0.01531612342987605,2.9550675033440278e-06,0.015313168362372707,0.004221525004777182,0.9916642440941685,94930.65270461114,94633.25889093825,0.27542996269338804,-0.07452340852536132,0.015313168362372707,94633.25889093825
2022-07-29,0.0,0.0,0.0,0.0,0.0,95725.89912147867,91349.38522656367,0.0,-0.09591279002310293,0.0,0.0,0.0,0.0,0.0,98527.4866142762,94618.69977996926,0.0,-0.07445556458210967,-0.0035925479023965917,1.9961609228617384e-05,-0.003612509511625209,0.028516584612310547,0.9718059801004708,94589.60978736405,94291.39534307865,1.889032134011491,-0.07786670151484987,-0.003612509511625209,94291.39534307865
2022-08-01,-0.003701304160056362,0.00049,-0.004191304160056362,0.7,0.7,95371.5884528352,90966.51216824498,44.761198761016196,-0.0997020945073328,0.0037588297982775517,0.00049,0.0032688297982775517,0.7,0.7,98897.83466691134,94927.99220528429,46.36316289218494,-0.0714301173519859,0.005968469081646029,5.362956747393604e-06,0.005963106124898636,0.007661366781990864,0.9765976355314208,95154.16494882488,94853.66494017419,0.5056806748763215,-0.07236792279468018,0.005963106124898636,94853.66494017419
2022-08-02,-0.013237062882642191,0.00049,-0.01372706288264219,0.7,0.7,94109.14873926756,89717.80913549685,44.57359096244004,-0.11206054046914171,-0.013237062882642191,0.00049,-0.01372706288264219,0.7,0.7,97588.7178104683,93624.90968695939,46.514716180589296,-0.08417665452202272,-0.01008421306806437,1.577625823679732e-05,-0.010099989326301167,0.022537511766853313,0.9540601237645674,94194.61007516719,93895.64393671788,1.4964359128028362,-0.08173699687318858,-0.010099989326301167,93895.64393671788
2022-08-03,0.0,0.00049,-0.00049,0.7,0.0,94109.14873926756,89673.84740902045,43.96172647639345,-0.11249563080431191,0.0,0.00049,-0.00049,0.7,0.0,97588.7178104683,93579.03348121278,45.876205746610104,-0.08462540796130691,-0.004173632527084569,1.7021904577106323e-05,-0.004190654431661675,0.024317006538723318,0.9783771303032908,93801.47638668142,93502.15974034074,1.5982826912967638,-0.08558511979667305,-0.004190654431661675,93502.15974034074
2022-08-04,0.0,0.0,0.0,0.0,0.0,94109.14873926756,89673.84740902045,0.0,-0.11249563080431191,0.0,0.0,0.0,0.0,0.0,97588.7178104683,93579.03348121278,0.0,-0.08462540796130691,-0.010439201631279697,5.40219681964878e-06,-0.010444603828099346,0.007717424028069686,0.9725595690859735,92822.26386136914,92525.56672478122,0.505117069979561,-0.09513582095491557,-0.010444603828099346,92525.56672478122
2022-08-05,-0.0004592740821301233,0.000245,-0.0007042740821301233,0.35,0.35,94065.92684636028,89610.69244244539,21.97009261521001,-0.11312067712931362,0.0004592740821301233,0.000245,0.00021427408213012332,0.35,0.35,97633.53777926696,93599.0850427186,22.92686320289713,-0.08442926691079256,0.0010789953574623472,1.1585774127103249e-05,0.0010674095833352439,0.016551105895861784,0.9695434484354987,92922.4186531447,92624.32940140678,1.0719803170555355,-0.09416996025858615,0.0010674095833352439,92624.32940140678
2022-08-08,0.0,0.000245,-0.000245,0.35,0.0,94065.92684636028,89588.73782279699,21.95461964839912,-0.113337962563417,0.0,0.000245,-0.000245,0.35,0.0,97633.53777926696,93576.15326688312,22.931775835466055,-0.0846535817403995,0.0008198771431827079,2.5171771464889194e-06,0.0008173599660362189,0.0035959673521270274,0.9659474810833717,92998.60362028767,92700.03682014043,0.23315184517808285,-0.0934295710480686,0.0008173599660362189,92700.03682014043
2022-08-09,0.0,0.0,0.0,0.0,0.0,94065.92684636028,89588.73782279699,0.0,-0.113337962563417,0.0,0.0,0.0,0.0,0.0,97633.53777926696,93576.15326688312,0.0,-0.0846535817403995,0.00039389113326366676,2.7195272345682196e-06,0.00039117160602909854,0.0038850389065260282,0.9620624421768456,93035.23494565961,92736.29844242233,0.25210027477784863,-0.09307494643739689,0.00039117160602909854,92736.29844242233
2022-08-10,-0.00015615574306623303,0.000245,-0.00040115574306623305,0.35,0.35,94051.23791165637,89552.79878610533,21.949240766585262,-0.11369365213189342,0.00015615574306623303,0.000245,-8.884425693376696e-05,0.35,0.35,97648.78381690707,93567.8395630794,22.926157550386364,-0.08473490501276681,-0.001620730167651994,1.481046818072373e-05,-0.0016355406358327176,0.021157811686748185,0.9832202538635938,92884.44993372858,92584.62445790303,1.3734679972795953,-0.09455825921615335,-0.0016355406358327176,92584.62445790303
2022-08-11,0.0,0.000245,-0.000245,0.35,0.0,94051.23791165637,89530.85835040272,21.940435702595803,-0.11391079718712116,0.0,0.000245,-0.000245,0.35,0.0,97648.78381690707,93544.91544238644,22.924120692954453,-0.08495914496103874,0.001976205081553279,7.359118393537972e-06,0.001968845963159741,0.010513026276482818,0.9925939988911971,93068.0086556849,92766.90932201763,0.6813412128069598,-0.09277558389993479,0.001968845963159741,92766.90932201763
2022-08-12,0.0,0.0,0.0,0.0,0.0,94051.23791165637,89530.85835040272,0.0,-0.11391079718712116,0.0,0.0,0.0,0.0,0.0,97648.78381690707,93544.91544238644,0.0,-0.08495914496103874,0.0027695853514861143,1.8953852471532363e-05,0.0027506314990145817,0.02707693210218909,0.9655170667890081,93325.76844914968,93022.07690486501,1.7582903135295425,-0.09028014384433469,0.0027506314990145817,93022.07690486501
2022-08-15,0.0,0.0,0.0,0.0,0.0,94051.23791165637,89530.85835040272,0.0,-0.11391079718712116,0.0,0.0,0.0,0.0,0.0,97648.78381690707,93544.91544238644,0.0,-0.08495914496103874,0.00026354604607517983,1.1498533144624029e-05,0.0002520475129305558,0.01642647592089147,0.9490905908681166,93350.36408642137,93045.52288799653,1.0696174344723557,-0.09005085121712708,0.0002520475129305558,93045.52288799653
2022-08-16,0.0,0.0,0.0,0.0,0.0,94051.23791165637,89530.85835040272,0.0,-0.11391079718712116,0.0,0.0,0.0,0.0,0.0,97648.78381690707,93544.91544238644,0.0,-0.08495914496103874,0.0012746891912116267,5.569338359275288e-06,0.0012691198528523514,0.007956197656107555,0.9466476653688082,93469.356786518,93163.60880831271,0.5182019997789459,-0.08889601668732061,0.0012691198528523514,93163.60880831271
2022-08-17,0.0,0.0,0.0,0.0,0.0,94051.23791165637,89530.85835040272,0.0,-0.11391079718712116,0.0,0.0,0.0,0.0,0.0,97648.78381690707,93544.91544238644,0.0,-0.08495914496103874,-0.0030368806094774863,2.5235304446606805e-05,-0.0030621159139240933,0.036050434923724006,0.9105972304450841,93185.50150931269,92878.33103918217,2.351012031622351,-0.09168592269386211,-0.0030621159139240933,92878.33103918217
2022-08-18,0.0,0.0,0.0,0.0,0.0,94051.23791165637,89530.85835040272,0.0,-0.11391079718712116,0.0,0.0,0.0,0.0,0.0,97648.78381690707,93544.91544238644,0.0,-0.08495914496103874,-0.00985194922955104,1.1719684169128087e-05,-0.009863668913720168,0.016742405955897266,0.9273396364009814,92267.4426795127,91962.20993255278,1.088504705934941,-0.10064523202208098,-0.009863668913720168,91962.20993255278
2022-08-19,0.0,0.0,0.0,0.0,0.0,94051.23791165637,89530.85835040272,0.0,-0.11391079718712116,0.0,0.0,0.0,0.0,0.0,97648.78381690707,93544.91544238644,0.0,-0.08495914496103874,-0.002275708113520673,1.961065490214404e-05,-0.002295318768422817,0.028015221288777203,0.9553548576897586,92057.46891159313,91751.12734610896,1.8034391630258155,-0.1027095379004912,-0.002295318768422817,91751.12734610896
2022-08-22,-0.004015359045376054,0.00049,-0.004505359045376054,0.7,0.7,93673.58842277898,89127.48968789345,43.87012059169733,-0.11790294719202421,0.004015359045376054,0.00049,0.003525359045376054,0.7,0.7,98040.87874427626,93874.6948561902,45.837008566769356,-0.08173329740583857,0.009248641381975831,8.396890245807693e-06,0.009240244491730023,0.011995557494010989,0.9581459311755052,92908.87542808884,92598.93019517888,0.7704241462544018,-0.09441835465059423,0.009240244491730023,92598.93019517888
2022-08-23,0.002175676962389139,0.0007349999999999999,0.001440676962389139,1.0499999999999998,0.35,93877.39189109474,89255.89360900236,65.50870492060167,-0.11663213028945252,0.002175676962389139,0.000245,0.001930676962389139,0.35,0.35,98254.18402553255,94055.93656690036,22.999300239766598,-0.07996042103781087,0.003283749401520085,2.038590881853598e-05,0.003263363492701549,0.02912272688362283,0.9872686580591281,93213.96489217175,92901.11416344103,1.8877133476528947,-0.09146311256950046,0.003263363492701549,92901.11416344103
2022-08-24,-0.0010490631502326985,0.00049,-0.0015390631502326985,0.7,0.35,93778.90857862185,89118.52315220766,43.73538786841116,-0.11799168922582348,0.0010490631502326985,0.0,0.0010490631502326985,0.0,0.35,98357.25886934991,94154.60718401332,0.0,-0.07899524141876602,0.0036517613671857617,1.624900857552125e-07,0.0036515988771000066,0.00023212869393601787,0.9870611624637036,93554.3600480472,93240.35176760159,0.01509551000717232,-0.08814550029155532,0.0036515988771000066,93240.35176760159
2022-08-25,0.0,0.000245,-0.000245,0.35,0.0,93778.90857862185,89096.68911403537,21.834038172290878,-0.1182077812619633,0.0,0.000245,-0.000245,0.35,0.0,98357.25886934991,94131.53930525325,23.067878760083264,-0.07922088758461832,0.0014347253482941066,9.769925482450925e-06,0.0014249554228116558,0.013957036403501322,0.9829240495673235,93688.58485985156,93373.2151124777,0.910951288726979,-0.08684614827738057,0.0014249554228116558,93373.2151124777
2022-08-26,-0.0012575869966451768,0.000245,-0.0015025869966451767,0.35,0.35,93660.9734426338,88962.81358752848,21.828688832938663,-0.11953275078358194,0.0012575869966451768,0.000245,0.0010125869966451768,0.35,0.35,98480.95167912966,94226.85567792792,23.062227129787043,-0.0782885186286042,0.008285806648296985,6.664676922494711e-05,0.008219159879072038,0.09520967032135302,0.9924444476063994,94464.87035915285,94140.66449591012,6.2230231193926455,-0.07934079077588208,0.008219159879072038,94140.66449591012
2022-08-29,0.0,0.000245,-0.000245,0.35,0.0,93660.9734426338,88941.01769819953,21.795889328944476,-0.11974846525964,0.0,0.000245,-0.000245,0.35,0.0,98480.95167912966,94203.77009828683,23.085579641092338,-0.07851433794154017,0.002658215295542823,1.3364678669021573e-05,0.0026448506168738014,0.019092398098602248,1.0,94715.978322433,94389.65249047504,1.2581597306760066,-0.07690578469843512,0.0026448506168738014,94389.65249047504
2022-08-30,0.0017171414305890253,0.000245,0.0014721414305890253,0.35,0.35,93821.80258056145,89071.95145523179,21.790549336058884,-0.1184526105060093,-0.0017171414305890253,0.000245,-0.001962141430589025,0.35,0.35,98311.8459568776,94018.9289780593,23.079923674080273,-0.08032242313675886,0.0022486705021959584,1.884022772063888e-05,0.0022298302744753196,0.026914611029484115,0.9974741961820757,94928.9633489733,94600.1253951955,1.7783225473925186,-0.07484744127096277,0.0022298302744753196,94600.1253951955
2022-08-31,0.004356093560745289,0.00049,0.003866093560745289,0.7,0.35,94230.49913064015,89416.31195319588,43.645256213063576,-0.11504446581999472,0.004356093560745289,0.0,0.004356093560745289,0.0,0.35,98740.10155599535,94428.4842291688,0.0,-0.07631622156622297,0.003632231793394062,3.202457629745561e-05,0.003600207217096606,0.04574939471065087,0.9903910303909523,95273.76734776338,94940.70544938154,3.029528933467306,-0.071516700352111,0.003600207217096606,94940.70544938154
2022-09-01,0.0032309290786684763,0.00049,0.0027409290786684763,0.7,0.35,94534.9511903788,89661.39572273569,43.81399285706598,-0.11261886546303213,0.0032309290786684763,0.00049,0.0027409290786684763,0.7,0.35,99059.1238213433,94687.3060074471,46.26995727229271,-0.07378446983841958,0.00040339259707383225,1.2398122846285508e-05,0.00039099447422754675,0.017711604066122155,1.0,95312.2000802068,94977.82674059151,1.1770865292744404,-0.07115366851253613,0.00039099447422754675,94977.82674059151
2022-09-02,0.0,0.000245,-0.000245,0.35,0.0,94534.9511903788,89639.4286807836,21.967041952070243,-0.11283627384099382,0.0,0.000245,-0.000245,0.35,0.0,99059.1238213433,94664.10761747527,23.19838997182454,-0.07401139264330925,0.0055037756477167125,3.0404366805444087e-05,0.0054733712809112685,0.043434809722062984,0.9646678247350114,95836.77704593856,95497.67564979682,2.88774068260486,-0.06606974767739293,0.0054733712809112685,95497.67564979682
2022-09-05,0.0,0.0,0.0,0.0,0.0,94534.9511903788,89639.4286807836,0.0,-0.11283627384099382,0.0,0.0,0.0,0.0,0.0,99059.1238213433,94664.10761747527,0.0,-0.07401139264330925,0.006283635116411333,2.3530839647376895e-05,0.006260104276763956,0.03361548521053842,0.9473497613785739,96438.98038362809,96095.50105755313,2.247140492412578,-0.06022324691062886,0.006260104276763956,96095.50105755313
2022-09-06,-0.007584288438915373,0.000695908198316472,-0.008280196637231844,0.9941545690235315,0.9941545690235315,93817.97085299218,88897.1965848576,62.380813311362004,-0.12018216394300973,-0.0020431574884201263,0.000695908198316472,-0.0027390656867365983,0.9941545690235315,0.9941545690235315,98856.73043071138,94404.8164085347,65.87752857731383,-0.076547736264029,-0.0020431574884201263,3.2763365351470355e-05,-0.0020759208537715966,0.04680480764495765,0.9941545690235315,96241.94035868169,95896.01440295413,3.1484120097812194,-0.06217414907025687,-0.0020759208537715966,95896.01440295413
2022-09-07,0.0,0.000695908198316472,-0.000695908198316472,0.9941545690235315,0.0,93817.97085299218,88835.33229694684,61.864287910753475,-0.1207944363881468,0.0,0.000695908198316472,-0.000695908198316472,0.9941545690235315,0.0,98856.73043071138,94339.11932283544,65.6970856992607,-0.07719037426511677,0.006138022519314989,4.4282310030865124e-05,0.006093740209284124,0.06326044290123589,0.9989917735881821,96832.67555590585,96480.3798018315,4.246497040515922,-0.05645928197314021,0.006093740209284124,96480.3798018315
2022-09-08,0.0,0.0,0.0,0.0,0.0,93817.97085299218,88835.33229694684,0.0,-0.1207944363881468,0.0,0.0,0.0,0.0,0.0,98856.73043071138,94339.11932283544,0.0,-0.07719037426511677,-0.0011207128852891743,6.159292583768905e-06,-0.0011268721778729433,0.00879898940538415,0.9999999999999999,96724.15392869333,96371.65874612221,0.594250887792628,-0.05752253175697486,-0.0011268721778729433,96371.65874612221
2022-09-09,0.0,0.0,0.0,0.0,0.0,93817.97085299218,88835.33229694684,0.0,-0.1207944363881468,0.0,0.0,0.0,0.0,0.0,98856.73043071138,94339.11932283544,0.0,-0.07719037426511677,-0.0030647424741303587,4.541443366299597e-06,-0.0030692839174966584,0.0064877762375708525,1.0,96427.71930587373,96075.86676383026,0.4376664303118652,-0.06041526269285613,-0.0030692839174966584,96075.86676383026
2022-09-12,0.0,0.0,0.0,0.0,0.0,93817.97085299218,88835.33229694684,0.0,-0.1207944363881468,0.0,0.0,0.0,0.0,0.0,98856.73043071138,94339.11932283544,0.0,-0.07719037426511677,0.0053403455466037005,1.3435418215633193e-05,0.005326910128388067,0.019193454593761705,1.0,96942.67664723801,96587.65427158818,1.2908194504015127,-0.05541017923921576,0.005326910128388067,96587.65427158818
2022-09-13,0.0,0.0,0.0,0.0,0.0,93817.97085299218,88835.33229694684,0.0,-0.1207944363881468,0.0,0.0,0.0,0.0,0.0,98856.73043071138,94339.11932283544,0.0,-0.07719037426511677,-0.002265672488919272,2.1815640438401927e-05,-0.002287488129357674,0.03116520062628847,1.0,96723.03629175617,96366.71115899942,2.107121536377644,-0.05757091724131824,-0.002287488129357674,96366.71115899942
2022-09-14,0.0,0.0,0.0,0.0,0.0,93817.97085299218,88835.33229694684,0.0,-0.1207944363881468,0.0,0.0,0.0,0.0,0.0,98856.73043071138,94339.11932283544,0.0,-0.07719037426511677,0.001019319157091368,2.9124711788243828e-06,0.0010164066859125436,0.004160673112606261,1.0,96821.62793558039,96464.65892852085,0.2806652688486798,-0.056613026020603696,0.0010164066859125436,96464.65892852085
2022-09-15,-0.0024359378989131874,0.000245,-0.0026809378989131874,0.35,0.35,93589.43610219224,88597.1702878294,21.764656412751975,-0.12315153190456929,-0.0024359378989131874,0.000245,-0.0026809378989131874,0.35,0.35,98615.92157449258,94086.20200249276,23.113084234094682,-0.07966436956423129,-0.005420646378469912,1.120264549352069e-05,-0.005431849023963433,0.01600377927645813,0.9903898027941608,96296.79212875382,95940.677465073,1.0806593766296044,-0.06173736163443344,-0.005431849023963433,95940.677465073
2022-09-16,0.0,0.000245,-0.000245,0.35,0.0,93589.43610219224,88575.46398110889,21.706306720518203,-0.12336635977925259,0.0,0.000245,-0.000245,0.35,0.0,98615.92157449258,94063.15088300215,23.051119490610727,-0.07988985179368802,0.009315626860354979,9.767338280240384e-06,0.009305859522074739,0.013953340400343406,0.9764364623938175,97193.85711207445,96833.48793201563,0.9370850516368034,-0.05300602132699239,0.009305859522074739,96833.48793201563
2022-09-19,0.008531632100456253,0.000245,0.008286632100456253,0.35,0.35,94387.9067395053,89309.45626424755,21.700988675371676,-0.1161020193158595,-0.008531632100456253,0.000245,-0.008776632100456254,0.35,0.35,97774.56681237156,93237.59321349234,23.045471966335526,-0.08796532005639113,-0.0034217068642445015,1.0290895504839553e-05,-0.003431997759749341,0.014701279292627933,0.9617351831011896,96861.28822403165,96501.15561836424,0.9965033056775148,-0.05625610254029434,-0.003431997759749341,96501.15561836424
2022-09-20,0.0,0.000245,-0.000245,0.35,0.0,94387.9067395053,89287.57544746279,21.88081678474065,-0.11631857432112735,0.0,0.000245,-0.000245,0.35,0.0,97774.56681237156,93214.75000315502,22.84321033730562,-0.08818876855297741,-5.192623301821181e-05,2.191745667796869e-05,-7.38436896961805e-05,0.03131065239709813,0.9338687123530167,96856.2585822089,96494.02961697344,2.115059897639413,-0.05632579207181099,-7.38436896961805e-05,96494.02961697344
2022-09-21,0.0028378809285211416,0.00049,0.0023478809285211416,0.7,0.7,94655.76837992438,89497.21204300979,43.75091196925676,-0.1142437955548875,0.00684863465072535,0.00049,0.00635863465072535,0.7,0.7,98444.18909860242,93807.46854248378,45.675227501545955,-0.0823908940617778,0.00724247954104907,2.9039111918507996e-06,0.007239575629857219,0.004148444559786857,0.9345610744745547,97557.73805341311,97192.60544221518,0.2802100925515117,-0.04949399127356935,0.007239575629857219,97192.60544221518
2022-09-22,0.0,0.00049,-0.00049,0.7,0.0,94655.76837992438,89453.35840910873,43.853633901074794,-0.11467781609506544,0.0,0.00049,-0.00049,0.7,0.0,98444.18909860242,93761.50288289797,45.96565958581705,-0.08284052252368745,0.0017528286603452922,1.0721339518834438e-05,0.0017421073208264577,0.015316199312620626,0.9286881720419122,97728.74005271157,97361.92539168625,1.0420349216661047,-0.047838107797277596,0.0017421073208264577,97361.92539168625
2022-09-23,0.0,0.0,0.0,0.0,0.0,94655.76837992438,89453.35840910873,0.0,-0.11467781609506544,0.0,0.0,0.0,0.0,0.0,98444.18909860242,93761.50288289797,0.0,-0.08284052252368745,0.00511576663058895,1.71536375946386e-05,0.0050986129929943115,0.024505196563769427,0.9418846672031018,98228.69747992275,97858.33616951127,1.6701111836852276,-0.04298340280225854,0.0050986129929943115,97858.33616951127
2022-09-26,0.0,0.0,0.0,0.0,0.0,94655.76837992438,89453.35840910873,0.0,-0.11467781609506544,0.0,0.0,0.0,0.0,0.0,98444.18909860242,93761.50288289797,0.0,-0.08284052252368745,0.004367046993403971,2.5114573716254306e-06,0.004364535536032346,0.0035877962451791867,0.9382968709579227,98657.66681791845,98285.4423552201,0.24576703974791858,-0.038806469855216186,0.004364535536032346,98285.4423552201
2022-09-27,-0.0025325028571278716,0.000245,-0.0027775028571278716,0.35,0.35,94416.0523760586,89204.90145054774,21.916072810231636,-0.11713680099034018,0.0025325028571278716,0.000245,0.0022875028571278716,0.35,0.35,98693.49928876226,93975.9825886312,22.971568206310003,-0.08074251759851847,0.003976290897107527,5.00051105929554e-06,0.003971290386048231,0.007143587227565057,0.9374565476594344,99049.95840041639,98675.76238753388,0.4914774414650324,-0.03498929122982053,0.003971290386048231,98675.76238753388
2022-09-28,0.0,0.000245,-0.000245,0.35,0.0,94416.0523760586,89183.04624969234,21.855200855384194,-0.11735310247409758,0.0,0.000245,-0.000245,0.35,0.0,98693.49928876226,93952.95847289698,23.024115734214643,-0.0809677356817069,0.00946478656445066,2.365047779278484e-07,0.00946455005967273,0.00033786396846835487,0.9377944116279028,99987.44511589405,99609.68408032708,0.023337289270324836,-0.025855899068544796,0.00946455005967273,99609.68408032708
2022-09-29,0.0023152307373834665,0.000245,0.0020702307373834665,0.35,0.35,94634.64732262204,89367.67573329194,21.849846331174625,-0.11552581973658349,0.0023152307373834665,0.000245,0.0020702307373834665,0.35,0.35,98921.99751189555,94147.46277539569,23.01847482585976,-0.07906512683946798,0.003003674942329532,7.878427593533411e-07,0.0030028870995701786,0.0011254896562190586,0.9388623661053069,100287.7748993362,99908.80071564415,0.07847676836415945,-0.0229306543147354,0.0030028870995701786,99908.80071564415
2022-09-30,0.0,0.000245,-0.000245,0.35,0.0,94634.64732262204,89345.78065273729,21.895080554656523,-0.11574251591074791,0.0,0.000245,-0.000245,0.35,0.0,98921.99751189555,94124.3966470157,23.066128379971943,-0.07929075588339252,-0.005965446497658257,6.501028863735528e-06,-0.005971947526521993,0.009287184091050754,0.9296327171930712,99689.513543805,99312.15060033258,0.6495099971936034,-0.028765661176941015,-0.005971947526521993,99312.15060033258
2022-10-03,0.0,0.0,0.0,0.0,0.0,94634.64732262204,89345.78065273729,0.0,-0.11574251591074791,0.0,0.0,0.0,0.0,0.0,98921.99751189555,94124.3966470157,0.0,-0.07929075588339252,-0.0035965436925662845,6.396045889001556e-07,-0.0035971832971551845,0.0009137208412859366,0.9305464380343571,99330.97585265404,98954.9065909885,0.06352050725751605,-0.03225936911817884,-0.0035971832971551845,98954.9065909885
2022-10-04,0.0,0.0,0.0,0.0,0.0,94634.64732262204,89345.78065273729,0.0,-0.11574251591074791,0.0,0.0,0.0,0.0,0.0,98921.99751189555,94124.3966470157,0.0,-0.07929075588339252,0.002267432812875382,1.9589198164789806e-05,0.002247843614710592,0.02798456880684258,0.9457202424487925,99556.20216663727,99177.34174591333,1.9384472745891386,-0.03008403952035521,0.002247843614710592,99177.34174591333
2022-10-05,0.0,0.0,0.0,0.0,0.0,94634.64732262204,89345.78065273729,0.0,-0.11574251591074791,0.0,0.0,0.0,0.0,0.0,98921.99751189555,94124.3966470157,0.0,-0.07929075588339252,0.002539759227672051,9.532832810654507e-06,0.002530226394861396,0.013618332586649295,0.9452284908318536,99809.050949762,99428.28287377105,0.9454410174689376,-0.027629932556352044,0.002530226394861396,99428.28287377105
2022-10-06,0.002071259355706234,0.000245,0.0018262593557062342,0.35,0.35,94830.66022126298,89508.9492205472,21.889716259920636,-0.11412763240757684,0.002071259355706234,0.000245,0.0018262593557062342,0.35,0.35,99126.89062472721,94296.29220699251,23.060477178518845,-0.07760930201243943,0.0055164137189399635,4.497412018171132e-06,0.005511916306921792,0.006424874311673046,0.9388036165201804,100359.63896769565,99976.3232475122,0.44716995434261686,-0.02227031012524694,0.005511916306921792,99976.3232475122
2022-10-07,0.0,0.000245,-0.000245,0.35,0.0,94830.66022126298,89487.01952798816,21.929692559034066,-0.11434467113763713,0.0,0.000245,-0.000245,0.35,0.0,99126.89062472721,94273.1896154018,23.102591590713164,-0.07783528773344628,0.006476838154281948,2.4329294203503494e-06,0.006474405224861597,0.003475613457643356,0.9421314150857474,101009.65210651157,100623.61047710835,0.24323533816732903,-0.01594009191261958,0.006474405224861597,100623.61047710835
2022-10-10,-0.002164107697987405,0.000245,-0.002409107697987405,0.35,0.35,94625.43645947293,89271.43566037335,21.9243197843571,-0.1164783102081629,0.002164107697987405,0.000245,0.001919107697987405,0.35,0.35,99341.41189180574,94454.11001930655,23.09693145577344,-0.07606555433532314,-0.002169117359854235,2.299448271429887e-05,-0.0021921118425685337,0.032849261020426956,0.9092821540653204,100790.55031661448,100403.03226893947,2.3137878717662104,-0.01809726129093492,-0.0021921118425685337,100403.03226893947
2022-10-11,0.0,0.000245,-0.000245,0.35,0.0,94625.43645947293,89249.56415863655,21.87150173679147,-0.11669477302216191,0.0,0.000245,-0.000245,0.35,0.0,99341.41189180574,94430.96876235181,23.141256954730103,-0.0762919182745111,0.0035653113948300686,2.2506033110788004e-05,0.003542805361719281,0.03215147587255429,0.9414336299378747,101149.90001414949,100758.74066999475,2.259673968668268,-0.014618571003549463,0.003542805361719281,100758.74066999475
2022-10-12,-0.003870450003185799,0.000245,-0.0041154500031857985,0.35,0.35,94259.1934386269,88882.26203953556,21.866143218865954,-0.12032997152134184,0.003870450003185799,0.000245,0.003625450003185799,0.35,0.35,99725.90785977888,94773.32351835212,23.135587346776195,-0.07294306080667667,0.0017452810843537688,4.09950688907858e-06,0.0017411815774646903,0.0058564384129694,0.9355771915249054,101326.43502132845,100934.17993301788,0.4130611515115256,-0.012902843012605136,0.0017411815774646903,100934.17993301788
2022-10-13,-0.013342163691981407,0.000245,-0.013587163691981407,0.35,0.7,93001.5718502946,87674.6041958908,21.77615419968621,-0.13228219219321136,-0.0006744525997888487,0.000245,-0.0009194525997888487,0.35,0.7,99658.64746195654,94686.18393965253,23.21946426199627,-0.07379544571957031,0.0010623210185400182,5.9706562129343775e-06,0.0010563503623270839,0.00852950887562054,0.9441067004005259,101434.07622298534,101040.8017905613,0.6026432885145095,-0.011860122573169596,0.0010563503623270839,101040.8017905613
2022-10-14,0.0,0.00049,-0.00049,0.7,0.0,93001.5718502946,87631.64363983482,42.960556055986494,-0.13270737391903675,0.0,0.00049,-0.00049,0.7,0.0,99658.64746195654,94639.7877095221,46.39623013042974,-0.07424928595116775,0.008702192712336031,9.324827070245772e-06,0.008692867885265786,0.013321181528922532,0.9307855188716034,102316.77510187555,101919.13613154797,0.9421880037359635,-0.0032703531665353447,0.008692867885265786,101919.13613154797
2022-10-17,0.0,0.0,0.0,0.0,0.0,93001.5718502946,87631.64363983482,0.0,-0.13270737391903675,0.0,0.0,0.0,0.0,0.0,99658.64746195654,94639.7877095221,0.0,-0.07424928595116775,0.009582887916796644,2.149534050193668e-05,0.009561392576294707,0.030707629288480975,0.925288950282777,103297.26528968493,102893.62500313853,2.1907865348108615,0.0,0.009561392576294707,102893.62500313853
2022-10-18,0.005943529488814014,0.000245,0.005698529488814014,0.35,0.35,93554.32943509286,88131.01514526967,21.469752691759528,-0.1277650813138832,-0.005943529488814014,0.000245,-0.0061885294888140135,0.35,0.35,99066.32335195108,94054.10659246663,23.186747988832916,-0.07997832154434958,-0.008637591579728283,3.2653779739004166e-05,-0.008670245359467288,0.04664825677000595,0.9316999711406191,102405.02570080978,102001.51202843631,3.3598657674001773,-0.008670245359467255,-0.008670245359467288,102001.51202843631
2022-10-19,0.0,0.000245,-0.000245,0.35,0.0,93554.32943509286,88109.42304655908,21.59209871059107,-0.12797877886896136,0.0,0.000245,-0.000245,0.35,0.0,99066.32335195108,94031.06333635148,23.043256115154325,-0.0802037268555712,0.009590924069427777,5.213693882824904e-06,0.009585710375544952,0.007448134118321292,0.9339258990151944,103387.18452663405,102979.26898060857,0.5318046593015493,0.0,0.009585710375544952,102979.26898060857
2022-10-20,0.0,0.0,0.0,0.0,0.0,93554.32943509286,88109.42304655908,0.0,-0.12797877886896136,0.0,0.0,0.0,0.0,0.0,99066.32335195108,94031.06333635148,0.0,-0.0802037268555712,0.006027881620089803,7.291527142313342e-06,0.006020590092947489,0.010416467346161917,0.9277143505375285,104010.39023599499,103599.26494721218,0.7508761348676938,0.0,0.006020590092947489,103599.26494721218
2022-10-21,0.00025849492238365075,0.000245,1.3494922383650758e-05,0.35,0.35,93578.51275421883,88110.61207638435,21.586808646406975,-0.12796701101026542,-0.00025849492238365075,0.000245,-0.0005034949223836507,0.35,0.35,99040.71521038539,93983.71917341529,23.03761051740611,-0.08066683960872678,0.0025412157824356765,3.5957130745407182e-06,0.0025376200693611357,0.005136732963629598,0.9225776175738989,104274.70308119999,103862.1605211133,0.3725132314834988,0.0,0.0025376200693611357,103862.1605211133
2022-10-24,0.0013378408989854428,0.00049,0.0008478408989854428,0.7,0.35,93703.70591584766,88185.31585693735,43.17419991742833,-0.12722766577693534,0.0013378408989854428,0.0,0.0013378408989854428,0.0,0.35,99173.21592985862,94109.45443676424,0.0,-0.07943691810696185,-0.0016700082408939692,5.506936997115846e-06,-0.0016755151778910851,0.007867052853022638,0.9147105647208762,104100.56346773762,103688.13789475162,0.5719623743741037,-0.001675515177890996,-0.0016755151778910851,103688.13789475162
2022-10-25,-0.0011545560829268608,0.00049,-0.0016445560829268608,0.7,0.35,93595.51973218973,88040.29015932001,43.2108047698993,-0.12866298882819205,0.0011545560829268608,0.0,0.0011545560829268608,0.0,0.35,99287.71696957386,94218.10907984513,0.0,-0.07837407640104443,0.0023419865600962835,8.525990845133209e-06,0.0023334605692511504,0.012179986921618868,0.9025305777992574,104344.3655882775,103930.0900760281,0.884044114439562,0.0,0.0023334605692511504,103930.0900760281
2022-10-26,0.0,0.000245,-0.000245,0.35,0.0,93595.51973218973,88018.72028823096,21.569871089033402,-0.1288764663959293,0.0,0.000245,-0.000245,0.35,0.0,99287.71696957386,94195.02564312056,23.083436724562056,-0.07859987475232622,0.0048555240391626765,3.7562263721157285e-06,0.0048517678127905604,0.005366037674451041,0.8971645401248064,104851.01216374258,104434.33474183938,0.3903849451999399,0.0,0.0048517678127905604,104434.33474183938
2022-10-27,-0.0020241358694907618,0.000245,-0.0022691358694907618,0.35,0.35,93406.06968347616,87818.99385283826,21.564586470616586,-0.1308531640527878,0.0020241358694907618,0.000245,0.0017791358694907618,0.35,0.35,99488.68879889182,94362.61139196984,23.077781282564537,-0.07696057873934481,0.0030943203611193413,5.1607433975153215e-06,0.003089159617721826,0.007372490567879031,0.9045370306926853,105175.4547855648,104756.94907142752,0.5389588034928525,0.0,0.003089159617721826,104756.94907142752
2022-10-28,0.0,0.000245,-0.000245,0.35,0.0,93406.06968347616,87797.47819934432,21.515653493945372,-0.13106610502759486,0.0,0.000245,-0.000245,0.35,0.0,99488.68879889182,94339.49255217881,23.11883979103261,-0.07718672339755361,0.0023832175793380224,7.095317865805151e-06,0.002376122261472217,0.010136168379721644,0.9026123466112466,105426.11077832464,105005.86439016004,0.74328385231374,0.0,0.002376122261472217,105005.86439016004
2022-10-31,0.00409820076467674,0.000245,0.00385320076467674,0.35,0.35,93788.86650967845,88135.77950947871,21.510382158839356,-0.12771792827903372,-0.00409820076467674,0.000245,-0.0043432007646767405,0.35,0.35,99080.96417837951,93929.75719598697,23.11317567528381,-0.08119468672614727,-0.0032477376673445946,2.0978020134447666e-05,-0.003268715687479042,0.029968600192068096,0.8726437464191784,105083.71442722823,104662.63007395063,2.2028151374118585,-0.003268715687479107,-0.003268715687479042,104662.63007395063
2022-11-01,-0.00523978546903534,0.0008554022888918671,-0.006095187757927207,1.2220032698455245,0.8720032698455245,93297.43296978374,87598.57538517717,75.39154752567701,-0.13303465128404668,-0.003883037718578229,0.00047233200003181375,-0.0043553697186100426,0.6747600000454482,0.8720032698455245,98696.22905728177,93520.65837581917,44.36603007888317,-0.08519642356487822,-0.003883037718578229,4.78765897509387e-06,-0.0038878253775533225,0.006839512821562671,0.8720032698455245,104675.67040049902,104255.72004466766,0.5010889802304793,-0.007143832869230482,-0.0038878253775533225,104255.72004466766
2022-11-02,0.0,0.0006104022888918671,-0.0006104022888918671,0.8720032698455245,0.0,93297.43296978374,87545.10501425841,53.47037091877892,-0.13356384891729267,0.0,0.0006104022888918671,-0.0006104022888918671,0.8720032698455245,0.0,98696.22905728177,93463.57315188789,57.085223931274385,-0.08575482176182081,-0.004604858951565983,1.7244169093585308e-05,-0.004622103120659568,0.02463452727655044,0.8966377971220749,104193.65370264411,103773.83935570258,1.7978032654237404,-0.011732916457691811,-0.004622103120659568,103773.83935570258
2022-11-03,0.0,0.0,0.0,0.0,0.0,93297.43296978374,87545.10501425841,0.0,-0.13356384891729267,0.0,0.0,0.0,0.0,0.0,98696.22905728177,93463.57315188789,0.0,-0.08575482176182081,0.005945584550315073,1.9986515567073288e-05,0.005925598034748,0.028552165095818982,0.925189962217894,104813.14588033943,104388.76141424698,2.0740774557377124,-0.005876842969647411,0.005925598034748,104388.76141424698
2022-11-04,-0.0032934124894187064,0.00049,-0.0037834124894187064,0.7,0.7,92990.16603881033,87213.88577055998,42.89710145698662,-0.13684193427258307,0.0032934124894187064,0.00049,0.0028034124894187064,0.7,0.7,99021.27645071755,93725.5901001676,45.79715084442506,-0.08319181541075693,0.00414920163936978,1.1873942359049944e-05,0.00413732769701073,0.016962774798642777,0.9421527370165367,105248.03675705365,104820.65192810279,1.2395061359653856,-0.0017638296978260692,0.00413732769701073,104820.65192810279
2022-11-07,-0.0010904358919548328,0.000245,-0.0013354358919548327,0.35,0.35,92888.76622416278,87097.41721722513,21.367402013787196,-0.13799462653398575,0.0010904358919548328,0.000245,0.0008454358919548328,0.35,0.35,99129.2528046266,93804.82907803291,22.96276957454106,-0.08241671286546737,-0.002807151425323749,7.438259343467707e-06,-0.0028145896846672163,0.010626084776382438,0.9315266522401542,104952.58958065856,104525.62480244588,0.7796831935925869,-0.004573454925620002,-0.0028145896846672163,104525.62480244588
2022-11-08,0.0,0.000245,-0.000245,0.35,0.0,92888.76622416278,87076.07835000691,21.338867218220155,-0.1382058178504849,0.0,0.000245,-0.000245,0.35,0.0,99129.2528046266,93781.8468949088,22.982183124118063,-0.08264152077081532,0.007970432192721377,9.619846824640532e-06,0.007960812345896736,0.013742638320915046,0.9177840139192392,105789.10707936173,105357.73368683574,1.0055204998493765,0.0,0.007960812345896736,105357.73368683574
2022-11-09,0.0,0.0,0.0,0.0,0.0,92888.76622416278,87076.07835000691,0.0,-0.1382058178504849,0.0,0.0,0.0,0.0,0.0,99129.2528046266,93781.8468949088,0.0,-0.08264152077081532,-0.008103192227598855,1.7520481480443194e-05,-0.008120712709079297,0.025029259257775993,0.9088406913573703,104931.87760911163,104502.15379988526,1.8459182218816717,-0.008120712709079325,-0.008120712709079297,104502.15379988526
2022-11-10,0.0,0.0,0.0,0.0,0.0,92888.76622416278,87076.07835000691,0.0,-0.1382058178504849,0.0,0.0,0.0,0.0,0.0,99129.2528046266,93781.8468949088,0.0,-0.08264152077081532,0.0002597071319242079,8.549260433121124e-06,0.00025115787149108677,0.012213229190173036,0.9210539205475434,104959.12916609288,104528.40033839985,0.8934161286572974,-0.007871594418507377,0.00025115787149108677,104528.40033839985
2022-11-11,-0.0076354784237095625,0.00049,-0.008125478423709562,0.7,0.7,92179.51605385319,86368.54355415268,42.66727839150338,-0.14520830788321926,0.0076354784237095625,0.00049,0.0071454784237095625,0.7,0.7,99886.15207557476,94451.96305843198,45.95310497850531,-0.07608655555067634,0.010382402648088488,1.7478767858423178e-05,0.010364923880230064,0.024969668369175968,0.9460235889167194,106048.85710668801,105611.82925122959,1.8270276441272137,0.0,0.010364923880230064,105611.82925122959
2022-11-14,0.0,0.00049,-0.00049,0.7,0.0,92179.51605385319,86326.22296781113,42.32058634153481,-0.14562715581235652,0.0,0.00049,-0.00049,0.7,0.0,99886.15207557476,94405.68159653335,46.28146189863167,-0.07653927313845654,0.00550555924252936,2.8454163102701168e-05,0.005477105079426658,0.04064880443243024,0.967142907589972,106632.7153720914,106190.27633766904,3.0050962150891127,0.0,0.005477105079426658,106190.27633766904
2022-11-15,0.0,0.0,0.0,0.0,0.0,92179.51605385319,86326.22296781113,0.0,-0.14562715581235652,0.0,0.0,0.0,0.0,0.0,99886.15207557476,94405.68159653335,0.0,-0.07653927313845654,0.006866506921135078,1.1347326811211006e-05,0.006855159594323867,0.01621046687315858,0.9509324407168135,107364.9096502133,106918.22762932912,1.2049757697763375,0.0,0.006855159594323867,106918.22762932912
2022-11-16,-0.003803674851884675,0.000245,-0.004048674851884675,0.35,0.35,91828.89514678025,85976.71615982318,21.149924627113727,-0.14908623366075213,0.003803674851884675,0.000245,0.003558674851884675,0.35,0.35,100266.08652027615,94741.64072150599,23.12939199115067,-0.07325297667307096,0.007954304541840939,1.9369429163016838e-05,0.007934935112677921,0.027670613090024054,0.9786030538068375,108218.92283867834,107766.61682793037,2.0709450363016,0.0,0.007934935112677921,107766.61682793037
2022-11-17,0.0,0.000245,-0.000245,0.35,0.0,91828.89514678025,85955.65186436402,21.06429545915668,-0.14929470753350538,0.0,0.000245,-0.000245,0.35,0.0,100266.08652027615,94718.4290195292,23.211701976768968,-0.07348002969378631,0.00041203038090633455,1.0637321724552679e-05,0.00040139305918178187,0.015196173892218112,0.9846797815976943,108263.51232267682,107809.87359993659,1.1463481743652881,0.0,0.00040139305918178187,107809.87359993659
2022-11-18,0.0,0.0,0.0,0.0,0.0,91828.89514678025,85955.65186436402,0.0,-0.14929470753350538,0.0,0.0,0.0,0.0,0.0,100266.08652027615,94718.4290195292,0.0,-0.07348002969378631,0.003603373257039992,4.063669535889352e-06,0.003599309587504103,0.005805242194127647,0.9904850237918219,108653.62616769357,108197.91471161247,0.43810369901614404,0.0,0.003599309587504103,108197.91471161247
2022-11-21,0.0,0.0,0.0,0.0,0.0,91828.89514678025,85955.65186436402,0.0,-0.14929470753350538,0.0,0.0,0.0,0.0,0.0,100266.08652027615,94718.4290195292,0.0,-0.07348002969378631,-0.005375165946180507,1.8888363270301118e-05,-0.0053940543094508075,0.026983376100430168,0.9999999999999999,108069.59489638795,107614.2892834887,2.043681518161994,-0.005394054309450835,-0.0053940543094508075,107614.2892834887
2022-11-22,0.0,0.0,0.0,0.0,0.0,91828.89514678025,85955.65186436402,0.0,-0.14929470753350538,0.0,0.0,0.0,0.0,0.0,100266.08652027615,94718.4290195292,0.0,-0.07348002969378631,0.002945646267620704,1.1851586267604696e-05,0.0029337946813530994,0.016930837525149567,0.9983893970153567,108387.92969523778,107930.0075130262,1.275400033070234,-0.0024760846759416255,0.0029337946813530994,107930.0075130262
2022-11-23,0.005036303661478675,0.000245,0.004791303661478674,0.35,0.35,92291.37334763753,86367.49149386652,21.059134706769182,-0.14521872015087145,-0.005036303661478675,0.000245,-0.005281303661478675,0.35,0.35,99761.11606161196,94218.19223353885,23.20601510978465,-0.0783732630053976,-0.003692619039816357,1.027936315944224e-05,-0.0037028984029757995,0.014684804513488914,1.0,107987.69436235886,107530.35366057305,1.1094517430277258,-0.0061698143889252766,-0.0037028984029757995,107530.35366057305
2022-11-24,0.0014118067373888098,0.00049,0.0009218067373888098,0.7,0.35,92421.67093033258,86447.10562941694,42.32007083199459,-0.1444307770081127,-0.0014118067373888098,0.00049,-0.0019018067373888098,0.7,0.35,99620.27264582674,94039.00744076452,46.166914194434035,-0.08012601894317162,-0.006763192189489043,2.1290225953846804e-05,-0.00678448241544289,0.030414608505495433,1.0,107257.35283128644,106800.81586703651,2.289345526330658,-0.012912437807140242,-0.00678448241544289,106800.81586703651
2022-11-25,-0.0010860326650579122,0.000245,-0.0013310326650579122,0.35,0.7,92321.297976743,86332.04170802448,21.17954087920715,-0.14556956759113293,0.0010860326650579122,0.000245,0.0008410326650579122,0.35,0.7,99728.4635160221,94118.09731781181,23.039556822987304,-0.07935237487736602,0.005159301176712337,4.906662853634064e-06,0.0051543945138587035,0.007009518362334377,1.0,107810.72581795994,107351.30940641722,0.5240355959525996,-0.00782459909187494,0.0051543945138587035,107351.30940641722
2022-11-28,0.0,0.00049,-0.00049,0.7,0.0,92321.297976743,86289.73900758754,42.30270043693199,-0.14598823850301335,0.0,0.00049,-0.00049,0.7,0.0,99728.4635160221,94071.97945012609,46.11786768572779,-0.079803492213676,0.005160924453967351,1.7618020858232025e-05,0.005143306433109118,0.02516860122604575,1.0,108367.12882923383,107903.45008668992,1.8913176082807783,-0.0027215369696117486,0.005143306433109118,107903.45008668992
2022-11-29,0.0,0.0,0.0,0.0,0.0,92321.297976743,86289.73900758754,0.0,-0.14598823850301335,0.0,0.0,0.0,0.0,0.0,99728.4635160221,94071.97945012609,0.0,-0.079803492213676,0.011825886140243214,2.2413335618844436e-05,0.01180347280462437,0.03201905088406348,1.0,109648.66615611341,109177.08552531329,2.41847624122421,0.0,0.01180347280462437,109177.08552531329
2022-11-30,-0.0024682472770640395,0.000245,-0.0027132472770640395,0.35,0.35,92093.42618439689,86055.61360818664,21.14098605685895,-0.14830538358947576,-0.0024682472770640395,0.000245,-0.0027132472770640395,0.35,0.35,99482.30900750289,93816.73890803503,23.047634965280892,-0.08230021288279099,0.0006212337207892851,4.193588371469128e-05,0.0005792978370745939,0.05990840530670183,0.9764877391341896,109716.78360496917,109240.33157481623,4.578437562898443,0.0,0.0005792978370745939,109240.33157481623
2022-12-01,0.0,0.000245,-0.000245,0.35,0.0,92093.42618439689,86034.52998285263,21.083625334005728,-0.14851404877049634,0.0,0.000245,-0.000245,0.35,0.0,99482.30900750289,93793.75380700256,22.98510103246858,-0.08252504933063465,0.006012286479740912,6.906514118179896e-06,0.006005379965622733,0.009866448740256994,0.9666212903939326,110376.43233963799,109896.36127349363,0.7544698922961214,0.0,0.006005379965622733,109896.36127349363
2022-12-02,-0.0010913998017867297,0.000245,-0.0013363998017867297,0.35,0.35,91992.91543731338,85919.55345403675,21.078459845798893,-0.14965197442694345,-0.0010913998017867297,0.000245,-0.0013363998017867297,0.35,0.35,99373.73403517081,93668.40785300605,22.979469682715628,-0.08375116267285354,-0.004187385684786561,1.6282540090342523e-05,-0.004203668224876903,0.023260771557632176,0.9433605188363005,109914.24364692117,109434.39343157863,1.7893919082184255,-0.004203668224877055,-0.004203668224876903,109434.39343157863
2022-12-05,-0.005008884852979789,0.00049,-0.005498884852979789,0.7,0.35,91532.13351659795,85447.09172297355,42.10058119247801,-0.15432794030452857,0.005008884852979789,0.00049,0.004518884852979789,0.7,0.35,99871.48562636363,94091.68460245575,45.897519847972966,-0.07961073968029542,0.0072836370468130586,8.936420400287314e-06,0.007274700626412771,0.012766314857553307,0.9561268336938538,110714.81910392031,110230.49588202643,0.9779517459550273,0.0,0.007274700626412771,110230.49588202643
2022-12-06,0.001113315737510484,0.0,0.001113315737510484,0.0,0.35,91634.0376813299,85542.22131491324,0.0,-0.15338644029169657,-0.001113315737510484,0.0,-0.001113315737510484,0.0,0.35,99760.29712968724,93986.93084921896,0.0,-0.080635423528445,-0.005020710792600743,1.660801254756889e-05,-0.0050373188051483124,0.0237257322108127,0.9609865422334882,110158.95201674444,109675.22973221906,1.8307094587334358,-0.005037318805148461,-0.0050373188051483124,109675.22973221906
2022-12-07,-0.005531440511036872,0.00049,-0.006021440511036872,0.7,0.35,91127.16945310951,85027.13391808353,41.91568844430749,-0.15848427347731742,-0.005531440511036872,0.00049,-0.006021440511036872,0.7,0.35,99208.47898075102,93420.99413629544,46.05359611611729,-0.08617132263362315,-0.00690471821077261,1.6104638061022475e-05,-0.006920822848833633,0.02300662580146068,0.9568459401032058,109398.33549467479,108916.18689633724,1.7662798790968788,-0.0119232792628986,-0.006920822848833633,108916.18689633724
2022-12-08,0.0,0.000245,-0.000245,0.35,0.0,91127.16945310951,85006.3022702736,20.831647809930466,-0.15869044483031547,0.0,0.000245,-0.000245,0.35,0.0,99208.47898075102,93398.10599273205,22.888143563392383,-0.08639521065957789,-0.006470819633262967,1.2019277642469097e-05,-0.0064828389109054365,0.01717039663209871,0.939675543471107,108690.43859750955,108210.10080189821,1.3090938900661317,-0.01832882147505288,-0.0064828389109054365,108210.10080189821
2022-12-09,0.0001393694860145178,0.000245,-0.00010563051398548219,0.35,0.35,91139.86979987816,84997.32301087279,20.82654405621703,-0.15877931279104895,0.0001393694860145178,0.000245,-0.00010563051398548219,0.35,0.35,99222.30561547486,93388.24030279077,22.88253596821935,-0.08649171520305543,0.008494540929223561,3.972027539108231e-06,0.008490568901684453,0.005674325055868901,0.9424400743811265,109613.71397679136,109128.86611861497,0.42981350039481736,-0.009993874694988913,0.008490568901684453,109128.86611861497
2022-12-12,0.0,0.000245,-0.000245,0.35,0.0,91139.86979987816,84976.49866673512,20.824344137663832,-0.15898541185941517,0.0,0.000245,-0.000245,0.35,0.0,99222.30561547486,93365.36018391658,22.880118874183736,-0.08671552473283084,-0.002905743775684277,5.17051479604656e-06,-0.0029109142904803235,0.007386449708637943,0.9498265240897644,109295.20460967366,108811.20134272637,0.5642524169420828,-0.012875697672802389,-0.0029109142904803235,108811.20134272637
2022-12-13,-0.002214974667391156,0.000245,-0.002459974667391156,0.35,0.35,90937.9972970821,84767.45863269136,20.819242173350105,-0.1610542864411474,-0.002214974667391156,0.000245,-0.002459974667391156,0.35,0.35,99002.53072209643,93135.68376305231,22.87451324505956,-0.08896218140610945,0.0013426894391689688,3.718717415492681e-06,0.001338970721753476,0.00531245345070383,0.9445140706390606,109441.95412665489,108956.8963555231,0.4046381094338772,-0.011553967133254961,0.001338970721753476,108956.8963555231
2022-12-14,-0.00022745944916355287,0.000245,-0.00047245944916355287,0.35,0.7,90917.31259030887,84727.40944587876,20.76802736500938,-0.1614506542708536,-0.002712419531829241,0.000245,-0.002957419531829241,0.35,0.7,98733.9943240653,92860.24247278117,22.818242521947816,-0.0916565024450543,-0.005144952287213685,2.9314247946476803e-06,-0.005147883712008332,0.004187749706639543,0.9487018203457002,108878.88049445383,108395.99892346351,0.31939894752443787,-0.01664237236604904,-0.005147883712008332,108395.99892346351
2022-12-15,-0.0012489880389059348,0.0007349999999999999,-0.001983988038905935,1.0499999999999998,0.35,90803.75795435409,84559.31127897065,62.27464594272087,-0.16311432614281252,-0.0012489880389059348,0.000245,-0.0014939880389059348,0.35,0.35,98610.67674612114,92721.51038123693,22.75075940583139,-0.0930135567656194,0.001343510042369496,6.659009759159634e-06,0.0013368510326103363,0.009512871084513763,0.9391889492611863,109025.16036380008,108540.90822655518,0.7218100146852007,-0.015327769706121264,0.0013368510326103363,108540.90822655518
2022-12-16,0.0,0.000245,-0.000245,0.35,0.0,90803.75795435409,84538.5942477073,20.71703126334781,-0.16331936313290762,0.0,0.000245,-0.000245,0.35,0.0,98610.67674612114,92698.79361119353,22.71677004340305,-0.09323576844421178,0.01095327875901144,9.205429214903526e-08,0.010953186704719292,0.00013150613164147895,0.939057443129545,110219.34333701071,109729.77705946044,0.009991656476008935,-0.0045424709247601225,0.010953186704719292,109729.77705946044
2022-12-19,0.001349096243666248,0.000245,0.001104096243666248,0.35,0.35,90926.26096312108,84631.932992061,20.711955590688287,-0.16239558718459446,-0.001349096243666248,0.000245,-0.001594096243666248,0.35,0.35,98477.64145253757,92551.02281250553,22.711204434742413,-0.09468123789962579,-0.0005958708453298694,4.298336003145192e-06,-0.0006001691813330146,0.006140480004493132,0.945197923134038,110153.66684372479,109663.92062899479,0.4716554513517741,-0.005139913855037093,-0.0006001691813330146,109663.92062899479
2022-12-20,0.0,0.000245,-0.000245,0.35,0.0,90926.26096312108,84611.19816847795,20.734823583054943,-0.1626008002657343,0.0,0.000245,-0.000245,0.35,0.0,98477.64145253757,92528.34781191646,22.675000589063853,-0.0949030409963404,-0.002897470675763357,1.3953942017486175e-06,-0.0028988660699651053,0.001993420288212311,0.9471913434222504,109834.49982421729,109346.01961038406,0.15302439898671993,-0.008023880003125261,-0.0028988660699651053,109346.01961038406
2022-12-21,0.0,0.0,0.0,0.0,0.0,90926.26096312108,84611.19816847795,0.0,-0.1626008002657343,0.0,0.0,0.0,0.0,0.0,98477.64145253757,92528.34781191646,0.0,-0.0949030409963404,0.006466417316614595,2.4693530395269917e-06,0.006463947963575068,0.003527647199324274,0.9436636962229261,110544.73553584232,110052.82659116964,0.27001392588507994,-0.0016117979823563333,0.006463947963575068,110052.82659116964
2022-12-22,0.0006809572659033813,0.000245,0.0004359572659033813,0.35,0.35,90988.17786118537,84648.08503509629,20.729743551277096,-0.16223573000014846,-0.0006809572659033813,0.000245,-0.0009259572659033813,0.35,0.35,98410.58238706144,92442.67051595799,22.669445213919534,-0.09574112210187691,0.006416853328414368,9.759531168213514e-07,0.006415877375297547,0.0013942187383162163,0.9422694774846099,111254.08489000417,110758.91203138349,0.1074063991266517,0.0,0.006415877375297547,110758.91203138349
2022-12-23,-0.003282341132807409,0.0,-0.003282341132807409,0.0,0.35,90689.52362239239,84370.2411437722,0.0,-0.1649855581231654,0.003282341132807409,0.0,0.003282341132807409,0.0,0.35,98733.59948953401,92746.09889581907,0.0,-0.09277303599224573,0.000763264950776226,5.83953735707679e-07,0.0007626809970405184,0.0008342196224395415,0.9431036971070494,111339.00123363141,110843.38574884269,0.06467808044364458,0.0,0.0007626809970405184,110843.38574884269
2022-12-26,-0.0017536316871470945,0.00049,-0.0022436316871470947,0.7,0.35,90530.4876000759,84180.94539728979,41.34141816044838,-0.16685902298418576,-0.0017536316871470945,0.0,-0.0017536316871470945,0.0,0.35,98560.45712088309,92583.4563979361,0.0,-0.09436397794376383,0.01052531061025053,3.993139307218388e-06,0.010521317470943313,0.005704484724597697,0.9373992123824517,112510.87880465045,112009.6041998605,0.4426130805788743,0.0,0.010521317470943313,112009.6041998605
2022-12-27,0.006059589027033829,0.0007349999999999999,0.005324589027033829,1.0499999999999998,0.7,91079.06514934934,84629.17433543755,61.87299486700798,-0.16242288967999496,-4.572783885747542e-06,0.000245,-0.00024957278388574753,0.35,0.7,98560.00642521298,92560.3500869811,22.682946817494344,-0.09459000004697571,0.0010466552098345981,3.276666657099886e-05,0.0010138885432635992,0.04680952367285551,0.9421978770043474,112628.63890211438,112123.16945429424,3.6701813535663828,0.0,0.0010138885432635992,112123.16945429424
2022-12-28,-0.007822354760881955,0.00049,-0.008312354760881956,0.7,0.7,90366.61239046164,83925.70661524087,41.4682954243644,-0.16938512776056924,-0.007822354760881955,0.0,-0.007822354760881955,0.0,0.7,97789.03508972017,91836.3101918093,0.0,-0.1016724382706583,-0.005529197289203359,2.66842080759217e-05,-0.005555881497279281,0.038120297251316715,0.9621268393145432,112005.89293721016,111500.22641170683,2.991917983850216,-0.005555881497279258,-0.005555881497279281,111500.22641170683
2022-12-29,-0.007988296852664528,0.000245,-0.008233296852664529,0.35,0.35,89644.73706511696,83234.72135910796,20.56179812073401,-0.1762238265739544,-0.007988296852664528,0.000245,-0.008233296852664529,0.35,0.35,97007.86724848786,91080.19458814675,22.499895996993278,-0.1090686357573063,-0.007453933766413054,1.3414240088575662e-05,-0.0074673480065016295,0.01916320012653666,0.951082557011865,111171.00842980825,110667.61541828689,1.4956908070171806,-0.012981741803157698,-0.0074673480065016295,110667.61541828689
2022-12-30,0.0,0.000245,-0.000245,0.35,0.0,89644.73706511696,83214.32885237498,20.39250673298145,-0.17642565173644376,0.0,0.000245,-0.000245,0.35,0.0,97007.86724848786,91057.87994047266,22.314647674095955,-0.10928691394154577,-0.0018379749132508075,3.219827417530474e-05,-0.001870173187426112,0.04599753453614963,0.9970800915480146,110966.67890523346,110460.64781121523,3.5633062235651836,-0.014827636885137552,-0.001870173187426112,110460.64781121523
2023-01-02,0.0,0.0,0.0,0.0,0.0,89644.73706511696,83214.32885237498,0.0,-0.17642565173644376,0.0,0.0,0.0,0.0,0.0,97007.86724848786,91057.87994047266,0.0,-0.10928691394154577,-0.00066832417918965,3.4719266598260354e-06,-0.000671796105849476,0.004959895228322908,0.9994885014852618,110892.51719063673,110386.44077816604,0.38351126799741253,-0.015489471842268565,-0.000671796105849476,110386.44077816604
2023-01-03,0.0,0.0,0.0,0.0,0.0,89644.73706511696,83214.32885237498,0.0,-0.17642565173644376,0.0,0.0,0.0,0.0,0.0,97007.86724848786,91057.87994047266,0.0,-0.10928691394154577,0.006659316949774742,6.870472213858819e-06,0.0066524464775608826,0.009814960305512599,0.9896735411797491,111630.98560996754,111120.78066729123,0.7584069741531618,-0.008940068247104138,0.0066524464775608826,111120.78066729123
2023-01-04,-0.006172208000493229,0.000245,-0.006417208000493229,0.35,0.35,89091.43110180153,82680.32519550784,20.387510568831868,-0.1817106996331217,0.006172208000493229,0.000245,0.0059272080004932285,0.35,0.35,97606.61998282974,91597.59893496378,22.309180585415803,-0.10400747221171602,0.009949621489711291,1.4978068662693056e-05,0.009934643421048599,0.021397240946704366,0.9973068171316556,112741.6716633101,112224.72599988931,1.6643746826867432,0.0,0.009934643421048599,112224.72599988931
2023-01-05,-0.00021796799359644623,0.00049,-0.0007079679935964462,0.7,0.35,89072.01202131764,82621.79017156927,40.51335934579884,-0.18229002226728397,0.00021796799359644623,0.00049,-0.00027203200640355375,0.7,0.35,97627.89510194914,91572.68145634375,44.88282347813225,-0.10425121085677291,-0.0022226251708112313,3.4729922356149905e-05,-0.0022573550931673813,0.049614174794499866,1.0,112491.08918607191,111971.39494307415,3.8975560204163533,-0.002257355093167379,-0.0022573550931673813,111971.39494307415
2023-01-06,0.0014504177956027374,0.0,0.0014504177956027374,0.0,0.35,89201.2036526435,82741.62628633868,0.0,-0.18110400116393843,-0.0014504177956027374,0.0,-0.0014504177956027374,0.0,0.35,97486.29386554603,91439.86280956841,0.0,-0.10555042084093591,-0.0038950685823149027,7.605916442151106e-06,-0.003902674498757054,0.010865594917358723,0.9949787126222815,112052.92867879286,111534.40703543958,0.8516450738481228,-0.006151219869767521,-0.003902674498757054,111534.40703543958
2023-01-09,0.0002907972722731855,0.0,0.0002907972722731855,0.0,0.35,89227.14311934917,82765.68732556619,0.0,-0.18086586844120145,-0.0002907972722731855,0.0,-0.0002907972722731855,0.0,0.35,97457.94511720592,91413.27234688634,0.0,-0.10581052433874139,0.0008755485858740666,3.947455873719128e-05,0.0008360740271368753,0.05639222676741612,0.9840675364708781,112151.03646204063,111627.65805629402,4.40277150173826,-0.005320288717798993,0.0008360740271368753,111627.65805629402
2023-01-10,0.0,0.000245,-0.000245,0.35,0.0,89227.14311934917,82745.40973217142,20.277593394763716,-0.1810665563034335,0.0,0.000245,-0.000245,0.35,0.0,97457.94511720592,91390.87609516135,22.396251724987152,-0.10602960076027834,0.005612152149295776,1.9009046264202007e-05,0.005593143103031574,0.027155780377431438,1.0,112780.44514236682,112252.00752205915,2.121935316356615,0.0,0.005593143103031574,112252.00752205915
2023-01-11,0.0,0.0,0.0,0.0,0.0,89227.14311934917,82745.40973217142,0.0,-0.1810665563034335,0.0,0.0,0.0,0.0,0.0,97457.94511720592,91390.87609516135,0.0,-0.10602960076027834,-0.00385912788921879,2.2540822377073582e-05,-0.003881668711595864,0.03220117482439083,0.9953787390581764,112345.2109811594,111816.28241664694,2.530252563024663,-0.003881668711596009,-0.003881668711595864,111816.28241664694
2023-01-12,0.0038950797989043442,0.00049,0.0034050797989043442,0.7,0.7,89574.6899620273,83027.1644553025,40.54525076876399,-0.17827802257765513,0.004188649148865998,0.00049,0.0036986491488659977,0.7,0.7,97866.16225607133,91728.89888124484,44.78152928662906,-0.102723117904019,0.006149374393061743,8.884586761800722e-06,0.0061404898062999425,0.01269226680257246,1.0,113036.06374475006,112502.88915900473,0.9934414625127123,0.0,0.0061404898062999425,112502.88915900473
2023-01-13,0.0,0.00049,-0.00049,0.7,0.0,89574.6899620273,82986.4811447194,40.68331058309822,-0.1786806663465922,0.0,0.00049,-0.00049,0.7,0.0,97866.16225607133,91683.95172079302,44.94716045180997,-0.10316278357624609,0.0006407716762269378,1.1064236642050334e-05,0.0006297074395848874,0.015806052345786192,1.0,113108.49405278987,112573.73306528296,1.2447585885695873,0.0,0.0006297074395848874,112573.73306528296
2023-01-16,0.0005906201686082412,0.000245,0.00034562016860824123,0.35,0.35,89627.59458051571,83015.16294632484,20.33168788045625,-0.1783968018200136,-0.0005906201686082412,0.000245,-0.0008356201686082412,0.35,0.35,97808.36052681862,91607.33876159742,22.462568171594288,-0.10391219884224823,0.005668645382313275,1.4864470365455312e-05,0.005653780911947819,0.02123495766493616,0.9995081209838851,113749.66599530262,113210.20028847417,1.6733489190775752,0.0,0.005653780911947819,113210.20028847417
2023-01-17,0.00020812243006641527,0.0,0.00020812243006641527,0.0,0.35,89646.24809330083,83032.44026376959,0.0,-0.17822580776585806,-0.00020812243006641527,0.0,-0.00020812243006641527,0.0,0.35,97788.00441314497,91588.27321964245,0.0,-0.10409869481297795,-0.004577560255694445,9.023428664061888e-06,-0.004586583684358507,0.01289061237723127,0.9999999999999999,113228.970045144,112690.95223092812,1.0215441663472051,-0.00458658368435827,-0.004586583684358507,112690.95223092812
2023-01-18,-0.001761838069540189,0.00049,-0.002251838069540189,0.7,0.35,89488.3059206186,82845.46465377681,40.6858957292471,-0.1800763101764965,-0.001761838069540189,0.0,-0.001761838069540189,0.0,0.35,97615.71778422552,91426.90951316063,0.0,-0.10567712783900729,0.00497777455834124,1.6782744972760448e-05,0.00496099181336848,0.023975349961086356,1.0,113792.59833150191,113250.01112238644,1.8912635120291967,0.0,0.00496099181336848,113250.01112238644
2023-01-19,-0.003863262315062604,0.0,-0.003863262315062604,0.0,0.35,89142.58912071669,82525.41089220603,0.0,-0.18324389046861878,-0.003863262315062604,0.0,-0.003863262315062604,0.0,0.35,97238.60266035194,91073.70337905579,0.0,-0.10913213168852542,-0.0013082934983427777,1.4395124729972563e-05,-0.0013226886230727503,0.020564463899960805,1.0,113643.72421494526,113100.216621112,1.6302480357775329,-0.0013226886230726098,-0.0013226886230727503,113100.216621112
2023-01-20,4.528718863885394e-05,0.0,4.528718863885394e-05,0.0,0.35,89146.62613796596,82529.1482360566,0.0,-0.1832069018806144,4.528718863885394e-05,0.0,4.528718863885394e-05,0.0,0.35,97243.00632329361,91077.82785104077,0.0,-0.10909178678732079,0.00784961750793679,1.0601786630045301e-05,0.007839015721306745,0.015145409471493287,1.0,114535.78398221002,113986.8109972881,1.1990643644289325,0.0,0.007839015721306745,113986.8109972881
2023-01-23,-0.0011537523160627726,0.0,-0.0011537523160627726,0.0,0.35,89043.77301159009,82433.93004013658,0.0,-0.18414927880931364,-0.0011537523160627726,0.0,-0.0011537523160627726,0.0,0.35,97130.81197952719,90972.74659621567,0.0,-0.1101196742017142,-0.003181752102327155,3.4762767940341157e-05,-0.0032165148702674963,0.04966109705763022,1.0,114171.35951073295,113620.17072470096,3.9624970589582538,-0.0032165148702674173,-0.0032165148702674963,113620.17072470096
2023-01-24,-0.0022738546229929043,0.0,-0.0022738546229929043,0.0,0.35,88841.30041667898,82246.48726722333,0.0,-0.18600440474336521,-0.0022738546229929043,0.0,-0.0022738546229929043,0.0,0.35,96909.95063367249,90765.88779580151,0.0,-0.1121431326944411,-0.0012028601047770213,7.41539157583646e-05,-0.0012770140205353858,0.10593416536909228,0.9203769950562504,114034.02733726933,113475.07617366989,8.425380568370478,-0.004489421356216328,-0.0012770140205353858,113475.07617366989
2023-01-25,0.0035382682447912647,0.0,0.0035382682447912647,0.0,0.35,89155.64476876927,82537.49740136658,0.0,-0.18312426997726872,0.0035382682447912647,0.0,0.0035382682447912647,0.0,0.35,97252.84403460391,91087.04185429968,0.0,-0.10900165693493391,0.0007557073649059777,1.1781196894807005e-05,0.0007439261680111707,0.016830281278295722,0.9035467137779547,114120.203691578,113559.49325225253,1.3368722150552281,-0.003748834986231353,0.0007439261680111707,113559.49325225253
2023-01-26,0.0027797245686886018,0.0,0.0027797245686886018,0.0,0.35,89403.4729049703,82766.92891073124,0.0,-0.180853580440959,0.0027797245686886018,0.0,0.0027797245686886018,0.0,0.35,97523.18015454175,91340.23874243125,0.0,-0.10652492695005511,0.007060847830124652,8.32173231639589e-06,0.007052526097808255,0.011888189023422702,0.8916585247545319,114925.98908418705,114360.37454206793,0.945011704830811,0.0,0.007052526097808255,114360.37454206793
2023-01-27,0.0,0.000245,-0.000245,0.35,0.0,89403.4729049703,82746.6510131481,20.277897583129153,-0.18105427131375096,0.0,0.000245,-0.000245,0.35,0.0,97523.18015454175,91317.86038393935,22.378358491895654,-0.10674382834295237,0.006792959787985868,4.597000225990325e-05,0.0067469897857259644,0.06567143179986179,0.9346944768216173,115706.67670663045,115131.96282099508,5.257146676142245,0.0,0.0067469897857259644,115131.96282099508
2023-01-30,0.0024972693200790816,0.000245,0.0022522693200790816,0.35,0.35,89626.73745496442,82933.0187565643,20.272929498221284,-0.17920978497422124,-0.0024972693200790816,0.000245,-0.0027422693200790816,0.35,0.35,97279.63850874527,91067.4422170332,22.372875794065138,-0.10919337733745893,-0.014254811202013997,2.6565688436692236e-05,-0.014281376890450689,0.03795098348098891,0.9726454603026062,114057.29987536494,113487.71986781107,3.0585598534073895,-0.014281376890450836,-0.014281376890450689,113487.71986781107
2023-01-31,-0.0012711119693978423,0.00049,-0.0017611119693978423,0.7,0.35,89512.81183620733,82786.96442457382,40.6371791907165,-0.18065528844626777,-0.0012711119693978423,0.0,-0.0012711119693978423,0.0,0.35,97155.98519585811,90951.68530120868,0.0,-0.11032569229794409,-0.004494480962736948,3.6866927835286306e-05,-0.004531347890572234,0.05266703976469472,0.9433683235857211,113544.67151241394,112973.46752778224,4.183943578557779,-0.01874801089397582,-0.004531347890572234,112973.46752778224
2023-02-01,-0.005673508908910829,0.0,-0.005673508908910829,0.0,0.35,89004.96010079295,82317.27184436932,0.0,-0.18530384796673682,-0.005673508908910829,0.0,-0.005673508908910829,0.0,0.35,96604.7698482954,90435.67010437182,0.0,-0.11537326740872078,-0.010850844840152526,1.1504264196372965e-05,-0.010862349104348898,0.016434663137675665,0.941980330438627,112312.61589940664,111746.31028396664,1.299676617619969,-0.029406712558982306,-0.010862349104348898,111746.31028396664
2023-02-02,-0.0011512498177737361,0.00049,-0.001641249817773736,0.7,0.35,88902.49315669596,82182.16863695512,40.335463203740964,-0.18664096787780238,0.0011512498177737361,0.0,0.0011512498177737361,0.0,0.35,96715.98607197932,90539.78415309972,0.0,-0.11435484104402727,0.0034252703517608537,8.536649354883374e-06,0.0034167337024059705,0.012195213364119106,0.9541755438027462,112697.31697277559,112128.1176684334,0.9539390675962212,-0.026090453762453336,0.0034167337024059705,112128.1176684334
2023-02-03,0.004846357971187703,0.0007349999999999999,0.0041113579711877036,1.0499999999999998,0.7,89333.34646306437,82520.04895107016,60.403893948162,-0.1832969577376492,0.004846357971187703,0.000245,0.0046013579711877035,0.35,0.7,97184.70636202053,90956.3901106222,22.182247117509434,-0.11027967063222144,0.0026124826052364965,1.9844795714841546e-06,0.0026104981256650124,0.002834970816405935,0.9570105146191521,112991.73675302378,112420.82790944118,0.2225159589019776,-0.023548064717433093,0.0026104981256650124,112420.82790944118
2023-02-06,0.0,0.00049,-0.00049,0.7,0.0,89333.34646306437,82479.61412708413,40.43482398602438,-0.18369714222835776,0.0,0.00049,-0.00049,0.7,0.0,97184.70636202053,90911.821479468,44.56863115420488,-0.1107156335936117,0.005305695050410192,1.1699952735408147e-05,0.005293995097674783,0.01671421819344021,0.9521252297712113,113591.23645145155,113015.9832212703,1.315318373015915,-0.01837873295893211,0.005293995097674783,113015.9832212703
2023-02-07,0.0,0.0,0.0,0.0,0.0,89333.34646306437,82479.61412708413,0.0,-0.18369714222835776,0.0,0.0,0.0,0.0,0.0,97184.70636202053,90911.821479468,0.0,-0.1107156335936117,-0.004641541120302043,7.600433817205026e-06,-0.004649141554119249,0.010857762596007181,0.9629829923672184,113063.99805655619,112490.55591739668,0.8589705007596187,-0.022942429181939783,-0.004649141554119249,112490.55591739668
2023-02-08,0.006790348348983743,0.000245,0.006545348348983742,0.35,0.35,89939.95100472904,83019.47193323566,20.20750546113561,-0.17835415566597146,0.006790348348983743,0.000245,0.006545348348983742,0.35,0.35,97844.62437241235,91506.87102009173,22.273396262469657,-0.10489495763417667,0.010111119694127025,3.526787396044571e-05,0.010075851820166579,0.050382677086351024,0.9599658944780571,114207.20167400256,113623.99408998854,3.9673027478352165,-0.013097741878604907,0.010075851820166579,113623.99408998854
2023-02-09,0.0039449480277993386,0.00049,0.0034549480277993386,0.7,0.35,90294.75943706551,83306.29989406034,40.67954124728547,-0.17551541197653997,-0.0039449480277993386,0.0,-0.0039449480277993386,0.0,0.35,97458.63241446363,91145.88116973094,0.0,-0.10842610050573076,0.0010979817699628004,1.9230185501136875e-05,0.0010787515844616635,0.02747169357305268,0.9874375880511097,114332.59909943907,113746.56615364598,2.1850104837305597,-0.012033119503947698,0.0010787515844616635,113746.56615364598
2023-02-10,0.005810812958879058,0.0,0.005810812958879058,0.0,0.35,90819.44539532127,83790.377221041,0.0,-0.17072448624805736,-0.005810812958879058,0.0,-0.005810812958879058,0.0,0.35,96892.31853027504,90616.24950228141,0.0,-0.11360686967471056,-0.008541004273980937,7.493522021435639e-06,-0.008548497796002372,0.01070503145919377,0.9954393731586861,113356.08388187541,112774.20388357868,0.8523623983350318,-0.02047875220439166,-0.008548497796002372,112774.20388357868
2023-02-13,0.0,0.000245,-0.000245,0.35,0.0,90819.44539532127,83769.84857862184,20.528642419155045,-0.17092765874892668,0.0,0.000245,-0.000245,0.35,0.0,96892.31853027504,90594.04852115335,22.200981128058945,-0.11382403599164026,-0.003997398240227238,1.5098847242827934e-05,-0.004012497087470066,0.021569781775468477,0.9875080648091027,112902.95447164695,112321.69771895406,1.7027604773696874,-0.02440907835828665,-0.004012497087470066,112321.69771895406
2023-02-14,0.0061687971631193324,0.000245,0.005923797163119332,0.35,0.35,91379.69213243198,84266.08416998682,20.52361290176235,-0.16601640236580284,0.0061687971631193324,0.000245,0.005923797163119332,0.35,0.35,97490.02758995265,91130.70928877845,22.19554188768257,-0.108574509330023,0.008086914311499674,2.692815342101984e-06,0.008084221496157572,0.0038468790601456915,0.983661185748957,113815.9909899743,113229.73120213854,0.3024615908685409,-0.01652218525809457,0.008084221496157572,113229.73120213854
2023-02-15,0.00016750964002839596,0.00049,-0.000322490359971604,0.7,0.35,91394.999111767,84238.90917016946,41.29038124329354,-0.1662853540364141,0.00016750964002839596,0.00049,-0.000322490359971604,0.7,0.35,97506.3581093806,91101.32051353545,44.65404755150144,-0.108861985457397,-0.0032652322211566445,9.580544633706539e-06,-0.003274812765790351,0.013686492333866485,0.9797346591551859,113444.35534891098,112858.92503293078,1.0848024936446823,-0.019742890960682824,-0.003274812765790351,112858.92503293078
2023-02-16,0.003975921938305205,0.0,0.003975921938305205,0.0,0.35,91758.37849378688,84573.83649719803,0.0,-0.16297056968524115,0.003975921938305205,0.0,0.003975921938305205,0.0,0.35,97894.03577771194,91463.5322523738,0.0,-0.10531889027531915,0.007646004648771237,1.444137857084159e-05,0.007631563270200395,0.020630540815487985,0.9591041183396978,114311.7514172856,113720.2150599264,1.6298384614987842,-0.012261996811985476,0.007631563270200395,113720.2150599264
2023-02-17,-0.0011936093448115302,0.0,-0.0011936093448115302,0.0,0.35,91648.85483575193,84472.88837562843,0.0,-0.1639696558351469,-0.0011936093448115302,0.0,-0.0011936093448115302,0.0,0.35,97777.18854180635,91354.3605255679,0.0,-0.10638679000851292,0.0004990630363944913,4.084913844497668e-06,0.0004949781225499936,0.005835591206425239,0.9634395138450462,114368.8001870435,113776.50407847275,0.46453728089754553,-0.011773088109596208,0.0004949781225499936,113776.50407847275
2023-02-20,-0.0009293752586911397,0.0,-0.0009293752586911397,0.0,0.35,91563.67865758021,84394.38136314193,0.0,-0.16474664175252884,-0.0009293752586911397,0.0,-0.0009293752586911397,0.0,0.35,97686.31684191122,91269.4580431219,0.0,-0.10721729201671848,0.008754765698856642,1.5569398886838557e-05,0.008739196299969804,0.02224199840976937,0.9719060438676643,115370.07223594042,114770.81928193884,1.7714317759477562,-0.0031367791376729626,0.008739196299969804,114770.81928193884
2023-02-21,0.0036156020668812847,0.0,0.0036156020668812847,0.0,0.35,91894.73648338582,84699.51786283168,0.0,-0.1617266979840798,0.0036156020668812847,0.0,0.0036156020668812847,0.0,0.35,98039.51169099085,91599.45208426574,0.0,-0.10398934501245827,0.004751115969803464,2.1332168027502467e-05,0.004729783801775962,0.030474525753574955,1.0,115918.20882857798,115313.6604438951,2.4483104015764394,0.0,0.004729783801775962,115313.6604438951
2023-02-22,0.001729570600706348,0.0007349999999999999,0.0009945706007063481,1.0499999999999998,0.7,92053.67491796715,84783.75751319206,62.254145629181274,-0.1608929760025376,-0.001729570600706348,0.000245,-0.001974570600706348,0.35,0.7,97869.94543386252,91418.58249913933,22.441865760645104,-0.10575858130971638,-0.002186001736744327,5.457593114540382e-06,-0.0021914593298588674,0.007796561592200546,0.9986219970571332,115664.81142275842,115060.95524685516,0.6293350392510495,-0.002191459329858869,-0.0021914593298588674,115060.95524685516
2023-02-23,0.0,0.00049,-0.00049,0.7,0.0,92053.67491796715,84742.2134720106,41.54404118146411,-0.16130413844429636,0.0,0.00049,-0.00049,0.7,0.0,97869.94543386252,91373.78739371475,44.795105424578274,-0.10619675960487462,0.004264142515664709,4.0542306068540366e-06,0.004260088285057855,0.005791758009791481,0.9944639461301157,116158.02266271254,115551.12507436985,0.4664836464156627,0.0,0.004260088285057855,115551.12507436985
2023-02-24,-0.006728839869595504,0.000245,-0.006973839869595504,0.35,0.35,91434.26048003635,84151.23484506171,20.761842300642595,-0.16715306908207828,-0.006728839869595504,0.000245,-0.006973839869595504,0.35,0.35,97211.39424299201,90736.56123215253,22.386577911460115,-0.11243000027831573,0.004093659785761043,1.445919072204923e-05,0.0040792005950389945,0.020655986745784616,0.9864097906887901,116633.53408888039,116022.48129253063,1.6707757555976788,0.0,0.0040792005950389945,116022.48129253063
2023-02-27,-0.0018437654444220075,0.00049,-0.0023337654444220077,0.7,0.35,91265.67715012698,83954.84560107486,41.23410507408024,-0.16909673846994755,0.0018437654444220075,0.0,0.0018437654444220075,0.0,0.35,97390.62925250134,90903.85816829806,0.0,-0.11079352938332321,0.002537848531312026,1.831746550413038e-05,0.002519531065807896,0.026167807863043402,0.9897885545923562,116929.53233206959,116314.80353847929,2.1252377987795423,0.0,0.002519531065807896,116314.80353847929
2023-02-28,-0.0003728583836289489,0.00049,-0.0008628583836289489,0.7,0.35,91231.64797726397,83882.4044587017,41.13787434452668,-0.16981369031514337,-0.0003728583836289489,0.0,-0.0003728583836289489,0.0,0.35,97354.31633989765,90869.9639026758,0.0,-0.11112507747066969,-0.005277628632694351,2.76666834715599e-05,-0.005305295316165911,0.03952383353079986,0.9885338742973293,116312.42168422631,115697.71915606585,3.218044852555782,-0.005305295316165748,-0.005305295316165911,115697.71915606585
2023-03-01,-0.0009409978177078725,0.0,-0.0009409978177078725,0.0,0.35,91145.79919561147,83803.47129916197,0.0,-0.1705948938208478,-0.0009409978177078725,0.0,-0.0009409978177078725,0.0,0.35,97262.70614067736,90784.45546494817,0.0,-0.11196150683298511,-0.001808757608780998,2.42461163208792e-06,-0.001811182220413086,0.0034637309029827423,0.9865504175765587,116102.04070650923,115488.16950418806,0.2805220356718386,-0.007106868680027967,-0.001811182220413086,115488.16950418806
2023-03-02,0.003421180143462543,0.0,0.003421180143462543,0.0,0.35,91457.62539397953,84090.17807112388,0.0,-0.16775734954070143,0.003421180143462543,0.0,0.003421180143462543,0.0,0.35,97595.45937962527,91095.0454413199,0.0,-0.1089233671735318,0.012520484177083468,2.1084006338801425e-05,0.012499400170744666,0.030120009055430608,0.9756756717583674,117555.69447010217,116931.70234980767,2.4349532978828745,0.0,0.012499400170744666,116931.70234980767
2023-03-03,-0.0063841351945800925,0.0,-0.0063841351945800925,0.0,0.35,90873.74754888909,83553.33500578151,0.0,-0.1730704991359292,-0.0063841351945800925,0.0,-0.0063841351945800925,0.0,0.35,96972.3967725686,90513.48235566611,0.0,-0.11461212086622707,-0.009499337000651073,7.5291775765227775e-06,-0.009506866178227595,0.01075596796646111,0.9774930027813749,116438.99331198509,115820.0483035757,0.8803995513168077,-0.009506866178227602,-0.009506866178227595,115820.0483035757
2023-03-06,-0.0004146590842970421,0.00049,-0.0009046590842970422,0.7,0.35,90836.06592394382,83477.74772224521,40.94113415283294,-0.1738185884209592,0.0004146590842970421,0.0,0.0004146590842970421,0.0,0.35,97012.6072578164,90551.01459337624,0.0,-0.11424498673901784,-0.0024695688450345646,1.0768913258261825e-05,-0.0024803377582928265,0.015384161797516893,0.9890879140248257,116151.43920175462,115532.77546460106,1.2472560537489015,-0.01196362369737547,-0.0024803377582928265,115532.77546460106
2023-03-07,-0.0006184372865666752,0.0007349999999999999,-0.0013534372865666752,1.0499999999999998,0.7,90779.88951381145,83364.76582587932,61.35614457585022,-0.17493677314885847,0.007714398050250647,0.000245,0.007469398050250648,0.35,0.7,97761.00112609581,91227.37616522824,22.18499857537718,-0.10762892996996642,0.0072373587830054185,1.2736780094464706e-05,0.007224622002910954,0.01819540013494958,0.9875085442109309,116992.06884042015,116367.45609627996,1.471515554795791,-0.004825434353463387,0.007224622002910954,116367.45609627996
2023-03-08,0.0005264552432373448,0.000245,0.00028145524323734477,0.35,0.35,90827.68106262649,83388.22927632226,20.424367627340434,-0.174704554777659,0.0005264552432373448,0.000245,0.00028145524323734477,0.35,0.35,97812.46791772278,91253.05258857673,22.35070716048092,-0.10737776745339311,-0.003109365120938891,7.1425893736399795e-06,-0.003116507710312531,0.01020369910519997,0.997712243316131,116628.29778214128,116004.79602212645,0.831164955350806,-0.007926903560407705,-0.003116507710312531,116004.79602212645
2023-03-09,-0.0007091242059493019,0.0,-0.0007091242059493019,0.0,0.35,90763.27295541475,83329.09666445118,0.0,-0.17528979175492587,-0.0007091242059493019,0.0,-0.0007091242059493019,0.0,0.35,97743.10672907869,91188.3428401194,0.0,-0.10801074748526052,0.010719548771439588,1.612295091507574e-05,0.010703425820524512,0.02303278702153677,0.9746794562945942,117878.50050834692,117246.44475117436,1.870339632178118,0.0,0.010703425820524512,117246.44475117436
2023-03-10,0.0017162557015945933,0.0,0.0017162557015945933,0.0,0.35,90919.04594011988,83472.11070171028,0.0,-0.1738743781578619,0.0017162557015945933,0.0,0.0017162557015945933,0.0,0.35,97910.85889329403,91344.84535343772,0.0,-0.1064798658448709,0.0037711204581259345,1.9278821232871566e-05,0.003751841636893063,0.027541173189816526,0.9598733434964017,118323.03453318715,117686.3348443695,2.2603732485476433,0.0,0.003751841636893063,117686.3348443695
2023-03-13,0.0,0.000245,-0.000245,0.35,0.0,90919.04594011988,83451.66003458836,20.450667121919018,-0.17407677893521312,0.0,0.000245,-0.000245,0.35,0.0,97910.85889329403,91322.46586632612,22.37948711159224,-0.10669877827773899,-0.007013030703522641,6.140314468488134e-06,-0.00701917101799113,0.008771877812125906,0.9511014656842758,117493.23145907193,116860.2743336163,0.7226311045882212,-0.00701917101799121,-0.00701917101799113,116860.2743336163
2023-03-14,0.0023806503535000467,0.000245,0.0021356503535000467,0.35,0.35,91135.4923989771,83629.88360184139,20.44565670847415,-0.17231289571618236,0.0023806503535000467,0.000245,0.0021356503535000467,0.35,0.35,98143.95041412984,91517.49872283603,22.374004137249898,-0.1047909992077859,1.5070283621215546e-05,1.4915956053352663e-05,1.5432756786288358e-07,0.021308508647646662,0.9589712255473473,117495.00211539361,116860.2923683782,1.7430827163429568,-0.007019017773674974,1.5432756786288358e-07,116860.2923683782
2023-03-15,0.00025754160442619244,0.00049,-0.00023245839557380755,0.7,0.35,91158.9635799097,83610.44313327727,40.97864296490228,-0.17250529853248142,-0.00025754160442619244,0.0,-0.00025754160442619244,0.0,0.35,98118.67426367546,91493.92915938186,0.0,-0.1050215527701468,-0.00272508510359598,5.1605874505272045e-06,-0.002730245691046507,0.007372267786467435,0.9663434933338148,117174.81823538199,116541.23505868501,0.6030677582611926,-0.009730099821689486,-0.002730245691046507,116541.23505868501
2023-03-16,6.607235759505947e-05,0.00049,-0.0004239276424049405,0.7,0.35,91164.98666754935,83574.99835523935,40.96911713530586,-0.17285609641037702,6.607235759505947e-05,0.0,6.607235759505947e-05,0.0,0.35,98125.15719580818,91499.97437898707,0.0,-0.10496241943414153,0.0001672294285881941,1.9074683482796394e-06,0.00016532196023991445,0.002724954783256628,0.9670443580209777,117194.4133132804,116560.5018841137,0.2222987171438591,-0.009566386460625353,0.00016532196023991445,116560.5018841137
2023-03-17,-0.00012671147526471804,0.00049,-0.000616711475264718,0.7,0.35,91153.43501759622,83523.45669470844,40.95174919406728,-0.1733662055474161,0.00012671147526471804,0.00049,-0.00036328852473528194,0.7,0.35,98137.59077923706,91466.7334882816,44.83498744570366,-0.10528757631636798,0.0015422825840147403,7.486179894367484e-06,0.0015347964041203727,0.010694542706239263,0.9563498153147384,117375.1602158773,116739.39852326791,0.8725928856822353,-0.00804627251204515,0.0015347964041203727,116739.39852326791
2023-03-20,-0.0005458802652157812,0.00049,-0.001035880265215781,0.7,0.35,91103.67615631348,83436.93639423579,40.926493780407135,-0.1742224991816499,-0.0005458802652157812,0.00049,-0.001035880265215781,0.7,0.35,98084.01940515485,91371.98490413735,44.81869940925799,-0.10621439125910515,0.003836826841837173,1.3127609563029963e-05,0.0038236992322741433,0.01875372794718566,0.957040196431653,117825.50838115852,117185.77487177748,1.532509244436418,-0.0042533398057978955,0.0038236992322741433,117185.77487177748
2023-03-21,-0.0033750253966612184,0.0,-0.0033750253966612184,0.0,0.35,90796.19893555672,83155.33461488565,0.0,-0.17700951921890318,-0.0033750253966612184,0.0,-0.0033750253966612184,0.0,0.35,97752.98334865583,91063.60213454254,0.0,-0.10923094038777603,-0.004265271537928642,3.2711641452431e-05,-0.0042979831793810725,0.046730916360615715,0.9699939867013996,117322.95059381839,116682.11238251584,3.833339050930883,-0.008533042202237495,-0.0042979831793810725,116682.11238251584
2023-03-22,0.0,0.000245,-0.000245,0.35,0.0,90796.19893555672,83134.961557905,20.373056980646982,-0.17721115188669456,0.0,0.000245,-0.000245,0.35,0.0,97752.98334865583,91041.29155201958,22.31058252296292,-0.10944917880738092,-0.00016765272579720886,6.902205130073314e-06,-0.00017455493092728217,0.009860293042961876,0.9601336936584377,117303.28108135275,116661.74494444845,0.8053638746743917,-0.008706107648572603,-0.00017455493092728217,116661.74494444845
2023-03-23,0.0,0.0,0.0,0.0,0.0,90796.19893555672,83134.961557905,0.0,-0.17721115188669456,0.0,0.0,0.0,0.0,0.0,97752.98334865583,91041.29155201958,0.0,-0.10944917880738092,-0.0051081637335825495,1.232174581164469e-06,-0.005109395908163714,0.0017602494016635273,0.9583734442567742,116704.07671510274,116065.67390219004,0.1437476367148419,-0.01377102060594071,-0.005109395908163714,116065.67390219004
2023-03-24,0.0011721409151192628,0.000245,0.0009271409151192628,0.35,0.35,90902.6248752664,83212.0393822422,20.368065581686725,-0.17644831068110478,-0.0011721409151192628,0.000245,-0.0014171409151192628,0.35,0.35,97638.4030772979,90912.27321279592,22.305116430244798,-0.11071121481308599,0.0044509708719550215,3.241237907188721e-06,0.0044477296340478326,0.0046303398674124585,0.9537431043893616,117223.52316120008,116581.90263950056,0.376196461975183,-0.009384540748332948,0.0044477296340478326,116581.90263950056
2023-03-27,0.0060951581389462215,0.00049,0.0056051581389462216,0.7,0.35,91456.69074912644,83678.45602204389,40.77389929729868,-0.17183217322687616,0.0060951581389462215,0.0,0.0060951581389462215,0.0,0.35,98233.5245844882,91466.39789479898,0.0,-0.10529085903618052,-0.00779735220089519,2.467737800756565e-05,-0.007822029578902755,0.03525339715366521,0.9405011858697753,116309.4900648824,115669.99554868964,2.876935680276171,-0.01713316417191768,-0.007822029578902755,115669.99554868964
2023-03-28,-0.004701754163973431,0.0,-0.004701754163973431,0.0,0.35,91026.68387257351,83285.02049300738,0.0,-0.17572601475487548,-0.004701754163973431,0.0,-0.004701754163973431,0.0,0.35,97771.6547012313,91036.34537763345,0.0,-0.10949756146525236,-0.011153541361723064,1.6519397676545498e-05,-0.01117006075939961,0.023599139537922142,0.9641003254076974,115012.22735668282,114377.95467037128,1.9107986557130516,-0.02811184644651632,-0.01117006075939961,114377.95467037128
2023-03-29,0.0031976724586227244,0.00049,0.0027076724586227244,0.7,0.35,91317.7573925926,83510.52904921213,40.809660041573615,-0.17349415078666808,-0.0031976724586227244,0.0,-0.0031976724586227244,0.0,0.35,97459.01297375919,90745.24096328573,0.0,-0.1123450965872912,0.0033128926335825714,2.422523700229558e-05,0.003288667396580276,0.03460748143185083,0.9712885684237795,115393.2505174647,114754.10572078326,2.7708330597275648,-0.024915629562802355,0.003288667396580276,114754.10572078326
2023-03-30,-0.0011580114408449526,0.0,-0.0011580114408449526,0.0,0.35,91212.01038477966,83413.82290114214,0.0,-0.17445125401598227,0.0011580114408449526,0.0,0.0011580114408449526,0.0,0.35,97571.87162579625,90850.32499052344,0.0,-0.11131718205361729,0.01070066286192033,3.9179109534879516e-06,0.010696744950966843,0.005597015647839931,0.9761823635402533,116628.0347877932,115981.60112175478,0.4495963677611712,-0.014485400746561572,0.010696744950966843,115981.60112175478
2023-03-31,0.004095820434332748,0.0007349999999999999,0.0033608204343327478,1.0499999999999998,0.7,91585.5984007702,83694.1617816541,61.30915983233946,-0.17167673292094143,-0.00540092142345196,0.000245,-0.005645921423451959,0.35,0.7,97044.89361400619,90337.39119433187,22.258329622678243,-0.11633461541411438,-0.0036774358469256864,2.1099450610459603e-05,-0.003698535297536146,0.030142072300656575,0.9659436526542522,116199.14267190808,115552.63907614119,2.447148064590491,-0.01813036127813772,-0.003698535297536146,115552.63907614119
2023-04-03,0.0,0.00049,-0.00049,0.7,0.0,91585.5984007702,83653.15164238108,41.01013927301051,-0.17208261132181024,0.0,0.00049,-0.00049,0.7,0.0,97044.89361400619,90293.12587264665,44.26532168522262,-0.11676761145256143,-0.007851338737427077,1.889309630119777e-05,-0.007870231833728274,0.026990137573139672,0.9389535150811126,115286.82384179231,114643.21301761284,2.183147137923084,-0.02585790296537771,-0.007870231833728274,114643.21301761284
2023-04-04,0.0,0.0,0.0,0.0,0.0,91585.5984007702,83653.15164238108,0.0,-0.17208261132181024,0.0,0.0,0.0,0.0,0.0,97044.89361400619,90293.12587264665,0.0,-0.11676761145256143,-0.007256485040641431,1.4051065449980139e-05,-0.007270536106091411,0.02007295064282877,0.9290349604255437,114450.24672920127,113809.69539804997,1.610859289506493,-0.03294043825433146,-0.007270536106091411,113809.69539804997
2023-04-05,-0.005153133108008817,0.000245,-0.005398133108008817,0.35,0.35,91113.6456214344,83201.58079491106,20.495022152383363,-0.17655181958833022,-0.005153133108008817,0.000245,-0.005398133108008817,0.35,0.35,96544.80835976066,89805.7115604479,22.12181583879843,-0.12153541745124519,-0.007742431437852611,6.059725902193886e-06,-0.007748491163754805,0.008656751288848408,0.926959484942552,113564.12354085511,112927.84197890855,0.6896555591243597,-0.040433690723342464,-0.007748491163754805,112927.84197890855
2023-04-06,0.0009660421987517042,0.00049,0.0004760421987517042,0.7,0.35,91201.6652479868,83241.1882583723,40.76877458950642,-0.17615982350596882,-0.0009660421987517042,0.0,-0.0009660421987517042,0.0,0.35,96451.54200081473,89718.9554533916,0.0,-0.12238405130809593,0.00042410057765752995,7.416729368738711e-06,0.00041668384828879126,0.01059532766962673,0.9375548126121787,113612.28615124997,112974.89718668327,0.8375552421532553,-0.04003385494090472,0.00041668384828879126,112974.89718668327
2023-04-07,0.00521234408948491,0.00049,0.00472234408948491,0.7,0.35,91677.03970879332,83634.28179174593,40.78818224660243,-0.172269366717822,0.00521234408948491,0.0,0.00521234408948491,0.0,0.35,96954.28062568438,90186.60152056384,0.0,-0.11780961500509401,0.0019220349535249248,3.1169102343227344e-05,0.0018908658511816974,0.04452728906175335,0.9584071931070661,113830.65293638255,113188.51756181431,3.5213261326273178,-0.03821868773892212,0.0018908658511816974,113188.51756181431
2023-04-10,-0.0023972382075433396,0.00049,-0.0028872382075433396,0.7,0.35,91457.26800644894,83392.80969789636,40.980798077955505,-0.1746592222277883,0.0023972382075433396,0.0,0.0023972382075433396,0.0,0.35,97186.70313158513,90402.80028753741,0.0,-0.11569479450785702,-0.004822381858645105,1.4295051981179402e-05,-0.004836676910626284,0.02042150283025629,0.9788286959373225,113281.7180607044,112641.06127237508,1.6180357422187732,-0.04287051320500701,-0.004836676910626284,112641.06127237508
2023-04-11,0.0,0.000245,-0.000245,0.35,0.0,91457.26800644894,83372.37845952038,20.431238375984606,-0.17486143071834248,0.0,0.000245,-0.000245,0.35,0.0,97186.70313158513,90380.65160146696,22.148686070446665,-0.11591144928320263,-0.003954747187912914,4.867878801802777e-06,-0.003959615066714717,0.006954112574003968,0.9737644518816233,112833.71750476188,112195.04602903026,0.5483230343803625,-0.04666037754171726,-0.003959615066714717,112195.04602903026
2023-04-12,0.0,0.0,0.0,0.0,0.0,91457.26800644894,83372.37845952038,0.0,-0.17486143071834248,0.0,0.0,0.0,0.0,0.0,97186.70313158513,90380.65160146696,0.0,-0.11591144928320263,-0.008408375423237247,4.668210052981136e-06,-0.008413043633290228,0.0066688715042587665,0.9670955803773646,111884.96924758234,111251.14421134903,0.5237500417674004,-0.054680865382803145,-0.008413043633290228,111251.14421134903
2023-04-13,-0.0004907756383498218,0.000245,-0.0007357756383498218,0.35,0.35,91412.38300736134,83311.03509453859,20.42623272258249,-0.1754685475758827,-0.0004907756383498218,0.000245,-0.0007357756383498218,0.35,0.35,97139.00626531661,90314.15171984042,22.143259642359403,-0.11656194010096399,0.005103419865098762,2.1207076509047184e-05,0.005082212788589715,0.03029582358435312,0.9973914039617177,112455.9652222464,111816.54619920519,2.3593115270091207,-0.049876552387553175,0.005082212788589715,111816.54619920519
2023-04-14,-7.068951975534587e-05,0.0,-7.068951975534587e-05,0.0,0.35,91405.92110990686,83305.14587747744,0.0,-0.17552683330827767,-7.068951975534587e-05,0.0,-7.068951975534587e-05,0.0,0.35,97132.13955561421,90307.76745582823,0.0,-0.11662438991315183,-0.004804275768151205,1.3767570060321993e-05,-0.0048180433382115275,0.01966795722903142,0.9859716657919374,111915.69575354512,111277.80923368827,1.5394421337007882,-0.05445428833480093,-0.0048180433382115275,111277.80923368827
2023-04-17,0.0026556178358854484,0.0,0.0026556178358854484,0.0,0.35,91648.66030431187,83526.3725086907,0.0,-0.17333734766160214,0.0026556178358854484,0.0,0.0026556178358854484,0.0,0.35,97390.0853978558,90547.59037380292,0.0,-0.11427848188721912,-0.0031544640489511236,1.6629033316800473e-05,-0.003171093082267924,0.023755761881143533,0.991257362997747,111562.6617147772,110924.93694261738,1.8504423971675694,-0.0574527018000307,-0.003171093082267924,110924.93694261738
2023-04-18,-0.0046641644822156825,0.00049,-0.0051541644822156825,0.7,0.35,91221.19587807785,83095.86384617808,40.927922529258446,-0.1775981029430591,0.0046641644822156825,0.00049,0.0041741644822156825,0.7,0.35,97844.32877508843,90925.55090949147,44.36831928316343,-0.11058133458517849,0.003533878383224848,2.3445085309593706e-05,0.0035104332979152544,0.03349297901370529,0.9762344486593757,111956.91059338608,111314.33153482991,2.600644609580967,-0.05414395237956937,0.0035104332979152544,111314.33153482991
2023-04-19,0.0,0.000245,-0.000245,0.35,0.0,91221.19587807785,83075.50535953577,20.35848664231363,-0.17779959140783796,0.0,0.000245,-0.000245,0.35,0.0,97844.32877508843,90903.27414951865,22.27675997282541,-0.11079924215820502,0.0034422398754230844,3.7574861969996043e-06,0.003438482389226085,0.005367837424285149,0.9720245372917004,112342.29313535981,111697.0839034809,0.41826206427036117,-0.05089164301708338,0.003438482389226085,111697.0839034809
2023-04-20,0.0020492678059883082,0.000245,0.0018042678059883082,0.35,0.35,91408.13253801454,83225.3958193222,20.353498813086265,-0.17631612168054456,-0.0020492678059883082,0.000245,-0.0022942678059883082,0.35,0.35,97643.81954213111,90694.71769417847,22.27130216663207,-0.112839306829982,0.0035991898669822256,4.715092435161955e-06,0.0035944747745470635,0.00673584633594565,0.9787603836276461,112746.63437844616,112098.57625396243,0.526662075342953,-0.04748009696959654,0.0035944747745470635,112098.57625396243
2023-04-21,0.0,0.000245,-0.000245,0.35,0.0,91408.13253801454,83205.00559734646,20.39022197573394,-0.17651792423073298,0.0,0.000245,-0.000245,0.35,0.0,97643.81954213111,90672.49748834339,22.220205835073724,-0.11305666119980873,-0.0042588317592751924,3.2524948905833627e-06,-0.004262084254165775,0.004646421272261947,0.9795230998006309,112266.46543120385,111620.80267719601,0.36460004650768224,-0.051539817050081926,-0.004262084254165775,111620.80267719601
2023-04-24,-0.002478865254814999,0.000245,-0.002723865254814999,0.35,0.35,91181.54409425854,82978.36637357315,20.385226371349884,-0.17876097844488392,0.002478865254814999,0.000245,0.002233865254814999,0.35,0.35,97885.86541374151,90875.04763004991,22.21476188464413,-0.11107534929227325,0.006329335398695623,6.224003833203395e-06,0.006323111394862419,0.008891434047433422,0.9706316657531975,112977.03754494399,112326.59344650789,0.6947283037281078,-0.045542597659697925,0.006323111394862419,112326.59344650789
2023-04-25,-0.0025356584401115432,0.0,-0.0025356584401115432,0.0,0.35,90950.33884239352,82767.96157853134,0.0,-0.18084336010123903,0.0025356584401115432,0.0,0.0025356584401115432,0.0,0.35,98134.07053454548,91105.47571156858,0.0,-0.10882133999908306,-0.0032065628844822293,2.082293156578963e-06,-0.003208645177638808,0.002974704509398518,0.967656961243799,112614.76956955362,111966.17726412514,0.23389689683549075,-0.0486051128009789,-0.003208645177638808,111966.17726412514
2023-04-26,-0.005548035574951559,0.0,-0.005548035574951559,0.0,0.35,90445.74312694203,82308.76198322742,0.0,-0.18538807028085513,0.005548035574951559,0.0,0.005548035574951559,0.0,0.35,98678.52184898594,91610.93213188926,0.0,-0.10387704908976014,0.007007322174149788,1.1182581715806683e-05,0.006996139592433981,0.01597511673686669,0.9836320779806657,113403.89754149514,112749.50826989618,1.2520709266625758,-0.04194902136260659,0.006996139592433981,112749.50826989618
2023-04-27,-0.004320237523199621,0.0,-0.004320237523199621,0.0,0.35,90054.99603367134,81953.16858121938,0.0,-0.18890738730647383,0.004320237523199621,0.0,0.004320237523199621,0.0,0.35,99104.8365018118,92006.71311842074,0.0,-0.10000558509183743,-0.006159204320511723,1.684502875133007e-05,-0.006176049349263053,0.024064326787614387,0.9701245135130422,112705.4197657947,112053.16174271615,1.8992687085047288,-0.04786599148578086,-0.006176049349263053,112053.16174271615
2023-04-28,0.000838690444234924,0.0,0.000838690444234924,0.0,0.35,90130.52429830041,82021.90192058322,0.0,-0.18822713168281824,-0.000838690444234924,0.0,-0.000838690444234924,0.0,0.35,99021.71822246027,91929.54796732285,0.0,-0.10076040180748569,0.0019948570907718345,1.7249235903015235e-05,0.001977607854868819,0.024641765575736052,0.967580317848435,112930.2509715829,112274.75895554145,1.9328314205788326,-0.0459830437916553,0.001977607854868819,112274.75895554145
2023-05-01,0.003296443825474338,0.0007349999999999999,0.002561443825474338,1.0499999999999998,0.7,90427.6345086103,82231.99641481136,60.28609791162865,-0.18614782108157957,0.005551782044623654,0.000245,0.005306782044623653,0.35,0.7,99571.46521971551,92417.39804184622,22.5227392519941,-0.09598833325398304,0.004945390051942618,6.9396988127142344e-06,0.004938450353129903,0.00991385544673462,0.9774941732951696,113488.73511130115,112829.22227855303,0.7791530114215478,-0.04127167841737611,0.004938450353129903,112829.22227855303
2023-05-02,-0.0025454453785452523,0.000245,-0.0027904453785452523,0.35,0.35,90197.45590425757,82002.5325204471,20.146839121628783,-0.18841883113306146,-0.0025454453785452523,0.000245,-0.0027904453785452523,0.35,0.35,99318.01149373701,92159.51234058317,22.642262520252324,-0.09851092843160547,-0.00819453966494701,1.9408323174477486e-05,-0.008213947988121487,0.027726175963539268,0.9497679973316303,112558.74716990693,111902.4489152168,2.189826009507112,-0.04914662298559491,-0.008213947988121487,111902.4489152168
2023-05-03,0.004215262393351715,0.0,0.004215262393351715,0.0,0.35,90577.6618481068,82348.19471194014,0.0,-0.18499780355278417,0.004215262393351715,0.0,0.004215262393351715,0.0,0.35,99736.66297256903,92547.98886714208,0.0,-0.09471091545020549,0.0007032971649651308,1.2852623029773836e-05,0.000690444541935357,0.01836089004253405,0.9681288873741644,112637.90941768355,111979.71135029949,1.4382399920158055,-0.04849011146125459,0.000690444541935357,111979.71135029949
2023-05-04,-0.0005249944601747546,0.00049,-0.0010149944601747546,0.7,0.35,90530.10907742096,82264.61175050214,40.35061540885067,-0.18582502626720832,0.0005249944601747546,0.0,0.0005249944601747546,0.0,0.35,99789.02416810596,92596.57604859765,0.0,-0.09423564369596016,-0.0074319897993266335,5.1069251653590495e-06,-0.007437096724491992,0.007295607379084357,0.9754244947532488,111800.78562387383,111146.90740580662,0.5718720059044868,-0.05556658253662783,-0.007437096724491992,111146.90740580662
2023-05-05,0.005204571253457207,0.0,0.005204571253457207,0.0,0.35,91001.27948069765,82692.76378399562,0.0,-0.18158759460363438,-0.005204571253457207,0.0,-0.005204571253457207,0.0,0.35,99269.66508151009,92114.65057072655,0.0,-0.09894975882718637,0.0017459076385886855,7.913412095520233e-06,0.0017379942264931652,0.011304874422171762,0.9773540550974463,111995.97946949475,111340.08008917049,0.8795512814447775,-0.053925162709769214,0.0017379942264931652,111340.08008917049
2023-05-08,-0.0016547284642556392,0.0,-0.0016547284642556392,0.0,0.35,90850.69707325725,82555.92971397427,0.0,-0.1829418449063437,0.0016547284642556392,0.0,0.0016547284642556392,0.0,0.35,99433.92942195758,92267.0753050009,0.0,-0.09745876534539333,0.00727863266188938,7.356502617326388e-06,0.007271276159272054,0.010509289453323412,0.9815022470085447,112811.15706366171,112149.66455909432,0.8190735905893124,-0.047045991300493584,0.007271276159272054,112149.66455909432
2023-05-09,0.0,0.000245,-0.000245,0.35,0.0,90850.69707325725,82535.70351119434,20.226202779923696,-0.18314202415434178,0.0,0.000245,-0.000245,0.35,0.0,99433.92942195758,92244.46987155116,22.60543344972522,-0.09767988794788374,0.011557516673851126,5.3589150549927246e-06,0.011552157758796134,0.007655592935703892,0.9891578399442486,114114.97389242142,113445.23517667704,0.6010005258181146,-0.036037316255119634,0.011552157758796134,113445.23517667704
2023-05-10,0.0,0.0,0.0,0.0,0.0,90850.69707325725,82535.70351119434,0.0,-0.18314202415434178,0.0,0.0,0.0,0.0,0.0,99433.92942195758,92244.46987155116,0.0,-0.09767988794788374,-0.005053067159860321,6.904283159083932e-05,-0.0051221099914511604,0.09863261655834188,0.9946244516209566,113538.34326539731,112864.15620409607,7.832580267086473,-0.04097483914891531,-0.0051221099914511604,112864.15620409607
2023-05-11,-0.006863155163124129,0.000245,-0.0071081551631241285,0.35,0.35,90227.17464256551,81949.02692413917,20.221247360242614,-0.18894837739288817,-0.006863155163124129,0.000245,-0.0071081551631241285,0.35,0.35,98751.49893585555,91588.78186676405,22.599895118530036,-0.10409371931115763,-0.011450406073889714,3.0236653044483002e-05,-0.011480642726934196,0.04319521863497572,0.9690143248624337,112238.28313005184,111568.40315003996,3.4126343323015864,-0.05198506438678718,-0.011480642726934196,111568.40315003996
2023-05-12,-0.0030016471823487876,0.00049,-0.0034916471823487876,0.7,0.35,89956.34449802837,81662.88983518328,40.15502319282819,-0.19178028350570364,0.0030016471823487876,0.0,0.0030016471823487876,0.0,0.35,99047.91609438909,91863.69907578919,0.0,-0.10140452474807937,0.0004936709492576807,2.02943038990483e-05,0.0004733766453586324,0.028991862712926142,0.9722259644796245,112293.69190982771,111621.21702645114,2.2642030790584484,-0.05153629625681677,0.0004733766453586324,111621.21702645114
2023-05-15,0.0024028079292076174,0.00049,0.0019128079292076174,0.7,0.35,90172.49231587075,81819.09525838202,40.0148160192398,-0.1902343144234514,0.0024028079292076174,0.0,0.0024028079292076174,0.0,0.35,99285.90921255217,92084.42990033483,0.0,-0.09924537241499409,0.003703022885247998,7.300818327116448e-06,0.0036957220669208814,0.010429740467309212,0.9796577872052266,112709.51802083879,112033.73802135237,0.814926226961757,-0.04803103801721942,0.0036957220669208814,112033.73802135237
2023-05-16,0.0,0.000245,-0.000245,0.35,0.0,90172.49231587075,81799.04958004372,20.045678338303595,-0.19043270701641768,0.0,0.000245,-0.000245,0.35,0.0,99285.90921255217,92061.86921500924,22.560685325582032,-0.09946605729875246,-0.0039962628452434755,1.6381120294610225e-05,-0.004012643965538086,0.02340160042087175,0.9562561867843548,112259.10116166683,111584.18651854432,1.8352381395826205,-0.05185095052789923,-0.004012643965538086,111584.18651854432
2023-05-17,0.003032921196457178,0.000245,0.002787921196457178,0.35,0.35,90445.97837915293,82027.09888421798,20.04076714711071,-0.1881756972003502,-0.003032921196457178,0.000245,-0.003277921196457178,0.35,0.35,98984.7828739919,91760.09766252388,22.555157957677263,-0.10241793659766207,-0.002938057288766658,1.1097797886965466e-05,-0.0029491550866536237,0.015853996981379237,0.9404021898029755,111929.2774912684,111255.10744728304,1.2383387493642615,-0.05464718912005573,-0.0029491550866536237,111255.10744728304
2023-05-18,0.0,0.000245,-0.000245,0.35,0.0,90445.97837915293,82007.00224499134,20.096639226633403,-0.18837459415453617,0.0,0.000245,-0.000245,0.35,0.0,98984.7828739919,91737.61643859657,22.48122392731835,-0.10263784420319566,-0.003679089697835852,7.178973615697925e-06,-0.00368626867145155,0.01025567659385418,0.9376243819103361,111517.47963956406,110844.99123016116,0.7986974809756827,-0.05813201357027098,-0.00368626867145155,110844.99123016116
2023-05-19,-0.0054418482737227155,0.000245,-0.005686848273722716,0.35,0.35,89953.78508784519,81540.64086584123,20.091715550022876,-0.19299018469267804,0.0054418482737227155,0.000245,0.005196848273722715,0.35,0.35,99523.44304379955,92214.36291222094,22.47571602745616,-0.09797438923293877,0.001122577668560388,5.568933711880869e-06,0.0011170087348485072,0.007955619588401242,0.929668762321935,111642.66667186157,110968.80605357944,0.6172884084547837,-0.05707993880235496,0.0011170087348485072,110968.80605357944
2023-05-22,-0.002810172438153635,0.0,-0.002810172438153635,0.0,0.35,89700.99944028372,81311.49760429066,0.0,-0.1952580214329741,0.002810172438153635,0.0,0.002810172438153635,0.0,0.35,99803.12108039139,92473.50117327877,0.0,-0.09543954172305236,0.0046695975036376795,8.701213415949382e-06,0.00466089629022173,0.01243030487992769,0.9339828567997827,112163.99298945196,111486.02015004489,0.9655632639852905,-0.05268508618714329,0.00466089629022173,111486.02015004489
2023-05-23,0.0,0.000245,-0.000245,0.35,0.0,89700.99944028372,81291.57628737761,19.92131691305121,-0.19545518321772304,0.0,0.000245,-0.000245,0.35,0.0,99803.12108039139,92450.84516549131,22.656007787453298,-0.09566115903533035,-0.00025067583998285986,2.5033377121445355e-05,-0.0002757092171043052,0.03576196731635051,0.898220889483432,112135.8761862935,111455.28242671126,2.7908715861851294,-0.05294626964038174,-0.0002757092171043052,111455.28242671126
2023-05-24,-0.012568375423450205,0.00049,-0.013058375423450206,0.7,0.7,88573.60360345955,80230.040365453,39.832872380815026,-0.2059612314802569,0.012568375423450205,0.00049,0.012078375423450204,0.7,0.7,101057.48417456182,93567.50118161537,45.30091413109074,-0.08473821500415124,0.011916014341526605,5.274250926770119e-06,0.011910740090599834,0.00753464418110017,0.8983979187762643,113472.08889512903,112782.79732742021,0.5878431266325072,-0.041666158806235365,0.011910740090599834,112782.79732742021
2023-05-25,0.0021526982002532057,0.000245,0.0019076982002532057,0.35,0.35,88764.27584052664,80383.09506906441,19.656359889535985,-0.2044464451506205,-0.0021526982002532057,0.000245,-0.0023976982002532057,0.35,0.35,100839.93791025711,93343.15455243003,22.924037789495767,-0.0869327365387963,-0.0054981005946420835,3.526307301841562e-05,-0.005533363667660499,0.0503758185977366,0.9487737373740008,112848.20793569945,112158.72909435154,3.977068017377989,-0.046968968464586536,-0.005533363667660499,112158.72909435154
2023-05-26,-0.0011340342261401792,0.00049,-0.0016240342261401792,0.7,0.35,88663.61411366494,80252.55017146918,39.38771658384156,-0.2057384513524233,-0.0011340342261401792,0.0,-0.0011340342261401792,0.0,0.35,100725.58196930503,93237.30022039167,0.0,-0.08796818606632961,0.008871577826136644,1.7138344787463548e-05,0.00885443948134918,0.0244833496963765,0.9632525208829277,113849.34959494104,113151.83177342251,1.9222149701427158,-0.038530412872008424,0.00885443948134918,113151.83177342251
2023-05-29,0.005834910513176783,0.00049,0.005344910513176783,0.7,0.35,89180.958367793,80681.49287058991,39.32374958401989,-0.2014931944508449,-0.005834910513176783,0.0,-0.005834910513176783,0.0,0.35,100137.85721212649,92693.26891711549,0.0,-0.09328981008580273,-0.01730786317540443,2.058819492898517e-05,-0.017328451370333415,0.029411707041407387,0.9926642279243351,111878.86062954302,111191.08575907262,2.3295919691229607,-0.055191191856610256,-0.017328451370333415,111191.08575907262
2023-05-30,0.0,0.000245,-0.000245,0.35,0.0,89180.958367793,80661.72590483661,19.766965753294528,-0.20168882861820447,0.0,0.000245,-0.000245,0.35,0.0,100137.85721212649,92670.5590662308,22.709850884693296,-0.09351195408233182,-0.004888880441179154,1.4271114433035231e-05,-0.004903151555612189,0.020387306332907473,0.9974625756923037,111331.89825602983,110645.89901396283,1.5868207088011594,-0.059823732634014526,-0.004903151555612189,110645.89901396283
2023-05-31,-0.00036818590497792456,0.000245,-0.0006131859049779246,0.35,0.35,89148.12319592957,80612.26527144057,19.762122846684967,-0.20217834177628213,0.00036818590497792456,0.000245,0.00012318590497792457,0.35,0.35,100174.7265597067,92681.97477291418,22.704286971226544,-0.09340028753204377,0.004262309111536598,1.6871366096208106e-05,0.00424543774544039,0.02410195156601158,1.0,111806.42922037117,111115.6392900149,1.8667474693086383,-0.05583227282117176,0.00424543774544039,111115.6392900149
2023-06-01,0.0,0.000245,-0.000245,0.35,0.0,89148.12319592957,80592.51526644907,19.75000499150294,-0.2023738080825469,0.0,0.000245,-0.000245,0.35,0.0,100174.7265597067,92659.2676890948,22.707083819363973,-0.09362240446159853,-0.006428892097478267,2.6289384242048463e-05,-0.0064551814817203155,0.03755626320292638,1.0,111087.63775110905,110398.36767294047,2.9211617365960585,-0.06192704684929451,-0.0064551814817203155,110398.36767294047
2023-06-02,0.0019308885422251953,0.000245,0.0016858885422251953,0.35,0.35,89320.25828556945,80728.38526452589,19.74516624028002,-0.20102909922461454,-0.0019308885422251953,0.000245,-0.0021758885422251953,0.35,0.35,99981.30032797201,92457.65145019913,22.701520583828227,-0.09559458108666008,-0.0015029813504439536,2.8404336459596357e-05,-0.00153138568690355,0.04057762351370908,1.0,110920.67510330428,110229.30519282861,3.1357923799724268,-0.06336359834302085,-0.00153138568690355,110229.30519282861
2023-06-05,0.0,0.000245,-0.000245,0.35,0.0,89320.25828556945,80708.60681013607,19.778454389808843,-0.20122484709530464,0.0,0.000245,-0.000245,0.35,0.0,99981.30032797201,92434.99932559383,22.652124605298788,-0.09581616041429386,0.0015349738167147122,1.1321777619193762e-05,0.0015236520390955184,0.01617396802741966,1.0,111090.93543532018,110397.25629845374,1.2479916805114457,-0.061936490379745246,0.0015236520390955184,110397.25629845374
2023-06-06,-0.0015883649401318366,0.000245,-0.0018333649401318366,0.35,0.35,89178.38511886513,80560.63848004348,19.773608668483337,-0.20268929345568865,-0.0015883649401318366,0.000245,-0.0018333649401318366,0.35,0.35,99822.49353586226,92265.53223858916,22.646574834770487,-0.09747385936522424,-0.004972609385886011,1.1808302319395014e-05,-0.0049844176882054055,0.01686900331342145,1.0,110538.52360708764,109846.99026143037,1.303604177603877,-0.06661219072975644,-0.0049844176882054055,109846.99026143037
2023-06-07,-0.0018163393366525447,0.0,-0.0018163393366525447,0.0,0.35,89016.40690999458,80414.31302338633,0.0,-0.20413748025551925,-0.0018163393366525447,0.0,-0.0018163393366525447,0.0,0.35,99641.18201417032,92097.94672296703,0.0,-0.09911315309681645,-0.0023692930591791214,4.6397383358371763e-05,-0.002415690442537493,0.06628197622624538,0.9790072990295792,110276.62545033348,109581.63393691431,5.096612917922915,-0.06886696673979176,-0.002415690442537493,109581.63393691431
2023-06-08,0.00033223820256436665,0.000245,8.723820256436665e-05,0.35,0.7,89045.9815610251,80421.32822351494,19.70150669072965,-0.20406805063980837,-0.0038470380029290317,0.000245,-0.004092038002929031,0.35,0.7,99257.85860030504,91721.07842498491,22.56399694712692,-0.10279961631068313,-0.0001382669215522288,2.891176861171773e-05,-0.00016717869016394653,0.04130252658816819,0.9951455188289943,110261.3778408133,109563.31422288672,3.1681988444780216,-0.06902263234066053,-0.00016717869016394653,109563.31422288672
2023-06-09,0.0,0.00049,-0.00049,0.7,0.0,89045.9815610251,80381.92177268541,39.40645082952232,-0.204458057294995,0.0,0.00049,-0.00049,0.7,0.0,99257.85860030504,91676.13509655668,44.9433284282426,-0.10323924449869082,-0.008275702774659421,1.9458307777135747e-05,-0.008295161082436556,0.027797582538765353,0.9923976953581642,109348.88745027831,108654.46888268227,2.1319166892319643,-0.07674523956949741,-0.008295161082436556,108654.46888268227
2023-06-12,0.0032822511638684825,0.000245,0.0030372511638684825,0.35,0.35,89338.25283764157,80626.06185814348,19.693570834307923,-0.202041796603608,-0.0032822511638684825,0.000245,-0.0035272511638684825,0.35,0.35,98932.0693783911,91352.77034233838,22.460653098656387,-0.10640234491724443,-0.003196603229049274,4.209893091748727e-05,-0.003238702159966761,0.06014132988212467,0.9856480453747354,108999.34244356179,108302.56941962188,4.574236979368311,-0.07973538675630332,-0.003238702159966761,108302.56941962188
