timestamp,return_1d,return_5d,sma_ratio_10,sma_ratio_30,volatility_20d,rsi_14,range_pct,volume_zscore_20,target_return,target_direction,probability_up,signal,long_threshold,threshold_validation_score,threshold_validation_observations,threshold_source
2020-01-20,-0.004038394119527999,-0.0019858797611409518,-0.0036157237142998566,-0.0037867863592969675,0.0027066349780766282,44.09869519323499,0.002472595631224804,0.0,0.00021081316828008845,1.0,0.5517389282576012,0.0,0.61,0.9744400739156209,125,nested_validation
2020-01-21,0.00021081316828008845,-0.0034844074666027236,-0.0025003123086512202,-0.0036720118558363213,0.0026930907903635402,44.52828265805367,0.0029995334512649937,0.0,-0.0010198972346647794,0.0,0.565350650434592,0.0,0.61,0.9744400739156209,125,nested_validation
2020-01-22,-0.0010198972346647794,-0.004068424674222415,-0.002898100510345114,-0.004666918087814276,0.002701709686169911,42.813742142671295,0.002360826157962433,0.0,0.0009765264799332929,1.0,0.6023520521299998,0.0,0.61,0.9744400739156209,125,nested_validation
2020-01-23,0.0009765264799332929,-0.005160924462657923,-0.0017738189758360612,-0.0035773989416351126,0.0027084590715049433,44.99536765730169,0.005963666240956524,0.0,-0.0037146146349177345,0.0,0.5192745739431802,0.0,0.61,0.9744400739156209,125,nested_validation
2020-01-24,-0.0037146146349177345,-0.007572858464329424,-0.004981556122461539,-0.006889799282236764,0.0028233718252183688,38.90877301786652,0.0035837555536886844,0.0,-0.002701160722729412,0.0,0.5195571090631064,0.0,0.61,0.9744400739156209,125,nested_validation
2020-01-27,-0.002701160722729412,-0.006240370635767323,-0.006853056149273007,-0.009278351811206509,0.002282082794785019,35.19440210531246,0.002712044806963658,0.0,-0.0005068798012614062,0.0,0.5656547773583354,0.0,0.61,0.9744400739156209,125,nested_validation
2020-01-28,-0.0005068798012614062,-0.006953434611900344,-0.0063184839783426705,-0.009432780501742677,0.0022104831269035325,34.53004822620187,0.0025422831305705407,0.0,0.0002534602516883755,1.0,0.5979654683397893,0.0,0.61,0.9744400739156209,125,nested_validation
2020-01-29,0.0002534602516883755,-0.005687640353502332,-0.005094706225474366,-0.008799126991606565,0.002152465037071758,35.18853505189527,0.0033553613753940603,0.0,-0.000517823376805393,0.0,0.5800827979582901,0.0,0.61,0.9744400739156209,125,nested_validation
2020-01-30,-0.000517823376805393,-0.007172041328834422,-0.004377391664081132,-0.009018103311446035,0.0021447206102568643,34.42651797377199,0.002569574472321267,0.0,0.001113983627091697,1.0,0.6056293267842482,0.0,0.61,0.9744400739156209,125,nested_validation
2020-01-31,0.001113983627091697,-0.0023601998362913212,-0.002272377600685105,-0.007626081657705397,0.002030165981257772,37.557638118301846,0.006547625931659681,0.0,0.0055005980931706056,1.0,0.6052078590844138,0.0,0.61,0.9744400739156209,125,nested_validation
2020-02-03,0.0055005980931706056,0.005844363032763367,0.0032592682319583233,-0.002197220456540472,0.0024296482304723478,50.21328330139262,0.004107905646411175,0.0,-0.002422820498873768,0.0,0.6017070998311236,0.0,0.61,0.9744400739156209,125,nested_validation
2020-02-04,-0.002422820498873768,0.0039162475593768065,0.0011365392325350943,-0.00452237990490556,0.002326836373751947,45.7871273884436,0.0028695332186455935,0.0,-0.0014140775226544333,0.0,0.5769521403231035,0.0,0.61,0.9744400739156209,125,nested_validation
2020-02-05,-0.0014140775226544333,0.002242603496540596,6.776018153376029e-05,-0.005802190375286842,0.0022138083304159588,43.389007069560996,0.004542829432018249,0.0,-0.0040708387449320815,0.0,0.5522002378057341,0.0,0.61,0.9744400739156209,125,nested_validation
2020-02-06,-0.0040708387449320815,-0.001320224792049407,-0.0031539298348091105,-0.009572667749062291,0.0022404213018402965,37.335220626994015,0.0043026599650443425,0.0,-0.0017573176694881676,0.0,0.5744091340503139,0.0,0.61,0.9744400739156209,125,nested_validation
2020-02-07,-0.0017573176694881676,-0.004184544520192235,-0.0042539310551189535,-0.010962540320238467,0.00225559851079183,35.06974447420643,0.0036499852168435072,0.0,-0.0030657140611913825,0.0,0.5748634857137787,0.0,0.61,0.9744400739156209,125,nested_validation
2020-02-10,-0.0030657140611913825,-0.012668344585508362,-0.006621651332980871,-0.013304550795488312,0.002303804638037506,31.486567339611113,0.004722511614933469,0.0,-0.0032740540687078434,0.0,0.5716458199185995,0.0,0.61,0.9744400739156209,125,nested_validation
2020-02-11,-0.0032740540687078434,-0.013510835639753416,-0.008918098208387626,-0.015681022570191216,0.0022928763689062256,28.18473477889505,0.0030714796527444243,0.0,0.0005459388777842022,1.0,0.512229504584642,0.0,0.61,0.9744400739156209,125,nested_validation
2020-02-12,0.0005459388777842022,-0.011574562658651866,-0.007447285865879727,-0.014250383911561304,0.0023149198481450953,29.507824410981613,0.003472538744822661,0.0,-0.003980624613736494,0.0,0.5399727863950514,0.0,0.61,0.9744400739156209,125,nested_validation
2020-02-13,-0.003980624613736494,-0.011485028236375316,-0.010130428566628602,-0.017154293170043244,0.0022945582100586323,25.776782534526774,0.00508888839443423,0.0,-0.00275489189509992,0.0,0.5279687383825291,0.0,0.61,0.9744400739156209,125,nested_validation
2020-02-14,-0.00275489189509992,-0.012472881265420788,-0.01120924470096929,-0.0189001027647403,0.002317651901814198,23.564889374151548,0.002874721389432508,0.0,-0.00039029385027244956,0.0,0.5224399332841398,0.0,0.61,0.9744400739156209,125,nested_validation
2020-02-17,-0.00039029385027244956,-0.009822706575315698,-0.009355013541752055,-0.018335219853165108,0.0022397121414771985,23.261191922623937,0.0021912709371433386,0.0,-0.00015173635873622082,0.0,0.5997986183953248,0.0,0.61,0.9744400739156209,125,nested_validation
2020-02-18,-0.00015173635873622082,-0.006720903003439194,-0.007484613970567655,-0.01742283423306512,0.0022300754370430083,23.136400529291635,0.0048060438065564886,0.0,-0.004123896362855595,0.0,0.550726652302463,0.0,0.61,0.9744400739156209,125,nested_validation
2020-02-19,-0.004123896362855595,-0.011356821806076,-0.009292898475343425,-0.020411341314896747,0.002320568754176143,19.996952182653956,0.002304037548358492,0.0,0.0013611103197250785,1.0,0.5452243244551223,0.0,0.61,0.9744400739156209,125,nested_validation
2020-02-20,0.0013611103197250785,-0.006054646033000433,-0.006191407079439881,-0.018177852697011443,0.002341045418959799,23.66356458732953,0.003831755212298669,0.0,-0.002044404117788723,0.0,0.5320834812683627,0.0,0.61,0.9744400739156209,125,nested_validation
2020-02-21,-0.002044404117788723,-0.00534650916717927,-0.00644220738023904,-0.01922568070831221,0.0022826096264041227,22.028299137695214,0.007039515100563791,0.0,0.004732348696283584,1.0,0.5012660416629674,0.0,0.61,0.9744400739156209,125,nested_validation
2020-02-24,0.004732348696283584,-0.0002492654530836802,-0.0007256575510489194,-0.013754578810071139,0.0025950045396206695,33.466424448826714,0.005091584176110852,0.0,0.0009362707871525267,1.0,0.6648481186232846,1.0,0.61,0.9744400739156209,125,nested_validation
2020-02-25,0.0009362707871525267,0.0008386355643499321,0.0008028114069487113,-0.01197253358664696,0.0026234065749166594,35.49219345022421,0.00460654295235408,0.0,0.003022975138468942,1.0,0.604612304767744,0.0,0.61,0.9744400739156209,125,nested_validation
2020-02-26,0.003022975138468942,0.00802112050983217,0.004174828733281899,-0.008236394691381266,0.0027444077568853763,41.672971163944545,0.004405333637144409,0.0,0.00035821955024295526,1.0,0.6555056103701066,1.0,0.61,0.9744400739156209,125,nested_validation
2020-02-27,0.00035821955024295526,0.007011559556461933,0.004442359241869198,-0.007072385426169392,0.002752950258846392,42.37964185029237,0.011027459139814177,0.0,0.010227393434993015,1.0,0.4123215893951208,0.0,0.61,0.9744400739156209,125,nested_validation
2020-02-28,0.010227393434993015,0.019394717728207445,0.013301113240810514,0.0035170011401588486,0.0036166741065226664,58.02259427316438,0.009201699182148268,0.0,0.00491786361275226,1.0,0.3173030617247246,-1.0,0.61,0.9744400739156209,125,nested_validation
2020-03-02,0.00491786361275226,0.019582939921066522,0.01632197494548393,0.008584941039607497,0.0035732148161300103,63.242935933815886,0.011473260592295427,0.0,0.008391445909351924,1.0,0.35068213060699965,-1.0,0.61,0.9744400739156209,125,nested_validation
2020-03-03,0.008391445909351924,0.027176999193931906,0.021993762346296686,0.01690267056710293,0.003985457190201124,70.10760511014281,0.009888209680792402,0.0,0.003287119964528573,1.0,0.292907144747742,-1.0,0.61,0.9744400739156209,125,nested_validation
2020-03-04,0.003287119964528573,0.02744750495153636,0.021743091316691388,0.01995042182411222,0.004011658502415875,72.30764839404809,0.007937811079477908,0.0,-0.0037204257922510697,0.0,0.2850741214303749,-1.0,0.61,0.9744400739156209,125,nested_validation
2020-03-05,-0.0037204257922510697,0.02325841158594999,0.014890591839070488,0.01602402309894857,0.003991900768314847,66.33710269656243,0.007428291956241895,0.0,0.007609796086103016,1.0,0.2719851962902258,-1.0,0.61,0.9744400739156209,125,nested_validation
2020-03-06,0.007609796086103016,0.02060704960269444,0.018568894695667026,0.023231146383900114,0.004227375083279141,71.50128283640007,0.012547201363915362,0.0,0.014448797785124645,1.0,0.29560013482782677,-1.0,0.61,0.9744400739156209,125,nested_validation
2020-03-09,0.014448797785124645,0.03028678459183265,0.028182332487567185,0.03687918618208297,0.0050155544050491385,78.34562008684594,0.012211654011826261,0.0,0.0010486546000194608,1.0,0.3195768131290261,-1.0,0.61,0.9744400739156209,125,nested_validation
2020-03-10,0.0010486546000194608,0.022784558270189548,0.0241852623099732,0.03677628574451974,0.004876118620901273,78.75026599792832,0.0077923487826239545,0.0,-0.007146411649794571,0.0,0.27552507451533564,-1.0,0.61,0.9744400739156209,125,nested_validation
2020-03-11,-0.007146411649794571,0.012148266015455045,0.012911235208591387,0.028450449606454375,0.005277202991546628,69.24405731509502,0.009451306771861673,0.0,-0.004859278542138523,0.0,0.29651053180767034,-1.0,0.61,0.9744400739156209,125,nested_validation
2020-03-12,-0.004859278542138523,0.010991273675265756,0.0046116231432522525,0.022694939308579132,0.005328563464313418,63.65733097479037,0.022380066824433647,0.0,-0.006800472200027663,0.0,0.2825882482889732,-1.0,0.61,0.9744400739156209,125,nested_validation
2020-03-13,-0.006800472200027663,-0.003467354600468542,-0.0038881545278823815,0.01526129691420186,0.0055674541280014474,56.78583404357517,0.013943361760774011,0.0,-0.0026438297866444582,0.0,0.39178865633801063,0.0,0.61,0.9744400739156209,125,nested_validation
2020-03-16,-0.0026438297866444582,-0.020258109745640573,-0.007441456510489219,0.012376280862195665,0.005628161936516811,54.3463987024217,0.013151816213114308,0.0,0.0007032639633588467,1.0,0.4058447325073794,0.0,0.61,0.9744400739156209,125,nested_validation
2020-03-17,0.0007032639633588467,-0.020596148934528102,-0.006912708692933922,0.012781016115070543,0.005619129527711682,54.89993525245291,0.020703568502588962,0.0,-0.013229605475047146,0.0,0.39668350980129957,0.0,0.61,0.9744400739156209,125,nested_validation
2020-03-18,-0.013229605475047146,-0.026596936491865897,-0.01860894053258022,-0.0005216770003962923,0.006373431133795724,44.06785834984212,0.01934648696622008,0.0,-0.0048998489149221225,0.0,0.5357225210785052,0.0,0.61,0.9744400739156209,125,nested_validation
2020-03-19,-0.0048998489149221225,-0.026636620653415877,-0.021870503214482806,-0.005296335041961697,0.006501947796690196,40.89231401938595,0.022593171315680376,0.0,-0.027751725571960928,0.0,0.5279288799655337,0.0,0.61,0.9744400739156209,125,nested_validation
2020-03-20,-0.027751725571960928,-0.0471694362789169,-0.0441835620483817,-0.03194756848685265,0.008986951209490111,28.4492798979841,0.016457105452342496,0.0,0.0034757157946581074,1.0,0.5070274494838187,0.0,0.61,0.9744400739156209,125,nested_validation
2020-03-23,0.0034757157946581074,-0.041323089467123375,-0.034874750253416575,-0.027832531487611,0.00895400438255815,31.194784000868808,0.015376483290458631,0.0,0.006566417369906263,1.0,0.5480695417781117,0.0,0.61,0.9744400739156209,125,nested_validation
2020-03-24,0.006566417369906263,-0.03570616985050579,-0.022952804095837886,-0.021007323731660477,0.009086384701964071,36.19339672416311,0.012552145567945108,0.0,0.003532443485666059,1.0,0.5928497099393372,0.0,0.61,0.9744400739156209,125,nested_validation
2020-03-25,0.003532443485666059,-0.019325925283824263,-0.014906843614471477,-0.01720116069482691,0.009096512678686006,38.786668326160815,0.007344700475882121,0.0,0.008047422242644542,1.0,0.6000877960376805,0.0,0.61,0.9744400739156209,125,nested_validation
2020-03-26,0.008047422242644542,-0.006566352140657705,-0.003599813718298095,-0.009333084396231706,0.009277912985970155,44.35477968430153,0.013677316268398122,0.0,0.014572570730083667,1.0,0.5769180101751638,0.0,0.61,0.9744400739156209,125,nested_validation
2020-03-27,0.014572570730083667,0.036680194214135264,0.012186105837460603,0.004487344416763017,0.009560036927592677,52.795678329093114,0.011883532832661718,0.0,0.008220695167680647,1.0,0.38164040105995317,-1.0,0.61,0.9744400739156209,125,nested_validation
2020-03-30,0.008220695167680647,0.041582182434220405,0.020659191338508576,0.011833177789293714,0.009666700807076599,56.8318057982076,0.01127530195395189,0.0,-0.00975092410858569,0.0,0.3110570939463803,-1.0,0.61,0.9744400739156209,125,nested_validation
2020-03-31,-0.00975092410858569,0.024697204100549097,0.011937615036084592,0.001389687178378285,0.009729259850439192,51.19435562343635,0.01032991801817069,0.0,-0.0003528575408736634,0.0,0.38592339718785024,-1.0,0.61,0.9744400739156209,125,nested_validation
2020-04-01,-0.0003528575408736634,0.020729961063387536,0.011477980069366733,0.00033655435607005124,0.00969135032172755,50.99913001530898,0.010776494657537638,0.0,-0.006616062836650616,0.0,0.3721885451759159,-1.0,0.61,0.9744400739156209,125,nested_validation
2020-04-02,-0.006616062836650616,0.0058819903987299416,0.004859028506630336,-0.0067128383522639945,0.009757594378999783,47.354078086928666,0.010831942836769706,0.0,-0.009697489183293495,0.0,0.3683447967055198,-1.0,0.61,0.9744400739156209,125,nested_validation
2020-04-03,-0.009697489183293495,-0.018180178121356083,-0.006617554770537826,-0.016521814458166917,0.009741609112057212,42.581792841260636,0.007627926850148862,0.0,-0.003728463827186168,0.0,0.5702142028823992,0.0,0.61,0.9744400739156209,125,nested_validation
2020-04-06,-0.003728463827186168,-0.02981644110640469,-0.011340530410856142,-0.020093627298979344,0.00901766640558874,40.892010880416954,0.006024357536254633,0.0,-0.0002916541788892113,0.0,0.5743884104219807,0.0,0.61,0.9744400739156209,125,nested_validation
2020-04-07,-0.0002916541788892113,-0.020548845318277498,-0.011983127213015643,-0.020244991174743765,0.008995511704896332,40.75627275033206,0.012213547404927371,0.0,0.008454590683961927,1.0,0.5497949685804858,0.0,0.61,0.9744400739156209,125,nested_validation
2020-04-08,0.008454590683961927,-0.011919334996871811,-0.004472066270510222,-0.01200083368250271,0.009243276969576757,46.317591311099655,0.005914759106341587,0.0,-0.0028896516334027122,0.0,0.6443158542150984,1.0,0.61,0.9744400739156209,125,nested_validation
2020-04-09,-0.0028896516334027122,-0.008212817584989374,-0.007113750895472726,-0.014789597598273807,0.009221182675852114,44.75803748861713,0.009366296869341937,0.0,0.00586792639167788,1.0,0.524587410841112,0.0,0.61,0.9744400739156209,125,nested_validation
2020-04-10,0.00586792639167788,0.007375933819354863,-0.00018326278701308318,-0.00879925097346168,0.009287642290210608,48.536546020118394,0.00302163021630196,0.0,0.00048109572004806367,1.0,0.6643799080707208,1.0,0.61,0.9744400739156209,125,nested_validation
2020-04-13,0.00048109572004806367,0.01163241292760464,0.002190518204376435,-0.007966511046514468,0.009286987232034383,48.8472826827593,0.006852699028512204,0.0,-0.0008847468401705916,0.0,0.5791346849947886,0.0,0.61,0.9744400739156209,125,nested_validation
2020-04-14,-0.0008847468401705916,0.01103224612642717,0.002291290054669215,-0.008181060938280194,0.00927917583805713,48.26978528622217,0.006245640694930459,0.0,0.005712292577293887,1.0,0.5944854057675838,0.0,0.61,0.9744400739156209,125,nested_validation
2020-04-15,0.005712292577293887,0.008282938582046429,0.008397763069576625,-0.0019255516192120403,0.008947820242798561,52.19592906013592,0.011958162221335765,0.0,-0.007308567616241546,0.0,0.35993450587185644,-1.0,0.61,0.9744400739156209,125,nested_validation
2020-04-16,-0.007308567616241546,0.0038145087840582015,0.001473868160632552,-0.008517470645258096,0.009027515885124222,47.2287621997131,0.007160033677814554,0.0,-0.004275971806308454,0.0,0.5498712580762454,0.0,0.61,0.9744400739156209,125,nested_validation
2020-04-17,-0.004275971806308454,-0.0063086812686308225,-0.00290979155767368,-0.011662608771548566,0.006560037098903456,44.57555943998076,0.007419462569271336,0.0,0.0007823250313490071,1.0,0.5003289140948637,0.0,0.61,0.9744400739156209,125,nested_validation
2020-04-20,0.0007823250313490071,-0.006009496253673974,-0.00267932495452583,-0.009329290972038606,0.006534539744272308,45.17975965580474,0.004968915754850441,0.0,-0.00019559291749593477,0.0,0.55564951265887,0.0,0.61,0.9744400739156209,125,nested_validation
2020-04-21,-0.00019559291749593477,-0.0053238771996242384,-0.003432645683788982,-0.007915848573515794,0.006402171734899031,45.04743528534146,0.00570896334235949,0.0,-0.0007706749407427882,0.0,0.5702227985491205,0.0,0.61,0.9744400739156209,125,nested_validation
2020-04-22,-0.0007706749407427882,-0.01173570396427126,-0.0038472747213736946,-0.00729040634942435,0.006368324550398328,44.49456816904598,0.005425458147053963,0.0,-0.004313134912290573,0.0,0.524709575451617,0.0,0.61,0.9744400739156209,125,nested_validation
2020-04-23,-0.004313134912290573,-0.008753630083182307,-0.007651942234693343,-0.010208854922136412,0.006180450910833151,41.4321806857649,0.007921669955782822,0.0,-0.0030176057328222816,0.0,0.479185650234041,0.0,0.61,0.9744400739156209,125,nested_validation
2020-04-24,-0.0030176057328222816,-0.007500922739529625,-0.009278691130627625,-0.011965537013959526,0.00516211865670815,39.397934486539675,0.008356136472390337,0.0,0.004329554527432444,1.0,0.5550190864267401,0.0,0.61,0.9744400739156209,125,nested_validation
2020-04-27,0.004329554527432444,-0.003983052855503044,-0.003991433168113345,-0.006680953693737224,0.004867213125823515,43.659227597239116,0.004448011429624972,0.0,0.00010826512245132314,1.0,0.6683808998205488,1.0,0.61,0.9744400739156209,125,nested_validation
2020-04-28,0.00010826512245132314,-0.003680345890850978,-0.0029832067011485996,-0.005544101423379355,0.004482918015367152,43.766171964164286,0.007243507163556024,0.0,0.0010836352792000792,1.0,0.5843062965202294,0.0,0.61,0.9744400739156209,125,nested_validation
2020-04-29,0.0010836352792000792,-0.0018314352648191035,-0.0005329824623745427,-0.003920671315372659,0.004503057069807369,44.8937897723484,0.003934596396676665,0.0,0.003752645927246556,1.0,0.6028111926640224,0.0,0.61,0.9744400739156209,125,nested_validation
2020-04-30,0.003752645927246556,0.006254449129528217,0.0034754269137076133,7.556054216650843e-05,0.0044061775889260475,48.731929239572644,0.012348623195640864,0.0,0.006271686807133081,1.0,0.5704067797274209,0.0,0.61,0.9744400739156209,125,nested_validation
2020-05-01,0.006271686807133081,0.01563013319510964,0.008959126503132575,0.00545987708740836,0.004072413537387699,54.461910164456285,0.0073851046508145255,0.0,0.0012933299570614398,1.0,0.4075114097232988,0.0,0.61,0.9744400739156209,125,nested_validation
2020-05-04,0.0012933299570614398,0.012559745441493186,0.009401877564787275,0.00594327457105126,0.003959781700706874,55.571575513918766,0.005155434215106161,0.0,-0.005048729550992004,0.0,0.30320806390346283,-1.0,0.61,0.9744400739156209,125,nested_validation
2020-05-05,-0.005048729550992004,0.007338545501559102,0.003940885347855971,0.00043698832766048135,0.004151028256773675,50.40168821909442,0.0086534828642345,0.0,-0.00602622621344473,0.0,0.4708916275696786,0.0,0.61,0.9744400739156209,125,nested_validation
2020-05-06,-0.00602622621344473,0.00018426060235476882,-0.0019447347399972337,-0.0057011733810289345,0.003953672895728617,45.042481690610074,0.005589491755499662,0.0,-0.0036931120457724953,0.0,0.5139022664521392,0.0,0.61,0.9744400739156209,125,nested_validation
2020-05-07,-0.0036931120457724953,-0.007235027369721925,-0.005529119168750096,-0.009097443652568815,0.0039842295457513015,42.10550213148153,0.004464875630941737,0.0,0.0035762058614008385,1.0,0.46832567826148674,0.0,0.61,0.9744400739156209,125,nested_validation
2020-05-08,0.0035762058614008385,-0.009894328135508279,-0.0025252108251222483,-0.004911279168416383,0.0038355883913356384,45.778795518673974,0.005263518001231564,0.0,0.00021681074149260127,1.0,0.540936376529769,0.0,0.61,0.9744400739156209,125,nested_validation
2020-05-11,0.00021681074149260127,-0.010958819178559231,-0.0024543672341641454,-0.003782122776187391,0.0038329597686756565,46.00327624487991,0.00450023969385173,0.0,-0.0027780072010431534,0.0,0.4510895894731202,0.0,0.61,0.9744400739156209,125,nested_validation
2020-05-12,-0.0027780072010431534,-0.008701585099851528,-0.005084132025043875,-0.0058763832599624255,0.003866491674947123,43.5167244976773,0.008793517218303565,0.0,0.003460125949687365,1.0,0.4220064533930714,0.0,0.61,0.9744400739156209,125,nested_validation
2020-05-13,0.003460125949687365,0.0007592337974857699,-0.0017355541709428435,-0.0018865431823664736,0.0037132452249215874,47.32516352653824,0.00571086994079786,0.0,-0.0021322207671115034,0.0,0.5524859748887216,0.0,0.61,0.9744400739156209,125,nested_validation
2020-05-14,-0.0021322207671115034,0.0023271004648350857,-0.0033727358129207463,-0.003617620078085859,0.0034062675041966997,45.291545699409696,0.004461998886950837,0.0,-0.0015454488283191958,0.0,0.5400289816913703,0.0,0.61,0.9744400739156209,125,nested_validation
2020-05-15,-0.0015454488283191958,-0.002788179535573976,-0.003642202571536135,-0.005033998936416539,0.0032999930151803446,43.82472653479587,0.005427591610463855,0.0,0.0013310858459365527,1.0,0.5141127793568695,0.0,0.61,0.9744400739156209,125,nested_validation
2020-05-18,0.0013310858459365527,-0.0016772520911760846,-0.001042360188707736,-0.0037535942404355316,0.003310579568944349,45.460543320793526,0.01033654497588459,0.0,0.00866660982343559,1.0,0.5416818755010394,0.0,0.61,0.9744400739156209,125,nested_validation
2020-05-19,0.00866660982343559,0.009779997748023295,0.007514476321500263,0.00453731531963486,0.003833894131641564,54.71851216553871,0.0066325042839498905,0.0,0.0011583319408448034,1.0,0.3918264717831252,0.0,0.61,0.9744400739156209,125,nested_validation
2020-05-20,0.0011583319408448034,0.007463706857176344,0.007851818293392432,0.005600264761555618,0.003831562941779341,55.80761396004251,0.006391272228401272,0.0,0.00505210281016133,1.0,0.26353712242766086,-1.0,0.61,0.9744400739156209,125,nested_validation
2020-05-21,0.00505210281016133,0.014717117993453988,0.011223595534796349,0.010310900779226362,0.003807123668150036,60.298028689110765,0.006304983682087228,0.0,-0.002738140153006774,0.0,0.38545838556190803,-1.0,0.61,0.9744400739156209,125,nested_validation
2020-05-22,-0.002738140153006774,0.01350500042413394,0.0073812921154021716,0.007465771923320874,0.0037935641531441702,56.90604201594098,0.006315438213114081,0.0,-0.004117779777254138,0.0,0.28303909041990705,-1.0,0.61,0.9744400739156209,125,nested_validation
2020-05-25,-0.004117779777254138,0.007989888955205915,0.0026034785562583096,0.0033937449009708853,0.0038488144720635574,52.16642315769351,0.003905519562733938,0.0,-0.00044043104538349365,0.0,0.49010108034392913,0.0,0.61,0.9744400739156209,125,nested_validation
2020-05-26,-0.00044043104538349365,-0.0011110419417516004,0.0013005492807673935,0.0030133179038049906,0.003852711040033115,51.6727335948381,0.008547799132241875,0.0,0.007224939774857164,1.0,0.450136615444332,0.0,0.61,0.9744400739156209,125,nested_validation
2020-05-27,0.007224939774857164,0.004941814419656243,0.0072864159736547585,0.010271237188836269,0.004132179314549917,58.59250183009928,0.00849104397364468,0.0,0.0031947931525848627,1.0,0.3367529225954913,-1.0,0.61,0.9744400739156209,125,nested_validation
2020-05-28,0.0031947931525848627,0.0030847085721033007,0.008717194684989549,0.013151643266387625,0.004113144210935894,61.25353949720185,0.007147998486843415,0.0,0.005650423605935373,1.0,0.2942280181175028,-1.0,0.61,0.9744400739156209,125,nested_validation
2020-05-29,0.005650423605935373,0.011522251781434623,0.011895392544600591,0.018187734299238922,0.004072690016465489,65.49106046108456,0.0067038045791039565,0.0,0.0035579530369995727,1.0,0.37718783675422773,-1.0,0.61,0.9744400739156209,125,nested_validation
2020-06-01,0.0035579530369995727,0.01931852967723846,0.012746779752760728,0.02102357819135836,0.004121161476900114,67.88615704435567,0.004543098699309759,0.0,0.0006675319779554378,1.0,0.47829633739519467,0.0,0.61,0.9744400739156209,125,nested_validation
2020-06-02,0.0006675319779554378,0.020448394544689608,0.011480475497002818,0.02088919760635677,0.0039030334323890735,68.33182707400954,0.007192235822533486,0.0,0.005706559007063072,1.0,0.32249526449046795,-1.0,0.61,0.9744400739156209,125,nested_validation
2020-06-03,0.005706559007063072,0.01891007956099844,0.014838366719561957,0.025670403985993406,0.0036758624974936667,71.9216238803744,0.006160415410413812,0.0,0.0041573002584596175,1.0,0.4827976172477296,0.0,0.61,0.9744400739156209,125,nested_validation
2020-06-04,0.0041573002584596175,0.019887664570927388,0.01672456212134077,0.028594590333213654,0.0035047554130529608,74.22682015577112,0.014648181584191119,0.0,0.009070276259834698,1.0,0.4734183588659508,0.0,0.61,0.9744400739156209,125,nested_validation
2020-06-05,0.009070276259834698,0.02335593292192728,0.02238506705479959,0.03615094061960322,0.0038192503385202086,78.40901234774408,0.00866858664060252,0.0,-0.0016186702973103317,0.0,0.5308778775779289,0.0,0.61,0.9744400739156209,125,nested_validation
2020-06-08,-0.0016186702973103317,0.018077186253001365,0.016954609125641174,0.03291359101364666,0.003888858180794282,76.01685437350177,0.004349745532040552,0.0,-0.001232268175929474,0.0,0.43191847633762953,0.0,0.61,0.9744400739156209,125,nested_validation
2020-06-09,-0.001232268175929474,0.016144333299046743,0.012041178792404628,0.030134523741312647,0.0038040627249268277,74.1648168939247,0.010589113200124381,0.0,0.002357072805333038,1.0,0.34802224204377863,-1.0,0.61,0.9744400739156209,125,nested_validation
2020-06-10,0.002357072805333038,0.012760084292346985,0.011254253428885752,0.031010590882458056,0.0037941543738871084,75.39799912190084,0.004829714991903859,0.0,0.0029323119315063373,1.0,0.3682483459564661,-1.0,0.61,0.9744400739156209,125,nested_validation
2020-06-11,0.0029323119315063373,0.011524601284910618,0.011074405413727506,0.03250517188848501,0.0036634205362501542,76.87999805962191,0.006521064658309287,0.0,-0.006806778164859195,0.0,0.312155783638022,-1.0,0.61,0.9744400739156209,125,nested_validation
2020-06-12,-0.006806778164859195,-0.004391070323259694,0.002328845066804419,0.0244143062746196,0.004103482861032436,66.79230962537873,0.009311098274075865,0.0,-0.003195541723474027,0.0,0.38102620335413734,-1.0,0.61,0.9744400739156209,125,nested_validation
2020-06-15,-0.003195541723474027,-0.005963562943197109,-0.0020570023019294004,0.020238362024970424,0.004266152364079065,62.66359443571054,0.00562302419431307,0.0,0.007619025622873643,1.0,0.36456203861469577,-1.0,0.61,0.9744400739156209,125,nested_validation
2020-06-16,0.007619025622873643,0.002845801106877266,0.003661065645469419,0.026666603577286674,0.0041892546195446525,67.76374140851618,0.010422797863394256,0.0,-0.006353943827566044,0.0,0.460456721967944,0.0,0.61,0.9744400739156209,125,nested_validation
2020-06-17,-0.006353943827566044,-0.0058694628351687594,-0.0033889724059742443,0.01882971308579795,0.004560166620443226,60.30862250401582,0.007689023322404292,0.0,-0.0020237334999583245,0.0,0.36657219488212517,-1.0,0.61,0.9744400739156209,125,nested_validation
2020-06-18,-0.0020237334999583245,-0.010782013810325286,-0.0054669721695824736,0.015407723146420693,0.004547989701341892,58.12902364051488,0.005151926100837522,0.0,-0.002837487793214688,0.0,0.37906858429172047,-1.0,0.61,0.9744400739156209,125,nested_validation
2020-06-19,-0.002837487793214688,-0.006828610442564442,-0.007174747205609289,0.011388279967380122,0.004552319228586386,55.126783713446876,0.007052391793731257,0.0,-0.0029832625318875206,0.0,0.38991198330399784,-1.0,0.61,0.9744400739156209,125,nested_validation
2020-06-22,-0.0029832625318875206,-0.006617104948250518,-0.008890608032782188,0.007347060551766038,0.004492683883278389,52.08933284898266,0.008246543747593227,0.0,0.009136542940247905,1.0,0.4283201178772826,0.0,0.61,0.9744400739156209,125,nested_validation
2020-06-23,0.009136542940247905,-0.005121027851956672,0.00039433934320398656,0.015116643917927997,0.004789453037021867,59.438500670871065,0.010167319430049266,0.0,0.002895980281716115,1.0,0.4579467353226394,0.0,0.61,0.9744400739156209,125,nested_validation
2020-06-24,0.002895980281716115,0.0041403735626863725,0.0034682980432338972,0.01663663836234619,0.004630562480305582,61.474165701125386,0.005873554966060849,0.0,-0.005434121121245528,0.0,0.4570665865761448,0.0,0.61,0.9744400739156209,125,nested_validation
2020-06-25,-0.005434121121245528,0.0007089213177919884,-0.0009693372341110784,0.00981983093873473,0.004848904970383435,55.798828328090714,0.006093082413532818,0.0,-0.00255872164999138,0.0,0.40361561921857797,0.0,0.61,0.9744400739156209,125,nested_validation
2020-06-26,-0.00255872164999138,0.0009886788929815982,-0.0029412689592671626,0.005986551797651174,0.004790327451901039,53.31642672044828,0.0036670761024782256,0.0,0.000336847087887282,1.0,0.5128603873062639,0.0,0.61,0.9744400739156209,125,nested_validation
2020-06-29,0.000336847087887282,0.004322015252527622,-0.002373660762308605,0.0051104712483520665,0.004743869127555167,53.6082830951897,0.006115894572100159,0.0,0.0019007239932979925,1.0,0.4887038402139091,0.0,0.61,0.9744400739156209,125,nested_validation
2020-06-30,0.0019007239932979925,-0.002879282052225096,0.0003274154170918031,0.006023850026275701,0.004753757283513631,55.30677694006384,0.006163646494369749,0.0,-0.0010000172763980908,0.0,0.45233377215762244,0.0,0.61,0.9744400739156209,125,nested_validation
2020-07-01,-0.0010000172763980908,-0.006752844174967132,-0.00040847347662809064,0.004095169972372581,0.0046128808251164844,54.18070533845247,0.007601161202461179,0.0,0.0013726735475050322,1.0,0.42798433172451356,0.0,0.61,0.9744400739156209,125,nested_validation
2020-07-02,0.0013726735475050322,4.492517204002233e-05,0.0008881687636452806,0.004670210521388718,0.004533217923214223,55.518163756353914,0.006711243714466739,0.0,-0.0012024360215885377,0.0,0.4646830507474198,0.0,0.61,0.9744400739156209,125,nested_validation
2020-07-03,-0.0012024360215885377,0.0014047511479728936,-0.0005540373075394456,0.002611820288822786,0.00404054895713313,54.02836086226921,0.0026738118239425495,0.0,0.0008322910247819948,1.0,0.4839877904694275,0.0,0.61,0.9744400739156209,125,nested_validation
2020-07-06,0.0008322910247819948,0.0019007239932979925,-0.0003414049363029692,0.0024344792475938792,0.004039952225236995,54.92882819212967,0.008715677864917207,0.0,0.005837408743786465,1.0,0.44497915454936426,0.0,0.61,0.9744400739156209,125,nested_validation
2020-07-07,0.005837408743786465,0.005837408743786465,0.005197597676215748,0.007059845034938839,0.004247923145291681,60.74181193362115,0.0067365218982009525,0.0,-0.0033261636145835993,0.0,0.33946880499152515,-1.0,0.61,0.9744400739156209,125,nested_validation
2020-07-08,-0.0033261636145835993,0.003495341631051918,0.002184667588505773,0.0028369518365516377,0.004273513818918166,56.2630354509932,0.007129998508195791,0.0,0.0056695953320384795,1.0,0.4357612380506769,0.0,0.61,0.9744400739156209,125,nested_validation
2020-07-09,0.0056695953320384795,0.007801371851406058,0.007076416054772272,0.0075598814644821655,0.0044145187250885206,61.461896182098805,0.007472162449595296,0.0,-0.004515257193776656,0.0,0.3557901192186917,-1.0,0.61,0.9744400739156209,125,nested_validation
2020-07-10,-0.004515257193776656,0.004458686764419184,0.0019430495007017878,0.0023904202859641455,0.004266370444490573,55.746485140790995,0.005985834018990134,0.0,0.0019566960604069372,1.0,0.4600143387491428,0.0,0.61,0.9744400739156209,125,nested_validation
2020-07-13,0.0019566960604069372,0.005587165946798978,0.003154015578298086,0.0037827444161782076,0.004220429095022989,57.5791419003863,0.005830271689712325,0.0,0.003134739407461451,1.0,0.4408411735748921,0.0,0.61,0.9744400739156209,125,nested_validation
2020-07-14,0.003134739407461451,0.0028851690089433113,0.005422087529634023,0.006275752402506107,0.003933184826923829,60.41311912142889,0.007117465766522662,0.0,0.005747538270340025,1.0,0.3785053433206058,-1.0,0.61,0.9744400739156209,125,nested_validation
2020-07-15,0.005747538270340025,0.012015418761861962,0.009637254114596372,0.011397734552651917,0.0038322553787155903,65.03928869789323,0.005210095744950921,0.0,0.0005686381091167814,1.0,0.3844361727387112,-1.0,0.61,0.9744400739156209,125,nested_validation
2020-07-16,0.0005686381091167814,0.0068822742539611514,0.008731401433291763,0.011431257855013532,0.0037832589912823004,65.47167657275664,0.00555775052947365,0.0,-0.0021964124845104127,0.0,0.32342267639700945,-1.0,0.61,0.9744400739156209,125,nested_validation
2020-07-17,-0.0021964124845104127,0.009227667944200935,0.0051458135109945236,0.009048094974552612,0.0037551137291187775,62.26646313012622,0.0055085597086767125,0.0,0.004462768406512829,1.0,0.315134042709264,-1.0,0.61,0.9744400739156209,125,nested_validation
2020-07-20,0.004462768406512829,0.011751926287405512,0.0078907401921402,0.013181981583211044,0.0037297398271409774,65.91020856596228,0.00547502210635888,0.0,0.001375032190692238,1.0,0.38167168025231896,-1.0,0.61,0.9744400739156209,125,nested_validation
2020-07-21,0.001375032190692238,0.009977102730482468,0.0079818640073408,0.01411682857396901,0.003255407682325411,66.9731627420507,0.006264716252089652,0.0,0.006574425313873089,1.0,0.3273217250822021,-1.0,0.61,0.9744400739156209,125,nested_validation
2020-07-22,0.006574425313873089,0.010807467159660522,0.012304202108250228,0.02017669707603309,0.0034661231685035408,71.54758004951927,0.008010176692703031,0.0,0.0030078212447555153,1.0,0.5393980058722304,0.0,0.61,0.9744400739156209,125,nested_validation
2020-07-23,0.0030078212447555153,0.01327161048113501,0.013307413719997996,0.022632329563728293,0.003160235790623903,73.37635833231184,0.007097705981857571,0.0,0.00236559286041671,1.0,0.5425676207276027,0.0,0.61,0.9744400739156209,125,nested_validation
2020-07-24,0.00236559286041671,0.017904336360972772,0.012970562136071173,0.024122027198572482,0.0030315094716557994,74.7548278392132,0.00503397532418636,0.0,0.004870829620063688,1.0,0.5994247056176691,0.0,0.61,0.9744400739156209,125,nested_validation
2020-07-27,0.004870829620063688,0.018317858187603342,0.01486796927451417,0.027898266883012113,0.0030940808052420474,77.36023385888465,0.010895988309628893,0.0,0.01001567077740706,1.0,0.6258982896615737,1.0,0.61,0.9744400739156209,125,nested_validation
2020-07-28,0.01001567077740706,0.02710469258644732,0.021263210754826956,0.03687767516065743,0.003567180269710332,81.58846799016803,0.006354843780639787,0.0,-0.004289165041998277,0.0,0.6225737458592223,1.0,0.61,0.9744400739156209,125,nested_validation
2020-07-29,-0.004289165041998277,0.016019526549794882,0.01417154408485688,0.03105841706210488,0.003783741659562751,75.05875682926016,0.005464863315347888,0.0,0.005467304712160281,1.0,0.5146151201522398,0.0,0.61,0.9744400739156209,125,nested_validation
2020-07-30,0.005467304712160281,0.018510916123416044,0.01649950374068765,0.03505642072968729,0.0038483636736556448,77.51808728423687,0.0063370936842132705,0.0,0.007586362212601561,1.0,0.618458547968124,1.0,0.61,0.9744400739156209,125,nested_validation
2020-07-31,0.007586362212601561,0.023815777556846385,0.019986135019599782,0.04089331008942154,0.003922376767670834,80.41906939621654,0.008876342996087137,0.0,-0.0075760337032135805,0.0,0.6340027829448504,1.0,0.61,0.9744400739156209,125,nested_validation
2020-08-03,-0.0075760337032135805,0.0111342520554214,0.009316026017445633,0.031184967125520213,0.0045124144365563485,70.55382906483482,0.007316679816239381,0.0,-0.0016115393013034218,0.0,0.32139535198653724,-1.0,0.61,0.9744400739156209,125,nested_validation
2020-08-04,-0.0016115393013034218,-0.0005058350309294912,0.005066670501781889,0.028072619672297128,0.0045155259802832385,68.63955542594383,0.00687114338671558,0.0,0.004430779333569168,1.0,0.3163312464766674,-1.0,0.61,0.9744400739156209,125,nested_validation
2020-08-05,0.004430779333569168,0.00824724188281345,0.007098381306342105,0.03111654519917284,0.0043754063197794036,70.96808903034298,0.008917307470343576,0.0,0.0048559695029375405,1.0,0.3983043028701228,0.0,0.61,0.9744400739156209,125,nested_validation
2020-08-06,0.0048559695029375405,0.007634216441134711,0.009372502448018905,0.03425243545867529,0.004348070679206313,73.31684552861749,0.007673167368867274,0.0,0.0003087460372570572,1.0,0.3818935645055551,-1.0,0.61,0.9744400739156209,125,nested_validation
2020-08-07,0.0003087460372570572,0.0003562546232522834,0.007282954638241579,0.03260961439615806,0.00408874297769641,73.46455308709719,0.01069306696155257,0.0,-0.007894332439634888,0.0,0.3939453482480075,0.0,0.61,0.9744400739156209,125,nested_validation
2020-08-10,-0.007894332439634888,3.541177520416383e-05,-0.0017708447224834556,0.02280714900025549,0.004681299221282338,63.745035987954246,0.005007148878376799,0.0,-0.0038148260412613766,0.0,0.407829479747209,0.0,0.61,0.9744400739156209,125,nested_validation
2020-08-11,-0.0038148260412613766,-0.0021715095274625895,-0.005313487477472401,0.017461039680885637,0.0048437497450190894,59.66917975753692,0.006968055815944827,0.0,-0.00010562276706871376,0.0,0.3780860788793282,-1.0,0.61,0.9744400739156209,125,nested_validation
2020-08-12,-0.00010562276706871376,-0.006678093110314531,-0.0055680710380754395,0.01588420150488079,0.0047673489463866525,59.55606843881722,0.008488092111156954,0.0,0.00487906845504904,1.0,0.4056876385566179,0.0,0.61,0.9744400739156209,125,nested_validation
2020-08-13,0.00487906845504904,-0.006655259295464622,-0.0008087571110645397,0.01924562399074592,0.004821113983215858,63.04100100037203,0.005877882919025067,0.0,0.001929577399301552,1.0,0.4480229421276164,0.0,0.61,0.9744400739156209,125,nested_validation
2020-08-14,0.001929577399301552,-0.005045711927780361,0.001591875072379123,0.019512695984923445,0.004740324530568078,64.35549140104732,0.004513516741777611,0.0,0.003046169826061096,1.0,0.4598105855264665,0.0,0.61,0.9744400739156209,125,nested_validation
2020-08-17,0.003046169826061096,0.0059262036643215055,0.0040450847072657226,0.020841063398717274,0.004711128160402261,66.39159074796504,0.004245350054306486,0.0,0.002018980265106496,1.0,0.5197556509088995,0.0,0.61,0.9744400739156209,125,nested_validation
2020-08-18,0.002018980265106496,0.01181705486757445,0.005108726485217874,0.02124959274768834,0.004710511772990336,67.712065686372,0.007561290760341783,0.0,0.006009806361055858,1.0,0.31814317247545465,-1.0,0.61,0.9744400739156209,125,nested_validation
2020-08-19,0.006009806361055858,0.018005403987802593,0.01001736659839958,0.02541014720503343,0.004683447074681866,71.33028300882052,0.005117040094722014,0.0,-0.008734567738023058,0.0,0.4873169686096121,0.0,0.61,0.9744400739156209,125,nested_validation
2020-08-20,-0.008734567738023058,0.004213938280612117,0.0014435030237802682,0.014989177417309874,0.0051996724522083175,60.63178987829906,0.005229365776592121,0.0,0.002546942903547178,1.0,0.3581984803583065,-1.0,0.61,0.9744400739156209,125,nested_validation
2020-08-21,0.002546942903547178,0.004832711354450403,0.004018057211261583,0.015874556219511504,0.005201875868297094,62.387810908784054,0.0110720986567543,0.0,-0.006370959580544899,0.0,0.43357576797996,0.0,0.61,0.9744400739156209,125,nested_validation
2020-08-24,-0.006370959580544899,-0.004601191051514131,-0.0025074750748192987,0.007999669516820296,0.005378886888654894,55.68031016387264,0.00562428923414869,0.0,-0.0002949409890677934,0.0,0.34891553860221863,-1.0,0.61,0.9744400739156209,125,nested_validation
2020-08-25,-0.0002949409890677934,-0.006899824616116268,-0.00327999649424493,0.006415321566767496,0.004930512817219154,55.38532854106705,0.005029727179447373,0.0,0.0034321894453757107,1.0,0.4460030704507969,0.0,0.61,0.9744400739156209,125,nested_validation
2020-08-26,0.0034321894453757107,-0.009444364236752767,-0.0006907237815305667,0.00865221007111372,0.004872153075875646,58.16219442252461,0.005395583814316251,0.0,0.000651394338439415,1.0,0.45003408754246316,0.0,0.61,0.9744400739156209,125,nested_validation
2020-08-27,0.000651394338439415,-6.512298682403994e-05,-0.00045271607256758273,0.008090569354465948,0.004738138850914367,58.68952485546144,0.0111714838166891,0.0,-0.0019502937318516267,0.0,0.42886952674464746,0.0,0.61,0.9744400739156209,125,nested_validation
2020-08-28,-0.0019502937318516267,-0.004550642386935699,-0.002428002379235794,0.00490549691797848,0.004448316912245698,56.39608970416112,0.009172643621912842,0.0,0.008342792041090119,1.0,0.472110664397275,0.0,0.61,0.9744400739156209,125,nested_validation
2020-08-31,0.008342792041090119,0.010190064661694587,0.0053371814254041805,0.011926195479896595,0.004483531255579227,63.03717780985039,0.006585485026873745,0.0,0.0017430930674864342,1.0,0.36735430616975084,-1.0,0.61,0.9744400739156209,125,nested_validation
2020-09-01,0.0017430930674864342,0.012249473821242418,0.006558649652650184,0.01231392961048794,0.004460958651981231,64.27178049556505,0.006196997914763721,0.0,-0.0013234919979409066,0.0,0.3137173361008336,-1.0,0.61,0.9744400739156209,125,nested_validation
2020-09-02,-0.0013234919979409066,0.007452003609210056,0.005435387393287527,0.009863309023806055,0.004399522335432565,62.560182053993884,0.008407688246163211,0.0,-0.006361980408355561,0.0,0.29962286147517553,-1.0,0.61,0.9744400739156209,125,nested_validation
2020-09-03,-0.006361980408355561,0.0003909646892650276,-0.0009936802147426649,0.0026498231707545727,0.004517319990663204,54.9893952007794,0.004928315096618783,0.0,-0.0006393457221240961,0.0,0.4829466105848592,0.0,0.61,0.9744400739156209,125,nested_validation
2020-09-04,-0.0006393457221240961,0.001704987964731508,-0.0013470847548298082,0.0013203937437178404,0.004517786788074667,54.282975213339604,0.006906209880032392,0.0,-0.00044976148142794603,0.0,0.5331493490165307,0.0,0.61,0.9744400739156209,125,nested_validation
2020-09-07,-0.00044976148142794603,-0.007029685194011481,-0.0021029644298751204,0.0003570867049385029,0.004156142488546159,53.76010062720415,0.002945062303927958,0.0,-0.0010758034478893785,0.0,0.514662340769805,0.0,0.61,0.9744400739156209,125,nested_validation
2020-09-08,-0.0010758034478893785,-0.009823895186223286,-0.0034049882028496237,-0.0008667638547048551,0.004064802200914439,52.45904970904213,0.005204207331731738,0.0,-0.004354940069280722,0.0,0.4629679338084957,0.0,0.61,0.9744400739156209,125,nested_validation
2020-09-09,-0.004354940069280722,-0.012829540577071197,-0.007202969076981369,-0.00536209682176747,0.004192868840993434,47.457490052015004,0.006533080092290581,0.0,0.0030697019536038983,1.0,0.4583514340938455,0.0,0.61,0.9744400739156209,125,nested_validation
2020-09-10,0.0030697019536038983,-0.0034592487536835304,-0.003849929251451112,-0.0023749222234882295,0.004108575248176118,50.98916246315738,0.009469395206295377,0.0,0.001525357772983904,1.0,0.5635058400189445,0.0,0.61,0.9744400739156209,125,nested_validation
2020-09-11,0.001525357772983904,-0.00130065341774932,-0.0023704507966110233,-0.0007184528384223121,0.004100323112606477,52.69587324545501,0.004276030286480937,0.0,0.0015513640318849387,1.0,0.542938168946661,0.0,0.61,0.9744400739156209,125,nested_validation
2020-09-14,0.0015513640318849387,0.0006987685878285799,-0.00018578443148609125,0.0006614836696652304,0.004058281472567515,54.43637593905537,0.004639635545213043,0.0,0.0023028061782486287,1.0,0.5554725550789888,0.0,0.61,0.9744400739156209,125,nested_validation
2020-09-15,0.0023028061782486287,0.004083380257147606,0.002700822165536465,0.0026645508733831313,0.004065922014250337,56.97113750410266,0.005014924761566551,0.0,-0.0021557096226498818,0.0,0.5305094355395835,0.0,0.61,0.9744400739156209,125,nested_validation
2020-09-16,-0.0021557096226498818,0.006301249686411214,0.0012057622168950566,0.00042149522827750197,0.0038439508036973804,53.93907035944439,0.005774867139709654,0.0,-0.003458398421950948,0.0,0.4810279272107996,0.0,0.61,0.9744400739156209,125,nested_validation
2020-09-17,-0.003458398421950948,-0.000247881997264332,-0.001886339820316385,-0.002843610900598481,0.003422748885178951,49.40596766810377,0.007496275040900571,0.0,0.0037913635082373887,1.0,0.4603616076802308,0.0,0.61,0.9744400739156209,125,nested_validation
2020-09-18,0.0037913635082373887,0.0020141116863139352,0.0018265737143328131,0.0010166991068281117,0.0034822493599671283,53.95839548752439,0.0033559744646111463,0.0,-0.00022507314877340256,0.0,0.5400706168105813,0.0,0.61,0.9744400739156209,125,nested_validation
2020-09-21,-0.00022507314877340256,0.0002368537368282464,0.0015073073241516077,0.0006144107851926428,0.003172846010625475,53.648611716689835,0.01184582007363773,0.0,-0.006545397017979959,0.0,0.49795749734656103,0.0,0.61,0.9744400739156209,125,nested_validation
2020-09-22,-0.006545397017979959,-0.008593111490911465,-0.004595790959786128,-0.0060195923389559924,0.0034979726128787736,45.47408151456515,0.006761743705297972,0.0,-0.005067306447492315,0.0,0.46523326240299373,0.0,0.61,0.9744400739156209,125,nested_validation
2020-09-23,-0.005067306447492315,-0.011485924704903394,-0.009121194202496574,-0.010977953049720934,0.0035580285362105456,40.37813923099477,0.004703365235171825,0.0,-0.004255377205412136,0.0,0.47950617035326765,0.0,0.61,0.9744400739156209,125,nested_validation
2020-09-24,-0.004255377205412136,-0.012276483517415948,-0.012101800820190634,-0.014811410233083633,0.0036363149312905628,36.67964483123595,0.004403318808298357,0.0,0.001260749603063438,1.0,0.48902740398455646,0.0,0.61,0.9744400739156209,125,nested_validation
2020-09-25,0.001260749603063438,-0.014766589485793902,-0.009587872343556625,-0.013170961242418122,0.00365181348762528,38.47019956509966,0.006138032353419948,0.0,-0.0032462486057818207,0.0,0.5229635310048576,0.0,0.61,0.9744400739156209,125,nested_validation
2020-09-28,-0.0032462486057818207,-0.01774382258029128,-0.011062953028854516,-0.015772039396917625,0.003054927058437979,35.6697417496471,0.005410720297593203,0.0,0.003737229825137023,1.0,0.5537565267146924,0.0,0.61,0.9744400739156209,125,nested_validation
2020-09-29,0.003737229825137023,-0.007577103631648985,-0.0057515998054272766,-0.011542878722799021,0.00317923047927165,40.97920078235737,0.006427635638361668,0.0,0.005413030530529328,1.0,0.637289998881948,1.0,0.61,0.9744400739156209,125,nested_validation
2020-09-30,0.005413030530529328,0.002876795859287462,0.0005021634225739202,-0.005614958002060577,0.003479920929369271,47.73313488176488,0.005990591217454201,0.0,-0.001360210502676873,0.0,0.5605307275663318,0.0,0.61,0.9744400739156209,125,nested_validation
2020-10-01,-0.001360210502676873,0.005792699636069987,-0.00019961352082120687,-0.006638267825537558,0.0032397225402434624,46.29184588398861,0.004169755487392339,0.0,0.0016089994172752142,1.0,0.5399316427497363,0.0,0.61,0.9744400739156209,125,nested_validation
2020-10-02,0.0016089994172752142,0.006142525713765279,0.002291459107978344,-0.004678174637801957,0.0032720992040715206,48.27860253968786,0.0042456768038163385,0.0,-0.0020861974904528013,0.0,0.5604266216425683,0.0,0.61,0.9744400739156209,125,nested_validation
2020-10-05,-0.0020861974904528013,0.007313503758745288,0.0012693295497863133,-0.006536911454902206,0.0032927983221235735,45.9037583158047,0.006597150212559999,0.0,0.006143927966141716,1.0,0.5306724623744032,0.0,0.61,0.9744400739156209,125,nested_validation
2020-10-06,0.006143927966141716,0.009728776864962096,0.007210646155500822,-0.00042725735537774145,0.003589874741466722,53.19121831916824,0.0033932702919172663,0.0,-0.004648194991886068,0.0,0.4582506135163415,0.0,0.61,0.9744400739156209,125,nested_validation
2020-10-07,-0.004648194991886068,-0.0003756365770939407,0.002278349990967765,-0.004799644672014769,0.0036077070448097344,47.90140484864552,0.004769939731345327,0.0,0.0025417808980194856,1.0,0.47356399029385055,0.0,0.61,0.9744400739156209,125,nested_validation
2020-10-08,0.0025417808980194856,0.003530201855366233,0.003892148292665265,-0.00205781425049123,0.0035860499658096475,50.77109908301611,0.0039124639750113144,0.0,-4.0015102408919034e-05,0.0,0.5166849831517014,0.0,0.61,0.9744400739156209,125,nested_validation
2020-10-09,-4.0015102408919034e-05,0.0018780243342340075,0.0030496602499452408,-0.0019492647329047985,0.0035654662655551245,50.72361011263921,0.005589067152891567,0.0,0.004235185563027155,1.0,0.440391927019415,0.0,0.61,0.9744400739156209,125,nested_validation
2020-10-12,0.004235185563027155,0.008224519140452191,0.005741809694293387,0.0025650898079121465,0.0036789414812564295,55.47080289466672,0.0033271516904151985,0.0,-5.911618479070846e-05,0.0,0.43604226974365723,0.0,0.61,0.9744400739156209,125,nested_validation
2020-10-13,-5.911618479070846e-05,0.002008647799934149,0.004508447608394306,0.00285431276706527,0.0036375055831485846,55.39024921630405,0.0066413797201542585,0.0,-0.006258514217526101,0.0,0.3463163041299341,-1.0,0.61,0.9744400739156209,125,nested_validation
2020-10-14,-0.006258514217526101,0.0003875588726913737,-0.0017794562640780498,-0.0029114263215364033,0.003850310535115319,47.52260025854323,0.004135913053136112,0.0,0.0001526893942391805,1.0,0.4354019184139014,0.0,0.61,0.9744400739156209,125,nested_validation
2020-10-15,0.0001526893942391805,-0.001996399045999464,-0.0017789625639272888,-0.002467294355333327,0.0037880368719902004,47.71649769173803,0.005993767894363002,0.0,-0.003137572239784059,0.0,0.4862389217590327,0.0,0.61,0.9744400739156209,125,nested_validation
2020-10-16,-0.003137572239784059,-0.005087895929824948,-0.004591032375804827,-0.005223510772024209,0.0037192342273518874,44.109332048722926,0.004423940722493487,0.0,0.0007147180392019781,1.0,0.4871455545371783,0.0,0.61,0.9744400739156209,125,nested_validation
2020-10-19,0.0007147180392019781,-0.008575680267390973,-0.003837733585755787,-0.004176998213184624,0.003729493064823627,45.12380950791594,0.007707112821699756,0.0,0.0045544851656167396,1.0,0.4665853640392895,0.0,0.61,0.9744400739156209,125,nested_validation
2020-10-20,0.0045544851656167396,-0.0040013732714682115,0.0009000708273894098,0.0005083328578066038,0.0036195121691400714,51.206112380358825,0.006567680617800978,0.0,0.005181497776384436,1.0,0.48382768599190434,0.0,0.61,0.9744400739156209,125,nested_validation
2020-10-21,0.005181497776384436,0.007464623065316589,0.005297949161950477,0.005522652885864732,0.0035897539743247526,57.06327411568214,0.004467436126183783,0.0,0.002038879280469974,1.0,0.4555045340985551,0.0,0.61,0.9744400739156209,125,nested_validation
2020-10-22,0.002038879280469974,0.00936460254136251,0.006607824473121138,0.007436971248222957,0.003429397117891154,59.151892521121965,0.004731480511215909,0.0,-0.003284551955978321,0.0,0.4467939471002074,0.0,0.61,0.9744400739156209,125,nested_validation
2020-10-23,-0.003284551955978321,0.009215779475423957,0.0028926065480952,0.004154619292205064,0.0035425496423416684,54.53980405442856,0.0060582206262211,0.0,0.0028316561500714155,1.0,0.4467346935938514,0.0,0.61,0.9744400739156209,125,nested_validation
2020-10-26,0.0028316561500714155,0.011350700954193105,0.005462402595452165,0.006981631214590056,0.003458396450783988,57.599118535676205,0.003967009101110906,0.0,-0.0032947233516972263,0.0,0.4882764072978624,0.0,0.61,0.9744400739156209,125,nested_validation
2020-10-27,-0.0032947233516972263,0.0034483893791148468,0.0022066398169344748,0.0038361182308153108,0.0035105570906670052,53.10810102437093,0.0032681641983998548,0.0,-0.0021447579912098336,0.0,0.46828046240027543,0.0,0.61,0.9744400739156209,125,nested_validation
2020-10-28,-0.0021447579912098336,-0.003865234644441662,-0.0002985482440602816,0.0018542973995170353,0.0033721218498329363,50.36424079853412,0.005853479210199619,0.0,-0.003007617828291731,0.0,0.47354685210496955,0.0,0.61,0.9744400739156209,125,nested_validation
2020-10-29,-0.003007617828291731,-0.008881997284344023,-0.0033449300129878567,-0.0010038210193538122,0.0034284974689122666,46.726272335911275,0.008761705772238266,0.0,-0.005956166003128649,0.0,0.4735820944502557,0.0,0.61,0.9744400739156209,125,nested_validation
2020-10-30,-0.005956166003128649,-0.011538607838173509,-0.00904210640456915,-0.006476683254730831,0.0036514557026356685,40.50516480767949,0.005168830638575672,0.0,-0.0031317368936795154,0.0,0.42793398603786253,0.0,0.61,0.9744400739156209,125,nested_validation
2020-11-02,-0.0031317368936795154,-0.017416547324710985,-0.01153005873541113,-0.009016517296166593,0.003684332117225735,37.68131667787424,0.002800395940290932,0.0,5.826265274877507e-05,1.0,0.49689908570955227,0.0,0.61,0.9744400739156209,125,nested_validation
2020-11-03,5.826265274877507e-05,-0.014111068120166825,-0.01041330349354308,-0.008606598907816343,0.0033755939212179002,37.76796743411705,0.008927386643251017,0.0,0.010256598756917423,1.0,0.4909505973020208,0.0,0.61,0.9744400739156209,125,nested_validation
2020-11-04,0.010256598756917423,-0.001858428815833535,0.000311452326397621,0.001408673457994114,0.003995230841418213,50.750963468576614,0.013704763855495685,0.0,-0.0025108289252275817,0.0,0.5340271101588951,0.0,0.61,0.9744400739156209,125,nested_validation
2020-11-05,-0.0025108289252275817,-0.0013610672861785744,-0.0011699665079276667,-0.0013158121176886084,0.003993381344872054,48.079489639290095,0.012274632402660126,0.0,0.007232409142491791,1.0,0.4914759217686439,0.0,0.61,0.9744400739156209,125,nested_validation
2020-11-06,0.007232409142491791,0.011888473787359244,0.006032458741762836,0.005495419750996433,0.004304887263709624,55.3517556324579,0.007987879679246069,0.0,0.006386490672249501,1.0,0.47030257652342444,0.0,0.61,0.9744400739156209,125,nested_validation
2020-11-09,0.006386490672249501,0.021550116274438258,0.012073817525015462,0.011178067582195084,0.004428873124374436,60.63322013075862,0.010239079925184783,0.0,-0.005523335652097172,0.0,0.5263660218156249,0.0,0.61,0.9744400739156209,125,nested_validation
2020-11-10,-0.005523335652097172,0.015848566064565528,0.0063306939779346205,0.005169985936940735,0.004609379903408868,54.581434204172375,0.00530858513390548,0.0,-0.0007209612763262596,0.0,0.37817498173068426,-1.0,0.61,0.9744400739156209,125,nested_validation
2020-11-11,-0.0007209612763262596,0.004810243095549893,0.005308533475216981,0.004226971738643837,0.0043823740080538125,53.8303478141556,0.007244972753056361,0.0,-0.003257206770447163,0.0,0.3663282974774186,-1.0,0.61,0.9744400739156209,125,nested_validation
2020-11-12,-0.003257206770447163,0.004058387209948444,0.0017645580039533648,0.0008023104548007254,0.004451919951066135,50.45474153593486,0.005383003289809887,0.0,0.0019605283529799955,1.0,0.5080905780922432,0.0,0.61,0.9744400739156209,125,nested_validation
2020-11-13,0.0019605283529799955,-0.0011968806657016717,0.0026653242442897795,0.0025984679916006836,0.004401230536397031,52.38392606330325,0.002898376836254737,0.0,0.0035464667435043395,1.0,0.5163262202730003,0.0,0.61,0.9744400739156209,125,nested_validation
2020-11-16,0.0035464667435043395,-0.0040155043110965405,0.004487944282379086,0.005798716529129555,0.00445369640387142,55.74725934611153,0.0045577329445050125,0.0,0.0011978037781641415,1.0,0.5067971729746629,0.0,0.61,0.9744400739156209,125,nested_validation
2020-11-17,0.0011978037781641415,0.0027158257501203042,0.0038469079180976085,0.006812571217150953,0.004362344065166977,56.859536668689415,0.003979425478676466,0.0,0.000355935881684033,1.0,0.46451806634487924,0.0,0.61,0.9744400739156209,125,nested_validation
2020-11-18,0.000355935881684033,0.0037964266445627004,0.0033426297805509986,0.006811875868929063,0.004222011671953094,57.204176100990324,0.0033592371031963345,0.0,-0.001350688437114167,0.0,0.4439661821171877,0.0,0.61,0.9744400739156209,125,nested_validation
2020-11-19,-0.001350688437114167,0.005716436804988456,0.0010142166797750818,0.005224029075246328,0.004210870623681002,55.395030120468796,0.0032045012738315163,0.0,0.0015900757859321768,1.0,0.5280787843758674,0.0,0.61,0.9744400739156209,125,nested_validation
2020-11-20,0.0015900757859321768,0.0053445955745268225,0.0021915003991219706,0.006539239064443869,0.004155444204787857,57.11230156964447,0.0032897264836594105,0.0,0.0,0.0,0.5145669063103914,0.0,0.61,0.9744400739156209,125,nested_validation
2020-11-23,0.0,0.001791774362832843,0.002416123105514867,0.006397992397200403,0.004112265437928577,57.11230156964447,0.008656741397682192,0.0,-0.0020013415276962654,0.0,0.44650095058745326,0.0,0.61,0.9744400739156209,125,nested_validation
2020-11-24,-0.0020013415276962654,-0.0014092688678937204,0.00027975287744008703,0.004308356790792445,0.004068555822546068,54.06885531507837,0.004637119037171945,0.0,0.004879207110725758,1.0,0.5099035782543287,0.0,0.61,0.9744400739156209,125,nested_validation
2020-11-25,0.004879207110725758,0.0031060207022497455,0.004467022192614412,0.008757119530610202,0.004157581675490955,59.69644035900166,0.003799307073224124,0.0,0.001637805068741116,1.0,0.47977154335648264,0.0,0.61,0.9744400739156209,125,nested_validation
2020-11-26,0.001637805068741116,0.0061078510683683085,0.004927148728081754,0.009906987812687174,0.004084238717093531,61.41378885907132,0.004535752427963653,0.0,-0.00033602610922867093,0.0,0.45210981905186143,0.0,0.61,0.9744400739156209,125,nested_validation
2020-11-27,-0.00033602610922867093,0.004173061292063629,0.003636696689564012,0.00897248515384863,0.0037976617643112795,60.84005454042845,0.004292375755850195,0.0,0.004654525577231228,1.0,0.434596623881334,0.0,0.61,0.9744400739156209,125,nested_validation
2020-11-30,0.004654525577231228,0.008847010489814178,0.007237466081273292,0.012936993338252156,0.0037515856877313432,65.62840322177955,0.004837793078917775,0.0,-0.0027816090374511715,0.0,0.5251138629487028,0.0,0.61,0.9744400739156209,125,nested_validation
2020-12-01,-0.0027816090374511715,0.00805826138888488,0.0037709160056920155,0.009637296534620976,0.003852181712481065,60.81988383321239,0.009848364189563986,0.0,0.011410306402095616,1.0,0.3799089318698846,-1.0,0.61,0.9744400739156209,125,nested_validation
2020-12-02,0.011410306402095616,0.014610022585682225,0.013428743320094583,0.020454093635488224,0.0039925407273412586,70.38029288288688,0.005517674834231325,0.0,0.0033314170009388633,1.0,0.6725478064990792,1.0,0.61,0.9744400739156209,125,nested_validation
2020-12-03,0.0033314170009388633,0.016325568496672105,0.014531645851169506,0.023102419544390962,0.0039146479477180805,72.51323073269099,0.005990179942545443,0.0,0.0025627638016210152,1.0,0.6816422514819009,1.0,0.61,0.9744400739156209,125,nested_validation
2020-12-04,0.0025627638016210152,0.01927267310486358,0.014759226959500271,0.024770601040518647,0.0037060820110487325,74.06555712788277,0.003625456519157364,0.0,-0.001999998037004569,0.0,0.6752494465010963,1.0,0.61,0.9744400739156209,125,nested_validation
2020-12-07,-0.001999998037004569,0.012521323362399084,0.01057767195606929,0.021936769775903864,0.003588141204214116,70.70119051692672,0.006825048413509146,0.0,-0.0006783939588516086,0.0,0.4526894187629801,0.0,0.61,0.9744400739156209,125,nested_validation
2020-12-08,-0.0006783939588516086,0.014656813575975924,0.0076204929461751725,0.020372641190953722,0.0032938855846192205,69.54946642726344,0.0030537626577873517,0.0,-0.0001815724171323474,0.0,0.4835059486530337,0.0,0.61,0.9744400739156209,125,nested_validation
2020-12-09,-0.0001815724171323474,0.003027726200035552,0.005677200583284359,0.019252020936439296,0.0032802264790044522,69.22464823479513,0.006197714626567146,0.0,-0.0026573445846650445,0.0,0.45471858610972293,0.0,0.61,0.9744400739156209,125,nested_validation
2020-12-10,-0.0026573445846650445,-0.0029592226926021814,0.0016843006321567433,0.01560308571390645,0.003241602581123281,64.47927366211516,0.00643253770358098,0.0,0.005426062727728942,1.0,0.4605868156641039,0.0,0.61,0.9744400739156209,125,nested_validation
2020-12-11,0.005426062727728942,-0.00011169444796144123,0.005216376296010461,0.01978305210619502,0.0033648583133044944,69.12155239329472,0.004620524311863746,0.0,-0.0008966983830571706,0.0,0.5522923949623239,0.0,0.61,0.9744400739156209,125,nested_validation
2020-12-14,-0.0008966983830571706,0.0009936927457576683,0.002970568436149401,0.017469454443176158,0.0033644823886737622,67.54205098289003,0.004656602120779673,0.0,0.0012768419520983176,1.0,0.4773345919611475,0.0,0.61,0.9744400739156209,125,nested_validation
2020-12-15,0.0012768419520983176,0.00295220020007414,0.002504857182868303,0.01732942945265381,0.003364514379097732,68.6399664117577,0.0032546601574117676,0.0,0.00044489219312326966,1.0,0.4822526230759104,0.0,0.61,0.9744400739156209,125,nested_validation
2020-12-16,0.00044489219312326966,0.0035806283644983505,0.0022898461982738816,0.01666936450729728,0.0033634382840154755,69.03351308833797,0.005431567826138043,0.0,0.0037257618774535484,1.0,0.46926780218499015,0.0,0.61,0.9744400739156209,125,nested_validation
2020-12-17,0.0037257618774535484,0.010003658563184414,0.005319618377236379,0.019130493887149713,0.0033516536875896506,72.18318486388209,0.005783508182823416,0.0,0.005174836135400485,1.0,0.5653930323233266,0.0,0.61,0.9744400739156209,125,nested_validation
2020-12-18,0.005174836135400485,0.009751288163424077,0.009548077827295165,0.0231360001347376,0.003447739281776656,75.86823727306172,0.003364048687277334,0.0,-0.003799173146871393,0.0,0.5366262084668814,0.0,0.61,0.9744400739156209,125,nested_validation
2020-12-21,-0.003799173146871393,0.0068178801495779595,0.004928583367221018,0.018333812138159322,0.0036330715074563724,68.64150693108985,0.00850450216249962,0.0,0.0017008809157939009,1.0,0.4233775129414498,0.0,0.61,0.9744400739156209,125,nested_validation
2020-12-22,0.0017008809157939009,0.007244265733105992,0.005613967028009315,0.018906261597868568,0.0035452704551265945,70.01341577776284,0.007596740048597861,0.0,-0.004106843593038367,0.0,0.48346307673010247,0.0,0.61,0.9744400739156209,125,nested_validation
2020-12-23,-0.004106843593038367,0.002661594757902952,0.0008613186171626541,0.013686810908403846,0.00367396277875662,62.851300090374245,0.0050591299693316105,0.0,0.00039010441651421424,1.0,0.45073535371742046,0.0,0.61,0.9744400739156209,125,nested_validation
2020-12-24,0.00039010441651421424,-0.0006705261822788078,0.00032627589677369784,0.012927653345391033,0.003676513600396933,63.23445221817792,0.0031246052075254143,0.0,-0.000548358191325371,0.0,0.4570249935793677,0.0,0.61,0.9744400739156209,125,nested_validation
2020-12-25,-0.000548358191325371,-0.006360438593012052,-0.0005537820547137917,0.011304178774614204,0.0036810442409040576,62.26195599978426,0.0037744768661158424,0.0,0.0016721969568598283,1.0,0.4711344878041815,0.0,0.61,0.9744400739156209,125,nested_validation
2020-12-28,0.0016721969568598283,-0.0009031355637220129,0.0005291332380086278,0.011987809701327068,0.0035943254252760294,64.07536627394549,0.005610069409445404,0.0,0.001503461095783143,1.0,0.4469743546637911,0.0,0.61,0.9744400739156209,125,nested_validation
2020-12-29,0.001503461095783143,-0.0011000421721798492,0.0014213980270949556,0.012490681350747712,0.0034903231338040946,65.67507653886395,0.004580071971584302,0.0,0.002413844119172115,1.0,0.48739990350254714,0.0,0.61,0.9744400739156209,125,nested_validation
2020-12-30,0.002413844119172115,0.005440332805629389,0.0030280292141382503,0.013844948003242097,0.0026134218229512647,68.13234839918057,0.004627709047606076,0.0,0.003831388176507966,1.0,0.5766593312940161,0.0,0.61,0.9744400739156209,125,nested_validation
2020-12-31,0.003831388176507966,0.008898989057477102,0.00604490778726996,0.016461478043940492,0.002640364355019773,71.61429415386422,0.007033698036063731,0.0,-0.00972591227614994,0.0,0.5615859918240079,0.0,0.61,0.9744400739156209,125,nested_validation
2021-01-01,-0.00972591227614994,-0.00036531613836388033,-0.003067502620356155,0.005706142518911772,0.0034543556536501176,55.09464037608471,0.006732142245450413,0.0,0.005782208063576988,1.0,0.425009898539938,0.0,0.61,0.9744400739156209,125,nested_validation
2021-01-04,0.005782208063576988,0.0037363347468386543,0.002413340675460285,0.010452809445254951,0.0036245625760613193,60.824215207818995,0.011315479880077237,0.0,7.356497217481106e-05,1.0,0.44997698283863113,0.0,0.61,0.9744400739156209,125,nested_validation
2021-01-05,7.356497217481106e-05,0.0023032506388627194,0.0023665769209868515,0.009392448122692798,0.003615645029141123,60.89297664892688,0.0036633828874384983,0.0,0.003972994689505738,1.0,0.43685642122059315,0.0,0.61,0.9744400739156209,125,nested_validation
2021-01-06,0.003972994689505738,0.0038622291925296537,0.005414331183733134,0.012291402156730413,0.003684892574057586,64.51563852032331,0.006774134836073438,0.0,0.003319759284016177,1.0,0.45169062330868304,0.0,0.61,-1.9265325220772898,188,nested_validation
2021-01-07,0.003319759284016177,0.0033505845811083734,0.007519203548003395,0.014480029553419538,0.0036358267074458835,67.25595482266009,0.008024556840144073,0.0,-0.005644835359129852,0.0,0.4994303088037241,0.0,0.61,-1.9265325220772898,188,nested_validation
2021-01-08,-0.005644835359129852,0.007485551820152647,0.001123113656487984,0.007771921702352191,0.0037724451341788036,58.89912974657352,0.0054770559335632525,0.0,-0.00694615929964848,0.0,0.45951633871723413,0.0,0.61,-1.9265325220772898,188,nested_validation
2021-01-11,-0.00694615929964848,-0.005264371686048652,-0.005677615220689103,0.00018381737956962851,0.004102626546200768,50.61233438547876,0.005320894142643748,0.0,-0.0020928282920179564,0.0,0.461791351343718,0.0,0.61,-1.9265325220772898,188,nested_validation
2021-01-12,-0.0020928282920179564,-0.007419201730868186,-0.007250323743897558,-0.002516699311104875,0.004125124079651477,48.41738068040802,0.0032579704848556216,0.0,0.0039629900042505994,1.0,0.4799429367521691,0.0,0.61,-1.9265325220772898,188,nested_validation
2021-01-13,0.0039629900042505994,-0.007429092891815037,-0.002957473864240834,0.0010681350355632446,0.0042120054203148615,52.600559392677596,0.005696200863090916,0.0,-0.0038007870478364847,0.0,0.5541806407869515,0.0,0.61,-1.9265325220772898,188,nested_validation
2021-01-14,-0.0038007870478364847,-0.014473354769759528,-0.005631214392524231,-0.0028672211615855536,0.004219356045584372,48.52037211437789,0.004910005129066143,0.0,-0.000923486741711943,0.0,0.4857443843885187,0.0,0.61,-1.9265325220772898,188,nested_validation
2021-01-15,-0.000923486741711943,-0.009793925296924466,-0.0063138246263853,-0.003803329534461386,0.00404057881678019,47.558741907245775,0.006398766238129972,0.0,-0.006842590880306143,0.0,0.495102459216717,0.0,0.61,-1.9265325220772898,188,nested_validation
2021-01-18,-0.006842590880306143,-0.009690653879225741,-0.0116374782041605,-0.010475911175195751,0.0042173530557475586,41.069722346117715,0.0025475462111942478,0.0,0.0007608065497719529,1.0,0.48823114268467654,0.0,0.61,-1.9265325220772898,188,nested_validation
2021-01-19,0.0007608065497719529,-0.006858745927904475,-0.009471517628673487,-0.009626057127855359,0.00419663019526207,42.010643972404196,0.00550212912251291,0.0,0.005098325770698464,1.0,0.5452904842518141,0.0,0.61,-1.9265325220772898,188,nested_validation
2021-01-20,0.005098325770698464,-0.005735647967014423,-0.003101804919678597,-0.0046528029211072575,0.0042955989242377994,48.00626644757872,0.006777689600946534,0.0,-0.0019143025297215788,0.0,0.6137490302712256,1.0,0.61,-1.9265325220772898,188,nested_validation
2021-01-21,-0.0019143025297215788,-0.0038528274601948853,-0.0031643092748924184,-0.00665832161481128,0.004309452683538788,46.07036232521325,0.005121944308006197,0.0,0.004181602719109279,1.0,0.5654587407245268,0.0,0.61,-1.9265325220772898,188,nested_validation
2021-01-22,0.004181602719109279,0.001237293631106473,0.0018708286640003458,-0.0025645322171840013,0.004417887929085442,50.734913625340106,0.002959485791793257,0.0,0.00025916567074868446,1.0,0.566070795979106,0.0,0.61,-1.9265325220772898,188,nested_validation
2021-01-25,0.00025916567074868446,0.008396826897346443,0.0022687948250448287,-0.00240429189453939,0.0044007928988789025,51.01886427759282,0.005649523258720796,0.0,-0.001906945525246062,0.0,0.5365382255397644,0.0,0.61,-1.9265325220772898,188,nested_validation
2021-01-26,-0.001906945525246062,0.005708719299816201,0.0004766818840380438,-0.004299426257264982,0.004400015648854588,48.78995655304243,0.005479828501409117,0.0,0.0013792318288194938,1.0,0.5704148649525345,0.0,0.61,-1.9265325220772898,188,nested_validation
2021-01-27,0.0013792318288194938,0.0019873667621181923,0.002235503887267676,-0.0029498042331457253,0.004373725495466576,50.47211082432323,0.008992304071975467,0.0,-0.004762003705163664,0.0,0.5428499331050534,0.0,0.61,-1.9265325220772898,188,nested_validation
2021-01-28,-0.004762003705163664,-0.0008714665117567355,-0.0020649928244687032,-0.007441429664549748,0.00436307153270534,44.971806339920796,0.00508849747072004,0.0,0.001236204229644322,1.0,0.5251166919371485,0.0,0.61,-1.9265325220772898,188,nested_validation
2021-01-29,0.001236204229644322,-0.003802043675637412,-0.0005740959365209131,-0.005826729492428018,0.0038661394079676044,46.591228145928376,0.005033921430696127,0.0,0.0003152348219104262,1.0,0.5257805132538292,0.0,0.61,-1.9265325220772898,188,nested_validation
2021-02-01,0.0003152348219104262,-0.0037462021740374274,-0.0007183857506476432,-0.0052623696074961535,0.00361582432291916,47.01992714101386,0.005521114617969763,0.0,-0.004549946712114394,0.0,0.5136842667381509,0.0,0.61,-1.9265325220772898,188,nested_validation
2021-02-02,-0.004549946712114394,-0.006384332915726265,-0.005194550477904736,-0.009332619431212885,0.003717265445446726,41.80271971191985,0.005765928434095173,0.0,-0.002455957182741275,0.0,0.4776131760188534,0.0,0.61,-1.9265325220772898,188,nested_validation
2021-02-03,-0.002455957182741275,-0.010189788198792904,-0.006820609560202251,-0.011366394063122232,0.0035704631297535346,39.280669811215056,0.003741722893674292,0.0,0.0002769556190749256,1.0,0.46185232862894365,0.0,0.61,-1.9265325220772898,188,nested_validation
2021-02-04,0.0002769556190749256,-0.005178310125657948,-0.005944912875055275,-0.010689044602357645,0.003442875739637151,39.721244524075715,0.006367324603084097,0.0,-0.006282587967714526,0.0,0.49846635037973935,0.0,0.61,-1.9265325220772898,188,nested_validation
2021-02-05,-0.006282587967714526,-0.01264893247030796,-0.010560233654884454,-0.016317275709679002,0.003486402988511353,33.73907038069056,0.007203921094371207,0.0,0.006855858420775629,1.0,0.4421005448859352,0.0,0.61,-1.9265325220772898,188,nested_validation
2021-02-08,0.006855858420775629,-0.00619307588845841,-0.0027817937471220633,-0.009148876393259009,0.0036526963415544557,43.64973951336624,0.003913331863760289,0.0,0.0004002080092257998,1.0,0.601344813589952,0.0,0.61,-1.9265325220772898,188,nested_validation
2021-02-09,0.0004002080092257998,-0.001251092088022876,-0.0016171641344727705,-0.008290594897217951,0.0036407880213867195,44.17821529568801,0.005355696983836581,0.0,0.005508496493374926,1.0,0.5296909364598275,0.0,0.61,-1.9265325220772898,188,nested_validation
2021-02-10,0.005508496493374926,0.006722981305941289,0.004240097352248062,-0.002464029176791893,0.003748146286663374,50.99356343412133,0.002766502996413785,0.0,0.0001006197804718223,1.0,0.4878915661617243,0.0,0.61,-1.9265325220772898,188,nested_validation
2021-02-11,0.0001006197804718223,0.006545509116711701,0.004206850250338956,-0.0018743566539459744,0.0036644989794514856,51.111625571382945,0.003026255875043396,0.0,0.0008492320522897057,1.0,0.4373502493452255,0.0,0.61,-1.9265325220772898,188,nested_validation
2021-02-12,0.0008492320522897057,0.013769395229648929,0.004964164870038479,-0.0008929901982615007,0.0036664772503761803,52.159300211590306,0.004280585595743979,0.0,-0.0007758942166108396,0.0,0.32733770331588263,-1.0,0.61,-1.9265325220772898,188,nested_validation
2021-02-15,-0.0007758942166108396,0.006085239457957137,0.004199095655361473,-0.0013156101866710346,0.003329468570903984,51.081316016809694,0.0024418932948389225,0.0,0.0008334358533188535,1.0,0.49720720656883144,0.0,0.61,-1.9265325220772898,188,nested_validation
2021-02-16,0.0008334358533188535,0.006520929230684702,0.004507610179361521,-0.00015542097963161527,0.0033300864959118583,52.22266847253136,0.006194714786664995,0.0,-0.0032733877135847633,0.0,0.34573506914346874,-1.0,0.61,-1.9265325220772898,188,nested_validation
2021-02-17,-0.0032733877135847633,-0.002269797335238022,0.0007767532967124513,-0.002859111917055901,0.003216346242687491,47.52837992322077,0.006015727663198905,0.0,-0.0036781674916279705,0.0,0.5296124855853591,0.0,0.61,-1.9265325220772898,188,nested_validation
2021-02-18,-0.0036781674916279705,-0.006039628206502501,-0.002950611817705062,-0.005725736547450455,0.0032859508752806073,42.879433397302925,0.004374369656894287,0.0,0.003643164233586349,1.0,0.4990324308314833,0.0,0.61,-1.9265325220772898,188,nested_validation
2021-02-19,0.003643164233586349,-0.0032649267022679673,-0.00035366091575605996,-0.0016103171058332588,0.003251355731509803,48.258109707155526,0.0053520415552192014,0.0,0.0028497294649860727,1.0,0.5537310483310915,0.0,0.61,-1.9265325220772898,188,nested_validation
2021-02-22,0.0028497294649860727,0.00035166567686939487,0.0018524913493758177,0.0013997721012157793,0.0033219412730130164,52.07356952502792,0.00518770290960996,0.0,0.0033349308049044346,1.0,0.5258635024735012,0.0,0.61,-1.9265325220772898,188,nested_validation
2021-02-23,0.0033349308049044346,0.0028519564863660474,0.004254378650375923,0.004722513752431379,0.0033809666992027157,56.15943854454234,0.0034502391623014487,0.0,-0.0012042622122976354,0.0,0.5141661935255174,0.0,0.61,-1.9265325220772898,188,nested_validation
2021-02-24,-0.0012042622122976354,0.004933797717053823,0.0027788716513303946,0.003669348471144085,0.0033786045506642606,54.35149164376138,0.0051626659635048665,0.0,0.0015822117375803302,1.0,0.508556292723963,0.0,0.61,-1.9265325220772898,188,nested_validation
2021-02-25,0.0015822117375803302,0.010239646393411128,0.003949934102212227,0.0052327877282780655,0.003214088537620754,56.33791709238281,0.006981429247370761,0.0,-0.0008997964463968167,0.0,0.4907476527161858,0.0,0.61,-1.9265325220772898,188,nested_validation
2021-02-26,-0.0008997964463968167,0.005666826934783931,0.0028074164238678367,0.004302953458058312,0.003215972053662551,54.87318956920946,0.007461988648060466,0.0,-0.005827132900038223,0.0,0.5144138355258975,0.0,0.61,-1.9265325220772898,188,nested_validation
2021-03-01,-0.005827132900038223,-0.0030344095376425573,-0.00276853212377437,-0.0016082002688688757,0.0034707785539977794,46.457064172309536,0.005924591907790773,0.0,-0.0031815938102786046,0.0,0.46903763069679966,0.0,0.61,-1.9265325220772898,188,nested_validation
2021-03-02,-0.0031815938102786046,-0.009509566149130788,-0.0052758736592302125,-0.004712898648282171,0.0033957629265414565,42.63454215277474,0.00716575568057269,0.0,0.0028521567302313144,1.0,0.47180915943547036,0.0,0.61,-1.9265325220772898,188,nested_validation
2021-03-03,0.0028521567302313144,-0.005486877619075958,-0.002380995209984138,-0.001727426767267004,0.0034061104140157374,46.84358461319876,0.005443367914361651,0.0,-0.0028800481356082708,0.0,0.5316777207280431,0.0,0.61,-1.9265325220772898,188,nested_validation
2021-03-04,-0.0028800481356082708,-0.009917643209112925,-0.005275994632787162,-0.004424404210097266,0.003471331835573994,43.373017583497656,0.0032358848360942373,0.0,-0.006881411661313397,0.0,0.43693230098720914,0.0,0.61,-1.9265325220772898,188,nested_validation
2021-03-05,-0.006881411661313397,-0.015845268554735337,-0.011107583080563699,-0.010734436509681422,0.003527862065443699,36.44514515088326,0.005901827066207244,0.0,-0.0035180865848333243,0.0,0.5158848773364316,0.0,0.61,-1.9265325220772898,188,nested_validation
2021-03-08,-0.0035180865848333243,-0.013559490164037569,-0.012949485261278482,-0.013552062066335968,0.003233616836756882,33.517821097779134,0.0070299266939190625,0.0,-0.006198454709617107,0.0,0.5407418622173784,0.0,0.61,-1.9265325220772898,188,nested_validation
2021-03-09,-0.006198454709617107,-0.016544942464244428,-0.016502836470770776,-0.01886975673695024,0.003453267871520365,29.098701646341055,0.00673792307655169,0.0,0.0038977317898649666,1.0,0.52327696261954,0.0,0.61,-1.9265325220772898,188,nested_validation
2021-03-10,0.0038977317898649666,-0.015519590847329567,-0.010581989444072515,-0.014324555492536972,0.0033205413983767563,34.877088832902714,0.004627937936536833,0.0,0.002366169783703187,1.0,0.6550270365687587,1.0,0.61,-1.9265325220772898,188,nested_validation
2021-03-11,0.002366169783703187,-0.010339874250494097,-0.006213530251264032,-0.011503622362924792,0.0033912745116781383,38.183558630246964,0.005086711188175728,0.0,0.00503413381222062,1.0,0.6014458451174745,0.0,0.61,-1.9265325220772898,188,nested_validation
2021-03-12,0.00503413381222062,0.001534176210526983,0.00024230443665818058,-0.006159619730893295,0.0036090313843637786,44.63898234966298,0.006660390310329738,0.0,-0.0030114376748069382,0.0,0.5512136433734007,0.0,0.61,-1.9265325220772898,188,nested_validation
2021-03-15,-0.0030114376748069382,0.002043393881113964,-0.001607107486191528,-0.008676158393022493,0.0036472813378829595,41.81191940968039,0.004484663251728011,0.0,-0.0020273558871979347,0.0,0.5359738315657975,0.0,0.61,-1.9265325220772898,188,nested_validation
2021-03-16,-0.0020273558871979347,0.00624908468531693,-0.00258687667960944,-0.010294787608977951,0.0036401144158882247,39.98165863763342,0.005753261874374254,0.0,-0.002023177780549945,0.0,0.5559215868108436,0.0,0.61,-1.9265325220772898,188,nested_validation
2021-03-17,-0.002023177780549945,0.0003143070211497623,-0.0030721476444224294,-0.011921555388775595,0.0036085776967072136,38.18875975929994,0.0025511267025540513,0.0,0.006818129005479179,1.0,0.5262478955910136,0.0,0.61,-1.9265325220772898,188,nested_validation
2021-03-18,0.006818129005479179,0.004757152997065361,0.00429596783445807,-0.005020613637081284,0.003901534352000336,46.82524084227128,0.006746986513488253,0.0,-0.005387043935496605,0.0,0.5043738923316068,0.0,0.61,-1.9265325220772898,188,nested_validation
2021-03-19,-0.005387043935496605,-0.005661152742418074,-0.0006996879840577286,-0.010247773930443294,0.003945547340697092,41.819491183418926,0.005245282811273942,0.0,-0.002947064563059154,0.0,0.4643557753174678,0.0,0.61,-1.9265325220772898,188,nested_validation
2021-03-22,-0.002947064563059154,-0.005596950716288185,-0.003289392246442091,-0.012711900358816197,0.0038854786052853326,39.35425394884044,0.0051657853545663355,0.0,0.00420042332273729,1.0,0.5164318664037957,0.0,0.61,-1.9265325220772898,188,nested_validation
2021-03-23,0.00420042332273729,0.0006085526841892452,0.0002149880009993943,-0.008233724671493747,0.003938038724748944,44.37275306052364,0.0066021974491496235,0.0,-0.007778902857818792,0.0,0.5677023978836899,0.0,0.61,-1.9265325220772898,188,nested_validation
2021-03-24,-0.007778902857818792,-0.005162350618360234,-0.007085370951925407,-0.015185233647695306,0.004209607152183741,38.06431432266165,0.003192518457990126,0.0,-0.002291819283459895,0.0,0.496578423460891,0.0,0.61,-1.9265325220772898,188,nested_validation
2021-03-25,-0.002291819283459895,-0.014163896459324365,-0.008421410731514367,-0.01660210367809889,0.004161822893329205,36.43365435156674,0.0046461377901111465,0.0,-0.0030854165403151335,0.0,0.5504255093072081,0.0,0.61,-1.9265325220772898,188,nested_validation
2021-03-26,-0.0030854165403151335,-0.011882579521682368,-0.009739658140694774,-0.018669916006069487,0.004173720096557625,34.3076782484202,0.0026667824684941084,0.0,0.0009666010928697233,1.0,0.5003732049787014,0.0,0.61,-1.9265325220772898,188,nested_validation
2021-03-29,0.0009666010928697233,-0.008003987849058425,-0.007430418689117424,-0.016808987135663922,0.0040909757701268245,35.57213932906373,0.0026947477851786343,0.0,-0.00144197878443586,0.0,0.5047974906186641,0.0,0.61,-1.9265325220772898,188,nested_validation
2021-03-30,-0.00144197878443586,-0.013577815801398385,-0.00756838164313145,-0.01723985893870672,0.004067489678460909,34.50412344164896,0.005319905256467437,0.0,-0.004027045738019597,0.0,0.5036379484150698,0.0,0.61,-1.9265325220772898,188,nested_validation
2021-03-31,-0.004027045738019597,-0.00984788594446151,-0.010078983832941701,-0.020191618897793195,0.004003446516062877,31.650275058461062,0.0046135674594424735,0.0,0.0004457788887903824,1.0,0.4780441474452746,0.0,0.61,-1.9265325220772898,188,nested_validation
2021-04-01,0.0004457788887903824,-0.007131020762759399,-0.007509387288921476,-0.018882456359399558,0.004012181468743587,32.31496289693774,0.0051986735043179815,0.0,0.0043584335414605935,1.0,0.4964540581332798,0.0,0.61,-1.9265325220772898,188,nested_validation
2021-04-02,0.0043584335414605935,0.0002826212431974451,-0.002015825952116246,-0.01374846341988678,0.003984354487229878,38.60434222061284,0.0030196105179068704,0.0,-0.0010002289071011639,0.0,0.6036926694637438,0.0,0.61,-1.9265325220772898,188,nested_validation
2021-04-05,-0.0010002289071011639,-0.0016828647837714428,-0.0020421842764851705,-0.013749062900392572,0.003935407867092889,37.733999415888924,0.006518329788913004,0.0,0.004313981953136592,1.0,0.5516268062277954,0.0,0.61,-1.9265325220772898,188,nested_validation
2021-04-06,0.004313981953136592,0.004071707421212212,0.0032336707076781046,-0.008530911674077268,0.003861464871379101,43.630905844812915,0.004981622261910681,0.0,0.004678428163524373,1.0,0.6165648286980293,1.0,0.61,-1.9265325220772898,188,nested_validation
2021-04-07,0.004678428163524373,0.012847969875759535,0.007636218098512337,-0.0031176880293418696,0.0039056860541494755,49.26654920674127,0.004155077516169594,0.0,-4.7486026508836154e-05,0.0,0.43780301990819764,0.0,0.61,-1.9265325220772898,188,nested_validation
2021-04-08,-4.7486026508836154e-05,0.012348590120639935,0.007070527782865543,-0.002333851962280087,0.0038649444615538246,49.21251663398752,0.004463597270457912,0.0,0.003538931154240421,1.0,0.3266187429942881,-1.0,0.61,-1.9265325220772898,188,nested_validation
2021-04-09,0.003538931154240421,0.011522568195999616,0.009443867742224388,0.0018835614882235507,0.00377617363111458,53.321120486197486,0.0045841165528714214,0.0,-0.0012733601511303316,0.0,0.41279436264381225,0.0,0.61,-1.9265325220772898,188,nested_validation
2021-04-12,-0.0012733601511303316,0.011246013160243429,0.007198508951922422,0.0011382514099227414,0.003732227752557748,51.69488585271115,0.003948462531778176,0.0,0.0011914405802817551,1.0,0.3180267776695007,-1.0,0.61,-1.9265325220772898,188,nested_validation
2021-04-13,0.0011914405802817551,0.008101919210573794,0.007173733175410479,0.0027145924294698087,0.003719358811294331,53.13335404699952,0.005777723482698496,0.0,0.0033112327681075193,1.0,0.328322065772158,-1.0,0.61,-1.9265325220772898,188,nested_validation
2021-04-14,0.0033112327681075193,0.006730065029754151,0.008543277677398597,0.006405573264669506,0.003758609913057713,56.97280659366104,0.002515690782342238,0.0,0.002672952619411806,1.0,0.48919979846402717,0.0,0.61,-1.9265325220772898,188,nested_validation
2021-04-15,0.002672952619411806,0.009468942463077612,0.00904893562173359,0.009278517117206064,0.003494458508638375,59.84224411477246,0.0029433101010018633,0.0,-0.0011971556290383267,0.0,0.4262395749861576,0.0,0.61,-1.9265325220772898,188,nested_validation
2021-04-16,-0.0011971556290383267,0.0047048696721687655,0.00621626764037031,0.008058903731228195,0.0032832399291272962,57.972512749124505,0.003660396097476069,0.0,-0.00019148372403277047,0.0,0.3766870909154179,-1.0,0.61,-1.9265325220772898,188,nested_validation
2021-04-19,-0.00019148372403277047,0.005793222051407199,0.004324473140320473,0.007741924760934937,0.003203910996314077,57.662549013688825,0.008752073808355708,0.0,0.006335809454036445,1.0,0.38266133558861654,-1.0,0.61,-1.9265325220772898,188,nested_validation
2021-04-20,0.006335809454036445,0.010961236014806586,0.008771731466853616,0.013576144270168733,0.0033615752360529275,64.43680088710465,0.004391685063084702,0.0,-0.0010708288987623105,0.0,0.5162078081636395,0.0,0.61,-1.9265325220772898,188,nested_validation
2021-04-21,-0.0010708288987623105,0.00654576219736569,0.006358497458754719,0.012108989815957205,0.002810967830673433,62.602075989880234,0.003763708572109066,0.0,0.0004453360191536415,1.0,0.42604393646472666,0.0,0.61,-1.9265325220772898,188,nested_validation
2021-04-22,0.0004453360191536415,0.004309541460651101,0.005426847284448089,0.012242717431238725,0.0027218699052937965,63.072483453458304,0.005488514207322502,0.0,-0.0019103788602828908,0.0,0.40389847844014015,0.0,0.61,-1.9265325220772898,188,nested_validation
2021-04-23,-0.0019103788602828908,0.0035923860176454436,0.002676435262410237,0.010227801571091932,0.002645832549886775,59.60722719126097,0.005335605582700795,0.0,0.006250504777101318,1.0,0.4935225740181973,0.0,0.61,-1.9265325220772898,188,nested_validation
2021-04-26,0.006250504777101318,0.010058754832578565,0.007351937674655362,0.016143939437837762,0.0028820739133321497,66.14800636148962,0.004510386470595718,0.0,-0.0006766122021124588,0.0,0.5332286090961018,0.0,0.61,-1.9265325220772898,188,nested_validation
2021-04-27,-0.0006766122021124588,0.0030203906803445424,0.00527169374145009,0.015013075095801298,0.0028507322895949616,64.91494123007968,0.0028118842712973988,0.0,0.000714564737621437,1.0,0.4661354125881216,0.0,0.61,-1.9265325220772898,188,nested_validation
2021-04-28,0.000714564737621437,0.004813096584317389,0.004851574323111674,0.0152020101836281,0.002581708466530245,65.64285316236712,0.0036810978573141103,0.0,0.0037730907940705105,1.0,0.4360603218069314,0.0,0.61,-1.9265325220772898,188,nested_validation
2021-04-29,0.0037730907940705105,0.008155379725306,0.007388525184327088,0.018595886429542796,0.0026125686329844275,69.27078168803276,0.0039512393974666885,0.0,-0.0007276763569032951,0.0,0.4909164778172401,0.0,0.61,-1.9265325220772898,188,nested_validation
2021-04-30,-0.0007276763569032951,0.009350009812767679,0.005359059814234124,0.017260281151358692,0.002589919605842561,67.7786882126765,0.0085626163994642,0.0,-0.008190845873297992,0.0,0.44943783063640497,0.0,0.61,-1.9265325220772898,188,nested_validation
2021-05-03,-0.008190845873297992,-0.005135823835503706,-0.003357430049408472,0.008520173229893846,0.00330609249709395,53.753422547108414,0.005245887926172024,0.0,0.002786131525111424,1.0,0.4600502327657228,0.0,0.61,-1.9265325220772898,188,nested_validation
2021-05-04,0.002786131525111424,-0.001688531670107074,-0.0007129815169697462,0.010967682187367211,0.0032480185967569846,56.987138914264456,0.005219551266845495,0.0,-0.0038327774773150303,0.0,0.5570830489425103,0.0,0.61,-1.9265325220772898,188,nested_validation
2021-05-05,-0.0038327774773150303,-0.00622495398627676,-0.004399924626795726,0.0066011490964379416,0.0032980792697764366,51.624448274927715,0.0035043336363741896,0.0,-0.0005884542128350434,0.0,0.4608839119115266,0.0,0.61,-1.9265325220772898,188,nested_validation
2021-05-06,-0.0005884542128350434,-0.010543055985305028,-0.004740216368280037,0.005461547299977276,0.0033054481980374344,50.8365003107105,0.006329384103155578,0.0,0.005044664866080906,1.0,0.46155467444371906,0.0,0.61,-1.9265325220772898,188,nested_validation
2021-05-07,0.005044664866080906,-0.004827413741275599,-0.00016526580833531312,0.009711052579499224,0.003388365587563336,56.90544530388663,0.009282650158294789,0.0,0.008495398926473774,1.0,0.5178082082013913,0.0,0.61,-1.9265325220772898,188,nested_validation
2021-05-10,0.008495398926473774,0.011915417602075484,0.007650666382427618,0.017202253961794645,0.003760523332219622,64.82091147134255,0.0032787980300179073,0.0,-0.0024767285752496093,0.0,0.5140417070132721,0.0,0.61,-1.9265325220772898,188,nested_validation
2021-05-11,-0.0024767285752496093,0.0066046448372600874,0.004662083739511269,0.01363830966142432,0.003841714880432853,61.25827038526268,0.004464310261266461,0.0,0.0002938764513154002,1.0,0.44271463155090296,0.0,0.61,-1.9265325220772898,188,nested_validation
2021-05-12,0.0002938764513154002,0.010774536114827038,0.004506846111601348,0.012749915876268725,0.003805031446018705,61.52779479941119,0.0067977123045836856,0.0,-0.005434086426121532,0.0,0.39035939326667296,0.0,0.61,-1.9265325220772898,188,nested_validation
2021-05-13,-0.005434086426121532,0.0058738106096900555,-0.0004770435116402405,0.006268452014818404,0.004009949706664689,54.03917376963704,0.0044217510833053295,0.0,-0.00010027452124083958,0.0,0.49690578071583,0.0,0.61,-1.9265325220772898,188,nested_validation
2021-05-14,-0.00010027452124083958,0.0007246267298166575,-0.0001652546987427339,0.005337408121845577,0.003995312481461279,53.90949226087521,0.006313782743136552,0.0,0.006050930549080791,1.0,0.49972777678138014,0.0,0.61,-1.9265325220772898,188,nested_validation
2021-05-17,0.006050930549080791,-0.0017010062548489246,0.004864672429977013,0.010349139325720014,0.004173121770494938,60.12705741979136,0.0034947361150464776,0.0,0.0005349045844813549,1.0,0.47270534887427157,0.0,0.61,-1.9265325220772898,188,nested_validation
2021-05-18,0.0005349045844813549,0.0013129688964224062,0.0046078923522012705,0.009943571681066077,0.003972195554749166,60.6356508321738,0.00644493918566171,0.0,0.00552151594775574,1.0,0.3713905265920266,-1.0,0.61,-1.9265325220772898,188,nested_validation
2021-05-19,0.00552151594775574,0.006545934275627774,0.008413592136062409,0.014537332781938472,0.004102134545699453,65.5264259369565,0.004593127988522202,0.0,-0.004183833562572015,0.0,0.5233237390800549,0.0,0.61,-1.9265325220772898,188,nested_validation
2021-05-20,-0.004183833562572015,0.0078112470311193505,0.0028305305251856705,0.009457137572270069,0.004243695600230728,59.464324144288,0.004770974985628709,0.0,0.004315598457791392,1.0,0.4776297918568196,0.0,0.61,-1.9265325220772898,188,nested_validation
2021-05-21,0.004315598457791392,0.012262059787967239,0.005858705866020886,0.012946377921371877,0.004278744290814749,63.22754616293574,0.0055831085248958644,0.0,-0.003447842784843669,0.0,0.5139153228773016,0.0,0.61,-1.9265325220772898,188,nested_validation
2021-05-24,-0.003447842784843669,0.002704643191563383,0.002290391525888724,0.008666285533070583,0.004191114762646624,58.532090192437984,0.0043998853624728695,0.0,0.0025772895778577443,1.0,0.5235265522574476,0.0,0.61,-1.9265325220772898,188,nested_validation
2021-05-25,0.0025772895778577443,0.0047514572573792435,0.004264654113456778,0.0104295163254986,0.004209529423527763,60.863678800824225,0.004470457319605297,0.0,0.0028209965686414318,1.0,0.5256875498648615,0.0,0.61,-1.9265325220772898,188,nested_validation
2021-05-26,0.0028209965686414318,0.00205300601741798,0.006232377220617646,0.012456500060400888,0.004238424388750022,63.30217451716236,0.00530418429310567,0.0,-0.004612427257485008,0.0,0.47541964652098756,0.0,0.61,-1.9265325220772898,188,nested_validation
2021-05-27,-0.004612427257485008,0.001621728021717006,0.000653376546344342,0.007213570215811149,0.004323788078557121,57.027887841602464,0.003389164333992824,0.0,4.869039459753921e-05,1.0,0.49518035154678974,0.0,0.61,-1.9265325220772898,188,nested_validation
2021-05-28,4.869039459753921e-05,-0.0026337349364695672,-0.00024881404762511217,0.006648790328735554,0.004318387038376624,57.076031186589695,0.0055485771560484405,0.0,-0.00025595431068903274,0.0,0.48066559557326977,0.0,0.61,-1.9265325220772898,188,nested_validation
2021-05-31,-0.00025595431068903274,0.0005607610695028686,-0.0008298985152170868,0.005780509082150109,0.003862222096923204,56.7162964238994,0.004084191214940111,0.0,0.0035108358588156197,1.0,0.5189211031613044,0.0,0.61,-1.9265325220772898,188,nested_validation
2021-06-01,0.0035108358588156197,0.0014924296671048332,0.002053866155078854,0.008791222662179132,0.0038851630837638527,60.40202387566513,0.0032302731202353044,0.0,-0.0012340095487372027,0.0,0.5628493368630937,0.0,0.61,-1.9265325220772898,188,nested_validation
2021-06-02,-0.0012340095487372027,-0.0025572042582959753,0.0008683788602115161,0.007033204544847127,0.0037727517548686355,58.50950604761995,0.005211821475795874,0.0,-0.0006471845860595016,0.0,0.49767131620071825,0.0,0.61,-1.9265325220772898,188,nested_validation
2021-06-03,-0.0006471845860595016,0.0014162256340262136,-8.251311438167708e-05,0.00590580553946185,0.0037738882894149607,57.493341329889965,0.007786768205616373,0.0,-0.006294536179352717,0.0,0.48002562273638194,0.0,0.61,-1.9265325220772898,188,nested_validation
2021-06-04,-0.006294536179352717,-0.004935675103447168,-0.005624245442622855,-0.0007504031414864443,0.003947553276434499,48.649255113845705,0.006773202026664638,0.0,0.002917987829320845,1.0,0.4014669437414879,0.0,0.61,-1.9265325220772898,188,nested_validation
2021-06-07,0.002917987829320845,-0.0017765899291692921,-0.0026014861190497562,0.0019493095622169498,0.0035320616871085597,52.29012999673171,0.004679061284025251,0.0,0.0020728666661509187,1.0,0.541768545364064,0.0,0.61,-1.9265325220772898,188,nested_validation
2021-06-08,0.0020728666661509187,-0.003206982566484551,-0.00036193623130220676,0.0037177737956604062,0.003511977554031488,54.75163054294665,0.002458264255244001,0.0,-0.0017042140583581888,0.0,0.564192072628839,0.0,0.61,-1.9265325220772898,188,nested_validation
2021-06-09,-0.0017042140583581888,-0.0036762582290891244,-0.0014414237195576884,0.0017803205898205832,0.0035368651988902234,52.35507630521726,0.0038754990779847616,0.0,0.0007517140274577727,1.0,0.4898565770966478,0.0,0.61,-1.9265325220772898,188,nested_validation
2021-06-10,0.0007517140274577727,-0.0022815997266258936,-0.0006039697074526895,0.002406657396674783,0.0032999308571320467,53.32392720202466,0.0038411759421611066,0.0,-0.0007754178831091973,0.0,0.5094871999903735,0.0,0.61,-1.9265325220772898,188,nested_validation
2021-06-11,-0.0007754178831091973,0.0032598067342743953,-0.0012098752054479078,0.0015044776106911684,0.003308646477435372,52.14510570728651,0.008215583813742756,0.0,-0.005122571731379644,0.0,0.5055138681105448,0.0,0.61,-1.9265325220772898,188,nested_validation
2021-06-14,-0.005122571731379644,-0.004783493245181902,-0.005674660818806632,-0.003851031099284863,0.0032498492242416556,45.063230487499204,0.002992880539238428,0.0,0.000993919050279235,1.0,0.4982092196457479,0.0,0.61,-1.9265325220772898,188,nested_validation
2021-06-15,0.000993919050279235,-0.005855058510502054,-0.0037815142803676594,-0.0030276027866087407,0.0032562920505198284,46.57165529007843,0.0038208761011054126,0.0,0.0004002410493513242,1.0,0.4926849785155658,0.0,0.61,-1.9265325220772898,188,nested_validation
2021-06-16,0.0004002410493513242,-0.0037593535807773915,-0.0026395545172455126,-0.002934846110549949,0.0029918542930731924,47.20097765265763,0.0020321554964141016,0.0,-0.010843962346389069,0.0,0.5951861081618811,0.0,0.61,-1.9265325220772898,188,nested_validation
2021-06-17,-0.010843962346389069,-0.015302760366321388,-0.011713276855870314,-0.013713500729520933,0.003685464295722351,35.1245795157822,0.008391049375078695,0.0,-0.006850199257112499,0.0,0.5573139546505335,0.0,0.61,-1.9265325220772898,188,nested_validation
2021-06-18,-0.006850199257112499,-0.02128922282672885,-0.0167042858740315,-0.02005310746797706,0.0037249052299908425,29.965495657626747,0.0064071390604637166,0.0,-0.0033365033317003245,0.0,0.578163525151545,0.0,0.61,-1.9265325220772898,188,nested_validation
2021-06-21,-0.0033365033317003245,-0.01953217784624628,-0.01759511759661292,-0.0225256115245418,0.0037217500410925346,27.83563865991256,0.006042959124336168,0.0,0.003275888241700775,1.0,0.552378881878386,0.0,0.61,-1.9265325220772898,188,nested_validation
2021-06-22,0.003275888241700775,-0.017297002066699263,-0.01207941583718708,-0.018708568332358233,0.0037608527847403225,32.86430928851986,0.002947969179567138,0.0,0.0020292243125450415,1.0,0.6546136252309452,1.0,0.61,-1.9265325220772898,188,nested_validation
2021-06-23,0.0020292243125450415,-0.015696835782608387,-0.008132469422187483,-0.016156039727481697,0.003721816924550861,35.855840743949656,0.0045382826909800295,0.0,-0.00029830447809264804,0.0,0.5444603885825039,0.0,0.61,-1.9265325220772898,188,nested_validation
2021-06-24,-0.00029830447809264804,-0.005202915699846766,-0.006373903470091036,-0.016056654095338296,0.003646910450665793,35.60416825492345,0.00308143475022457,0.0,-0.00023855495634861335,0.0,0.4863998095330577,0.0,0.61,-1.9265325220772898,188,nested_validation
2021-06-25,-0.00023855495634861335,0.0014196949757125932,-0.004603265949657098,-0.015893862175498263,0.0036430476942002485,35.39030120630001,0.0039029229355576063,0.0,0.0009912185233162951,1.0,0.5206696296278386,0.0,0.61,-1.9265325220772898,188,nested_validation
2021-06-28,0.0009912185233162951,0.005768069240926321,-0.002217604303492382,-0.014354094509575588,0.0036672546345277745,37.081078224856356,0.0034653303258876033,0.0,-0.0011094247801214374,0.0,0.5321630092402038,0.0,0.61,-1.9265325220772898,188,nested_validation
2021-06-29,-0.0011094247801214374,0.0013718629105770042,-0.001711986791662734,-0.0148297153378103,0.003517005770746067,35.94610944406976,0.0041824019730800095,0.0,-0.002261387132008741,0.0,0.5430275599152561,0.0,0.61,-1.9265325220772898,188,nested_validation
2021-06-30,-0.002261387132008741,-0.0029159337634230287,-0.0020891232516950797,-0.016185295322309612,0.0035238772874462746,33.68536011920641,0.00542915352780816,0.0,-0.003794147491686828,0.0,0.530456194225962,0.0,0.61,-1.9265325220772898,188,nested_validation
2021-07-01,-0.003794147491686828,-0.00640262322542251,-0.00471694190775207,-0.01906371993892997,0.003561166763367564,30.255009107128956,0.00387043065780028,0.0,-0.0008884818090967306,0.0,0.4518313839372285,0.0,0.61,-1.9265325220772898,188,nested_validation
2021-07-02,-0.0008884818090967306,-0.007048542928755008,-0.005040168176750015,-0.01890943596762784,0.003384735752669032,29.500279137748052,0.0035147221948563113,0.0,0.0008417743052646642,1.0,0.45846029127200466,0.0,0.61,-1.9265325220772898,188,nested_validation
2021-07-05,0.0008417743052646642,-0.007196786840708569,-0.004056610739789135,-0.017196302122660545,0.003287611484552578,31.248601914267,0.0025299355259577154,0.0,0.0006406783710117825,1.0,0.519243268918542,0.0,0.61,-1.9265325220772898,188,nested_validation
2021-07-06,0.0006406783710117825,-0.005457349033496595,-0.0030101897810748124,-0.015612385378626081,0.003228578443725617,32.619369399391644,0.006850125802847244,0.0,-0.0033109661497897624,0.0,0.5261589473319727,0.0,0.61,-1.9265325220772898,188,nested_validation
2021-07-07,-0.0033109661497897624,-0.006503566033901453,-0.005373270915961403,-0.0177181897898393,0.003255896573876277,29.359444401036185,0.004979267836923988,0.0,-0.0026321867575267444,0.0,0.5044989104793375,0.0,0.61,-1.9265325220772898,188,nested_validation
2021-07-08,-0.0026321867575267444,-0.005344765528072282,-0.006823608966815664,-0.019219589062860254,0.003225110769753729,27.052457673241705,0.006960260870795773,0.0,0.0046301331645948185,1.0,0.4599146628932119,0.0,0.61,-1.9265325220772898,188,nested_validation
2021-07-09,0.0046301331645948185,0.00014923506212882742,-0.0015328482105149144,-0.013734695155031451,0.0034989764448348937,36.48238337290445,0.004171820695925253,0.0,0.0021062849877842016,1.0,0.5578746738149949,0.0,0.61,-1.9265325220772898,188,nested_validation
2021-07-12,0.0021062849877842016,0.0014128707579186273,0.0011539985149393583,-0.010786926639627437,0.0034631876851929453,40.281815879580535,0.0038260962111536824,0.0,-0.0006526261676987888,0.0,0.5285490270845782,0.0,0.61,-1.9265325220772898,188,nested_validation
2021-07-13,-0.0006526261676987888,0.0001185681787123638,0.0010382546235059298,-0.010422098483273134,0.0034346733804397392,39.491904378162104,0.007119074554467582,0.0,-0.007571489140241527,0.0,0.5178199449992261,0.0,0.61,-1.9265325220772898,188,nested_validation
2021-07-14,-0.007571489140241527,-0.004156614960849847,-0.005479233176174714,-0.01670533643923211,0.003694243037571463,31.724410242810478,0.004705251592469397,0.0,0.0049226055054825135,1.0,0.5093594017394019,0.0,0.61,-1.9265325220772898,188,nested_validation
2021-07-15,0.0049226055054825135,0.0033866301695539835,-0.00038577674600537293,-0.010828267816056836,0.0032658341145035906,39.93363012522051,0.003819060932104733,0.0,-0.001818965027435615,0.0,0.5826884230923364,0.0,0.61,-1.9265325220772898,188,nested_validation
2021-07-16,-0.001818965027435615,-0.0030544855096568124,-0.0019138214445307833,-0.011743075509166867,0.0029599544397182946,38.10162557462068,0.002455576381737318,0.0,0.00018549789937249983,1.0,0.5467924744268557,0.0,0.61,-1.9265325220772898,188,nested_validation
2021-07-19,0.00018549789937249983,-0.00496538069190422,-0.001372561459338284,-0.01058181523897761,0.002885251401882187,38.41136534906622,0.004991975020751125,0.0,-0.0017066072430054202,0.0,0.5386596992704198,0.0,0.61,-1.9265325220772898,188,nested_validation
2021-07-20,-0.0017066072430054202,-0.0060148132370700935,-0.002486928263228161,-0.011166748600846765,0.0027835711827194735,36.59660867849989,0.003977300810753197,0.0,-0.000824893946899663,0.0,0.5443233523896779,0.0,0.61,-1.9265325220772898,188,nested_validation
2021-07-21,-0.000824893946899663,0.0007423643428627891,-0.0029690149609435945,-0.010907844519402854,0.002722912012894405,35.719661561794766,0.004167327585230169,0.0,0.0007310905803727952,1.0,0.5565722880704009,0.0,0.61,-1.9265325220772898,188,nested_validation
2021-07-22,0.0007310905803727952,-0.003431714868165292,-0.002234449359781787,-0.009105529050792427,0.002738558944167817,37.15580264581232,0.005358930474212731,0.0,-0.0016952306802587858,0.0,0.5410699406706905,0.0,0.61,-1.9265325220772898,188,nested_validation
2021-07-23,-0.0016952306802587858,-0.0033081804371777324,-0.003291180453880327,-0.009676319920201126,0.0027476516281564525,35.19103720655524,0.0025066605479374658,0.0,5.8932597007066434e-05,1.0,0.552010100669072,0.0,0.61,-1.9265325220772898,188,nested_validation
2021-07-26,5.8932597007066434e-05,-0.0034343036430961593,-0.002391840338669793,-0.008681849127799013,0.00272705955799435,35.31886823370125,0.004499066499896381,0.0,0.0029164853819825254,1.0,0.5533999790150685,0.0,0.61,-1.9265325220772898,188,nested_validation
2021-07-27,0.0029164853819825254,0.0011807880269185667,0.0010048779947504638,-0.004912410351123109,0.0028363547695914935,41.471784326428576,0.00553463754691427,0.0,0.0013005454274701567,1.0,0.568918762285151,0.0,0.61,-1.9265325220772898,188,nested_validation
2021-07-28,0.0013005454274701567,0.003310493876117482,0.001901135345388827,-0.0027667360432864774,0.0028323776940250124,44.03584619239674,0.0037500666719970654,0.0,0.001930942027677629,1.0,0.5406755478512172,0.0,0.61,-1.9265325220772898,188,nested_validation
2021-07-29,0.001930942027677629,0.00451343796320014,0.0037284313104191114,-0.0004206228295949854,0.002755884366604815,47.70381843214019,0.0042439913101477815,0.0,0.003971074884161263,1.0,0.5250562509386949,0.0,0.61,-1.9265325220772898,188,nested_validation
2021-07-30,0.003971074884161263,0.010214983481152462,0.0070216068004964605,0.003606415993553158,0.002881872088345212,54.3439374932385,0.004666333686460934,0.0,-0.002182413613337264,0.0,0.4219870081520278,0.0,0.61,-1.9265325220772898,188,nested_validation
2021-08-02,-0.002182413613337264,0.007950875386063982,0.004372829260414601,0.0014347888634265171,0.002923332424143637,50.531498250790406,0.0033213136662973166,0.0,0.000641198473579907,1.0,0.4286610717039348,0.0,0.61,-1.9265325220772898,188,nested_validation
2021-08-03,0.000641198473579907,0.005664167106256057,0.004329954522647617,0.002183781024669429,0.0029233376813350624,51.60340714024809,0.0033978909524665707,0.0,-0.0004391046481545535,0.0,0.4404391557517217,0.0,0.61,-1.9265325220772898,188,nested_validation
2021-08-04,-0.0004391046481545535,0.0039169357156922935,0.003165034065963246,0.0019334094387397638,0.002823552578418967,50.791219504888964,0.005702029918231802,0.0,-0.0026989581497277593,0.0,0.4982722323618584,0.0,0.61,-1.9265325220772898,188,nested_validation
2021-08-05,-0.0026989581497277593,-0.0007221416935390135,7.995658757131707e-05,-0.0005014202321176331,0.002826929229234053,46.0008810095278,0.002463863800880006,0.0,-0.00014199493007605035,0.0,0.5510666130413101,0.0,0.61,-1.9265325220772898,188,nested_validation
2021-08-06,-0.00014199493007605035,-0.004815984332890211,-0.0005938342820851483,-0.00037717131714565255,0.002637133895822564,45.757030851322,0.0067011988289898535,0.0,-0.007284770079574732,0.0,0.5015111844717506,0.0,0.61,-1.9265325220772898,188,nested_validation
2021-08-09,-0.007284770079574732,-0.009904873992395258,-0.007673743919126785,-0.007120685598614673,0.0030199556610009653,35.39278599250807,0.0025409399874902904,0.0,-0.0009390033374948592,0.0,0.49820838604123824,0.0,0.61,-1.9265325220772898,188,nested_validation
2021-08-10,-0.0009390033374948592,-0.011468421559335473,-0.008024932765752668,-0.0075206145584297834,0.0030212389898573344,34.3214968477576,0.002836515709448824,0.0,-0.0012895376634771694,0.0,0.5126306249024747,0.0,0.61,-1.9265325220772898,188,nested_validation
2021-08-11,-0.0012895376634771694,-0.012309470758943286,-0.00846792322435641,-0.008301287421625059,0.0025652211243665304,32.85223093091274,0.0034486643708786235,0.0,0.0015839553267043005,1.0,0.4822910730412939,0.0,0.61,-1.9265325220772898,188,nested_validation
2021-08-12,0.0015839553267043005,-0.008067829668924165,-0.006022594540820436,-0.0064086508312799495,0.0023223914394190897,36.446470640273674,0.002204812088425178,0.0,-0.00048011034517492224,0.0,0.566877326994816,0.0,0.61,-1.9265325220772898,188,nested_validation
2021-08-13,-0.00048011034517492224,-0.008403264856541637,-0.0051798885084120005,-0.006577526793378308,0.002299276395325392,35.819616414240855,0.006132498534802817,0.0,0.004977404980553768,1.0,0.5015664681993283,0.0,0.61,-1.9265325220772898,188,nested_validation
2021-08-16,0.004977404980553768,0.003845094379727687,0.00038535808338013844,-0.0014595065157131382,0.0025726884243115304,46.15435909189784,0.0030149302214968064,0.0,-0.0012487248704858844,0.0,0.5410460319568533,0.0,0.61,-1.9265325220772898,188,nested_validation
2021-08-17,-0.0012487248704858844,0.0035338897159928884,-6.067390371278236e-05,-0.002470356170124366,0.002560105177219411,44.22092255017157,0.006243942108159516,0.0,-0.0059601863558819135,0.0,0.5045991382816556,0.0,0.61,-1.9265325220772898,188,nested_validation
2021-08-18,-0.0059601863558819135,-0.0011593166000999355,-0.00467124072033176,-0.00809444254348679,0.002863878178925797,36.39413260324253,0.0029154498174204387,0.0,-0.0005500445339591264,0.0,0.5076742228873284,0.0,0.61,-1.9265325220772898,188,nested_validation
2021-08-19,-0.0005500445339591264,-0.003287471576888912,-0.004083491431533748,-0.008387760936568123,0.0028541325263857437,35.768692928769454,0.003256552269543235,0.0,-0.002281654337924044,0.0,0.5134126538832077,0.0,0.61,-1.9265325220772898,188,nested_validation
2021-08-20,-0.002281654337924044,-0.005083955555510444,-0.005008500617725287,-0.010171090075940747,0.0028704951170619537,33.219815212705285,0.002231844327709792,0.0,0.0017944800214149126,1.0,0.5692556929012743,0.0,0.61,-1.9265325220772898,188,nested_validation
2021-08-23,0.0017944800214149126,-0.00823501456879372,-0.002781548842542003,-0.007903125486595663,0.002909205111329974,37.01278805470067,0.004076589166088754,0.0,0.004016666301490446,1.0,0.5435251092967655,0.0,0.61,-1.9265325220772898,188,nested_validation
2021-08-24,0.004016666301490446,-0.0030064549373804983,0.0011721667274375847,-0.003578261432043095,0.002979418148892211,44.60999511263348,0.003125143054288614,0.0,0.0007286823861358815,1.0,0.5536247561325198,0.0,0.61,-1.9265325220772898,188,nested_validation
2021-08-25,0.0007286823861358815,0.003702289388579194,0.0016475784814551364,-0.00278934942425213,0.0029669841692724257,45.8901889136944,0.002722733915340867,0.0,0.001813127383051727,1.0,0.567004434847972,0.0,0.61,-1.9265325220772898,188,nested_validation
2021-08-26,0.001813127383051727,0.006075515832134837,0.0031858115285738897,-0.0008147281549752972,0.002962677460529408,49.04807177745885,0.0028446654903412642,0.0,-0.001528285068751245,0.0,0.5491351930614139,0.0,0.61,-1.9265325220772898,188,nested_validation
2021-08-27,-0.001528285068751245,0.006835195534718785,0.0014807653990303038,-0.0021853803624602985,0.002804640405798926,46.57616990775004,0.005750158512648919,0.0,0.003623508401804143,1.0,0.5212229003303982,0.0,0.61,-1.9265325220772898,188,nested_validation
2021-08-30,0.003623508401804143,0.008673427012065638,0.005072579677527722,0.0014727057687671241,0.002921134831269123,52.65883097573403,0.0023240696548014472,0.0,-0.00017812175809306385,0.0,0.48491530230588314,0.0,0.61,-1.9265325220772898,188,nested_validation
2021-08-31,-0.00017812175809306385,0.0044591829764204505,0.004748439940666538,0.0012856493649369138,0.0029136196717833318,52.34219972472602,0.004157655835547452,0.0,0.0011337958991550767,1.0,0.41545056140468767,0.0,0.61,-1.9265325220772898,188,nested_validation
2021-09-01,0.0011337958991550767,0.004865806665200534,0.005027001073189208,0.002346701636273263,0.002930633301851662,54.22846708029944,0.00549591251032963,0.0,0.002593169540356932,1.0,0.38617848673065164,-1.0,0.61,-1.9265325220772898,188,nested_validation
2021-09-02,0.002593169540356932,0.005648225731399892,0.006454635937422903,0.004809009981116663,0.0029360719231523343,58.29846453466344,0.0031635361857074167,0.0,0.003004669747078248,1.0,0.44887558539494904,0.0,0.61,-1.9265325220772898,188,nested_validation
2021-09-03,0.003004669747078248,0.010213761138853528,0.00776648609368169,0.007532460429706234,0.00300668301159141,62.47308329836745,0.003319777125055344,0.0,0.0007963691029264641,1.0,0.42464611739796393,0.0,0.61,-1.9265325220772898,188,nested_validation
2021-09-06,0.0007963691029264641,0.007368057545350748,0.006959321176387867,0.008014122518418265,0.002472368209356375,63.5186247899535,0.0024663384567366765,0.0,-0.0009143836244996928,0.0,0.46547627200944725,0.0,0.61,-1.9265325220772898,188,nested_validation
2021-09-07,-0.0009143836244996928,0.006626238725071509,0.0049272084220186585,0.006900834634367303,0.0024716173572016976,61.40161613662843,0.00416682812105062,0.0,-0.002653005049222168,0.0,0.4871757296142265,0.0,0.61,-1.9265325220772898,188,nested_validation
2021-09-08,-0.002653005049222168,0.0028186625438662016,0.0014943224546875022,0.004171500541603201,0.002540145545319332,55.61517087688308,0.004291851541392714,0.0,-0.002065906493599612,0.0,0.5245328660687965,0.0,0.61,-1.9265325220772898,188,nested_validation
2021-09-09,-0.002065906493599612,-0.0018414613618297215,-0.0009522944284054979,0.0021730367981112053,0.0025873601971497383,51.55186098520155,0.0029806605039587653,0.0,0.0005771297849099799,1.0,0.5150900190389749,0.0,0.61,-1.9265325220772898,188,nested_validation
2021-09-10,0.0005771297849099799,-0.0042572723886463715,-0.0009627524569068013,0.0029415586380907577,0.0025810394650235685,52.59175696926775,0.0028454776028514444,0.0,-0.001181213920583013,0.0,0.5119378515234637,0.0,0.61,-1.9265325220772898,188,nested_validation
2021-09-13,-0.001181213920583013,-0.006224869369111374,-0.0022519599863822792,0.001912898908103422,0.002373695267735776,50.21472922829832,0.0039733221241983595,0.0,0.0,0.0,0.48254930762334797,0.0,0.61,-1.9265325220772898,188,nested_validation
2021-09-14,0.0,-0.005315346009961752,-0.002378775361358332,0.0020905386925933467,0.0023543734808720157,50.21472922829832,0.003809222002939875,0.0,-0.0005902961926452788,0.0,0.4751550518749207,0.0,0.61,-1.9265325220772898,188,nested_validation
2021-09-15,-0.0005902961926452788,-0.0032581433957525885,-0.002923044811663611,0.0016815879977130077,0.0019073216577511565,48.934380830613115,0.0027111699231404337,0.0,0.0012718707234042892,1.0,0.5482198065176941,0.0,0.61,-1.9265325220772898,188,nested_validation
2021-09-16,0.0012718707234042892,7.564616195065987e-05,-0.001478537857690032,0.0030049761008532627,0.0019029431888610933,51.78525559564615,0.00604195664269806,0.0,-0.004443422009814957,0.0,0.490695136840595,0.0,0.61,-1.9265325220772898,188,nested_validation
2021-09-17,-0.004443422009814957,-0.00494238936048641,-0.004999108696985499,-0.0012590034493062952,0.0021080974501837746,42.78675451408132,0.005100254040183253,0.0,-0.00319046996268868,0.0,0.5127485520317518,0.0,0.61,-1.9265325220772898,188,nested_validation
2021-09-20,-0.00319046996268868,-0.00694407930092944,-0.006863524530966503,-0.004390335876160223,0.0022190722299613402,37.73854953106209,0.00311419595907591,0.0,2.337450871636726e-05,1.0,0.48102244363517155,0.0,0.61,-1.9265325220772898,188,nested_validation
2021-09-21,2.337450871636726e-05,-0.006920867106655293,-0.005620643328900776,-0.004343789090094807,0.0020332107234912753,37.79626985511899,0.0028162575867562716,0.0,-0.0006213408951152299,0.0,0.5479703441046556,0.0,0.61,-1.9265325220772898,188,nested_validation
2021-09-22,-0.0006213408951152299,-0.006951715162354932,-0.005221046967572418,-0.00496126645073991,0.002028344800944303,36.819111143211785,0.0023361038530511054,0.0,-0.0030036928399174156,0.0,0.5991543584378017,0.0,0.61,-1.9265325220772898,188,nested_validation
2021-09-23,-0.0030036928399174156,-0.011192162924263394,-0.007101970165472871,-0.007797917721895753,0.0020692984758746047,32.4537392762858,0.005716336114647804,0.0,0.0044965722892382765,1.0,0.5030401302353685,0.0,0.61,-1.9265325220772898,188,nested_validation
2021-09-24,0.0044965722892382765,-0.002312771615170628,-0.0019109889572317407,-0.0033476822682558804,0.002303632960540112,43.26556367073047,0.003957782971379145,0.0,-0.0014654093037851368,0.0,0.5552730157694383,0.0,0.61,-1.9265325220772898,188,nested_validation
2021-09-27,-0.0014654093037851368,-0.0005861920272800525,-0.002619808741557872,-0.004606444899852513,0.002158527363288042,40.95451059810108,0.0035308075209596564,0.0,-0.002239981224344989,0.0,0.4987615782823225,0.0,0.61,-1.9265325220772898,188,nested_validation
2021-09-28,-0.002239981224344989,-0.0028481681266756542,-0.003877969073402876,-0.006602309463294764,0.0021981391781901757,37.64889031992059,0.0030798055805840953,0.0,-0.0008940088868886198,0.0,0.49994158889864393,0.0,0.61,-1.9265325220772898,188,nested_validation
2021-09-29,-0.0008940088868886198,-0.003120228556436677,-0.00376192456980573,-0.007424660811326089,0.0021705585156704373,36.38928920995908,0.007008927993083083,0.0,-0.007250889529971327,0.0,0.5298333879233107,0.0,0.61,-1.9265325220772898,188,nested_validation
2021-09-30,-0.007250889529971327,-0.007366928805224049,-0.009140789229466484,-0.014337925151442832,0.002498958223300739,28.16590965792315,0.0035898619921704697,0.0,-0.002338131769523355,0.0,0.4894261762309716,0.0,0.61,-1.9265325220772898,188,nested_validation
2021-10-01,-0.002338131769523355,-0.014120912310707334,-0.009825398730828327,-0.01635806437259779,0.002334930128127557,26.13017589023326,0.0038959257311544353,0.0,0.0028322114278427346,1.0,0.47114765224917676,0.0,0.61,-1.9265325220772898,188,nested_validation
2021-10-04,0.0028322114278427346,-0.009877759949628029,-0.005977839560566411,-0.013319812441914602,0.0024642178661637548,32.4812387198002,0.004439310238512728,0.0,0.0009642726160647985,1.0,0.6093209609769845,0.0,0.61,-1.9265325220772898,188,nested_validation
2021-10-05,0.0009642726160647985,-0.006698034434018063,-0.004066174252996713,-0.012015415213351366,0.0025080655812181355,34.55030356671941,0.003394942594401833,0.0,-0.0019249431217834845,0.0,0.5166008661105762,0.0,0.61,-1.9265325220772898,188,nested_validation
2021-10-06,-0.0019249431217834845,-0.007722979746126013,-0.004901418808393454,-0.013478187027140653,0.002490316111064144,32.41288927208949,0.0059860184028765456,0.0,-0.003512824105595058,0.0,0.536287433277474,0.0,0.61,-1.9265325220772898,188,nested_validation
2021-10-07,-0.003512824105595058,-0.003986691914996232,-0.007269503696814561,-0.016332625221119668,0.002539250268329424,28.905357775338743,0.0019082193632116104,0.0,0.0003814994434316876,1.0,0.5184633564190964,0.0,0.61,-1.9265325220772898,188,nested_validation
2021-10-08,0.0003814994434316876,-0.0012715546851939097,-0.00534837313641312,-0.015407952915983736,0.0025330455188785433,29.79082321819834,0.003562534830259141,0.0,0.0005435686067938317,1.0,0.49030593780017956,0.0,0.61,-1.9265325220772898,188,nested_validation
2021-10-11,0.0005435686067938317,-0.0035508319765493734,-0.0034613807992379675,-0.014220746650753457,0.00255920722420793,31.107911503969518,0.0029863025247933504,0.0,-0.0010629439476148583,0.0,0.5411020569026509,0.0,0.61,-1.9265325220772898,188,nested_validation
2021-10-12,-0.0010629439476148583,-0.005568904262988172,-0.0032921948071304996,-0.014587838889488003,0.0025479015119691463,29.925053463955578,0.0031301118264099844,0.0,-0.0017069772903097746,0.0,0.5061916338222944,0.0,0.61,-1.9265325220772898,188,nested_validation
2021-10-13,-0.0017069772903097746,-0.0053517342223866615,-0.003684438325704531,-0.015496700214405967,0.0025483281478688386,28.08043803617376,0.004199601423893413,0.0,0.005683771346053135,1.0,0.5006089730517277,0.0,0.61,-1.9265325220772898,188,nested_validation
2021-10-14,0.005683771346053135,0.003827889899549408,0.0019958700668196716,-0.009220721971290091,0.002913792699803584,41.08138545180819,0.0034772340599366833,0.0,-0.0006954468119872992,0.0,0.5857561354635309,0.0,0.61,-1.9265325220772898,188,nested_validation
2021-10-15,-0.0006954468119872992,0.002747233482258693,0.0011516726146139078,-0.009105790366339739,0.0028005437730200854,40.120292253402106,0.0026719340890700915,0.0,0.00047543786974224567,1.0,0.5692496126778546,0.0,0.61,-1.9265325220772898,188,nested_validation
2021-10-18,0.00047543786974224567,0.002678952689460612,0.0017161701953005704,-0.007817858159593793,0.002754342870765821,41.133505816134665,0.003372123634048365,0.0,0.0014517452243154594,1.0,0.5376586970010121,0.0,0.61,-1.9265325220772898,188,nested_validation
2021-10-19,0.0014517452243154594,0.005203061580980384,0.0032101566768087952,-0.005636731183105814,0.002787018353643782,44.237705885854105,0.00477561310779854,0.0,0.0015586486059819826,1.0,0.5798207224706955,0.0,0.61,-1.9265325220772898,188,nested_validation
2021-10-20,0.0015586486059819826,0.008491291663988099,0.004462496185500431,-0.003485062230088265,0.0028223270214914665,47.44659641107961,0.0030915392198427234,0.0,0.0019814300628668846,1.0,0.47185970470204175,0.0,0.61,-1.9265325220772898,188,nested_validation
2021-10-21,0.0019814300628668846,0.0047786147279129665,0.005587337432404249,-0.0010424398436089666,0.002800126893295154,51.290065684707635,0.003156613633334898,0.0,-0.002545992695255239,0.0,0.42580668150596057,0.0,0.61,-1.9265325220772898,188,nested_validation
2021-10-22,-0.002545992695255239,0.0029179317928171855,0.002459902080884868,-0.0030144339805058262,0.0026332487150892113,46.56799122186875,0.002726301089177127,0.0,0.0012687600472556237,1.0,0.5555297617832452,0.0,0.61,-1.9265325220772898,188,nested_validation
2021-10-25,0.0012687600472556237,0.0037131907341174664,0.003091298918672214,-0.001258813316115659,0.002649890807424454,49.077612772225244,0.006473301930868561,0.0,-0.0024384463829573155,0.0,0.46209019526388356,0.0,0.61,-1.9265325220772898,188,nested_validation
2021-10-26,-0.0024384463829573155,-0.000185785576346853,0.00014579250021573564,-0.0031232545184652905,0.002657305256405036,44.7243047498397,0.0037141433939829323,0.0,-0.0011598870049538412,0.0,0.5072255997099003,0.0,0.61,-1.9265325220772898,188,nested_validation
2021-10-27,-0.0011598870049538412,-0.00289958626092357,-0.0015664620621300696,-0.0036900607062282376,0.002660599234613834,42.78496453944787,0.003367352203744029,0.0,0.0001623959612331305,1.0,0.49834458497474204,0.0,0.61,-1.9265325220772898,188,nested_validation
2021-10-28,0.0001623959612331305,-0.004709759185216877,-0.0014089421854669437,-0.0029004995276658008,0.002142839920170727,43.156186627305196,0.009480945517191343,0.0,0.0071971863610362785,1.0,0.48964973964383185,0.0,0.61,-1.9265325220772898,188,nested_validation
2021-10-29,0.0071971863610362785,0.005012284095195829,0.004981378368346334,0.004517189951355194,0.0025855349894072397,56.59843124735797,0.0124213836638412,0.0,-0.010863366820322073,0.0,0.4688869175042108,0.0,0.61,-1.9265325220772898,188,nested_validation
2021-11-01,-0.010863366820322073,-0.007165202130921311,-0.0055910392381673946,-0.005901676371823594,0.0035161041379257836,40.80168684345881,0.004030966171366091,0.0,0.0037119176436002377,1.0,0.4867322840763869,0.0,0.61,-1.9265325220772898,188,nested_validation
2021-11-02,0.0037119176436002377,-0.001043980434888847,-0.0017772187615349155,-0.0018378185758129995,0.0036117612132717538,46.26088164623204,0.0030887622187495355,0.0,-0.0017369213195504996,0.0,0.5188237426089938,0.0,0.61,-1.9265325220772898,188,nested_validation
2021-11-03,-0.0017369213195504996,-0.0016210817092193741,-0.003060384021417395,-0.0031612885923231193,0.00360717481216407,44.19925605033764,0.003054501070362239,0.0,0.0031362426898386975,1.0,0.5300501532849082,0.0,0.61,-1.9265325220772898,188,nested_validation
2021-11-04,0.0031362426898386975,0.001347462091324525,0.0004044226056991729,0.00017155039565652785,0.0035804220924669705,48.64211222558611,0.007564040961420559,0.0,-0.0051999189655006495,0.0,0.4935529896089625,0.0,0.61,-1.9265325220772898,188,nested_validation
2021-11-05,-0.0051999189655006495,-0.010977641795092308,-0.00419735070243854,-0.004500930812489701,0.003772972248129838,42.571007648237426,0.00437888733799427,0.0,0.0011684323137661767,1.0,0.46453440606684876,0.0,0.61,-1.9265325220772898,188,nested_validation
2021-11-08,0.0011684323137661767,0.0010527673050044761,-0.0024214110465518024,-0.00289621739322099,0.003780023530076925,44.24617213381218,0.0037861208063428523,0.0,0.001959059651367445,1.0,0.5111325325254565,0.0,0.61,-1.9265325220772898,188,nested_validation
2021-11-09,0.001959059651367445,-0.0006954468119872992,-0.0002930545013926089,-0.0006405615284497124,0.0037941160222156353,47.038842404214066,0.003348839141772426,0.0,0.0003478111346459922,1.0,0.4921297733250091,0.0,0.61,-1.9265325220772898,188,nested_validation
2021-11-10,0.0003478111346459922,0.001391460615672857,7.785083336164789e-05,-3.2064192039604755e-05,0.003769629522673281,47.54221021647424,0.007312700150610734,0.0,-0.009452917379883963,0.0,0.4651351534883686,0.0,0.61,-1.9265325220772898,188,nested_validation
2021-11-11,-0.009452917379883963,-0.01117580278649477,-0.008399269287973299,-0.009155230853630347,0.0041113715305894005,37.192253083051554,0.003197475563567004,0.0,-0.0030573628652154072,0.0,0.47058759585411847,0.0,0.61,-1.9265325220772898,188,nested_validation
2021-11-12,-0.0030573628652154072,-0.009046117278582289,-0.00944021237500181,-0.011833231055288995,0.004149503156441881,34.593891798857584,0.002254403999815525,0.0,-0.0008008833973945917,0.0,0.5760596692109717,0.0,0.61,-1.9265325220772898,188,nested_validation
2021-11-15,-0.0008008833973945917,-0.010995340793120367,-0.009247603867092558,-0.012154043910382883,0.004142253639711695,33.927279619388145,0.004129631848467447,0.0,-0.006569840434676122,0.0,0.5710348003453825,0.0,0.61,-1.9265325220772898,188,nested_validation
2021-11-16,-0.006569840434676122,-0.01941397011909496,-0.013765985070121722,-0.017931882716329284,0.004303050446766722,28.995276603548604,0.004956007372080435,0.0,-0.003985047341380721,0.0,0.5912847548407437,0.0,0.61,-1.9265325220772898,188,nested_validation
2021-11-17,-0.003985047341380721,-0.02366123336468917,-0.015490106406915727,-0.021070429615424824,0.00430356086916952,26.495784518662433,0.005606674012224626,0.0,0.0,0.0,0.5667599189411754,0.0,0.61,-1.9265325220772898,188,nested_validation
2021-11-18,0.0,-0.01434390775976302,-0.012961689575328172,-0.020409264638855618,0.004248321998528098,26.495784518662433,0.003951080437229371,0.0,0.0041721000208909675,1.0,0.5705558333467705,0.0,0.61,-1.9265325220772898,188,nested_validation
2021-11-19,0.0041721000208909675,-0.007196290763668789,-0.007225653419751565,-0.01577914334138386,0.004410329310406876,33.435239099241926,0.010353779020812614,0.0,-0.008152241730157717,0.0,0.631322150187719,1.0,0.61,-1.9265325220772898,188,nested_validation
2021-11-22,-0.008152241730157717,-0.01450059648154034,-0.012792043082830551,-0.022984234761085465,0.004629108324886027,27.874469799784436,0.004636224525504045,0.0,-0.0029791387340473152,0.0,0.5612881866623813,0.0,0.61,-1.9265325220772898,188,nested_validation
2021-11-23,-0.0029791387340473152,-0.010938560086620752,-0.012713169834990823,-0.025017428910825923,0.004635628278735023,26.175194514389744,0.004120524738895251,0.0,0.0002473862995922005,1.0,0.5505709948742109,0.0,0.61,-1.9265325220772898,188,nested_validation
2021-11-24,0.0002473862995922005,-0.006735674477218456,-0.00941877399825497,-0.023960512339553874,0.004652502091620018,26.57429211139619,0.0059346366260825895,0.0,-0.003730654999169025,0.0,0.49700488276064986,0.0,0.61,-1.9265325220772898,188,nested_validation
2021-11-25,-0.003730654999169025,-0.010441200998726363,-0.010648199372494616,-0.026484677534950096,0.004658859166640241,24.429010862370674,0.0024035573670556924,0.0,0.0005940791916181354,1.0,0.5071349818358089,0.0,0.61,-1.9265325220772898,188,nested_validation
2021-11-26,0.0005940791916181354,-0.013967152371546887,-0.007947407535547124,-0.02482762991562193,0.0042286749149415305,25.457143781422502,0.010170237745817434,0.0,0.007453537686689327,1.0,0.45500257299900615,0.0,0.61,-1.9265325220772898,188,nested_validation
2021-11-29,0.007453537686689327,0.0015471349669629042,0.000761816004981597,-0.016692764699014262,0.004206248407981163,37.037836173043814,0.003466967748037454,0.0,2.2589547499674012e-05,1.0,0.5913930252670646,0.0,0.61,-1.9265325220772898,188,nested_validation
2021-11-30,2.2589547499674012e-05,0.004562490489730564,0.0014326110546292181,-0.015755214851007393,0.004067880479423126,37.06998322362194,0.012014095559227703,0.0,0.003263165872567031,1.0,0.5234647983474384,0.0,0.61,-1.9265325220772898,188,nested_validation
2021-12-01,0.003263165872567031,0.0075912802472357654,0.0046193182093239304,-0.011677310611170277,0.004186982326643691,41.70072688582627,0.004793605916164661,0.0,-0.0009509143844579349,0.0,0.5525319475886799,0.0,0.61,-1.9265325220772898,188,nested_validation
2021-12-02,-0.0009509143844579349,0.010402610756185426,0.003678842320820941,-0.01165299408784004,0.004074530738411384,40.756467635772296,0.004090254139382683,0.0,-0.00117582037298114,0.0,0.5715749484330316,0.0,0.61,-1.9265325220772898,188,nested_validation
2021-12-03,-0.00117582037298114,0.008615361383000897,0.0030519777900952505,-0.011897342613921058,0.003974241189936979,39.56460679668579,0.005702878631528438,0.0,-0.0001244157074618002,0.0,0.5697799091210904,0.0,0.61,-1.9265325220772898,188,nested_validation
2021-12-06,-0.0001244157074618002,0.0010286688803018418,0.0026686648523834844,-0.011054325160724132,0.003947546926025809,39.433356370989436,0.003626958249012552,0.0,-0.0016026315298299787,0.0,0.5287013452012266,0.0,0.61,-1.9265325220772898,188,nested_validation
2021-12-07,-0.0016026315298299787,-0.0005981872614296835,0.0006664800184406072,-0.011702563367776309,0.003883268884788755,37.698715649207884,0.006038051511651278,0.0,-0.0009020955422790466,0.0,0.5234611147843751,0.0,0.61,-1.9265325220772898,188,nested_validation
2021-12-08,-0.0009020955422790466,-0.004747417443628832,-0.0005160023708465911,-0.011665982393929242,0.0038658785050660473,36.72109935041327,0.006153340999770175,0.0,0.006126595156951353,1.0,0.5058852240062489,0.0,0.61,-1.9265325220772898,188,nested_validation
2021-12-09,0.006126595156951353,0.0023031967359687933,0.0043379241349914555,-0.004870859182420251,0.0037292459294600852,46.80194589450182,0.005831444155568865,0.0,-0.004607681451426537,0.0,0.4635712909582331,0.0,0.61,-1.9265325220772898,188,nested_validation
2021-12-10,-0.004607681451426537,-0.0011406179011217432,-0.0010297280892321847,-0.00832448524740681,0.0037948959553680025,41.42428212602558,0.004891426255196725,0.0,0.0016402570745917,1.0,0.5018684259914169,0.0,0.61,-1.9265325220772898,188,nested_validation
2021-12-13,0.0016402570745917,0.0006222613934414589,0.0004437816420570506,-0.005985485773668531,0.003828319514562654,43.884757485209875,0.004642296271050834,0.0,-0.0023361654386201414,0.0,0.5439400065203727,0.0,0.61,-1.9265325220772898,188,nested_validation
2021-12-14,-0.0023361654386201414,-0.00011290716949963198,-0.0018225314195087217,-0.007394214030116419,0.0036006021451572487,41.22437770550633,0.005405578983416511,0.0,-0.0021395631044885954,0.0,0.5253270270597377,0.0,0.61,-1.9265325220772898,188,nested_validation
2021-12-15,-0.0021395631044885954,-0.0013513522084985796,-0.003349696641748001,-0.008593144071767367,0.003529237829022958,38.90371799633446,0.002555196662175118,0.0,0.0026193465162343,1.0,0.5206762294103662,0.0,0.61,-1.9265325220772898,188,nested_validation
2021-12-16,0.0026193465162343,-0.004832533532380001,-0.00048474201328074784,-0.00504741003169229,0.0035845889876773827,43.11647308923491,0.0072216547227831225,0.0,0.003842314341898634,1.0,0.5211593927618606,0.0,0.61,-1.9265325220772898,188,nested_validation
2021-12-17,0.003842314341898634,0.0036155534666910683,0.0031076420170097485,-0.0005750933593798857,0.0035654774389168352,48.717193750176826,0.007119757983131055,0.0,-0.007994095774539023,0.0,0.48927817549331765,0.0,0.61,-1.9265325220772898,188,nested_validation
2021-12-20,-0.007994095774539023,-0.0060377989207356375,-0.004371460517884063,-0.007615679964360966,0.00354784156557675,39.884583038041846,0.005976826596857152,0.0,0.003022341214965474,1.0,0.457996491242712,0.0,0.61,-1.9265325220772898,188,nested_validation
2021-12-21,0.003022341214965474,-0.0006991739416739584,-0.001281279837331173,-0.0036959589995455566,0.0035485400804259426,43.986374672269385,0.0036797058687669023,0.0,0.0008917295886043952,1.0,0.5515254968058251,0.0,0.61,-1.9265325220772898,188,nested_validation
2021-12-22,0.0008917295886043952,0.0023364943544423866,-0.0004887086885483338,-0.001902326949717592,0.00355207976286945,45.17850457838226,0.006792905005046626,0.0,0.003659212882693552,1.0,0.48501938209588585,0.0,0.61,-1.9265325220772898,188,nested_validation
2021-12-23,0.003659212882693552,0.0033760673608633773,0.0033171694346165737,0.0022138761424208564,0.0035085331837800514,49.89517701120925,0.004772106176021491,0.0,-0.00013595204470484568,0.0,0.5197598633593227,0.0,0.61,-1.9265325220772898,188,nested_validation
2021-12-24,-0.00013595204470484568,-0.0006003512707032366,0.0028785454074768957,0.002442641381909416,0.00351183764779684,49.72338043250007,0.0031711021790119384,0.0,-0.0002717305796564595,0.0,0.5043435221604908,0.0,0.58,-2.867357944155074,251,nested_validation
2021-12-27,-0.0002717305796564595,0.007179571238075555,0.002495750318465717,0.0025174070348725763,0.0031333820565152127,49.357626822977856,0.002723518357905388,0.0,0.0005098175404814054,1.0,0.5403125043956907,0.0,0.58,-2.867357944155074,251,nested_validation
2021-12-28,0.0005098175404814054,0.004656633898387552,0.0026107615775992077,0.0031363949684481973,0.0031342503692579917,50.09907278485428,0.004027116090367719,0.0,-0.0013464403555435434,0.0,0.5335713060889336,0.0,0.58,-2.867357944155074,251,nested_validation
2021-12-29,-0.0013464403555435434,0.00241004496603181,0.000786867624618548,0.001804668923014674,0.0030668342405892044,48.09530884253377,0.008365148564671866,0.0,0.004010104595437269,1.0,0.47821515129295905,0.0,0.58,-2.867357944155074,251,nested_validation
2021-12-30,0.004010104595437269,0.002760499954174156,0.004183793110246636,0.005706346293606224,0.003183461424664776,53.98971323069554,0.005198127725394129,0.0,-0.0030917400915148052,0.0,0.526587573883722,0.0,0.58,-2.867357944155074,251,nested_validation
2021-12-31,-0.0030917400915148052,-0.00020385055491656257,0.0011597707386212797,0.0027253478679591936,0.0032510562854446362,49.32062646237146,0.006542863344281263,0.0,0.0042764713968939105,1.0,0.4916095612379978,0.0,0.58,-2.867357944155074,251,nested_validation
2022-01-03,0.0042764713968939105,0.004344660237611153,0.0042877192749033455,0.0067231233379032584,0.0033757448751495374,55.08832612343508,0.00795797059539036,0.0,-0.0062614580888779026,0.0,0.42959360277652336,0.0,0.58,-2.867357944155074,251,nested_validation
2022-01-04,-0.0062614580888779026,-0.0024525689370730186,-0.0022184488067200636,0.00024220232936156272,0.0036492451653693625,46.67638062745001,0.004384343018306926,0.0,-0.0016473983257055957,0.0,0.4915885495266318,0.0,0.58,-2.867357944155074,251,nested_validation
2022-01-05,-0.0016473983257055957,-0.0027531935601905477,-0.0038274703818778066,-0.0015195825761236126,0.0036628186674757153,44.75226208048662,0.006021304349709378,0.0,0.002647328567832119,1.0,0.5055770452162853,0.0,0.58,-2.867357944155074,251,nested_validation
2022-01-06,0.002647328567832119,-0.0041067895401528665,-0.0010546322005067221,0.0007974646201440727,0.003445716376946251,48.42548802934295,0.003989800693307555,0.0,-0.0014686344133981732,0.0,0.5316722401413768,0.0,0.58,-2.867357944155074,251,nested_validation
2022-01-07,-0.0014686344133981732,-0.0024853365040996556,-0.0022534106621751038,-0.0009293758517739947,0.0033071469803213544,46.570739581083366,0.00613084288088728,0.0,0.005052597944538606,1.0,0.5191136953890457,0.0,0.58,-2.867357944155074,251,nested_validation
2022-01-10,0.005052597944538606,-0.0017144356276435069,0.002524818625630809,0.003938652681447552,0.0034702683132495603,53.20186164749999,0.0062909002485408,0.0,-0.002073518183627665,0.0,0.49621677506549106,0.0,0.58,-2.867357944155074,251,nested_validation
2022-01-11,-0.002073518183627665,0.002492666920507647,0.00044266382469237975,0.0017477826640204253,0.003461161629829396,50.42217393571582,0.0047175890772541374,0.0,0.0031826550455393843,1.0,0.5083689188439799,0.0,0.58,-2.867357944155074,251,nested_validation
2022-01-12,0.0031826550455393843,0.0073427500248008926,0.0031687758610159378,0.004828835472159065,0.0034752378279836217,54.356022294836315,0.006795042167751646,0.0,0.0066132886860921225,1.0,0.47273767521495613,0.0,0.58,-2.867357944155074,251,nested_validation
2022-01-13,0.0066132886860921225,0.01132728282929496,0.009077221513789757,0.011110165450952447,0.0037003994321204944,61.257072386604975,0.0037290254689803554,0.0,0.0013518511765535646,1.0,0.4306880823923851,0.0,0.58,-2.867357944155074,251,nested_validation
2022-01-14,0.0013518511765535646,0.014183912201442217,0.00926562640962647,0.012027155420992308,0.0036328676615339436,62.51301823629418,0.00642737301560483,0.0,-0.0040508067641774614,0.0,0.3930970914239243,-1.0,0.58,-2.867357944155074,251,nested_validation
2022-01-17,-0.0040508067641774614,0.004997799334592878,0.004847595361308521,0.0076134274994783535,0.0032509378128402007,56.58556460704483,0.0036306963450556365,0.0,-1.1387388185513103e-05,0.0,0.47090395612816865,0.0,0.58,-2.867357944155074,251,nested_validation
2022-01-18,-1.1387388185513103e-05,0.007074542410482998,0.0038784767513788676,0.007234639212008842,0.003211607155892891,56.56939186446934,0.008211862993742925,0.0,-0.0070923341737112455,0.0,0.4528199123935505,0.0,0.58,-2.867357944155074,251,nested_validation
2022-01-19,-0.0070923341737112455,-0.0032403090417479907,-0.0036447805075618955,-6.537523577443416e-05,0.0036197865957439362,47.46947804688241,0.0032905102979302434,0.0,0.0012138050969503489,1.0,0.4940175192135458,0.0,0.58,-2.867357944155074,251,nested_validation
2022-01-20,0.0012138050969503489,-0.00858693783568365,-0.0026976591517602344,0.0011547934079454425,0.0035410700094542984,48.97165322383517,0.003418095444574676,0.0,-0.002613516237083058,0.0,0.474583651289056,0.0,0.58,-2.867357944155074,251,nested_validation
2022-01-21,-0.002613516237083058,-0.012512947505053051,-0.00545165086304733,-0.0015217924540493755,0.003589129967371606,45.92287592939558,0.005198055689254394,0.0,0.0024497759060904123,1.0,0.47508184992435276,0.0,0.58,-2.867357944155074,251,nested_validation
2022-01-24,0.0024497759060904123,-0.006067597416755333,-0.002905747980672002,0.0008370014277887527,0.0036296404679216645,49.11251292008511,0.004369600145639324,0.0,-0.0015288134830735434,0.0,0.5174958441461497,0.0,0.58,-2.867357944155074,251,nested_validation
2022-01-25,-0.0015288134830735434,-0.007575833555860223,-0.004375087424294266,-0.0008069037735715101,0.003644803305644427,47.2354817976781,0.005138025483587581,0.0,-0.0017295885653034748,0.0,0.4767806741867231,0.0,0.58,-2.867357944155074,251,nested_validation
2022-01-26,-0.0017295885653034748,-0.002215699352598688,-0.005555606357639409,-0.00266205999143565,0.003652726276045323,45.13692924908503,0.0036662684427264587,0.0,-0.005396850069372183,0.0,0.5358929197460864,0.0,0.58,-2.867357944155074,251,nested_validation
2022-01-27,-0.005396850069372183,-0.008803710732756875,-0.009195730706147986,-0.007906765500487634,0.003706366969619649,39.28254122242529,0.009898787723734731,0.0,-0.008583232760032589,0.0,0.46990852539593114,0.0,0.58,-2.867357944155074,251,nested_validation
2022-01-28,-0.008583232760032589,-0.014736376717161215,-0.01500850179800739,-0.01588053343770579,0.004072830311442843,32.17374372808591,0.0041909756228500515,0.0,0.0004795308554150779,1.0,0.5367134085832219,0.0,0.58,-2.867357944155074,251,nested_validation
2022-01-31,0.0004795308554150779,-0.016672843584669805,-0.01228150546690776,-0.015144409251818258,0.003918099812501782,32.89807652085342,0.0064455511266887505,0.0,0.006928700232702534,1.0,0.5388694976398084,0.0,0.58,-2.867357944155074,251,nested_validation
2022-02-01,0.006928700232702534,-0.008343606822726612,-0.0038416472299088733,-0.008180878517077717,0.004079270957088029,42.46364438348558,0.005072127607851713,0.0,0.0039458137962296025,1.0,0.5956659962558859,1.0,0.58,-2.867357944155074,251,nested_validation
2022-02-02,0.0039458137962296025,-0.0027058067124549057,0.0005833195246274236,-0.00422742447965474,0.004168998445666497,47.11890939124821,0.005536687081274954,0.0,0.002305314001488812,1.0,0.5428364111900632,0.0,0.58,-2.867357944155074,251,nested_validation
2022-02-03,0.002305314001488812,0.005017196682570946,0.0032768947774435286,-0.001846835896057164,0.004158652817665107,49.690154621345684,0.015808598343172893,0.0,0.01201888537307716,1.0,0.48759025089023483,0.0,0.58,-2.867357944155074,251,nested_validation
2022-02-04,0.01201888537307716,0.02590193829280607,0.014236501414870872,0.009827475371625205,0.0049013868757790255,60.49881833061828,0.006143223034271829,0.0,0.0016954011306149486,1.0,0.5517917066880174,0.0,0.58,-2.867357944155074,251,nested_validation
2022-02-07,0.0016954011306149486,0.027148704102170962,0.014932774740852972,0.011149975572201098,0.00480332053120411,61.76180278938804,0.0037804104659727674,0.0,-0.0010641802908315512,0.0,0.47045675075855237,0.0,0.58,-2.867357944155074,251,nested_validation
2022-02-08,-0.0010641802908315512,0.018995319587563175,0.012786430692160566,0.009738430876428561,0.004781740409619588,60.453015719728036,0.004698799297597011,0.0,-0.001895917178453499,0.0,0.5418833292442955,0.0,0.58,-2.867357944155074,251,nested_validation
2022-02-09,-0.001895917178453499,0.013066018982202054,0.009823084765660184,0.0075084874454831585,0.004767667496253409,58.0936037963104,0.0038275313596945466,0.0,2.2753724643775897e-05,1.0,0.3988781383347443,-1.0,0.58,-2.867357944155074,251,nested_validation
2022-02-10,2.2753724643775897e-05,0.010758953240408653,0.008259376588778844,0.007349626573026624,0.004538860328596279,58.114692076522516,0.009930000489507066,0.0,-0.0005249937193843035,0.0,0.34595828529805944,-1.0,0.58,-2.867357944155074,251,nested_validation
2022-02-11,-0.0005249937193843035,-0.0017693091115301707,0.005347164320409048,0.006552975111455028,0.00452772150254451,57.39698683550226,0.004182523521995387,0.0,-0.004421035549465824,0.0,0.4523657158894931,0.0,0.58,-2.867357944155074,251,nested_validation
2022-02-14,-0.004421035549465824,-0.00786458997838968,-0.0009687574669030585,0.0021277153968379814,0.0045442703336371565,51.6187638510766,0.006698972413756211,0.0,-0.005166933596931544,0.0,0.46339017567906904,0.0,0.58,-2.867357944155074,251,nested_validation
2022-02-15,-0.005166933596931544,-0.011939413158471579,-0.006800222368388842,-0.0030621967168782405,0.004671273254189253,45.83664169328394,0.005570491713744648,0.0,0.00446309909039444,1.0,0.47444219552759953,0.0,0.58,-2.867357944155074,251,nested_validation
2022-02-16,0.00446309909039444,-0.0056443849600384954,-0.003092924395227903,0.0011719223057200523,0.004526081117144535,50.92394733884051,0.0041998490359432235,0.0,0.0016266791759769195,1.0,0.5465749838769564,0.0,0.58,-2.867357944155074,251,nested_validation
2022-02-17,0.0016266791759769195,-0.004049548969858985,-0.002131062754112456,0.0026185099024904623,0.004531915595189657,52.6763913392378,0.005215950757199442,0.0,-0.0007728770560625486,0.0,0.5164034594462016,0.0,0.58,-2.867357944155074,251,nested_validation
2022-02-18,-0.0007728770560625486,-0.004296558169104792,-0.0022959379574507555,0.001638798209883774,0.004493375439925844,51.72968896299077,0.00535716551827063,0.0,-0.004334500659839646,0.0,0.5000412709960399,0.0,0.58,-2.867357944155074,251,nested_validation
2022-02-21,-0.004334500659839646,-0.004210012460008961,-0.0054162881761707915,-0.0025951367692507166,0.004569382032921712,46.66801322407955,0.0063173324580737015,0.0,-0.0006672941795093923,0.0,0.5256521952657356,0.0,0.58,-2.867357944155074,251,nested_validation
2022-02-22,-0.0006672941795093923,0.0002939551208132052,-0.004914264425248338,-0.003199909871638096,0.0045597283531811405,45.92620537917499,0.006601822302381444,0.0,0.0017219991211343544,1.0,0.5497662124974451,0.0,0.58,-2.867357944155074,251,nested_validation
2022-02-23,0.0017219991211343544,-0.0024357675858903693,-0.002392069486145454,-0.0013738566671716024,0.004558345794900384,48.21237514071694,0.004625947775813837,0.0,-0.0020689076079442037,0.0,0.5518040471207066,0.0,0.58,-2.867357944155074,251,nested_validation
2022-02-24,-0.0020689076079442037,-0.006116365627123477,-0.003439597267833272,-0.00304167523155352,0.0044123620946934375,45.70770187013802,0.0172882391049085,0.0,-0.010172287699242832,0.0,0.5594674148796641,0.0,0.58,-2.867357944155074,251,nested_validation
2022-02-25,-0.010172287699242832,-0.015465511778684826,-0.011618066240512315,-0.012409609390883203,0.004582374731447773,35.863011083599034,0.008758519769679266,0.0,-0.0008610449440320522,0.0,0.5117410713137343,0.0,0.58,-2.867357944155074,251,nested_validation
2022-02-28,-0.0008610449440320522,-0.012030887451751515,-0.01086161049989609,-0.012592912289451141,0.0045876844459714705,35.179332822442504,0.009065981985101737,0.0,0.0031181271875186933,1.0,0.541738869814528,0.0,0.58,-2.867357944155074,251,nested_validation
2022-03-01,0.0031181271875186933,-0.008288510796988224,-0.006983060504518801,-0.008946168009113742,0.004375989100298668,39.66140450083173,0.011596312902863063,0.0,-0.007414391565838674,0.0,0.6111088583433726,1.0,0.58,-2.867357944155074,251,nested_validation
2022-03-02,-0.007414391565838674,-0.017333598777553583,-0.012386702181751197,-0.015723436312021666,0.0045539235563775565,33.6793840302245,0.0074927975491591685,0.0,-0.0018336334242975427,0.0,0.522290970848237,0.0,0.58,-2.867357944155074,251,nested_validation
2022-03-03,-0.0018336334242975427,-0.017101923427314314,-0.011892898038273092,-0.01685878252730011,0.0045101361539134745,32.3880052022037,0.0068580757330925475,0.0,-0.00409463455796899,0.0,0.5732669753383967,0.0,0.58,-2.867357944155074,251,nested_validation
2022-03-04,-0.00409463455796899,-0.011066819026419483,-0.01330996166938847,-0.02017091676947491,0.0034606312155083894,29.65824086325452,0.016197158369079187,0.0,-0.017377526810348876,0.0,0.5102520689702338,0.0,0.58,-2.867357944155074,251,nested_validation
2022-03-07,-0.017377526810348876,-0.02741459214435804,-0.02661441980412871,-0.03586930068123062,0.0047862920624855585,21.43504095148188,0.011233891936576179,0.0,-0.0008476009724390776,0.0,0.5626573734107183,0.0,0.58,-2.867357944155074,251,nested_validation
2022-03-08,-0.0008476009724390776,-0.03125961222261264,-0.023555789820179918,-0.035378518977568496,0.004789966234937752,21.132611910038747,0.006533885348431645,0.0,0.003029792687134769,1.0,0.5889267969998581,1.0,0.58,-2.867357944155074,251,nested_validation
2022-03-09,0.003029792687134769,-0.02106633214956688,-0.016789961455727198,-0.03129112998530026,0.004942749240591673,25.19221750372685,0.017734218614979053,0.0,0.01611238118156666,1.0,0.6489909470788837,1.0,0.58,-2.867357944155074,251,nested_validation
2022-03-10,0.01611238118156666,-0.0034661018776488417,0.0011461221827935297,-0.015187738417590801,0.006364816120972145,42.26398599474772,0.012104440318595153,0.0,-0.005407776023448663,0.0,0.6034363111645253,1.0,0.58,-2.867357944155074,251,nested_validation
2022-03-11,-0.005407776023448663,-0.004780072088864329,-0.002674229352459423,-0.02012680717812998,0.006415249734341187,38.99560421999177,0.009734753115162328,0.0,-0.00743389608975531,0.0,0.4568194597814402,0.0,0.58,-2.867357944155074,251,nested_validation
2022-03-14,-0.00743389608975531,0.005291038351751487,-0.007851344881335431,-0.026775243302483487,0.006510437684596266,35.00927653564466,0.0077248930072710605,0.0,0.0010177217492250978,1.0,0.44508184990099287,0.0,0.58,-2.867357944155074,251,nested_validation
2022-03-15,0.0010177217492250978,0.00716782133055216,-0.00437731359476512,-0.02495593864949386,0.006495688953043488,35.96716895870911,0.007203521290623023,0.0,0.002391442268559807,1.0,0.49913415121091625,0.0,0.58,-2.867357944155074,251,nested_validation
2022-03-16,0.002391442268559807,0.006526837378720396,-0.000510510598580205,-0.021739197457725346,0.006414026151139537,38.27182489992677,0.007563219637441452,0.0,0.004794404206408531,1.0,0.5716331953802409,0.0,0.58,-2.867357944155074,251,nested_validation
2022-03-17,0.004794404206408531,-0.0046843709298370895,0.005109259691376877,-0.016236050590392237,0.006532565974551913,42.732574390666116,0.008099061571817116,0.0,0.007037183889137211,1.0,0.43195888151536127,0.0,0.58,-2.867357944155074,251,nested_validation
2022-03-18,0.007037183889137211,0.007769640679688994,0.011880898372390147,-0.0083210759769754,0.006795781089463568,48.62875323170101,0.01014171377338382,0.0,-0.005079824821331402,0.0,0.4419795951543306,0.0,0.58,-2.867357944155074,251,nested_validation
2022-03-21,-0.005079824821331402,0.01015977021057668,0.005195658616083287,-0.012146503279606646,0.0068150783862864165,45.00156084675731,0.0036795419690266898,0.0,-0.002346698435271688,0.0,0.3865557075767196,-1.0,0.58,-2.867357944155074,251,nested_validation
2022-03-22,-0.002346698435271688,0.00676462360465635,0.0014520322714146605,-0.013212006230197249,0.006818320847088253,43.39927000826003,0.00763792002392578,0.0,0.0011360200928076658,1.0,0.5312575546006737,0.0,0.58,-2.867357944155074,251,nested_validation
2022-03-23,0.0011360200928076658,0.005503724338222327,0.0013926875967877894,-0.010934839507288685,0.00680658218385713,44.428375559434905,0.006912899370142686,0.0,-0.0021242026269255865,0.0,0.5763593604415674,0.0,0.58,-2.867357944155074,251,nested_validation
2022-03-24,-0.0021242026269255865,-0.0014197665859172481,-0.00012150903829066806,-0.011809355906219898,0.0068068990498169075,42.857462878576904,0.003940750538381864,0.0,0.00029731091215534633,1.0,0.5675816724743762,0.0,0.58,-2.867357944155074,251,nested_validation
2022-03-25,0.00029731091215534633,-0.008103039098798837,0.000215432589115494,-0.010313167083472852,0.006501553526536143,43.15975278743367,0.005065560038737464,0.0,-0.002514860044454559,0.0,0.5237160429129358,0.0,0.58,-2.867357944155074,251,nested_validation
2022-03-28,-0.002514860044454559,-0.005545868352365924,-0.0027513683798782163,-0.011667351831785355,0.006512384133323095,41.17496479724001,0.004679949953746511,0.0,0.0010883301611173124,1.0,0.5318081718530524,0.0,0.58,-2.867357944155074,251,nested_validation
2022-03-29,0.0010883301611173124,-0.0021218548452195396,-0.002124996852664207,-0.00966333905164185,0.006464975968202859,42.40622178022913,0.015090914374542417,0.0,0.008884330857018119,1.0,0.546595973817761,0.0,0.58,-2.867357944155074,251,nested_validation
2022-03-30,0.008884330857018119,0.005601241535586388,0.005625478940661566,-6.835843904051675e-05,0.006627561191235373,51.36513563314744,0.007297964647937854,0.0,0.006339906610299373,1.0,0.3885288190946231,-1.0,0.58,-2.867357944155074,251,nested_validation
2022-03-31,0.006339906610299373,0.01413087897128018,0.010719215744861232,0.006916942702722029,0.006762608149539806,56.59944375265526,0.009770243717282913,0.0,-0.008016361027705421,0.0,0.3780832176066451,-1.0,0.58,-2.867357944155074,251,nested_validation
2022-04-01,-0.008016361027705421,0.005702233467713258,0.0028635731861732516,-0.00027067981167983035,0.006940125172731632,49.324961105246054,0.004126325463355687,0.0,-0.0022647094954258984,0.0,0.4940852042614307,0.0,0.58,-2.867357944155074,251,nested_validation
2022-04-04,-0.0022647094954258984,0.005954444709549422,0.0005547941703909487,-0.001723778473061932,0.005716450749103135,47.48311403365337,0.006891128776411286,0.0,-0.006464783279227948,0.0,0.4914037669978354,0.0,0.58,-2.867357944155074,251,nested_validation
2022-04-05,-0.006464783279227948,-0.0016353830886509657,-0.005541088227202784,-0.007179203391317279,0.005924918625913984,42.60361985757045,0.00638705138205639,0.0,-0.006325795120395661,0.0,0.4573434898202987,0.0,0.58,-2.867357944155074,251,nested_validation
2022-04-06,-0.006325795120395661,-0.016686911921212633,-0.010726639224801549,-0.012200622539250361,0.006075991888405617,38.465215856549285,0.00566052233806595,0.0,-0.0007518871777932867,0.0,0.44358939602136566,0.0,0.58,-2.867357944155074,251,nested_validation
2022-04-07,-0.0007518871777932867,-0.023616433054162944,-0.010500464600776138,-0.011727629954052965,0.004832074538860637,37.99576745834053,0.006226140602268625,0.0,-0.0030639568589273525,0.0,0.5653738700738156,0.0,0.58,-2.867357944155074,251,nested_validation
2022-04-08,-0.0030639568589273525,-0.018741911078902884,-0.012234184914479251,-0.01378427707302543,0.004746251916953558,36.06557533207855,0.005062601429501073,0.0,0.0018505415077689769,1.0,0.5802055069723328,1.0,0.58,-2.867357944155074,251,nested_validation
2022-04-11,0.0018505415077689769,-0.01469462180963843,-0.00953332399304152,-0.011073229321464817,0.004510162116364225,38.104460821132385,0.005341062353280885,0.0,-0.000641882475600597,0.0,0.5368805519058367,0.0,0.58,-2.867357944155074,251,nested_validation
2022-04-12,-0.000641882475600597,-0.008919954357568205,-0.009124237514024136,-0.010695469800594881,0.004502147894492852,37.655068318964176,0.004786252064910235,0.0,-0.004763457779174862,0.0,0.5371271457245691,0.0,0.58,-2.867357944155074,251,nested_validation
2022-04-13,-0.004763457779174862,-0.007361695769549814,-0.011454633063872732,-0.014491936759904567,0.00455887218208514,34.41352526718711,0.005863266571067056,0.0,0.006505222026846003,1.0,0.49988790554133383,0.0,0.58,-2.867357944155074,251,nested_validation
2022-04-14,0.006505222026846003,-0.0001525907614223776,-0.002608076920265101,-0.00743111439930999,0.004674739152155079,41.752815953088344,0.015054856272027158,0.0,-0.006936226472684548,0.0,0.5926094541277778,1.0,0.58,-2.867357944155074,251,nested_validation
2022-04-15,-0.006936226472684548,-0.004036168617620461,-0.0072420244779674015,-0.01357943285380303,0.00452886643470219,36.97129249225195,0.0022789808823171376,0.0,-0.000529893075068677,0.0,0.4837784807140306,0.0,0.58,-2.867357944155074,251,nested_validation
2022-04-18,-0.000529893075068677,-0.006402616155703367,-0.005651400653834071,-0.013924523212258122,0.004444751577394771,36.628581978710116,0.002976469642908515,0.0,-0.0030944085600286275,0.0,0.5306500544821358,0.0,0.58,-2.867357944155074,251,nested_validation
2022-04-19,-0.0030944085600286275,-0.008841004815950626,-0.006956407054525493,-0.01672624392265354,0.004458773637938798,34.61192316931556,0.0046514872873536705,0.0,0.0011765266514078832,1.0,0.5355087128220455,0.0,0.58,-2.867357944155074,251,nested_validation
2022-04-20,0.0011765266514078832,-0.002925356877132246,-0.004761779412597922,-0.015258787514612404,0.004459784103370049,36.049137565012565,0.007632859417828264,0.0,0.005132047716967181,1.0,0.5459936640420808,0.0,0.58,-2.867357944155074,251,nested_validation
2022-04-21,0.005132047716967181,-0.004285665055375976,0.0007920761508526386,-0.009530508068617882,0.0046501547458227864,42.04057865504873,0.010167080681261003,0.0,-0.00135438752007766,0.0,0.587684900820262,1.0,0.58,-2.867357944155074,251,nested_validation
2022-04-22,-0.00135438752007766,0.001311072242493161,-0.0002898313499630767,-0.010333624302097943,0.004646291236077234,40.94474872173679,0.00751110878356324,0.0,-0.002227037703191659,0.0,0.5434388431471372,0.0,0.58,-2.867357944155074,251,nested_validation
2022-04-25,-0.002227037703191659,-0.0003891984264964288,-0.0018356219668758111,-0.01217366806898501,0.004641361197604909,39.140558993524834,0.01034837283473015,0.0,-0.00895714415828408,0.0,0.5334028982781581,0.0,0.58,-2.867357944155074,251,nested_validation
2022-04-26,-0.00895714415828408,-0.006267843185947086,-0.009278471814415545,-0.02033853058434998,0.004946296047925761,32.87926004663939,0.00879131883134006,0.0,-0.006588426666132574,0.0,0.47000078859104993,0.0,0.58,-2.867357944155074,251,nested_validation
2022-04-27,-0.006588426666132574,-0.013975059248641064,-0.014141875572138418,-0.02582577697505828,0.004485319879641776,29.21090247586666,0.013130066982023327,0.0,-0.008317396565946322,0.0,0.4558835789037767,0.0,0.58,-2.867357944155074,251,nested_validation
2022-04-28,-0.008317396565946322,-0.0271688356607257,-0.019239590130513573,-0.03255038756245432,0.004245849741394522,25.385669896460172,0.008467795081075728,0.0,-0.004821411811927856,0.0,0.5414755620674038,0.0,0.58,-2.867357944155074,251,nested_validation
2022-04-29,-0.004821411811927856,-0.030546239252634,-0.021086783094089956,-0.03546052250187037,0.004103614121305597,23.48199793414848,0.008092094444538596,0.0,0.0030238676157678945,1.0,0.5265684424541008,0.0,0.58,-2.867357944155074,251,nested_validation
2022-05-02,0.0030238676157678945,-0.02544436728260635,-0.01556442011865855,-0.031039718773224312,0.004284517933985885,27.15384329010803,0.006047379740327451,0.0,-0.002553798236022531,0.0,0.6604487934655606,1.0,0.58,-2.867357944155074,251,nested_validation
2022-05-03,-0.002553798236022531,-0.019147548936160774,-0.015569879142045107,-0.03200630480897981,0.004180584900813703,26.014999038415283,0.007922172839013222,0.0,0.0018530708557984443,1.0,0.6047641526876584,1.0,0.58,-2.867357944155074,251,nested_validation
2022-05-04,0.0018530708557984443,-0.010812772336721399,-0.011282585346321428,-0.028717868108383948,0.004153214526941704,28.35699649290153,0.005683441287694155,0.0,0.008922921299691522,1.0,0.5295635055386654,0.0,0.58,-2.867357944155074,251,nested_validation
2022-05-05,0.008922921299691522,0.006384163633001982,-0.0003256229958832346,-0.018893189579109237,0.004760655565806407,38.475065735078154,0.012742206630620442,0.0,-0.007788880434709267,0.0,0.629960121851438,1.0,0.58,-2.867357944155074,251,nested_validation
2022-05-06,-0.007788880434709267,0.003383281717443065,-0.005346511057454095,-0.025124758560185034,0.004957040864814512,33.930201190047086,0.010722992747168852,0.0,-0.0007161781962646829,0.0,0.4962582643839507,0.0,0.58,-2.867357944155074,251,nested_validation
2022-05-09,-0.0007161781962646829,-0.00035810426729043776,-0.00343631758393248,-0.02447037086916426,0.004901406201503061,33.540930671591,0.00717529048811647,0.0,0.0031908163887828245,1.0,0.5663254047816699,0.0,0.58,-2.867357944155074,251,nested_validation
2022-05-10,0.0031908163887828245,0.005399156067791733,0.0011494220285304113,-0.02006258055897281,0.005010162341276938,37.006049877734625,0.00553736931688817,0.0,-0.003107217974838483,0.0,0.6392303651800412,1.0,0.58,-2.867357944155074,251,nested_validation
2022-05-11,-0.003107217974838483,0.00042131016478452743,-0.0009138630376889223,-0.021417670165155722,0.00496809288232058,35.0817056458439,0.006509166116436355,0.0,-0.0019448387415861301,0.0,0.5636662195873563,0.0,0.58,-2.867357944155074,251,nested_validation
2022-05-12,-0.0019448387415861301,-0.010354873535200926,-0.0024537562304713934,-0.021352824936008985,0.004629034863610042,33.89724813413038,0.014858519182945873,0.0,-0.012642271766999169,0.0,0.5059094168713525,0.0,0.58,-2.867357944155074,251,nested_validation
2022-05-13,-0.012642271766999169,-0.015195713336443761,-0.01389890207283162,-0.03164340119828246,0.005090736311050844,27.427278338774244,0.006494871267151883,0.0,0.0020281326891944396,1.0,0.5276199785379211,0.0,0.58,-2.867357944155074,251,nested_validation
2022-05-16,0.0020281326891944396,-0.012491167275586523,-0.010626910771396325,-0.027724238757033115,0.005159424370480356,29.7156517288538,0.004484288999382343,0.0,0.0036849476364928524,1.0,0.6076248685520852,1.0,0.58,-2.867357944155074,251,nested_validation
2022-05-17,0.0036849476364928524,-0.01200476033917186,-0.00631850279197832,-0.02250606704485303,0.005293359562284673,33.807875315114686,0.01162292349300255,0.0,0.010431853616484466,1.0,0.5721367813092102,0.0,0.58,-2.867357944155074,251,nested_validation
2022-05-18,0.010431853616484466,0.0014134713130626864,0.0038627836450761954,-0.011202305299278348,0.005887158140833067,43.817426769783744,0.006799023031056207,0.0,-0.007121462112616772,0.0,0.5686828027842142,0.0,0.58,-2.867357944155074,251,nested_validation
2022-05-19,-0.007121462112616772,-0.0037805706406184303,-0.0018637573388853301,-0.016936931261946397,0.005840223181615944,39.39236125599306,0.012603624903829632,0.0,0.010145163935909807,1.0,0.4353762158380597,0.0,0.58,-2.867357944155074,251,nested_validation
2022-05-20,0.010145163935909807,0.0192113861176908,0.007885490789849792,-0.00607460589094011,0.006390994193794523,47.47268473077213,0.005460037515080066,0.0,-0.0008666601008888719,0.0,0.4646228834391286,0.0,0.58,-2.867357944155074,251,nested_validation
2022-05-23,-0.0008666601008888719,0.016266952048573202,0.006651128788402572,-0.00595497516754151,0.006386676029792058,46.89171209312825,0.01150146837454282,0.0,0.010617928594331305,1.0,0.38175970539376763,-1.0,0.58,-2.867357944155074,251,nested_validation
2022-05-24,0.010617928594331305,0.023286843542636992,0.016214577021154586,0.005217080061775237,0.006604893051610343,54.269365437547165,0.007894538315534232,0.0,0.005099795195760315,1.0,0.5031942423655528,0.0,0.58,-2.867357944155074,251,nested_validation
2022-05-25,0.005099795195760315,0.0178869492188396,0.01942295326290222,0.010627580675951265,0.006524054525490877,57.36537975254611,0.008611050969027752,0.0,-0.004648668454274474,0.0,0.49128654062823346,0.0,0.58,-2.867357944155074,251,nested_validation
2022-05-26,-0.004648668454274474,0.02042202707266605,0.013009123959598634,0.006592618867400812,0.006323284419905045,53.77340732689418,0.006006415023031957,0.0,0.004336175406728371,1.0,0.3983930191899956,-1.0,0.58,-2.867357944155074,251,nested_validation
2022-05-27,0.004336175406728371,0.014553939928544146,0.014005099817928635,0.011236892710075885,0.006242323063998007,56.4969971976685,0.006244936665417517,0.0,-0.00013950201778101246,0.0,0.4804064325583614,0.0,0.58,-2.867357944155074,251,nested_validation
2022-05-30,-0.00013950201778101246,0.015292320952084548,0.010704701440670705,0.011361989727026511,0.006231569640423944,56.38140642440614,0.005379686161090879,0.0,0.00392148673024062,1.0,0.331749066001334,-1.0,0.58,-2.867357944155074,251,nested_validation
2022-05-31,0.00392148673024062,0.008564906159661545,0.011480853296999438,0.015354340951295287,0.00620986097199407,58.92512139740473,0.008610899031811895,0.0,-0.0036603042876901526,0.0,0.3911834290072823,-1.0,0.58,-2.867357944155074,251,nested_validation
2022-06-01,-0.0036603042876901526,-0.00022539402317223178,0.006019388856756791,0.011829723712763807,0.006299271681797918,55.65010378126883,0.009772867103044949,0.0,-0.0074472314707665355,0.0,0.31699160646851743,-1.0,0.58,-2.867357944155074,251,nested_validation
2022-06-02,-0.0074472314707665355,-0.0030363936656500057,-0.0031676391866869436,0.004912338470660638,0.006278455592923369,49.628476423476606,0.008712749914348328,0.0,0.0090954131655403,1.0,0.40579628040511645,-1.0,0.58,-2.867357944155074,251,nested_validation
2022-06-03,0.0090954131655403,0.001687907774061026,0.004282021589369078,0.01432064963571511,0.006286854504521665,55.86316735657638,0.005467669166929733,0.0,-0.0023275099568660362,0.0,0.4673085995256679,0.0,0.58,-2.867357944155074,251,nested_validation
2022-06-06,-0.0023275099568660362,-0.0005040991100175862,0.00048448273659285057,0.012230386866730392,0.006318739980417915,54.00431732198796,0.006213393260025384,0.0,-0.0032288394982695756,0.0,0.47354772735526485,0.0,0.58,-2.867357944155074,251,nested_validation
2022-06-07,-0.0032288394982695756,-0.007622904564315358,-0.0028330274935587374,0.009034412292545202,0.006358785714263133,51.45248159120767,0.005249755591949371,0.0,0.00067401764019559,1.0,0.4685644730064204,0.0,0.58,-2.867357944155074,251,nested_validation
2022-06-08,0.00067401764019559,-0.003305820919059732,-0.0018080263476814018,0.009539839799011851,0.00630136746247252,51.961134959835604,0.0070127502422656345,0.0,0.001779121710889564,1.0,0.4487401167325761,0.0,0.58,-2.867357944155074,251,nested_validation
2022-06-09,0.001779121710889564,0.0059590290736797336,-0.00032163183937716777,0.010819080786517832,0.0062724514486327465,53.351423643068706,0.011469620560094854,0.0,-0.009185684635764857,0.0,0.4828083488330543,0.0,0.58,-2.867357944155074,251,nested_validation
2022-06-10,-0.009185684635764857,-0.012265248982358923,-0.008452353924083833,0.0011720455251416073,0.005932979503272824,45.944934106688805,0.01265756140383373,0.0,-0.012168340155825574,0.0,0.3971820664526634,-1.0,0.58,-2.867357944155074,251,nested_validation
2022-06-13,-0.012168340155825574,-0.022008055427744533,-0.018304442260925202,-0.01086763472551422,0.006598492750451041,38.40814301454684,0.007486329836939902,0.0,-0.007134383580962855,0.0,0.48117988062649186,0.0,0.58,-2.867357944155074,251,nested_validation
2022-06-14,-0.007134383580962855,-0.02584001887472398,-0.022028139067492236,-0.01763451891992207,0.006752770706242965,34.843147689305,0.008079219316690358,0.0,0.002443097685334905,1.0,0.49446290593272,0.0,0.58,-2.867357944155074,251,nested_validation
2022-06-15,0.002443097685334905,-0.024117812688691398,-0.016929465411668843,-0.01496215663032574,0.00634228799550833,36.98475964596166,0.011581369879029996,0.0,0.0014952837362547378,1.0,0.6297458530254413,1.0,0.58,-2.867357944155074,251,nested_validation
2022-06-16,0.0014952837362547378,-0.02439431318418528,-0.013620910899323158,-0.012973117440118531,0.006167491816972547,38.32419785768018,0.014126298268215659,0.0,0.008669524471857093,1.0,0.5860193434735746,1.0,0.58,-2.867357944155074,251,nested_validation
2022-06-17,0.008669524471857093,-0.006813174847202563,-0.003149090721194403,-0.0044383501691293015,0.006052724635539096,45.560202655786,0.010063925406757712,0.0,-0.005256267333593856,0.0,0.571601109398973,0.0,0.58,-2.867357944155074,251,nested_validation
2022-06-20,-0.005256267333593856,0.00013636923060134087,-0.0061848929661536545,-0.009544217470209948,0.0061540595604710506,42.29235599185388,0.005607306303410179,0.0,0.0027985968155990193,1.0,0.452607616005405,0.0,0.58,-2.867357944155074,251,nested_validation
2022-06-21,0.0027985968155990193,0.010142088821623485,-0.001790133462445609,-0.0066316001305976036,0.005674325294337659,44.56041715430066,0.006429799934711896,0.0,0.0011269656037542486,1.0,0.5435019162464477,0.0,0.58,-2.867357944155074,251,nested_validation
2022-06-22,0.0011269656037542486,0.00881584854611761,0.0009111091870452892,-0.005511067100773981,0.005534072081662255,45.492060970771924,0.012439257239190236,0.0,0.0029896728110676563,1.0,0.5215055456834125,0.0,0.58,-2.867357944155074,251,nested_validation
2022-06-23,0.0029896728110676563,0.010321161059364092,0.0053703257111783476,-0.002699964237408592,0.005528713889635095,47.99176676116469,0.009104327210068349,0.0,-0.00416595669291786,0.0,0.3986170136200569,-1.0,0.58,-2.867357944155074,251,nested_validation
2022-06-24,-0.00416595669291786,-0.0025353374453777056,0.002127028731296887,-0.007293680104200839,0.005462296760246707,44.89305934845568,0.00527076077359185,0.0,0.004374321239690504,1.0,0.5410419983410372,0.0,0.58,-2.867357944155074,251,nested_validation
2022-06-27,0.004374321239690504,0.007121593748050659,0.005781106770618605,-0.0034700268853703475,0.005584495732408713,48.628193828279485,0.005998974447496071,0.0,0.0013967370732717033,1.0,0.4113069572611134,-1.0,0.58,-2.867357944155074,251,nested_validation
2022-06-28,0.0013967370732717033,0.005713690683180728,0.005599383182785189,-0.002523217569416536,0.005505209165405011,49.80325313169013,0.009381927118335673,0.0,-0.005419735136569348,0.0,0.3808274263208112,-1.0,0.58,-2.867357944155074,251,nested_validation
2022-06-29,-0.005419735136569348,-0.0008630041712811565,-0.0006385740860731515,-0.00785348502057448,0.005562587973115927,45.45265961503193,0.006487580696867506,0.0,-0.007312588994527469,0.0,0.4309842854874775,0.0,0.58,-2.867357944155074,251,nested_validation
2022-06-30,-0.007312588994527469,-0.011125693000204273,-0.007855921055581194,-0.015027704517438067,0.0055548264071131805,40.3577616585575,0.009082603732228597,0.0,0.0029757272313561955,1.0,0.4164469390626946,-1.0,0.58,-2.867357944155074,251,nested_validation
2022-07-01,0.0029757272313561955,-0.004033921244767091,-0.004249366595318271,-0.011782041623823125,0.00514554277615998,43.130900985229886,0.010307859101160693,0.0,-0.004173591269306276,0.0,0.5613810867889162,0.0,0.58,-2.867357944155074,251,nested_validation
2022-07-04,-0.004173591269306276,-0.012510273858621579,-0.007863352535516177,-0.015485911329905955,0.005180059115723983,40.292743457370364,0.00435663337762457,0.0,-7.300662772213862e-05,0.0,0.5140117637418287,0.0,0.58,-2.867357944155074,251,nested_validation
2022-07-05,-7.300662772213862e-05,-0.013959606327023977,-0.007108810991498182,-0.014786632212331008,0.00516896836038726,40.243065958470176,0.020248535447533952,0.0,-0.01682257214386984,0.0,0.5169555716558509,0.0,0.58,-2.867357944155074,251,nested_validation
2022-07-06,-0.01682257214386984,-0.02526453393204864,-0.021250679285760743,-0.02989824267563168,0.0061616542658892975,30.815739193583894,0.010890832515956284,0.0,-0.0069472013164806334,0.0,0.5521444460204751,0.0,0.58,-2.867357944155074,251,nested_validation
2022-07-07,-0.0069472013164806334,-0.02490575399315964,-0.024534668611543853,-0.035116245997869,0.006181642234778323,27.95253233338798,0.006468124387871664,0.0,-0.0016271539983527816,0.0,0.5674451090079932,0.0,0.58,-2.867357944155074,251,nested_validation
2022-07-08,-0.0016271539983527816,-0.02938068083364398,-0.022844209441482355,-0.034970439378596896,0.005990639599844206,27.31678361220925,0.010949262326433108,0.0,-0.0003659561389496302,0.0,0.6524183348620411,1.0,0.58,-2.867357944155074,251,nested_validation
2022-07-11,-0.0003659561389496302,-0.025669427360690444,-0.019432968024193586,-0.0335954719448045,0.005538079553719946,27.167370139606476,0.011162113308524728,0.0,-0.011665164743481893,0.0,0.6597470106972965,1.0,0.58,-2.867357944155074,251,nested_validation
2022-07-12,-0.011665164743481893,-0.036964846056171674,-0.025859927199268995,-0.04266636512079003,0.00584593198360492,22.874070386176186,0.007239743844527035,0.0,-0.001434779126710306,0.0,0.5897056854520581,1.0,0.58,-2.867357944155074,251,nested_validation
2022-07-13,-0.001434779126710306,-0.02189230147034893,-0.022610172010944063,-0.04190685214171175,0.0057664847939415086,22.410434704490996,0.011694811380947301,0.0,-4.0159774116754754e-05,0.0,0.6649944765551848,1.0,0.58,-2.867357944155074,251,nested_validation
2022-07-14,-4.0159774116754754e-05,-0.01508920850730977,-0.01869287029062494,-0.04004637683257728,0.00572991905190182,22.396770444131533,0.009531259579916533,0.0,-0.0007017548862624512,0.0,0.6673891754590725,1.0,0.58,-2.867357944155074,251,nested_validation
2022-07-15,-0.0007017548862624512,-0.014176287472261961,-0.01502677894458826,-0.038495478876423905,0.005192223278493738,22.14271520944311,0.008711628750919426,0.0,0.007047208975643482,1.0,0.6493689065927644,1.0,0.58,-2.867357944155074,251,nested_validation
2022-07-18,0.007047208975643482,-0.006865538103800972,-0.00478429160742011,-0.029766358455929565,0.005547928176677093,30.64493704719841,0.011539298033415803,0.0,0.004839300418470804,1.0,0.6100423886746545,1.0,0.58,-2.867357944155074,251,nested_validation
2022-07-19,0.004839300418470804,0.009719077294528367,0.0028789903700947583,-0.023362248767303195,0.0056512455186116224,35.861138678994706,0.014050586623976898,0.0,0.008491970757633638,1.0,0.5186590652158555,0.0,0.58,-2.867357944155074,251,nested_validation
2022-07-20,0.008491970757633638,0.019756707811028562,0.011658852041771528,-0.013589573285199052,0.006055479574145235,43.87658147733891,0.00937855877349009,0.0,-0.00474514783408686,0.0,0.49336057374456865,0.0,0.58,-2.867357944155074,251,nested_validation
2022-07-21,-0.00474514783408686,0.014958571984652114,0.006894520831963291,-0.01657981865981284,0.006007558389947335,40.78351461191869,0.011024667007572991,0.0,0.0037613253014305847,1.0,0.42025270203865994,0.0,0.58,-2.867357944155074,251,nested_validation
2022-07-22,0.0037613253014305847,0.019491594549340352,0.0101698972948705,-0.011614091924564418,0.0061003957644361236,44.1296830269401,0.011855636737066957,0.0,-0.002039989199988823,0.0,0.46772903148434664,0.0,0.58,-2.867357944155074,251,nested_validation
2022-07-25,-0.002039989199988823,0.01029210312978246,0.00776936170667808,-0.012708270618924766,0.005954084929096875,42.7145946245402,0.007431712739234186,0.0,0.0024232829634853736,1.0,0.4395880292468473,0.0,0.58,-2.867357944155074,251,nested_validation
2022-07-26,0.0024232829634853736,0.007862975054498067,0.008443745539058023,-0.009708090196006047,0.005985271363158598,44.96751563781787,0.013209620872933458,0.0,-0.009329266323505392,0.0,0.43930681508870983,0.0,0.58,-2.867357944155074,251,nested_validation
2022-07-27,-0.009329266323505392,-0.009947146934133011,-0.0019137069399053352,-0.017960691972730203,0.006164985753994127,38.650195813329105,0.006363912066542635,0.0,0.007871334021945176,1.0,0.4453536760396399,0.0,0.58,-2.867357944155074,251,nested_validation
2022-07-28,0.007871334021945176,0.002603391081366091,0.004195338290225559,-0.00944034065245214,0.006381225368933343,45.53745982130405,0.011498014869852014,0.0,-0.0016614562011467715,0.0,0.4762059138578421,0.0,0.58,-2.867357944155074,251,nested_validation
2022-07-29,-0.0016614562011467715,-0.0028131347266436846,0.000886146981696756,-0.009950921851434313,0.006311781096799744,44.39562301933074,0.010322054703275869,0.0,0.0015618813922195773,1.0,0.5129448910972443,0.0,0.58,-2.867357944155074,251,nested_validation
2022-08-01,0.0015618813922195773,0.0007859454029148782,0.001348785972766109,-0.007494581793068389,0.006307708705769364,45.76997112119574,0.006650357531600847,0.0,0.005202551026187496,1.0,0.5263546473153187,0.0,0.58,-2.867357944155074,251,nested_validation
2022-08-02,0.005202551026187496,0.0035606738663607196,0.0054125613795033,-0.0014915248260352065,0.006452648056462485,50.19289846630192,0.01066468398032029,0.0,-0.010297809557554993,0.0,0.3689827071643192,-1.0,0.58,-2.867357944155074,251,nested_validation
2022-08-03,-0.010297809557554993,0.002579528600239467,-0.004202946456356438,-0.010564226985077863,0.005762850276767031,42.72616489836394,0.008312979328594865,0.0,0.0001928583032602127,1.0,0.4485749795695351,0.0,0.58,-2.867357944155074,251,nested_validation
2022-08-04,0.0001928583032602127,-0.005058631457044216,-0.003765367430524691,-0.009065309541150368,0.005569239518094305,42.89573124159722,0.007529881698435989,0.0,0.008874700426048987,1.0,0.5272842738372601,0.0,0.58,-2.867357944155074,251,nested_validation
2022-08-05,0.008874700426048987,0.005441672431810929,0.004812690897814553,0.0006150372397315529,0.005888845574465237,50.20322422201278,0.010286895634266666,0.0,-0.00750610337660651,0.0,0.37912052685623304,-1.0,0.58,-2.867357944155074,251,nested_validation
2022-08-08,-0.00750610337660651,-0.003661439358826568,-0.002442360012571698,-0.005616434703786033,0.006135674291875676,44.92083490547079,0.006075519708577587,0.0,0.0026309358534308824,1.0,0.4675805858815251,0.0,0.58,-2.867357944155074,251,nested_validation
2022-08-09,0.0026309358534308824,-0.006210377736600936,0.0004502170528970506,-0.0017534446329960929,0.005533304171234405,47.00966773629507,0.005661886899735247,0.0,0.0010310493136156396,1.0,0.48920789023458233,0.0,0.58,-2.867357944155074,251,nested_validation
2022-08-10,0.0010310493136156396,0.0051652688841496985,0.0007102026803436079,0.0003052668099594591,0.005510517557576175,47.846606855345065,0.01627134771391878,0.0,0.00907498261166495,1.0,0.4625273636210025,0.0,0.58,-2.867357944155074,251,nested_validation
2022-08-11,0.00907498261166495,0.014091550245392215,0.008886759140565248,0.009863980982396825,0.005785614540772582,54.643839086486246,0.008696987578757717,0.0,0.0015475198656440536,1.0,0.4126903364905436,-1.0,0.58,-2.867357944155074,251,nested_validation
2022-08-12,0.0015475198656440536,0.006726481133944473,0.009218442585299691,0.011959040590292291,0.005766739239410847,55.713435851140844,0.00850768317927688,0.0,-0.00584623010886498,0.0,0.35562699610332177,-1.0,0.58,-2.867357944155074,251,nested_validation
2022-08-15,-0.00584623010886498,0.008410157355679182,0.0028458433137206196,0.00662722876285593,0.005825214979012987,50.829237386948726,0.008276671664516429,0.0,-0.00920673663656335,0.0,0.38272545897621624,-1.0,0.58,-2.867357944155074,251,nested_validation
2022-08-16,-0.00920673663656335,-0.003495748149020983,-0.005420695270774267,-0.001754823301006403,0.006134843056690763,44.283699808865826,0.006987164507710242,0.0,0.0008543621622787434,1.0,0.45333620821434095,0.0,0.58,-2.867357944155074,251,nested_validation
2022-08-17,0.0008543621622787434,-0.0036716362972212258,-0.004716849508775267,-0.0006172279636539324,0.005830854986373312,44.98518004129845,0.004894294513999715,0.0,0.0009366167938638092,1.0,0.5266881805511203,0.0,0.58,-2.867357944155074,251,nested_validation
2022-08-18,0.0009366167938638092,-0.011707198409244057,-0.0040043755517127355,0.0003391955026119664,0.005744167782534506,45.79162560188666,0.007908768417667847,0.0,-0.008869099630645416,0.0,0.47196681157693643,0.0,0.58,-2.867357944155074,251,nested_validation
2022-08-19,-0.008869099630645416,-0.02198596188366586,-0.011310674604662507,-0.008273253440926776,0.005985574318046468,39.83179290804813,0.007533770588025409,0.0,-0.005418936765523519,0.0,0.4244727280243889,0.0,0.58,-2.867357944155074,251,nested_validation
2022-08-22,-0.005418936765523519,-0.02156560549531017,-0.015359556527472562,-0.01322419187161239,0.006070141327508619,36.71543761549416,0.012008271170075727,0.0,-0.009541994707629509,0.0,0.46953427504020095,0.0,0.58,-2.867357944155074,251,nested_validation
2022-08-23,-0.009541994707629509,-0.0218966816540771,-0.02227837728063531,-0.022293717328093487,0.0063082736636693995,31.994366116146637,0.011659568496839105,0.0,0.002760910212849188,1.0,0.5059258881518487,0.0,0.58,-2.867357944155074,251,nested_validation
2022-08-24,0.002760910212849188,-0.020033472534600416,-0.01724693804514099,-0.01938150617766521,0.0060946506088728645,34.59015202346744,0.008650555864535527,0.0,0.0002192958849878135,1.0,0.6602448550414881,1.0,0.58,-2.867357944155074,251,nested_validation
2022-08-25,0.0002192958849878135,-0.020735765235611936,-0.013806087516140986,-0.01896179999672576,0.005770446157593664,34.80360775449745,0.007403544567960751,0.0,0.00021942717310774462,1.0,0.6080607804269395,1.0,0.58,-2.867357944155074,251,nested_validation
2022-08-26,0.00021942717310774462,-0.01175605403672153,-0.01020729676951282,-0.01857145691557005,0.005777042873583728,35.03211671503338,0.014139905363351048,0.0,-0.003269883377028826,0.0,0.5181525575012079,0.0,0.58,-2.867357944155074,251,nested_validation
2022-08-29,-0.003269883377028826,-0.009620693653099366,-0.010322419426155527,-0.021274421725177017,0.005762564499660189,33.16617984401033,0.011688202258140695,0.0,0.00758057217874053,1.0,0.5434902601462894,0.0,0.58,-2.867357944155074,251,nested_validation
2022-08-30,0.00758057217874053,0.007500512723334518,-0.0013486967758296053,-0.013430368958548655,0.0059183591943675305,40.98792148815894,0.006874817865122099,0.0,0.0011028088293274507,1.0,0.5310838499479996,0.0,0.58,-2.867357944155074,251,nested_validation
2022-08-31,0.0011028088293274507,0.005834574235873191,0.001206387435764844,-0.011672902543806485,0.005552530324904072,42.05835747030565,0.010544991742801699,0.0,0.0013954237236539768,1.0,0.5161174215200707,0.0,0.58,-2.867357944155074,251,nested_validation
2022-09-01,0.0013954237236539768,0.007017304911754785,0.004018707507253305,-0.009826086606341544,0.0055676240862877376,43.45750649931788,0.012792044331995253,0.0,-0.008638561886686547,0.0,0.5109395061953115,0.0,0.58,-2.867357944155074,251,nested_validation
2022-09-02,-0.008638561886686547,-0.00190088646465425,-0.0032832150154120665,-0.01751164767922908,0.005387388800336155,37.42424854414891,0.008246454188798047,0.0,-0.00431065331347924,0.0,0.4773441601026244,0.0,0.58,-2.867357944155074,251,nested_validation
2022-09-05,-0.00431065331347924,-0.0029430858861836384,-0.006327849964925414,-0.02080979653080739,0.005250988273565536,34.84691968366272,0.006325735277178617,0.0,0.0043193306859965475,1.0,0.5175213404007025,0.0,0.58,-2.867357944155074,251,nested_validation
2022-09-06,0.0043193306859965475,-0.006170265397896779,-0.002163545494282104,-0.015696167113474768,0.005326336117066199,39.335733588983516,0.01207547120090692,0.0,-0.005453890685378493,0.0,0.5400009252023289,0.0,0.58,-2.867357944155074,251,nested_validation
2022-09-07,-0.005453890685378493,-0.012679330082457918,-0.006919025344120366,-0.02031641430247999,0.0053776092886776315,35.9529254873393,0.007818736918513997,0.0,0.009875823850971743,1.0,0.4308773055043404,0.0,0.58,-2.867357944155074,251,nested_validation
2022-09-08,0.009875823850971743,-0.0043181231740641035,0.0026208213480474196,-0.009943548615596542,0.005458774137729199,45.10824917811272,0.009568035310663182,0.0,0.0016320209803155628,1.0,0.5263075454003415,0.0,0.58,-2.867357944155074,251,nested_validation
2022-09-09,0.0016320209803155628,0.005997219779535934,0.003846984447931412,-0.007737037120599033,0.005461153535165851,46.48314579918332,0.01028136898065138,0.0,0.00593199865645655,1.0,0.4999214953690666,0.0,0.58,-2.867357944155074,251,nested_validation
2022-09-12,0.00593199865645655,0.016345908795055708,0.008459755991405915,-0.001399501095400213,0.005592366851929111,51.268769324523745,0.013114504951643752,0.0,0.005773918897869379,1.0,0.41375521961666434,-1.0,0.58,-2.867357944155074,251,nested_validation
2022-09-13,0.005773918897869379,0.017817915489489078,0.0131104516863767,0.004804034461394879,0.005429694451389547,55.46776465025337,0.018919622481947,0.0,-0.014563821472942773,0.0,0.495570738355279,0.0,0.58,-2.867357944155074,251,nested_validation
2022-09-14,-0.014563821472942773,0.008494817568124757,-0.0012144671735877521,-0.00926087937445641,0.006263579322042614,44.89820861482968,0.005922408406675618,0.0,0.00019961698379278303,1.0,0.46143193631589186,0.0,0.58,-2.867357944155074,251,nested_validation
2022-09-15,0.00019961698379278303,-0.00116815707568374,-0.00046476341891443784,-0.008493582072854222,0.006254733681613928,45.050513924789364,0.006054596259256749,0.0,0.00042948189641855983,1.0,0.5574382008198022,0.0,0.58,-2.867357944155074,251,nested_validation
2022-09-16,0.00042948189641855983,-0.0023673343226150445,-0.00039559202704864127,-0.00721499060165709,0.005988961956368339,45.400264634664225,0.008993645811881636,0.0,0.0034075863686759966,1.0,0.5495913333504207,0.0,0.58,-2.867357944155074,251,nested_validation
2022-09-19,0.0034075863686759966,-0.004870919220293146,0.0018784335815527076,-0.003341558897945185,0.005934293713911171,48.21767243356281,0.006113158524511044,0.0,0.0007222246803870735,1.0,0.5528004062931704,0.0,0.58,-2.867357944155074,251,nested_validation
2022-09-20,0.0007222246803870735,-0.009869147677571077,0.001827298141949596,-0.0020658743612225194,0.005520309095758751,48.822491991337095,0.009289198172255004,0.0,-0.005862889656867543,0.0,0.5013667296209072,0.0,0.58,-2.867357944155074,251,nested_validation
2022-09-21,-0.005862889656867543,-0.0011267641292758146,-0.004770351538674555,-0.0071350366818457855,0.005659318598200782,44.296145281089935,0.010524024040360106,0.0,-0.014048072829345282,0.0,0.45030481115226745,0.0,0.58,-2.867357944155074,251,nested_validation
2022-09-22,-0.014048072829345282,-0.015355559847323175,-0.017132815473048346,-0.01955311285935024,0.006436974639349026,35.78536586048928,0.009678774947473705,0.0,0.0011022116201444554,1.0,0.48333399529271703,0.0,0.58,-2.867357944155074,251,nested_validation
2022-09-23,0.0011022116201444554,-0.014693444631629582,-0.014369687104088924,-0.01691949908070023,0.006445996607590193,36.79701438599261,0.015067061012821225,0.0,-0.015406887200598907,0.0,0.554285253521739,0.0,0.58,-2.867357944155074,251,nested_validation
2022-09-26,-0.015406887200598907,-0.03316851338280424,-0.025833326931566813,-0.030236515097989747,0.00719356929662239,29.736996991037472,0.012133978282453474,0.0,-0.0068329364477182075,0.0,0.44429908972584514,0.0,0.58,-2.867357944155074,251,nested_validation
2022-09-27,-0.0068329364477182075,-0.04046780931625016,-0.02754435439733638,-0.0351302704300831,0.006992935079590912,27.276016928846403,0.007847622091291001,0.0,-0.0028596715824625862,0.0,0.4368643357286535,0.0,0.58,-2.867357944155074,251,nested_validation
2022-09-28,-0.0028596715824625862,-0.037569130262774086,-0.02652985137347974,-0.036038793096617616,0.006959369070895157,26.30167765735608,0.015224595580375398,0.0,0.011669258220226686,1.0,0.5130811662789979,0.0,0.58,-2.867357944155074,251,nested_validation
2022-09-29,0.011669258220226686,-0.012465316773218715,-0.012406545716112438,-0.023246310939423642,0.007556366619601303,36.27633642376837,0.015352651493988262,0.0,0.012503246332641993,1.0,0.6018031341166834,1.0,0.58,-2.867357944155074,251,nested_validation
2022-09-30,0.012503246332641993,-0.0012187956162603708,0.0015591063310080866,-0.010169475709581266,0.007971565424878426,44.97068981150399,0.011590504496382265,0.0,-0.0037506538312601645,0.0,0.5451195710991851,0.0,0.58,-2.867357944155074,251,nested_validation
2022-10-03,-0.0037506538312601645,0.01060540531696108,0.00014301406429151342,-0.013078528653317156,0.007959416862684015,43.04950130478563,0.009255843410032083,0.0,0.004021387262655107,1.0,0.5540105750156077,0.0,0.58,-2.867357944155074,251,nested_validation
2022-10-04,0.004021387262655107,0.021650312679805772,0.006194767053085526,-0.008752097898321987,0.007950543308560484,45.717127070375604,0.01763914150026861,0.0,0.015485641697837726,1.0,0.4446898348661182,0.0,0.58,-2.867357944155074,251,nested_validation
2022-10-05,0.015485641697837726,0.04044655881977688,0.02163478354634729,0.006539105544936197,0.008592034842169296,54.57625998406647,0.01589996535712045,0.0,-0.0073440755512070854,0.0,0.5027827974311728,0.0,0.58,-2.867357944155074,251,nested_validation
2022-10-06,-0.0073440755512070854,0.02089238384268799,0.013299399334236073,-0.0006578942781816366,0.00846840018569463,50.317222585329965,0.01382441808486053,0.0,-0.012304863326973892,0.0,0.40828091226224994,-1.0,0.58,-2.867357944155074,251,nested_validation
2022-10-07,-0.012304863326973892,-0.0041212744352189246,0.001368435214285757,-0.012349716121709875,0.00883870169958752,44.146611961953965,0.008616785927158458,0.0,-0.00551972128853806,0.0,0.533375385894327,0.0,0.58,-2.867357944155074,251,nested_validation
2022-10-10,-0.00551972128853806,-0.005889683771262422,-0.004617953850665435,-0.01712805199941969,0.008735825892809653,41.70621639459568,0.007167977303854173,0.0,-0.0025634555979036078,0.0,0.5000712452872111,0.0,0.58,-2.867357944155074,251,nested_validation
2022-10-11,-0.0025634555979036078,-0.012409525182483394,-0.008045326658069007,-0.0186437140244039,0.008568512310222725,40.59019256286454,0.008662081289819589,0.0,-0.0010184906511190306,0.0,0.5423476235026958,0.0,0.58,-2.867357944155074,251,nested_validation
2022-10-12,-0.0010184906511190306,-0.02846029265144112,-0.010107081147671115,-0.01856901371186681,0.008075834386973789,40.13187830301391,0.006529668067474371,0.0,0.000805816280401439,1.0,0.5190956897017781,0.0,0.58,-2.867357944155074,251,nested_validation
2022-10-13,0.000805816280401439,-0.02048376893361803,-0.009307511132969015,-0.016680241127831064,0.008082910193242154,40.701786614253336,0.016391979146936308,0.0,0.0044659963486877174,1.0,0.5325656287537968,0.0,0.58,-2.867357944155074,251,nested_validation
2022-10-14,0.0044659963486877174,-0.0038517853879852515,-0.004088160903467863,-0.011618019384015299,0.008175147114345303,43.89221716496355,0.009673879650861361,0.0,-0.0012270756894514623,0.0,0.5802904035440454,1.0,0.58,-2.867357944155074,251,nested_validation
2022-10-17,-0.0012270756894514623,0.0004480598085758736,-0.0047683167917372815,-0.01226333955610337,0.008107616081877158,43.20137604736983,0.012584976498411157,0.0,0.010988583263887186,1.0,0.5580419838901437,0.0,0.58,-2.867357944155074,251,nested_validation
2022-10-18,0.010988583263887186,0.014041015733261997,0.006020577674811012,-0.0010521130769605147,0.008539127731708136,50.67871154760986,0.005993639521554873,0.0,0.001775476176293589,1.0,0.4635079142083919,0.0,0.58,-2.867357944155074,251,nested_validation
2022-10-19,0.001775476176293589,0.016877101219409996,0.009048493550725789,0.0008368186058991256,0.008478540581789923,51.79507232468408,0.010827524971233638,0.0,-0.009873983931926955,0.0,0.3920220432054986,-1.0,0.58,-2.867357944155074,251,nested_validation
2022-10-20,-0.009873983931926955,0.006025801092200966,0.0005643618024646635,-0.008276588253786188,0.008188978824699888,45.60224431201377,0.009175219534856527,0.0,0.0012713727108564221,1.0,0.5129721791117785,0.0,0.58,-2.867357944155074,251,nested_validation
2022-10-21,0.0012713727108564221,0.0028262166203323336,0.001940597287561019,-0.006231609099622282,0.008190503979919895,46.48079306958447,0.015303477554405759,0.0,0.00830219127795706,1.0,0.5720433868951258,0.0,0.58,-2.867357944155074,251,nested_validation
2022-10-24,0.00830219127795706,0.012394155946168661,0.00896591703621219,0.002736644582624015,0.007611455580911302,51.9455949749984,0.008185411630264008,0.0,0.0026792235915789053,1.0,0.4404585948092944,0.0,0.58,-2.867357944155074,251,nested_validation
2022-10-25,0.0026792235915789053,0.004073243810107652,0.009845844780359547,0.0062522788620054115,0.007407881140763356,53.60564624826725,0.012455747944148247,0.0,0.007811452480285697,1.0,0.3581959136517943,-1.0,0.58,-2.867357944155074,251,nested_validation
2022-10-26,0.007811452480285697,0.010123064804172133,0.01500168209944186,0.01417554239702179,0.007467694673294668,58.156433451370305,0.013643036193210896,0.0,0.012867329366482494,1.0,0.4688086562059363,0.0,0.58,-2.867357944155074,251,nested_validation
2022-10-27,0.012867329366482494,0.033323672316622144,0.024056629977899924,0.02684930760692339,0.007550099894430192,64.39950155352119,0.011735726070199853,0.0,-0.012300296335898353,0.0,0.5273731646177742,0.0,0.58,-2.867357944155074,251,nested_validation
2022-10-28,-0.012300296335898353,0.01931755241638977,0.009243608571910311,0.014289311360501822,0.007752259144051857,55.72950428239149,0.006774480960581707,0.0,-0.0012842637772674248,0.0,0.3724597770706954,-1.0,0.58,-2.867357944155074,251,nested_validation
2022-10-31,-0.0012842637772674248,0.00962636857510879,0.005751673794070822,0.01321814801713761,0.007699461748667079,54.90853934071429,0.009500876047339658,0.0,-0.00690054553054209,0.0,0.3515580522965024,-1.0,0.58,-2.867357944155074,251,nested_validation
2022-11-01,-0.00690054553054209,-1.9774760653179513e-05,-0.0015911425006300828,0.006715754994329526,0.007841316288139227,50.60077105391882,0.00905364323407643,0.0,-0.0008494874618302228,0.0,0.42227173365684467,0.0,0.58,-2.867357944155074,251,nested_validation
2022-11-02,-0.0008494874618302228,-0.008613414625319171,-0.002580609710007842,0.006177759899220314,0.007025989625628821,50.08345294522184,0.004654490826967421,0.0,-0.006428526689766123,0.0,0.49502782577992455,0.0,0.58,-2.867357944155074,251,nested_validation
2022-11-03,-0.006428526689766123,-0.027500046954007873,-0.009471897764319892,-0.00023512848747231363,0.006984177780126726,46.23454755781575,0.011044011950555106,0.0,-0.0066003896793398464,0.0,0.38068531171420866,-1.0,0.58,-2.867357944155074,251,nested_validation
2022-11-04,-0.0066003896793398464,-0.02188785639112123,-0.015719008055991135,-0.006523880160685502,0.006600796322770784,42.63497518901375,0.019456672351229453,0.0,0.018378184728221614,1.0,0.4169886360254257,-1.0,0.58,-2.867357944155074,251,nested_validation
2022-11-07,0.018378184728221614,-0.002631045910652441,0.0016753117575185605,0.010914138981289456,0.007611653775272542,53.434209858433235,0.008616214165392875,0.0,0.009046823766432288,1.0,0.5248415582726451,0.0,0.58,-2.867357944155074,251,nested_validation
2022-11-08,0.009046823766432288,0.013384883777574963,0.009391753323518826,0.018694327287762658,0.007757935986423814,57.73019998477751,0.011790239212587933,0.0,0.006209722711393306,1.0,0.4290243355322672,0.0,0.58,-2.867357944155074,251,nested_validation
2022-11-09,0.006209722711393306,0.020544662801038394,0.014462764484894697,0.023339137992107517,0.007796016953609005,60.45162880739071,0.007565369207897235,0.0,-0.006081764073436191,0.0,0.5494162076729301,0.0,0.58,-2.867357944155074,251,nested_validation
2022-11-10,-0.006081764073436191,0.020900839228060297,0.009028193370905324,0.01604493288227804,0.007988994060579348,56.58528184736207,0.02447216525215116,0.0,0.017234983280186578,1.0,0.3106013770166217,-1.0,0.58,-2.867357944155074,251,nested_validation
2022-11-11,0.017234983280186578,0.04539606955117237,0.024104244859223023,0.032290965953579276,0.008672507374955356,63.639369647488714,0.016891040763484022,0.0,0.013375543780960841,1.0,0.5200553931668602,0.0,0.58,-2.867357944155074,251,nested_validation
2022-11-14,0.013375543780960841,0.040260707008977104,0.03392149530707278,0.04420932637880237,0.008958922278451376,68.05250490843295,0.007422828860357491,0.0,-0.0008978306983772333,0.0,0.5449385757124022,0.0,0.58,-2.867357944155074,251,nested_validation
2022-11-15,-0.0008978306983772333,0.03000842431915296,0.028535356291256475,0.04156167886113438,0.008800872970665905,67.45277766298973,0.015663024444927582,0.0,0.003739182328805768,1.0,0.46948915008025616,0.0,0.58,-2.867357944155074,251,nested_validation
2022-11-16,0.003739182328805768,0.027479451134687194,0.027466079928535114,0.044144034263301934,0.008804458725509794,68.68923769398185,0.009738737405346604,0.0,0.0035863385602117326,1.0,0.4808620364678584,0.0,0.58,-2.867357944155074,251,nested_validation
2022-11-17,0.0035863385602117326,0.03747401248637994,0.025246140984493515,0.046187179191546024,0.008336008544053843,69.87572464044005,0.009257145124517101,0.0,-0.003201732300133542,0.0,0.48145278926306817,0.0,0.58,-2.867357944155074,251,nested_validation
2022-11-18,-0.003201732300133542,0.01663068556226288,0.015830957873517182,0.040837886795985545,0.008442946256769593,67.4109734905756,0.006548859371232402,0.0,-0.0029753632285509646,0.0,0.5535835697519935,0.0,0.58,-2.867357944155074,251,nested_validation
2022-11-21,-0.0029753632285509646,0.00022725654262822914,0.008831732969717843,0.03567460736005468,0.00844220850234144,65.11955145264443,0.01028053171256652,0.0,-0.008247803589722214,0.0,0.4073198979979956,-1.0,0.58,-2.867357944155074,251,nested_validation
2022-11-22,-0.008247803589722214,-0.007130993140596398,-0.0017023902632545829,0.025297372201903867,0.00875242596736733,59.136546809130365,0.004567810265594798,0.0,0.00638264774293118,1.0,0.4590802158847539,0.0,0.58,-2.867357944155074,251,nested_validation
2022-11-23,0.00638264774293118,-0.0045161556144768245,0.0024206137780551362,0.02974303050722149,0.008708986843291727,62.02061971124031,0.008139714755630514,0.0,0.01019750586330015,1.0,0.5572530802800102,0.0,0.58,-2.867357944155074,251,nested_validation
2022-11-24,0.01019750586330015,0.0020416361667427996,0.00875246833668597,0.03779702285475173,0.008556728539625202,66.15666455685111,0.006197347835889476,0.0,-0.0007806339603814161,0.0,0.4764165161347402,0.0,0.58,-2.867357944155074,251,nested_validation
2022-11-25,-0.0007806339603814161,0.004475469992802683,0.005862098553725215,0.03472996628492098,0.007967825904989982,65.56205162154625,0.007004507757404362,0.0,-0.003898316208238106,0.0,0.43871014522731644,0.0,0.58,-2.867357944155074,251,nested_validation
2022-11-28,-0.003898316208238106,0.0035456197224477126,0.001563661851957665,0.02855520711075532,0.00804489662153543,62.54138102995186,0.014879762508835031,0.0,-0.002120752501491019,0.0,0.49694994934721176,0.0,0.58,-2.867357944155074,251,nested_validation
2022-11-29,-0.002120752501491019,0.009745530651473988,-0.000813916162225703,0.024682493504594616,0.007843500198427332,60.903823111615786,0.0066394199253347564,0.0,-0.002033884087158655,0.0,0.5312058046305204,0.0,0.58,-2.867357944155074,251,nested_validation
2022-11-30,-0.002033884087158655,0.0013008745178659797,-0.0025247216042817433,0.021045649818514534,0.007871502844940002,59.303497361655516,0.009906223638460016,0.0,0.009768476834405293,1.0,0.47929070260839085,0.0,0.58,-2.867357944155074,251,nested_validation
2022-12-01,0.009768476834405293,0.0008756238719946907,0.006923906433973226,0.028785210652669146,0.007770111493143868,64.16403266249412,0.012803957636802163,0.0,0.009886202162251445,1.0,0.46539140133642587,0.0,0.58,-2.867357944155074,251,nested_validation
2022-12-02,0.009886202162251445,0.011560140827761023,0.015244029552325289,0.036400790565185526,0.007574207762397837,68.32718925756139,0.010544753778357074,0.0,0.001497302952485846,1.0,0.5312524705682669,0.0,0.58,-2.867357944155074,251,nested_validation
2022-12-05,0.001497302952485846,0.017039494358515483,0.01467726891186194,0.03562789916908904,0.006813770360611663,68.92188603568945,0.009645901280527834,0.0,-0.0044822536852026085,0.0,0.5163253969698277,0.0,0.58,-2.867357944155074,251,nested_validation
2022-12-06,-0.0044822536852026085,0.014632650067655906,0.007692995386207713,0.02892966209473613,0.006854730299072815,64.98251647390023,0.005245610165876664,0.0,-0.0026591461795627547,0.0,0.4481953679861359,0.0,0.58,-2.867357944155074,251,nested_validation
2022-12-07,-0.0026591461795627547,0.013996945785028636,0.0034920369206017376,0.024502183951013556,0.006878035846693061,62.70302722102228,0.009784283679777017,0.0,0.004226465299703053,1.0,0.4930989199597034,0.0,0.58,-2.867357944155074,251,nested_validation
2022-12-08,0.004226465299703053,0.008431726728764577,0.006796926100060441,0.027420169013900653,0.006641689709428654,64.81029642378391,0.006799173617442024,0.0,0.004413799046621314,1.0,0.44646221397691527,0.0,0.58,-2.867357944155074,251,nested_validation
2022-12-09,0.004413799046621314,0.0029672051703601987,0.009775139463435112,0.02996921641273298,0.005739188537286021,66.92110579845526,0.0064767941968502,0.0,-0.003545912740065993,0.0,0.4519129432852888,0.0,0.58,-2.867357944155074,251,nested_validation
2022-12-12,-0.003545912740065993,-0.00208341247316024,0.004708370329270517,0.024427817193006796,0.005189677346271894,63.60565943194852,0.006856035046488622,0.0,0.0018552850472817184,1.0,0.44895289119489357,0.0,0.58,-2.867357944155074,251,nested_validation
2022-12-13,0.0018552850472817184,0.0042693974578040805,0.004690215824549204,0.024149991534086812,0.005175525165552984,64.59062651623634,0.01324587936382145,0.0,0.00805502444178785,1.0,0.4619834378832271,0.0,0.61,0.9242104743862637,314,nested_validation
2022-12-14,0.00805502444178785,0.015057999602142713,0.009874878390352615,0.02990230967323937,0.005368269779618943,68.57458479929218,0.004681139245859707,0.0,0.00467631552644221,1.0,0.5152378807999369,0.0,0.61,0.9242104743862637,314,nested_validation
2022-12-15,0.00467631552644221,0.015512701889975888,0.01218307136940422,0.03184523802494432,0.005396700539214546,70.65538697132592,0.011071945425447541,0.0,-0.0033518427765883985,0.0,0.47895132420315406,0.0,0.61,0.9242104743862637,314,nested_validation
2022-12-16,-0.0033518427765883985,0.007661248716709146,0.0077190287489534715,0.025443408533244227,0.0054031271715912965,67.20443902582582,0.006001378004582145,0.0,-0.005218380116402188,0.0,0.4038854543241932,0.0,0.61,0.9242104743862637,314,nested_validation
2022-12-19,-0.005218380116402188,0.0059699710287315355,0.0020726994753461625,0.017946385910718732,0.005513747615656555,62.133400879210036,0.00772836274100947,0.0,0.0027916391825502096,1.0,0.46751112344343854,0.0,0.61,0.9242104743862637,314,nested_validation
2022-12-20,0.0027916391825502096,0.006910170832423068,0.0037520650866127436,0.018841744084339584,0.005072093050912157,63.70305859080589,0.007052659324704332,0.0,0.0011690042821561608,1.0,0.5220869982973934,0.0,0.61,0.9242104743862637,314,nested_validation
2022-12-21,0.0011690042821561608,3.1971163581001605e-05,0.003426402912682258,0.018253484659314534,0.004961771089802753,64.37094886144058,0.004372730119956667,0.0,-0.0015915521649506603,0.0,0.5467268200999038,0.0,0.61,0.9242104743862637,314,nested_validation
2022-12-22,-0.0015915521649506603,-0.00620692188639782,0.0009143468243253405,0.014718976229204817,0.004581872495121882,62.6779877338367,0.006920940454228006,0.0,-0.0006361526137086404,0.0,0.5455919426988981,0.0,0.61,0.9242104743862637,314,nested_validation
2022-12-23,-0.0006361526137086404,-0.0034990113097205233,-0.00013428639125789843,0.012746189666925867,0.004579278391373552,61.97746177986906,0.004076464256652094,0.0,0.006080575010922296,1.0,0.5644716047261515,0.0,0.61,0.9242104743862637,314,nested_validation
2022-12-26,0.006080575010922296,0.007819472798242133,0.004566359209159154,0.01780494595775406,0.004568543460532462,65.89828335252761,0.002644711253560951,0.0,-0.0025855972022179596,0.0,0.49960950439706275,0.0,0.61,0.9242104743862637,314,nested_validation
2022-12-27,-0.0025855972022179596,0.002415275827846397,0.001040600908892797,0.014138184229194328,0.004587736575106836,62.90955625082802,0.00531523421504168,0.0,-0.0002871494728964308,0.0,0.5606069046146526,0.0,0.61,0.9242104743862637,314,nested_validation
2022-12-28,-0.0002871494728964308,0.000957309428791131,0.0006541801449626572,0.012948124665989491,0.004537586420785493,62.57102954581057,0.0056769495630555385,0.0,-0.0007441358397561881,0.0,0.5340813574393938,0.0,0.61,0.9242104743862637,314,nested_validation
2022-12-29,-0.0007441358397561881,0.0018068891440590207,0.00035275304556048326,0.011442310592908678,0.004141266606192584,61.64551771827551,0.005443751120119168,0.0,0.002963731578736084,1.0,0.5436371530429929,0.0,0.61,0.9242104743862637,314,nested_validation
2022-12-30,0.002963731578736084,0.005415573602221002,0.0031269056340881285,0.013478698876963735,0.0036413290214998995,63.93205410260676,0.005508958627235407,0.0,0.004594488939143604,1.0,0.563119582107415,0.0,0.61,0.9242104743862637,314,nested_validation
2023-01-02,0.004594488939143604,0.00393046980696754,0.006554712103127969,0.01691432777255697,0.003739401706664606,67.20567882599043,0.005519827746646013,0.0,-0.0029897675594858786,0.0,0.44788810903062637,0.0,0.61,0.9242104743862637,314,nested_validation
2023-01-03,-0.0029897675594858786,0.0035236590214846597,0.0029502726518093603,0.012489526374038329,0.003647275852135225,63.16932343718785,0.015084319551069578,0.0,-0.012255395598315344,0.0,0.5392681470635242,0.0,0.61,0.9242104743862637,314,nested_validation
2023-01-04,-0.012255395598315344,-0.008490208898206064,-0.008595014639829368,-0.0006636456635928933,0.004588535999177596,49.96241766466369,0.008111248767002704,0.0,0.005642484981084106,1.0,0.4234503131112171,0.0,0.61,0.9242104743862637,314,nested_validation
2023-01-05,0.005642484981084106,-0.0021530961495714873,-0.0029662135704474624,0.004371956978920455,0.004657727745030763,54.61000359846475,0.011037100843585383,0.0,-0.007933674891517195,0.0,0.5042035776214613,0.0,0.61,0.9242104743862637,314,nested_validation
2023-01-06,-0.007933674891517195,-0.01299490723801977,-0.010121589500062811,-0.003955185207660916,0.0049034930019794,47.84319941167307,0.013019397109398827,0.0,0.012745001629152375,1.0,0.43431826974628557,0.0,0.61,0.9242104743862637,314,nested_validation
2023-01-09,0.012745001629152375,-0.004987101479345002,0.002602701598336976,0.007821024712046265,0.005580639248780136,56.990043813061995,0.010013790986458253,0.0,0.007212636696105612,1.0,0.5340984415444326,0.0,0.61,0.9242104743862637,314,nested_validation
2023-01-10,0.007212636696105612,0.005194864061155435,0.008951648052213379,0.013851103304450163,0.005757872363233893,61.19085687678644,0.004069351008541317,0.0,0.0005368935499137084,1.0,0.5040388252822149,0.0,0.61,0.9242104743862637,314,nested_validation
2023-01-11,0.0005368935499137084,0.018213151677288986,0.00852842814044874,0.013073426099649232,0.005520085107803225,61.494516407435974,0.004455690143543623,0.0,0.0025192926532231485,1.0,0.3973680334225281,0.0,0.61,0.9242104743862637,314,nested_validation
2023-01-12,0.0025192926532231485,0.0150509190240955,0.009772395968104641,0.014538902047427138,0.005458968642252736,62.95984129437392,0.00931838777142624,0.0,0.008753345079312025,1.0,0.4148954882231178,0.0,0.61,0.9242104743862637,314,nested_validation
2023-01-13,0.008753345079312025,0.03212455062358699,0.01670898569590018,0.022353911496010515,0.0056726561638845265,67.58689771646932,0.008026362454774737,0.0,-0.0032798297386377184,0.0,0.5005511505635872,0.0,0.61,0.9242104743862637,314,nested_validation
2023-01-16,-0.0032798297386377184,0.01579307345244052,0.012285609242026263,0.018104856299836047,0.005580737446101403,64.31649491812804,0.006729036516107475,0.0,0.0005090112725845142,1.0,0.434515916453517,0.0,0.61,0.9242104743862637,314,nested_validation
2023-01-17,0.0005090112725845142,0.00903233989515595,0.01135934387917148,0.01756008920582608,0.005569025186492615,64.60182895973634,0.007578119952171763,0.0,-0.003399900781191456,0.0,0.37924237026036406,-1.0,0.61,0.9242104743862637,314,nested_validation
2023-01-18,-0.003399900781191456,0.0050621186857140454,0.0056064433214571,0.013071550366252405,0.005651375988288023,61.08642436151435,0.010879732381512502,0.0,0.00042113596705495304,1.0,0.4004557807471522,0.0,0.61,0.9242104743862637,314,nested_validation
2023-01-19,0.00042113596705495304,0.0029586401593768574,0.0042382934715556875,0.012596560401696433,0.0056258857324668525,61.36591216832044,0.004641033635184153,0.0,0.0033367572336886475,1.0,0.4984961063877475,0.0,0.61,0.9242104743862637,314,nested_validation
2023-01-20,0.0033367572336886475,-0.0024268325197972507,0.004677037078504975,0.015105205660990828,0.00563849921542083,63.597736145864154,0.0047964815605427745,0.0,0.0028793633886876613,1.0,0.4792021423288312,0.0,0.61,0.9242104743862637,314,nested_validation
2023-01-23,0.0028793633886876613,0.0037376316703245926,0.005623102517354539,0.016939087976387324,0.005539177902034065,65.45826617278361,0.006628383917646667,0.0,0.0008481189095626007,1.0,0.4109818921898443,0.0,0.61,0.9242104743862637,314,nested_validation
2023-01-24,0.0008481189095626007,0.004077833600129033,0.005163203108317305,0.016746664314201354,0.005480393742336337,66.01090517940045,0.005289728654339423,0.0,0.0012739505666399253,1.0,0.40093608665789077,0.0,0.61,0.9242104743862637,314,nested_validation
2023-01-25,0.0012739505666399253,0.008786753998168528,0.0050576291945414464,0.017212935104628846,0.005471138964059399,66.86908735885365,0.005925568111461379,0.0,0.00311277903582563,1.0,0.405708265050613,0.0,0.61,0.9242104743862637,314,nested_validation
2023-01-26,0.00311277903582563,0.011500904845893611,0.006736103090571488,0.019599183288227184,0.005467832541191955,68.9355915862378,0.00740804206909574,0.0,-0.0025275947466020243,0.0,0.43248015039958004,0.0,0.61,0.9242104743862637,314,nested_validation
2023-01-27,-0.0025275947466020243,0.005588834654471908,0.003875089626290684,0.016219255680002043,0.005518772686770742,65.35952666389325,0.005759219478204845,0.0,-0.0021090037851332344,0.0,0.5002248172647912,0.0,0.61,0.9242104743862637,314,nested_validation
2023-01-30,-0.0021090037851332344,0.0005869904484037125,0.0013257662161785255,0.01317374798611226,0.005499890205150243,62.45558008638941,0.005558005701542101,0.0,-0.0019097249254850235,0.0,0.5402591948361296,0.0,0.61,0.9242104743862637,314,nested_validation
2023-01-31,-0.0019097249254850235,-0.0021701338453837815,-0.00077575761514459,0.01049768472672774,0.005467969776674354,59.867189341600685,0.0059195436015513575,0.0,0.0009449341051011029,1.0,0.5105459660722023,0.0,0.61,0.9242104743862637,314,nested_validation
2023-02-01,0.0009449341051011029,-0.0024980185882098604,-0.0004541543593384878,0.010718502062487811,0.0045735282893243235,60.73270473222809,0.00658261059401549,0.0,0.013986332519026812,1.0,0.5145669460994758,0.0,0.61,0.9242104743862637,314,nested_validation
2023-02-02,0.013986332519026812,0.008314714906129339,0.01152436472667584,0.023575892920505215,0.005262909592753172,70.78522502870766,0.012612778394176386,0.0,-0.009781939220090186,0.0,0.5333054424844498,0.0,0.61,0.9242104743862637,314,nested_validation
2023-02-03,-0.009781939220090186,0.0009815172747043022,0.0009747045789887387,0.012616540544456711,0.005447684218801813,59.208941322089586,0.011887451106168618,0.0,-0.010477944512183424,0.0,0.42346879754575867,0.0,0.61,0.9242104743862637,314,nested_validation
2023-02-06,-0.010477944512183424,-0.007413342503287956,-0.008838248419958283,0.001624890704918558,0.005466722273872569,49.8892743675748,0.0075952015630525345,0.0,-0.005569247387685716,0.0,0.42620474861987995,0.0,0.61,0.9242104743862637,314,nested_validation
2023-02-07,-0.005569247387685716,-0.011052685816715924,-0.013057154496276424,-0.004232365346579781,0.005408093736492979,45.8055037656939,0.007127718594590439,0.0,-9.653820013244552e-05,0.0,0.4705005943362044,0.0,0.61,0.9242104743862637,314,nested_validation
2023-02-08,-9.653820013244552e-05,-0.012081674729055969,-0.011712483431777998,-0.004613486920045373,0.005406730931178722,45.73600544679374,0.004040997032580496,0.0,-0.0012966698660300535,0.0,0.5508525576777089,0.0,0.61,0.9242104743862637,314,nested_validation
2023-02-09,-0.0012966698660300535,-0.026971774957378236,-0.01111561746878098,-0.00617020802600432,0.005380729385684881,44.75389473536598,0.0073561493180949,0.0,0.002470776201964231,1.0,0.5155168801578149,0.0,0.61,0.9242104743862637,314,nested_validation
2023-02-10,0.002470776201964231,-0.014931762346737987,-0.007278538615294927,-0.0039657534777785,0.005018972436119189,47.082658358310056,0.007678036702411464,0.0,-0.00601157126484031,0.0,0.5164034242490462,0.0,0.61,0.9242104743862637,314,nested_validation
2023-02-13,-0.00601157126484031,-0.010485492150877573,-0.011476491218947005,-0.00985549681987763,0.005127849478142066,42.389229307981516,0.0063476904843032065,0.0,0.004935963763336604,1.0,0.4487218811414672,0.0,0.61,0.9242104743862637,314,nested_validation
2023-02-14,0.004935963763336604,-3.221643042372602e-05,-0.005489803393680659,-0.005130254238627563,0.005267600654901076,47.03018785159995,0.008245005625836542,0.0,0.000493927118309756,1.0,0.5484115041781673,0.0,0.61,0.9242104743862637,314,nested_validation
2023-02-15,0.000493927118309756,0.0005582868714595346,-0.0038424153748646273,-0.005219499565647934,0.005226718136948179,47.4883023568981,0.0073228575356208275,0.0,-0.004094928431470968,0.0,0.5392057812021434,0.0,0.61,0.9242104743862637,314,nested_validation
2023-02-16,-0.004094928431470968,-0.0022451690818569014,-0.004956967134908452,-0.009554284320959838,0.0052898513624626145,44.08268220834671,0.006219383076802317,0.0,-0.0024318489142922672,0.0,0.5585251268209319,0.0,0.61,0.9242104743862637,314,nested_validation
2023-02-17,-0.0024318489142922672,-0.007124730671131618,-0.005160540289542381,-0.012400632565348624,0.005230837655140711,42.15705282057639,0.0063457539522649,0.0,0.0017521907973379047,1.0,0.5361746723184564,0.0,0.61,0.9242104743862637,314,nested_validation
2023-02-20,0.0017521907973379047,0.0006303368182347668,-0.002427205915956354,-0.010756033690285993,0.005197199870982862,44.04889719919616,0.00317580674350182,0.0,-0.00017081787957773376,0.0,0.5611851961402173,0.0,0.61,0.9242104743862637,314,nested_validation
2023-02-21,-0.00017081787957773376,-0.004454564926419935,-0.0021490600772623436,-0.010770642791863794,0.005185535963423024,43.897897655995,0.004753364799992323,0.0,-0.002865454534092482,0.0,0.5461979795833459,0.0,0.61,0.9242104743862637,314,nested_validation
2023-02-22,-0.002865454534092482,-0.007797330912368228,-0.004285497262199733,-0.013340463981012185,0.0051782234612765,41.33834334755926,0.004359327285060029,0.0,-0.004337728174182431,0.0,0.5510174869478455,0.0,0.61,0.9242104743862637,314,nested_validation
2023-02-23,-0.004337728174182431,-0.00803922801646939,-0.0075840768297046335,-0.0171341827952447,0.005130805505379848,37.75941396123432,0.004560744528955755,0.0,-0.0007312747413590337,0.0,0.5158045674281414,0.0,0.61,0.9242104743862637,314,nested_validation
2023-02-24,-0.0007312747413590337,-0.006348212853683588,-0.006969475349985932,-0.017056812245300423,0.005126961692992675,37.17758384479237,0.0072187770766005644,0.0,-0.004084682530496653,0.0,0.5135465209446658,0.0,0.61,0.9242104743862637,314,nested_validation
2023-02-27,-0.004084682530496653,-0.012137887851981555,-0.009884987737364792,-0.020254422281900775,0.005159276005657015,34.02601529086465,0.008064628161843277,0.0,0.0053479946234309406,1.0,0.5216062517383142,0.0,0.61,0.9242104743862637,314,nested_validation
2023-02-28,0.0053479946234309406,-0.006685130647787085,-0.0034754278703124086,-0.014347078426116378,0.00536624043883021,41.04401355482772,0.0059046272217481354,0.0,-0.0031943562553166105,0.0,0.5598980247257036,0.0,0.61,0.9242104743862637,314,nested_validation
2023-03-01,-0.0031943562553166105,-0.007012772460753158,-0.0051787183327463016,-0.01683807645004398,0.005363165793980608,38.40226847246095,0.011854085872810534,0.0,0.008663242754052058,1.0,0.515905759969438,0.0,0.61,0.9242104743862637,314,nested_validation
2023-03-02,0.008663242754052058,0.005953268778985832,0.0036550179128669313,-0.007924462885387729,0.004687026879535575,48.12317522900196,0.008363913303577594,0.0,-0.006487102779762277,0.0,0.5287896938249393,0.0,0.61,0.9242104743862637,314,nested_validation
2023-03-03,-0.006487102779762277,0.00015893750111772853,-0.0022360787515446345,-0.013644293311528277,0.004447416291750788,42.64862700051288,0.0035791805841402656,0.0,0.002497160273063681,1.0,0.46855391042949485,0.0,0.61,0.9242104743862637,314,nested_validation
2023-03-06,0.002497160273063681,0.006768825701185532,0.0008041886205900628,-0.010447993690007817,0.00400120466804662,45.215506564824565,0.006660269170500378,0.0,0.005846596508106927,1.0,0.5670526688219253,0.0,0.61,0.9242104743862637,314,nested_validation
2023-03-07,0.005846596508106927,0.007268132246393888,0.006601363689201278,-0.00408758598056147,0.004087832410125274,50.78347954989057,0.011669280238054342,0.0,-0.012871932027811672,0.0,0.43989824676869155,0.0,0.61,0.9242104743862637,314,nested_validation
2023-03-08,-0.012871932027811672,-0.002511019521260871,-0.005407054958283419,-0.015875612137386974,0.004933942841064628,40.87596834222597,0.004420147311880198,0.0,-0.00011603719969588422,0.0,0.5289237319342484,0.0,0.61,0.9242104743862637,314,nested_validation
2023-03-09,-0.00011603719969588422,-0.011193040079966354,-0.004994589107995662,-0.014848794725551118,0.004935051294397136,40.79968834832024,0.0045474459079032315,0.0,0.0033341684009291495,1.0,0.5353317212396352,0.0,0.61,0.9242104743862637,314,nested_validation
2023-03-10,0.0033341684009291495,-0.0014182889661145115,-0.0015513637975598238,-0.010610232532122121,0.0049668805482604205,44.03125235756901,0.011608848610482449,0.0,0.009348143711590318,1.0,0.5281719514912973,0.0,0.61,0.9242104743862637,314,nested_validation
2023-03-13,0.009348143711590318,0.0054059366131831155,0.0065585115935549165,-0.0007765550706781976,0.005268600775093246,51.97341240362119,0.007943681006622115,0.0,0.003871752264984485,1.0,0.45732733912814505,0.0,0.61,0.9242104743862637,314,nested_validation
2023-03-14,0.003871752264984485,0.003431957546380593,0.009373388949300399,0.003485388603250872,0.005224087744652161,54.85736303972857,0.006292576986616672,0.0,0.00024675464840751005,1.0,0.4084936420071738,0.0,0.61,0.9242104743862637,314,nested_validation
2023-03-15,0.00024675464840751005,0.01676731886276772,0.008195875178713896,0.004150438773072196,0.005223169607911373,55.043366308072756,0.022349455956882373,0.0,-0.013451478167989639,0.0,0.4342648606365223,0.0,0.61,0.9242104743862637,314,nested_validation
2023-03-16,-0.013451478167989639,0.003206704767897195,-0.004565150650554295,-0.00802753722290206,0.0059370834491995995,44.32002457544854,0.007509156663337447,0.0,0.002908325458965022,1.0,0.5281605515831967,0.0,0.61,0.9242104743862637,314,nested_validation
2023-03-17,0.002908325458965022,0.0027809159250458126,-0.0018053149165321303,-0.0042372625460130875,0.005963848164514302,46.70502021487787,0.005419158445159422,0.0,0.006097634252235196,1.0,0.5719707031795884,0.0,0.61,0.9242104743862637,314,nested_validation
2023-03-20,0.006097634252235196,-0.0004484444033826529,0.0037842627250666006,0.002185562665402152,0.006109294559254789,51.4173338206162,0.009188136778970209,0.0,0.003773132904811183,1.0,0.49918911138948147,0.0,0.61,0.9242104743862637,314,nested_validation
2023-03-21,0.003773132904811183,-0.0005466393517421508,0.007279873080943355,0.006003500931187178,0.006164243736773152,54.13617416745264,0.00768104709663917,0.0,0.005139307461304199,1.0,0.4415141491966787,0.0,0.61,0.9242104743862637,314,nested_validation
2023-03-22,0.005139307461304199,0.004342032696704079,0.010334773480949133,0.011032888653202955,0.006212560515075361,57.62763974778788,0.003893966476305545,0.0,0.008924567538366901,1.0,0.44530644973907224,0.0,0.61,0.9242104743862637,314,nested_validation
2023-03-23,0.008924567538366901,0.027121655524280586,0.01629367311870822,0.01956295678839748,0.006357305844121931,62.931969531227445,0.005554382148598064,0.0,-0.00325055660065543,0.0,0.513479368926825,0.0,0.61,0.9242104743862637,314,nested_validation
2023-03-24,-0.00325055660065543,0.020814078872784414,0.010624634418628709,0.015954159807493484,0.0064200255904353475,59.96144016897747,0.011083049431159614,0.0,-0.005248921648501104,0.0,0.45038374852831253,0.0,0.61,0.9242104743862637,314,nested_validation
2023-03-27,-0.005248921648501104,0.009301554028416703,0.004434236347940157,0.010304237286478335,0.006472085629357117,55.426582411534966,0.004447321580945953,0.0,0.002680116800534371,1.0,0.4028287318742853,0.0,0.61,0.9242104743862637,314,nested_validation
2023-03-28,0.002680116800534371,0.00820251798485172,0.006356635527945853,0.012769408134160498,0.006409709212331263,57.19728516604743,0.004160549698206268,0.0,0.003002549519729447,1.0,0.4453915494165265,0.0,0.61,0.9242104743862637,314,nested_validation
2023-03-29,0.003002549519729447,0.006059248170380949,0.008327920028032398,0.0154810250148818,0.006352102098978458,59.15992152693759,0.004673562708453644,0.0,0.00037952901230453584,1.0,0.4721220958512038,0.0,0.61,0.9242104743862637,314,nested_validation
2023-03-30,0.00037952901230453584,-0.0024615226698931902,0.006274204792481752,0.015384854092822087,0.006120775646153606,59.41401071356789,0.00894385629321812,0.0,0.005626793311566125,1.0,0.4639271877822359,0.0,0.61,0.9242104743862637,314,nested_validation
2023-03-31,0.005626793311566125,0.006422854615498519,0.00921551455358216,0.020337394943674703,0.005963979698243219,63.08257764516334,0.005984925033476422,0.0,-0.009290861759459035,0.0,0.4560553861716689,0.0,0.61,0.9242104743862637,314,nested_validation
2023-04-03,-0.009290861759459035,0.0023334889508777046,-0.0013115142581058281,0.010482876870849367,0.006396848678138063,54.30496513779246,0.01169744093651914,0.0,0.010082984873371226,1.0,0.42982670634668824,0.0,0.61,0.9242104743862637,314,nested_validation
2023-04-04,0.010082984873371226,0.009733797842377934,0.0069605886461066024,0.019941289825272657,0.006624950950453982,60.64549305773978,0.008043153760506825,0.0,0.004384046445045531,1.0,0.5045348442819678,0.0,0.61,0.9242104743862637,314,nested_validation
2023-04-05,0.004384046445045531,0.011124566128834168,0.009643453546571479,0.02343036983994229,0.00583046234183315,63.06916221201441,0.005828364424070979,0.0,-0.005179136878680768,0.0,0.4590785427431468,0.0,0.61,0.9242104743862637,314,nested_validation
2023-04-06,-0.005179136878680768,0.005506194826467636,0.004109594650510751,0.017187851186633907,0.006020289074210832,58.46803648047457,0.004092108074161955,0.0,0.0015397338358560386,1.0,0.46631433807445527,0.0,0.61,0.9242104743862637,314,nested_validation
2023-04-07,0.0015397338358560386,0.0014196254860490143,0.004868392948760736,0.01773470430832158,0.006008162484597629,59.41116623066887,0.004060599953997989,0.0,-0.0006001876104815285,0.0,0.5075202234245618,0.0,0.61,0.9242104743862637,314,nested_validation
2023-04-10,-0.0006001876104815285,0.01020425390579538,0.0030156629691042713,0.01599134379291689,0.005750676146393521,58.84931077646796,0.00785693368116622,0.0,-0.004054300117389831,0.0,0.4946828817643292,0.0,0.61,0.9242104743862637,314,nested_validation
2023-04-11,-0.004054300117389831,-0.003934728385976971,-0.0016221108306551102,0.011062353983351647,0.005817474392579932,55.0633837850853,0.005397103309616291,0.0,0.0044325122994950394,1.0,0.46376873434989446,0.0,0.61,0.9242104743862637,314,nested_validation
2023-04-12,0.0044325122994950394,-0.0038866639482282306,0.002085388078720385,0.014473794063637246,0.00587295380353822,58.21548813571467,0.007631354789862582,0.0,0.0075459674748579175,1.0,0.5436315723781154,0.0,0.61,0.9242104743862637,314,nested_validation
2023-04-13,0.0075459674748579175,0.008854972882185397,0.008201102804787697,0.02108229504426129,0.00503095349755707,62.99546306504167,0.007941043267225547,0.0,0.004974544770415257,1.0,0.48886888635323555,0.0,0.61,0.9242104743862637,314,nested_validation
2023-04-14,0.004974544770415257,0.012314871651222248,0.01182571872735072,0.024719431041497764,0.0050707393042229805,65.79441401653628,0.008810044429807607,0.0,-0.006152516278222664,0.0,0.46105459624622824,0.0,0.61,0.9242104743862637,314,nested_validation
2023-04-17,-0.006152516278222664,0.006690791265204554,0.003916496796036784,0.01728201024617282,0.005280117875246761,59.74540798248539,0.008039408760094291,0.0,-0.0055719125780892,0.0,0.40198443054589605,0.0,0.61,0.9242104743862637,314,nested_validation
2023-04-18,-0.0055719125780892,0.005156805537794407,-0.0017968559073303636,0.010874204839173895,0.0054628978393726334,54.85683927342976,0.005556323584625777,0.0,0.004576713719873782,1.0,0.43000018674628954,0.0,0.61,0.9242104743862637,314,nested_validation
2023-04-19,0.004576713719873782,0.005301110941379861,0.0026316906855266,0.014172482325792268,0.00544275885427381,57.88788029440646,0.006218869537770813,0.0,-0.0021137596072823284,0.0,0.5282630992838551,0.0,0.61,0.9242104743862637,314,nested_validation
2023-04-20,-0.0021137596072823284,-0.004337093845845907,6.616050865959622e-05,0.010775157408058789,0.005157296838945077,56.00888197515294,0.004991751164126963,0.0,0.0017114824208965818,1.0,0.5070278501265935,0.0,0.61,0.9242104743862637,314,nested_validation
2023-04-21,0.0017114824208965818,-0.007569922138652152,0.0013133050094253917,0.011303485241130229,0.005095262392176206,57.21722505825072,0.004811975467780641,0.0,0.0019455441063702672,1.0,0.513585960943752,0.0,0.61,0.9242104743862637,314,nested_validation
2023-04-24,0.0019455441063702672,0.0005165889504650245,0.002541322710083005,0.012311039056942752,0.00491795025288611,58.61135247898111,0.005956629800761003,0.0,0.006115940312673818,1.0,0.5102932327843421,0.0,0.61,0.9242104743862637,314,nested_validation
2023-04-25,0.006115940312673818,0.012276002078806858,0.0069263529123138046,0.017457543491891547,0.005032454881692856,62.73076219842204,0.008935927068210106,0.0,-0.007333535186277218,0.0,0.46311955451447345,0.0,0.61,0.9242104743862637,314,nested_validation
2023-04-26,-0.007333535186277218,0.000274470506531177,-0.0010117726064713395,0.00921997699391941,0.005338896705372212,55.547801588988214,0.011373121541216898,0.0,0.006274821933590191,1.0,0.3955798725009129,0.0,0.61,0.9242104743862637,314,nested_validation
2023-04-27,0.006274821933590191,0.008683128346922642,0.004823376263195955,0.014110996112159269,0.005476735156158001,59.762179078346186,0.006464243737976525,0.0,-0.0013789595313844494,0.0,0.4665441808904207,0.0,0.61,0.9242104743862637,314,nested_validation
2023-04-28,-0.0013789595313844494,0.0055711777392808415,0.0036437254471708425,0.011419194619714412,0.005389483052481597,58.44264248514556,0.007080343704200607,0.0,-0.0019159632229287515,0.0,0.4722901113964491,0.0,0.61,0.9242104743862637,314,nested_validation
2023-05-01,-0.0019159632229287515,0.0016956971846611157,0.0014992418567090215,0.008458004754187343,0.004933452344758333,56.576053466829926,0.006232148506239619,0.0,-0.0037843921728093477,0.0,0.5015103180757876,0.0,0.61,0.9242104743862637,314,nested_validation
2023-05-02,-0.0037843921728093477,-0.0081611394422626,-0.0026886977042647198,0.0038751324261443454,0.004563774495323469,52.98336810355306,0.005621481412009164,0.0,0.003798768201457303,1.0,0.4575655685509769,0.0,0.61,0.9242104743862637,314,nested_validation
2023-05-03,0.003798768201457303,0.002961882739760613,0.0007765789324105654,0.006961601464939626,0.004539115697825095,55.99286768767498,0.004741776809747114,0.0,0.005268809311455902,1.0,0.5259407731025623,0.0,0.61,0.9242104743862637,314,nested_validation
2023-05-04,0.005268809311455902,0.0019591821935847076,0.004983122164805565,0.011654831913106456,0.004486103849952833,59.84647517410317,0.009445802865780995,0.0,-0.0041556061589040905,0.0,0.4512949139379789,0.0,0.61,0.9242104743862637,314,nested_validation
2023-05-05,-0.0041556061589040905,-0.0008267460729021181,0.00033452299122349594,0.006874505604819614,0.004606957131070496,55.68300137742625,0.006926794007203866,0.0,-0.0003856510137344449,0.0,0.4472781474390471,0.0,0.61,0.9242104743862637,314,nested_validation
2023-05-08,-0.0003856510137344449,0.0007052361783344008,-0.00029081234591432636,0.005749747059238253,0.004604680603005948,55.300106558672645,0.003711943652024594,0.0,-0.0020453015080595938,0.0,0.5149859315636747,0.0,0.61,0.9242104743862637,314,nested_validation
2023-05-09,-0.0020453015080595938,0.0024521643741288734,-0.0017616776944493484,0.003115641496578725,0.004525689202366828,53.21110317944242,0.005189809318521851,0.0,-0.0028618103774721293,0.0,0.5049494294475904,0.0,0.61,0.9242104743862637,314,nested_validation
2023-05-10,-0.0028618103774721293,-0.004199478987015004,-0.004494424537218378,-0.0001355932645586977,0.004495177794786911,50.350884088443294,0.005645134022329157,0.0,0.0017684600274869844,1.0,0.5041749263929627,0.0,0.61,0.9242104743862637,314,nested_validation
2023-05-11,0.0017684600274869844,-0.007666859660141689,-0.0021611631457308933,0.001205261864248186,0.0041908042785971725,52.060828488599284,0.00886369898999369,0.0,-0.006547357479011251,0.0,0.43717666415863277,0.0,0.61,0.9242104743862637,314,nested_validation
2023-05-12,-0.006547357479011251,-0.01005017789045215,-0.007613413061459018,-0.005372639697054926,0.0042502008913462746,45.76533271161866,0.007288690092858998,0.0,-0.005447918677450203,0.0,0.46156238776371805,0.0,0.61,0.9242104743862637,314,nested_validation
2023-05-15,-0.005447918677450203,-0.015063502257242734,-0.011597686266850094,-0.01093962095113199,0.0042070571969063785,41.317491972195526,0.004006743482080133,0.0,0.001935433839248546,1.0,0.47860379897042493,0.0,0.61,0.9242104743862637,314,nested_validation
2023-05-16,0.001935433839248546,-0.011134695130683547,-0.008822248523168819,-0.008909252147821678,0.004080063622635291,43.41020953049664,0.004311122639401626,0.0,-0.0007388021428880176,0.0,0.521547924649677,0.0,0.61,0.9242104743862637,314,nested_validation
2023-05-17,-0.0007388021428880176,-0.009029300705937993,-0.008241497192973624,-0.009357237632261595,0.003928700177085355,42.78181072769856,0.005875948994068208,0.0,-0.0025144866312231118,0.0,0.4976886881016351,0.0,0.61,0.9242104743862637,314,nested_validation
2023-05-18,-0.0025144866312231118,-0.013266082771630772,-0.008648861194513469,-0.011652972731867273,0.0039379183903017305,40.627782090048925,0.007759134980461652,0.0,-0.005808049922436109,0.0,0.5097944573949014,0.0,0.61,0.9242104743862637,314,nested_validation
2023-05-19,-0.005808049922436109,-0.012531775155834701,-0.012170140957137976,-0.016960863508043267,0.004064376555503165,36.11585104114092,0.00583711267258159,0.0,0.00439415257651854,1.0,0.47483836111490935,0.0,0.61,0.9242104743862637,314,nested_validation
2023-05-22,0.00439415257651854,-0.0027598056305964125,-0.006044131454576718,-0.012368440968810401,0.004183107529047497,41.38842242708569,0.00315494036256205,0.0,-0.0010810927507085566,0.0,0.5525398046410924,0.0,0.61,0.9242104743862637,314,nested_validation
2023-05-23,-0.0010810927507085566,-0.005762196265053143,-0.005428012596560894,-0.013261223402718847,0.0038735401029640192,40.49891530886433,0.005322439326573633,0.0,-0.00382326003791833,0.0,0.503978835983312,0.0,0.61,0.9242104743862637,314,nested_validation
2023-05-24,-0.00382326003791833,-0.008831148256628785,-0.007450333426802458,-0.01659159234479024,0.0036621399719115634,37.43788480475189,0.004613534058961776,0.0,-0.0011510590374074203,0.0,0.48747290755926903,0.0,0.61,0.9242104743862637,314,nested_validation
2023-05-25,-0.0011510590374074203,-0.007476354683704001,-0.006516708899395929,-0.01699776535653985,0.0032655380400898677,36.54571890957969,0.00411141979789204,0.0,-0.0030564423990099288,0.0,0.5157403898236569,0.0,0.61,0.9242104743862637,314,nested_validation
2023-05-26,-0.0030564423990099288,-0.004729364497937927,-0.007833238244760787,-0.01901567063187426,0.0032873500303990427,34.21668727338279,0.005174344278303677,0.0,-0.00012871945594561396,0.0,0.5310813572705096,0.0,0.61,0.9242104743862637,314,nested_validation
2023-05-29,-0.00012871945594561396,-0.009211152559425173,-0.006769697720207635,-0.01835313785818493,0.0032965945897653016,34.118374387811315,0.003679982692897747,0.0,-0.001434884194828956,0.0,0.5063962740760967,0.0,0.61,0.9242104743862637,314,nested_validation
2023-05-30,-0.001434884194828956,-0.009562064544983206,-0.006667236049917702,-0.019110035621180188,0.0032481248153019334,32.980913183346644,0.006758778763970547,0.0,0.002372124382281404,1.0,0.524689046917024,0.0,0.61,0.9242104743862637,314,nested_validation
2023-05-31,0.002372124382281404,-0.003402370679087219,-0.0030846237234619656,-0.016055208394031517,0.00315178366786314,36.730833626762326,0.008120906962153044,0.0,-0.0035294963065130025,0.0,0.5631973327478174,0.0,0.61,0.9242104743862637,314,nested_validation
2023-06-01,-0.0035294963065130025,-0.005775447174112491,-0.0052805505785065154,-0.01875743870750035,0.002802829943232042,33.70204644243634,0.008399231679178687,0.0,0.0061336817148629486,1.0,0.5258204157869328,0.0,0.61,0.9242104743862637,314,nested_validation
2023-06-02,0.0061336817148629486,0.0033896123399053124,0.0009567456936325769,-0.012103937090853334,0.003220302102385125,42.538404226516825,0.005690497510580435,0.0,-0.005777239184238336,0.0,0.5423131663293935,0.0,0.61,0.9242104743862637,314,nested_validation
2023-06-05,-0.005777239184238336,-0.0022787833133651736,-0.0036756630739320784,-0.016927835437529293,0.0033635405840575093,37.44501710692654,0.004482735989904011,0.0,0.0012318024997737265,1.0,0.47482996032589514,0.0,0.61,0.9242104743862637,314,nested_validation
2023-06-06,0.0012318024997737265,0.00038564973296217886,-0.0015255509702931658,-0.014667522272132305,0.0034108716960562454,39.10944334608115,0.006135298409429729,0.0,-0.0012837051905093544,0.0,0.5144023731397163,0.0,0.61,0.9242104743862637,314,nested_validation
2023-06-07,-0.0012837051905093544,-0.0032629348131643088,-0.0021407304702751873,-0.015085769442440111,0.003392105979611636,37.9740836275395,0.006672815422657887,0.0,0.0008779639082063806,1.0,0.5045208703282966,0.0,0.61,0.9242104743862637,314,nested_validation
2023-06-08,0.0008779639082063806,0.0011457044220803958,-0.0007998116237101227,-0.013191891998510008,0.0033582051373578486,39.270924535946286,0.007533579186582102,0.0,0.007030353420354185,1.0,0.5125687800090671,0.0,0.61,0.9242104743862637,314,nested_validation
2023-06-09,0.007030353420354185,0.0020379308155944464,0.00567795840458496,-0.005492536366452194,0.003587114026273903,48.554716192531714,0.0036881443957175516,0.0,-0.002945761613426079,0.0,0.44184887379372934,0.0,0.61,0.9242104743862637,314,nested_validation
2023-06-12,-0.002945761613426079,0.0048916654493493805,0.0024546291540317178,-0.007629006007946804,0.0034567676445945664,45.40086954740571,0.005149495140795299,0.0,0.0011193590458071778,1.0,0.5447829636263645,0.0,0.61,0.9242104743862637,314,nested_validation
2023-06-13,0.0011193590458071778,0.004778810974048753,0.003059344393189667,-0.005887312309388326,0.0034329278186309687,46.81051602712797,0.005756232189334196,0.0,0.0024492036405445727,1.0,0.5115143594034296,0.0,0.61,0.9242104743862637,314,nested_validation
2023-06-14,0.0024492036405445727,0.008534379713874385,0.004988922401244711,-0.0027722726953668397,0.003491909779612404,49.86403013996787,0.007656371916530343,0.0,0.004976929014374631,1.0,0.3996062922186016,0.0,0.61,0.9242104743862637,314,nested_validation
2023-06-15,0.004976929014374631,0.012664700671962237,0.00860157130507555,0.0028887801079888753,0.0036379803027598336,55.47183120322087,0.01238174908504545,0.0,0.009490087025812999,1.0,0.41584905228298547,0.0,0.61,0.9242104743862637,314,nested_validation
2023-06-16,0.009490087025812999,0.015138196517290536,0.016422670300026754,0.012646614467672457,0.0039272064579780885,63.822656143220605,0.004647289239192619,0.0,-0.0003501367384702858,0.0,0.5616213073921673,0.0,0.61,0.9242104743862637,314,nested_validation
2023-06-19,-0.0003501367384702858,0.017780899243936554,0.013774577380120778,0.012531105377314278,0.003844957446187964,63.34614946200371,0.0035004148639838795,0.0,-0.0016277528317081291,0.0,0.47752339712211855,0.0,0.61,0.9242104743862637,314,nested_validation
2023-06-20,-0.0016277528317081291,0.014988067428471252,0.010135603087144673,0.011106993244421659,0.003858417429314557,61.06441200767834,0.004639036941518038,0.0,-0.00036032414332187734,0.0,0.47403935652770285,0.0,0.61,0.9242104743862637,314,nested_validation
2023-06-21,-0.00036032414332187734,0.012143397428857172,0.007700070342448351,0.010880837241296515,0.0037349648088741316,60.54536293008926,0.005003128046652692,0.0,0.00661763895191525,1.0,0.43970500826547865,0.0,0.61,0.9242104743862637,314,nested_validation
2023-06-22,0.00661763895191525,0.013795807232937163,0.011706160343443184,0.017543562937785806,0.003921388056000988,66.22201030704362,0.005462901018957107,0.0,-0.0030685508135464,0.0,0.492369319472323,0.0,0.61,0.9242104743862637,314,nested_validation
2023-06-23,-0.0030685508135464,0.0011836037554264767,0.006968857020279717,0.014274844028356659,0.003922029094444668,61.75568570965757,0.010389541166943074,0.0,-0.004766237771259729,0.0,0.445674217964368,0.0,0.61,0.9242104743862637,314,nested_validation
2023-06-26,-0.004766237771259729,-0.003239272802702531,0.0007375277062366958,0.009272509303119403,0.004119330740815127,55.512179271434896,0.00308563205507292,0.0,0.0003492116615053664,1.0,0.5542703631763556,0.0,0.61,0.9242104743862637,314,nested_validation
2023-06-27,0.0003492116615053664,-0.0012654994215935966,-0.00026594766529630665,0.009510434323269923,0.004087915086287635,55.86259310913413,0.006679906218867367,0.0,0.004284243629030016,1.0,0.5164410967339683,0.0,0.61,0.9242104743862637,314,nested_validation
2023-06-28,0.004284243629030016,0.003374862687430591,0.002475108494582434,0.01354922063510755,0.004142128456418007,60.024182336450274,0.005736116241105316,0.0,-0.00377693292288539,0.0,0.525714158437076,0.0,0.61,0.9242104743862637,314,nested_validation
2023-06-29,-0.00377693292288539,-0.006986223512521206,-0.0019758262160558537,0.009479913035686405,0.004156111864707652,55.07311866670238,0.007174613942822392,0.0,-0.004379772168849216,0.0,0.5078132331045913,0.0,0.61,0.9242104743862637,314,nested_validation
2023-06-30,-0.004379772168849216,-0.008292292120250289,-0.0056385581575636445,0.004771707247462675,0.004142226327764455,49.94757229381052,0.008950544294006072,0.0,0.0036322098498982047,1.0,0.48337552175673454,0.0,0.61,0.9242104743862637,314,nested_validation
2023-07-03,0.0036322098498982047,7.640029777533641e-05,-0.0017106979035372838,0.008157913262027083,0.00393100405218614,53.773114014734496,0.005458652016999571,0.0,0.0005129030135702095,1.0,0.5106819711749488,0.0,0.61,0.9242104743862637,314,nested_validation
2023-07-04,0.0005129030135702095,0.00024004700856838923,-0.001096226874716777,0.008357951662580243,0.003931778160775376,54.3061410359852,0.002516993969460721,0.0,-0.002579694886849393,0.0,0.528688694854536,0.0,0.61,0.9242104743862637,314,nested_validation
2023-07-05,-0.002579694886849393,-0.006596250809844051,-0.003349954764133467,0.005399860318723304,0.003978281830026295,51.112250276102834,0.003777480011674573,0.0,-0.0026056420166346017,0.0,0.5045042208001372,0.0,0.61,0.9242104743862637,314,nested_validation
2023-07-06,-0.0026056420166346017,-0.005428274664626032,-0.004707016595959401,0.002473755377687903,0.004049922001526677,48.04646423552851,0.006190401994561863,0.0,0.0031365420823148416,1.0,0.4843577571262366,0.0,0.61,0.9242104743862637,314,nested_validation
2023-07-07,0.0031365420823148416,0.002080124044013587,-0.0009599861844924451,0.005103892616150185,0.003828466782565896,51.78568256697844,0.00881965837862073,0.0,0.007261928113446503,1.0,0.499048396683663,0.0,0.61,0.9242104743862637,314,nested_validation
2023-07-10,0.007261928113446503,0.005704229061851862,0.005713264114593608,0.01163521769429643,0.004010448573486486,59.14096539667382,0.004397923032760777,0.0,0.0033018654170349215,1.0,0.5223180742061171,0.0,0.61,0.9242104743862637,314,nested_validation
2023-07-11,0.0033018654170349215,0.008507662456274545,0.008151637752365382,0.014045719236067233,0.00404135701938701,62.00013508855629,0.004267337344184185,0.0,0.0007378319201123418,1.0,0.4761078670465567,0.0,0.61,0.9242104743862637,314,nested_validation
2023-07-12,0.0007378319201123418,0.011862067001753962,0.008370455278600142,0.013918907860370311,0.004030514141075871,62.631487746805035,0.01026813057789108,0.0,0.011846719009202866,1.0,0.41417535211962464,0.0,0.61,0.9242104743862637,314,nested_validation
2023-07-13,0.011846719009202866,0.026524066825201142,0.01818438374335618,0.024517831249958544,0.0046034570136239805,70.97587940000957,0.005881766513112702,0.0,0.007081930556925409,1.0,0.4787559361130635,0.0,0.61,0.9242104743862637,314,nested_validation
2023-07-14,0.007081930556925409,0.030561439657573075,0.022076042835633025,0.030312605439583695,0.004417569397730067,74.66158990561846,0.003446759927770034,0.0,0.00038184037288013783,1.0,0.4892312054918951,0.0,0.61,0.9242104743862637,314,nested_validation
2023-07-17,0.00038184037288013783,0.023522204947125536,0.01949306692900543,0.02903984899543799,0.004407077887586519,74.84836033694114,0.004064861967756109,0.0,0.0008764642952545643,1.0,0.4520352550898334,0.0,0.61,0.9242104743862637,314,nested_validation
2023-07-18,0.0008764642952545643,0.021047922789767082,0.017388908310064677,0.02828998569406771,0.0043574408775130516,75.29860961648536,0.004953653840829606,0.0,-0.0007747078827241571,0.0,0.4809741052180231,0.0,0.61,0.9242104743862637,314,nested_validation
2023-07-19,-0.0007747078827241571,0.019504685815443956,0.01344498861984289,0.02583238650017039,0.004366851903839597,74.03591571518706,0.005649465002086967,0.0,-0.0021066989289000304,0.0,0.5045168379468724,0.0,0.61,0.9242104743862637,314,nested_validation
2023-07-20,-0.0021066989289000304,0.005445664123930438,0.008137673410088198,0.022121840772722168,0.004258616419013869,70.57284505668375,0.008613528699846973,0.0,-0.0060807699705690554,0.0,0.4329505138726625,0.0,0.61,0.9242104743862637,314,nested_validation
2023-07-21,-0.0060807699705690554,-0.007695650174313617,-0.00020953652297572845,0.014813058840924986,0.004447750198044641,61.63071472313305,0.003358103714486793,0.0,-0.0010570004201242433,0.0,0.5291688571459968,0.0,0.61,0.9242104743862637,314,nested_validation
2023-07-24,-0.0010570004201242433,-0.009122873180553603,-0.0026594643332564782,0.012588992815727895,0.004285461222929917,60.21122199249414,0.0068525384137325075,0.0,-0.005586867539592366,0.0,0.5038438228283371,0.0,0.61,0.9242104743862637,314,nested_validation
2023-07-25,-0.005586867539592366,-0.015521632574604594,-0.008740001801269437,0.0060155955763379065,0.004519569755691211,53.23881180560631,0.006043234925854968,0.0,-0.001149188725558692,0.0,0.45249743994311936,0.0,0.61,0.9242104743862637,314,nested_validation
2023-07-26,-0.001149188725558692,-0.01589058669505583,-0.010201894235715159,0.004064826646071218,0.004459173745427251,51.91456414049262,0.004352199805928825,0.0,0.002525837950030141,1.0,0.49565436704646326,0.0,0.61,0.9242104743862637,314,nested_validation
2023-07-27,0.002525837950030141,-0.011322038990462358,-0.007113291530890242,0.005884013130425858,0.004372337083343365,54.585333752194565,0.015082949280490528,0.0,-0.008991619579415633,0.0,0.49027539473753573,0.0,0.61,0.9242104743862637,314,nested_validation
2023-07-28,-0.008991619579415633,-0.01421753871431286,-0.01387816623325977,-0.00325948409957022,0.004742660493708201,44.982869059313515,0.009087317995215654,0.0,0.004145109563362004,1.0,0.4946321938853715,0.0,0.61,0.9242104743862637,314,nested_validation
2023-07-31,0.004145109563362004,-0.009083963740008305,-0.007977385399055015,0.0006233565693818388,0.004760781655995363,49.36530008784728,0.0035617031165062463,0.0,-0.0024194883487711483,0.0,0.4816807360807681,0.0,0.61,0.9242104743862637,314,nested_validation
2023-08-01,-0.0024194883487711483,-0.005927723410262042,-0.008235662638302998,-0.002018921350483982,0.004804431528256724,47.00208652613444,0.004350791419560128,0.0,0.000935672717465641,1.0,0.4965831501793938,0.0,0.61,0.9242104743862637,314,nested_validation
2023-08-02,0.000935672717465641,-0.0038528360120158034,-0.0053252447321421315,-0.0013494931240092267,0.004756370822277384,48.035609413126345,0.007927156793096878,0.0,-0.0057894235267614835,0.0,0.5086748532846934,0.0,0.61,0.9242104743862637,314,nested_validation
2023-08-03,-0.0057894235267614835,-0.012115190780708995,-0.008745320659922062,-0.006985511339477668,0.004910860596412653,42.506908991438536,0.0036921253684393716,0.0,0.0006790391062911905,1.0,0.45225168677906247,0.0,0.61,0.9242104743862637,314,nested_validation
2023-08-04,0.0006790391062911905,-0.002475013160112116,-0.00640269913206315,-0.006289213706065833,0.004871786590190161,43.32606318997284,0.009559202747752385,0.0,0.0046651443464760245,1.0,0.5406076526917389,0.0,0.61,0.9242104743862637,314,nested_validation
2023-08-07,0.0046651443464760245,-0.0019584068596466553,-0.000655376145401898,-0.0019432112405418644,0.00471639603441092,48.733973124091904,0.0041706610130413605,0.0,4.398837146823986e-05,1.0,0.5366974360158565,0.0,0.61,0.9242104743862637,314,nested_validation
2023-08-08,4.398837146823986e-05,0.000506208478981085,-6.637611039816971e-05,-0.0021789265261736857,0.004661042532356945,48.78383079383277,0.007164155431165467,0.0,-0.004021942081346985,0.0,0.48978200596283905,0.0,0.61,0.9242104743862637,314,nested_validation
2023-08-09,-0.004021942081346985,-0.004449279191862776,-0.0032587590568050606,-0.006197154534678617,0.004738079650277022,44.520365321925404,0.0035062566660808724,0.0,0.0017124995716846225,1.0,0.523681827819458,0.0,0.61,0.9242104743862637,314,nested_validation
2023-08-10,0.0017124995716846225,0.0030627561101537193,-0.0006365547835394114,-0.0046813014466858816,0.0038831715577453893,46.649741970661914,0.008231312477344887,0.0,0.00036237321552645696,1.0,0.5164633210563018,0.0,0.61,0.9242104743862637,314,nested_validation
2023-08-11,0.00036237321552645696,0.0027453358897397973,-0.0003007429434824793,-0.004662410573052722,0.0034588145235313395,47.11310392102305,0.004784915450644941,0.0,-0.003392720966774565,0.0,0.5216424360861117,0.0,0.61,0.9242104743862637,314,nested_validation
2023-08-14,-0.003392720966774565,-0.005297131698150492,-0.0029674920123171633,-0.008149848371233226,0.0034766975693243623,43.31830006015958,0.0075708915357352025,0.0,-0.003152985991122126,0.0,0.49521971699412615,0.0,0.61,0.9242104743862637,314,nested_validation
2023-08-15,-0.003152985991122126,-0.008477031387897793,-0.005316359455140973,-0.01126753509081646,0.003463128877679895,40.096924800324295,0.004474711955168963,0.0,-0.0005233900728965901,0.0,0.4981131055039475,0.0,0.61,0.9242104743862637,314,nested_validation
2023-08-16,-0.0005233900728965901,-0.0049941286816758135,-0.0048960687293598815,-0.011842423785207279,0.0034660933662638968,39.572503794938676,0.0033877463025373043,0.0,-0.0026861019315007617,0.0,0.4819735340683033,0.0,0.61,0.9242104743862637,314,nested_validation
2023-08-17,-0.0026861019315007617,-0.009363280831749199,-0.0069412766007475035,-0.014551190230573496,0.00347378931897277,36.90612533956056,0.005048937167977834,0.0,-2.170454328709326e-05,0.0,0.4749852392241675,0.0,0.61,0.9242104743862637,314,nested_validation
2023-08-18,-2.170454328709326e-05,-0.00974362453627442,-0.00626468389968271,-0.014524986565328968,0.0033209813826335513,36.88455695836696,0.004520781783924374,0.0,8.703930010756089e-05,1.0,0.4898759126222157,0.0,0.61,0.9242104743862637,314,nested_validation
2023-08-21,8.703930010756089e-05,-0.006286039124387632,-0.005022758616665679,-0.01415890136907505,0.0033325456521354248,37.04344822486688,0.003948982309760597,0.0,0.0020924881975554754,1.0,0.4865853544751477,0.0,0.61,0.9242104743862637,314,nested_validation
2023-08-22,0.0020924881975554754,-0.0010570512662215759,-0.001983838496003476,-0.011774770662429157,0.0032378466033089735,40.89602407420093,0.008991708779068495,0.0,-0.004740106320141768,0.0,0.5244815857741058,0.0,0.61,0.9242104743862637,314,nested_validation
2023-08-23,-0.004740106320141768,-0.005271516037242074,-0.005692812744001019,-0.015961246618413916,0.0033528048634914303,35.57417389259952,0.006225391848323939,0.0,0.0017603294476837839,1.0,0.4974592530814204,0.0,0.61,0.9242104743862637,314,nested_validation
2023-08-24,0.0017603294476837839,-0.0008366114867019991,-0.0029198581894117615,-0.013397317826083555,0.0033173797175287604,38.7469285148995,0.005651417100078751,0.0,-0.006133924717840578,0.0,0.5147540617120075,0.0,0.61,0.9242104743862637,314,nested_validation
2023-08-25,-0.006133924717840578,-0.0069438506624852625,-0.007373422626683279,-0.018188120383463513,0.003016375080524422,32.694329242601555,0.006765226782906493,0.0,-0.00016204929212715324,0.0,0.4859676741891139,0.0,0.61,0.9242104743862637,314,nested_validation
2023-08-28,-0.00016204929212715324,-0.007191188092656953,-0.006191411059557894,-0.017065233982919148,0.002800216011020274,32.55055394663104,0.002034776909841623,0.0,0.0026089969157068182,1.0,0.5394342170190195,0.0,0.61,0.9242104743862637,314,nested_validation
2023-08-29,0.0026089969157068182,-0.006679464461508022,-0.0028245965222118974,-0.01326702041548522,0.0028889830671964558,37.328310010976544,0.006759067010896764,0.0,0.004032535580629215,1.0,0.5236322691406294,0.0,0.61,0.9242104743862637,314,nested_validation
2023-08-30,0.004032535580629215,0.0020760831158610493,0.0015190919899132904,-0.008204142293730121,0.003055206034664115,43.953727398401945,0.008220992996631298,0.0,0.005827092305068504,1.0,0.5523641220692236,0.0,0.61,0.9242104743862637,314,nested_validation
2023-08-31,0.005827092305068504,0.0061441278120770715,0.00682009226632152,-0.0015967720786679296,0.0031224154501831715,51.89889479277613,0.009380337884511895,0.0,-0.008089840838697682,0.0,0.41189342158926473,0.0,0.61,0.9242104743862637,314,nested_validation
2023-09-01,-0.008089840838697682,0.004164048635982187,-0.0010439260933445826,-0.008789623315981654,0.003572705832257297,42.779117544124425,0.008755378602379956,0.0,-0.006292945547030637,0.0,0.5317205549454307,0.0,0.61,0.9242104743862637,314,nested_validation
2023-09-04,-0.006292945547030637,-0.0019933747752139963,-0.006417472483917885,-0.013977377218838405,0.003580875766404528,37.32858795627291,0.0032529637591848797,0.0,0.0017269857930499732,1.0,0.45192770306102387,0.0,0.61,0.9242104743862637,314,nested_validation
2023-09-05,0.0017269857930499732,-0.0028713371181027236,-0.0037473484369515697,-0.011464371823613484,0.0036247381275046108,39.58906592258952,0.008484096184895517,0.0,-0.006328395394398223,0.0,0.504718265816486,0.0,0.61,0.9242104743862637,314,nested_validation
2023-09-06,-0.006328395394398223,-0.013161024835609214,-0.008949566875645298,-0.01674684995307396,0.003754977710126865,34.648724656376075,0.004012000325414263,0.0,-0.00018237880644911275,0.0,0.4873925338348762,0.0,0.61,0.9242104743862637,314,nested_validation
2023-09-07,-0.00018237880644911275,-0.01905704847460199,-0.007832410081136443,-0.01586114866614463,0.0037072868815625137,34.5158907005373,0.0043432081515185315,0.0,-0.0024603954040158804,0.0,0.5146949465301247,0.0,0.61,0.9242104743862637,314,nested_validation
2023-09-08,-0.0024603954040158804,-0.013489845871477946,-0.009344941589092048,-0.017438137696434874,0.0037003518107456947,32.6951774249337,0.004392364993863926,0.0,0.0018970398979001324,1.0,0.5203777321103991,0.0,0.61,0.9242104743862637,314,nested_validation
2023-09-11,0.0018970398979001324,-0.005359176206425897,-0.006736479358363856,-0.0146506099239192,0.0037303567062442495,35.512797292375666,0.004235566546787595,0.0,0.0030101195583809304,1.0,0.5123920836710799,0.0,0.61,0.9242104743862637,314,nested_validation
2023-09-12,0.0030101195583809304,-0.004085119259287118,-0.0030520546229105827,-0.010935299936017273,0.0037968069768440998,39.82563198650719,0.0052521221560846345,0.0,0.0002689045736952167,1.0,0.5400633774066964,0.0,0.61,0.9242104743862637,314,nested_validation
2023-09-13,0.0002689045736952167,0.002527074528360096,-0.0017105892165770742,-0.009896222171393632,0.003802873291920052,40.21147580665174,0.0044635027749034585,0.0,-0.001771189028006881,0.0,0.5278517371984535,0.0,0.61,0.9242104743862637,314,nested_validation
2023-09-14,-0.001771189028006881,0.0009339587144003847,-0.0016405904041041364,-0.011012667189149172,0.0037840345307399515,38.46164506383129,0.00930921669646447,0.0,-0.009041573245960666,0.0,0.5029591248501247,0.0,0.61,0.9242104743862637,314,nested_validation
2023-09-15,-0.009041573245960666,-0.00566961307361824,-0.00875951965455335,-0.019007405667338495,0.00419791727176837,31.047424729624822,0.004979322213284124,0.0,0.002923086612704795,1.0,0.4759392607373671,0.0,0.61,0.9242104743862637,314,nested_validation
2023-09-18,0.002923086612704795,-0.004651315398000566,-0.004864199741654862,-0.015127406614111716,0.004282483838856833,35.34735791500154,0.00392180963964875,0.0,0.0022882530643852927,1.0,0.5848583397314631,0.0,0.61,0.9242104743862637,314,nested_validation
2023-09-19,0.0022882530643852927,-0.005367667956410638,-0.0016390319354726568,-0.011929717032807097,0.004289650742729201,38.58550649017892,0.004013528713397593,0.0,-0.0009934598434746533,0.0,0.5240631664040701,0.0,0.61,0.9242104743862637,314,nested_validation
2023-09-20,-0.0009934598434746533,-0.006622918877835282,-0.0022199077992719474,-0.012068844849509874,0.00420062214106493,37.70062993358484,0.004792120125632313,0.0,-0.0027165130783666225,0.0,0.5002141220865371,0.0,0.61,0.9242104743862637,314,nested_validation
2023-09-21,-0.0027165130783666225,-0.007563648333386297,-0.00426841276279466,-0.013765535735814072,0.004179816615063105,35.317935805318186,0.005117603153838973,0.0,0.0007995380695380305,1.0,0.524677516512659,0.0,0.61,0.9242104743862637,314,nested_validation
2023-09-22,0.0007995380695380305,0.002292140110019991,-0.003134331033294524,-0.012001050618597242,0.004022501296644755,36.58483904081961,0.005280674183811903,0.0,-0.0012245689773250357,0.0,0.5324268809944789,0.0,0.61,0.9242104743862637,314,nested_validation
2023-09-25,-0.0012245689773250357,-0.0018529061584937612,-0.003706514786408599,-0.012308147930565227,0.004022949480995727,35.43901711605682,0.007334928015943393,0.0,-0.005338197611603257,0.0,0.5248449347162718,0.0,0.61,0.9242104743862637,314,nested_validation
2023-09-26,-0.005338197611603257,-0.009447846591337905,-0.007551058249520848,-0.016613067132263515,0.004070083048141186,30.901124717541492,0.003853045818425372,0.0,-0.0020927596526203462,0.0,0.4660544455683556,0.0,0.61,0.9242104743862637,314,nested_validation
2023-09-27,-0.0020927596526203462,-0.010537843252441337,-0.007919579667823196,-0.017653527613597175,0.003900531074256018,29.324294518920496,0.006118769614242654,0.0,-0.006071963299337679,0.0,0.4656312045643737,0.0,0.61,0.9242104743862637,314,nested_validation
2023-09-28,-0.006071963299337679,-0.013866977902759592,-0.011820192697153287,-0.022499083939534703,0.0036540957163690053,25.29899219394224,0.008261911021959858,0.0,0.005439666364406293,1.0,0.4547501681710264,0.0,0.61,0.9242104743862637,314,nested_validation
2023-09-29,0.005439666364406293,-0.00929484975493522,-0.00574605145025775,-0.016229205975589522,0.0037130804851854293,33.98811289484918,0.0056254631549318285,0.0,0.0002640956540913564,1.0,0.54605693187149,0.0,0.61,0.9242104743862637,314,nested_validation
2023-10-02,0.0002640956540913564,-0.007818213795016016,-0.0045181221573319386,-0.015020338057250004,0.003544092874684908,34.38930621047339,0.009298225858608929,0.0,-0.007996826272971491,0.0,0.5100796255141273,0.0,0.61,0.9242104743862637,314,nested_validation
2023-10-03,-0.007996826272971491,-0.010470213628284042,-0.010503033821234853,-0.021627378671226105,0.0037972933548896548,28.699891783984,0.004237654420686696,0.0,-0.0008064248286944187,0.0,0.5090572498060097,0.0,0.61,0.9242104743862637,314,nested_validation
2023-10-04,-0.0008064248286944187,-0.009194677614456914,-0.009339226550189816,-0.021276171592622295,0.0036308430819580882,28.197322432489088,0.00751730090217194,0.0,0.0033202797285585284,1.0,0.4747433757807907,0.0,0.61,0.9242104743862637,314,nested_validation
2023-10-05,0.0033202797285585284,0.00016805694736188315,-0.004675657598091187,-0.016927954463703876,0.0037575009268053586,33.36685363849291,0.003422521292902275,0.0,0.00376515917344844,1.0,0.527347033063588,0.0,0.61,0.9242104743862637,314,nested_validation
2023-10-06,0.00376515917344844,-0.0014976706537586093,0.00016066500207534418,-0.012448833893459077,0.003880727634243439,38.76841099937708,0.010830146998651318,0.0,0.001976115262350975,1.0,0.5234297116610547,0.0,0.61,0.9242104743862637,314,nested_validation
2023-10-09,0.001976115262350975,0.00021133357238611872,0.0029076568742689712,-0.009786732663913056,0.0038834148307815763,41.46070149185974,0.005201903878996088,0.0,0.0010790061501657622,1.0,0.5212371002792271,0.0,0.61,0.9242104743862637,314,nested_validation
2023-10-10,0.0010790061501657622,0.009362262411776623,0.00411152378861912,-0.007953916103001668,0.0038133447732720243,42.93892477637332,0.006008200848211288,0.0,0.0024497971874435365,1.0,0.5355292028686361,0.0,0.61,0.9242104743862637,314,nested_validation
2023-10-11,0.0024497971874435365,0.012651622654671124,0.006234166642837824,-0.0047009491840583895,0.0038729663951094645,46.26050938405357,0.003845010714995508,0.0,0.0018379162458757037,1.0,0.47319845283230677,0.0,0.61,0.9242104743862637,314,nested_validation
2023-10-12,0.0018379162458757037,0.011155472505579134,0.00694678847051855,-0.0019091218062088355,0.003902235821390797,48.68005838850256,0.008765307787198431,0.0,-0.008239741642275256,0.0,0.3977568000159216,0.0,0.61,0.9242104743862637,314,nested_validation
2023-10-13,-0.008239741642275256,-0.0009378154968670005,-0.0011067899761371125,-0.009179467005828057,0.003817545310689781,39.974544275586105,0.005921578792013766,0.0,-0.0014413625107039252,0.0,0.5161006877614508,0.0,0.61,0.9242104743862637,314,nested_validation
2023-10-16,-0.0014413625107039252,-0.0043453546162453005,-0.002133287259782235,-0.009818294458679433,0.0037415130037977426,38.682121420536404,0.003639651810722243,0.0,0.0031134862333033198,1.0,0.481618361164196,0.0,0.61,0.9242104743862637,314,nested_validation
2023-10-17,0.0031134862333033198,-0.0023218983922390635,0.0002757153170884763,-0.005986506147785509,0.0037784439180114046,42.965539172152575,0.0058358188573932645,0.0,0.001776226820302318,1.0,0.5593627712247264,0.0,0.61,0.9242104743862637,314,nested_validation
2023-10-18,0.001776226820302318,-0.0029922625412209802,0.0010964477006545348,-0.003742070062301761,0.0038136838376432378,45.31961839446217,0.006466895733328072,0.0,-0.003266877693623771,0.0,0.5498142190119782,0.0,0.61,0.9242104743862637,314,nested_validation
2023-10-19,-0.003266877693623771,-0.008072444647808985,-0.002471031929604295,-0.006417248956661403,0.0038314836052521944,41.888991447654064,0.005361891780302816,0.0,0.004552195331632758,1.0,0.4976968645349651,0.0,0.61,0.9242104743862637,314,nested_validation
2023-10-20,0.004552195331632758,0.004721650158691304,0.0016919793945866513,-0.0015449385744915611,0.003981104131032804,47.79936125096168,0.003332772935320873,0.0,0.00032824384587826216,1.0,0.5222627752208608,0.0,0.61,0.9242104743862637,314,nested_validation
2023-10-23,0.00032824384587826216,0.006502178364012234,0.0018075598595970188,-0.0008146630913205,0.003978338838861393,48.21025816715649,0.007132204980284816,0.0,0.007543641543408253,1.0,0.49748186601233946,0.0,0.61,0.9242104743862637,314,nested_validation
2023-10-24,0.007543641543408253,0.010947299510628561,0.008496873723712994,0.00697784825186587,0.0041445807943742705,56.65697521830116,0.009957854972034033,0.0,-0.006982386055249035,0.0,0.48875341942979894,0.0,0.61,0.9242104743862637,314,nested_validation
2023-10-25,-0.006982386055249035,0.002108503183726018,0.0015445127933471081,0.00044373737222080933,0.004418209342375766,48.682715774780526,0.0037658530701867882,0.0,-0.0026523324751750454,0.0,0.5088663905170183,0.0,0.61,0.9242104743862637,314,nested_validation
2023-10-26,-0.0026523324751750454,0.0027263626440130473,-0.0005731190900160055,-0.0016851297887121586,0.004237275329023153,46.04983727890578,0.0041061759937329615,0.0,-0.0002640885189518771,0.0,0.5685247649349294,0.0,0.61,0.9242104743862637,314,nested_validation
2023-10-27,-0.0002640885189518771,-0.002081167327452116,-0.0010989239517460447,-0.0017202068636917867,0.004070623918941972,45.785028531508885,0.005813174761634107,0.0,-0.0001901352849225102,0.0,0.5400743800584763,0.0,0.61,0.9242104743862637,314,nested_validation
2023-10-30,-0.0001901352849225102,-0.002598297879621403,-0.0016748971571771687,-0.0015772630543778865,0.0040704535781077664,45.581849286225626,0.007345583609636828,0.0,0.0049784288024075085,1.0,0.5393187063608414,0.0,0.61,0.9242104743862637,314,nested_validation
2023-10-31,0.0049784288024075085,-0.005137689176117344,0.002719701904815963,0.0036388241778797514,0.0037677367519437237,51.63298409994841,0.009559171914272675,0.0,-0.003385352882468773,0.0,0.5185505246468683,0.0,0.61,0.9242104743862637,314,nested_validation
2023-11-01,-0.003385352882468773,-0.00153397391051735,-0.0007318747057797337,0.0005657934218752381,0.003858208638244545,47.72716806803758,0.005472712947546153,0.0,0.0007517134694974281,1.0,0.49271897273568643,0.0,0.61,0.9242104743862637,314,nested_validation
2023-11-02,0.0007517134694974281,0.0018738891022254123,-0.0004389438650448385,0.0015262576008303608,0.003805072816713303,48.65284884897115,0.008107137625304538,0.0,0.0030264395151797796,1.0,0.4852489003831431,0.0,0.61,0.9242104743862637,314,nested_validation
2023-11-03,0.0030264395151797796,0.005171454070029391,0.002277665201442902,0.004691818555817129,0.003775567604170371,52.31673441255192,0.011442823880400643,0.0,0.010646343526522717,1.0,0.5325396066448542,0.0,0.61,0.9242104743862637,314,nested_validation
2023-11-06,0.010646343526522717,0.016066044680018488,0.011590735825177445,0.015120298217065953,0.004385874325222596,62.487747843659534,0.0031310335543095705,0.0,-0.0009864732863564818,0.0,0.5340305956294493,0.0,0.61,0.9242104743862637,314,nested_validation
2023-11-07,-0.0009864732863564818,0.010035333673160007,0.010100525695172724,0.013703697462899678,0.004401978064835105,61.171860609549285,0.005300372018936841,0.0,-0.0023744990630868434,0.0,0.43376241155285283,0.0,0.61,0.9242104743862637,314,nested_validation
2023-11-08,-0.0023744990630868434,0.011059799927702008,0.006746455152250697,0.010893257854799998,0.004430464001341078,58.00843465720155,0.005180026483021922,0.0,0.0013388626477162102,1.0,0.4306073860493696,0.0,0.61,0.9242104743862637,314,nested_validation
2023-11-09,0.0013388626477162102,0.011652996944172322,0.006737689737735586,0.011593022429176036,0.004423913023850998,59.283956217411955,0.0043438995413684406,0.0,-0.004000421167261292,0.0,0.4601998133262765,0.0,0.61,0.9242104743862637,314,nested_validation
2023-11-10,-0.004000421167261292,0.004565701546518808,0.0017393676382915224,0.007212867767382614,0.004093437781084422,53.998938935035866,0.0032688868396573683,0.0,0.0021166411059054813,1.0,0.5346480615654349,0.0,0.61,0.9242104743862637,314,nested_validation
2023-11-13,0.0021166411059054813,-0.003912681174632726,0.0026572860614253457,0.008948113948368253,0.004077025146836974,56.214214352336654,0.0037383665309811943,0.0,0.0010916021349414162,1.0,0.5580370459991374,0.0,0.61,0.9242104743862637,314,nested_validation
2023-11-14,0.0010916021349414162,-0.0018406926385747813,0.002935370623344369,0.009347477311524965,0.004043421677036626,57.35716135688914,0.016223176080403308,0.0,0.01649151831354989,1.0,0.5057636396201108,0.0,0.61,0.9242104743862637,314,nested_validation
2023-11-15,0.01649151831354989,0.0170354195093676,0.01662454531122637,0.024685191023751107,0.0053117872467866875,70.07846426589796,0.0049981414497042975,0.0,-0.002181714495114284,0.0,0.534643044361191,0.0,0.61,0.9242104743862637,314,nested_validation
2023-11-16,-0.002181714495114284,0.013459655315110508,0.011876690768205522,0.02133521329305843,0.005268818285844508,67.17626608586517,0.005804634416427991,0.0,-7.599816506165258e-05,0.0,0.4114596551973927,0.0,0.61,0.9242104743862637,314,nested_validation
2023-11-17,-7.599816506165258e-05,0.01745287425580644,0.009591248313996603,0.020274791577802986,0.005230848612936786,67.07229155602798,0.006181470832224485,0.0,0.00490807531990578,1.0,0.4007503752155268,0.0,0.61,0.9242104743862637,314,nested_validation
2023-11-20,0.00490807531990578,0.020287028133538776,0.012898722515708227,0.0241926768799392,0.005284968828721251,70.27217413470221,0.0043196999872559,0.0,0.0035684002956233307,1.0,0.4824122899638468,0.0,0.61,0.9242104743862637,314,nested_validation
2023-11-21,0.0035684002956233307,0.02281131764836397,0.014399333046634766,0.026667802522877482,0.00512591894904418,72.38376769541986,0.004049279649475552,0.0,-0.002532964312081498,0.0,0.5024183042960669,0.0,0.61,0.9242104743862637,314,nested_validation
2023-11-22,-0.002532964312081498,0.0036685547316761546,0.009751356500014907,0.023064752647985465,0.004851199659341991,68.64324615987843,0.006222056456971037,0.0,-0.002504894436201721,0.0,0.4234539373225026,0.0,0.61,0.9242104743862637,314,nested_validation
2023-11-23,-0.002504894436201721,0.003343479966960494,0.005543919627869931,0.019653043092102918,0.004844971361035733,65.07115072053531,0.003583106563789312,0.0,0.0014178090521081987,1.0,0.47231862437785377,0.0,0.61,0.9242104743862637,314,nested_validation
2023-11-24,0.0014178090521081987,0.004842395613474215,0.004754862406302296,0.019922365822244936,0.004827822328190837,66.14243500735105,0.004449943599653728,0.0,0.003128907582130358,1.0,0.5343691288298048,0.0,0.61,0.9242104743862637,314,nested_validation
2023-11-27,0.003128907582130358,0.0030633441601806144,0.005580020422766285,0.021779409168249053,0.004820296815565731,68.4457498471795,0.00305355289334597,0.0,0.0016438017038613584,1.0,0.488598313251332,0.0,0.61,0.9242104743862637,314,nested_validation
2023-11-28,0.0016438017038613584,0.0011397141424855928,0.0048630292756273175,0.02217305511853307,0.004763814800621069,69.61875851521968,0.006579101955139328,0.0,0.004336426548682049,1.0,0.46531278722721076,0.0,0.61,0.9242104743862637,314,nested_validation
2023-11-29,0.004336426548682049,0.008034398133655918,0.00804080372530458,0.025225736022757905,0.004655447493574161,72.52518107377448,0.005058026277950989,0.0,-0.002930098224145139,0.0,0.48747660099588613,0.0,0.61,0.9242104743862637,314,nested_validation
2023-11-30,-0.002930098224145139,0.007604701745099307,0.003991818866471819,0.020842306744445427,0.004772125204008055,67.78595893417892,0.008245266394095061,0.0,-0.007439218033148731,0.0,0.4659720465991511,0.0,0.61,1.037345869056546,377,nested_validation
2023-12-01,-0.007439218033148731,-0.0013070452339523086,-0.0038261926693784476,0.01228886556204567,0.005167106491499908,57.53617663926634,0.007521022944050526,0.0,-0.00035931137422406945,0.0,0.45557263660905156,0.0,0.61,1.037345869056546,377,nested_validation
2023-12-04,-0.00035931137422406945,-0.004779838879974574,-0.004012133779520921,0.010991243334124157,0.0047061176754272585,57.09049557513741,0.007498544665494224,0.0,-0.004627728334785308,0.0,0.49408593521380767,0.0,0.61,1.037345869056546,377,nested_validation
2023-12-05,-0.004627728334785308,-0.011011148977350227,-0.007639196309402463,0.005789961509904407,0.0048377032909035144,51.55358448716817,0.006065751799151085,0.0,-0.004069243241751064,0.0,0.46915100309400115,0.0,0.61,1.037345869056546,377,nested_validation
2023-12-06,-0.004069243241751064,-0.019288369128254823,-0.010548801222121651,0.0010830426958079453,0.004902607181902526,47.23552610549998,0.0028251532739526327,0.0,-0.0024977977499496262,0.0,0.5085118230356808,0.0,0.61,1.037345869056546,377,nested_validation
2023-12-07,-0.0024977977499496262,-0.01886316112396169,-0.011895466790272091,-0.002032811820235181,0.0049396230985855275,44.766960365376875,0.003635504043508685,0.0,0.00236343746955181,1.0,0.531599976585097,0.0,0.61,1.037345869056546,377,nested_validation
2023-12-08,0.00236343746955181,-0.009173329924453522,-0.008521272735815155,-0.00037738173660484264,0.004858318903695743,47.55296768076898,0.006400897106473322,0.0,-0.002443802160275177,0.0,0.486795100470866,0.0,0.61,1.037345869056546,377,nested_validation
2023-12-11,-0.002443802160275177,-0.01123944136614119,-0.009354559258650363,-0.0034458449128162982,0.004888355668235882,45.01839282243222,0.0033561134326255994,0.0,7.529635204672758e-05,1.0,0.5096116083954921,0.0,0.61,1.037345869056546,377,nested_validation
2023-12-12,7.529635204672758e-05,-0.0065676562973835395,-0.007527949265461853,-0.0038366152377951046,0.004885813424514013,45.11522269264685,0.005592547639626018,0.0,0.0029805145498138508,1.0,0.5027003746823401,0.0,0.61,1.037345869056546,377,nested_validation
2023-12-13,0.0029805145498138508,0.00046441632200844296,-0.0026642943533962127,-0.0015436723163200217,0.003268654189001495,48.94821168488018,0.0031703641000726274,0.0,0.008099171382360826,1.0,0.5249061019084691,0.0,0.61,1.037345869056546,377,nested_validation
2023-12-14,0.008099171382360826,0.01109285454883624,0.006227062600097755,0.005616050375469417,0.0037193906641445605,57.63267909584969,0.011383003933005315,0.0,0.00987237334246771,1.0,0.4907323579007265,0.0,0.61,1.037345869056546,377,nested_validation
2023-12-15,0.00987237334246771,0.018667184499993716,0.015208060253330213,0.0143741043135579,0.004278794970818192,65.41763040796724,0.009430279560993998,0.0,-0.008945032271384545,0.0,0.5017736239697861,0.0,0.61,1.037345869056546,377,nested_validation
2023-12-18,-0.008945032271384545,0.01202837077961183,0.006060861706102205,0.00479639982871416,0.004639421918337231,55.388641949968054,0.0032569223413252864,0.0,0.0026216654758792757,1.0,0.4188889760214578,0.0,0.61,1.037345869056546,377,nested_validation
2023-12-19,0.0026216654758792757,0.014605174551483469,0.007897384291450038,0.006804617784267997,0.00460704761888157,57.43011023623009,0.006583787041100025,0.0,0.0052379143458374244,1.0,0.4648826330924358,0.0,0.61,1.037345869056546,377,nested_validation
2023-12-20,0.0052379143458374244,0.01688873787185874,0.011427946699381852,0.011192972891401753,0.004711185247005946,61.254974520754374,0.00401288857522535,0.0,-0.0032180185590531263,0.0,0.4570951660964736,0.0,0.61,1.037345869056546,377,nested_validation
2023-12-21,-0.0032180185590531263,0.005472873914744492,0.006513594176214443,0.0072115148612890145,0.004734902767264561,57.800899264609974,0.0058029219577679005,0.0,0.005525202446632349,1.0,0.42173426061073066,0.0,0.61,1.037345869056546,377,nested_validation
2023-12-22,0.005525202446632349,0.0011446414277351824,0.010086701426620603,0.011725769489343119,0.0048677769703783175,61.773703533293784,0.004212871309648858,0.0,0.0018524459586828357,1.0,0.4946310289365022,0.0,0.61,1.037345869056546,377,nested_validation
2023-12-25,0.0018524459586828357,0.012052045984456639,0.009541472096622261,0.012556170541911715,0.004840759957924303,63.03708691233967,0.0038554509678682507,0.0,-0.0005730958886397408,0.0,0.44975418768281383,0.0,0.61,1.037345869056546,377,nested_validation
2023-12-26,-0.0005730958886397408,0.008827235583158677,0.006624992026563525,0.010990467383278135,0.004836478948091249,62.34926741525268,0.0027573270910363464,0.0,0.002065020563667419,1.0,0.48547049808012416,0.0,0.61,1.037345869056546,377,nested_validation
2023-12-27,0.002065020563667419,0.005643012607298603,0.006457383113021464,0.012568213538244999,0.004766359286653862,63.87783594924416,0.00844255172153204,0.0,0.0059431859276410925,1.0,0.4539176513510992,0.0,0.61,1.037345869056546,377,nested_validation
2023-12-28,0.0059431859276410925,0.014885656887236642,0.010389902776832827,0.01779575371243336,0.004868149558447417,67.92254188968302,0.006161437253752037,0.0,-0.003641424869924248,0.0,0.44247302644192404,0.0,0.61,1.037345869056546,377,nested_validation
2023-12-29,-0.003641424869924248,0.005633697251647307,0.0060281254443177446,0.013425836227189736,0.004617581990939982,63.22357469400242,0.003904715212341373,0.0,-0.0011166791890978578,0.0,0.4868430458133368,0.0,0.61,1.037345869056546,377,nested_validation
2024-01-01,-0.0011166791890978578,0.0026533658545340177,0.003440235201970454,0.011834629528032492,0.004630129560539112,61.81639496047206,0.0012141072796404062,0.0,-0.0015454528986756921,0.0,0.5471112057866042,0.0,0.61,1.037345869056546,377,nested_validation
2024-01-02,-0.0015454528986756921,0.0016778697728152547,0.0008455766529276154,0.00998496513784941,0.004497115477534546,59.8337562214435,0.009427243346658228,0.0,-0.008786204622023064,0.0,0.49449381471019704,0.0,0.61,1.037345869056546,377,nested_validation
2024-01-03,-0.008786204622023064,-0.009169163009861259,-0.00759454270853388,0.0010391806552223493,0.004861964166752007,50.02553641124672,0.006241903050472452,0.0,-0.0012785158887330672,0.0,0.46676955784019697,0.0,0.61,1.037345869056546,377,nested_validation
2024-01-04,-0.0012785158887330672,-0.016282372737121076,-0.008702041973812524,-0.0003531362744301214,0.004829100331404961,48.783390146536284,0.004865997969210012,0.0,0.0017953771819319009,1.0,0.4664485903321843,0.0,0.61,1.037345869056546,377,nested_validation
2024-01-05,0.0017953771819319009,-0.010914548192978657,-0.006392312381059306,0.0013162018841295087,0.004821217157467575,50.63470944582824,0.01064439124178648,0.0,-0.00047052628163146704,0.0,0.43342633547417564,0.0,0.61,1.037345869056546,377,nested_validation
2024-01-08,-0.00047052628163146704,-0.010274733284567739,-0.006099028561981634,0.0008395744426126228,0.004775311757984277,50.12244450293357,0.004899328500787612,0.0,0.0008651256948868369,1.0,0.46249637872144017,0.0,0.61,1.037345869056546,377,nested_validation
2024-01-09,0.0008651256948868369,-0.007885229878149769,-0.0046193822931877015,0.001725953273809866,0.004772216185629225,51.10152244037243,0.004994038285159383,0.0,-0.0017601046005017995,0.0,0.48044474473691035,0.0,0.61,1.037345869056546,377,nested_validation
2024-01-10,-0.0017601046005017995,-0.000852743405292844,-0.005371661810504191,0.00018700189351483765,0.004778938209730984,48.99259305979116,0.004241731132256521,0.0,0.003907190486658552,1.0,0.5136446194644686,0.0,0.61,1.037345869056546,377,nested_validation
2024-01-11,0.003907190486658552,0.004335173727669339,-0.00027119874241943176,0.004090495240879344,0.004532183221236375,53.56571396406933,0.005462919274574051,0.0,0.0005929431617435199,1.0,0.5310980187346053,0.0,0.61,1.037345869056546,377,nested_validation
2024-01-12,0.0005929431617435199,0.0031296912428535606,0.0011107761786000037,0.004411447759325338,0.003982115445122942,54.23885038927563,0.0045081048515130265,0.0,-0.0032727697071505135,0.0,0.5205357890219434,0.0,0.61,1.037345869056546,377,nested_validation
2024-01-15,-0.0032727697071505135,0.00031735438221969225,-0.001162889867258432,0.0009485795714423428,0.0035125525154347708,49.93357003044658,0.0022660823012515957,0.0,0.0,0.0,0.5035831480353091,0.0,0.61,1.037345869056546,377,nested_validation
2024-01-16,0.0,-0.000547297831250515,-0.0003141599585356758,0.0006193202767166284,0.0034697784232136314,49.93357003044658,0.0072708057111329355,0.0,-0.006113749991015105,0.0,0.46727442540606245,0.0,0.61,1.037345869056546,377,nested_validation
2024-01-17,-0.006113749991015105,-0.004906232662333143,-0.005854265252421387,-0.005756139111390279,0.003512084910576806,42.62699858951808,0.00363530171086558,0.0,0.0006421361876616238,1.0,0.4851650784233389,0.0,0.61,1.037345869056546,377,nested_validation
2024-01-18,0.0006421361876616238,-0.00814262265310095,-0.004833998161378972,-0.00547847494450826,0.003460992680088294,43.555501926813136,0.005402528568221515,0.0,-0.0006091998707791202,0.0,0.49640498656875376,0.0,0.61,1.037345869056546,377,nested_validation
2024-01-19,-0.0006091998707791202,-0.009334270509087306,-0.004819382819204576,-0.0063475992047286045,0.003195598645022419,42.84659641190752,0.0022417055634032265,0.0,0.0012090614520767762,1.0,0.5074372920008952,0.0,0.61,1.037345869056546,377,nested_validation
2024-01-22,0.0012090614520767762,-0.004879695175064813,-0.003160768750227305,-0.005529297799681032,0.003174164627382279,44.766829327502066,0.0027135462034487516,0.0,-0.0011097587522371777,0.0,0.5522487007758502,0.0,0.61,1.037345869056546,377,nested_validation
2024-01-23,-0.0011097587522371777,-0.005984038642873113,-0.003615093274790704,-0.006976320486694498,0.003176029170450054,43.32620058240347,0.008635385567253838,0.0,-0.00205215722482599,0.0,0.5091292036692845,0.0,0.61,1.037345869056546,377,nested_validation
2024-01-24,-0.00205215722482599,-0.0019219158012621085,-0.004980564281733435,-0.009192643271730527,0.003127461724492144,40.719547759475276,0.007330935434256054,0.0,0.002198116850315124,1.0,0.5159435184253363,0.0,0.61,1.037345869056546,377,nested_validation
2024-01-25,0.002198116850315124,-0.0003699221936890318,-0.0019391957883614364,-0.0070014969158676,0.002811912442054951,44.55922359883971,0.006821334859434513,0.0,-0.003188993491867853,0.0,0.5437053646183696,0.0,0.61,1.037345869056546,377,nested_validation
2024-01-26,-0.003188993491867853,-0.002950333478083267,-0.003892249924863478,-0.009726707067878704,0.0027925444819117467,40.45615497705028,0.006444549509064681,0.0,-0.0003253046819037264,0.0,0.5247273915788575,0.0,0.61,1.037345869056546,377,nested_validation
2024-01-29,-0.0003253046819037264,-0.004478325284299034,-0.0032809255851994346,-0.009892933880204291,0.0027962817403562883,40.0522932100066,0.004850705822056283,0.0,-0.0008343042513787591,0.0,0.5269000290876927,0.0,0.61,1.037345869056546,377,nested_validation
2024-01-30,-0.0008343042513787591,-0.0042037997011279415,-0.0030931752476789365,-0.01044985782708796,0.0027931961873188162,38.9779461173754,0.003965071458098172,0.0,0.0008241081449942289,1.0,0.5185547295513405,0.0,0.61,1.037345869056546,377,nested_validation
2024-01-31,0.0008241081449942289,-0.001333735752341525,-0.0019466209439918947,-0.009219167889026214,0.0021537165755495485,40.66946722889209,0.007193410188956743,0.0,-0.0036408998446917362,0.0,0.4938993052216006,0.0,0.61,1.037345869056546,377,nested_validation
2024-02-01,-0.0036408998446917362,-0.007152175132379979,-0.004830658583911851,-0.012400006969767174,0.0022582147120429464,35.92724902643711,0.007892874146873244,0.0,0.006546518613900432,1.0,0.4739401092033436,0.0,0.61,1.037345869056546,377,nested_validation
2024-02-02,0.006546518613900432,0.002544629934053244,0.0017257153014924587,-0.005536082533154518,0.002700787755848691,47.69422664646091,0.01056858806469781,0.0,-0.008699545159365218,0.0,0.5003568465046814,0.0,0.61,1.037345869056546,377,nested_validation
2024-02-05,-0.008699545159365218,-0.005853651886798428,-0.005960976430058107,-0.013446080047532227,0.0032598689139057037,37.716572425512815,0.005827629814852577,0.0,-0.0035447479784265212,0.0,0.48646188737536183,0.0,0.61,1.037345869056546,377,nested_validation
2024-02-06,-0.0035447479784265212,-0.008550479594631177,-0.008219082552178514,-0.01610749775342435,0.0032927436930721937,34.57064349651303,0.0035890972500974097,0.0,0.001430711534839757,1.0,0.4772414043110934,0.0,0.61,1.037345869056546,377,nested_validation
2024-02-07,0.001430711534839757,-0.00794955817892562,-0.005876009073043753,-0.013839279290568829,0.0033273076801902507,36.85196111928645,0.0025989071336188674,0.0,0.0017241086979722375,1.0,0.49697542663280475,0.0,0.61,1.037345869056546,377,nested_validation
2024-02-08,0.0017241086979722375,-0.0026077500955811184,-0.003185536083513907,-0.011133085240219831,0.0032045736461991875,39.5893998659815,0.004335045735031198,0.0,0.00014005430257091334,1.0,0.5065512520858079,0.0,0.61,1.037345869056546,377,nested_validation
2024-02-09,0.00014005430257091334,-0.008955949344442993,-0.0024018735821129678,-0.010113637877878112,0.003195452166870222,39.81802060904107,0.0028354259449329474,0.0,0.0019436726497761292,1.0,0.4858161581634975,0.0,0.61,1.037345869056546,377,nested_validation
2024-02-12,0.0019436726497761292,0.0016845155500038178,-4.342842871307706e-05,-0.00740669403026728,0.003206767203358562,43.040153613927195,0.004424394324295949,0.0,-0.0024021357911608865,0.0,0.5500669981360267,0.0,0.61,1.037345869056546,377,nested_validation
2024-02-13,-0.0024021357911608865,0.002833124012793009,-0.0018704759703632723,-0.008981853529201778,0.0032242483246886808,40.17199714557646,0.008687501590783086,0.0,-0.005879202295596575,0.0,0.5072294482235206,0.0,0.61,1.037345869056546,377,nested_validation
2024-02-14,-0.005879202295596575,-0.004487026686006423,-0.006500835354981693,-0.014104344043962769,0.0032052450922409412,34.18245855936644,0.0036344093035713025,0.0,0.0021679108452643536,1.0,0.4972084299427353,0.0,0.61,1.037345869056546,377,nested_validation
2024-02-15,0.0021679108452643536,-0.0040459763095825885,-0.003683617359303004,-0.011373525941949403,0.003255975010006858,37.84110216483248,0.005691465456551301,0.0,0.0038892439644742094,1.0,0.5127435860932658,0.0,0.61,1.037345869056546,377,nested_validation
2024-02-16,0.0038892439644742094,-0.0003124786726390605,0.0011277623725700625,-0.006999496203806244,0.0034067173269353304,43.881097009755464,0.0042749379494460595,0.0,0.0010246971826746165,1.0,0.5668756384168573,0.0,0.61,1.037345869056546,377,nested_validation
2024-02-19,0.0010246971826746165,-0.0012293848141168295,0.002108136504383573,-0.0055013397182647195,0.0034023806306527006,45.39252072575712,0.00248732929938622,0.0,-0.0008837131826242572,0.0,0.5687707011626241,0.0,0.61,1.037345869056546,377,nested_validation
2024-02-20,-0.0008837131826242572,0.00029082281387671216,0.0009103918658075472,-0.005841440532485254,0.003400676109849324,44.2836878154284,0.007058368250319683,0.0,0.003503573049315589,1.0,0.5239574422356635,0.0,0.61,1.037345869056546,377,nested_validation
2024-02-21,0.003503573049315589,0.009731832489675352,0.0038954218268416607,-0.0019922393860093424,0.003486578839650269,49.5416276187735,0.002829872401627786,0.0,0.0006708392833343346,1.0,0.5153721429581818,0.0,0.61,1.037345869056546,377,nested_validation
2024-02-22,0.0006708392833343346,0.008223461691491574,0.004152556069231261,-0.000847083176992558,0.0034497425378110687,50.50807564387983,0.007500871451342166,0.0,0.00048717545323162526,1.0,0.45820678089746886,0.0,0.61,1.037345869056546,377,nested_validation
2024-02-23,0.00048717545323162526,0.004806705000513389,0.0041905324865898486,0.0001198255333478837,0.00338703849612047,51.2389805571139,0.002371263641042616,0.0,-0.0005194228009101076,0.0,0.5254837351624358,0.0,0.61,1.037345869056546,377,nested_validation
2024-02-26,-0.0005194228009101076,0.003256751121055723,0.0034655621302612793,-1.2706621696056963e-05,0.0033879686828449614,50.38420368825903,0.004221553267624575,0.0,0.00285384801240407,1.0,0.48847941838207826,0.0,0.61,1.037345869056546,377,nested_validation
2024-02-27,0.00285384801240407,0.0070098012425632295,0.005595657352915007,0.003134000734055009,0.0034430471196868085,54.83953082981087,0.0029942586696728693,0.0,-0.0005639159695994822,0.0,0.48926285992229984,0.0,0.61,1.037345869056546,377,nested_validation
2024-02-28,-0.0005639159695994822,0.0029281004708883174,0.0037645998345081644,0.0026733033210459833,0.0034413745571761274,53.80839575772582,0.004471552892637113,0.0,-0.0005528021705811792,0.0,0.4830082768022595,0.0,0.61,1.037345869056546,377,nested_validation
2024-02-29,-0.0005528021705811792,0.0017016987902798153,0.0022202318008328614,0.002264072929155203,0.0033418331441965494,52.76166408032772,0.0046320726930538045,0.0,-0.0031226566602047257,0.0,0.5084598516020516,0.0,0.61,1.037345869056546,377,nested_validation
2024-03-01,-0.0031226566602047257,-0.0019125154136541145,-0.0011964221674550801,-0.0006371730509641127,0.003072481755793513,47.18139507250285,0.003911686249553998,0.0,0.003491335816306229,1.0,0.5206235384550716,0.0,0.61,1.037345869056546,377,nested_validation
2024-03-04,0.003491335816306229,0.002092652941651618,0.0017558102152206434,0.0030053254844559785,0.0025059826793247717,53.131340474192605,0.002574346839886386,0.0,0.0011506775155347704,1.0,0.5443302682458221,0.0,0.61,1.037345869056546,377,nested_validation
2024-03-05,0.0011506775155347704,0.0003907752004410625,0.0021698804620500223,0.004236995324143233,0.00235058081675781,54.939282382698,0.0030090126517998165,0.0,7.599404215485883e-05,1.0,0.47633676386153423,0.0,0.61,1.037345869056546,377,nested_validation
2024-03-06,7.599404215485883e-05,0.0010312964733332208,0.0018497434574067384,0.004319152076055044,0.0023430903622350804,55.06271184784837,0.006551352640575619,0.0,0.004011016541833223,1.0,0.4529460363629022,0.0,0.61,1.037345869056546,377,nested_validation
2024-03-07,0.004011016541833223,0.005602348723496409,0.0051341211863671354,0.008292175304347449,0.0024551157144874023,61.11712080426693,0.006568162817465578,0.0,0.004642906047294559,1.0,0.47223482631787933,0.0,0.61,1.037345869056546,377,nested_validation
2024-03-08,0.004642906047294559,0.013435878244448807,0.00864310569128035,0.012651646305117614,0.0026067506605182457,66.72768477368342,0.0046557417240177135,0.0,-0.0006565677953876969,0.0,0.4436399654186051,0.0,0.61,1.037345869056546,377,nested_validation
2024-03-11,-0.0006565677953876969,0.009246869142371494,0.006841025118038191,0.011676666147153458,0.0026112800572841285,65.28637690731588,0.003276607648947407,0.0,-0.0010603929401840073,0.0,0.43951680867516474,0.0,0.61,1.037345869056546,377,nested_validation
2024-03-12,-0.0010603929401840073,0.007017918011433588,0.005029717861730898,0.010302262969572373,0.002547973715245505,62.92397624551643,0.0035578429471611523,0.0,-0.0003278122880970846,0.0,0.4647100976542509,0.0,0.61,1.037345869056546,377,nested_validation
2024-03-13,-0.0003278122880970846,0.006611308701348406,0.003934552350731257,0.009708633491284369,0.0020696309615713926,62.175747616307795,0.0026369943260932077,0.0,0.0025197242768419947,1.0,0.49162956476555164,0.0,0.61,1.037345869056546,377,nested_validation
2024-03-14,0.0025197242768419947,0.00511615413253752,0.005388261806119621,0.011781077141879148,0.0020808277803267762,65.56417895212795,0.006442999729923066,0.0,-0.006562695389562556,0.0,0.47806994605822667,0.0,0.61,1.037345869056546,377,nested_validation
2024-03-15,-0.006562695389562556,-0.006094725826063185,-0.0019282299562654037,0.005113965690395794,0.0025558144787865248,52.37156814660169,0.0025488344969578835,0.0,-7.623501546549782e-05,0.0,0.46896552336078523,0.0,0.61,1.037345869056546,377,nested_validation
2024-03-18,-7.623501546549782e-05,-0.005517551060959414,-0.0023691986709528656,0.004720209998618996,0.0025559724754437288,52.24092927792834,0.0024537277876020215,0.0,-0.0007937371227215717,0.0,0.48354270295980883,0.0,0.61,1.037345869056546,377,nested_validation
2024-03-19,-0.0007937371227215717,-0.005252085032282805,-0.0033325353121111956,0.0035147413145462103,0.002553692078227795,50.81964092117821,0.003934564541055356,0.0,-0.0009777760139780822,0.0,0.4695634085965985,0.0,0.61,1.037345869056546,377,nested_validation
2024-03-20,-0.0009777760139780822,-0.005898847109964134,-0.004373770817922895,0.002206401354064802,0.002471978365692344,49.05067757895669,0.003438788640420367,0.0,0.006803066718666706,1.0,0.460263397854872,0.0,0.61,1.037345869056546,377,nested_validation
2024-03-21,0.006803066718666706,-0.0016514736603172597,0.002053572662150449,0.008523710700868214,0.0028573528990237683,59.582083399412596,0.008049987373017627,0.0,-0.006843421167792352,0.0,0.5266411356239912,0.0,0.61,1.037345869056546,377,nested_validation
2024-03-22,-0.006843421167792352,-0.001933587252891833,-0.004002872211216424,0.0013600106835063297,0.0032797139870247927,48.620668567995494,0.005570340682242446,0.0,-0.005047075233675313,0.0,0.4745373040830683,0.0,0.61,1.037345869056546,377,nested_validation
2024-03-25,-0.005047075233675313,-0.006895194165999263,-0.007797765619589336,-0.003722511625628089,0.003470513847002074,42.459108126801375,0.003793505441913477,0.0,0.002839613982804634,1.0,0.49083507608975785,0.0,0.61,1.037345869056546,377,nested_validation
2024-03-26,0.002839613982804634,-0.00328402940629291,-0.004128897180288749,-0.001095940633680792,0.003469919313354398,46.543060087731284,0.0035160389649314516,0.0,-0.0005415890093947162,0.0,0.5548919040468236,0.0,0.61,1.037345869056546,377,nested_validation
2024-03-27,-0.0005415890093947162,-0.0028488493440327334,-0.003794909455300588,-0.0020153594650658135,0.003469758200113663,45.872430838283066,0.0025423576796380614,0.0,-0.0017517638968261862,0.0,0.5423162168485266,0.0,0.61,1.037345869056546,377,nested_validation
2024-03-28,-0.0017517638968261862,-0.01132166738948015,-0.004240384624884408,-0.00401206509466101,0.003488211189631299,43.68125224128688,0.00488803620094649,0.0,-0.0017487746285576034,0.0,0.5003214873762173,0.0,0.61,1.037345869056546,377,nested_validation
2024-03-29,-0.0017487746285576034,-0.006249993140920784,-0.0051670216821723125,-0.005816656824932931,0.00344144746684079,41.551196054957394,0.003558010659233622,0.0,-0.00016178799477861716,0.0,0.5035535357557471,0.0,0.61,1.037345869056546,377,nested_validation
2024-04-01,-0.00016178799477861716,-0.0013706123116193902,-0.004503629562462863,-0.006001302290963184,0.003344614335660285,41.35064945745292,0.006476322389062024,0.0,-0.005143150317636236,0.0,0.529915615636714,0.0,0.61,1.037345869056546,377,nested_validation
2024-04-02,-0.005143150317636236,-0.009319862534942325,-0.008373091761945006,-0.010997667355566954,0.0034931349040250997,35.48780646542474,0.004974336160273013,0.0,0.0029182757337018472,1.0,0.4736811326506605,0.0,0.61,1.037345869056546,377,nested_validation
2024-04-03,0.0029182757337018472,-0.005890385888781324,-0.004608184435012208,-0.00797564948196805,0.003572227968889944,40.60702199525181,0.006236912336510757,0.0,0.006481340849805228,1.0,0.5520503315717319,0.0,0.61,1.037345869056546,377,nested_validation
2024-04-04,0.006481340849805228,0.0023085853556468194,0.0027596596857213385,-0.0016010128740123752,0.0037602964050671844,50.10456346435263,0.003761934846363738,0.0,-0.00011922747634585118,0.0,0.4984695226184785,0.0,0.61,1.037345869056546,377,nested_validation
2024-04-05,-0.00011922747634585118,0.003944755749823781,0.002874926213933815,-0.0017549304353527972,0.003588223347994837,49.945315913172024,0.005239484400678285,0.0,-0.0006065486129902542,0.0,0.497591816710316,0.0,0.61,1.037345869056546,377,nested_validation
2024-04-08,-0.0006065486129902542,0.003498168407135571,0.0020538911414864636,-0.002392361808970289,0.003588139492421708,49.090611232062024,0.0033959379945507373,0.0,0.0030636417249643166,1.0,0.5183168828850853,0.0,0.61,1.037345869056546,377,nested_validation
2024-04-09,0.0030636417249643166,0.011776244580483874,0.004887362107104831,0.0006248355711515607,0.003668190874439933,53.42353808745326,0.0035559798531783916,0.0,-0.0004018391107306618,0.0,0.46219182551806615,0.0,0.61,1.037345869056546,377,nested_validation
2024-04-10,-0.0004018391107306618,0.008426805837413509,0.004233330624712428,0.00017826450218394463,0.003668250587247847,52.78698050487478,0.012397142392318823,0.0,-0.010827671256997462,0.0,0.4652136773933076,0.0,0.61,1.037345869056546,377,nested_validation
2024-04-11,-0.010827671256997462,-0.008915663498706095,-0.005981384233076814,-0.010356313962647024,0.004259662320299697,39.22876171628063,0.005153591177879354,0.0,-0.0013837832894822988,0.0,0.47954987092532814,0.0,0.61,1.037345869056546,377,nested_validation
2024-04-12,-0.0013837832894822988,-0.010169094401140444,-0.006735348614137826,-0.011488616684750097,0.004065075635266797,37.903372792716596,0.009872048551204195,0.0,-0.007199109613056143,0.0,0.46849664504384,0.0,0.61,1.037345869056546,377,nested_validation
2024-04-15,-0.007199109613056143,-0.01669857547373954,-0.012577596073475195,-0.018022651464241646,0.004298735585377808,31.87753460600574,0.003936506799365075,0.0,-0.002242108544694643,0.0,0.5416498082915535,0.0,0.61,1.037345869056546,377,nested_validation
2024-04-16,-0.002242108544694643,-0.021899792606248192,-0.013772219895195281,-0.01953298001420367,0.004305631178359719,30.27485619678579,0.004699487576463857,0.0,-0.00040354405243714364,0.0,0.5574068923986278,0.0,0.61,1.037345869056546,377,nested_validation
2024-04-17,-0.00040354405243714364,-0.02190146088046263,-0.012822497901676888,-0.01922113875635023,0.004308560726206907,29.983324608376392,0.004191840831934893,0.0,0.00451316778317401,1.0,0.5598905360618118,0.0,0.61,1.037345869056546,377,nested_validation
2024-04-18,0.00451316778317401,-0.0067323626171427176,-0.00680765553112761,-0.014096336563401812,0.00412303699790732,37.257222338336135,0.004118706523026455,0.0,-0.002363091527059713,0.0,0.5555950384432639,0.0,0.61,1.037345869056546,377,nested_validation
2024-04-19,-0.002363091527059713,-0.007706425688752239,-0.007372521236932106,-0.015498320139524568,0.0039291272063055145,35.186683320236156,0.006441938001946259,0.0,0.0013216500410457854,1.0,0.471489539203711,0.0,0.61,1.037345869056546,377,nested_validation
2024-04-22,0.0013216500410457854,0.0008099799016181297,-0.004461665956601024,-0.013331101201643158,0.00384593060659249,37.28110659114505,0.0043297063984607176,0.0,-0.00039414857141839565,0.0,0.5187937166062123,0.0,0.61,1.037345869056546,377,nested_validation
2024-04-23,-0.00039414857141839565,0.0026635926863951553,-0.002901873849200265,-0.012875331381097976,0.0037612781643869405,36.89766356111593,0.006630998044480489,0.0,0.004720570617393394,1.0,0.5068415522103176,0.0,0.61,1.037345869056546,377,nested_validation
2024-04-24,0.004720570617393394,0.007803430061387617,0.003259887169328568,-0.007530715589205261,0.0039527880186636215,44.28566572190238,0.003420919931006956,0.0,-0.0004172858578515015,0.0,0.5682455852811069,0.0,0.61,1.037345869056546,377,nested_validation
2024-04-25,-0.0004172858578515015,0.002856826820585967,0.0032346200130157765,-0.007161112136543579,0.003943806120679777,43.79523509796424,0.004969746679621632,0.0,0.002779056228315868,1.0,0.5471384671002701,0.0,0.61,1.037345869056546,377,nested_validation
2024-04-26,0.002779056228315868,0.00802587974675717,0.005996601274701918,-0.003928148589858349,0.003996360714400677,47.92927898565948,0.0072110323550969024,0.0,-0.002120068399481645,0.0,0.474538248329539,0.0,0.61,1.037345869056546,377,nested_validation
2024-04-29,-0.002120068399481645,0.004561117690817351,0.003325363616692556,-0.005499151843586514,0.0040158816162605224,45.19088893258301,0.004148383395287974,0.0,0.0008251340439218158,1.0,0.5570355234519011,0.0,0.61,1.037345869056546,377,nested_validation
2024-04-30,0.0008251340439218158,0.005786444558498749,0.0033075283697798774,-0.004190682855256589,0.003870810273587908,46.47006042179378,0.004870740646716169,0.0,-0.004586615036051955,0.0,0.5631292551557556,0.0,0.61,1.037345869056546,377,nested_validation
2024-05-01,-0.004586615036051955,-0.003530614772208951,-0.0017157173823361127,-0.008153569260714755,0.00392412652029937,40.76944799437212,0.003617891553331881,0.0,0.005157048926138108,1.0,0.5150972064696906,0.0,0.61,1.037345869056546,377,nested_validation
2024-05-02,0.005157048926138108,0.002026358029209696,0.0029428580645975977,-0.002371736579965922,0.0038159891580827575,48.39906855618685,0.005128700050712166,0.0,0.0010733945474359352,1.0,0.5106002179352974,0.0,0.61,1.037345869056546,377,nested_validation
2024-05-03,0.0010733945474359352,0.0003219766388060652,0.0031853056107307154,-0.0009002296420246303,0.0038312961111714536,49.854415691194035,0.00786334191920499,0.0,0.00233441227800002,1.0,0.481650120954946,0.0,0.61,1.037345869056546,377,nested_validation
2024-05-06,0.00233441227800002,0.004787358469915848,0.004589406203981294,0.0015856514736098948,0.0038795445539749076,52.964711149394496,0.0033234828167417194,0.0,0.0008721746157627219,1.0,0.4925134895729837,0.0,0.61,1.037345869056546,377,nested_validation
2024-05-07,0.0008721746157627219,0.004834585273393532,0.004401481660207818,0.0026792685697081264,0.003812586450989477,54.11256331092824,0.0031579506755649634,0.0,-0.0015803038824503401,0.0,0.47524539785221087,0.0,0.61,1.037345869056546,377,nested_validation
2024-05-08,-0.0015803038824503401,0.007869349992115415,0.0023827437462800027,0.0013491908583840306,0.0038206836065207265,51.650835914829486,0.002116505728548148,0.0,-0.00033310542298736756,0.0,0.5252188582700832,0.0,0.61,1.037345869056546,377,nested_validation
2024-05-09,-0.00033310542298736756,0.002364381090866452,0.0016096127196867371,0.0012222725553554525,0.00299774872937342,51.12372349584568,0.005369731569992863,0.0,0.003559004264149568,1.0,0.49946083612281766,0.0,0.61,1.037345869056546,377,nested_validation
2024-05-10,0.003559004264149568,0.004853196255566239,0.0046542638985795914,0.00481468983051081,0.003073894963930344,56.25833937308034,0.002897124395962661,0.0,-0.0013678194040684932,0.0,0.5209947455030381,0.0,0.61,1.037345869056546,377,nested_validation
2024-05-13,-0.0013678194040684932,0.001141661169635988,0.002686605589627966,0.0035098425217694462,0.0025894351043352225,53.90613066533035,0.003791974031286774,0.0,0.002148010508616016,1.0,0.48703247568438524,0.0,0.61,1.037345869056546,377,nested_validation
2024-05-14,0.002148010508616016,0.002417840583496922,0.004112743015742826,0.005489502938280433,0.0025273011969996415,56.94629694423242,0.0048109849497677435,0.0,0.001946593428366894,1.0,0.49203016479358996,0.0,0.61,1.037345869056546,377,nested_validation
2024-05-15,0.001946593428366894,0.0059588612584864364,0.004684067871069564,0.007302897446989531,0.002523853061386382,59.555280840621855,0.00561061933635982,0.0,0.006958517197712899,1.0,0.44457610877458004,0.0,0.61,1.037345869056546,377,nested_validation
2024-05-16,0.006958517197712899,0.013296377813288407,0.010096384982904327,0.014150202318115701,0.002745240271362151,67.21777308416425,0.0038235228758391735,0.0,-0.002021339610122852,0.0,0.43025964366277475,0.0,0.61,1.037345869056546,377,nested_validation
2024-05-17,-0.002021339610122852,0.007661888749141088,0.006796492501687235,0.012003691489810064,0.0027250773555983917,63.43215716430751,0.003915838485675213,0.0,0.0007068450993499287,1.0,0.4628566437711277,0.0,0.61,1.037345869056546,377,nested_validation
2024-05-20,0.0007068450993499287,0.009755312526840365,0.006414026318332322,0.012577602977825064,0.002725236703088371,64.19011707056389,0.00274876384000456,0.0,-0.001346704651206121,0.0,0.4719367973506213,0.0,0.61,1.037345869056546,377,nested_validation
2024-05-21,-0.001346704651206121,0.006234068996548547,0.004191466305148328,0.011222849200861695,0.0027575449202175955,61.5697973901383,0.0027151519462119585,0.0,-0.0005210343327269884,0.0,0.5191354722158884,0.0,0.61,1.037345869056546,377,nested_validation
2024-05-22,-0.0005210343327269884,0.0037558818964573693,0.002697776965183696,0.01070890934939328,0.0026345330460407074,60.54146750129518,0.0038995266515608373,0.0,-0.0027604945630765876,0.0,0.5359047875723745,0.0,0.61,1.037345869056546,377,nested_validation
2024-05-23,-0.0027604945630765876,-0.0059322185113548365,-0.0007927997715679869,0.007657749412263382,0.002732058712283758,55.276627587571824,0.004458948731615137,0.0,-0.0011568313063549107,0.0,0.5057742942229715,0.0,0.61,1.037345869056546,377,nested_validation
2024-05-24,-0.0011568313063549107,-0.005071098042837674,-0.002202202514934082,0.00622408518620321,0.0027086654088438874,53.19468954965794,0.0046655388141672825,0.0,0.0032325156678336686,1.0,0.4848615387555799,0.0,0.61,1.037345869056546,377,nested_validation
2024-05-27,0.0032325156678336686,-0.002560010347462116,0.0003103168189726446,0.008857066105075306,0.0027119307301119635,57.95458582103208,0.002346132902840822,0.0,0.0013143355434903636,1.0,0.5743246717063978,0.0,0.61,1.037345869056546,377,nested_validation
2024-05-28,0.0013143355434903636,9.77968380997396e-05,0.000994148276238338,0.009444070314280628,0.0027155409220761028,59.75259593093555,0.002797857459956535,0.0,-0.0009224489840714556,0.0,0.533377089225322,0.0,0.61,1.037345869056546,377,nested_validation
2024-05-29,-0.0009224489840714556,-0.00030386635063983647,-0.0002730488606347281,0.007793578878178886,0.0024660907548488434,57.87937689316336,0.0045537782826058065,0.0,-0.004612329057552267,0.0,0.5016051528599245,0.0,0.61,1.037345869056546,377,nested_validation
2024-05-30,-0.004612329057552267,-0.0021602627069742253,-0.004076853567014704,0.0027342584085099375,0.00253409176230173,49.52657977080153,0.005275667534062455,0.0,0.0031097347455193436,1.0,0.49574952082004103,0.0,0.61,1.037345869056546,377,nested_validation
2024-05-31,0.0031097347455193436,0.002102017180181326,-0.0006814284578728902,0.005257670824256655,0.0026001090642093884,54.293780015702254,0.006547736203958875,0.0,0.0016279400589764847,1.0,0.5241060946935424,0.0,0.61,1.037345869056546,377,nested_validation
2024-06-03,0.0016279400589764847,0.0004992496968292404,0.0011524659364290368,0.006287973009491132,0.002579364887285412,56.61131014459523,0.005791394255704896,0.0,0.005006481625289716,1.0,0.4930073999129573,0.0,0.61,1.037345869056546,377,nested_validation
2024-06-04,0.005006481625289716,0.004188390312803936,0.005732794033501021,0.010534724851445354,0.0027645234667507163,62.85862496318889,0.005272696233722829,0.0,-0.0023396196060713192,0.0,0.4670300600520474,0.0,0.61,1.037345869056546,377,nested_validation
2024-06-05,-0.0023396196060713192,0.0027639700720953897,0.0031328385112101564,0.007618057808367551,0.002799871406545989,58.591662267354664,0.0026629066675751896,0.0,-0.000674161906872528,0.0,0.5257143394740738,0.0,0.61,1.037345869056546,377,nested_validation
2024-06-06,-0.000674161906872528,0.006731320926546047,0.0020009555579649785,0.006396245094969277,0.002806602656035769,57.38567198793767,0.0032226815038493384,0.0,0.0018301472109247818,1.0,0.5286715590306893,0.0,0.61,1.037345869056546,377,nested_validation
2024-06-07,0.0018301472109247818,0.005447113621678712,0.0030791831021841354,0.007725729061318187,0.0027397899148130216,59.802893209929344,0.00888771004688523,0.0,-0.010606295366450857,0.0,0.485510153384499,0.0,0.61,1.037345869056546,377,nested_validation
2024-06-10,-0.010606295366450857,-0.006833770530913497,-0.0069311445738812205,-0.0031838465396604176,0.0036460172171269315,44.14592025948455,0.00456349061522131,0.0,-0.0013563397936423582,0.0,0.5117066444816828,0.0,0.61,1.037345869056546,377,nested_validation
2024-06-11,-0.0013563397936423582,-0.013121629836264859,-0.007385262299765549,-0.004684862087946828,0.0036249335694158663,42.625330782392425,0.004871469961741884,0.0,-0.0022233252467018794,0.0,0.496466098140405,0.0,0.61,1.037345869056546,377,nested_validation
2024-06-12,-0.0022233252467018794,-0.013006592304366071,-0.00857241497653427,-0.007123545319422053,0.003619459179316974,40.18517793652204,0.01086802339094071,0.0,0.006779958626546678,1.0,0.45393383708323237,0.0,0.61,1.037345869056546,377,nested_validation
2024-06-13,0.006779958626546678,-0.005644461209374896,-0.00195495522437783,-0.0006739199904436388,0.00360162721913489,49.63310480418958,0.005917166286671399,0.0,-0.00687287799533598,0.0,0.4777125134744109,0.0,0.61,1.037345869056546,377,nested_validation
2024-06-14,-0.00687287799533598,-0.014282553546855481,-0.007930053247695357,-0.0075597841455460335,0.0038603405575380165,42.29120283836008,0.007227044581243127,0.0,-0.0034140414735824853,0.0,0.43725696172452494,0.0,0.61,1.037345869056546,377,nested_validation
2024-06-17,-0.0034140414735824853,-0.007117023679100054,-0.0099370116214893,-0.01077750065665295,0.0038954799945519554,39.20978045904844,0.003599056766652223,0.0,0.0035981656628751857,1.0,0.5095953544339209,0.0,0.61,1.037345869056546,377,nested_validation
2024-06-18,0.0035981656628751857,-0.002191098326658758,-0.004839838936603447,-0.007136037810068996,0.004007935209309354,43.838409766048066,0.004668181217329394,0.0,0.0001503895755938789,1.0,0.5783500677016399,0.0,0.61,1.037345869056546,377,nested_validation
2024-06-19,0.0001503895755938789,0.000182693163612635,-0.0034013771710054153,-0.00696163289506202,0.004010831635311404,44.03091741867639,0.0025126263859284043,0.0,0.0008601434112416317,1.0,0.5382746964229911,0.0,0.61,1.037345869056546,377,nested_validation
2024-06-20,0.0008601434112416317,-0.005698330464581236,-0.0014046706644851303,-0.006121631739121169,0.003987008797364446,45.18832102809961,0.003982796836780504,0.0,-0.004196899470109816,0.0,0.5042795236802659,0.0,0.61,1.037345869056546,377,nested_validation
2024-06-21,-0.004196899470109816,-0.003019187123996181,-0.003856064867950537,-0.01005262307831345,0.00407253687461763,40.755882478496794,0.0047454751805076694,0.0,-0.0017420859848481518,0.0,0.5148969027016327,0.0,0.61,1.037345869056546,377,nested_validation
2024-06-24,-0.0017420859848481518,-0.0013465691947653902,-0.004747616894580586,-0.011525399794646507,0.003988921530473611,39.05079909897642,0.005855307560358042,0.0,0.004207219620098845,1.0,0.5049175807154453,0.0,0.61,1.037345869056546,377,nested_validation
2024-06-25,0.004207219620098845,-0.0007405160504523334,-0.000266754365555788,-0.007180520732670614,0.004111157613518552,45.022441718947434,0.0049886368950096925,0.0,-0.0021526644623540703,0.0,0.5647785922325519,0.0,0.61,1.037345869056546,377,nested_validation
2024-06-26,-0.0021526644623540703,-0.0030415185931242927,-0.002133390445594796,-0.008997082385490685,0.0041248591794627535,42.70710020949009,0.004922706002306559,0.0,-0.0027554909460056898,0.0,0.5345789450678643,0.0,0.61,1.037345869056546,377,nested_validation
2024-06-27,-0.0027554909460056898,-0.006643058090778808,-0.0036479277873133764,-0.011088153213300478,0.004054958151703165,39.885639508522445,0.004525441937689227,0.0,0.002655728098447163,1.0,0.5013093580897383,0.0,0.61,1.037345869056546,377,nested_validation
2024-06-28,0.002655728098447163,0.00019273621627080573,-0.0007188704734059082,-0.007974056030051302,0.004035585532723191,43.73329651465828,0.003263082218940438,0.0,0.002501303028703994,1.0,0.5666904214967068,0.0,0.61,1.037345869056546,377,nested_validation
2024-07-01,0.002501303028703994,0.004444349760934774,0.0014714046494679334,-0.005061901548493619,0.004063876488903017,47.172050421793664,0.005349575759487072,0.0,0.00017178606538514885,1.0,0.5772497149614643,0.0,0.61,1.037345869056546,377,nested_validation
2024-07-02,0.00017178606538514885,0.0004079632924114396,0.0016768506968973806,-0.0045104763117937985,0.0038658974071526186,47.41035976938109,0.0033016784623935294,0.0,0.0010534106278563549,1.0,0.5394307731228153,0.0,0.61,1.037345869056546,377,nested_validation
2024-07-03,0.0010534106278563549,0.003622265658045132,0.002674778907547859,-0.0031329157954960163,0.003868135630677406,48.931942965764584,0.00730367323091133,0.0,0.004176934043238045,1.0,0.5016671948747576,0.0,0.61,1.037345869056546,377,nested_validation
2024-07-04,0.004176934043238045,0.010599026132574352,0.0064706554687326,0.0011296532581528407,0.004006099126275455,54.55282247010885,0.003004500842327158,0.0,0.0016107649996139894,1.0,0.436099858484455,0.0,0.61,1.037345869056546,377,nested_validation
2024-07-05,0.0016107649996139894,0.009545784565772486,0.007112480837340618,0.002748402573311992,0.004000365043382853,56.54735291753975,0.0025579283041267257,0.0,0.0014182900309382962,1.0,0.4360574635736924,0.0,0.61,1.037345869056546,377,nested_validation
2024-07-08,0.0014182900309382962,0.00845516133843005,0.007243434128042514,0.0042376818668559135,0.003251388586718401,58.28607950700134,0.002958312416334298,0.0,0.00045487934906107697,1.0,0.4283361737122872,0.0,0.61,1.037345869056546,377,nested_validation
2024-07-09,0.00045487934906107697,0.008740599187248455,0.006781513421217911,0.004790617509960127,0.003231285386643672,58.85553249546876,0.0025835217254442716,0.0,-0.0014924617474129098,0.0,0.4298864996643115,0.0,0.61,1.037345869056546,377,nested_validation
2024-07-10,-0.0014924617474129098,0.006175176805167215,0.00429716440286243,0.003406079250996674,0.003206419853468277,56.14605652403573,0.0015588452508239548,0.0,0.00171162134456182,1.0,0.4853949379475358,0.0,0.61,1.037345869056546,377,nested_validation
2024-07-11,0.00171162134456182,0.003704958304446837,0.004587065093716092,0.00502569174441736,0.0028710113092611806,58.50200424284042,0.006037549072211142,0.0,0.0036424246238953017,1.0,0.46916760589489637,0.0,0.61,1.037345869056546,377,nested_validation
2024-07-12,0.0036424246238953017,0.005740865774429782,0.00671254723513437,0.008569944030058618,0.002483063128791165,63.05804075934368,0.004425962003695099,0.0,0.0011756735673209562,1.0,0.48288556559565327,0.0,0.61,1.037345869056546,377,nested_validation
2024-07-15,0.0011756735673209562,0.0054972020680656986,0.006495615044304293,0.009654264986572514,0.002305068197397366,64.42079091121394,0.0034509298192664218,0.0,0.0014717265118409095,1.0,0.45737823905030545,0.0,0.61,1.037345869056546,377,nested_validation
2024-07-16,0.0014717265118409095,0.006519174171166542,0.006446495956705656,0.011158412585546174,0.002223570074971491,66.10822182399721,0.00313256877528666,0.0,8.71524876568941e-05,1.0,0.4187412066185631,0.0,0.61,1.037345869056546,377,nested_validation
2024-07-17,8.71524876568941e-05,0.00811146261615292,0.005104303899928109,0.011181998680568572,0.0022244597424072297,66.2105715320013,0.004660884998482547,0.0,0.0034571483304479678,1.0,0.4217363383830044,0.0,0.61,1.037345869056546,377,nested_validation
2024-07-18,0.0034571483304479678,0.009868141609669756,0.007215116173785674,0.014471838344440657,0.0023019580931265865,70.07186384783422,0.0033594826194092253,0.0,-0.00353208229081603,0.0,0.38946891663462585,-1.0,0.61,1.037345869056546,377,nested_validation
2024-07-19,-0.00353208229081603,0.0026491303491200657,0.0028186283352396035,0.010866370041862972,0.0022322547664343907,62.22151862284328,0.0022190532396722936,0.0,-0.0002180452451537862,0.0,0.5505224790805019,0.0,0.61,1.037345869056546,377,nested_validation
2024-07-22,-0.0002180452451537862,0.001253360363718814,0.0019257178829876764,0.010270302081700322,0.0021655716970491864,61.76312542737225,0.0025559732325541895,0.0,-0.0008603399994553396,0.0,0.5294094832552511,0.0,0.61,1.037345869056546,377,nested_validation
2024-07-23,-0.0008603399994553396,-0.0010781976515630287,0.00052240564024153,0.009009736021747372,0.002067666287135881,59.88875128261153,0.0051344106002486475,0.0,-0.00359155869312322,0.0,0.5052407821274888,0.0,0.61,1.037345869056546,377,nested_validation
2024-07-24,-0.00359155869312322,-0.004752622219345581,-0.0033998215426265244,0.005043235183313843,0.0021881987052819606,52.70425340677107,0.0036648194254106305,0.0,-0.001029748560296806,0.0,0.4706072211184008,0.0,0.61,1.037345869056546,377,nested_validation
2024-07-25,-0.001029748560296806,-0.009202809626267405,-0.004482977482001216,0.0039265518979851866,0.002083453675967111,50.82827914300553,0.003234519785822904,0.0,0.0010851384423080646,1.0,0.46741631967879227,0.0,0.61,1.037345869056546,377,nested_validation
2024-07-26,0.0010851384423080646,-0.004611864701285162,-0.003206123332775257,0.004667166549765067,0.0020390132447249986,52.73552737677595,0.0023783011575885704,0.0,0.00022795394253760648,1.0,0.5209379157480126,0.0,0.61,1.037345869056546,377,nested_validation
2024-07-29,0.00022795394253760648,-0.004167825580885354,-0.0026877333646521118,0.004426288154802727,0.001996380909537205,53.147099500504694,0.006341276806903091,0.0,-0.003159325678096292,0.0,0.47269531474890775,0.0,0.61,1.037345869056546,377,nested_validation
2024-07-30,-0.003159325678096292,-0.006459200850002622,-0.005088078556862552,0.0010096904504410809,0.0021538205048009323,47.032847067551025,0.003494260593788515,0.0,-0.0003136835438768415,0.0,0.4631141298577996,0.0,0.61,1.037345869056546,377,nested_validation
2024-07-31,-0.0003136835438768415,-0.0031907593552429336,-0.004608987449829183,0.00046804837917968634,0.002153199551366323,46.46310304157683,0.003990773244967391,0.0,0.0007252143928824228,1.0,0.4915026932533141,0.0,0.61,1.037345869056546,377,nested_validation
2024-08-01,0.0007252143928824228,-0.0014395928052910456,-0.0028199747621093785,0.0009702062019179003,0.0019671189878863655,48.03004868395522,0.005493207473898812,0.0,-0.0033549348611567886,0.0,0.47915444651805594,0.0,0.61,1.037345869056546,377,nested_validation
2024-08-02,-0.0033549348611567886,-0.005868468268152238,-0.0051209687132194315,-0.002637609422230791,0.0020765931471980956,41.91392485812423,0.013280589641383195,0.0,0.011423649815007986,1.0,0.4833140387548323,0.0,0.61,1.037345869056546,377,nested_validation
2024-08-05,0.011423649815007986,0.00525898947048864,0.0061360441927711395,0.008062878409032415,0.0032544103128786064,60.3611277953181,0.010418595747930687,0.0,0.0036794715598380545,1.0,0.49514800819175897,0.0,0.61,1.037345869056546,377,nested_validation
2024-08-06,0.0036794715598380545,0.01215554032128141,0.009268724226367153,0.011092388706662293,0.003332301333572495,64.33487800314947,0.005338246419960254,0.0,-0.002261616420014323,0.0,0.4270444566072491,0.0,0.61,1.037345869056546,377,nested_validation
2024-08-07,-0.002261616420014323,0.010183310612520424,0.006285746570163786,0.00813366075845301,0.0033600519614284253,60.31755955728924,0.002696503241368189,0.0,0.00017478447067276193,1.0,0.4534486892763789,0.0,0.61,1.037345869056546,377,nested_validation
2024-08-08,0.00017478447067276193,0.009627678443888454,0.005640992444059245,0.007541320866404577,0.003349439152658122,60.52226400271316,0.005908253534130902,0.0,-0.0011351369276647594,0.0,0.42862593647729974,0.0,0.61,1.037345869056546,377,nested_validation
2024-08-09,-0.0011351369276647594,0.011876392166154215,0.003904163719535836,0.0057570354867169105,0.0032823237743149184,58.414342721287234,0.0019884741016755907,0.0,-0.00017473410383794796,0.0,0.47065110134070876,0.0,0.61,1.037345869056546,377,nested_validation
2024-08-12,-0.00017473410383794796,0.0002728164766729879,0.0031746628667050913,0.005030143757808414,0.0032754941654358225,58.07939107114299,0.002417541127035529,0.0,0.002055996775592428,1.0,0.5080537081681178,0.0,0.61,1.037345869056546,377,nested_validation
2024-08-13,0.002055996775592428,-0.0013451479640986808,0.00415925181037502,0.006481210751083655,0.0032898594378901317,60.91853253834755,0.0042782897261857515,0.0,0.005553525057191644,1.0,0.5334581434461811,0.0,0.61,1.037345869056546,377,nested_validation
2024-08-14,0.005553525057191644,0.0064771720789118525,0.008061340526030802,0.011299557000821636,0.0034929043535732755,67.36183062373651,0.005475698977369952,0.0,0.001475781796328235,1.0,0.4213820836314337,0.0,0.61,1.037345869056546,377,nested_validation
2024-08-15,0.001475781796328235,0.007786367361115376,0.007800230257282825,0.012109749576496354,0.0034334487837659054,68.84017515210114,0.006024751706300389,0.0,-0.0036758995319077226,0.0,0.40472205903857045,0.0,0.61,1.037345869056546,377,nested_validation
2024-08-16,-0.0036758995319077226,0.005222911572530187,0.0023975070970523316,0.007889043363648485,0.003441688376611423,61.372425160741244,0.0027954516195443694,0.0,0.004762838560523397,1.0,0.5139170443694409,0.0,0.61,1.037345869056546,377,nested_validation
2024-08-19,0.004762838560523397,0.010187140162334574,0.006122513653189943,0.012072902999242574,0.003570717195975741,66.43449908807581,0.004417504150702254,0.0,0.005576511052951094,1.0,0.45049197599405383,0.0,0.61,1.037345869056546,377,nested_validation
2024-08-20,0.005576511052951094,0.013736221512268498,0.010483725914573139,0.016921621366746242,0.0037135870028078043,71.2137618506404,0.004041501465213636,0.0,0.0037390286396496997,1.0,0.41388231220237354,0.0,0.61,1.037345869056546,377,nested_validation
2024-08-21,0.0037390286396496997,0.011906959621747149,0.012400641157941816,0.0197475697132814,0.0036123486525426055,73.9110109363397,0.0038383328073433465,0.0,0.0024652959222828397,1.0,0.4612571750550096,0.0,0.61,1.037345869056546,377,nested_validation
2024-08-22,0.0024652959222828397,0.01290678033523629,0.012802688715612298,0.021256853573376144,0.0035813348081892168,75.54419052378377,0.005217682156961122,0.0,-0.00342409723658188,0.0,0.5111155809948459,0.0,0.61,1.037345869056546,377,nested_validation
2024-08-23,-0.00342409723658188,0.013162773592972021,0.0074921329050199326,0.01700145177912482,0.0037354219057609077,69.06165730986656,0.008019942196624765,0.0,0.006365920264025604,1.0,0.4129267065184395,0.0,0.61,1.037345869056546,377,nested_validation
2024-08-26,0.006365920264025604,0.01477925724730711,0.011393217779713805,0.022532715671182535,0.003890400453599495,73.58451068750973,0.004310014150059016,0.0,-0.0020766916139589586,0.0,0.45055501647523055,0.0,0.61,1.037345869056546,377,nested_validation
2024-08-27,-0.0020766916139589586,0.007056014676975142,0.007212782321222466,0.019591855169213135,0.003831939045940594,69.96818535921938,0.002534693341505056,0.0,0.0011849710056877072,1.0,0.4356146666887005,0.0,0.61,1.037345869056546,377,nested_validation
2024-08-28,0.0011849710056877072,0.004493516827709598,0.00676288995048413,0.019944912240043244,0.0038087771211291195,70.84677338513801,0.006843431951955949,0.0,-0.004739286454720659,0.0,0.46574317623620126,0.0,0.61,1.037345869056546,377,nested_validation
2024-08-29,-0.004739286454720659,-0.0027256420983789997,0.0009841561943426669,0.014540992252982221,0.0040537268491581575,62.91026531004389,0.007539736499801925,0.0,-0.004000090438691095,0.0,0.48922188227627167,0.0,0.61,1.037345869056546,377,nested_validation
2024-08-30,-0.004000090438691095,-0.003302038988165501,-0.0039852552734364055,0.0099335232275084,0.004093653460909053,57.121482532425986,0.0037634377946153402,0.0,-0.003214000190855937,0.0,0.5139826723983558,0.0,0.61,1.037345869056546,377,nested_validation
2024-09-02,-0.003214000190855937,-0.012789927033431403,-0.007363548559725874,0.006242294144481519,0.003491095979127977,52.92445157269187,0.0031787080204876694,0.0,0.0020474717717107183,1.0,0.4726365549231751,0.0,0.61,1.037345869056546,377,nested_validation
2024-09-03,0.0020474717717107183,-0.00871003872670606,-0.005161108724873742,0.007758865095696121,0.0034372093096005103,55.17664506517051,0.0033221474883550345,0.0,-0.0016794385642910914,0.0,0.47744049981974634,0.0,0.61,1.037345869056546,377,nested_validation
2024-09-04,-0.0016794385642910914,-0.011546138482421586,-0.0061255871305568865,0.005461610586228405,0.0034158004306301558,52.93497247655371,0.004811261586737535,0.0,0.0028587264145087943,1.0,0.4707650815221254,0.0,0.61,1.037345869056546,377,nested_validation
2024-09-05,0.0028587264145087943,-0.004000090438691095,-0.002612330248993544,0.007599552783538632,0.0034504145899942867,56.192084195256015,0.00414622592740861,0.0,0.0027667685247456664,1.0,0.5376790127220639,0.0,0.61,1.037345869056546,377,nested_validation
2024-09-06,0.0027667685247456664,0.0027667685247456664,0.00020169986759244196,0.009592210401289991,0.003451541500040073,59.1472401951129,0.007418560628005951,0.0,-0.002150916950658943,0.0,0.5052071350153492,0.0,0.61,1.037345869056546,377,nested_validation
2024-09-09,-0.002150916950658943,0.0038362303206069814,-0.001043913808069341,0.006708831953698979,0.003508522359460598,55.9771333065048,0.005089011193652729,0.0,-0.0044813102943156435,0.0,0.490203190964245,0.0,0.61,1.037345869056546,377,nested_validation
2024-09-10,-0.0044813102943156435,-0.002704206297786893,-0.004379731769454276,0.0015364512654101325,0.0036762898588684656,49.979717773358026,0.00308814747764548,0.0,-0.0014988742242775244,0.0,0.5100546871417344,0.0,0.61,1.037345869056546,377,nested_validation
2024-09-11,-0.0014988742242775244,-0.002523827305562998,-0.004462643644061348,-0.0005841466030144238,0.0035058373082070887,48.13058169138965,0.004734847358121966,0.0,-0.0009138923865484871,0.0,0.5117116883015785,0.0,0.61,1.037345869056546,377,nested_validation
2024-09-12,-0.0009138923865484871,-0.0062761976680045795,-0.0043467642214651825,-0.0020615829154595477,0.00349814177224864,46.99072480395693,0.0037215986537069506,0.0,0.006081768854457659,1.0,0.4865046405105024,0.0,0.61,1.037345869056546,377,nested_validation
2024-09-13,0.006081768854457659,-0.00299109206242143,0.0017319140617482187,0.003127968065528064,0.0036300127125439377,54.676309862623576,0.002574897525470334,0.0,0.0009536418367905863,1.0,0.5400898964905251,0.0,0.61,1.037345869056546,377,nested_validation
2024-09-16,0.0009536418367905863,0.00011085272951461,0.002292048589908502,0.0035466060374649278,0.0034980202212614693,55.765881506672166,0.004353416954975451,0.0,0.003706113070797379,1.0,0.5029122210293687,0.0,0.61,1.037345869056546,377,nested_validation
2024-09-17,0.003706113070797379,0.00833604332413973,0.005442451101359547,0.006723580538203544,0.0033784769008614866,59.81301874749536,0.002971573238253073,0.0,-0.0005783979918021487,0.0,0.4784500494459539,0.0,0.61,1.037345869056546,377,nested_validation
2024-09-18,-0.0005783979918021487,0.009265585953855737,0.004187499276917972,0.005544364398679447,0.003281976960622378,58.90387246790048,0.002848436757159031,0.0,-0.0007446361121506984,0.0,0.4707211744498813,0.0,0.61,1.037345869056546,377,nested_validation
2024-09-19,-0.0007446361121506984,0.00943656674485549,0.0031285554517330727,0.004230647583362668,0.0032348440850677143,57.688860000375506,0.009911104761757673,0.0,0.004241518250529985,1.0,0.4487215127268119,0.0,0.61,1.037345869056546,377,nested_validation
2024-09-20,0.004241518250529985,0.00759017979194021,0.006921250045905714,0.007742770540713151,0.003281181426435738,62.43808776675543,0.0039718771022833645,0.0,-0.00010049842305048795,0.0,0.4717258316892868,0.0,0.61,1.037345869056546,377,nested_validation
2024-09-23,-0.00010049842305048795,0.006529050355425836,0.0061517890953832755,0.006892957394059485,0.002961314588228482,62.25901428621652,0.007464974221325965,0.0,-0.004400265316869101,0.0,0.4635393412409041,0.0,0.61,1.037345869056546,377,nested_validation
2024-09-24,-0.004400265316869101,-0.0016001273332469923,0.0010548285418459091,0.0019336456766252397,0.0030791588719050827,54.843105624299604,0.005354679384924227,0.0,0.007151230534546693,1.0,0.5025466652388583,0.0,0.61,1.037345869056546,377,nested_validation
2024-09-25,0.007151230534546693,0.00612159903424514,0.006669980752331828,0.008510031083077685,0.0034667071393362408,62.6046938088244,0.006318165893344494,0.0,-0.005376310297212639,0.0,0.4848771101440936,0.0,0.61,1.037345869056546,377,nested_validation
2024-09-26,-0.005376310297212639,0.001458098986420353,0.00017719031306495658,0.002733121683414108,0.0035133169940052924,54.90891913057948,0.005637342127806956,0.0,0.00414666685372822,1.0,0.4640276741409461,0.0,0.61,1.037345869056546,377,nested_validation
2024-09-27,0.00414666685372822,0.00136351048574479,0.0034292499715513625,0.006273351885612843,0.0034942729358300863,59.0659953177744,0.006555712194987723,0.0,-0.0006589094951865437,0.0,0.5038341414844225,0.0,0.61,1.037345869056546,377,nested_validation
2024-09-30,-0.0006589094951865437,0.000804281812656793,0.002036064837099394,0.005173454888150797,0.003403853707736215,58.14487317827197,0.006470065913049418,0.0,-0.0029734512140978664,0.0,0.48936259910961866,0.0,0.61,1.037345869056546,377,nested_validation
2024-10-01,-0.0029734512140978664,0.002238554657113312,-0.0010067611054714876,0.002033948742972802,0.003470030315252182,54.051153150036775,0.007605282732639561,0.0,-0.006527790072830886,0.0,0.47221192253503963,0.0,0.61,1.037345869056546,377,nested_validation
2024-10-02,-0.006527790072830886,-0.011373742510399909,-0.007000700079637157,-0.004315929502626159,0.003758436432382883,46.35763853262716,0.004343569646450476,0.0,-0.001392079970038207,0.0,0.4505104740577289,0.0,0.61,1.037345869056546,377,nested_validation
2024-10-03,-0.001392079970038207,-0.007413536496698292,-0.0077924982603209125,-0.005383174583178829,0.0037149502939185877,44.89949691320926,0.003523030902802903,0.0,-0.0011698119884903102,0.0,0.49105294039299385,0.0,0.61,1.037345869056546,377,nested_validation
2024-10-04,-0.0011698119884903102,-0.012668809562357386,-0.007827107246082488,-0.006303413606440489,0.003659735786145506,43.65847754093643,0.007595615747721207,0.0,-0.005531086014798681,0.0,0.45850271040204416,0.0,0.61,1.037345869056546,377,nested_validation
2024-10-07,-0.005531086014798681,-0.01748243314777498,-0.011659475554363863,-0.011166282117696769,0.003814501682223313,38.27760689843036,0.002686693653813212,0.0,0.00010970973519652816,1.0,0.5146957794632414,0.0,0.61,1.037345869056546,377,nested_validation
2024-10-08,0.00010970973519652816,-0.014444139134638267,-0.010339063785748892,-0.010496236118080593,0.003704767032824405,38.43878343099365,0.0032620403272640816,0.0,0.0,0.0,0.5221378646495639,0.0,0.61,1.037345869056546,377,nested_validation
2024-10-09,0.0,-0.007968364874934797,-0.00841276454431339,-0.00989465038997539,0.003694372118279579,38.43878343099365,0.0036339263924086585,0.0,-0.002954669543280719,0.0,0.4800574139590348,0.0,0.61,1.037345869056546,377,nested_validation
2024-10-10,-0.002954669543280719,-0.009520664088951247,-0.009663132142565867,-0.012280604880522739,0.003740607104650478,35.53974409787779,0.0036927349125271897,0.0,-0.0008638422329960704,0.0,0.5286974923491473,0.0,0.61,1.037345869056546,377,nested_validation
2024-10-11,-0.0008638422329960704,-0.009217252434129186,-0.008335014401759211,-0.012698397275255902,0.0034424534322069953,34.7177639583134,0.0024523584693262207,0.0,-0.0007756225559414354,0.0,0.5064253698412884,0.0,0.61,1.037345869056546,377,nested_validation
2024-10-14,-0.0007756225559414354,-0.004479415901024852,-0.0069025294104230195,-0.013109313209898055,0.00342279658915063,33.95896482181226,0.0031122089744182735,0.0,-0.001483708503107417,0.0,0.5048626218005702,0.0,0.61,1.037345869056546,377,nested_validation
2024-10-15,-0.001483708503107417,-0.006065522544995372,-0.006321747215002005,-0.01410369316510729,0.003269596148420728,32.49691208931132,0.002974339641197538,0.0,-0.002296510595518164,0.0,0.509377483283071,0.0,0.61,1.037345869056546,377,nested_validation
2024-10-16,-0.002296510595518164,-0.008348103603721513,-0.006977541383988761,-0.015879390116906977,0.003280099518085801,30.32394102431259,0.0030697924341467203,0.0,-0.0019877858886589994,0.0,0.4964769181657026,0.0,0.61,1.037345869056546,377,nested_validation
2024-10-17,-0.0019877858886589994,-0.007386450226075203,-0.0072666074055276475,-0.01718994779948846,0.0032849306222555268,28.548591537458776,0.005161812137913174,0.0,-0.0030323382838879365,0.0,0.4814801923355506,0.0,0.61,1.037345869056546,377,nested_validation
2024-10-18,-0.0030323382838879365,-0.009540789798328508,-0.008409767749045116,-0.019337393601720376,0.0030639737652360245,26.04821839316098,0.0032696426509434386,0.0,0.003608352223611222,1.0,0.5195689861683549,0.0,0.61,1.037345869056546,377,nested_validation
2024-10-21,0.003608352223611222,-0.005195271118323186,-0.0038656715017123533,-0.015148994945630156,0.0032500077271443487,33.49041912232708,0.004458686541645905,0.0,-0.004673224704925039,0.0,0.5953983500477614,0.0,0.61,1.037345869056546,377,nested_validation
2024-10-22,-0.004673224704925039,-0.008372931640672987,-0.007083752562478618,-0.01910050477348313,0.0032634577999700294,29.355233844958136,0.003311421749285813,0.0,-0.0019003483549562272,0.0,0.5000460920993418,0.0,0.61,1.037345869056546,377,nested_validation
2024-10-23,-0.0019003483549562272,-0.007979182189683742,-0.00734455305430981,-0.020302115717748093,0.0026194190725199167,27.856030490334263,0.004244813112627047,0.0,-0.0015524310655355977,0.0,0.5048084080670313,0.0,0.61,1.037345869056546,377,nested_validation
2024-10-24,-0.0015524310655355977,-0.007546440945071842,-0.007399894764047565,-0.021140902301455045,0.0024866154604494106,26.66044644325487,0.0035859514830019774,0.0,0.004048280359946421,1.0,0.48821863209995714,0.0,0.61,1.037345869056546,377,nested_validation
2024-10-25,0.004048280359946421,-0.0004978821570285064,-0.00237383439782457,-0.016422881888638496,0.002475322529953567,34.538437017576896,0.002826665679877744,0.0,-0.002548029968427179,0.0,0.5694825001223307,0.0,0.61,1.037345869056546,377,nested_validation
2024-10-28,-0.002548029968427179,-0.006629075690402164,-0.0037330557414679832,-0.01806096829591186,0.0024736383140685258,32.185498066484044,0.004119878721228658,0.0,0.0018712969894509879,1.0,0.49937605202406293,0.0,0.61,1.037345869056546,377,nested_validation
2024-10-29,0.0018712969894509879,-9.741420387254784e-05,-0.0010170201810730806,-0.01528978409124837,0.0025718324013755795,35.644180339102874,0.005163566006977476,0.0,0.0003570732687898648,1.0,0.5455886195914043,0.0,0.61,1.037345869056546,377,nested_validation
2024-10-30,0.0003570732687898648,0.0021640851515229986,-7.408280121778965e-05,-0.014033222970518122,0.0023176872778981404,36.312910226914234,0.005243467891622438,0.0,0.0035618565060202556,1.0,0.48827790659496867,0.0,0.61,1.037345869056546,377,nested_validation
2024-10-31,0.0035618565060202556,0.007297409609230643,0.0035181426441837083,-0.009752471789893802,0.0025291957982600108,42.71023977202093,0.003990849390938246,0.0,0.0024819583506552334,1.0,0.5742673039747432,0.0,0.61,1.037345869056546,377,nested_validation
2024-11-01,0.0024819583506552334,0.005726018936655475,0.005483029718193144,-0.006461705807472629,0.0026300879038175322,46.73927696628792,0.00510712500772015,0.0,-0.0010655995851047706,0.0,0.5316461784147293,0.0,0.61,1.037345869056546,377,nested_validation
2024-11-04,-0.0010655995851047706,0.007220746354680729,0.004356758984587206,-0.006655204622690092,0.002386927802491588,45.26378798711942,0.004179137593416162,0.0,-4.352012235619984e-05,0.0,0.50226495468433,0.0,0.61,1.037345869056546,377,nested_validation
2024-11-05,-4.352012235619984e-05,0.005295705157989383,0.0037917600935690743,-0.0059790851344386775,0.002385349020478849,45.201094756309104,0.004455799390911024,0.0,0.005554702899202235,1.0,0.527679168282628,0.0,0.61,1.037345869056546,377,nested_validation
2024-11-06,0.005554702899202235,0.010518994805336801,0.008090882834904667,0.0003249392286648334,0.002722565226989857,53.964944723180885,0.022828918083194212,0.0,-0.01841790161863377,0.0,0.44691778039442803,0.0,0.61,1.037345869056546,377,nested_validation
2024-11-07,-0.01841790161863377,-0.011613136803888646,-0.010043066373655263,-0.016905919508575784,0.0048013976592501464,34.280018313937134,0.010428663090818278,0.0,0.005786161482286278,1.0,0.4720764836410376,0.0,0.61,1.037345869056546,377,nested_validation
2024-11-08,0.005786161482286278,-0.008355391423604086,-0.004048815960238317,-0.010062984683527176,0.005021605040244849,41.38105521009105,0.008055746872641805,0.0,-0.007436133497694897,0.0,0.5341356578086134,0.0,0.61,1.037345869056546,377,nested_validation
2024-11-11,-0.007436133497694897,-0.014679435930980422,-0.010709408103000695,-0.016056058186562083,0.005236774710701144,35.970760501694244,0.009301416907387004,0.0,-0.004713679148511618,0.0,0.4925902241144678,0.0,0.61,1.037345869056546,377,nested_validation
2024-11-12,-0.004713679148511618,-0.019281239927996796,-0.013985354751678392,-0.019276487808437603,0.0052999093047357195,33.04349990736365,0.00623053586319625,0.0,-0.004469625327243376,0.0,0.5862947114937375,0.0,0.61,1.037345869056546,377,nested_validation
2024-11-13,-0.004469625327243376,-0.029057979791526578,-0.016538317974314043,-0.022319760775022623,0.005345002046834368,30.51926559648237,0.008409990843205263,0.0,-0.0049545500735181935,0.0,0.5221859662970398,0.0,0.61,1.037345869056546,377,nested_validation
2024-11-14,-0.0049545500735181935,-0.015740567249521886,-0.018728939486625462,-0.0257151024975546,0.005404847406170981,27.979166291043285,0.007729216200265634,0.0,-0.003222246420885977,0.0,0.5153321644307257,0.0,0.61,1.037345869056546,377,nested_validation
2024-11-15,-0.003222246420885977,-0.024556169205800504,-0.01864529227928413,-0.027342993146268424,0.005407913366676878,26.445234097578506,0.0063832497007055705,0.0,0.00034766267324415345,1.0,0.5181332849426409,0.0,0.61,1.037345869056546,377,nested_validation
2024-11-18,0.00034766267324415345,-0.01690663025788608,-0.015176356161679116,-0.02568249696521796,0.005303010872483742,26.909338428343645,0.005249681259651686,0.0,0.005806019818599184,1.0,0.5372750315395813,0.0,0.58,-1.5905098335181416,440,nested_validation
2024-11-19,0.005806019818599184,-0.006515804934976055,-0.006866512406818681,-0.018873562440824387,0.005483119502227235,34.360533599792134,0.006847479367437046,0.0,0.001198629558994746,1.0,0.5512376195030649,0.0,0.58,-1.5905098335181416,440,nested_validation
2024-11-20,0.001198629558994746,-0.0008592003889532629,-0.002620302307395961,-0.016580027298903177,0.005499967751883264,35.82353657890421,0.009787821340765761,0.0,-0.005789868023150069,0.0,0.5390921977325119,0.0,0.58,-1.5905098335181416,440,nested_validation
2024-11-21,-0.005789868023150069,-0.0016979562911949575,-0.006649525645267773,-0.02107252008914251,0.005602812828653542,32.097554788226915,0.00837377835536354,0.0,-0.007286603503216971,0.0,0.5061301609284575,0.0,0.58,-1.5905098335181416,440,nested_validation
2024-11-22,-0.007286603503216971,-0.005768528660094918,-0.010851961965929413,-0.02680683787009841,0.005628388160399699,28.15205747116981,0.01516968181528322,0.0,0.0010059984149974888,1.0,0.46706920748460506,0.0,0.58,-1.5905098335181416,440,nested_validation
2024-11-25,0.0010059984149974888,-0.00511421802631995,-0.007653351286088905,-0.024481177336840743,0.005653251820624475,29.43237018635081,0.007643364267835114,0.0,-0.00339443451969601,0.0,0.5291954386916008,0.0,0.58,-1.5905098335181416,440,nested_validation
2024-11-26,-0.00339443451969601,-0.014214781185127423,-0.00895641217117149,-0.026388161701443758,0.005613924526083853,27.640761232415144,0.01115837190631472,0.0,0.004490308188931369,1.0,0.5071202227867982,0.0,0.58,-1.5905098335181416,440,nested_validation
2024-11-27,0.004490308188931369,-0.010973777809094587,-0.0033191644934507103,-0.020820843392506894,0.0057612674063718256,33.39687414980996,0.0102928702465896,0.0,0.006791653575785039,1.0,0.5623226471747457,0.0,0.58,-1.5905098335181416,440,nested_validation
2024-11-28,0.006791653575785039,0.0015421424940569306,0.003465901982380837,-0.013249535791122757,0.005944042136902399,41.067331077017094,0.0034123641459221344,0.0,5.281913081844891e-05,1.0,0.5496144015714022,0.0,0.58,-1.5905098335181416,440,nested_validation
2024-11-29,5.281913081844891e-05,0.008946838648557831,0.0032051094081795295,-0.012377697427151446,0.005888723455032438,41.12450542312171,0.0049704916907932755,0.0,-0.0016977970845832857,0.0,0.5706134589569288,0.0,0.58,-1.5905098335181416,440,nested_validation
2024-12-02,-0.0016977970845832857,0.006221594318380319,0.0013941191153938881,-0.013059286487111743,0.00588806791141989,39.78821246435067,0.007920437267193091,0.0,-0.004158447181446645,0.0,0.5550332530904922,0.0,0.58,-1.5905098335181416,440,nested_validation
2024-12-03,-0.004158447181446645,0.0054502098657802645,-0.0018821786635846438,-0.01619169300314638,0.0059047640931689386,36.65209770342996,0.004614224097563136,0.0,0.0009143989742383951,1.0,0.5444831283063813,0.0,0.58,-1.5905098335181416,440,nested_validation
2024-12-04,0.0009143989742383951,0.0018708834740142066,-4.969629800677389e-05,-0.01441047088942149,0.005701829135861788,37.80807939253446,0.006291396737256399,0.0,0.0003154091131798431,1.0,0.5712872202163183,0.0,0.58,-1.5905098335181416,440,nested_validation
2024-12-05,0.0003154091131798431,-0.0045737078555816435,0.0005707401243579824,-0.01327809577748651,0.004283031207679123,38.22719723595075,0.007545662927509261,0.0,0.006795994648919557,1.0,0.5162975703409548,0.0,0.58,-1.5905098335181416,440,nested_validation
2024-12-06,0.006795994648919557,0.0021382718267477507,0.006257367100173106,-0.005830431237952349,0.004368086097289019,46.5828989868114,0.007590789069308786,0.0,-0.0019018358549439673,0.0,0.45591136658869374,0.0,0.58,-1.5905098335181416,440,nested_validation
2024-12-09,-0.0019018358549439673,0.001933449018466149,0.003527151124166128,-0.007002746089479928,0.004117839369587067,44.74640326682481,0.005649809944834415,0.0,-0.0009710081955752736,0.0,0.5392072506791297,0.0,0.58,-1.5905098335181416,440,nested_validation
2024-12-10,-0.0009710081955752736,0.0051403866358121775,0.0014977539233445025,-0.007153358743460125,0.004014641234544744,43.798785315606295,0.00636015281533466,0.0,-0.002106648858464677,0.0,0.556215998248193,0.0,0.58,-1.5905098335181416,440,nested_validation
2024-12-11,-0.002106648858464677,0.0021065835556282053,-0.0010079699282582455,-0.008350510598207572,0.003930147773540008,41.73571044377389,0.0056117832962524665,0.0,-0.002479601489141836,0.0,0.5257190361795202,0.0,0.58,-1.5905098335181416,440,nested_validation
2024-12-12,-0.002479601489141836,-0.0006934318196998301,-0.002959294429999537,-0.009714458007007654,0.0038218941910060965,39.38886270944077,0.006198358593952543,0.0,-0.0031212470011464655,0.0,0.5117701007508434,0.0,0.58,-1.5905098335181416,440,nested_validation
2024-12-13,-0.0031212470011464655,-0.010536900379184977,-0.005231609217571154,-0.011525685526901253,0.003818047469382352,36.60546212081429,0.006553971961952023,0.0,0.003436723753809323,1.0,0.5044104105200711,0.0,0.58,-1.5905098335181416,440,nested_validation
2024-12-16,0.003436723753809323,-0.005244527416539135,-0.0014807331186208472,-0.006990018090940908,0.0039010614258936163,41.49262066929786,0.004667627217284557,0.0,0.0006941552918395821,1.0,0.5509635854345921,0.0,0.58,-1.5905098335181416,440,nested_validation
2024-12-17,0.0006941552918395821,-0.0035864869538092536,-0.0009406518100573136,-0.005183120078441683,0.0036657726186133882,42.46079844245303,0.005027321339048812,0.0,-0.0021200121370241742,0.0,0.5258879101746516,0.0,0.58,-1.5905098335181416,440,nested_validation
2024-12-18,-0.0021200121370241742,-0.0035998304151321214,-0.0029092568390469697,-0.005914912300260311,0.0036665490703741126,40.26764772511988,0.004520389686964406,0.0,-0.013796860409498679,0.0,0.5184007133069082,0.0,0.58,-1.5905098335181416,440,nested_validation
2024-12-19,-0.013796860409498679,-0.014904379900349096,-0.015132500622601852,-0.018443785260082834,0.004550084799054583,29.58178451583865,0.006734181629755111,0.0,0.0014199956440721362,1.0,0.4832622254116408,0.0,0.58,-1.5905098335181416,440,nested_validation
2024-12-20,0.0014199956440721362,-0.01041681486181556,-0.01165894048565308,-0.015711355027085205,0.004332069024083724,31.56686265501463,0.008569194053883091,0.0,0.006572816929756531,1.0,0.5149884762771687,0.0,0.58,-1.5905098335181416,440,nested_validation
2024-12-23,0.006572816929756531,-0.007324018873311133,-0.0039053234772846723,-0.008357172415985215,0.004590475367874718,40.008859342489565,0.005970247142934351,0.0,-0.002611890288039209,0.0,0.5205054111464126,0.0,0.58,-1.5905098335181416,440,nested_validation
2024-12-24,-0.002611890288039209,-0.01060357439214854,-0.005088092269775135,-0.01013633588661822,0.004566465237918302,37.99010931621496,0.002286505732589364,0.0,-0.0003120618074839987,0.0,0.5144380738500295,0.0,0.58,-1.5905098335181416,440,nested_validation
2024-12-25,-0.0003120618074839987,-0.008810994507312486,-0.004157088473490056,-0.009772841650485642,0.0044393790797301194,37.745694038031694,0.0030252170560862266,0.0,-0.00029107357560742564,0.0,0.4850242604837548,0.0,0.58,-1.5905098335181416,440,nested_validation
2024-12-26,-0.00029107357560742564,0.004763072419547543,-0.0034232900565296376,-0.009543860642921564,0.0041215574105610275,37.50340165331256,0.0032605147128949665,0.0,0.0022721812206090153,1.0,0.5159347280493902,0.0,0.58,-1.5905098335181416,440,nested_validation
2024-12-27,0.0022721812206090153,0.005618102878173659,-0.0006716860231235078,-0.006956342299109131,0.004171742792944719,40.70235728579246,0.003670685683399656,0.0,0.000594492107253819,1.0,0.5628977154407108,0.0,0.58,-1.5905098335181416,440,nested_validation
2024-12-30,0.000594492107253819,-0.00035455162359621095,0.0006964204246386885,-0.0060365402621052056,0.00417307179249748,41.54730505340924,0.00808328368840674,0.0,-0.0022269349976842268,0.0,0.5269385878000616,0.0,0.58,-1.5905098335181416,440,nested_validation
2024-12-31,-0.0022269349976842268,3.1274916829415744e-05,-0.0004656387545549645,-0.007654992531078375,0.004110152958564208,39.287597957046714,0.007277319532476168,0.0,-0.005217249054994322,0.0,0.5054790002831712,0.0,0.58,-1.5905098335181416,440,nested_validation
2025-01-02,-0.005217249054994322,-0.0048755969873197635,-0.004311009514918029,-0.012029148142006951,0.004224331780942553,34.55623565178155,0.013885674079345722,0.0,-0.00808116751134591,0.0,0.4988213860362211,0.0,0.58,-1.5905098335181416,440,nested_validation
2025-01-03,-0.00808116751134591,-0.012629966656640401,-0.011577310251473016,-0.019145694413086334,0.004505216332230468,28.800771867936163,0.0038840925304705104,0.0,0.003617188874099453,1.0,0.4863538665612396,0.0,0.58,-1.5905098335181416,440,nested_validation
2025-01-06,0.003617188874099453,-0.011304957066873622,-0.007432528591958976,-0.01508346016214479,0.004271288240918549,34.0525884371054,0.013459842457019013,0.0,0.00786245805547714,1.0,0.5137565840598125,0.0,0.58,-1.5905098335181416,440,nested_validation
2025-01-07,0.00786245805547714,-0.00412342452607195,0.0008216925359159077,-0.007043821118931537,0.004713356612750034,43.7927570680465,0.00739057293353018,0.0,-0.003931263264369433,0.0,0.5206239372497554,0.0,0.58,-1.5905098335181416,440,nested_validation
2025-01-08,-0.003931263264369433,-0.005824513337991166,-0.0025333685588521115,-0.010636022802113732,0.004761279971604089,40.54304541366856,0.007892060223986513,0.0,-0.0029809405322528404,0.0,0.47297750692973656,0.0,0.58,-1.5905098335181416,440,nested_validation
2025-01-09,-0.0029809405322528404,-0.003589569967882622,-0.0046634363566882,-0.013029965618703399,0.004775312484877336,38.23522822596181,0.003582507406156016,0.0,-0.0016578833712275198,0.0,0.5385343562567265,0.0,0.58,-1.5905098335181416,440,nested_validation
2025-01-10,-0.0016578833712275198,0.0028628000271664344,-0.005335049507882661,-0.013833187668643943,0.004766233101771975,36.978271154513635,0.008812660521443338,0.0,-0.005163311937805948,0.0,0.5311711943340798,0.0,0.58,-1.5905098335181416,440,nested_validation
2025-01-13,-0.005163311937805948,-0.005911100746441078,-0.008759362507954616,-0.017926335709981478,0.004832128578436822,33.31145736236324,0.00648048117377804,0.0,0.002032546814788594,1.0,0.5054049760481867,0.0,0.58,-1.5905098335181416,440,nested_validation
2025-01-14,0.002032546814788594,-0.011661339781223079,-0.005164776679157046,-0.015049521167716406,0.004775630206703384,35.98846236839343,0.006259465233264107,0.0,0.004050693063236022,1.0,0.5222862611646069,0.0,0.58,-1.5905098335181416,440,nested_validation
2025-01-15,0.004050693063236022,-0.003741328107526587,-0.00017266275702465528,-0.010444563445265787,0.004895533090275171,41.07532966694714,0.007725075179273435,0.0,-0.001122253065001133,0.0,0.5544963414065479,0.0,0.58,-1.5905098335181416,440,nested_validation
2025-01-16,-0.001122253065001133,-0.0018840581887590302,-0.0007461517611682122,-0.010872741472122915,0.004888928624724429,40.1202114046117,0.004636246298616177,0.0,0.0006490050075858012,1.0,0.5405867088950864,0.0,0.58,-1.5905098335181416,440,nested_validation
2025-01-17,0.0006490050075858012,0.00042230756354233456,-0.0004250150351454707,-0.009557738676627792,0.003905577515629762,40.97404527883009,0.006135339188062998,0.0,-0.0023843130829303005,0.0,0.511910527871224,0.0,0.58,-1.5905098335181416,440,nested_validation
2025-01-20,-0.0023843130829303005,0.0032169094117375785,-0.002537708410200068,-0.01094235292750445,0.003913402103189121,38.784599861616336,0.014392382027901158,0.0,0.013942797702016563,1.0,0.510288941492665,0.0,0.58,-1.5905098335181416,440,nested_validation
2025-01-21,0.013942797702016563,0.015141237741575608,0.011033043753750471,0.003313856014262484,0.004800607267704925,54.17002489182139,0.008586625044528961,0.0,-0.0014152030165980323,0.0,0.487724480987778,0.0,0.58,-1.5905098335181416,440,nested_validation
2025-01-22,-0.0014152030165980323,0.009614966458477925,0.009010995303724956,0.0023741599314250905,0.004775670572434284,52.70196895375668,0.005508681219241639,0.0,0.00040599688560072345,1.0,0.4441105439717941,0.0,0.58,-1.5905098335181416,440,nested_validation
2025-01-23,0.00040599688560072345,0.011159644000200641,0.008487186475758746,0.0031766989301766912,0.0047757993572308645,53.094147822215895,0.0038274640931902303,0.0,0.0005624851491665694,1.0,0.4801397498957891,0.0,0.58,-1.5905098335181416,440,nested_validation
2025-01-24,0.0005624851491665694,0.011072215352592618,0.007898244575381463,0.004033925877581446,0.004776394285096856,53.667571366666714,0.010190456472708083,0.0,0.00495113811170067,1.0,0.43845461501910515,0.0,0.58,-1.5905098335181416,440,nested_validation
2025-01-27,0.00495113811170067,0.018506612172159542,0.010706026465187035,0.009026011312226467,0.004872300573419237,58.481632871489666,0.007585258280293657,0.0,-0.0021516145137691067,0.0,0.4228477626307796,0.0,0.58,-1.5905098335181416,440,nested_validation
2025-01-28,-0.0021516145137691067,0.0023397580873401047,0.006783424881540379,0.007065269995409462,0.004898559771508076,55.75695795314393,0.0038784723272374715,0.0,-0.0015331053400751138,0.0,0.5060395544032316,0.0,0.58,-1.5905098335181416,440,nested_validation
2025-01-29,-0.0015331053400751138,0.0022214124177997174,0.00405712197840824,0.00580675414887688,0.004884485550857091,53.83639755758434,0.005896310256749653,0.0,-0.0003648616303418839,0.0,0.5035058496647197,0.0,0.58,-1.5905098335181416,440,nested_validation
2025-01-30,-0.0003648616303418839,0.0014491550412671916,0.002436372938522169,0.005665452755888145,0.0047313744887836785,53.36599673289912,0.007114311295285598,0.0,-0.00268257458552168,0.0,0.4986745220643065,0.0,0.58,-1.5905098335181416,440,nested_validation
2025-01-31,-0.00268257458552168,-0.0017987803726589036,-0.001168302362885898,0.0028160403211181517,0.004383018836827842,49.914045423229645,0.0048356602425855925,0.0,-0.014377536010052872,0.0,0.5297447367626933,0.0,0.58,-1.5905098335181416,440,nested_validation
2025-02-03,-0.014377536010052872,-0.020997630297210468,-0.015249068252250253,-0.011229551731040233,0.005405950164945395,36.371234235487236,0.011073730138797653,0.0,0.007766210111102678,1.0,0.47977963765381226,0.0,0.58,-1.5905098335181416,440,nested_validation
2025-02-04,0.007766210111102678,-0.011267120180370682,-0.006710708072274585,-0.003211697544002634,0.005398750630690322,44.936994495531124,0.010676730038312272,0.0,0.004398011689169534,1.0,0.4767883516275031,0.0,0.58,-1.5905098335181416,440,nested_validation
2025-02-05,0.004398011689169534,-0.005393825379875761,-0.002024146739599497,0.00127858632116995,0.005421485645681197,49.1446554358205,0.006364771194853999,0.0,0.0027041830597469563,1.0,0.49119307983445926,0.0,0.58,-1.5905098335181416,440,nested_validation
2025-02-06,0.0027041830597469563,-0.0023402204376506974,0.0007642172616015852,0.003991818622190113,0.005399063058108666,51.60422175856956,0.004879159147924827,0.0,-0.0014540054721770002,0.0,0.573555580002298,0.0,0.58,-1.5905098335181416,440,nested_validation
2025-02-07,-0.0014540054721770002,-0.0011112295872329758,-0.0003995681107588078,0.0025766106739681938,0.0053953015077381,50.19471427379928,0.007830877651949014,0.0,-0.007135643922794088,0.0,0.49752398035835693,0.0,0.58,-1.5905098335181416,440,nested_validation
2025-02-10,-0.007135643922794088,0.006228137104167475,-0.006040256950102463,-0.004219941679442729,0.00551356126718923,43.870906651453886,0.0035410359593762365,0.0,-0.0009786114722859507,0.0,0.5480618464154857,0.0,0.58,-1.5905098335181416,440,nested_validation
2025-02-11,-0.0009786114722859507,-0.0025033379570883474,-0.0056371552414852255,-0.0047848424768537345,0.005506452844741881,43.07511596089969,0.00575070710726971,0.0,0.006156768707821447,1.0,0.5588493156589432,0.0,0.58,-1.5905098335181416,440,nested_validation
2025-02-12,0.006156768707821447,-0.0007566655871387162,0.001104332152272569,0.001475345947404172,0.005598613990748034,49.30001205147332,0.007471865206015124,0.0,0.0026084706288276305,1.0,0.5219454529143653,0.0,0.58,-1.5905098335181416,440,nested_validation
2025-02-13,0.0026084706288276305,-0.0008520476651555642,0.00403821828022588,0.003957919704019597,0.005610362914719144,51.72354417069519,0.006395462882982714,0.0,0.006705875470178757,1.0,0.5408493680354967,0.0,0.58,-1.5905098335181416,440,nested_validation
2025-02-14,0.006705875470178757,0.007312752333572536,0.010142705772441918,0.010061043063160025,0.005772266349311884,57.37879915901557,0.00626853943441393,0.0,0.0026327820045104477,1.0,0.4539815035896326,0.0,0.58,-1.5905098335181416,440,nested_validation
2025-02-17,0.0026327820045104477,0.01722333069865467,0.010446722882337056,0.012121395095406884,0.005737944278429563,59.40301711990678,0.0037850922258944857,0.0,-0.0003669738116622856,0.0,0.4534331841839518,0.0,0.58,-1.5905098335181416,440,nested_validation
2025-02-18,-0.0003669738116622856,0.017846112258153912,0.008540975163289666,0.011427928205441251,0.0049175978808777086,58.981423916535476,0.004167119536176733,0.0,-0.003531586340879578,0.0,0.4743433255202455,0.0,0.58,-1.5905098335181416,440,nested_validation
2025-02-19,-0.003531586340879578,0.008045199689467708,0.004249558513281793,0.007522968351054704,0.004976253312929327,54.941738645059395,0.0054908889647231705,0.0,-0.00261560548386075,0.0,0.4865762458471066,0.0,0.58,-1.5905098335181416,440,nested_validation
2025-02-20,-0.00261560548386075,0.00279279558310197,0.0014287852076908525,0.004544429381467152,0.005013910350922526,52.10535316917155,0.005668298981808731,0.0,0.007633917867490236,1.0,0.5147286544659933,0.0,0.58,-1.5905098335181416,440,nested_validation
2025-02-21,0.007633917867490236,0.0037172306665715915,0.007961277303649705,0.01155334975039679,0.005278878138947776,58.7768928493266,0.005479473827015012,0.0,-0.002451152351532593,0.0,0.5000971557228325,0.0,0.58,-1.5905098335181416,440,nested_validation
2025-02-24,-0.002451152351532593,-0.0013722024781699371,0.003917829156608654,0.00832790285680729,0.005207100753290293,56.056238710603566,0.007092929842644504,0.0,-0.001286799161344443,0.0,0.463769344639697,0.0,0.58,-1.5905098335181416,440,nested_validation
2025-02-25,-0.001286799161344443,-0.0022911028536011235,0.001092592120019109,0.0063971584522044544,0.005192223510264112,54.63011197815056,0.005783300355576342,0.0,0.005998783902479099,1.0,0.5045252217664784,0.0,0.58,-1.5905098335181416,440,nested_validation
2025-02-26,0.005998783902479099,0.007251131555999546,0.005566472037995096,0.01172943852536612,0.005332005141546212,59.76274730942853,0.004841726932446091,0.0,-0.0033563824334480463,0.0,0.49569262631689726,0.0,0.58,-1.5905098335181416,440,nested_validation
2025-02-27,-0.0033563824334480463,0.006503026387315369,0.0012654104905009955,0.007708811269754534,0.005394859847620816,55.9275405321543,0.00810626752546762,0.0,-0.008929464425346478,0.0,0.4875592211039546,0.0,0.58,-1.5905098335181416,440,nested_validation
2025-02-28,-0.008929464425346478,-0.010041766428147136,-0.0070444836950310785,-0.0015873855329423536,0.0057299926027382445,47.266160391177664,0.00376763592256335,0.0,0.0018017084062638133,1.0,0.469767892337437,0.0,0.58,-1.5905098335181416,440,nested_validation
2025-03-03,0.0018017084062638133,-0.005821266817185866,-0.004538790094615219,-0.0002253215043054313,0.00468990595439164,48.96812773289521,0.01053954271679376,0.0,0.0068361476632621265,1.0,0.4635287466000133,0.0,0.58,-1.5905098335181416,440,nested_validation
2025-03-04,0.0068361476632621265,0.002264799309723564,0.0022694933727900324,0.0064020215809388326,0.004624911074163973,54.923457404628344,0.008373612512871869,0.0,0.013538875107199866,1.0,0.49166336314350284,0.0,0.58,-1.5905098335181416,440,nested_validation
2025-03-05,0.013538875107199866,0.009776903816212767,0.014107227964696989,0.019306645340775308,0.005355030424292357,63.95603156735299,0.01721822078198293,0.0,0.015803682242369943,1.0,0.5075014343709505,0.0,0.58,-1.5905098335181416,440,nested_validation
2025-03-06,0.015803682242369943,0.02918945053226496,0.026471081691681997,0.034143214876430905,0.006226083759959467,71.28671709447703,0.006351312596136846,0.0,-0.000647234466842117,0.0,0.44405378805951407,0.0,0.58,-1.5905098335181416,440,nested_validation
2025-03-07,-0.000647234466842117,0.03779023462805342,0.02301109409142965,0.03224787709937216,0.006206932765206106,70.6430236560352,0.00959601484708147,0.0,0.0067335647250317265,1.0,0.3967383455269859,-1.0,0.58,-1.5905098335181416,440,nested_validation
2025-03-10,0.0067335647250317265,0.042899261976737435,0.02614574271305692,0.03789758196471005,0.005924710568366021,73.33853622472043,0.006188555962630478,0.0,-0.001951039928978826,0.0,0.42439328307957835,0.0,0.58,-1.5905098335181416,440,nested_validation
2025-03-11,-0.001951039928978826,0.03379733265480356,0.02049843909294169,0.0345729979126419,0.005957893989935256,71.28248827006085,0.008621923112158451,0.0,0.006897692458530891,1.0,0.38754796932051283,-1.0,0.58,-1.5905098335181416,440,nested_validation
2025-03-12,0.006897692458530891,0.02702340707928874,0.023777799535744215,0.04010384948291357,0.005982361267239476,74.04725503657554,0.005252597627429285,0.0,-0.002558252061335975,0.0,0.41767534157549785,-1.0,0.58,-1.5905098335181416,440,nested_validation
2025-03-13,-0.002558252061335975,0.008458662080994106,0.017365577101935203,0.035925958606021435,0.006087175947943649,71.28710796078656,0.0069999632065008855,0.0,-0.002811636557319863,0.0,0.38647256964197535,-1.0,0.58,-1.5905098335181416,440,nested_validation
2025-03-14,-0.002811636557319863,0.006274538404502206,0.010157615089785077,0.031513582171533994,0.006099622228981852,68.28228174540556,0.007260740062013515,0.0,0.002361313594480885,1.0,0.3691597803070684,-1.0,0.58,-1.5905098335181416,440,nested_validation
2025-03-17,0.002361313594480885,0.001904280828571192,0.008157840448619558,0.03187887303492265,0.006098208376715357,69.44389801338534,0.005491091847773989,0.0,0.0034831765334208953,1.0,0.46747876665784893,0.0,0.58,-1.5905098335181416,440,nested_validation
2025-03-18,0.0034831765334208953,0.007359488893955213,0.0076164697123304315,0.033539660454230846,0.006085785431027312,71.12763373288982,0.005258486960609603,0.0,0.0018596741869165712,1.0,0.45627895891056064,0.0,0.58,-1.5905098335181416,440,nested_validation
2025-03-19,0.0018596741869165712,0.002319160021276856,0.00658767525840509,0.03361365114913739,0.005950595065255058,72.01728932498378,0.006376909005337072,0.0,-0.002520622057834987,0.0,0.4663514793525209,0.0,0.58,-1.5905098335181416,440,nested_validation
2025-03-20,-0.002520622057834987,0.0023569740325499744,0.00297096652265183,0.02935148079407668,0.005946693041613868,68.91203579891733,0.009091969779666342,0.0,-0.005059227151979595,0.0,0.48002382109352815,0.0,0.58,-1.5905098335181416,440,nested_validation
2025-03-21,-0.005059227151979595,9.773376268840117e-05,-0.0027334850539378897,0.022629291904552762,0.0060227413705500905,63.050469600965876,0.005124042769385574,0.0,-0.001928790453157303,0.0,0.4923504960666536,0.0,0.58,-1.5905098335181416,440,nested_validation
2025-03-24,-0.001928790453157303,-0.004182682168632046,-0.0044299202450506225,0.018979918559818287,0.006005847643167429,60.93329800088195,0.006108785156291257,0.0,-0.0029709464430931476,0.0,0.5054545044874967,0.0,0.58,-1.5905098335181416,440,nested_validation
2025-03-25,-0.0029709464430931476,-0.010587500487190149,-0.00706079118489733,0.014356273992728097,0.006058893177196555,57.72420935573013,0.004819319118350374,0.0,-0.0014886306947903272,0.0,0.5098848069466224,0.0,0.58,-1.5905098335181416,440,nested_validation
2025-03-26,-0.0014886306947903272,-0.013894205794826364,-0.007383177209240532,0.011508640046016039,0.0060084358922431755,56.133703154507266,0.0031056889006763027,0.0,-0.004210979976130513,0.0,0.49847532541941186,0.0,0.58,-1.5905098335181416,440,nested_validation
2025-03-27,-0.004210979976130513,-0.01556528970329829,-0.010249908028121868,0.006148289845635979,0.006044009693448203,51.792794731785555,0.0071404204639303505,0.0,0.005486903144057864,1.0,0.48194562211410064,0.0,0.58,-1.5905098335181416,440,nested_validation
2025-03-28,0.005486903144057864,-0.005130521116006093,-0.004317981811945759,0.0105982684227941,0.005637536710327912,56.49393167355424,0.007350778436200856,0.0,0.0021215078090845996,1.0,0.5255275269042505,0.0,0.58,-1.5905098335181416,440,nested_validation
2025-03-31,0.0021215078090845996,-0.0010932158787266832,-0.0016777646285770498,0.011686188141477372,0.005637595831279244,58.20056341050541,0.005794316787483016,0.0,-0.0004652105854351385,0.0,0.5476904271861212,0.0,0.58,-1.5905098335181416,440,nested_validation
2025-04-01,-0.0004652105854351385,0.0014172390959814596,-0.0012182658013446535,0.010165888289295655,0.005544929769789106,57.665242604082934,0.004726663496972905,0.0,-0.002116018504694228,0.0,0.5442326354597712,0.0,0.58,-1.5905098335181416,440,nested_validation
2025-04-02,-0.002116018504694228,0.0007880254608141346,-0.0020096494514002528,0.006938840352168407,0.004865349734698154,55.18026112002296,0.008393686140667782,0.0,0.010439658179454803,1.0,0.4718077734867987,0.0,0.58,-1.5905098335181416,440,nested_validation
2025-04-03,0.010439658179454803,0.01551221194674035,0.008438988796279467,0.015910604990752697,0.004121993473728176,63.5159833006353,0.023001841572326175,0.0,0.012380016951382578,1.0,0.512002352871246,0.0,0.58,-1.5905098335181416,440,nested_validation
2025-04-04,0.012380016951382578,0.022474054242038966,0.019161267787330294,0.02675628833315402,0.004849209414133141,70.57731010042174,0.01292496549068,0.0,-0.005360440510336351,0.0,0.4908137817550154,0.0,0.58,-1.5905098335181416,440,nested_validation
2025-04-07,-0.005360440510336351,0.01484015159433194,0.01230818789596344,0.019641739798746727,0.0048734896517215725,64.66870059477141,0.013347978361070763,0.0,-0.00629822288861126,0.0,0.43735899071716566,0.0,0.58,-1.5905098335181416,440,nested_validation
2025-04-08,-0.00629822288861126,0.008917821373616075,0.00489715208011221,0.011798428429115937,0.005074306663954942,58.50449161994764,0.00915855227599198,0.0,0.005962451246217082,1.0,0.3799933619052537,-1.0,0.58,-1.5905098335181416,440,nested_validation
2025-04-09,0.005962451246217082,0.01708561668075048,0.009096231057789561,0.016398080383740465,0.005017857596065589,62.15872702682366,0.011164182552634731,0.0,-0.0025847176829949525,0.0,0.442276231537688,0.0,0.58,-1.5905098335181416,440,nested_validation
2025-04-10,-0.0025847176829949525,0.003975575671662401,0.0045493215107357265,0.012323903990469232,0.005018618646837971,59.69011645401089,0.02485540840485995,0.0,0.027919435356977162,1.0,0.44632518080237144,0.0,0.58,-1.5905098335181416,440,nested_validation
2025-04-11,0.027919435356977162,0.019385991007931258,0.028287031851372157,0.03782875759946802,0.007774327818457971,72.40545502037388,0.019627565675913585,0.0,0.007577279343956134,1.0,0.4884749662642334,0.0,0.58,-1.5905098335181416,440,nested_validation
2025-04-14,0.007577279343956134,0.03264559872132011,0.03118814872131237,0.04271506051476237,0.007873938165281653,74.79418749940734,0.011028219028330849,0.0,-0.0003062430815494732,0.0,0.4565688893563001,0.0,0.58,-1.5905098335181416,440,nested_validation
2025-04-15,-0.0003062430815494732,0.038872408130252056,0.026014790748607686,0.03967312132439238,0.007884233130060292,74.51132031121898,0.008130437703280653,0.0,-0.004144378660155601,0.0,0.3823056319556664,-1.0,0.58,-1.5905098335181416,440,nested_validation
2025-04-16,-0.004144378660155601,0.028434934335490603,0.01719133219294844,0.03326223555008112,0.007994421174922953,70.62008268770018,0.008498170586235799,0.0,0.009220013132087201,1.0,0.36760726815610295,-1.0,0.58,-1.5905098335181416,440,nested_validation
2025-04-17,0.009220013132087201,0.04060679271373302,0.022076244605722106,0.040878272306344776,0.008099074590975067,73.87523329890846,0.004831218533352594,0.0,0.010177273336324122,1.0,0.4391376404599932,0.0,0.58,-1.5905098335181416,440,nested_validation
2025-04-22,0.010177273336324122,0.022645643540882388,0.028153415995104236,0.04915646958108555,0.008096199287898303,76.94032914205548,0.00804121595602375,0.0,-0.01403016623455533,0.0,0.4264924815658677,0.0,0.58,-1.5905098335181416,440,nested_validation
2025-04-23,-0.01403016623455533,0.0007150576276124809,0.010419229623171322,0.03289714262106336,0.008856258378340089,65.42787059638965,0.00899284938723211,0.0,-0.0021068835399171704,0.0,0.3547026947127672,-1.0,0.58,-1.5905098335181416,440,nested_validation
2025-04-24,-0.0021068835399171704,-0.0010874223894845603,0.004606348419317952,0.029197768752373454,0.008832195636841065,63.90324579025002,0.006355254161229491,0.0,0.003934726147248657,1.0,0.4653374794725199,0.0,0.58,-1.5905098335181416,440,nested_validation
2025-04-25,0.003934726147248657,0.007016482669656154,0.0050697646299915355,0.031816946447142946,0.008791539281834558,65.51597282241406,0.005992800211584592,0.0,-0.0025294967307852856,0.0,0.49014680294165486,0.0,0.58,-1.5905098335181416,440,nested_validation
2025-04-28,-0.0025294967307852856,-0.004707373319368657,-0.0009257849293453635,0.027786718530248056,0.008733085974711417,63.54278366256876,0.006803451739968306,0.0,0.005818618549439547,1.0,0.4859751210572957,0.0,0.58,-1.5905098335181416,440,nested_validation
2025-04-29,0.005818618549439547,-0.009001804689127035,0.00355005926656915,0.032041717044901885,0.008738555050507133,66.06801571896028,0.004222687137375672,0.0,-0.0017425088679666745,0.0,0.572018304611808,0.0,0.58,-1.5905098335181416,440,nested_validation
2025-04-30,-0.0017425088679666745,0.0033485186756185836,0.0013951184020586371,0.028667755790968474,0.008793529968654734,64.61617655101684,0.006303219822135343,0.0,-0.00565124200256939,0.0,0.48969966524295927,0.0,0.58,-1.5905098335181416,440,nested_validation
2025-05-01,-0.00565124200256939,-0.00021521651254741148,-0.004134690395942497,0.021606629341182293,0.00895470259380281,60.01781027572087,0.006532832477931085,0.0,-0.002507785777999927,0.0,0.42387789137411414,0.0,0.58,-1.5905098335181416,440,nested_validation
2025-05-02,-0.002507785777999927,-0.00663109716946908,-0.006665532677978314,0.01795185190009896,0.00896482511610913,58.05459093992072,0.009153889907230648,0.0,0.002366562932993199,1.0,0.48081653194514296,0.0,0.58,-1.5905098335181416,440,nested_validation
2025-05-05,0.002366562932993199,-0.0017551701115159357,-0.003670300156691897,0.019101787303639206,0.00876923192696411,59.400846397456334,0.004564349164130663,0.0,-0.0008710742701883989,0.0,0.5894991083273639,1.0,0.58,-1.5905098335181416,440,nested_validation
2025-05-06,-0.0008710742701883989,-0.008394489714056763,-0.002788466534645151,0.016821013486517877,0.00844743169267709,58.652882245977885,0.007069186758496164,0.0,0.0025974827882915275,1.0,0.4623576543874914,0.0,0.58,-1.5905098335181416,440,nested_validation
2025-05-07,0.0025974827882915275,-0.004083417992410743,-0.00012333747789428084,0.017916059730723743,0.008313417418276283,60.25847850877697,0.004465268655478779,0.0,-0.0032222829801346053,0.0,0.6130635725584664,1.0,0.58,-1.5905098335181416,440,nested_validation
2025-05-08,-0.0032222829801346053,-0.001650629146441207,-0.003159539081947438,0.013112751598413963,0.008192713777454765,57.279204957362694,0.008900467750341734,0.0,-0.0072507998190278755,0.0,0.4919820509061096,0.0,0.58,-1.5905098335181416,440,nested_validation
2025-05-09,-0.0072507998190278755,-0.0063977189144582836,-0.009097216084629323,0.004456564955147124,0.008360951554245714,51.168388986915794,0.0081345100516547,0.0,0.0004828175986058003,1.0,0.4396996974703399,0.0,0.58,-1.5905098335181416,440,nested_validation
2025-05-12,0.0004828175986058003,-0.008264993552744904,-0.007624462850091773,0.003482002829679587,0.008319374592697548,51.53646601125949,0.014946746906352474,0.0,-0.01193882024732218,0.0,0.48424045530342447,0.0,0.58,-1.5905098335181416,440,nested_validation
2025-05-13,-0.01193882024732218,-0.019250834163827002,-0.016747650924454738,-0.009367612380265289,0.006206476717853066,42.91767280063228,0.007277243599213336,0.0,0.008109462705120585,1.0,0.5225902866871667,0.0,0.58,-1.5905098335181416,440,nested_validation
2025-05-14,0.008109462705120585,-0.013858969733346105,-0.006981431826706852,-0.00240778744787995,0.006242967794633296,49.073353602491366,0.007342436554985679,0.0,-0.00032419902750946417,0.0,0.5035879803709501,0.0,0.58,-1.5905098335181416,440,nested_validation
2025-05-15,-0.00032419902750946417,-0.010991811443145205,-0.006041803032268311,-0.0038063923563865787,0.006242915309154161,48.8447388695316,0.0047351393372531995,0.0,0.0009625714399328356,1.0,0.5164924681757829,0.0,0.58,-1.5905098335181416,440,nested_validation
2025-05-16,0.0009625714399328356,-0.002809390919120691,-0.0041661715751900585,-0.004020826780358644,0.00620031604726977,49.59531459034201,0.007013868830193952,0.0,-0.0004587228270362953,0.0,0.5322759218957673,0.0,0.58,-1.5905098335181416,440,nested_validation
2025-05-19,-0.0004587228270362953,-0.003747833093244113,-0.0034200023039155925,-0.005300478966161926,0.005792943109454269,49.22428925838522,0.010054550946982916,0.0,0.004100138468513537,1.0,0.5282230066065455,0.0,0.58,-1.5905098335181416,440,nested_validation
2025-05-20,0.004100138468513537,0.012424087940612338,0.0013791900951480862,-0.0017832439460919725,0.00534556131821253,52.63360214494532,0.0052144241858783,0.0,0.004853828028530183,1.0,0.5485633082065018,0.0,0.58,-1.5905098335181416,440,nested_validation
2025-05-21,0.004853828028530183,0.009154519416505469,0.006731507857504759,0.0021612721120012335,0.004616275180555159,56.382623868312415,0.00663532024370413,0.0,0.003829962183004687,1.0,0.45491976269921736,0.0,0.58,-1.5905098335181416,440,nested_validation
2025-05-22,0.003829962183004687,0.013348069521346373,0.010362141898364374,0.004763062826383946,0.004678994970268012,59.14385439613672,0.006835878425158877,0.0,-0.0043547334541853555,0.0,0.4250786448932656,0.0,0.58,-1.5905098335181416,440,nested_validation
2025-05-23,-0.0043547334541853555,0.007964970489221956,0.005445742666040587,-0.0005028238569783072,0.004681716210627434,54.87392143446544,0.00856507721555689,0.0,0.008063275420608917,1.0,0.41978033402387777,-1.0,0.58,-1.5905098335181416,440,nested_validation
2025-05-26,0.008063275420608917,0.016558788381857648,0.012261382569795476,0.006306041325262912,0.004997827010531617,60.53116609864742,0.004360702483782845,0.0,0.0013780624862818058,1.0,0.4943333510487001,0.0,0.58,-1.5905098335181416,440,nested_validation
2025-05-27,0.0013780624862818058,0.013802937489733047,0.011020531477653916,0.00730464473752801,0.004836803881583662,61.42833789519314,0.0073632786310732995,0.0,-0.004512133069928481,0.0,0.3996059486384375,-1.0,0.58,-1.5905098335181416,440,nested_validation
2025-05-28,-0.004512133069928481,0.004353564248392061,0.005106484725769134,0.002777420974492628,0.004921360860612984,56.86422686346704,0.00540921807814245,0.0,-0.009121845100342862,0.0,0.46812627809131624,0.0,0.58,-1.5905098335181416,440,nested_validation
2025-05-29,-0.009121845100342862,-0.008604998753851678,-0.00451868529309285,-0.006059168961887851,0.005165056787503412,48.977363953566844,0.012669501849419791,0.0,0.012880357778047635,1.0,0.4888586189288527,0.0,0.58,-1.5905098335181416,440,nested_validation
2025-05-30,0.012880357778047635,0.008556518372560218,0.006647090804763334,0.00648873770632119,0.005887961955039233,57.79713411403141,0.006682539759037155,0.0,-0.0022025434804063826,0.0,0.5214327345669816,0.0,0.58,-1.5905098335181416,440,nested_validation
2025-06-02,-0.0022025434804063826,-0.0017143235691137182,0.002959123226460747,0.004400656346655207,0.005895029404429428,55.99179753385416,0.008210859241708002,0.0,0.008819226592268192,1.0,0.5002364758789053,0.0,0.58,-1.5905098335181416,440,nested_validation
2025-06-03,0.008819226592268192,0.005703861251646458,0.009841712624337307,0.013436022725300534,0.006182412370517423,61.20559397119041,0.0076402156404704324,0.0,-0.006022474969410219,0.0,0.46920858037198543,0.0,0.58,-1.5905098335181416,440,nested_validation
2025-06-04,-0.006022474969410219,0.004178019771726493,0.002906576063101518,0.007233965214703542,0.006329266300423296,56.260583561495885,0.006606191153678929,0.0,0.003300948975709872,1.0,0.4638410518333587,0.0,0.58,-1.5905098335181416,440,nested_validation
2025-06-05,0.003300948975709872,0.01676755632941318,0.005412392896720686,0.010276617878017591,0.006312376979863055,58.240106467825036,0.007713402017741666,0.0,0.002783278827282132,1.0,0.4733406867870758,0.0,0.58,-1.5905098335181416,440,nested_validation
2025-06-06,0.002783278827282132,0.006631727144852606,0.006686676404361602,0.012843847337411063,0.006068072120227344,59.89371898334564,0.007542953275300103,0.0,-0.00401553968688928,0.0,0.4817503010659454,0.0,0.58,-1.5905098335181416,440,nested_validation
2025-06-09,-0.00401553968688928,0.004802679084332517,0.002335688608648745,0.008584386079642181,0.006166802607252772,56.413274954447104,0.004625067048320038,0.0,0.0017713400708556648,1.0,0.5400888901693589,0.0,0.58,-1.5905098335181416,440,nested_validation
2025-06-10,0.0017713400708556648,-0.002217146739684761,0.003762230736581884,0.01031464217219935,0.0054299090819453005,57.579609936265115,0.006449458000601454,0.0,0.0008235503479774309,1.0,0.5231995531173433,0.0,0.58,-1.5905098335181416,440,nested_validation
2025-06-11,0.0008235503479774309,0.004655087795462531,0.0037040999162529786,0.011003091796206066,0.005213828869116252,58.14142706338209,0.00742565718030146,0.0,0.0062840581474452595,1.0,0.46565274025953907,0.0,0.58,-1.5905098335181416,440,nested_validation
2025-06-12,0.0062840581474452595,0.0076422232206736496,0.007574112234717489,0.016803731666666044,0.005319664295387292,62.25288900650579,0.010936505830458835,0.0,0.00789975565342127,1.0,0.43723573919372255,0.0,0.58,-1.5905098335181416,440,nested_validation
2025-06-13,0.00789975565342127,0.01278349172105897,0.013564939594606473,0.02392031444644127,0.005499178559376667,66.70774625381704,0.010273662549960184,0.0,-0.0037559350278424386,0.0,0.4562417760318955,0.0,0.58,-1.5905098335181416,440,nested_validation
2025-06-16,-0.0037559350278424386,0.013047475069728698,0.007966967500791844,0.019374356957702066,0.00561282105708553,62.878122774951855,0.00778373192909345,0.0,-0.00046201692721115073,0.0,0.4499718211468693,0.0,0.58,-1.5905098335181416,440,nested_validation
2025-06-17,-0.00046201692721115073,0.010788978966555174,0.006641694259708508,0.01819095884282218,0.005600901317526096,62.40530740838953,0.005329221315522837,0.0,-0.00594800541714724,0.0,0.4486658828560203,0.0,0.58,-1.5905098335181416,440,nested_validation
2025-06-18,-0.00594800541714724,0.003949997274462103,-0.00020117760413951302,0.01171893973063809,0.005761475016619943,56.51604100161176,0.0041507069677290094,0.0,-0.0004476588490742728,0.0,0.47617914479102685,0.0,0.58,-1.5905098335181416,440,nested_validation
2025-06-19,-0.0004476588490742728,-0.0027661056048284838,-0.0011310389903438356,0.010757546939285989,0.005726990226275305,56.08956816688149,0.003345754367225947,0.0,0.0030739436330802228,1.0,0.5168553960753729,0.0,0.58,-1.5905098335181416,440,nested_validation
2025-06-20,0.0030739436330802228,-0.007540849608555056,0.001425714010069301,0.013006504091181093,0.0056299096196007125,58.40938620452722,0.0033401607580501986,0.0,-0.0010350377251370224,0.0,0.5621220659343845,0.0,0.58,-1.5905098335181416,440,nested_validation
2025-06-23,-0.0010350377251370224,-0.0048302894955361,-0.0004195956580709259,0.011153655591694456,0.005406323511045272,57.308149917924126,0.008365065674726302,0.0,0.008536921477964032,1.0,0.4739750387457689,0.0,0.58,-1.5905098335181416,440,nested_validation
2025-06-24,0.008536921477964032,0.004129320923664359,0.006617720618534051,0.018283326376738573,0.005677841598690667,63.42662211651459,0.004566605659372102,0.0,0.0011379258177608431,1.0,0.523856829631668,0.0,0.58,-1.5905098335181416,440,nested_validation
2025-06-25,0.0011379258177608431,0.011287086672131075,0.006236866300771471,0.01817073639431066,0.005538770660387643,64.17004081155375,0.0034829899345615095,0.0,0.006157340641507414,1.0,0.47767809915369,0.0,0.58,-1.5905098335181416,440,nested_validation
2025-06-26,0.006157340641507414,0.01796962886357867,0.010904809176024655,0.022939668035397487,0.005096385557029125,67.96846906856649,0.006403507384679461,0.0,0.0007249234392081583,1.0,0.4101662664172004,-1.0,0.58,-1.5905098335181416,440,nested_validation
2025-06-27,0.0007249234392081583,0.015585725632788039,0.01083336538519819,0.02219106424401729,0.004443014779532141,68.39588508444827,0.005695371395595903,0.0,0.003013925168278808,1.0,0.4292925032799576,0.0,0.58,-1.5905098335181416,440,nested_validation
2025-06-30,0.003013925168278808,0.01970205510725309,0.012385302176096902,0.02366130408362177,0.004378207007870846,70.17882833812908,0.00533590114194363,0.0,0.005092043354437914,1.0,0.4665935740856347,0.0,0.58,-1.5905098335181416,440,nested_validation
2025-07-01,0.005092043354437914,0.016219040031309362,0.015473130478853347,0.027218822729078163,0.004141226789886053,72.96246330878085,0.005303103472513336,0.0,0.0015583858686389895,1.0,0.4794651451723208,0.0,0.58,-1.5905098335181416,440,nested_validation
2025-07-02,0.0015583858686389895,0.016645833880844174,0.014234217220467693,0.027275083645781795,0.0037706850520560064,73.7734290712156,0.00514813185712422,0.0,-0.00044844072685967795,0.0,0.47947297969795794,0.0,0.58,-1.5905098335181416,440,nested_validation
2025-07-03,-0.00044844072685967795,0.009971191818006986,0.01097618169287573,0.025419305346437993,0.003785804618684379,73.09297000002496,0.007838252112915523,0.0,-0.002436668096811645,0.0,0.41775312983646606,-1.0,0.58,-1.5905098335181416,440,nested_validation
2025-07-04,-0.002436668096811645,0.006780388534421311,0.0062823433385430505,0.02147192650570484,0.0038766431369946295,69.3515258069482,0.0025663712602065716,0.0,0.0007892943572744837,1.0,0.5062425898508189,0.0,0.58,-1.5905098335181416,440,nested_validation
2025-07-07,0.0007892943572744837,0.0045474039107304964,0.004672527126026171,0.021073243522146567,0.0036789001777310427,69.8879055987061,0.006028371342008049,0.0,-0.003755652578407487,0.0,0.48223531943061837,0.0,0.58,-1.5905098335181416,440,nested_validation
2025-07-08,-0.003755652578407487,-0.004295497631170542,-0.00027290793867618124,0.016216579618730353,0.003860016837733229,64.13201925170515,0.006828623787012756,0.0,-0.001020078368183186,0.0,0.481066813234959,0.0,0.58,-1.5905098335181416,440,nested_validation
2025-07-09,-0.001020078368183186,-0.006858891324464045,-0.002247329753299998,0.014045943937817329,0.0038931246454726,62.62893308205379,0.0032395623957388493,0.0,0.0005631767029687929,1.0,0.47503168971932686,0.0,0.58,-1.5905098335181416,440,nested_validation
2025-07-10,0.0005631767029687929,-0.0058537617276017695,-0.002088159764411679,0.013163913645471093,0.003718860771218248,63.142022491977535,0.007256612204391952,0.0,-0.0024225628397964716,0.0,0.46217963539456425,0.0,0.58,-1.5905098335181416,440,nested_validation
2025-07-11,-0.0024225628397964716,-0.0058397047873022245,-0.004594874174304708,0.009766522366178032,0.0034248495616173826,59.36419840455019,0.004086899247405872,0.0,-0.0017639848026553828,0.0,0.47317783123774043,0.0,0.58,-1.5905098335181416,440,nested_validation
2025-07-14,-0.0017639848026553828,-0.008376071610676772,-0.005967343883292675,0.0070330055660909885,0.0033288294024807004,56.709996523294606,0.003595328450647426,0.0,-0.0013532100753279597,0.0,0.47029184471385754,0.0,0.58,-1.5905098335181416,440,nested_validation
2025-07-15,-0.0013532100753279597,-0.005984771244658127,-0.00629044427287595,0.005055560375952339,0.003347926252014438,54.69333930004689,0.007709270007357149,0.0,-0.005049252023216044,0.0,0.489067507636844,0.0,0.58,-1.5905098335181416,440,nested_validation
2025-07-16,-0.005049252023216044,-0.009993920863861971,-0.009636423348418965,-0.0006589721208359878,0.0032660966751739107,47.86315795935765,0.0131555082856235,0.0,0.002443466592229049,1.0,0.48661606543933117,0.0,0.58,-1.5905098335181416,440,nested_validation
2025-07-17,0.002443466592229049,-0.008133470205423987,-0.005821206591996253,0.0011688535265577116,0.0032828660494039446,51.03388643832497,0.005703746156300245,0.0,-0.0017422791502890167,0.0,0.5018224436898104,0.0,0.58,-1.5905098335181416,440,nested_validation
2025-07-18,-0.0017422791502890167,-0.007457080987652187,-0.006228666728996357,-0.0010385962751982003,0.0032758227644563956,48.75165541108157,0.004899950450400332,0.0,0.0013141727864733888,1.0,0.4922310928311389,0.0,0.58,-1.5905098335181416,440,nested_validation
2025-07-21,0.0013141727864733888,-0.004396478612882282,-0.003643705392498142,-0.00036456803602247234,0.003262576491573459,50.54503790964194,0.008752249892559653,0.0,0.0054848129625788555,1.0,0.49711675654350057,0.0,0.58,-1.5905098335181416,440,nested_validation
2025-07-22,0.0054848129625788555,0.0024207062862748874,0.002181701966584182,0.004351450096314213,0.002941831116011472,57.27402194702314,0.005926143389102445,0.0,0.0038152555175337,1.0,0.5077107776465714,0.0,0.58,-1.5905098335181416,440,nested_validation
2025-07-23,0.0038152555175337,0.011351767374421895,0.005879514618541082,0.007313314863154785,0.003031266296387425,61.24576213064885,0.0034239084406850672,0.0,0.002990702834968051,1.0,0.4609336154493365,0.0,0.58,-1.5905098335181416,440,nested_validation
2025-07-24,0.002990702834968051,0.011903866679479957,0.00851539074161578,0.009560872316482394,0.00280868030013609,64.07562956877413,0.004616395981398936,0.0,-0.0015400473566333783,0.0,0.45592261217271945,0.0,0.58,-1.5905098335181416,440,nested_validation
2025-07-25,-0.0015400473566333783,0.01210886297421565,0.0065020176614922764,0.007557222189954027,0.0028383944319869178,61.57475457047888,0.0045325590021574385,0.0,5.871164147408514e-05,1.0,0.4513317569127027,0.0,0.58,-1.5905098335181416,440,nested_validation
2025-07-28,5.871164147408514e-05,0.010839867301820849,0.005917647412209126,0.007040595412471262,0.002768102547155266,61.636134578727074,0.013669376741030042,0.0,-0.013614622984389979,0.0,0.44061667323242165,0.0,0.58,-1.5905098335181416,440,nested_validation
2025-07-29,-0.013614622984389979,-0.008361289244033454,-0.0071868253102392865,-0.006798660055650885,0.0038729976185247848,44.05933479446601,0.006983608764949659,0.0,-0.003950425906899091,0.0,0.4722856464959989,0.0,0.58,-1.5905098335181416,440,nested_validation
2025-07-30,-0.003950425906899091,-0.01603277089719457,-0.010630749310843512,-0.010915104172936396,0.0038908681282158845,40.499546420840474,0.00981636563193576,0.0,-0.010526402697315418,0.0,0.485116844657061,0.0,0.58,-1.5905098335181416,440,nested_validation
2025-07-31,-0.010526402697315418,-0.029293500870560596,-0.019311526401968315,-0.021192110038195877,0.0043960013754383515,32.90147587941745,0.004700740682950274,0.0,-0.0004912575965008159,0.0,0.5020178633424656,0.0,0.58,-1.5905098335181416,440,nested_validation
2025-08-01,-0.0004912575965008159,-0.028273863544410638,-0.01817798262695769,-0.021424227340902435,0.004397620369172972,32.59734981124484,0.01648661035541538,0.0,0.014263281535664252,1.0,0.5229197255390745,0.0,0.58,-1.5905098335181416,440,nested_validation
2025-08-04,0.014263281535664252,-0.014471722067497805,-0.0037966905665927086,-0.007709678727773506,0.005570612186595617,47.704540386193024,0.003269574958341767,0.0,-0.00022017339786817303,0.0,0.5205189332852356,0.0,0.58,-1.5905098335181416,440,nested_validation
2025-08-05,-0.00022017339786817303,-0.0010889113097003467,-0.0030696617429980533,-0.00788591144826789,0.005530436050402779,47.524939248933464,0.00501725140036421,0.0,-0.0004284036012656145,0.0,0.5234707816587599,0.0,0.58,-1.5905098335181416,440,nested_validation
2025-08-06,-0.0004284036012656145,0.002443229285726378,-0.0021228024246585653,-0.008217284140878078,0.005529895764714902,47.15303058313711,0.007025927003866549,0.0,0.007254479395229607,1.0,0.5197043673437849,0.0,0.58,-1.5905098335181416,440,nested_validation
2025-08-07,0.007254479395229607,0.020457176209614847,0.006079517820934299,-0.0009637253537236878,0.005787094453774507,53.75044831782932,0.006952838444550961,0.0,0.0011559956311337771,1.0,0.5013330789287489,0.0,0.58,-1.5905098335181416,440,nested_validation
2025-08-08,0.0011559956311337771,0.022138953772792513,0.007933599077026843,0.00023560562936397744,0.005773199704139392,54.72737815672794,0.004153205832639938,0.0,-0.0024576614146440967,0.0,0.4801683481732047,0.0,0.58,-1.5905098335181416,440,nested_validation
2025-08-11,-0.0024576614146440967,0.0052881740546846245,0.00640221880797287,-0.001996083891924627,0.005785193828375252,52.19995327897428,0.0073553289419078524,0.0,-0.0025329006384294805,0.0,0.4693605069663722,0.0,0.58,-1.5905098335181416,440,nested_validation
2025-08-12,-0.0025329006384294805,0.0029627047034455067,0.003664988186966367,-0.004044008094964968,0.005803353773262124,49.66074143180244,0.00819596271883518,0.0,0.005044498085522209,1.0,0.5051988363395301,0.0,0.58,-1.5905098335181416,440,nested_validation
2025-08-13,0.005044498085522209,0.00845417354683109,0.007630221116484259,0.001347703801946043,0.0057976031309420846,54.4056012450339,0.005030306488936114,0.0,0.0030687789312300318,1.0,0.5015210029146068,0.0,0.58,-1.5905098335181416,440,nested_validation
2025-08-14,0.0030687789312300318,0.004263487688902057,0.008255525689867538,0.0046714754694034966,0.00581066301323625,57.06997604858816,0.006588986377978007,0.0,-0.0052547013700186,0.0,0.5100864883838843,0.0,0.58,-1.5905098335181416,440,nested_validation
2025-08-15,-0.0052547013700186,-0.0021671075000480045,0.0009962485647081465,-0.00026434635771244164,0.005923155816965695,51.50305979224165,0.005785535843219124,0.0,0.004741219356902748,1.0,0.5170591384543861,0.0,0.58,-1.5905098335181416,440,nested_validation
2025-08-18,0.004741219356902748,0.005033870087752135,0.004707194091212452,0.00468882551746308,0.006002763928662821,55.68164460571738,0.004211422642539655,0.0,-0.003267246064411977,0.0,0.533143210318673,0.0,0.58,-1.5905098335181416,440,nested_validation
2025-08-19,-0.003267246064411977,0.004293953928182992,0.0007013417096297658,0.0016016745507787533,0.005930557316579609,52.32027987562687,0.004491366670099402,0.0,-0.002212071132819071,0.0,0.539359159164846,0.0,0.58,-1.5905098335181416,440,nested_validation
2025-08-20,-0.002212071132819071,-0.0029571962508625482,-0.0020545610932356517,-0.0003792907341059193,0.005877121459946727,50.12137122954342,0.004183706276378545,0.0,0.0007923034548853458,1.0,0.5248889542400365,0.0,0.58,-1.5905098335181416,440,nested_validation
2025-08-21,0.0007923034548853458,-0.005219995711154057,-0.001166151173312202,0.0006401482902143041,0.005833147433207466,50.915330798453425,0.005086350818757713,0.0,-0.003321295517033751,0.0,0.5059511498565,0.0,0.58,-1.5905098335181416,440,nested_validation
2025-08-22,-0.003321295517033751,-0.0032865224035915075,-0.003940543755284742,-0.0024271281200801686,0.005861786287559228,47.4993445908685,0.012636660718034123,0.0,0.008313816789309092,1.0,0.5334117317990454,0.0,0.58,-1.5905098335181416,440,nested_validation
2025-08-25,0.008313816789309092,0.00025753047520327144,0.003809729226345704,0.0057873242851382845,0.00617552172273493,55.51773541933089,0.004484091279752688,0.0,-0.007784397121532227,0.0,0.5603094301991878,0.0,0.58,-1.5905098335181416,440,nested_validation
2025-08-26,-0.007784397121532227,-0.004275594721433462,-0.0040043243404099815,-0.001905388472298708,0.005649798678555552,48.055476426475195,0.00533507102517887,0.0,0.0018041788739109332,1.0,0.49835976622543265,0.0,0.58,-1.5905098335181416,440,nested_validation
2025-08-27,0.0018041788739109332,-0.0002676507147932883,-0.001885244024710797,-0.0001963185017632707,0.005581841728035846,49.72888667295073,0.005846978741778599,0.0,0.0007338296814596301,1.0,0.5247400557244316,0.0,0.58,-1.5905098335181416,440,nested_validation
2025-08-28,0.0007338296814596301,-0.000326062557766682,-0.0005962457973639479,0.000502421420996102,0.004987935088007878,50.4296443978721,0.004994365475588963,0.0,0.0028852694977008486,1.0,0.5163245447697277,0.0,0.58,-1.5905098335181416,440,nested_validation
2025-08-29,0.0028852694977008486,0.005899154514057425,0.002027532434332402,0.00319934004589717,0.004993093371488751,53.19430885044792,0.004543532775063631,0.0,0.0008769080505828253,1.0,0.5908792282145519,1.0,0.58,-1.5905098335181416,440,nested_validation
2025-09-01,0.0008769080505828253,-0.0015199446670915995,0.0030334107990264148,0.0039035854607536447,0.0039825398454197344,54.03578887953064,0.0040360749754583,0.0,0.0020620331010148263,1.0,0.5204915173380703,0.0,0.58,-1.5905098335181416,440,nested_validation
2025-09-02,0.0020620331010148263,0.008388651977548012,0.0046916489735968625,0.005912130410735683,0.003994105979382047,56.03896876387781,0.008756595936923395,0.0,-0.006818667442679227,0.0,0.48325409928414814,0.0,0.58,-1.5905098335181416,440,nested_validation
2025-09-03,-0.006818667442679227,-0.0002908689874870918,-0.0021033717833918164,-0.0006518879929358068,0.004304992263686444,48.49679782130916,0.006224255983450886,0.0,0.0020988615312806935,1.0,0.4792547388235983,0.0,0.58,-1.5905098335181416,440,nested_validation
2025-09-04,0.0020988615312806935,0.0010727651417030692,-8.34976622802186e-05,0.001772015780068692,0.004023240009106901,50.68208469271464,0.0030612913591002927,0.0,-0.0003031234597824506,0.0,0.5334064638455147,0.0,0.58,-1.5905098335181416,440,nested_validation
2025-09-05,-0.0003031234597824506,-0.0021098654655894444,-0.000762426763790236,0.0017529867275989375,0.004014772185528174,50.34912080807285,0.009086950510342659,0.0,0.004825879723410198,1.0,0.5022859698644333,0.0,0.58,-1.5905098335181416,440,nested_validation
2025-09-08,0.004825879723410198,0.001827321857020836,0.00402907606962688,0.0067132123634461305,0.0041114418389053605,55.37415556097447,0.004276328712059705,0.0,0.004778174989349404,1.0,0.5413056499813551,0.0,0.58,-1.5905098335181416,440,nested_validation
2025-09-09,0.004778174989349404,0.004542827548173589,0.0075251286650841465,0.011024170590691718,0.004169026684215108,59.73980675893754,0.005243264054181104,0.0,-0.00564072504420543,0.0,0.4794177496514643,0.0,0.58,-1.5905098335181416,440,nested_validation
2025-09-10,-0.00564072504420543,0.0057342450153190505,0.0012990295425181486,0.004884446781586282,0.004255803278345438,53.10367608570907,0.0035499723030857216,0.0,5.857199639236477e-05,1.0,0.5201917028369332,0.0,0.58,-1.5905098335181416,440,nested_validation
2025-09-11,5.857199639236477e-05,0.0036865537806958226,0.0008825457853249841,0.004155560413252157,0.004201703978421945,53.1615305557185,0.006558151506796042,0.0,0.0026755139493519486,1.0,0.5020230497647379,0.0,0.58,-1.5905098335181416,440,nested_validation
2025-09-12,0.0026755139493519486,0.006677078595060504,0.003104146441046618,0.005947420321049224,0.004061951123013866,55.84155760608298,0.003878067660725016,0.0,-0.0007035886474967556,0.0,0.5595638072116542,0.0,0.58,-1.5905098335181416,440,nested_validation
2025-09-15,-0.0007035886474967556,0.0011374232397063366,0.0021012365015269374,0.00483820970285187,0.003940156737584885,54.94876392790852,0.004882435451678331,0.0,0.0031762058226916245,1.0,0.5154478353522437,0.0,0.58,-1.5905098335181416,440,nested_validation
2025-09-16,0.0031762058226916245,-0.00045874129047396295,0.0048734356287925,0.007512910952418794,0.003915606102033448,58.19576677878704,0.008008603041424835,0.0,0.009152790526439691,1.0,0.4936841484460406,0.0,0.58,-1.5905098335181416,440,nested_validation
2025-09-17,0.009152790526439691,0.014411868907111769,0.012035965600411869,0.01588690370903101,0.00429902045308871,65.85679462097809,0.0032549212684412315,0.0,-0.003796270085562381,0.0,0.49267424287495437,0.0,0.58,-1.5905098335181416,440,nested_validation
2025-09-18,-0.003796270085562381,0.010501700372791412,0.0067701948567602255,0.01155949344086693,0.004423714558983595,60.831724829724756,0.008205809818586745,0.0,-0.0029830694629607857,0.0,0.431771971250333,0.0,0.58,-1.5905098335181416,440,nested_validation
2025-09-19,-0.0029830694629607857,0.004798950001117186,0.0026219352338947566,0.008213055623768728,0.004408725149113088,57.15520902901238,0.00538546930258252,0.0,-0.00458919468691954,0.0,0.48888563815963426,0.0,0.58,-1.5905098335181416,440,nested_validation
2025-09-22,-0.00458919468691954,0.0008919482104816634,-0.0021810770810100077,0.0033316605479813965,0.004196667085205051,51.967251778285004,0.005087821364685464,0.0,0.005463925860591967,1.0,0.4945382901103874,0.0,0.58,-1.5905098335181416,440,nested_validation
2025-09-23,0.005463925860591967,0.0031744590519509064,0.00299854036560232,0.008289070413306954,0.003933178050715112,56.95411608731271,0.0032452262061865166,0.0,0.0011342028214857969,1.0,0.5403696679364917,0.0,0.58,-1.5905098335181416,440,nested_validation
2025-09-24,0.0011342028214857969,-0.004796625662665477,0.0031836253966168737,0.009037802107069837,0.003927228143950226,57.93572971128623,0.007215944154051,0.0,-0.005907559229970882,0.0,0.5169408500670194,0.0,0.58,-1.5905098335181416,440,nested_validation
2025-09-25,-0.005907559229970882,-0.006905794718775615,-0.0030917969951793633,0.002986113694619208,0.004187111057811153,51.35886768470059,0.007356774322421597,0.0,-0.0069743194983751255,0.0,0.44652722201093054,0.0,0.58,-1.5905098335181416,440,nested_validation
2025-09-26,-0.0069743194983751255,-0.01088134133247598,-0.009439273527727332,-0.0040413929931790715,0.004440840599228193,44.91471130061586,0.003673455286447537,0.0,0.003898836318379839,1.0,0.49817601865562117,0.0,0.58,-1.5905098335181416,440,nested_validation
2025-09-29,0.003898836318379839,-0.0024469644924040024,-0.005422987550531833,-0.00016299207310432884,0.004521193388616866,48.75842826664677,0.00423068558447239,0.0,0.001982573876127436,1.0,0.5461242473467093,0.0,0.58,-1.5905098335181416,440,nested_validation
2025-09-30,0.001982573876127436,-0.005900925545059832,-0.0031777113365631937,0.001639334590245678,0.004519484909653821,50.651465018555236,0.003945006670021323,0.0,0.0003755697563918581,1.0,0.5078096824783191,0.0,0.58,-1.5905098335181416,440,nested_validation
2025-10-01,0.0003755697563918581,-0.006654227575632277,-0.0016533942101610855,0.0017494592320155267,0.004233638141848454,51.02133546165625,0.0052800763534328575,0.0,-0.0001525687209337212,0.0,0.47840445497611084,0.0,0.58,-1.5905098335181416,440,nested_validation
2025-10-02,-0.0001525687209337212,-0.0009035596718846017,-0.0010214844620186625,0.0013621194460979869,0.00421783374129351,50.85452334047622,0.006265313806162644,0.0,-0.0007620456756015637,0.0,0.4967531223642734,0.0,0.58,-1.5905098335181416,440,nested_validation
2025-10-03,-0.0007620456756015637,0.005346692244602824,-0.001222012066461553,0.00028016921533136063,0.004222426643492173,49.97576561663694,0.0034538323040429796,0.0,-0.0010776005590223958,0.0,0.5247655608819591,0.0,0.58,-1.5905098335181416,440,nested_validation
2025-10-06,-0.0010776005590223958,0.00036307818623004806,-0.002090298604292329,-0.0008059167733562855,0.004100347518498086,48.69533130813145,0.006618632076767949,0.0,-0.00018737642672239652,0.0,0.5010891370287727,0.0,0.58,-1.5905098335181416,440,nested_validation
2025-10-07,-0.00018737642672239652,-0.0018033648448824158,-0.0015048831247622685,-0.0012539709435728241,0.003951472189602693,48.463067083149966,0.004767236593890383,0.0,-0.0047551225397653996,0.0,0.5095740179159581,0.0,0.58,-1.5905098335181416,440,nested_validation
2025-10-08,-0.0047551225397653996,-0.006922881895151334,-0.0048964364902486235,-0.006046059461576658,0.0038952978441396326,42.87514139674458,0.004234707602548346,0.0,-0.0019424973329146278,0.0,0.503412090076728,0.0,0.58,-1.5905098335181416,440,nested_validation
2025-10-09,-0.0019424973329146278,-0.008700690280702195,-0.005872754124287227,-0.007931721044854845,0.003913068026988757,40.814657455244244,0.008628762055091627,0.0,-0.005632840619910651,0.0,0.4823024904280925,0.0,0.58,-1.5905098335181416,440,nested_validation
2025-10-10,-0.005632840619910651,-0.013532788226123471,-0.010658119144540734,-0.013196932589519483,0.004014970090020331,35.497615056748,0.005974871158723905,0.0,0.0031094642734201816,1.0,0.47565955194396603,0.0,0.58,-1.5905098335181416,440,nested_validation
2025-10-13,0.0031094642734201816,-0.009397930330167226,-0.006682689947094755,-0.0098767869695493,0.004100557760015412,40.10972684783917,0.006059814610503707,0.0,-0.0030652003132498606,0.0,0.5155587197819371,0.0,0.58,-1.5905098335181416,440,nested_validation
2025-10-14,-0.0030652003132498606,-0.012249242897066859,-0.008329969672166704,-0.01249297397091953,0.00404424329286289,37.2717421651769,0.005364129117951787,0.0,0.0030629787385783036,1.0,0.4959186600619892,0.0,0.58,-1.5905098335181416,440,nested_validation
2025-10-15,0.0030629787385783036,-0.004490011343423417,-0.004152068903268025,-0.009373110655659045,0.003469128196769715,41.697466222637466,0.0039371425770854855,0.0,0.0037966881314350776,1.0,0.538405493581938,0.0,0.58,-1.5905098335181416,440,nested_validation
2025-10-16,0.0037966881314350776,0.0012345250096874594,0.0003821865045159356,-0.005572035615250548,0.0035716105941262415,46.72990399448688,0.003000620800448546,0.0,0.004574577684245185,1.0,0.5400665812127281,0.0,0.58,-1.5905098335181416,440,nested_validation
2025-10-17,0.004574577684245185,0.011512438475482334,0.005178818080167957,-0.0011443055913907818,0.003713433186552161,52.113590730059265,0.006007028289328154,0.0,-0.003602179138539885,0.0,0.47316378304569934,0.0,0.58,-1.5905098335181416,440,nested_validation
2025-10-20,-0.003602179138539885,0.00474457212031143,0.0020316920015750473,-0.004584544253901646,0.0036634192924855495,47.98253847456839,0.002694451693549978,0.0,-0.0011179075454055276,0.0,0.5400710695620501,0.0,0.58,-1.5905098335181416,440,nested_validation
2025-10-21,-0.0011179075454055276,0.006707119560159569,0.0014784749659653151,-0.0053442605039205615,0.0034151002760250716,46.74848144064773,0.0049692610154,0.0,-0.0037817161497502028,0.0,0.5368665933571065,0.0,0.58,-1.5905098335181416,440,nested_validation
2025-10-22,-0.0037817161497502028,-0.0001624421935428888,-0.001843424526142834,-0.008816885361219051,0.003453657668152109,42.74768408732068,0.0033505934368035224,0.0,0.0006965288242495316,1.0,0.48709292272476357,0.0,0.58,-1.5905098335181416,440,nested_validation
2025-10-23,0.0006965288242495316,-0.0032503739900479056,-0.0009462083992708425,-0.007858148371650442,0.0032707192484372873,43.69977524466613,0.0029926400893828128,0.0,0.0008249220313643058,1.0,0.5153699126954956,0.0,0.58,-1.5905098335181416,440,nested_validation
2025-10-24,0.0008249220313643058,-0.006970822379545161,-0.0005659163314467586,-0.006709465920568647,0.002932246660493629,44.86990783909756,0.003954679305387493,0.0,0.0011747476354981856,1.0,0.5215840170610878,0.0,0.58,-1.5905098335181416,440,nested_validation
2025-10-27,0.0011747476354981856,-0.0022100455425635435,0.0003561550432846783,-0.005273866046010656,0.0027995232783479484,46.57422436852556,0.0026531734159566736,0.0,0.001724439736437322,1.0,0.5470334189719848,0.0,0.58,-1.5905098335181416,440,nested_validation
2025-10-28,0.001724439736437322,0.0006291940296796472,0.0013500022733279327,-0.0032403279175670097,0.002789436574603009,49.06631946221745,0.00349348355742333,0.0,0.0005246466257384785,1.0,0.5390277130232597,0.0,0.58,-1.5905098335181416,440,nested_validation
2025-10-29,0.0005246466257384785,0.004954623890877086,0.0013969426145361563,-0.0021097411808550515,0.00279152873410132,49.83433875668124,0.003953442190187749,0.0,-0.004676089129250993,0.0,0.5377785897657527,0.0,0.58,-1.5905098335181416,440,nested_validation
2025-10-30,-0.004676089129250993,-0.0004408552571452118,-0.0029176264306239874,-0.006143625638985184,0.002946964123971288,43.53070284310355,0.007503084419870683,0.0,-0.0026617087187807975,0.0,0.5026950401853902,0.0,0.58,-1.5905098335181416,440,nested_validation
2025-10-31,-0.0026617087187807975,-0.003923076346899257,-0.0044839957215232484,-0.008169972881754584,0.002982487791655744,40.41182908654653,0.004669391448366342,0.0,-0.00383881271845421,0.0,0.5181465306135961,0.0,0.58,-1.5905098335181416,440,nested_validation
2025-11-03,-0.00383881271845421,-0.008911108441904014,-0.007200326568553073,-0.011387395555270019,0.0030619114398330073,36.37476295902521,0.0031104120264441233,0.0,-0.0007718380054317908,0.0,0.47640712292982207,0.0,0.58,-1.5905098335181416,440,nested_validation
2025-11-04,-0.0007718380054317908,-0.011380882605406595,-0.006895124648345852,-0.011353660148389455,0.003058821161927229,35.60750321540924,0.0051577368795624615,0.0,-0.0029173258419082915,0.0,0.5162033388779871,0.0,0.58,-1.5905098335181416,440,nested_validation
2025-11-05,-0.0029173258419082915,-0.014781898057187215,-0.008810899897212177,-0.013309370997105718,0.0029653375184274544,32.794015837919886,0.0024228915088675192,0.0,0.0009772937991558983,1.0,0.5290421579826046,0.0,0.58,-1.5905098335181416,440,nested_validation
2025-11-06,0.0009772937991558983,-0.009185915545917744,-0.006884851856454821,-0.011643451687522566,0.0029737128354117236,34.65137528194792,0.004269723154418958,0.0,0.004561919954874316,1.0,0.5158811539300286,0.0,0.58,-1.5905098335181416,440,nested_validation
2025-11-07,0.004561919954874316,-0.002009541096753331,-0.0017607856531636212,-0.006811480420126137,0.002937432242183215,42.62961698643263,0.005149057392713864,0.0,-0.0004617997950285835,0.0,0.5416866941330754,0.0,0.58,-1.5905098335181416,440,nested_validation
2025-11-10,-0.0004617997950285835,0.0013736731061297913,-0.001463862797395965,-0.006802215804736944,0.002845833349801538,42.06717011592699,0.0033356027810422326,0.0,0.0011557557451913336,1.0,0.5223874183934653,0.0,0.55,-1.0660519496761276,503,nested_validation
2025-11-11,0.0011557557451913336,0.0033054057250994084,0.0005083089236519456,-0.005157245368866303,0.002785005581013032,44.05565667408801,0.005033162284619985,0.0,0.0026187998451556727,1.0,0.5447219448051386,0.0,0.55,-1.0660519496761276,503,nested_validation
2025-11-12,0.0026187998451556727,0.008876082031650245,0.0037399875385035752,-0.0021271548063747092,0.0027618653186162897,48.38384494780261,0.0029976478063203334,0.0,0.0004056464170609786,1.0,0.5470967223923562,0.0,0.55,-1.0660519496761276,503,nested_validation
2025-11-13,0.0004056464170609786,0.008299923736427628,0.0042442770925044115,-0.0013156562872237432,0.0026203639592237713,49.0431979577568,0.00599296746447097,0.0,0.0034314281509766342,1.0,0.47504615777552855,0.0,0.55,-1.0660519496761276,503,nested_validation
2025-11-14,0.0034314281509766342,0.007165225340030279,0.007171140592635572,0.002379401464161379,0.002525708091562542,54.35688203579866,0.003919201844634115,0.0,-0.0014287326216215757,0.0,0.48774277962622564,0.0,0.55,-1.0660519496761276,503,nested_validation
2025-11-17,-0.0014287326216215757,0.006190914285200799,0.004972478011226578,0.0012266347333393934,0.002425484559787412,51.92084572658136,0.002930932099628292,0.0,-0.002132669270616616,0.0,0.46581791993511074,0.0,0.55,-1.0660519496761276,503,nested_validation
2025-11-18,-0.002132669270616616,0.002885950642703916,0.0022098266963370694,-0.0005648734717037529,0.0024550493458138606,48.4363725154766,0.0028628354690864166,0.0,-0.0008106653194661639,0.0,0.5247659305406611,0.0,0.55,-1.0660519496761276,503,nested_validation
2025-11-19,-0.0008106653194661639,-0.0005444283132352012,0.0005699388787980819,-0.0011642806809378792,0.0023218410361477136,47.14397202817784,0.005371592535910462,0.0,-0.0034967590310897023,0.0,0.4969207175638841,0.0,0.55,-1.0660519496761276,503,nested_validation
2025-11-20,-0.0034967590310897023,-0.0044431276879375314,-0.003306982036366257,-0.004395693245530685,0.0024290893879728957,41.94878195318998,0.003778009043463697,0.0,-0.0005306256310669832,0.0,0.5135671702367478,0.0,0.55,-1.0660519496761276,503,nested_validation
2025-11-21,-0.0005306256310669832,-0.008374088748676844,-0.0037097619729428155,-0.004832736683747285,0.002415915073904627,41.20925174634592,0.005190841398742937,0.0,-0.0023360129840279686,0.0,0.4895731934235013,0.0,0.55,-1.0660519496761276,503,nested_validation
2025-11-24,-0.0023360129840279686,-0.009275058709983242,-0.005725658401997791,-0.006886712729933242,0.002425722029667559,38.03216674654759,0.004214523864155895,0.0,0.0010828438194874224,1.0,0.4951920173469355,0.0,0.55,-1.0660519496761276,503,nested_validation
2025-11-25,0.0010828438194874224,-0.006082561151132371,-0.004329450353319109,-0.0056775424102698535,0.0023997570987992927,40.32354440754597,0.0061928417347409314,0.0,0.0038857634592328605,1.0,0.499201261203734,0.0,0.55,-1.0660519496761276,503,nested_validation
2025-11-26,0.0038857634592328605,-0.0014109115433500463,-0.00026481218239493565,-0.001706316853229306,0.0025810402384996585,47.79202793945526,0.004553724767914861,0.0,0.0032254476698920787,1.0,0.544249651939255,0.0,0.55,-1.0660519496761276,503,nested_validation
2025-11-27,0.0032254476698920787,0.005325365857437703,0.0028734961812704185,0.0016409727128516849,0.002499280080181337,53.06339980773899,0.0033265588364030916,0.0,-0.00019717279488074002,0.0,0.54888986320578,0.0,0.55,-1.0660519496761276,503,nested_validation
2025-11-28,-0.00019717279488074002,0.005660772427295457,0.002954153843623075,0.0017310273621726768,0.0024247563688346205,52.71189145753162,0.004255620455794319,0.0,0.00013914779273482836,1.0,0.5065632709824696,0.0,0.55,-1.0660519496761276,503,nested_validation
2025-12-01,0.00013914779273482836,0.008155772879387735,0.003214104599547074,0.0020319189506654567,0.0022485204534015745,52.94872344417963,0.005331270040171537,0.0,0.0005340106853513049,1.0,0.47233521506291304,0.0,0.55,-1.0660519496761276,503,nested_validation
2025-12-02,0.0005340106853513049,0.007603062086327217,0.003601539017332289,0.0026731430209312457,0.0022347847181930654,53.903011966318466,0.002658563868179105,0.0,0.0017441337417734015,1.0,0.5026595135382418,0.0,0.55,-1.0660519496761276,503,nested_validation
2025-12-03,0.0017441337417734015,0.00545350210678186,0.004945937173610249,0.004342363918895087,0.002118227432041579,56.97404959585712,0.004098339227378579,0.0,0.003348405480923855,1.0,0.47794296178812906,0.0,0.55,-1.0660519496761276,503,nested_validation
2025-12-04,0.003348405480923855,0.00557673299371797,0.007212693754805599,0.0075359831460883875,0.0021997820815917923,62.19090312489661,0.0024505316109688343,0.0,-0.002060723075929638,0.0,0.5295953425517761,0.0,0.55,-1.0660519496761276,503,nested_validation
2025-12-05,-0.002060723075929638,0.003702420626923386,0.004198717029610499,0.005388089471946689,0.00209504587516719,57.550602829519896,0.003683746219803479,0.0,-0.00022115992647664395,0.0,0.48621646003661123,0.0,0.55,-1.0660519496761276,503,nested_validation
2025-12-08,-0.00022115992647664395,0.003340829211627705,0.002829605355305409,0.005141056929648835,0.002090715104932015,57.05955566197266,0.004776165320023661,0.0,0.00010466455726287904,1.0,0.4984457688732193,0.0,0.55,-1.0660519496761276,503,nested_validation
2025-12-09,0.00010466455726287904,0.0029102786300636563,0.0018869706566961852,0.005276089730223976,0.0020847076426838427,57.245437785406665,0.0034198790646712165,0.0,-0.0011278422618286044,0.0,0.507828699176511,0.0,0.55,-1.0660519496761276,503,nested_validation
2025-12-10,-0.0011278422618286044,3.4959317503968634e-05,0.0002106027961845669,0.004227720127690127,0.002041682874566961,54.507003892687685,0.0030176730087417792,0.0,0.006271748856121917,1.0,0.5186539545256035,0.0,0.55,-1.0660519496761276,503,nested_validation
2025-12-11,0.006271748856121917,0.0029486486773688814,0.0056264369026068906,0.01024130053049288,0.002436506562334799,64.62859117504894,0.0065281038139454895,0.0,0.003263644397137,1.0,0.4691337472378076,0.0,0.55,-1.0660519496761276,503,nested_validation
2025-12-12,0.003263644397137,0.00829974296301872,0.007699633347820534,0.013051594574730485,0.0024265684892563265,68.57170280833837,0.0022633598805168573,0.0,-0.00015262371126645302,0.0,0.4810404759543681,0.0,0.55,-1.0660519496761276,503,nested_validation
2025-12-15,-0.00015262371126645302,0.00836886329784714,0.006369487165245991,0.012286665992351065,0.002392529372097338,68.18763203563005,0.003586239872536193,0.0,0.0014458302179327642,1.0,0.4570991089178831,0.0,0.55,-1.0660519496761276,503,nested_validation
2025-12-16,0.0014458302179327642,0.009721111458135923,0.0065563425955945664,0.013064509794512347,0.0023196591038413894,69.90691259927868,0.004989816927813468,0.0,-0.00043476576500012243,0.0,0.4514655740787493,0.0,0.55,-1.0660519496761276,503,nested_validation
2025-12-17,-0.00043476576500012243,0.010421715599798986,0.005072230795260646,0.011856763749815258,0.00230879485438887,68.70277743710747,0.004544654402636934,0.0,-0.0006105804521927549,0.0,0.44704166115281924,-1.0,0.55,-1.0660519496761276,503,nested_validation
2025-12-18,-0.0006105804521927549,0.0035110028674429916,0.003810385561736185,0.010526604984410382,0.002123183627717351,66.95917059286458,0.0038708949087919945,0.0,-0.0014187562314870172,0.0,0.4915401810685433,0.0,0.55,-1.0660519496761276,503,nested_validation
2025-12-19,-0.0014187562314870172,-0.0011725522248789977,0.0016766333447657544,0.008582388874579072,0.0021609383521841263,62.9630001716992,0.0028469321797171447,0.0,-0.001498647547091836,0.0,0.4825485946384571,0.0,0.55,-1.0660519496761276,503,nested_validation
2025-12-22,-0.001498647547091836,-0.0025172030030531367,-0.0004040738690429535,0.006596940282298069,0.0021067337166051146,58.96547204596055,0.00507419415502439,0.0,0.00494162732000869,1.0,0.45596274532753145,0.0,0.55,-1.0660519496761276,503,nested_validation
2025-12-23,0.00494162732000869,0.0009647601405287087,0.003468862462342903,0.010966423719009244,0.002286749279740628,66.50564852104425,0.0033400219554315883,0.0,0.002512564596030664,1.0,0.5127810159152839,0.0,0.55,-1.0660519496761276,503,nested_validation
2025-12-24,0.002512564596030664,0.003916217160881974,0.0045576597897958315,0.01290304284422028,0.002220503496522482,69.581353789755,0.0029586265262320634,0.0,-0.000860452476322382,0.0,0.5126338842992555,0.0,0.55,-1.0660519496761276,503,nested_validation
2025-12-26,-0.000860452476322382,0.0036652133256083186,0.0029747412642446847,0.01147219390337928,0.002193269169232934,67.29654392560265,0.003085589321767136,0.0,-0.0010712826260232955,0.0,0.4756386982470201,0.0,0.55,-1.0660519496761276,503,nested_validation
2025-12-29,-0.0010712826260232955,0.004014455986161902,0.0016163590968985009,0.009981872320321328,0.002220962927241071,64.46096337893715,0.002930630966609014,0.0,1.184727465619595e-05,1.0,0.49167971791672377,0.0,0.55,-1.0660519496761276,503,nested_validation
2025-12-30,1.184727465619595e-05,0.0055332908209888565,0.0013280226756382518,0.009539050230256585,0.0022228643940099277,64.47876956082156,0.002985680358646359,0.0,-0.0021732909698711778,0.0,0.508316322110714,0.0,0.55,-1.0660519496761276,503,nested_validation
2025-12-31,-0.0021732909698711778,-0.0015858164061886004,-0.0007859588280955121,0.006893979665107519,0.002311705725853026,58.67138309994539,0.0032262932191420577,0.0,0.0002702361791140362,1.0,0.46339121834221025,0.0,0.55,-1.0660519496761276,503,nested_validation
2026-01-02,0.0002702361791140362,-0.003818977939308299,-0.0005241541386920012,0.006679173183657294,0.0022975298092873784,59.162839446978246,0.00459825224819788,0.0,-0.0038976338251188736,0.0,0.47802282477804214,0.0,0.55,-1.0660519496761276,503,nested_validation
2026-01-05,-0.0038976338251188736,-0.006847165971427094,-0.004100743803415852,0.0022861367278217415,0.0023933761448395067,49.93681699927997,0.0050081544319971905,0.0,0.0008786396657685103,1.0,0.46554026721275754,0.0,0.55,-1.0660519496761276,503,nested_validation
2026-01-06,0.0008786396657685103,-0.004908518281610319,-0.0031348277193896656,0.0026505059108650197,0.0023419017680179296,51.756124502352634,0.0052245733124360715,0.0,-0.002279181057825763,0.0,0.4868962113936217,0.0,0.55,-1.0660519496761276,503,nested_validation
2026-01-07,-0.002279181057825763,-0.0071882740507458465,-0.005238902879159513,-0.0001499854154786151,0.002407353134986271,46.98240375031426,0.002654001870101197,0.0,-0.0009809465062883271,0.0,0.508663017361823,0.0,0.55,-1.0660519496761276,503,nested_validation
2026-01-08,-0.0009809465062883271,-0.006001922198161758,-0.005459990433723805,-0.0015769363246673773,0.002421287671477395,45.06041575019514,0.002752062796484563,0.0,-0.0016203858257893833,0.0,0.5118114325799448,0.0,0.55,-1.0660519496761276,503,nested_validation
2026-01-09,-0.0016203858257893833,-0.007880689126089635,-0.005906066998315085,-0.003458993099958896,0.002436661388807118,42.0064577166236,0.0035330655711855808,0.0,-0.0029292407268151077,0.0,0.49307851929710933,0.0,0.55,-1.0660519496761276,503,nested_validation
2026-01-12,-0.0029292407268151077,-0.00691616828368502,-0.007449867116984921,-0.006439187088077669,0.0020754411913480636,37.11702925982872,0.006504059204076025,0.0,0.0037218942678871603,1.0,0.47959440887764676,0.0,0.55,-1.0660519496761276,503,nested_validation
2026-01-13,0.0037218942678871603,-0.004095056849275913,-0.0028551925759062735,-0.002931957883158809,0.0021171011542824325,45.734596886344164,0.0034465208898645083,0.0,-0.002095745455871878,0.0,0.5454182483561717,0.0,0.55,-1.0660519496761276,503,nested_validation
2026-01-14,-0.002095745455871878,-0.003911955104511922,-0.003835156008478502,-0.005137929577459621,0.002152072695717598,42.21351781957806,0.0022382726187380074,0.0,0.0003261161157679382,1.0,0.5335034401715797,0.0,0.55,-1.0660519496761276,503,nested_validation
2026-01-15,0.0003261161157679382,-0.0026087272559470742,-0.002648671412890602,-0.004923073293942148,0.0021174975971596293,42.948046448161506,0.004544996261378995,0.0,-0.003204108235253411,0.0,0.5134540015997835,0.0,0.55,-1.0660519496761276,503,nested_validation
2026-01-16,-0.003204108235253411,-0.004190881866500851,-0.0046385098827247395,-0.008058018154447177,0.002200224315586166,37.85511068512599,0.003539000786786909,0.0,0.00137179408979482,1.0,0.49527579930328114,0.0,0.55,-1.0660519496761276,503,nested_validation
2026-01-19,0.00137179408979482,0.0001047106458218483,-0.0025912047182646836,-0.006578700977679763,0.0022417249562521465,41.06696798581155,0.0034438094441164675,0.0,0.001222043210717505,1.0,0.5127856957079241,0.0,0.55,-1.0660519496761276,503,nested_validation
2026-01-20,0.001222043210717505,-0.0023861315211828327,-0.0007223348944025432,-0.005354328182433643,0.0022613923944046817,43.854644228753514,0.009757038835398737,0.0,0.007623096274352648,1.0,0.5183714132997934,0.0,0.55,-1.0660519496761276,503,nested_validation
2026-01-21,0.007623096274352648,0.007329882065763904,0.006552916703857159,0.0019778052486154607,0.002834532788595164,57.406216738743716,0.003888373373292484,0.0,-0.004680807074818993,0.0,0.4886003447095221,0.0,0.55,-1.0660519496761276,503,nested_validation
2026-01-22,-0.004680807074818993,0.00228790298930992,0.0018742482295841523,-0.0028017931120163375,0.0027861540502236355,49.45303449058382,0.006580986493357982,0.0,0.006993976815965253,1.0,0.5188039565069549,0.0,0.55,-1.0660519496761276,503,nested_validation
2026-01-23,0.006993976815965253,0.012542176070628797,0.008044301238270712,0.0038115726303797892,0.0031652151972526624,58.6320571479617,0.0039715097091602624,0.0,0.008834557986110658,1.0,0.449537867178529,-1.0,0.55,-1.0660519496761276,503,nested_validation
2026-01-26,0.008834557986110658,0.020088187691562842,0.014906841981039198,0.01222680974147794,0.0037165283842880443,66.87267713306505,0.005715954459344006,0.0,0.001520166432187775,1.0,0.4761530102283722,0.0,0.55,-1.0660519496761276,503,nested_validation
2026-01-27,0.001520166432187775,0.020391928483888044,0.01463038153833951,0.013370393226141308,0.003711070860183473,68.06203922529853,0.011618015446991016,0.0,0.011885512757212613,1.0,0.48688242245019314,0.0,0.55,-1.0660519496761276,503,nested_validation
2026-01-28,0.011885512757212613,0.024708359291229165,0.023410086889460224,0.024598849173021353,0.004466956363599107,75.48439192865541,0.008456790901098478,0.0,-0.0033178823522642675,0.0,0.4473169676627615,-1.0,0.55,-1.0660519496761276,503,nested_validation
2026-01-29,-0.0033178823522642675,0.026111527607698637,0.01714359457223691,0.02055211550302749,0.004514824777184512,70.50031664533365,0.007190813482235168,0.0,-0.001005107546706574,0.0,0.4562628648998596,0.0,0.55,-1.0660519496761276,503,nested_validation
2026-01-30,-0.001005107546706574,0.017960582454285667,0.013052459924098203,0.018900622163298575,0.004533397109944472,69.01852878896787,0.008317142514999942,0.0,-0.009740094775813501,0.0,0.4568506742397412,0.0,0.55,-1.0660519496761276,503,nested_validation
2026-02-02,-0.009740094775813501,-0.0007820985876485498,0.0012842364113150317,0.008670502917420775,0.004998678193624061,56.61312998492648,0.007113512676040564,0.0,-0.004259234201038908,0.0,0.4631068051198172,0.0,0.55,-1.0660519496761276,503,nested_validation
2026-02-03,-0.004259234201038908,-0.006548213705156902,-0.004323082921256272,0.004166200303737266,0.005109890805883842,52.23481213293407,0.0037072066533306107,0.0,0.0014769417545619223,1.0,0.5083387249415364,0.0,0.55,-1.0660519496761276,503,nested_validation
2026-02-04,0.0014769417545619223,-0.016767169629512746,-0.0035947841391453794,0.0053411369436897616,0.005078023813666512,53.57002762883143,0.003910676015377977,0.0,-0.0012272882317434508,0.0,0.49336530794440375,0.0,0.55,-1.0660519496761276,503,nested_validation
2026-02-05,-0.0012272882317434508,-0.014704786109351997,-0.005896270548051863,0.0040056754903787795,0.005082036750221637,52.26077175315093,0.003386386896394656,0.0,-0.002014054237948315,0.0,0.48968263313237304,0.0,0.55,-1.0660519496761276,503,nested_validation
2026-02-06,-0.002014054237948315,-0.01569989664841598,-0.008092783950207072,0.0020336903438109566,0.005091138945772154,50.09948750636763,0.005010023792526979,0.0,0.004068019076531648,1.0,0.4699514571621457,0.0,0.55,-1.0660519496761276,503,nested_validation
2026-02-09,0.004068019076531648,-0.001974885850491215,-0.003783543473844464,0.005994673337260448,0.005082151429916346,54.21027504852026,0.009080879036026042,0.0,0.0066187273725237805,1.0,0.5394118082658924,0.0,0.55,-1.0660519496761276,503,nested_validation
2026-02-10,0.0066187273725237805,0.00892803106730522,0.0025772944100364015,0.012276150274272313,0.005201112078627867,60.00654121976718,0.003216953919969108,0.0,-0.0012127167217913515,0.0,0.5046831371076984,0.0,0.55,-1.0660519496761276,503,nested_validation
2026-02-11,-0.0012127167217913515,0.006218361260992511,0.002442329836203294,0.010714098384524862,0.005178174397972272,58.534808153588216,0.007422896981211035,0.0,-0.001140094572404049,0.0,0.4729425221338186,0.0,0.55,-1.0660519496761276,503,nested_validation
2026-02-12,-0.001140094572404049,0.006306204931508352,0.002158818096835713,0.009193551299761626,0.005198441225092504,57.11821773451195,0.0031448362200815214,0.0,-0.0006410125790435872,0.0,0.5022725303534451,0.0,0.55,-1.0660519496761276,503,nested_validation
2026-02-13,-0.0006410125790435872,0.0076906937079814774,0.002339243306020089,0.008209707779624598,0.0051245173518425675,56.294252111563914,0.002585381625530071,0.0,-8.296523786666121e-05,0.0,0.5218473312919427,0.0,0.55,-1.0660519496761276,503,nested_validation
2026-02-16,-8.296523786666121e-05,0.0035247326536753665,0.002101361090700582,0.007661549727700834,0.0051307312261111866,56.18136028190371,0.00195547008779676,0.0,-0.0014813436782628031,0.0,0.5223370523591917,0.0,0.55,-1.0660519496761276,503,nested_validation
2026-02-17,-0.0014813436782628031,-0.004550441605136402,0.0001847348632115775,0.005784743945486781,0.005159843022993599,54.09558000743713,0.003967544981069181,0.0,0.00016598922941168937,1.0,0.5313944060959308,0.0,0.55,-1.0660519496761276,503,nested_validation
2026-02-18,0.00016598922941168937,-0.00317634298247782,4.931819729736553e-05,0.0054862891921643175,0.004925448140201445,54.30001597276451,0.0036737881327138233,0.0,-0.005316708197320219,0.0,0.538596329548775,0.0,0.55,-1.0660519496761276,503,nested_validation
2026-02-19,-0.005316708197320219,-0.007344442277399277,-0.005160208400189492,-0.0001764106030557322,0.004960959140936808,47.06816098687612,0.005492762555496175,0.0,-0.001671319050741693,0.0,0.5054585634264995,0.0,0.55,-1.0660519496761276,503,nested_validation
2026-02-20,-0.001671319050741693,-0.008367837732047745,-0.006749701959526733,-0.002161322276287403,0.004749313051537853,45.04788722482948,0.005148963294315508,0.0,0.005574177676609837,1.0,0.48699834498931305,0.0,0.55,-1.0660519496761276,503,nested_validation
2026-02-23,0.005574177676609837,-0.0027575674140952744,-0.0012886463115447944,0.0028027543676005795,0.004494919760812016,52.37740973014307,0.005004382183625832,0.0,-0.0034555842194653463,0.0,0.5294598651070681,0.0,0.55,-1.0660519496761276,503,nested_validation
2026-02-24,-0.0034555842194653463,-0.004729284644768739,-0.0038132810832521846,-0.0010204743186768006,0.004536422305895761,48.07283280819446,0.0024834755882033456,0.0,-0.0015779217504044984,0.0,0.5033784431282251,0.0,0.55,-1.0660519496761276,503,nested_validation
2026-02-25,-0.0015779217504044984,-0.00646466011952862,-0.004423298359545025,-0.0029703619888949984,0.003568058945930399,46.211673799386915,0.003104543104919708,0.0,0.003391044669744714,1.0,0.4866711739679166,0.0,0.55,-1.0660519496761276,503,nested_validation
2026-02-26,0.003391044669744714,0.002233043235571719,-0.0005326443847463169,-6.589028852310719e-05,0.0036499298802609133,50.62846903919663,0.004034696635489389,0.0,-0.0010269109594140957,0.0,0.551628254073367,1.0,0.55,-1.0660519496761276,503,nested_validation
2026-02-27,-0.0010269109594140957,0.002879971541630999,-0.001006177706926903,-0.0016391834744697853,0.003650031113421812,49.303662093521254,0.0028346345355568436,0.0,-0.0036924180141600926,0.0,0.5057778435210326,0.0,0.55,-1.0660519496761276,503,nested_validation
2026-03-02,-0.0036924180141600926,-0.00636179642432777,-0.003784110001975094,-0.005702653845140793,0.0030950472517203096,44.77177900461429,0.010456036423793058,0.0,-0.005287220155504313,0.0,0.5060814801503364,0.0,0.55,-1.0660519496761276,503,nested_validation
2026-03-03,-0.005287220155504313,-0.008188090779371437,-0.007768507763623478,-0.011121749671523906,0.003166825408174722,39.23152851677907,0.014969653147527332,0.0,-0.007269282646370057,0.0,0.47468381164768997,0.0,0.55,-1.0660519496761276,503,nested_validation
2026-03-04,-0.007269282646370057,-0.013841771361222555,-0.012975192817799908,-0.017990226244604113,0.003463734260095874,33.18373614445258,0.006727607355917059,0.0,0.0020129234448502675,1.0,0.5209001297736695,0.0,0.55,-1.0660519496761276,503,nested_validation
2026-03-05,0.0020129234448502675,-0.01519622393802289,-0.009698661961567212,-0.01590990009765425,0.0035182985937244958,36.09991993867756,0.007302576955830054,0.0,-0.00236797414602119,0.0,0.5342255626129903,0.0,0.55,-1.0660519496761276,503,nested_validation
2026-03-06,-0.00236797414602119,-0.01651826564725134,-0.01068745569134888,-0.01783442960928594,0.003525735862984829,34.204838189081585,0.0064515194836976975,0.0,-0.007305738373026283,0.0,0.5403015744197549,0.0,0.55,-1.0660519496761276,503,nested_validation
2026-03-09,-0.007305738373026283,-0.020085070354515233,-0.015301107680069093,-0.024087270389719473,0.0036235576458606383,29.13515054831447,0.007421782500247507,0.0,0.008155250175064799,1.0,0.48525545464381886,0.0,0.55,-1.0660519496761276,503,nested_validation
2026-03-10,0.008155250175064799,-0.00684257700854618,-0.005770174218287405,-0.015407868023557092,0.003802268840031237,39.78558868156063,0.00476694116298588,0.0,-0.0005109159412441944,0.0,0.5205267134240111,0.0,0.55,-1.0660519496761276,503,nested_validation
2026-03-11,-0.0005109159412441944,-8.130535334160971e-05,-0.004882004425539654,-0.01477992357974367,0.00380533273636863,39.382992563221634,0.0066349330983224005,0.0,-0.005863906768851401,0.0,0.5032589904043049,0.0,0.55,-1.0660519496761276,503,nested_validation
2026-03-12,-0.005863906768851401,-0.007941672820619528,-0.008406176510034946,-0.019351872893336397,0.0039399670984617595,35.006798867045276,0.004845015278089316,0.0,-0.0018665417486131153,0.0,0.5165606027555005,0.0,0.55,-1.0660519496761276,503,nested_validation
2026-03-13,-0.0018665417486131153,-0.007443041890101476,-0.007859020607600908,-0.01994987204503329,0.00393701952401566,33.7295386081378,0.008192694644655591,0.0,-0.007512824009417773,0.0,0.4932755437351396,0.0,0.55,-1.0660519496761276,503,nested_validation
2026-03-16,-0.007512824009417773,-0.0076500988836497585,-0.0125549160095495,-0.02616947382852619,0.0041338643515635345,29.130987555100774,0.007486086470814271,0.0,0.005634736942403462,1.0,0.48779103920000505,0.0,0.55,-1.0660519496761276,503,nested_validation
2026-03-17,0.005634736942403462,-0.0101310967822964,-0.005292478264177114,-0.01984978061084297,0.004444457892510582,36.113326182766826,0.006537388173322317,0.0,0.0034733794480967806,1.0,0.5745758037056571,1.0,0.55,-1.0660519496761276,503,nested_validation
2026-03-18,0.0034733794480967806,-0.0061851506283607804,-0.0012088547737723054,-0.015671642696612142,0.004562932630469368,40.056024970166234,0.005559079997673558,0.0,-0.00650029715850764,0.0,0.5403240276849371,0.0,0.55,-1.0660519496761276,503,nested_validation
2026-03-19,-0.00650029715850764,-0.006821335375644333,-0.0062291768883143694,-0.02113164032698689,0.004621628116324639,35.6113202327611,0.007981203473480976,0.0,0.009863996366470618,1.0,0.47830146488754754,0.0,0.55,-1.0660519496761276,503,nested_validation
2026-03-20,0.009863996366470618,0.004850971653191705,0.00383884188261141,-0.010912200665415539,0.005229512516091081,45.44050552993033,0.004727264602332224,0.0,-0.0015027864100330968,0.0,0.5393238094719598,0.0,0.55,-1.0660519496761276,503,nested_validation
2026-03-23,-0.0015027864100330968,0.010935878609683591,0.002009709902160761,-0.011650981635692559,0.005021066543163664,44.31953265958131,0.013227202773867398,0.0,0.004062547306669995,1.0,0.5572857527261317,1.0,0.55,-1.0660519496761276,503,nested_validation
2026-03-24,0.004062547306669995,0.009355401272977959,0.006168615633794561,-0.006795301321119274,0.005115701920266674,48.04525013427535,0.0040755857184525445,0.0,0.0006504217008531654,1.0,0.5139267349487281,0.0,0.55,-1.0660519496761276,503,nested_validation
2026-03-25,0.0006504217008531654,0.006515896301443114,0.006793616863329355,-0.005369287181593019,0.005121472057934682,48.6401892239989,0.005883039400321848,0.0,-0.004578320252100587,0.0,0.471251894941268,0.0,0.55,-1.0660519496761276,503,nested_validation
2026-03-26,-0.004578320252100587,0.00846305371184819,0.0020253784253980722,-0.009033200523166363,0.005099740404285549,44.75290175889805,0.004337687346251584,0.0,-0.0022839647342894898,0.0,0.566469018140358,1.0,0.55,-1.0660519496761276,503,nested_validation
2026-03-27,-0.0022839647342894898,-0.003668055023708372,-0.00037951412171755017,-0.010353958135351116,0.0051065442360022075,42.91859525767253,0.0038460842870777,0.0,-0.0037349885054620557,0.0,0.5329374009113201,0.0,0.55,-1.0660519496761276,503,nested_validation
2026-03-30,-0.0037349885054620557,-0.0058954165276255965,-0.004603913692676986,-0.012990483433470756,0.005107618772512077,40.035323619160685,0.006919466558453077,0.0,-0.0027847987291541587,0.0,0.501641272444713,0.0,0.55,-1.0660519496761276,503,nested_validation
2026-03-31,-0.0027847987291541587,-0.012674852825785954,-0.007035856369429383,-0.014639260769561235,0.005034536088253909,37.993521215035926,0.00781600749291506,0.0,0.009965414754568247,1.0,0.49195761929407517,0.0,0.55,-1.0660519496761276,503,nested_validation
2026-04-01,0.009965414754568247,-0.0034839039307127395,0.0025577893569297405,-0.004027184214075441,0.005354486754123858,48.154911405622514,0.006105993429496241,0.0,0.0014140271201934507,1.0,0.5386631471090904,0.0,0.55,-1.0660519496761276,503,nested_validation
2026-04-02,0.0014140271201934507,0.002515031727632566,0.002879992263193909,-0.0020513202155291177,0.0053439728355783814,49.43379198333561,0.007625314233090435,0.0,-0.0042126415655940885,0.0,0.5375332799271146,0.0,0.55,-1.0660519496761276,503,nested_validation
2026-04-03,-0.0042126415655940885,0.0005770779949225702,-0.001035250626380435,-0.00560637149062837,0.005396605320275389,45.80369670185224,0.0024093364135766887,0.0,-0.002750900931932976,0.0,0.5434488155982774,0.0,0.55,-1.0660519496761276,503,nested_validation
2026-04-06,-0.002750900931932976,0.0015654249281704669,-0.0033505940758327135,-0.0074161455883751115,0.005187003919476139,43.563488010915435,0.0054828003523458915,0.0,0.002712089803667217,1.0,0.5317225273879851,0.0,0.55,-1.0660519496761276,503,nested_validation
2026-04-07,0.002712089803667217,0.007086292933533578,-7.692454035168605e-05,-0.004000873383206538,0.004883571575295654,46.34216792049407,0.005043345169344809,0.0,0.012598292139696543,1.0,0.604045488604474,1.0,0.55,-1.0660519496761276,503,nested_validation
2026-04-08,0.012598292139696543,0.009711664740133186,0.0118897007061316,0.00880419129150023,0.005635343968455345,56.96948118009016,0.004833608933842719,0.0,-0.00233193630685391,0.0,0.48191270706939765,0.0,0.55,-1.0660519496761276,503,nested_validation
2026-04-09,-0.00233193630685391,0.0059346625556753185,0.008675330997085506,0.006903126416613503,0.005491698753161376,54.77952460835182,0.004737653595185562,0.0,0.0027357273290540274,1.0,0.48901539640556724,0.0,0.55,-1.0660519496761276,503,nested_validation
2026-04-10,0.0027357273290540274,0.01295383694079666,0.010070157451621764,0.009982711801949318,0.005483471021432162,56.86933218409599,0.005394940542983089,0.0,-0.0013776420653233146,0.0,0.45343117179203624,0.0,0.55,-1.0660519496761276,503,nested_validation
2026-04-13,-0.0013776420653233146,0.014348721969366762,0.007085156064056797,0.008836208679200652,0.005175859741142994,55.4751973141709,0.0041121825117170765,0.0,0.008026383151998218,1.0,0.46254819212810894,0.0,0.55,-1.0660519496761276,503,nested_validation
2026-04-14,0.008026383151998218,0.019724688531319368,0.012471027985396343,0.01672387998214675,0.005306326742244973,61.40366183668612,0.004554296888255025,0.0,0.0025958134948469436,1.0,0.4607411188813549,0.0,0.55,-1.0660519496761276,503,nested_validation
2026-04-15,0.0025958134948469436,0.009651815112673212,0.013136359623036942,0.01881398381676913,0.005290722127250652,63.127335038680236,0.0030994956386411806,0.0,0.0008266264648577604,1.0,0.4598408708847999,0.0,0.55,-1.0660519496761276,503,nested_validation
2026-04-16,0.0008266264648577604,0.012848317788924701,0.012074302772970613,0.019147110515620236,0.004995226794425036,63.68495941479668,0.004595889218961292,0.0,-0.0022385881066531166,0.0,0.4313168366196424,-1.0,0.55,-1.0660519496761276,503,nested_validation
2026-04-17,-0.0022385881066531166,0.007823836378825222,0.007727464898031888,0.01635499027004106,0.004666978310536429,60.992660821839095,0.006642912614522685,0.0,-0.0035224363086130417,0.0,0.42909937825099764,-1.0,0.55,-1.0660519496761276,503,nested_validation
2026-04-20,-0.0035224363086130417,0.005659279631882397,0.0021958812705951125,0.012140632600997625,0.0047389454845688,56.92390718737864,0.004420843329016066,0.0,0.0036767259077137293,1.0,0.49846865969758736,0.0,0.55,-1.0660519496761276,503,nested_validation
2026-04-21,0.0036767259077137293,0.0013198364942388352,0.003797088790281844,0.015374289639060734,0.0047263471612262456,59.91888701023463,0.0038295618870735973,0.0,-0.0034058084268165922,0.0,0.514643410700109,0.0,0.55,-1.0660519496761276,503,nested_validation
2026-04-22,-0.0034058084268165922,-0.004674147322980993,-0.00011261651460292565,0.011529850294193622,0.004813323258336535,56.01918115578263,0.004035304422127252,0.0,-0.0032543301491088084,0.0,0.49994523707738875,0.0,0.55,-1.0660519496761276,503,nested_validation
2026-04-23,-0.0032543301491088084,-0.008732674058906875,-0.003762490511394101,0.0077668965522526,0.004750808659942381,52.51417270226216,0.003179515213036277,0.0,-0.0018928207438571043,0.0,0.47692899412716344,0.0,0.55,-1.0660519496761276,503,nested_validation
2026-04-24,-0.0018928207438571043,-0.008389157176984074,-0.00558576134904043,0.005391367284904858,0.004739553603663094,50.53991544737315,0.0040515657909088,0.0,0.001931610263245842,1.0,0.4842897670826583,0.0,0.55,-1.0660519496761276,503,nested_validation
2026-04-27,0.001931610263245842,-0.002961747755057531,-0.003930274111968668,0.006549996617186471,0.0046370852900728485,52.498777623461756,0.004314322865564957,0.0,0.001453755829508685,1.0,0.5195315817585712,0.0,0.55,-1.0660519496761276,503,nested_validation
2026-04-28,0.001453755829508685,-0.005170014764100617,-0.002096809310737968,0.007366751560520024,0.0045584018958924645,53.97891031361606,0.0043113138967804405,0.0,-0.00048045845803645904,0.0,0.5153545814852081,0.0,0.55,-1.0660519496761276,503,nested_validation
2026-04-29,-0.00048045845803645904,-0.002249843353451131,-0.0018832011171689977,0.006368654611070168,0.0040927906423708985,53.385980827823865,0.003272553845352691,0.0,-0.002827674525353596,0.0,0.5089234351320067,0.0,0.55,-1.0660519496761276,503,nested_validation
2026-04-30,-0.002827674525353596,-0.0018227577604937872,-0.003649253739991143,0.0028906828248687066,0.004155833132343761,49.91270263144923,0.007037660389577994,0.0,0.0038002060226056678,1.0,0.49374418929427594,0.0,0.55,-1.0660519496761276,503,nested_validation
2026-05-01,0.0038002060226056678,0.0038706686328306983,0.0005945955225008515,0.006265584012952852,0.004076051196731968,54.21199236322744,0.005557731683613702,0.0,-0.0002110968437515348,0.0,0.5525066202007861,1.0,0.55,-1.0660519496761276,503,nested_validation
2026-05-04,-0.0002110968437515348,0.001723814701731996,0.0005079426801926079,0.005574450413908805,0.004001905824560587,53.93399653428938,0.004060787176264655,0.0,-0.0029580129488546714,0.0,0.5192186594856397,0.0,0.55,-1.0660519496761276,503,nested_validation
2026-05-05,-0.0029580129488546714,-0.002689143784387782,-0.0016640948867443495,0.002356933038341502,0.004066693317373838,50.060944954224695,0.003335062889538863,0.0,0.0020384565072011362,1.0,0.49903599880211014,0.0,0.55,-1.0660519496761276,503,nested_validation
2026-05-06,0.0020384565072011362,-0.0001757949839831241,0.0006143229219217616,0.004110087095447135,0.003037292601045228,52.58062839706022,0.007170399710864276,0.0,0.002702000345139677,1.0,0.519526381857767,0.0,0.55,-1.0660519496761276,503,nested_validation
2026-05-07,0.002702000345139677,0.005368585500860723,0.0029634081458229655,0.006288664016324663,0.003031482796672846,55.77253882055836,0.002826943620141907,0.0,-0.0013491354522860988,0.0,0.5462860767746881,0.0,0.55,-1.0660519496761276,503,nested_validation
2026-05-08,-0.0013491354522860988,0.0002111984792083632,0.0012025217552666945,0.004367543121359452,0.003003426735015134,53.81928126266805,0.0050646447920185056,0.0,0.00317757127104068,1.0,0.5174308174067244,0.0,0.55,-1.0660519496761276,503,nested_validation
2026-05-11,0.00317757127104068,0.0036012979148438706,0.003849234264151624,0.006763582042281557,0.0030492899814991087,57.58220406489271,0.003425092188502634,0.0,0.0009423207141905365,1.0,0.5224317942410245,0.0,0.55,-1.0660519496761276,503,nested_validation
2026-05-12,0.0009423207141905365,0.007527290979699952,0.004311325455246262,0.00679375582631625,0.0025064863858024517,58.66136614305883,0.004712126551017456,0.0,-0.0037786875142813425,0.0,0.4565464681996942,0.0,0.55,-1.0660519496761276,503,nested_validation
2026-05-13,-0.0037786875142813425,0.0016782825717467365,0.0003662204455634477,0.002528910343199353,0.002567084537764045,52.849502013119846,0.003944070526201805,0.0,-0.00165200553654965,0.0,0.5009452889348056,0.0,0.55,-1.0660519496761276,503,nested_validation
2026-05-14,-0.00165200553654965,-0.0026712780478358455,-0.0015532095493722142,0.0005152392676219808,0.002571051542948052,50.502635675412215,0.004192351855158874,0.0,-0.0046064690808583775,0.0,0.5093102632105808,0.0,0.55,-1.0660519496761276,503,nested_validation
2026-05-15,-0.0046064690808583775,-0.005924299198753369,-0.005584530242859653,-0.004434621270515526,0.002704400569088422,44.56920781669302,0.003962746280178731,0.0,-0.0040883741383656025,0.0,0.5051779363002865,0.0,0.55,-1.0660519496761276,503,nested_validation
2026-05-18,-0.0040883741383656025,-0.013124320393094524,-0.00870144798528072,-0.008799343851341512,0.002738509645570678,40.08825153893343,0.004311872912960108,0.0,0.003508207954415088,1.0,0.5150429357401991,0.0,0.55,-1.0660519496761276,503,nested_validation
2026-05-19,0.003508207954415088,-0.010594492588247073,-0.004911269534987328,-0.005644290515097294,0.0027257548627098154,45.16230635333049,0.00530968147229727,0.0,-0.004120467470440481,0.0,0.5509409569848164,1.0,0.55,-1.0660519496761276,503,nested_validation
2026-05-20,-0.004120467470440481,-0.010933934202985274,-0.008091360287243221,-0.009517596934635164,0.0027673576819828103,40.7785927952005,0.0052176494028816425,0.0,0.0015694132339709732,1.0,0.48496279466200465,0.0,0.55,-1.0660519496761276,503,nested_validation
2026-05-21,0.0015694132339709732,-0.007742465890019035,-0.0054970227498227775,-0.007867110041765546,0.0027340577031443308,43.037194930511276,0.0051687641592156825,0.0,-0.0003602322836829819,0.0,0.5190174479274872,0.0,0.55,-1.0660519496761276,503,nested_validation
2026-05-22,-0.0003602322836829819,-0.0035096069023563548,-0.004915225931264144,-0.008026676192586235,0.002710899583596547,42.63463125910586,0.002502736823446576,0.0,0.0018161716312452558,1.0,0.5365105332868435,0.0,0.55,-1.0660519496761276,503,nested_validation
2026-05-25,0.0018161716312452558,0.002398370253680948,-0.002026116596640315,-0.006132064319068875,0.002706334594298013,45.40626533638583,0.0021191384641345338,0.0,-0.00041899471372430774,0.0,0.5569735119796546,1.0,0.55,-1.0660519496761276,503,nested_validation
2026-05-26,-0.00041899471372430774,-0.0015244890941497058,-0.001223641949269827,-0.006176662302811553,0.0026772733705229266,44.86671158051202,0.002534587443471673,0.0,-4.650619162338554e-05,0.0,0.5468672074422214,0.0,0.55,-1.0660519496761276,503,nested_validation
2026-05-27,-4.650619162338554e-05,0.0025600918580719334,-0.0004242240590326407,-0.005762764910920981,0.00267800697427295,44.803100625005236,0.0031798806907043834,0.0,-0.0016265631135272685,0.0,0.5251301253737294,0.0,0.55,-1.0660519496761276,503,nested_validation
2026-05-28,-0.0016265631135272685,-0.0006390457136099537,-0.0012081150346303637,-0.006838997619960541,0.002634735450415667,42.53194173897593,0.006046086066328613,0.0,0.00300642050341815,1.0,0.5075153655044556,0.0,0.55,-1.0660519496761276,503,nested_validation
2026-05-29,0.00300642050341815,0.002726668067219995,0.0018742783254630524,-0.003484306728126718,0.0025783003556929737,47.79136686005278,0.005117999195712293,0.0,-0.0003377967447728558,0.0,0.5735529392862657,1.0,0.55,-1.0660519496761276,503,nested_validation
2026-06-01,-0.0003377967447728558,0.0005707420660554519,0.0012388577573481108,-0.0035586940639823483,0.0025781737660706553,47.26636829115428,0.005138558303495132,0.0,-0.0011518852142697877,0.0,0.5346403361570242,0.0,0.55,-1.0660519496761276,503,nested_validation
2026-06-02,-0.0011518852142697877,-0.00016287410722692908,0.0002545996150509211,-0.004283711870282425,0.0025153768114462107,45.43412745337422,0.002224976848130807,0.0,-0.0011505497999039216,0.0,0.5525031792406816,1.0,0.55,-1.0660519496761276,503,nested_validation
2026-06-03,-0.0011505497999039216,-0.00126678923427892,-0.0010248354632234058,-0.005082636754231484,0.0024665678120051023,43.61747760865228,0.0034944997708045516,0.0,-0.0010913580545762747,0.0,0.5179578783288981,0.0,0.55,-1.0660519496761276,503,nested_validation
2026-06-04,-0.0010913580545762747,-0.0007313913088181634,-0.0019784511491495183,-0.005894351176157109,0.0023646172054309516,41.90773861894487,0.004119243663489953,0.0,0.000278785186618391,1.0,0.5106007744650622,0.0,0.55,-1.0660519496761276,503,nested_validation
2026-06-05,0.000278785186618391,-0.0034488617978579716,-0.0016272476117431545,-0.0054149945262781385,0.002365032746620574,42.52681949629708,0.009852386659981982,0.0,-0.007754740696302886,0.0,0.50421194429276,0.0,0.55,-1.0660519496761276,503,nested_validation
2026-06-08,-0.007754740696302886,-0.01084272335710268,-0.008349198002354785,-0.012609481999408034,0.00269123898169838,32.23377940652642,0.004636010434256508,0.0,0.0005072495404958577,1.0,0.5111727950518673,0.0,0.55,-1.0660519496761276,503,nested_validation
2026-06-09,0.0005072495404958577,-0.009199685550539294,-0.006915129169177026,-0.011557995964072143,0.002676740654188495,33.36114910572492,0.004353226950072071,0.0,0.000599849629144833,1.0,0.5214090407983754,0.0,0.55,-1.0660519496761276,503,nested_validation
2026-06-10,0.000599849629144833,-0.0074633915531142625,-0.0054500067387257545,-0.010449008844813812,0.0026252115924060545,34.74438620149871,0.003471792345997217,0.0,2.304538452602145e-05,1.0,0.5036659828628417,0.0,0.55,-1.0660519496761276,503,nested_validation
2026-06-11,2.304538452602145e-05,-0.006356096888274876,-0.004720971267031859,-0.01000418340757514,0.0026251999770435124,34.80041362474536,0.003772535515684208,0.0,0.003495893934150507,1.0,0.5095494438552355,0.0,0.55,-1.0660519496761276,503,nested_validation
2026-06-12,0.003495893934150507,-0.0031603273288552947,-0.0005785782216224389,-0.006107808843829998,0.0026274201624123775,42.82071148863496,0.0028934330593033664,0.0,0.002343828039639062,1.0,0.5713650002991681,1.0,0.55,-1.0660519496761276,503,nested_validation
2026-06-15,0.002343828039639062,0.006985001014912839,0.002160344110638368,-0.003425922088295952,0.002544598200870283,47.49992994270267,0.0024039977931589983,0.0,-0.0007652025968393206,0.0,0.6043234571058373,1.0,0.55,-1.0660519496761276,503,nested_validation
2026-06-16,-0.0007652025968393206,0.005704310427818715,0.0017506572560814782,-0.003909775951539185,0.0024132502131690107,46.168457946222745,0.0037118331814711236,0.0,0.0013584316222152726,1.0,0.538082090525235,0.0,0.55,-1.0660519496761276,503,nested_validation
2026-06-17,0.0013584316222152726,0.006466762251618796,0.0032167286163442554,-0.002254289649062935,0.0022658526353102866,48.904574946140436,0.0027479856011838424,0.0,-0.008837644086219565,0.0,0.5537768741221542,1.0,0.55,-1.0660519496761276,503,nested_validation
2026-06-18,-0.008837644086219565,-0.0024510216775597282,-0.004771611112482921,-0.010391410145515478,0.0029429117752090518,36.04959942238161,0.006587753545170067,0.0,-0.004239690552107711,0.0,0.523219014281553,0.0,0.55,-1.0660519496761276,503,nested_validation
2026-06-19,-0.004239690552107711,-0.010140763556563348,-0.007668634101772098,-0.013815213643136537,0.0030527402718263045,31.77292579534516,0.005020111552717153,0.0,0.0003668278968560479,1.0,0.5028083220800365,0.0,0.55,-1.0660519496761276,503,nested_validation
2026-06-22,0.0003668278968560479,-0.012093139375159656,-0.006789979072756802,-0.012586364154440255,0.0030090505382012905,32.51573263500839,0.004105697131856638,0.0,-0.003108158012609441,0.0,0.5233333380751881,0.0,0.55,-1.0660519496761276,503,nested_validation
2026-06-23,-0.003108158012609441,-0.014409533615425074,-0.009007163042104471,-0.014657191712993178,0.0030500736305646863,29.57639741564698,0.005455166071061957,0.0,-0.004164921024651491,0.0,0.5402817383267806,0.0,0.55,-1.0660519496761276,503,nested_validation
2026-06-24,-0.004164921024651491,-0.019845912377835617,-0.011799254289216021,-0.017756290506219408,0.0031232093405359498,26.172772379905084,0.005177851070810651,0.0,-0.0022254692404617415,0.0,0.5683166546990712,1.0,0.55,-1.0660519496761276,503,nested_validation
2026-06-25,-0.0022254692404617415,-0.013307175142232008,-0.012442748483389221,-0.018920869966616127,0.003130857278969223,24.55358092003941,0.004763345641101254,0.0,0.000658924755748469,1.0,0.5858833944638768,1.0,0.55,-1.0660519496761276,503,nested_validation
2026-06-26,0.000658924755748469,-0.00845316707408561,-0.009947073023156006,-0.017424323818932108,0.0030149799624613473,26.009889728918665,0.006959165592614494,0.0,0.002106415312577603,1.0,0.5471080582631459,0.0,0.55,-1.0660519496761276,503,nested_validation
2026-06-29,0.002106415312577603,-0.006728917184389838,-0.005978092148308689,-0.014704831163534382,0.0030982603450147492,30.623153985177638,0.003883483963915669,0.0,0.003198107834186281,1.0,0.5408552443840333,0.0,0.55,-1.0660519496761276,503,nested_validation
2026-06-30,0.003198107834186281,-0.00044555599880491403,-0.0012980252509333656,-0.010888659943248058,0.0032391022657558724,37.053762346395786,0.0044785239897072535,0.0,-0.0007645980459228818,0.0,0.5556196647092876,1.0,0.55,-1.0660519496761276,503,nested_validation
2026-07-01,-0.0007645980459228818,0.0029674669165205003,-0.00034285698653768737,-0.011091689432530694,0.0032388210266250037,36.18738677339707,0.004796233703171834,0.0,-0.0030948867782815137,0.0,0.5258834514585451,0.0,0.55,-1.0660519496761276,503,nested_validation
2026-07-02,-0.0030948867782815137,0.00209352447890776,-0.0023062712112726924,-0.01344746329154789,0.0032739620250012602,32.84255066115789,0.008464203857532264,0.0,0.003929363653470075,1.0,0.5108299659677872,0.0,0.55,-1.0660519496761276,503,nested_validation
2026-07-03,0.003929363653470075,0.005368652057878398,0.00192911610600488,-0.00900252166913551,0.0034378779691945282,40.35693707763979,0.003863264361328868,0.0,0.0013153758714730124,1.0,0.5494132720193292,0.0,0.55,-1.0660519496761276,503,nested_validation
2026-07-06,0.0013153758714730124,0.00457503748314303,0.0034674468509237055,-0.0071116979988342655,0.0030716962480229013,42.67825293136301,0.0030139694429899312,0.0,0.0003546766033091231,1.0,0.5663150685176994,1.0,0.55,-1.0660519496761276,503,nested_validation
2026-07-07,0.0003546766033091231,0.0017277035288296716,0.003694415600113521,-0.006197058743101502,0.0030697096758700933,43.319676417957496,0.0021141774602552454,0.0,-0.003318483455873711,0.0,0.5540373804896487,1.0,0.55,-1.0660519496761276,503,nested_validation
2026-07-08,-0.003318483455873711,-0.0008325518041808477,0.00015077211664937806,-0.008826255524202131,0.003125924699872375,38.92888132762643,0.0035632718836968915,0.0,0.001599066213070044,1.0,0.5196349834981703,0.0,0.55,-1.0660519496761276,503,nested_validation
2026-07-09,0.001599066213070044,0.0038720534487333147,0.0011545322878880881,-0.006677630292383552,0.003159525599799383,41.97096524826866,0.002587693686952102,0.0,0.0009947289074105914,1.0,0.5717239877969834,1.0,0.55,-1.0660519496761276,503,nested_validation
2026-07-10,0.0009947289074105914,0.0009375862289204839,0.0015209360843035924,-0.005056660467113727,0.003046787520215432,43.847770482931516,0.00386934216491296,0.0,-0.00253173901130177,0.0,0.5623101143222874,1.0,0.55,-1.0660519496761276,503,nested_validation
2026-07-13,-0.00253173901130177,-0.002908077162954048,-0.0011793840880056639,-0.006871418151830233,0.0029949308373420328,40.273980074416414,0.005165388385653065,0.0,-0.001764652880172357,0.0,0.5163390787851675,0.0,0.55,-1.0660519496761276,503,nested_validation
2026-07-14,-0.001764652880172357,-0.005020494247847451,-0.0026125530527154606,-0.007900682746968757,0.0030012896438641537,37.95762708448933,0.0072514060921444815,0.0,0.003541722862882235,1.0,0.5087723343588042,0.0,0.55,-1.0660519496761276,503,nested_validation
2026-07-15,0.003541722862882235,0.0018279970496144493,0.0008204503448965283,-0.003815588796830638,0.0031191472489789547,44.8068076931412,0.003416740620397457,0.0,0.003991675444596554,1.0,0.5736298475300925,1.0,0.55,-1.0660519496761276,503,nested_validation
2026-07-16,0.003991675444596554,0.0042211531486964216,0.00400385922640778,0.0005655411894620599,0.002689695604791813,51.348727109445015,0.0034911842194149836,0.0,-0.0022317721459786943,0.0,0.5222964644362956,0.0,0.55,-1.0660519496761276,503,nested_validation
2026-07-17,-0.0022317721459786943,0.0009842523789922453,0.0015706039247456172,-0.0011796038891360716,0.002570283394859089,47.91548086914076,0.0024470661663025875,0.0,-0.0014855513414127053,0.0,0.5463749814821575,0.0,0.55,-1.0660519496761276,503,nested_validation
2026-07-20,-0.0014855513414127053,0.0020341277720739015,0.00017080566175020628,-0.0023878744802042773,0.002586650865796683,45.72864701009568,0.0038736877770515032,0.0,-0.0008335929074815285,0.0,0.5175232571767947,0.0,0.55,-1.0660519496761276,503,nested_validation
2026-07-21,-0.0008335929074815285,0.0029687308897963227,-0.00045606652220131494,-0.002899415213809986,0.002502730627049172,44.50308459366243,0.0022142938204715154,0.0,-0.001254408046252431,0.0,0.5615640387647096,1.0,0.55,-1.0660519496761276,503,nested_validation
2026-07-22,-0.001254408046252431,-0.0018246615736412508,-0.0017099024749386293,-0.0037687119083811282,0.0023376036821511105,42.65213257618927,0.0018837140066368893,0.0,0.0006960960915758374,1.0,0.5554838481853983,1.0,0.55,-1.0660519496761276,503,nested_validation
2026-07-23,0.0006960960915758374,-0.005101148935506616,-0.0009249374030020352,-0.002715496298258513,0.0022776582805848445,44.041262534030324,0.006367475908732461,0.0,-0.003060316204121727,0.0,0.5050869370436897,0.0,0.55,-1.0660519496761276,503,nested_validation
2026-07-24,-0.003060316204121727,-0.005927310270865682,-0.003488781383448214,-0.00519045199667123,0.0023863516031301653,39.507215494439734,0.002847676200030366,0.0,0.0015953147935925394,1.0,0.4943921804971094,0.0,0.55,-1.0660519496761276,503,nested_validation
2026-07-27,0.0015953147935925394,-0.002860148959745734,-0.001816088139964478,-0.0029986575674687543,0.002367058970576616,42.80281604021963,0.004226787557763551,0.0,-0.002239821835302247,0.0,0.5304065723780543,0.0,0.55,-1.0660519496761276,503,nested_validation
2026-07-28,-0.002239821835302247,-0.004263525708265492,-0.003921967708492624,-0.0045792753443242296,0.0023005015706826924,39.54056130706566,0.004167598962650772,0.0,0.0015030323822480263,1.0,0.50295234964432,0.0,0.55,-1.0660519496761276,503,nested_validation
2026-07-29,0.0015030323822480263,-0.001514393163937089,-0.0020915943694758132,-0.0024326996293658754,0.0023269936233971766,42.6900583637755,0.002563726474004004,0.0,0.007086785721651667,1.0,0.5365252343679521,0.0,0.55,-1.0660519496761276,503,nested_validation
2026-07-30,0.007086785721651667,0.004862179741972561,0.005007016986722457,0.0047545517127580705,0.002702727529653181,54.69240186338978,0.008673087294732776,0.0,0.004909031861822788,1.0,0.4746050778699418,0.0,0.55,-1.0660519496761276,503,nested_validation
2026-07-31,0.004909031861822788,0.012894858748365712,0.009243040939462821,0.009495380446502777,0.002774281134190825,60.85189481336978,0.00581091618861352,0.0,0.0017777646283081427,1.0,0.40956852517992776,-1.0,0.55,-1.0660519496761276,503,nested_validation
2026-08-03,0.0017777646283081427,0.013079366899345857,0.010007995837487904,0.0110501508414651,0.002783363536543589,62.8321934899501,0.004536639935133222,0.0,-0.0031760197087533637,0.0,0.40089030463623554,-1.0,0.55,-1.0660519496761276,503,nested_validation
2026-08-04,-0.0031760197087533637,0.01212879503880826,0.0060149253372028255,0.0076030826739943436,0.002894600576042967,57.250520498447266,0.0024207860240837544,0.0,0.0021795154553534424,1.0,0.47304863676196646,0.0,0.55,-1.0660519496761276,503,nested_validation
2026-08-05,0.0021795154553534424,0.012812455472683837,0.007075154069995593,0.009348765701233885,0.002798326215063648,59.87632731626442,0.0027613932538648033,0.0,0.0021033476802292395,1.0,0.4594705903273088,0.0,0.55,-1.0660519496761276,503,nested_validation
