timestamp,return_1d,return_5d,sma_ratio_10,sma_ratio_30,volatility_20d,rsi_14,range_pct,volume_zscore_20,target_return,target_direction,probability_up,signal,long_threshold,threshold_validation_score,threshold_validation_observations,threshold_source
2016-02-17,0.015314666076325922,0.032950909518153715,0.029407159533196392,0.015621085493044307,0.024189979239655077,51.53968077080269,0.020994674897372043,-0.5243713452551366,-0.018956126136605578,0.0,0.4802130309267261,0.0,0.61,0.31702745815879374,125,nested_validation
2016-02-18,-0.018956126136605578,0.02110974907387364,0.009438173420136087,-0.0016002620365552778,0.024590073314540346,47.161613780773735,0.029087918030534943,-0.730066641864312,-0.0022859164463560067,0.0,0.4364832324290982,0.0,0.61,0.31702745815879374,125,nested_validation
2016-02-19,-0.0022859164463560067,0.024973216026320966,0.0077224854779400776,-0.002462813952656573,0.02456722956920376,46.656675445648496,0.009995825440662132,-0.8506242935587678,0.008746302460041155,1.0,0.4417554092003653,0.0,0.61,0.31702745815879374,125,nested_validation
2016-02-22,0.008746302460041155,0.03074771889598682,0.013494907413478252,0.005930906752626752,0.02151868176995831,48.905615025834656,0.010115641873627497,-0.8206961852259196,-0.0226049931454142,0.0,0.4744274292745667,0.0,0.61,0.31702745815879374,125,nested_validation
2016-02-23,-0.0226049931454142,-0.02017782443748839,-0.009083399524636326,-0.016213410557843755,0.02165578331272865,43.72934196785357,0.020593482922854643,-0.8669355720438808,0.014890366409109346,1.0,0.5005577552586913,0.0,0.61,0.31702745815879374,125,nested_validation
2016-02-24,0.014890366409109346,-0.020587291804515795,0.004504899970176446,-0.0009076616327311493,0.021911700566891946,47.57650201313922,0.031841806526331805,-0.5911131538710538,0.006867942581130215,1.0,0.34040491233703896,-1.0,0.61,0.31702745815879374,125,nested_validation
2016-02-25,0.006867942581130215,0.005193839654835886,0.008778236503444337,0.006882394533161751,0.016251211283759812,49.32310166981217,0.015605643891000815,-1.8426390792871845,0.0015502490199106322,1.0,0.4410688606006738,0.0,0.61,0.31702745815879374,125,nested_validation
2016-02-26,0.0015502490199106322,0.009058764444564327,0.006972158671981088,0.008427358481364333,0.016210677529423005,49.733005803342145,0.014859093567187072,-1.5126191325977212,-0.002270063243067666,0.0,0.42412191304192165,0.0,0.61,0.31702745815879374,125,nested_validation
2016-02-29,-0.002270063243067666,-0.00196101360858858,0.0018754958828197665,0.0069390037992815845,0.014384715161752677,49.105673200314705,0.01634090175985038,-0.7605608169953967,0.03971440472767607,1.0,0.3769791246739411,-1.0,0.61,0.31702745815879374,125,nested_validation
2016-03-01,0.03971440472767607,0.06167465902078417,0.03748260248018864,0.045504779226946956,0.016589202619067017,58.86050697780243,0.033323371280205294,1.2816509398758522,0.0021888234168552234,1.0,0.4407420659392894,0.0,0.61,0.31702745815879374,125,nested_validation
2016-03-02,0.0021888234168552234,0.0483876018452869,0.03693899071498041,0.046120755129728463,0.01575290572873152,59.341417354052915,0.012406947890818861,-1.020110325595969,0.007444186173763301,1.0,0.5315972669395767,0.0,0.61,0.31702745815879374,125,nested_validation
2016-03-03,0.007444186173763301,0.04898760767783994,0.039054422782845766,0.05200310586966528,0.015343336931519102,61.01424759402615,0.012413814150053921,-0.4574816878406726,0.014876440065376029,1.0,0.542974241263744,0.0,0.61,0.31702745815879374,125,nested_validation
2016-03-04,0.014876440065376029,0.06294497954003075,0.04704102681546796,0.06499306735885502,0.015527039533415065,64.20713475274164,0.023104525813623693,0.7711098060576993,-0.011066632111997099,0.0,0.5239727165958222,0.0,0.61,0.31702745815879374,125,nested_validation
2016-03-07,-0.011066632111997099,0.053573436828984855,0.030228388321260624,0.052845300928269,0.014342717136689711,60.19866318844375,0.018356755631331087,-0.5417481959957329,-0.008245916512122586,0.0,0.49325065808665103,0.0,0.61,0.31702745815879374,125,nested_validation
2016-03-08,-0.008245916512122586,0.004973821155417779,0.015223860047755,0.04339917755801137,0.014505954898043929,57.35709651593444,0.013461354318359512,-1.0507470146456563,0.0008908368209215034,1.0,0.4762038052574505,0.0,0.61,0.31702745815879374,125,nested_validation
2016-03-09,0.0008908368209215034,0.0036722275648239933,0.01102813718193607,0.04372874697652973,0.014495059180872258,57.58809370932326,0.01295495601667766,-1.4996748600426815,0.0004941631973960359,1.0,0.46589670023934476,0.0,0.61,0.31702745815879374,125,nested_validation
2016-03-10,0.0004941631973960359,-0.003251773921362666,0.00708726513797675,0.041287378984945944,0.01429933236386778,57.725020043670916,0.020658262090708958,-0.5480228753704589,0.010774319038590496,1.0,0.40340920312401435,0.0,0.61,0.31702745815879374,125,nested_validation
2016-03-11,0.010774319038590496,-0.007280620877692434,0.012545502677842268,0.049382319313952205,0.014199212512351525,60.70526670259843,0.007627603784496362,-1.3103245248959807,0.002542601035109504,1.0,0.44944266954203066,0.0,0.61,0.31702745815879374,125,nested_validation
2016-03-14,0.002542601035109504,0.006380713564868579,0.009293656604559386,0.050001304070818486,0.014202418099777183,61.404200610925656,0.011022287551829895,-1.467012618280114,0.020093613590324466,1.0,0.48521276091755683,0.0,0.61,0.31702745815879374,125,nested_validation
2016-03-15,0.020093613590324466,0.03513820193969952,0.025485206476604017,0.0679384585995948,0.013623265448977176,66.48984051613583,0.012717554099905631,0.7758714708175595,0.013291173726297068,1.0,0.5825695514568692,0.0,0.61,0.31702745815879374,125,nested_validation
2016-03-16,0.013291173726297068,0.047962839727820006,0.03382340065174905,0.07773047335294159,0.013546514037828871,69.41804136779972,0.016231020108425732,0.5858240832185444,-0.001604276245742109,0.0,0.6009189398377124,0.0,0.61,0.31702745815879374,125,nested_validation
2016-03-17,-0.001604276245742109,0.04576483934089115,0.027853047537128583,0.07237699173105128,0.012572544153177429,68.62816069238079,0.01427223149976438,-0.0099063025216691,0.001134629561892364,1.0,0.6509599164052281,1.0,0.61,0.31702745815879374,125,nested_validation
2016-03-18,0.001134629561892364,0.0357914475292711,0.026118302837074614,0.0702237193376074,0.012497837149248466,68.89728306197142,0.01236780193768769,1.447488094029143,-9.502228089430798e-05,0.0,0.6922072546470233,1.0,0.61,0.31702745815879374,125,nested_validation
2016-03-21,-9.502228089430798e-05,0.03306634869586511,0.022020828700998196,0.06585372671259293,0.012513346217269811,68.8439588831053,0.0236993867381808,0.08099612523638455,0.007648030766585823,1.0,0.6639352786598419,1.0,0.61,0.31702745815879374,125,nested_validation
2016-03-22,0.007648030766585823,0.02046249289888613,0.024213549466568285,0.06980299728529005,0.010859376989084391,70.80251117166344,0.019490271807185655,-0.40052303662063693,-0.005528431550036572,0.0,0.6446196233534327,1.0,0.61,0.31702745815879374,125,nested_validation
2016-03-23,-0.005528431550036572,0.0015096964928571488,0.013677306575636594,0.05994314481667118,0.010940355946728195,67.47527652543859,0.011024198617018782,-1.3091156301240012,-0.004334182129530628,0.0,0.5351074083423739,0.0,0.61,0.31702745815879374,125,nested_validation
2016-03-24,-0.004334182129530628,-0.0012287239030619457,0.004964403393277861,0.0513591046727051,0.011117500800112862,64.91400598249567,0.012870262457818835,-1.2194183922459174,-0.004542266950259721,0.0,0.46538418813072924,0.0,0.61,0.31702745815879374,125,nested_validation
2016-03-28,-0.004542266950259721,-0.006892219107691555,-0.002380337796465626,0.04261052722481429,0.011275807813020872,62.258347940208736,0.010742512183531333,-1.9469680766752444,0.023670973413458363,1.0,0.43579682626363764,0.0,0.61,0.31702745815879374,125,nested_validation
2016-03-29,0.023670973413458363,0.016712219084579205,0.016261026715480353,0.06248449223046193,0.011933203329676257,69.27956070911057,0.02702455102026492,-0.33958515698708547,0.017459410750856108,1.0,0.5158849403547497,0.0,0.61,0.31702745815879374,125,nested_validation
2016-03-30,0.017459410750856108,0.02661185627088991,0.02916725387630814,0.0764605185497802,0.009471569037967774,73.31601833688605,0.016611899738778826,1.7316331772833682,-0.005202469930649989,0.0,0.6392514568862594,1.0,0.61,0.31702745815879374,125,nested_validation
2016-03-31,-0.005202469930649989,0.02694835263113604,0.020916813803905754,0.0670614834401615,0.009690531945115167,70.30015916868001,0.009358696141418923,-1.006401653954261,0.009175021481599988,1.0,0.7006097573281442,1.0,0.61,0.31702745815879374,125,nested_validation
2016-04-01,0.009175021481599988,0.0408819979816224,0.026255895428501708,0.07204821034342346,0.00972869093898209,72.44195232271673,0.016365152165810963,-0.9173589084652988,0.010273675497957546,1.0,0.6565198299545181,1.0,0.61,0.31702745815879374,125,nested_validation
2016-04-04,0.010273675497957546,0.05637401463433811,0.03179326630442003,0.07778161707901532,0.00952263213226509,74.66530809232123,0.017278669464385953,0.7772232402663511,-0.011789169066465544,0.0,0.6229643056720523,1.0,0.61,0.31702745815879374,125,nested_validation
2016-04-05,-0.011789169066465544,0.019781033057343578,0.01595020480018894,0.06064157864169717,0.009580317609132994,67.83278319047218,0.01192974425929916,-0.7527668225612971,0.010472601212333288,1.0,0.6579548509202251,1.0,0.61,0.31702745815879374,125,nested_validation
2016-04-06,0.010472601212333288,0.012778281130648272,0.022578467964738502,0.0661643388406905,0.009266472666759472,70.39400768765896,0.01604187476007725,-0.7300043715392591,-0.021809534958788346,0.0,0.6364525956791626,1.0,0.61,0.31702745815879374,125,nested_validation
2016-04-07,-0.021809534958788346,-0.004128953020456239,-0.0019401898178597055,0.038772953413203526,0.01091261654352245,59.63365190289008,0.021190302220038433,0.0232050958018937,0.001105753802882914,1.0,0.49026433097271727,0.0,0.61,0.31702745815879374,125,nested_validation
2016-04-08,0.001105753802882914,-0.012091843381896505,-0.0035761664174071006,0.0359886822431299,0.010904707010926743,59.96054014153423,0.01472481520520163,-1.0808605741431017,0.0033130543510961896,1.0,0.42103888795258815,0.0,0.61,0.31702745815879374,125,nested_validation
2016-04-11,0.0033130543510961896,-0.01889836974488779,-0.003773853197087562,0.03543593238522136,0.010781071713640726,60.98121710345114,0.016327268703966554,-0.26438303463993196,0.01302505352684924,1.0,0.40284266680639996,0.0,0.61,0.31702745815879374,125,nested_validation
2016-04-12,0.01302505352684924,0.005737339030754907,0.0066631144480697735,0.04437626527648253,0.010986125001654393,64.7935787019126,0.016660596678878505,-0.5993090024898093,0.014487449515081519,1.0,0.48509870334455674,0.0,0.61,0.31702745815879374,125,nested_validation
2016-04-13,0.014487449515081519,0.009733373009087165,0.018943744034550347,0.05567646020108574,0.010632335723560128,68.52522360051721,0.013745031002756846,0.33960058570750257,0.0005353799553775573,1.0,0.6281489834805061,1.0,0.61,0.31702745815879374,125,nested_validation
2016-04-14,0.0005353799553775573,0.03279882612095242,0.016613925139250307,0.05248977026101431,0.010406514430503045,68.65934191080677,0.009455821347209716,-0.7553960748612965,-0.020071193901378126,0.0,0.6486315935367187,1.0,0.61,0.31702745815879374,125,nested_validation
2016-04-15,-0.020071193901378126,0.010951457202431403,-0.003664235229852375,0.028676882397151493,0.011522002327689454,58.576616593798924,0.023395536918734174,2.157590441594079,-0.021574788599976413,0.0,0.4759099359921357,0.0,0.61,0.31702745815879374,125,nested_validation
2016-04-18,-0.021574788599976413,-0.014125861376149906,-0.021930915632852876,0.0050810056112455815,0.012613353923357426,50.21212661890697,0.018701102010212006,3.062147409483912,-0.005303463321071122,0.0,0.47695253155613243,0.0,0.61,0.31702745815879374,125,nested_validation
2016-04-19,-0.005303463321071122,-0.03196314061893546,-0.02454384463649173,-0.0018175679782939103,0.012682947203121846,48.421206850493945,0.016555949700090736,0.07534907104756196,0.002057807850782467,1.0,0.44306100897043915,0.0,0.61,0.31702745815879374,125,nested_validation
2016-04-20,0.002057807850782467,-0.043823663177091854,-0.019108804493982112,-0.0016588047672538853,0.01258466925426867,49.17468067605481,0.018948929630744665,-0.10300311263424661,-0.010827906148180189,0.0,0.42526969018032323,0.0,0.61,0.31702745815879374,125,nested_validation
2016-04-21,-0.010827906148180189,-0.05468315450388039,-0.027441264656440034,-0.013954293960693809,0.012758578399426448,45.408098614537444,0.013305686947882311,-0.03454694210504653,-0.0027364491833485882,0.0,0.5545032794370847,0.0,0.61,0.31702745815879374,125,nested_validation
2016-04-22,-0.0027364491833485882,-0.03796068845089351,-0.027442731527276498,-0.018026201962128785,0.012736134562379552,44.490665873919994,0.0176003085255523,0.15468517918764688,-0.005677594320810386,0.0,0.5131190627719736,0.0,0.61,0.31702745815879374,125,nested_validation
2016-04-25,-0.005677594320810386,-0.022329727942417388,-0.02944536034432277,-0.0244535372071758,0.012759145871719805,42.57395538953236,0.010848871048568404,-0.526759637440559,-0.006947557400957205,0.0,0.45145337607411806,0.0,0.61,0.31702745815879374,125,nested_validation
2016-04-26,-0.006947557400957205,-0.023945679991207225,-0.030736265636488347,-0.03177950439679966,0.011616328704742898,40.29905606703242,0.01332055016745548,2.1708423561735444,-0.06257748372210736,0.0,0.5577584383018507,0.0,0.61,0.31702745815879374,125,nested_validation
2016-04-27,-0.06257748372210736,-0.08690368008908322,-0.079228464182865,-0.09046667490185478,0.016954655569441108,26.605163165134243,0.030975248300447317,3.812676039662589,-0.030565933905424836,0.0,0.7720762103147931,1.0,0.61,0.31702745815879374,125,nested_validation
2016-04-28,-0.030565933905424836,-0.10512368510080927,-0.0926223309319173,-0.11521254445054885,0.01781161421542168,22.78696716962149,0.03827899592246167,1.887343999613013,-0.011494554282461933,0.0,0.7682083793603409,1.0,0.61,0.31702745815879374,125,nested_validation
2016-04-29,-0.011494554282461933,-0.11298261147004862,-0.08900951575362359,-0.12208995887669005,0.01745238556391682,21.57153489334489,0.023575838861063486,1.1472761538344582,-0.0010668549549360806,0.0,0.7415878926642434,1.0,0.61,0.31702745815879374,125,nested_validation
2016-05-02,-0.0010668549549360806,-0.10886945263127501,-0.07757471285585082,-0.11965168594755438,0.017035027800243248,21.458446118014606,0.017941054208950327,0.23174602131008007,0.016446068760868293,1.0,0.7435141073288727,1.0,0.61,0.31702745815879374,125,nested_validation
2016-05-03,0.016446068760868293,-0.08787683029607773,-0.05144395511374711,-0.102154358740008,0.01784412606926854,27.740627467177788,0.021643176633628594,0.5481429915962623,-0.010401574937737856,0.0,0.7138744012340085,1.0,0.61,0.31702745815879374,125,nested_validation
2016-05-04,-0.010401574937737856,-0.03710905538541642,-0.049047043593994366,-0.10797889444989417,0.017398847399586914,26.2850802074895,0.022083042543168147,-0.18263584032807276,-0.0040591846065825,0.0,0.618091976445416,1.0,0.61,0.31702745815879374,125,nested_validation
2016-05-05,-0.0040591846065825,-0.010781211374481514,-0.041132981685522374,-0.10813046371900525,0.017122529769676202,25.72373826607395,0.014907758703290936,-0.423393352248438,-0.005577000873967397,0.0,0.5953281974751723,0.0,0.61,0.31702745815879374,125,nested_validation
2016-05-06,-0.005577000873967397,-0.004859387635687051,-0.03424422333904653,-0.10960951201276836,0.017023732698287258,24.938908000067514,0.017256238708545705,-0.12073264556292734,0.0007554332002768227,1.0,0.6038275616844417,0.0,0.61,0.31702745815879374,125,nested_validation
2016-05-09,0.0007554332002768227,-0.0030440179488586683,-0.021638618813760613,-0.1055689228539497,0.01695184937620183,25.26965039981691,0.012716890759059565,-0.6284912434883828,0.006789342129714049,1.0,0.5477554880466061,0.0,0.61,0.31702745815879374,125,nested_validation
2016-05-10,0.006789342129714049,-0.012515579380246833,-0.004183082502443924,-0.09554158634462306,0.0166242074988345,28.328551551515446,0.015628335614311168,-0.6156214442736734,-0.009741123110759253,0.0,0.5162441463421414,0.0,0.61,0.31702745815879374,125,nested_validation
2016-05-11,-0.009741123110759253,-0.011856538426670005,-0.00889897538230211,-0.09959027303863488,0.01581231537722284,26.632698444564028,0.011998709163545063,-0.8313749876691027,-0.023457005362074956,0.0,0.5330115116278938,0.0,0.61,0.31702745815879374,125,nested_validation
2016-05-12,-0.023457005362074956,-0.031102491049607273,-0.028069413769995943,-0.11554884852772196,0.015945210870851458,23.08398021156634,0.03663933686928277,1.2437692424016231,0.0019927778843296107,1.0,0.5227291839390255,0.0,0.61,0.31702745815879374,125,nested_validation
2016-05-13,0.0019927778843296107,-0.02372701824913359,-0.023345234552491156,-0.10831436915141446,0.015994309370465323,23.988870468938146,0.01844894201145807,-0.2109380017138491,0.037118831742877,1.0,0.5252473116264751,0.0,0.61,0.31702745815879374,125,nested_validation
2016-05-16,0.037118831742877,0.011746787182282725,0.012026237938060902,-0.07015763837362532,0.018622858195051026,38.525366578368036,0.02918617324171007,0.5588752134607006,-0.004154323909642765,0.0,0.46448482553978654,0.0,0.61,0.31702745815879374,125,nested_validation
2016-05-17,-0.004154323909642765,0.0007492343755619579,0.009033726851015667,-0.06920953234709559,0.018627504218057974,37.62589256458605,0.018076744578327163,-0.1316507120781062,0.011444917341666194,1.0,0.4767810913025958,0.0,0.61,0.31702745815879374,125,nested_validation
2016-05-18,0.011444917341666194,0.022159710218825568,0.01954768044503674,-0.05361678783713153,0.01894536983271994,41.65088566408328,0.013959387996031646,-0.3900166018794921,-0.0038068918342991642,0.0,0.44482220748015683,0.0,0.61,0.31702745815879374,125,nested_validation
2016-05-19,-0.0038068918342991642,0.0427277286876544,0.014616140776115172,-0.052896198155517604,0.018912802593770917,40.699332881959826,0.01135880816866832,-0.9334953915143818,0.010827931152715964,1.0,0.4378962029058592,0.0,0.61,0.31702745815879374,125,nested_validation
2016-05-20,0.010827931152715964,0.051922065716314414,0.022848074176738953,-0.03852214459880454,0.01923609712925384,44.563930134533685,0.009556854131939635,-0.8523188214472142,0.012707651683232957,1.0,0.40369933217688914,0.0,0.61,0.31702745815879374,125,nested_validation
2016-05-23,0.012707651683232957,0.02716245460043032,0.03181162154231276,-0.02237838055778707,0.01960356790405573,48.82468836381099,0.015762773697505988,-0.6062698406110295,0.01524401210637727,1.0,0.4351439756925513,0.0,0.61,0.31702745815879374,125,nested_validation
2016-05-24,0.01524401210637727,0.04717081826135883,0.042542993357322256,-0.00347756553066092,0.02001702199075608,53.500387412775105,0.012768130546653654,-0.6865673141553954,0.017568876503519126,1.0,0.45163453062497294,0.0,0.61,0.31702745815879374,125,nested_validation
2016-05-25,0.017568876503519126,0.053511085750537646,0.052887382465330424,0.018086320948035972,0.015024245797526842,58.30114730145444,0.016362148248122595,-0.5076696220438617,0.00793041773948322,1.0,0.43361252261731703,0.0,0.61,0.31702745815879374,125,nested_validation
2016-05-26,0.00793041773948322,0.0659237250787037,0.05006135335929418,0.030023963889661998,0.0131658380205938,60.327214820952605,0.02081469864614532,0.9192845875694041,-0.0005976969101746388,0.0,0.48069477355101387,0.0,0.61,0.31702745815879374,125,nested_validation
2016-05-27,-0.0005976969101746388,0.05387533617806084,0.03875538337632278,0.032527704512177014,0.012763576710563536,60.08836748889015,0.012157461278066248,-0.5622963017975433,-0.004882955676014489,0.0,0.5372990972978948,0.0,0.61,0.31702745815879374,125,nested_validation
2016-05-31,-0.004882955676014489,0.035569651202253194,0.02732396434862383,0.029947902519286806,0.0128630159998441,58.06691889165104,0.01582216925092733,-0.027363241293445136,-0.01401958000746395,0.0,0.5603298399131234,0.0,0.61,0.31702745815879374,125,nested_validation
2016-06-01,-0.01401958000746395,0.005720188888871824,0.007768628479042583,0.01824005303996734,0.013054915483502834,52.62018977605198,0.012289245335403091,-1.0488455044656255,-0.0075159172037359,0.0,0.47794098598071844,0.0,0.61,0.31702745815879374,125,nested_validation
2016-06-02,-0.0075159172037359,-0.019072514630310122,-0.0030302377809934278,0.013648620756578245,0.012931488738255214,49.95291482008978,0.012382307300015782,-0.08769919682708113,0.0020468532450037547,1.0,0.4309592139110604,0.0,0.61,0.31702745815879374,125,nested_validation
2016-06-03,0.0020468532450037547,-0.02479845565064731,-0.004766757614114492,0.018332054574058176,0.012851269900785644,50.680604266517896,0.008374180046545953,-1.0456129279905044,0.007250703379834134,1.0,0.4213673202092378,0.0,0.61,0.31702745815879374,125,nested_validation
2016-06-06,0.007250703379834134,-0.017140106195352334,-0.0010129399228769875,0.028000127031303945,0.012750178838616672,53.27752828253158,0.04400280298842056,-1.3358579604047387,0.004055426311612598,1.0,0.4476110520422954,0.0,0.61,0.31702745815879374,125,nested_validation
2016-06-07,0.004055426311612598,-0.008311820898407651,0.00040390695103109664,0.034114287433448576,0.012739145995217908,54.723929767698145,0.009189171698744045,-1.3121189500166466,-0.0009084046850229566,0.0,0.4575416873472189,0.0,0.61,0.31702745815879374,125,nested_validation
2016-06-08,-0.0009084046850229566,0.004875253933658286,-0.001553867534694997,0.03489622735330711,0.012745404582693094,54.31666078656331,0.00889425138168073,-1.3247812473030853,0.007175868001085606,1.0,0.4736582912686101,0.0,0.61,0.31702745815879374,125,nested_validation
2016-06-09,0.007175868001085606,0.019750466185766813,0.005580395151647322,0.04144306506716244,0.012432244570968599,57.03441307989842,0.015353725598283418,-0.8829368768504778,-0.008228778713704199,0.0,0.563471889720664,0.0,0.61,0.31702745815879374,125,nested_validation
2016-06-10,-0.008228778713704199,0.009293290010508715,-0.0011016479786948308,0.031230127468040436,0.011138522355751676,53.10490991105039,0.008802945472719228,-0.4405651352797653,-0.015076441912911909,0.0,0.42924704453261514,0.0,0.61,0.31702745815879374,125,nested_validation
2016-06-13,-0.015076441912911909,-0.013079132121779802,-0.01315923200332969,0.014212819825954792,0.01192864153787249,46.79581139235515,0.02075204796031647,0.19782043460352733,0.0012330955052524128,1.0,0.4599428304263056,0.0,0.61,0.31702745815879374,125,nested_validation
2016-06-14,0.0012330955052524128,-0.015853298861841725,-0.009532447308490677,0.013918696569316324,0.009141595894253564,47.33857448495442,0.017750906763647045,-0.3047080763532446,-0.0032836318226528993,0.0,0.42240335380538485,0.0,0.61,0.31702745815879374,125,nested_validation
2016-06-15,-0.0032836318226528993,-0.018192996205823042,-0.011458661222258804,0.009701400269607419,0.00911462325279229,45.99141541114063,0.014206350540285845,-0.5209440869656987,0.0042207871178017164,1.0,0.4357397784628218,0.0,0.61,0.31702745815879374,125,nested_validation
2016-06-16,0.0042207871178017164,-0.021073644164301797,-0.007114496555829852,0.012584341935554466,0.00887141556633722,48.03191126123772,0.01722194005759711,-0.22752099643525628,-0.022757657789043928,0.0,0.40459603351416895,0.0,0.61,0.31702745815879374,125,nested_validation
2016-06-17,-0.022757657789043928,-0.0354143533342588,-0.027145644638199462,-0.011174784945066296,0.010295711545608344,39.360635032896596,0.014161318034102104,2.6668276426198285,-0.0024125473555803856,0.0,0.5074001538199303,0.0,0.61,0.31702745815879374,125,nested_validation
2016-06-20,-0.0024125473555803856,-0.02301195842696757,-0.025983919443148817,-0.01437145659934913,0.010042520657634524,38.58351134845474,0.01619349043361378,-0.035198499119114476,0.008516932857527415,1.0,0.500143080184556,0.0,0.61,0.31702745815879374,125,nested_validation
2016-06-21,0.008516932857527415,-0.015904500611318095,-0.014539235479751,-0.007047182099101157,0.009816097280274954,42.862052582394405,0.017412137474509048,0.0925199085043713,-0.0037533074575113456,0.0,0.5005601494958363,0.0,0.61,0.31702745815879374,125,nested_validation
2016-06-22,-0.0037533074575113456,-0.01636822900305901,-0.014806345515190444,-0.011500643532057375,0.009171536938145363,41.47900271073482,0.016117225184107572,-0.5165666365681654,0.005756176282010861,1.0,0.4755072189284075,0.0,0.61,0.31702745815879374,125,nested_validation
2016-06-23,0.005756176282010861,-0.014864319123743419,-0.005495186084989112,-0.007039950127823769,0.008282953541539675,44.42940633122635,0.010822070052450599,-0.18244776887226005,-0.028095756926575843,0.0,0.43300162302250217,0.0,0.61,0.31702745815879374,125,nested_validation
2016-06-24,-0.028095756926575843,-0.020245534919755448,-0.027974426579244982,-0.03595394898735471,0.009764060415536652,35.07950185145043,0.02152036513268722,3.217060383734824,-0.0145609917632048,0.0,0.5283804031624099,0.0,0.61,0.31702745815879374,125,nested_validation
2016-06-27,-0.0145609917632048,-0.03217681234370251,-0.03681537195438889,-0.05048797501200253,0.010022794347736938,31.485296903705134,0.01684053711799048,0.7881243776226161,0.01684053474903835,1.0,0.5521368998207027,0.0,0.61,0.31702745815879374,125,nested_validation
2016-06-28,0.01684053474903835,-0.024189068506225597,-0.01661218229636252,-0.034401390237693286,0.011023756835135524,39.13894126064476,0.016241097680709887,0.4008074944241255,0.008654706003103474,1.0,0.4720800136769384,0.0,0.61,0.31702745815879374,125,nested_validation
2016-06-29,0.008654706003103474,-0.012035577544976084,-0.005237290232551262,-0.026349130527128728,0.01101619917981006,42.73874899209771,0.00974582397742482,0.06392864699946782,0.012711973845779045,1.0,0.46287977697319493,0.0,0.61,0.31702745815879374,125,nested_validation
2016-06-30,0.012711973845779045,-0.005202827535717991,0.009482458564628482,-0.014324547868874493,0.011389458374341934,47.676450925929274,0.015376502246561464,0.026221940532140237,0.0030334153327700175,1.0,0.4635851382746842,0.0,0.61,0.31702745815879374,125,nested_validation
2016-07-01,0.0030334153327700175,0.026659583566454037,0.011946247412850441,-0.01190848739753736,0.011404806707996151,48.82490132252936,0.011888616090360815,-0.7392676032484478,-0.009385878525482116,0.0,0.44378447228037143,0.0,0.61,0.31702745815879374,125,nested_validation
2016-07-05,-0.009385878525482116,0.032051170013854824,0.0025646529136473806,-0.021105259379757935,0.011380732465996546,45.487916514675405,0.009895804427265745,-0.6328335241442495,0.0056847965496245045,1.0,0.4421183551677722,0.0,0.61,0.31702745815879374,125,nested_validation
2016-07-06,0.0056847965496245045,0.020728556223763572,0.008668560320643337,-0.015235985323337253,0.011428184332429675,47.79342768478408,0.013503621187179665,-0.41772746256705706,0.004292009987121537,1.0,0.45217167640498407,0.0,0.61,0.31702745815879374,125,nested_validation
2016-07-07,0.004292009987121537,0.016313637640493095,0.012580799038575341,-0.010342852377533629,0.011502876969543434,49.53855259654161,0.009172370554768395,-0.9308816225792215,0.007712809413403576,1.0,0.4446935875240961,0.0,0.61,0.31702745815879374,125,nested_validation
2016-07-08,0.007712809413403576,0.011296693908568578,0.01976642142193863,-0.0017006211638810331,0.011523636523314963,52.616924930165986,0.00868841885849347,-0.6287203991664182,0.0031034377868226493,1.0,0.4152185195028339,0.0,0.61,0.31702745815879374,125,nested_validation
2016-07-11,0.0031034377868226493,0.011367293227794173,0.019082994785750262,0.002581173342864451,0.011454538633317708,53.84639780773994,0.009486472851101794,-1.0037171169027883,0.004536866249962079,1.0,0.43910735775873205,0.0,0.61,0.31702745815879374,125,nested_validation
2016-07-12,0.004536866249962079,0.02558171677839227,0.017951555756528625,0.008147658857128315,0.01102866922849294,55.663182898751444,0.005953543549183328,-0.8969379831876279,-0.005645427068189379,0.0,0.4694749338168455,0.0,0.61,0.31702745815879374,125,nested_validation
2016-07-13,-0.005645427068189379,0.014027330921801973,0.008747481211592634,0.0034912259345980523,0.011095098198962221,52.86205226599686,0.00856820282359266,-0.724427716946825,0.01982031897740688,1.0,0.40153791620314794,0.0,0.61,0.31702745815879374,125,nested_validation
2016-07-14,0.01982031897740688,0.029706166920258292,0.024059683103955454,0.0232641369745612,0.011892346713472363,60.361399116559745,0.01690452630295329,0.2782083455872505,-0.00010126383886144286,0.0,0.4941449227340352,0.0,0.61,0.31702745815879374,125,nested_validation
2016-07-15,-0.00010126383886144286,0.02172155132198328,0.020591705613028477,0.022786188097837945,0.011869534912374248,60.307562638823114,0.008098836420774415,-0.41928734540299173,0.010629538939083583,1.0,0.52217166424519,0.0,0.61,0.31702745815879374,125,nested_validation
2016-07-18,0.010629538939083583,0.029387340766050762,0.027258372981500578,0.032976981774768044,0.01074820700276316,63.942627465283174,0.015326041783372393,0.21115391874842818,0.0004008356786053824,1.0,0.6083349163393801,0.0,0.61,0.31702745815879374,125,nested_validation
2016-07-19,0.0004008356786053824,0.025148992076002186,0.022535391438196273,0.032949246623810824,0.010703049832594558,64.07764736446072,0.006608627655534466,-0.8722664467034031,0.0009010994487110846,1.0,0.5926130774507624,0.0,0.61,0.31702745815879374,125,nested_validation
2016-07-20,0.0009010994487110846,0.031898259634164816,0.01883562009403561,0.0335486404696399,0.010617612780719949,64.40050614906119,0.00720289343034804,-0.6046565953231398,-0.0053022373347779705,0.0,0.5884896920546676,0.0,0.61,0.31702745815879374,125,nested_validation
2016-07-21,-0.0053022373347779705,0.006478171748389938,0.009841357415135032,0.027894939116096307,0.010665760590733325,60.92736433900396,0.018807228611510875,-0.055957868906942286,-0.007744010570164828,0.0,0.5383655467404999,0.0,0.61,0.31702745815879374,125,nested_validation
2016-07-22,-0.007744010570164828,-0.0012148650353055457,1.013133823590806e-05,0.020282978001812557,0.010835648408396632,56.18659779630769,0.010034517093214878,-0.42321699789690276,-0.013379345391400177,0.0,0.43310987810174284,0.0,0.61,0.31702745815879374,125,nested_validation
2016-07-25,-0.013379345391400177,-0.02494236938031691,-0.013729221109644585,0.007149556557547676,0.009183086474316227,49.129077611884696,0.019724658323188215,1.4078160594888782,-0.006883334326052926,0.0,0.4536633551779656,0.0,0.61,0.31702745815879374,125,nested_validation
2016-07-26,-0.006883334326052926,-0.03204200913717026,-0.019773140732324945,0.0004481979190031904,0.008621455418440255,45.972500490433674,0.016033961737011153,3.1020202572506212,0.0649636425755502,1.0,0.45647773984068435,0.0,0.61,0.31702745815879374,125,nested_validation
2016-07-27,0.0649636425755502,0.029912014660758768,0.03750964916186983,0.0634269536347778,0.015917643212400502,67.22698713912249,0.015541510651287442,3.7834517187326537,0.013501533632613416,1.0,0.5479801897477107,0.0,0.61,0.31702745815879374,125,nested_validation
2016-07-28,0.013501533632613416,0.0493814760058362,0.04566902896610814,0.07511953402862082,0.016009589890436108,70.0366742957328,0.015621979208619515,0.33781907824476376,-0.0012457649092100231,0.0,0.5677955370667793,0.0,0.61,0.31702745815879374,125,nested_validation
2016-07-29,-0.0012457649092100231,0.05625383424381436,0.03871388966392786,0.07132953529910124,0.015968582483262512,69.43716535326962,0.008348553442331463,-0.4258810050807739,0.017656547390435096,1.0,0.5667874269521543,0.0,0.61,0.31702745815879374,125,nested_validation
2016-08-01,0.017656547390435096,0.08948016150228644,0.050540856999067296,0.08625509436846635,0.01622002360972419,72.96500942178842,0.016407334405453156,0.21393660625980115,-0.014804279110967267,0.0,0.501886447831753,0.0,0.61,0.31702745815879374,125,nested_validation
2016-08-02,-0.014804279110967267,0.08079063639230077,0.030283361170718504,0.06675747688314337,0.016503751905546492,65.96794169960317,0.019812400730429763,-0.09107399913318466,0.01253838781136074,1.0,0.5126437397903568,0.0,0.61,0.31702745815879374,125,nested_validation
2016-08-03,0.01253838781136074,0.027586261900617304,0.03723836231454558,0.07651305695258981,0.016587329510671763,68.66787433447905,0.010114374568146551,-0.3260211318789886,0.006177187127443862,1.0,0.5748618849820277,0.0,0.61,0.31702745815879374,125,nested_validation
2016-08-04,0.006177187127443862,0.020160128247779463,0.036517934226513615,0.07917526712198963,0.0165869879888856,69.9486524637932,0.006800804779674785,-0.5193375160595946,0.015207578758789975,1.0,0.6038544162949308,0.0,0.61,0.31702745815879374,125,nested_validation
2016-08-05,0.015207578758789975,0.036966109736234154,0.042733956762651015,0.09117568605656912,0.016720446062819378,72.90344251735087,0.013676974086252796,0.31042347523865493,0.008280727533577892,1.0,0.5996696487214134,0.0,0.61,0.31702745815879374,125,nested_validation
2016-08-08,0.008280727533577892,0.027412388033677404,0.03971360503371124,0.09448034570438124,0.016718062991686627,74.40181505662215,0.011165442962128447,-0.5364249995611812,0.004059991413715602,1.0,0.6066673660182433,0.0,0.61,0.31702745815879374,125,nested_validation
2016-08-09,0.004059991413715602,0.0470850122821751,0.03140635213170051,0.09257328342719195,0.016720437603109446,75.133858502106,0.008547011543447412,-0.6620187547685839,-0.007444135097572913,0.0,0.5796844341018974,0.0,0.61,0.31702745815879374,125,nested_validation
2016-08-10,-0.007444135097572913,0.02642070908399563,0.018318435949833844,0.07905353614544386,0.01678727723320982,71.10254734246274,0.010555549904152268,-0.8066914606568448,-0.0006482223576295132,0.0,0.6248763070145532,1.0,0.61,0.31702745815879374,125,nested_validation
2016-08-11,-0.0006482223576295132,0.01945797753622669,0.013689696099669746,0.07333575085188482,0.016527007466051787,70.749216405207,0.010006502622078747,-0.5327938069845853,0.0023163057579189683,1.0,0.6014572881992698,0.0,0.61,0.31702745815879374,125,nested_validation
2016-08-12,0.0023163057579189683,0.006512732271802157,0.011731776215651024,0.07117206697138911,0.01649925576452675,71.29773038194388,0.006100976707778629,-1.051880298888638,0.01201710906264819,1.0,0.6243012204550994,1.0,0.61,0.31702745815879374,125,nested_validation
2016-08-15,0.01201710906264819,0.01024256214848096,0.020072515382855594,0.07902051246604014,0.016525849684315964,74.0254050602979,0.013335760318828903,-0.5475923171745315,-0.0009135569043497993,0.0,0.5918024480812552,0.0,0.61,0.31702745815879374,125,nested_validation
2016-08-16,-0.0009135569043497993,0.005238388853280762,0.013979421660694324,0.07278276991113941,0.016546722465843655,73.44709718300952,0.009325327281712311,-0.07234921688659543,-0.0014625552486587923,0.0,0.636227515063526,1.0,0.61,0.31702745815879374,125,nested_validation
2016-08-17,-0.0014625552486587923,0.011296399190775297,0.00875585601969009,0.06626211454256992,0.01658370998820967,72.47185579520321,0.009430565804609905,-0.6160146510721931,-0.0012818868495469982,0.0,0.6536541108721503,1.0,0.61,0.31702745815879374,125,nested_validation
2016-08-18,-0.0012818868495469982,0.010655160906811956,0.004484668598893071,0.06018361933912941,0.016483561940201317,71.57609522795312,0.005317215083595239,-0.7870019519738278,0.0025669115928144137,1.0,0.6365681022459173,1.0,0.61,0.31702745815879374,125,nested_validation
2016-08-19,0.0025669115928144137,0.010907851678113811,0.005322642421856649,0.0583785344858887,0.016234855048320507,72.31312548809369,0.012161684561373442,-0.5593947085673358,-0.007772458977418739,0.0,0.6029500125376049,0.0,0.61,0.31702745815879374,125,nested_validation
2016-08-22,-0.007772458977418739,-0.00886002530130936,-0.002619540164320422,0.046085028832198116,0.01595130302053362,66.66211341189742,0.011519675379147661,-0.48345800846378834,0.0031332605293190596,1.0,0.49808877168261223,0.0,0.61,0.31702745815879374,125,nested_validation
2016-08-23,0.0031332605293190596,-0.004845395179426393,0.00046872920127616347,0.04534679007038345,0.015699169048730564,67.74779517283011,0.007257702587062158,-0.6923603471799962,-0.007533345240593348,0.0,0.5456513900527103,0.0,0.61,0.31702745815879374,125,nested_validation
2016-08-24,-0.007533345240593348,-0.010895618580790023,-0.007095517541448437,0.033606560699178,0.00843374645909368,62.464191010795794,0.009904653401044667,-0.774918477712054,-0.0042579031319709415,0.0,0.4522371172133083,0.0,0.61,0.31702745815879374,125,nested_validation
2016-08-25,-0.0042579031319709415,-0.013842987518392413,-0.010995987321279488,0.02615794965282081,0.00818276052167545,59.65370737565022,0.011155498295496565,-0.4587451463756768,-0.0058568566660933685,0.0,0.42618552527182296,0.0,0.61,0.31702745815879374,125,nested_validation
2016-08-26,-0.0058568566660933685,-0.02212887651391504,-0.015666237964452767,0.017336012111071053,0.008329799111551413,55.941081640430944,0.01533569620542142,0.04405841962576339,-0.0011221195716588639,0.0,0.4743586287939982,0.0,0.61,0.31702745815879374,125,nested_validation
2016-08-29,-0.0011221195716588639,-0.015574760046262792,-0.014357510957749953,0.013774429296109725,0.0074821005476505,55.23594438431031,0.010765788514925734,-0.39983871375071395,-0.0076762749213887815,0.0,0.40038273252654355,0.0,0.61,0.31702745815879374,125,nested_validation
2016-08-30,-0.0076762749213887815,-0.02618270212988627,-0.018863654852767642,0.003874791402967759,0.006882752359922648,50.54728090621501,0.009433962264150863,-0.34710139039511406,0.0009431560026569308,1.0,0.3969368581433813,0.0,0.61,0.31702745815879374,125,nested_validation
2016-08-31,0.0009431560026569308,-0.017865482103893826,-0.015093981914970911,0.002707576815854207,0.006355991111442023,51.09237927945051,0.008765318742229753,0.7298997598296356,0.005937925500798968,1.0,0.4525275791110791,0.0,0.61,0.31702745815879374,125,nested_validation
2016-09-01,0.005937925500798968,-0.007808987284308011,-0.007079661440474894,0.006177917740847416,0.006345391482825769,54.4962802693064,0.011055938049861613,0.07604415395475117,0.009369394466966163,1.0,0.4438721408966281,0.0,0.61,0.31702745815879374,125,nested_validation
2016-09-02,0.009369394466966163,0.007387365105057997,0.003745495274002364,0.012550092028601911,0.005766495871328471,59.334236739071166,0.010953311690394926,0.36738340340387193,-0.00027855006684107675,0.0,0.46205841497866573,0.0,0.61,0.31702745815879374,125,nested_validation
2016-09-06,-0.00027855006684107675,0.00823812101565724,0.0042238054399086344,0.008827855286764663,0.005455118974474089,59.13106778871673,0.00733519905211336,0.41623479077699244,0.006128338802591227,1.0,0.4631977138374561,0.0,0.61,0.31702745815879374,125,nested_validation
2016-09-07,0.006128338802591227,0.022264126290609143,0.01083986107390511,0.011155107392172958,0.005555387820905001,62.19712334475542,0.01559618338766208,3.3557018661684785,-0.02620896605928047,0.0,0.531218127808066,0.0,0.61,0.31702745815879374,125,nested_validation
2016-09-08,-0.02620896605928047,-0.00546635987149291,-0.013342997474305562,-0.016302307846729924,0.00782284572654188,46.15256524774747,0.01923804817928066,3.3730784984999524,-0.022650104742696908,0.0,0.44876738987304804,0.0,0.61,0.31702745815879374,125,nested_validation
2016-09-09,-0.022650104742696908,-0.03373028855080307,-0.031670734504660736,-0.03838957862646053,0.009117610198868892,37.40711036636414,0.025113973007492903,2.089108988836052,0.022399223895436027,1.0,0.4524745184587852,0.0,0.61,0.31702745815879374,125,nested_validation
2016-09-12,0.022399223895436027,-0.02125682780283933,-0.0085845963412009,-0.01739737044912637,0.010555530019258973,47.71879570151351,0.030254195443318175,1.7065793176353075,0.023805216481937563,1.0,0.42038076403960395,0.0,0.61,0.31702745815879374,125,nested_validation
2016-09-13,0.023805216481937563,0.002321562029631963,0.01393892550343856,0.005221977093928354,0.011559881687948881,56.16839938717858,0.014358527981256045,2.6937030901019354,0.03538650929619669,1.0,0.44887128665128256,0.0,0.61,0.31702745815879374,125,nested_validation
2016-09-14,0.03538650929619669,0.031469031612072706,0.04415980431378763,0.03826247908006142,0.013971966878780022,65.34737983358377,0.03963496858036809,3.6534832213448265,0.033998461132409785,1.0,0.4415250716882797,0.0,0.61,0.31702745815879374,125,nested_validation
2016-09-15,0.033998461132409785,0.09524256664859232,0.0701917230610376,0.07013224951619978,0.01567102662271052,71.69700669816011,0.019382240192775343,2.165918617249929,-0.005624487731625494,0.0,0.4340987379744027,0.0,0.61,0.31702745815879374,125,nested_validation
2016-09-16,-0.005624487731625494,0.11432189592920028,0.05616248877070196,0.061149181407399666,0.015758021085577015,69.3558863363681,0.01818653298982913,1.5318748088539909,-0.011660234683977144,0.0,0.5080026560547628,0.0,0.61,0.31702745815879374,125,nested_validation
2016-09-19,-0.011660234683977144,0.07720019281020885,0.03826527277562142,0.046810509238168097,0.016067607925656154,64.66805539563538,0.025796797481426693,0.16293495082773224,-8.811665147923087e-05,0.0,0.4983014484374106,0.0,0.61,0.31702745815879374,125,nested_validation
2016-09-20,-8.811665147923087e-05,0.052060739871458095,0.032632763436938994,0.04504878649675592,0.015919977525906154,64.63291683100945,0.014176284359230597,-0.36914412145609715,-0.00017573520234381856,0.0,0.6089029855610565,0.0,0.61,0.31702745815879374,125,nested_validation
2016-09-21,-0.00017573520234381856,0.015925788408688746,0.02760203321562793,0.0433482196459587,0.015928764516593853,64.55758323946966,0.013650333603749553,-0.34478966678775197,0.00942304395458593,1.0,0.6029911951653666,0.0,0.61,0.31702745815879374,125,nested_validation
2016-09-22,0.00942304395458593,-0.008220088988952878,0.02881259717301199,0.05104864554352462,0.015836906925666597,66.79226159932432,0.008201033143268515,-0.5739767891530004,-0.016663609477156727,0.0,0.591371257733692,0.0,0.61,0.31702745815879374,125,nested_validation
2016-09-23,-0.016663609477156727,-0.019230395505298592,0.0030437723985408116,0.032026516360281976,0.016347263876878817,59.571752311900745,0.028746321445191732,0.28245545020036456,0.0015078448745990958,1.0,0.4856578507159794,0.0,0.61,0.31702745815879374,125,nested_validation
2016-09-26,0.0015078448745990958,-0.006163176484226263,-0.002051290937374328,0.03210209361219474,0.016238146657592493,59.986253026258495,0.016300464056176255,-0.7015646780306602,0.001860522390274344,1.0,0.4761325587944759,0.0,0.61,0.31702745815879374,125,nested_validation
2016-09-27,0.001860522390274344,-0.004226376584469338,-0.004717289746888675,0.032885914208107714,0.016214775599607434,60.52487143720672,0.00742774776272326,-0.928258747996814,0.00760452911606202,1.0,0.4548415563138159,0.0,0.61,0.31702745815879374,125,nested_validation
2016-09-28,0.00760452911606202,0.003522367134045412,0.0009310140129654698,0.0392945481366036,0.01605355068890011,62.736849986414775,0.010618684658870458,-0.7266957117262008,-0.015533060407808663,0.0,0.5027651046142048,0.0,0.61,0.31702745815879374,125,nested_validation
2016-09-29,-0.015533060407808663,-0.02128785398601185,-0.011673501185786916,0.02223122277762224,0.01659026554415943,55.805840263186816,0.017828489878402517,-0.4711940281771618,0.0077555814067507,1.0,0.4250789125725712,0.0,0.61,0.31702745815879374,125,nested_validation
2016-09-30,0.0077555814067507,0.003016503042010621,-0.0023648755056645543,0.028918468995945412,0.016611476283116017,58.247575909365466,0.013887657252918502,-0.47773990524250604,-0.004688464147630467,0.0,0.4736246207286562,0.0,0.61,0.31702745815879374,125,nested_validation
2016-10-03,-0.004688464147630467,-0.003189140018151848,-0.006112546015049292,0.02311358447906664,0.01662525968436169,56.210046703979366,0.006843266045443659,-1.1097226907868627,0.004266111824519969,1.0,0.465501898930579,0.0,0.61,0.31702745815879374,125,nested_validation
2016-10-04,0.004266111824519969,-0.0007956754398764643,-0.0013697447479600333,0.026081929967141093,0.016619316719522624,57.65474157487692,0.014867259337838782,-0.7648900353073746,0.0004425495989619499,1.0,0.46206006243081466,0.0,0.61,0.31702745815879374,125,nested_validation
2016-10-05,0.0004425495989619499,-0.007897946915546794,-0.0004861390041918101,0.025232688675782766,0.01660416318447306,57.81089989151246,0.00858028478123091,-1.0552945620468206,0.007430232337856779,1.0,0.4841598951833321,0.0,0.61,0.31702745815879374,125,nested_validation
2016-10-06,0.007430232337856779,0.015243439516374746,0.007590802914362094,0.03102399915467302,0.015286888929664984,60.44924948125406,0.010624278610564626,-0.680150511851684,0.0014925884230045927,1.0,0.4787774928911417,0.0,0.61,0.31702745815879374,125,nested_validation
2016-10-07,0.0014925884230045927,0.008933911039628928,0.007890972355669046,0.030544657274465647,0.014042082750691806,60.98104545517258,0.00920564128386805,-0.8075386250601839,0.01744702610697657,1.0,0.5034712877448984,0.0,0.61,0.31702745815879374,125,nested_validation
2016-10-10,0.01744702610697657,0.03137235965685958,0.022611140038619082,0.04565566837754931,0.013776839838460075,66.63659096043418,0.01749244916772226,-0.2890978250676647,0.002154234114839282,1.0,0.5052305562716084,0.0,0.61,0.31702745815879374,125,nested_validation
2016-10-11,0.002154234114839282,0.029203480043085595,0.021923469202751678,0.04493303320520292,0.013081840231348592,67.2782486318915,0.021410192844585944,0.8694753956164702,0.008942421655734778,1.0,0.5602807102553112,0.0,0.61,0.31702745815879374,125,nested_validation
2016-10-12,0.008942421655734778,0.0379477081891777,0.027999738927450224,0.05070879092408864,0.010993976959687204,69.87396062772645,0.010482387892630207,-0.10836437931070976,-0.003068064573310325,0.0,0.6171659131800219,1.0,0.61,0.31702745815879374,125,nested_validation
2016-10-13,-0.003068064573310325,0.027131392707411495,0.02055411748255742,0.04409448977024266,0.008327971276146283,67.86699918722331,0.01470337811031681,-0.11567053360305826,0.0055565516852769115,1.0,0.6334395000462842,1.0,0.61,0.31702745815879374,125,nested_validation
2016-10-14,0.0055565516852769115,0.031299395839679,0.022140750248893948,0.04650235294040028,0.00826363161114597,69.56666770330938,0.008841289975437032,0.10357541736531882,-0.0006803789038900554,0.0,0.6457485082366772,1.0,0.61,0.31702745815879374,125,nested_validation
2016-10-17,-0.0006803789038900554,0.012925189265623693,0.017000218993692418,0.04275369800893691,0.007739082437706989,69.08214356935007,0.00901741838430271,-0.991363129984516,-0.000680275002374886,0.0,0.5993879030962876,0.0,0.61,0.31702745815879374,125,nested_validation
2016-10-18,-0.000680275002374886,0.010060215406020978,0.012393170486605154,0.03904264394037171,0.007747183779787048,68.56826542443723,0.006469755072212592,-0.8319622971300527,-0.0029794705963140933,0.0,0.5874686443429584,0.0,0.61,0.31702745815879374,125,nested_validation
2016-10-19,-0.0029794705963140933,-0.0018748849502416842,0.005848615491583997,0.03327810755850891,0.007805361987893567,66.24555628639456,0.033811466799920406,-1.1603936671657746,-0.000512292749122234,0.0,0.45074265094810567,0.0,0.61,0.31702745815879374,125,nested_validation
2016-10-20,-0.000512292749122234,0.0006839457536484961,0.002603780245543641,0.02925580398410066,0.007603921026492291,65.83384876585765,0.00896972017992498,-0.7250382315726698,-0.003929519655927138,0.0,0.46851545752943347,0.0,0.61,0.31702745815879374,125,nested_validation
2016-10-21,-0.003929519655927138,-0.008756159115150264,-0.0035038442480894716,0.021179839519278154,0.006551620248322988,62.620682192728815,0.005403129425874874,-0.7439349985361449,0.009005103964282446,1.0,0.4635661919227574,0.0,0.61,0.31702745815879374,125,nested_validation
2016-10-24,0.009005103964282446,0.0008510526681440034,0.004096692800371171,0.02671594263159327,0.00674055019681256,66.62500616813004,0.0062898245148492226,-0.6669961148692296,0.00509977819198304,1.0,0.498622533241067,0.0,0.61,0.31702745815879374,125,nested_validation
2016-10-25,0.00509977819198304,0.0066399630432143475,0.0075405657326832465,0.02886924971026006,0.006771831255942518,68.6891203068845,0.008879518408100112,1.6307390332018175,-0.022494683603964116,0.0,0.5448293014347815,0.0,0.61,0.31702745815879374,125,nested_validation
2016-10-26,-0.022494683603964116,-0.013063536254388719,-0.013653022987437757,0.0046121479090011075,0.00853188435987215,53.03029943552806,0.020676524486271674,2.5745508956178313,-0.009603079491160571,0.0,0.4154952928640877,0.0,0.61,0.31702745815879374,125,nested_validation
2016-10-27,-0.009603079491160571,-0.022040163835462923,-0.021036569208224276,-0.004720928278570513,0.008050265770961582,48.1022923732802,0.01537388263994897,0.1253820602691947,-0.006638612398326971,0.0,0.488103825278363,0.0,0.61,0.31702745815879374,125,nested_validation
2016-10-28,-0.006638612398326971,-0.024699999606920153,-0.02427308619804902,-0.010984267515732005,0.00806183128056849,45.01774308646402,0.015476627834489134,0.3756678972220124,-0.0015826813999615386,0.0,0.5050022162454262,0.0,0.61,0.31702745815879374,125,nested_validation
2016-10-31,-0.0015826813999615386,-0.0349341074715267,-0.022454029819706567,-0.01253812100187468,0.00799332666307596,44.29335276431265,0.009071749166689888,-0.5383339907367637,-0.01805530081293294,0.0,0.4470964497306046,0.0,0.61,0.31702745815879374,125,nested_validation
2016-11-01,-0.01805530081293294,-0.05716690213659359,-0.03513622406636818,-0.029782015656980798,0.008894736198994873,36.99198005137076,0.029060883719170174,0.7654308128666041,0.0008967877835948102,1.0,0.6121896636647143,1.0,0.61,0.31702745815879374,125,nested_validation
2016-11-02,0.0008967877835948102,-0.03460512875082078,-0.029626920875621243,-0.028359503544345466,0.008898032057129183,37.53282712328805,0.010036698216175068,-0.47313643884137946,-0.010718654365739155,0.0,0.48644888069368886,0.0,0.61,0.31702745815879374,125,nested_validation
2016-11-03,-0.010718654365739155,-0.035692541524539156,-0.0344308393535836,-0.03759370412543073,0.008957038028771033,33.795492433496236,0.01739047619841506,-0.5744487294512138,-0.009013968703726505,0.0,0.5101739368656645,0.0,0.61,0.31702745815879374,125,nested_validation
2016-11-04,-0.009013968703726505,-0.03799842318092583,-0.03706934574132981,-0.04535021178274934,0.009072456067175197,31.027424622772955,0.019661884065163726,-0.29615349900771765,0.01442475603707738,1.0,0.5273511819149764,0.0,0.61,0.31702745815879374,125,nested_validation
2016-11-07,0.01442475603707738,-0.02257483249556347,-0.017407838591108726,-0.031043234711745527,0.008766583811774148,39.491490729579304,0.009510035476234201,-0.14367018652493171,0.005887161376148642,1.0,0.4962234898416257,0.0,0.61,0.31702745815879374,125,nested_validation
2016-11-08,0.005887161376148642,0.0012574313121700431,-0.0057959466351023,-0.024924565266704946,0.008895954521257044,42.63045242212798,0.018188405518334304,-0.7615528107329308,-0.001621044388547599,0.0,0.43848214761443616,0.0,0.61,0.31702745815879374,125,nested_validation
2016-11-09,-0.001621044388547599,-0.001261308086262014,-0.0037335121958741446,-0.025795867340168033,0.008536495922151785,41.98085578992499,0.02949131244648944,2.122799738419307,-0.027867491851709003,0.0,0.45930911025407073,0.0,0.61,0.31702745815879374,125,nested_validation
2016-11-10,-0.027867491851709003,-0.01857408527968807,-0.026154856007439165,-0.051884618433153507,0.010168864483499568,32.75536725832296,0.04879853847443689,1.7145186197498028,0.005937342587505556,1.0,0.4743437979668285,0.0,0.61,0.31702745815879374,125,nested_validation
2016-11-11,0.005937342587505556,-0.0037670104099530866,-0.016187156539034797,-0.0451235471232041,0.01018666007044575,35.89745103437704,0.021396289664249564,-0.0246498086729683,-0.02508543816766251,0.0,0.5212102430577435,0.0,0.61,0.31702745815879374,125,nested_validation
2016-11-14,-0.02508543816766251,-0.04256866490194244,-0.03451541777800693,-0.06737001927357589,0.011160309331588293,29.57278549890691,0.035285174154229625,1.1434511962068419,0.01324383538222551,1.0,0.5769772786543994,0.0,0.61,0.31702745815879374,125,nested_validation
2016-11-15,0.01324383538222551,-0.03556637827778153,-0.018312149033316127,-0.05353965841115382,0.011821339437169539,35.83877841318589,0.014190987157174224,-0.3008893092987351,0.026888095430315007,1.0,0.480028133458351,0.0,0.61,0.31702745815879374,125,nested_validation
2016-11-16,0.026888095430315007,-0.008026562045525765,0.009036130832846379,-0.027379933928137423,0.013638289596576914,46.4029448836466,0.0330030453069789,1.5298723935559086,-0.00036354391015724907,0.0,0.476543115158541,0.0,0.61,0.31702745815879374,125,nested_validation
2016-11-17,-0.00036354391015724907,0.020038733136167775,0.008558288369095557,-0.026770142069998615,0.013639568543483145,46.28898685619654,0.013824435518464916,-0.8027461582033185,0.0010005429127268872,1.0,0.4985641159950355,0.0,0.61,0.31702745815879374,125,nested_validation
2016-11-18,0.0010005429127268872,0.0150327286140024,0.008438861195474212,-0.024813099515069048,0.013661090870266554,46.67697617062094,0.00799561396455112,-0.7772640519892035,0.01517348045422584,1.0,0.5032670207217691,0.0,0.61,0.31702745815879374,125,nested_validation
2016-11-21,0.01517348045422584,0.0569483195997611,0.022503704011017867,-0.008925110012160453,0.013983915607894058,52.30896348398136,0.01772125362973228,-0.750958607395299,0.0006264238676845224,1.0,0.4147386943144227,0.0,0.61,0.31702745815879374,125,nested_validation
2016-11-22,0.0006264238676845224,0.04378667831233862,0.022451814876727427,-0.007157648450857423,0.013900501554291044,52.53523312363949,0.009123404429552728,-0.9138612567276102,-0.005098131693578312,0.0,0.4916927253499665,0.0,0.61,0.31702745815879374,125,nested_validation
2016-11-23,-0.005098131693578312,0.011274082334291169,0.016913671609090075,-0.01060535108089733,0.013142509479084874,50.436608318816795,0.010608651169318228,-0.7424382225967812,0.005034364445589468,1.0,0.44708043486757065,0.0,0.61,0.31702745815879374,125,nested_validation
2016-11-25,0.005034364445589468,0.01673483237569595,0.018309281129699873,-0.004268516180763737,0.013082686592313708,52.44646671561798,0.008229768233341584,-1.8528233918706523,-0.001968000851989671,0.0,0.5472787109050294,0.0,0.61,0.31702745815879374,125,nested_validation
2016-11-28,-0.001968000851989671,0.013719627370675003,0.01340665238023031,-0.0046147414232479145,0.013018742656741824,51.5618019022797,0.009680037949348465,-0.5525805601146841,-0.0009856435195498836,0.0,0.46304494140919683,0.0,0.61,0.31702745815879374,125,nested_validation
2016-11-29,-0.0009856435195498836,-0.002416354753289718,0.007147629366684338,-0.003969806830834921,0.013017169533410497,51.097833141317174,0.017584775709420162,-0.4571697479138226,-0.008433692102326584,0.0,0.43560719340419807,0.0,0.61,0.31702745815879374,125,nested_validation
2016-11-30,-0.008433692102326584,-0.01144892005452025,-0.004414005022086442,-0.01049838768638478,0.012531284085733582,47.18892867992127,0.017462905933746012,0.18389882861961798,-0.0093197190934029,0.0,0.44800812243503413,0.0,0.61,0.31702745815879374,125,nested_validation
2016-12-01,-0.0093197190934029,-0.015643559662831263,-0.01324814643616079,-0.01765877280419781,0.012687412372189682,43.28186851406817,0.017444549268197534,0.2241340037994801,0.003745026527081974,1.0,0.47207060894587877,0.0,0.61,0.31702745815879374,125,nested_validation
2016-12-02,0.003745026527081974,-0.01690637029772335,-0.009508130096640088,-0.012041028208033322,0.012501631735926059,45.22612573110695,0.011282964936788818,-0.6302237253592003,-0.00718871694619394,0.0,0.4392435492894087,0.0,0.61,0.31702745815879374,125,nested_validation
2016-12-05,-0.00718871694619394,-0.022048943621101547,-0.015785792619870342,-0.017112594450085616,0.012441207765567067,42.222922839257954,0.01631380047053161,-0.012496297629293811,0.007698730768274986,1.0,0.5015357596980978,0.0,0.61,0.31702745815879374,125,nested_validation
2016-12-06,0.007698730768274986,-0.013547671388449367,-0.0066135799409742235,-0.007429781789305201,0.012139436219917017,46.30558583167258,0.010641184187536342,-0.640249298403108,0.009822648509252518,1.0,0.4247558686547524,0.0,0.61,0.31702745815879374,125,nested_validation
2016-12-07,0.009822648509252518,0.004614512587325814,0.0038424594258914535,0.0043193393087190834,0.012266684064176064,51.090820171763866,0.018283336049854743,-0.36247372809279227,0.009817230590111858,1.0,0.43223268018636946,0.0,0.61,0.31702745815879374,125,nested_validation
2016-12-08,0.009817230590111858,0.024020629524587278,0.01288239486275855,0.015060285720288169,0.01244030144926159,55.41000423469039,0.01632181400486518,-0.5266281811558742,0.01632168916731036,1.0,0.49801868632053214,0.0,0.61,0.31702745815879374,125,nested_validation
2016-12-09,0.01632168916731036,0.036851340167035174,0.027409535964034948,0.03161073378701129,0.011025806342894965,61.54930728012729,0.020974106657800185,0.28507360135238335,-0.005704124178039005,0.0,0.5098484858786414,0.0,0.61,0.31702745815879374,125,nested_validation
2016-12-12,-0.005704124178039005,0.03840178789817794,0.01995809324136233,0.025676499189286606,0.011153649388816191,58.46999022494141,0.022153592838685583,-0.5195618325900789,0.016681415090604945,1.0,0.4861811593949446,0.0,0.61,0.31702745815879374,125,nested_validation
2016-12-13,0.016681415090604945,0.047658161033947266,0.033502101529122585,0.04208500710238661,0.009646123467941936,64.09507980344175,0.018838424541653458,1.4448696476601681,0.0,0.0,0.4598910095641896,0.0,0.61,0.31702745815879374,125,nested_validation
2016-12-14,0.0,0.03746748261246613,0.029189792634579215,0.04074506217062046,0.009465715713698105,64.09507980344175,0.010591141292224257,0.33795592720841794,0.005469117125562084,1.0,0.5525350573101631,0.0,0.61,0.31702745815879374,125,nested_validation
2016-12-15,0.005469117125562084,0.03300031153087968,0.028998857833380187,0.04492646806817402,0.007854805080267592,65.88154809913678,0.012951131099571665,2.240457141656968,0.0012952206971885705,1.0,0.5090838014637029,0.0,0.61,0.31702745815879374,125,nested_validation
2016-12-16,0.0012952206971885705,0.017727247129821322,0.024805012760358736,0.044351484103162475,0.00783162482830916,66.3113857607934,0.007329468527843269,1.6866266271800328,0.005777416132241031,1.0,0.5355360357133991,0.0,0.61,0.31702745815879374,125,nested_validation
2016-12-19,0.005777416132241031,0.029479359048350195,0.023912475704624958,0.04793151458989997,0.007848994066368714,68.23618110577861,0.013974599296530995,-0.44241660741735145,0.002657596337067636,1.0,0.5219324523827045,0.0,0.61,0.31702745815879374,125,nested_validation
2016-12-20,0.002657596337067636,0.015279009039478098,0.020363607961035646,0.04866260125898547,0.007330345693905697,69.11537699149791,0.007011540968120813,-1.1667480208057825,0.000940655745305552,1.0,0.5778335691792955,0.0,0.61,0.31702745815879374,125,nested_validation
2016-12-21,0.000940655745305552,0.016234037072419216,0.015978299083817538,0.04777000840011203,0.007327051121713296,69.43867582031496,0.005296452755107089,-0.8522215627657719,-0.006577764783822881,0.0,0.5809808770309534,0.0,0.61,0.31702745815879374,125,nested_validation
2016-12-22,-0.006577764783822881,0.004058176841219119,0.005655757542594619,0.039200623248677235,0.00740867656092602,64.36034672056783,0.007481320317591184,-0.5588606897039772,0.0019776834041136393,1.0,0.44813464106683765,0.0,0.61,0.31702745815879374,125,nested_validation
2016-12-23,0.0019776834041136393,0.004742522723545584,0.005410102460569499,0.03855511940952838,0.007381224768291519,65.17947462417013,0.00798146525891732,-2.103832279446538,0.006350675937787376,1.0,0.48520166212659166,0.0,0.61,0.31702745815879374,125,nested_validation
2016-12-27,0.006350675937787376,0.00531519267413505,0.008349682217950072,0.04241595489459571,0.007374574257106909,67.74798332321306,0.01117179911412867,-1.452888788364061,-0.004263935688930354,0.0,0.4950717399559522,0.0,0.61,0.31702745815879374,125,nested_validation
2016-12-28,-0.004263935688930354,-0.0016246852340725537,0.0026964342523980722,0.034583515899273776,0.0074862003441354625,64.29686206194762,0.01558752707712955,-1.0608489288672758,-0.0002569018587325056,0.0,0.4114809725109496,0.0,0.61,0.31702745815879374,125,nested_validation
2016-12-29,-0.0002569018587325056,-0.002819173581627532,0.0011148755556913414,0.0313871939623922,0.0070992039309505425,64.08594478309732,0.006082404386656563,-1.5407718803278476,-0.007795757558410332,0.0,0.5375786660671513,0.0,0.61,0.31702745815879374,125,nested_validation
2016-12-30,-0.007795757558410332,-0.0040417746051192305,-0.006689573302258944,0.021592604412783434,0.006976229330967887,57.88248817020147,0.015282305713436448,0.22709038009243915,0.0028492851017407617,1.0,0.44015976114703115,0.0,0.61,0.31702745815879374,125,nested_validation
2017-01-03,0.0028492851017407617,-0.003175409121737638,-0.004013096050798803,0.022639234371428563,0.006973139659607998,59.416687524546596,0.013517001069297381,0.009651243050514072,-0.0011190164703922534,0.0,0.46220177879071295,0.0,0.61,0.31702745815879374,125,nested_validation
2017-01-04,-0.0011190164703922534,-0.010574393647515778,-0.004598425572331921,0.019711244575695064,0.006657001155884943,58.51264318734721,0.006550613327188627,-0.7815931254838353,0.005085198621947118,1.0,0.49097749075461233,0.0,0.61,0.31702745815879374,125,nested_validation
2017-01-05,0.005085198621947118,-0.001284509293662639,0.0007553029160722868,0.023433478690402687,0.006590710337861632,61.384808034400265,0.009004399676374106,-0.6314816929721981,0.01114829611345347,1.0,0.4417075471973974,0.0,0.61,0.31702745815879374,125,nested_validation
2017-01-06,0.01114829611345347,0.010108965600609698,0.011174385863957914,0.032996538505380535,0.006665570584964828,66.83338274996055,0.014332986081903946,0.4269468712947376,0.009159176991052842,1.0,0.4839822267294583,0.0,0.61,0.31702745815879374,125,nested_validation
2017-01-09,0.009159176991052842,0.027369858738337305,0.01807861656123788,0.04010092510549246,0.0066335466998523876,70.55083342321687,0.012522042949151033,0.5873566772164747,0.0010088368506173673,1.0,0.5417817288813911,0.0,0.61,0.31702745815879374,125,nested_validation
2017-01-10,0.0010088368506173673,0.025484409859964918,0.016852328533030203,0.038934345704203954,0.005894258875923626,70.94071950880766,0.009067200034640052,-0.3668855908695903,0.005373207715563044,1.0,0.5196869163273655,0.0,0.61,0.31702745815879374,125,nested_validation
2017-01-11,0.005373207715563044,0.03214954294167338,0.020147492129510614,0.04203843629523707,0.005637143756856479,72.99361336647529,0.011106487106928499,-0.024990436477186073,-0.004175411452046807,0.0,0.543614269427341,0.0,0.61,0.31702745815879374,125,nested_validation
2017-01-12,-0.004175411452046807,0.022639568594882586,0.013737572980847546,0.03534806518632849,0.0048438641390991955,68.89847227113789,0.009140494484571516,0.012957833594333737,-0.0017611801603457655,0.0,0.535204178158703,0.0,0.61,0.31702745815879374,125,nested_validation
2017-01-13,-0.0017611801603457655,0.009583381586342421,0.009968907779450475,0.030982503873070222,0.004890573651523566,67.19324734410728,0.0068044790134292096,-0.05886959626808705,0.008064796400385932,1.0,0.5198955965172501,0.0,0.61,0.31702745815879374,125,nested_validation
2017-01-17,0.008064796400385932,0.00848854096787588,0.014516166486423288,0.03615329050496707,0.0050226702577047845,70.75623360764317,0.016833305358886715,1.2314197692917663,-8.352908086728394e-05,0.0,0.47518579223684754,0.0,0.61,0.31702745815879374,125,nested_validation
2017-01-18,-8.352908086728394e-05,0.007388012696904811,0.011148779403339137,0.03306661317297466,0.005038382925004601,70.66993515214119,0.006583889737411707,-0.22733289527582617,-0.0017501806147701693,0.0,0.5402371453016268,0.0,0.61,0.31702745815879374,125,nested_validation
2017-01-19,-0.0017501806147701693,0.0002503488336831339,0.006190965302766971,0.028110328885727176,0.005002108186314359,68.77725712503795,0.006010966761113692,0.14053019987247406,0.0018369316354667209,1.0,0.5334495249301813,0.0,0.61,0.31702745815879374,125,nested_validation
2017-01-20,0.0018369316354667209,0.0062894126806223305,0.005176806032238357,0.027045707767028748,0.0049945046634449815,69.69309312310621,0.005999946594238306,1.2882865407796231,0.0006664363226172032,1.0,0.5454887493708556,0.0,0.61,0.31702745815879374,125,nested_validation
2017-01-23,0.0006664363226172032,0.0087366073962587,0.00402170264796875,0.0250835266916698,0.004995850052610161,70.03710842980368,0.008660900230419438,-0.5795044600479228,-0.0009159985741160614,0.0,0.4650579964708166,0.0,0.61,0.31702745815879374,125,nested_validation
2017-01-24,-0.0009159985741160614,-0.00025017270622007537,0.002280720970975869,0.021861954058194133,0.004693442434177602,68.87904217644368,0.00500123754285298,-0.3467285067286662,0.01592059088980391,1.0,0.5075569523502603,0.0,0.61,0.31702745815879374,125,nested_validation
2017-01-25,0.01592059088980391,0.015751280057089145,0.015886696127061617,0.035798499982655274,0.0056419100946572135,76.22924402026176,0.014932718541501272,1.1989046759134843,0.000492355597742522,1.0,0.5113468142287281,0.0,0.61,0.31702745815879374,125,nested_validation
2017-01-26,0.000492355597742522,0.018033132739854407,0.014534956449099523,0.03377823501907029,0.0055739610654141755,76.41769427091153,0.006888666151116328,-0.02790252197558479,8.220019112048504e-05,1.0,0.5752880765303752,0.0,0.61,0.31702745815879374,125,nested_validation
2017-01-27,8.220019112048504e-05,0.016250033421995713,0.012344220286350849,0.03189195979348991,0.005408798702461857,76.4512768074415,0.006150061654518256,-1.187146749306675,-0.002624207265056633,0.0,0.5949858141461944,0.0,0.61,0.31702745815879374,125,nested_validation
2017-01-30,-0.002624207265056633,0.012908143922590876,0.007521397290447762,0.02731801814074175,0.005486429025783492,72.88268181050654,0.00797495365627286,0.7363887085008596,-0.0023020183763395874,0.0,0.5225921166074612,0.0,0.61,0.31702745815879374,125,nested_validation
2017-01-31,-0.0023020183763395874,0.011502946018003612,0.004079241358765584,0.023359812797606017,0.005110069983459095,69.81225774003737,0.006345254658001445,3.285126603465778,0.06098040887536316,1.0,0.5144058799877903,0.0,0.61,0.31702745815879374,125,nested_validation
2017-02-01,0.06098040887536316,0.05636682519138292,0.05764237693924068,0.0818780605790439,0.013767402801280262,86.27240640958257,0.027029152286862822,4.11365910482837,-0.0017086953565214058,0.0,0.34107053797197623,-1.0,0.61,0.31702745815879374,125,nested_validation
2017-02-02,-0.0017086953565214058,0.054042852203852076,0.04830015679206867,0.0764445157539162,0.01378164432502063,84.792189620735,0.012526263328735738,0.03982646128664074,0.004279275748979794,1.0,0.48342116048417355,0.0,0.61,0.31702745815879374,125,nested_validation
2017-02-03,0.004279275748979794,0.05846638608044308,0.0450468182941024,0.07740249720209236,0.01378317190626662,85.46370320167118,0.007979537997256774,-0.44697114531175236,0.009374021706191726,1.0,0.4762424063197022,0.0,0.61,0.31702745815879374,125,nested_validation
2017-02-06,0.009374021706191726,0.07119952252817918,0.046195112448899955,0.08351375374636172,0.013750172018616006,86.84036373884537,0.012280345275648325,-0.3112012335074884,0.00951738017799908,1.0,0.4567604494892684,0.0,0.61,0.31702745815879374,125,nested_validation
2017-02-07,0.00951738017799908,0.08388966956784083,0.04643868825475472,0.08922441019277483,0.013755685183928173,88.0856565116199,0.012468633808780678,0.2672413916584134,0.0038774106884138515,1.0,0.4653315211559783,0.0,0.61,0.31702745815879374,125,nested_validation
2017-02-08,0.0038774106884138515,0.025553672674371253,0.042072872069950806,0.08878328193220675,0.013727061268277897,88.56493622020129,0.007573462972184276,-0.5177944439450798,0.007225880583754396,1.0,0.5473662720110187,0.0,0.61,0.31702745815879374,125,nested_validation
2017-02-09,0.007225880583754396,0.03473224322458779,0.04052520242324298,0.09192841753086767,0.013733781134197822,89.4222258276061,0.010043813996718493,-0.2422705735215233,-0.0022656509388949697,0.0,0.5136118368838923,0.0,0.61,0.31702745815879374,125,nested_validation
2017-02-10,-0.0022656509388949697,0.027988853375748635,0.02951468331033613,0.08472458298509866,0.01367373006171265,87.19884687735134,0.006736295962310818,-0.6488200207573538,0.00885556616754224,1.0,0.5773835213135216,0.0,0.61,0.31702745815879374,125,nested_validation
2017-02-13,0.00885556616754224,0.027460836502675612,0.028862656392212527,0.08924376881307494,0.01358947833320621,88.40918049484132,0.00802766432677178,-0.4863291678601546,0.012979312484691086,1.0,0.5375386042336346,0.0,0.61,0.31702745815879374,125,nested_validation
2017-02-14,0.012979312484691086,0.030984302203803216,0.03092160751198514,0.09749197066196258,0.01366922210177413,89.92591828298526,0.013627583170399247,0.04001603100664466,0.003628945184806165,1.0,0.534567483003734,0.0,0.61,0.31702745815879374,125,nested_validation
2017-02-15,0.003628945184806165,0.030729127586732075,0.028915403929686834,0.09557901118592693,0.013607403686760913,90.3125691246271,0.01217629121215979,0.13316921034581855,-0.0011805825961899163,0.0,0.597725571016989,1.0,0.58,-0.3444691430483884,188,nested_validation
2017-02-16,-0.0011805825961899163,0.022126502667550785,0.021977952045127758,0.08846847524175594,0.013590886148913562,89.10998985073468,0.007831529448052297,-0.5300069097455742,0.0027336138691274048,1.0,0.6490893776915763,1.0,0.58,-0.3444691430483884,188,nested_validation
2017-02-17,0.0027336138691274048,0.027247987217964065,0.019232780191940968,0.08573555033743596,0.013577112720890676,89.45956184700344,0.0053786893676192075,-0.519413556876388,0.007220882588810484,1.0,0.6782048906993633,1.0,0.58,-0.3444691430483884,188,nested_validation
2017-02-21,0.007220882588810484,0.02558350176305435,0.021245110879434037,0.08797648300273764,0.013511758758308111,90.34374166459592,0.005632803874549395,-0.4090009770186771,0.0029991937092899157,1.0,0.6797742071476206,1.0,0.58,-0.3444691430483884,188,nested_validation
2017-02-22,0.0029991937092899157,0.015479203446653989,0.01962506843945766,0.08587160193717258,0.013426519883657957,90.69538623896612,0.007366308090875234,-0.5889552401163181,-0.004229941388787628,0.0,0.6269308629488854,1.0,0.58,-0.3444691430483884,188,nested_validation
2017-02-23,-0.004229941388787628,0.007527523778566136,0.011505915234567343,0.07618328552409204,0.013475596885915148,85.9283690881054,0.008642735562377938,-0.5572543492590305,0.0009517997643537779,1.0,0.48023279774145605,0.0,0.58,-0.3444691430483884,188,nested_validation
2017-02-24,0.0009517997643537779,0.009678497099701477,0.009298199985343647,0.07229769717740742,0.013466582385992937,86.10460219369872,0.010098089022626726,-0.49348213844906286,0.0019754230385078397,1.0,0.4865677808194843,0.0,0.58,-0.3444691430483884,188,nested_validation
2017-02-27,0.0019754230385078397,0.008915055077028056,0.007712216382477655,0.06932721645792639,0.013431120076210726,86.48332825878444,0.008471508976532186,-0.5690294121494063,0.00043857962176407916,1.0,0.49784115882675734,0.0,0.58,-0.3444691430483884,188,nested_validation
2017-02-28,0.00043857962176407916,0.0021213440948264495,0.005416469555738823,0.06467899682970368,0.01334781325006497,86.57101370740264,0.005401894032342274,-0.38767167235066613,0.020439576875154408,1.0,0.6300662188826834,1.0,0.58,-0.3444691430483884,188,nested_validation
2017-03-01,0.020439576875154408,0.019546463007504844,0.0223875017333508,0.08075463286883022,0.013536677305085272,89.8704885871346,0.018241561738609188,0.2991213460633083,-0.005937721188233991,0.0,0.4986662742177322,0.0,0.58,-0.3444691430483884,188,nested_validation
2017-03-02,-0.005937721188233991,0.017797905859131102,0.01375889091924365,0.06896881147574185,0.006117939860885132,83.33401124804797,0.010938429756921142,-0.012087600195749006,0.00590118926743699,1.0,0.5351409142258209,0.0,0.58,-0.3444691430483884,188,nested_validation
2017-03-03,0.00590118926743699,0.022830594019245698,0.0164562493613718,0.06964955307913567,0.005982557802061957,84.53104310051177,0.008871122506746817,-0.813174625557883,-0.003148073802387241,0.0,0.5419641822040155,0.0,0.58,-0.3444691430483884,188,nested_validation
2017-03-06,-0.003148073802387241,0.017600456436293044,0.010596089207805415,0.0609083369018526,0.0062072656798846295,81.16225202499623,0.00839671450907857,-0.6663938893587278,0.001292093148245188,1.0,0.5393934466279912,0.0,0.58,-0.3444691430483884,188,nested_validation
2017-03-07,0.001292093148245188,0.018468611435323634,0.00983648150304961,0.05692547035098383,0.006110999414731174,81.48733266114463,0.008529260356689505,-1.2872874477409348,-0.003726910637806391,0.0,0.5219272811113084,0.0,0.58,-0.3444691430483884,188,nested_validation
2017-03-08,-0.003726910637806391,-0.005651198829155768,0.004698489490501556,0.04781424759950581,0.006158215775742756,77.33639085104181,0.007050328975101217,-1.027169273503234,-0.002302474200648885,0.0,0.5626048759913379,0.0,0.58,-0.3444691430483884,188,nested_validation
2017-03-09,-0.002302474200648885,-0.0020149040404772167,0.0008299084255454225,0.04087013645298154,0.006260703503401307,74.81042462793158,0.012546800737456747,-0.35751440702229415,0.0033167381344765268,1.0,0.4401333908745743,0.0,0.58,-0.3444691430483884,188,nested_validation
2017-03-10,0.0033167381344765268,-0.004579016439835937,0.0023554287323865886,0.0397114456444172,0.006176578767380295,76.02254755761902,0.005174653039107994,-0.7622316222821061,0.0004315541681167989,1.0,0.5878154005148097,1.0,0.58,-0.3444691430483884,188,nested_validation
2017-03-13,0.0004315541681167989,-0.0010045268877415525,0.0011507815318125836,0.035574861852068373,0.006100088366657882,76.18366686604129,0.004382078771088516,-1.1309259870621133,-0.0015083054650069094,0.0,0.5749605327667398,0.0,0.58,-0.3444691430483884,188,nested_validation
2017-03-14,-0.0015083054650069094,-0.0037985023487405734,-0.001795146892621391,0.02944710314167076,0.005988568871621173,74.30356974937405,0.005827739596956672,-1.379828448054288,0.010575750193114075,1.0,0.5728711786533653,0.0,0.58,-0.3444691430483884,188,nested_validation
2017-03-15,0.010575750193114075,0.010503130699766938,0.00827648525829039,0.035315748576008055,0.005790143609436508,78.33475718181332,0.012245487245397662,0.5802565460848113,0.001637823544788919,1.0,0.4891445325977232,0.0,0.58,-0.3444691430483884,188,nested_validation
2017-03-16,0.001637823544788919,0.014494002787440952,0.00867520241261066,0.033837343990221314,0.005778274490506408,78.89284103732933,0.005402016862865027,-0.6184624027818353,-0.004975845988871019,0.0,0.5844230629751394,1.0,0.58,-0.3444691430483884,188,nested_validation
2017-03-17,-0.004975845988871019,0.006109036663593859,0.003505134570998214,0.02567460403983257,0.005936289773493647,72.75137149678744,0.00792914184438508,3.2583846664420664,0.010501271115878952,1.0,0.5146993318581856,0.0,0.58,-0.3444691430483884,188,nested_validation
2017-03-20,0.010501271115878952,0.01623589959147531,0.012504460324699762,0.03318104093497798,0.006237395023595632,76.83031814444936,0.008977832688993036,-0.2121445677778956,-0.011452455741610357,0.0,0.4943214410487106,0.0,0.58,-0.3444691430483884,188,nested_validation
2017-03-21,-0.011452455741610357,0.006115031729151177,0.0006796288007040463,0.018840263741804142,0.00677435470426997,65.23999386500276,0.02195371427785788,2.1496864036959065,0.011299068166896742,1.0,0.410337895303529,-1.0,0.58,-0.3444691430483884,188,nested_validation
2017-03-22,0.011299068166896742,0.006835156950841359,0.010236921891694006,0.02774198162672481,0.007119791140398022,69.99435506374452,0.013010971719017663,0.2647824959523489,-0.00353581219603627,0.0,0.5011878908662987,0.0,0.58,-0.3444691430483884,188,nested_validation
2017-03-23,-0.00353581219603627,0.0016346760677556915,0.0050566661234456856,0.021769049900083104,0.007093056223222108,66.87690609540573,0.006883346815972809,-0.47987011497625737,-0.0019866449471711567,0.0,0.6098901995705739,1.0,0.58,-0.3444691430483884,188,nested_validation
2017-03-24,-0.0019866449471711567,0.004643736104172458,0.001987969847692783,0.017717257083371685,0.007135446661112486,65.12794104409033,0.009883385919231914,-0.20654015976875256,0.0017063958972307613,1.0,0.45179133571502644,0.0,0.58,-0.3444691430483884,188,nested_validation
2017-03-27,0.0017063958972307613,-0.004100158189473957,0.002497834216041772,0.01730430379541592,0.007134719157602208,65.94999942084127,0.01845546573964394,-0.069468259228297,0.02072664309173433,1.0,0.4302987518096137,0.0,0.58,-0.3444691430483884,188,nested_validation
2017-03-28,0.02072664309173433,0.028318271883886803,0.01978577857349495,0.03576933376147018,0.008270850815533639,73.9855270876439,0.023783018750801715,1.1580923695806395,0.002225274419321188,1.0,0.4930246833903294,0.0,0.58,-0.3444691430483884,188,nested_validation
2017-03-29,0.002225274419321188,0.019091774797470373,0.019409125397384486,0.03581109962488904,0.007170911505003205,74.69043233665262,0.009020282374425282,0.6921295601265335,-0.0013183158961197483,0.0,0.56890614921777,0.0,0.58,-0.3444691430483884,188,nested_validation
2017-03-30,-0.0013183158961197483,0.021359625732353393,0.015737408547425558,0.032363093879507865,0.006998269377154188,73.41837574381083,0.006947822211403911,-0.38340322351898254,-0.0018760443418651684,0.0,0.6167929194872944,1.0,0.58,-0.3444691430483884,188,nested_validation
2017-03-31,-0.0018760443418651684,0.02147281358927855,0.011212810605814916,0.02838311568745122,0.006974666776847723,71.5532580092925,0.008770776371331368,-0.5851916108875289,0.0002784591452280605,1.0,0.512523196899141,0.0,0.58,-0.3444691430483884,188,nested_validation
2017-04-03,0.0002784591452280605,0.020016699724308085,0.009902097773573537,0.026714463736153826,0.006902701939095011,71.66809052357894,0.0074460131395485485,-0.5255690509328453,0.007445990460115626,1.0,0.589612176803411,1.0,0.58,-0.3444691430483884,188,nested_validation
2017-04-04,0.007445990460115626,0.006745284150734943,0.0139088991773193,0.03237519113792864,0.0070198249448466,74.61931515047968,0.011880922635507088,-0.5621586403750622,-0.005180364496946366,0.0,0.4388997204810838,0.0,0.58,-0.3444691430483884,188,nested_validation
2017-04-05,-0.005180364496946366,-0.0006937540030327316,0.00682314194071254,0.025342942121406198,0.007084647076899676,69.17991807859836,0.011456805348734106,0.4687314291800458,-0.0024998673088270085,0.0,0.48460374140095913,0.0,0.58,-0.3444691430483884,188,nested_validation
2017-04-06,-0.0024998673088270085,-0.0018760443418651684,0.002386166906486631,0.021052056805741737,0.007090491069104351,66.66745854928735,0.007448192238219746,-0.44526857843835665,-0.002227673161824817,0.0,0.5493873443847673,0.0,0.58,-0.3444691430483884,188,nested_validation
2017-04-07,-0.002227673161824817,-0.002227673161824817,-0.0017274272574397953,0.01716773819767603,0.007133657152213822,64.42758727386297,0.006348461187170742,-1.0334820612214493,-0.0011857768514244027,0.0,0.5536090281997208,0.0,0.58,-0.3444691430483884,188,nested_validation
2017-04-10,-0.0011857768514244027,-0.003688240610881688,-0.004498789330570019,0.014464237358916332,0.007154598125669338,63.21285052879091,0.0068450862531386075,-0.7391207944506517,-0.010756388223544078,0.0,0.5475016092100705,0.0,0.58,-0.3444691430483884,188,nested_validation
2017-04-11,-0.010756388223544078,-0.021689447725817157,-0.013718618135452498,0.002453651919314126,0.007613834107735879,53.3906573567222,0.02322960129560183,0.7654257685624679,0.0012000932563969169,1.0,0.412314044204399,-1.0,0.58,-0.3444691430483884,188,nested_validation
2017-04-12,0.0012000932563969169,-0.015414873998410905,-0.010937035789882699,0.0031809697879547905,0.00728971244094911,54.2358676811246,0.008039487765260167,-0.6202705561008818,-0.0052886347852055815,0.0,0.4291745498314511,0.0,0.58,-0.3444691430483884,188,nested_validation
2017-04-13,-0.0052886347852055815,-0.01816753426093287,-0.014187534929739232,-0.0026160759924813703,0.007391315510261863,49.933404707642595,0.009429293174610118,-0.9587775487230293,0.005530134939693676,1.0,0.42422502027601267,0.0,0.58,-0.3444691430483884,188,nested_validation
2017-04-17,0.005530134939693676,-0.010533660628476715,-0.007466457899155232,0.002415219033186311,0.007381325331271459,54.019237871844325,0.007121270200842984,-1.153394244684207,-0.004442288086840773,0.0,0.4654829354612421,0.0,0.58,-0.3444691430483884,188,nested_validation
2017-04-18,-0.004442288086840773,-0.013759694235679687,-0.01014382970603911,-0.0024749207608382173,0.007100359999164959,50.438708096227664,0.006586350537402251,-1.351289198647767,-0.0036825679079787177,0.0,0.49623792548567897,0.0,0.58,-0.3444691430483884,188,nested_validation
2017-04-19,-0.0036825679079787177,-0.006707349769773274,-0.01095326967856236,-0.006419790426649308,0.00666605588018908,47.632637239648886,0.011017935260560045,-0.9226290470375712,0.012510912794930107,1.0,0.4441861952731017,0.0,0.58,-0.3444691430483884,188,nested_validation
2017-04-20,0.012510912794930107,0.004514137314955091,0.002534198820596467,0.005196733176192847,0.006770255420884274,56.461906000248334,0.012356040976339626,0.3290156141543051,-0.0011939636277485954,0.0,0.48710660242216564,0.0,0.58,-0.3444691430483884,188,nested_validation
2017-04-21,-0.0011939636277485954,0.008649161010430007,0.002317787149515693,0.0031494182379885327,0.0067215568873878586,55.48836894000869,0.005833883090887627,-0.8648929959423991,0.00962927332512109,1.0,0.5278766981137776,0.0,0.58,-0.3444691430483884,188,nested_validation
2017-04-24,0.00962927332512109,0.012761014399662596,0.01175553836084342,0.011738948918413206,0.006978600430269413,61.27999621005197,0.005360653548682947,-0.834261873691832,0.006196148774235466,1.0,0.5519539310565716,0.0,0.58,-0.3444691430483884,188,nested_validation
2017-04-25,0.006196148774235466,0.023583284146682537,0.017050261921940812,0.01673549031364585,0.007066793513886896,64.5107158730076,0.0071265397356692906,-0.4407500264964891,-0.005880867259429268,0.0,0.5811304400269901,1.0,0.58,-0.3444691430483884,188,nested_validation
2017-04-26,-0.005880867259429268,0.021324824746880022,0.009612671723050692,0.009645835377948053,0.005647150047790878,59.41238794771006,0.008491100242857756,-0.08974329212929773,0.0007656271886244959,1.0,0.4913152468340254,0.0,0.58,-0.3444691430483884,188,nested_validation
2017-04-27,0.0007656271886244959,0.009477296377680577,0.008974736659696614,0.009631323219969623,0.0056269818635205325,59.8546002070836,0.0059114412908008954,-1.4164478375180543,-0.0009738978833279122,0.0,0.5429977125645795,0.0,0.58,-0.3444691430483884,188,nested_validation
2017-04-28,-0.0009738978833279122,0.009699713308108704,0.006156486385008764,0.007949753307738838,0.005623749406772963,58.973735812314786,0.007170197167144447,0.3173264866828534,0.020397087640862566,1.0,0.5456100705616022,0.0,0.58,-0.3444691430483884,188,nested_validation
2017-05-01,0.020397087640862566,0.020468278874509638,0.023274737285353453,0.026926141912483104,0.007155006858621631,69.19048341178176,0.015281690588029518,2.7151838586644117,0.006344442114174287,1.0,0.5400688190371423,0.0,0.58,-0.3444691430483884,188,nested_validation
2017-05-02,0.006344442114174287,0.020618675643132134,0.025250622779523946,0.0319833822798683,0.007244639399649051,71.60726340291006,0.008474002078157909,3.245670327289909,-0.003050595154818647,0.0,0.5615938671346559,0.0,0.58,-0.3444691430483884,188,nested_validation
2017-05-03,-0.003050595154818647,0.023524392344463463,0.01761059059679848,0.027105866423066782,0.007162695424946666,68.79515188627761,0.021895833497618353,2.53757169369054,-0.0036039721606566655,0.0,0.4980634177484951,0.0,0.58,-0.3444691430483884,188,nested_validation
2017-05-04,-0.0036039721606566655,0.01905542239060365,0.011081683051688662,0.022188166699096623,0.007104775998346881,65.53095309258894,0.009076652167710423,0.07686030733560538,0.01658379239804164,1.0,0.5326887973175474,0.0,0.58,-0.3444691430483884,188,nested_validation
2017-05-05,0.01658379239804164,0.03696512409707098,0.023126270781774982,0.03720081190901858,0.007829993072076977,72.07359186184046,0.014903337276074815,0.48329239278929725,0.027188428722131563,1.0,0.5027326770819485,0.0,0.58,-0.3444691430483884,188,nested_validation
2017-05-08,0.027188428722131563,0.04386673517811146,0.044223073081209874,0.062350614464339316,0.009509728777711323,79.17003015548067,0.030520870116995228,2.313978286309147,0.00640465871834528,1.0,0.41426419537803144,-1.0,0.58,-0.3444691430483884,188,nested_validation
2017-05-09,0.00640465871834528,0.0439291970026805,0.04416978033944319,0.06592051360396689,0.00947395632085421,80.46367456485916,0.009286368488595036,1.2506569827842458,-0.004740358836608283,0.0,0.5452644696509948,0.0,0.58,-0.3444691430483884,188,nested_validation
2017-05-10,-0.004740358836608283,0.04215980566257649,0.032512862047859414,0.05855710883685172,0.00909844375522948,76.64525123926686,0.011940505654742523,0.039506808094574394,0.008648348883024903,1.0,0.5677469263253332,0.0,0.58,-0.3444691430483884,188,nested_validation
2017-05-11,0.008648348883024903,0.05497486730577439,0.033922783457796424,0.0651454374387157,0.00912881913877905,78.62843767664758,0.011432346869202602,0.1429093927237815,0.013965402890675271,1.0,0.5583182089798217,0.0,0.58,-0.3444691430483884,188,nested_validation
2017-05-12,0.013965402890675271,0.0522575948647368,0.03926013647342219,0.07685127498548239,0.00907487091348206,81.39900802976976,0.011210761893497439,0.5702880985362768,-0.002562573658588141,0.0,0.5350962696254058,0.0,0.58,-0.3444691430483884,188,nested_validation
2017-05-15,-0.002562573658588141,0.021780500950334902,0.02993031926262657,0.07098123123216804,0.009235908912554157,79.33816103372916,0.010276113526568905,-0.08879023603258007,-0.0014770357738972395,0.0,0.6012791775808705,1.0,0.58,-0.3444691430483884,188,nested_validation
2017-05-16,-0.0014770357738972395,0.013778389993419182,0.022614413676919964,0.06637713190496153,0.009107249056662227,78.11371699560604,0.00861900255592289,-0.705177497996534,-0.033575780842257874,0.0,0.5500588573865065,0.0,0.58,-0.3444691430483884,188,nested_validation
2017-05-17,-0.033575780842257874,-0.01559357133869832,-0.014181119701279887,0.02914322784788581,0.012311077480969388,56.71697253276177,0.03234609391248962,1.9746092612053006,0.015241338149175165,1.0,0.4460959868469632,0.0,0.58,-0.3444691430483884,188,nested_validation
2017-05-18,0.015241338149175165,-0.009159038406700293,-0.0034792957909700606,0.04265956786119873,0.012423993364642607,61.67644668549614,0.014487947766803875,0.3783749752531919,0.003409341271719768,1.0,0.5149449557817645,0.0,0.58,-0.3444691430483884,188,nested_validation
2017-05-19,0.003409341271719768,-0.019474359043228584,-0.00315062237858843,0.04383826433147364,0.012373450754691009,62.72112399974843,0.008820010886317673,-0.2709154603314498,0.006075679642740361,1.0,0.494163392139515,0.0,0.58,-0.3444691430483884,188,nested_validation
2017-05-22,0.006075679642740361,-0.010982569351618565,0.0018560935269262835,0.04750393987566648,0.012315937302663822,64.5804138174638,0.010844847778250332,-0.6881201173234618,-0.0012335514461850883,0.0,0.4846186261098177,0.0,0.58,-0.3444691430483884,188,nested_validation
2017-05-23,-0.0012335514461850883,-0.010741402895938945,0.00033191158282663835,0.04355721157293835,0.012349093622107411,63.87956560476277,0.010338077414442858,-0.989855156868757,-0.002990884840938013,0.0,0.4920576363263896,0.0,0.58,-0.3444691430483884,188,nested_validation
2017-05-24,-0.002990884840938013,0.020566143739438436,-0.0031203266476916847,0.037551496613507096,0.012256253717886361,62.121417107824385,0.009782183616952147,-1.0525278295844498,0.003455995752141394,1.0,0.5459914964356317,0.0,0.58,-0.3444691430483884,188,nested_validation
2017-05-25,0.003455995752141394,0.008718988791319049,0.0003769395438015799,0.03817453150601091,0.012239809930592673,63.37214380651675,0.008578718178378032,-1.10574246322418,-0.0016895086757889866,0.0,0.5018381051036828,0.0,0.58,-0.3444691430483884,188,nested_validation
2017-05-26,-0.0016895086757889866,0.003593157735639174,0.0003061349543351799,0.03336674569043252,0.012254385866601063,62.285650772919425,0.006054344970216973,-0.8488180426510675,0.0003905793836809224,1.0,0.5431812990572922,0.0,0.58,-0.3444691430483884,188,nested_validation
2017-05-30,0.0003905793836809224,-0.002077914368060818,0.0020214154419568864,0.030898553958232933,0.01164715779085432,62.445675725457725,0.007158136642373284,-0.9405576530429085,-0.005921670671868107,0.0,0.47895576943272117,0.0,0.58,-0.3444691430483884,188,nested_validation
2017-05-31,-0.005921670671868107,-0.006762070230684203,-0.0021489567282603206,0.022019321198007757,0.011758320867775533,58.398326296156746,0.01171768362463969,-0.4436956667772483,0.002748945600691499,1.0,0.48000330082946474,0.0,0.58,-0.3444691430483884,188,nested_validation
2017-06-01,0.002748945600691499,-0.0010439506885560057,-0.001317305500036281,0.0218484771290135,0.011700924457568497,59.69651584259265,0.007246381142614202,-1.1800531282175508,0.014819283251264581,1.0,0.47040881434300746,0.0,0.58,-0.3444691430483884,188,nested_validation
2017-06-02,0.014819283251264581,0.010268378736318917,0.011563301067018417,0.03386603331757598,0.011921730313580299,65.8925584883191,0.016468302404959934,0.028770552381148836,-0.009777737161927202,0.0,0.5292975768276329,0.0,0.58,-0.3444691430483884,188,nested_validation
2017-06-05,-0.009777737161927202,0.002083268441924302,0.0011057509894452089,0.020985597005188428,0.011830161052926648,59.316960561185354,0.006431431699345355,-0.22578515064117735,0.0033781264974106495,1.0,0.5126052183501725,0.0,0.58,-0.3444691430483884,188,nested_validation
2017-06-06,0.0033781264974106495,0.005075870569580365,0.004187172367875691,0.021858944524517643,0.010330271269605245,60.759694275025716,0.013143404463628204,0.04171418516049304,0.0059562767069565314,1.0,0.5173415460011475,0.0,0.58,-0.3444691430483884,188,nested_validation
2017-06-07,0.0059562767069565314,0.017085224309763225,0.009138338707319171,0.025359826038705124,0.010318407935325999,63.24316565579312,0.009654373734572338,-0.5955025447267563,-0.0024457194935092463,0.0,0.5054547608870159,0.0,0.58,-0.3444691430483884,188,nested_validation
2017-06-08,-0.0024457194935092463,0.011816291207685348,0.005592629299582708,0.020181331900026356,0.010269854038658044,61.51144330364909,0.007355309047322421,-0.5351965742950033,-0.038776698781939345,0.0,0.5142175204358994,0.0,0.58,-0.3444691430483884,188,nested_validation
2017-06-09,-0.038776698781939345,-0.041621092826574446,-0.03032445384635596,-0.020620181552484795,0.013235609624248882,41.94750746203576,0.06155187563379837,3.3345730501591206,-0.02389566284178457,0.0,0.4708003428198801,0.0,0.58,-0.3444691430483884,188,nested_validation
2017-06-12,-0.02389566284178457,-0.0552850172730297,-0.0484229347216667,-0.044517344084382016,0.013584028415407476,34.872314247012426,0.024618359758851956,2.8802214594384226,0.008045528387629064,1.0,0.5916992839073829,1.0,0.58,-0.3444691430483884,188,nested_validation
2017-06-13,0.008045528387629064,-0.050890498018868136,-0.0363022590636477,-0.03695917059427545,0.01381324191647569,38.541187626788584,0.01569004099335862,0.3135611309407512,-0.00975495240127,0.0,0.5873095515474811,1.0,0.58,-0.3444691430483884,188,nested_validation
2017-06-14,-0.00975495240127,-0.06571388267255729,-0.04091115560215586,-0.04598931606946943,0.01388782660581389,35.880687709715616,0.02521358204584237,0.10133200651108677,-0.0059935869808620534,0.0,0.6321239893931727,1.0,0.58,-0.3444691430483884,188,nested_validation
2017-06-15,-0.0059935869808620534,-0.06903673277136912,-0.041026803947788015,-0.051257177582191726,0.012065489189554822,34.328028858455895,0.015732130565495217,0.21751114434343014,-0.013999358226956082,0.0,0.6318508061696181,1.0,0.58,-0.3444691430483884,188,nested_validation
2017-06-16,-0.013999358226956082,-0.045039401571560056,-0.04609598888180566,-0.06378843813848001,0.011658762454571812,30.976501032857655,0.016166465050166563,1.3755450109988543,0.028607390364821628,1.0,0.5760947887051638,0.0,0.58,-0.3444691430483884,188,nested_validation
2017-06-19,0.028607390364821628,0.0063263645672029245,-0.013788417055088487,-0.036581584194932404,0.013537718705687471,43.04281166874582,0.02104689017446161,0.15700242133409628,-0.009088162524497734,0.0,0.4449410607048758,0.0,0.58,-0.3444691430483884,188,nested_validation
2017-06-20,-0.009088162524497734,-0.010778105817976447,-0.016494415004387752,-0.043790568718570566,0.013480306801681696,40.54831726996515,0.013309376931879602,-0.36522994632040334,0.005930621087567589,1.0,0.4721553016184386,0.0,0.58,-0.3444691430483884,188,nested_validation
2017-06-21,0.005930621087567589,0.00489126082575031,-0.004245795418486131,-0.03653411676940099,0.013614566558499809,42.85457153164915,0.010008958406382832,-0.6171124526324109,-0.0016457791024266921,0.0,0.45715757602558615,0.0,0.58,-0.3444691430483884,188,nested_validation
2017-06-22,-0.0016457791024266921,0.00928667928941862,0.0005081056238416259,-0.03663505622357521,0.013615545128362236,42.36056931153736,0.010849425105259648,-0.7630330288903422,0.004464172307567349,1.0,0.46708496840584274,0.0,0.58,-0.3444691430483884,188,nested_validation
2017-06-23,0.004464172307567349,0.028186256664579412,0.006842132108267007,-0.030695078046057533,0.013639284622303325,44.235262297748974,0.014014240284830804,0.29219699016317985,-0.0031448651048560095,0.0,0.5055802276383204,0.0,0.58,-0.3444691430483884,188,nested_validation
2017-06-26,-0.0031448651048560095,-0.003552998757692216,0.003399470856520148,-0.03154441222395066,0.013639009364090213,43.16540344893539,0.01988748971899623,-0.3921578687470283,-0.014332691453786128,0.0,0.4353060640913522,0.0,0.58,-0.3444691430483884,188,nested_validation
2017-06-27,-0.014332691453786128,-0.008826823256379845,-0.009031770242611481,-0.04288871771889802,0.01385842322299276,38.5980398137214,0.01767208391028421,-0.4772394370330777,0.014610656841805403,1.0,0.47339851100021085,0.0,0.58,-0.3444691430483884,188,nested_validation
2017-06-28,0.014610656841805403,-0.00027412744175747683,0.0049826635795553464,-0.026822306462333856,0.014372800956835812,44.90602829898225,0.020229012625672102,-0.6528402491887344,-0.014743238346332954,0.0,0.4459462042013798,0.0,0.58,-0.3444691430483884,188,nested_validation
2017-06-29,-0.014743238346332954,-0.013389581452797894,-0.0094176495190752,-0.039766757999865066,0.014574936440252803,40.33704108680504,0.019835789593522512,-0.05280236303575704,0.0023663998006084874,1.0,0.4960325361861588,0.0,0.58,-0.3444691430483884,188,nested_validation
2017-06-30,0.0023663998006084874,-0.015450067300045833,-0.008270086412235811,-0.035664152034564967,0.01405323546613873,41.35326285258139,0.008193361335679187,-0.6369571118420576,-0.003610803183370259,0.0,0.4332725202831647,0.0,0.58,-0.3444691430483884,188,nested_validation
2017-07-03,-0.003610803183370259,-0.015910253828444243,-0.009914791890992092,-0.03709157068799607,0.013984247597424462,40.224756498535704,0.015330989186356728,-1.1798786525155576,0.004111534364035663,1.0,0.47643938758972504,0.0,0.58,-0.3444691430483884,188,nested_validation
2017-07-05,0.004111534364035663,0.002504451971387933,-0.005212563995796504,-0.03098680527169928,0.0140029321547293,42.15354572632456,0.014365966535078415,-0.6557949503312818,-0.009438552473057027,0.0,0.4513101925798613,0.0,0.58,-0.3444691430483884,188,nested_validation
2017-07-06,-0.009438552473057027,-0.02125780524714671,-0.012461087577155583,-0.03774500158832994,0.013891965367147638,39.027453794290544,0.0076367713201040185,-0.49490562547122874,0.010159073846902178,1.0,0.45886511749970377,0.0,0.58,-0.3444691430483884,188,nested_validation
2017-07-07,0.010159073846902178,0.0034798516145222447,-0.001426835675032434,-0.02596433196681769,0.01423604480984511,43.811850586784054,0.012831226227592819,-0.8213034574845999,0.006103090432204361,1.0,0.46954337765029985,0.0,0.58,-0.3444691430483884,188,nested_validation
2017-07-10,0.006103090432204361,0.007220693048621607,0.005517243910267755,-0.018071629950800916,0.011834150510154368,46.55272158213037,0.017785756752219436,-0.6320292106141581,0.0032404581095781815,1.0,0.4693842396519926,0.0,0.58,-0.3444691430483884,188,nested_validation
2017-07-11,0.0032404581095781815,0.014146432679067233,0.008978420046671376,-0.013090448213642913,0.010658654402420057,48.01164898549568,0.010101018573719953,-0.8396137597331059,0.0014427573861663934,1.0,0.49303315534947756,0.0,0.58,-0.3444691430483884,188,nested_validation
2017-07-12,0.0014427573861663934,0.011450984455343649,0.009028034794100748,-0.009891729197564314,0.010508461748659855,48.68544014802096,0.009331585702638678,-0.1400004726567951,0.01392900646071693,1.0,0.5013323219089549,0.0,0.58,-0.3444691430483884,188,nested_validation
2017-07-13,0.01392900646071693,0.035311332086368497,0.021710504985216428,0.0050352058699427715,0.010701719395836487,54.78674455002309,0.020640204125149646,-0.059007292972081925,0.008594643444079564,1.0,0.48270326305523253,0.0,0.58,-0.3444691430483884,188,nested_validation
2017-07-14,0.008594643444079564,0.033707948454783976,0.026686834218604627,0.01462542332748673,0.010700861676618703,58.140104550082604,0.013419216922268148,-0.6509256384142573,0.0034888524957292777,1.0,0.5608943136139416,0.0,0.58,-0.3444691430483884,188,nested_validation
2017-07-17,0.0034888524957292777,0.031021982613127053,0.02635192510674389,0.019527982219466056,0.010080632268516897,59.46564726910525,0.015578942299412639,0.015510960682258415,0.0034768326588765497,1.0,0.5486781212167922,0.0,0.58,-0.3444691430483884,188,nested_validation
2017-07-18,0.0034768326588765497,0.031264902796904304,0.025290673106434625,0.023968514451622847,0.008132616774428728,60.80240714885884,0.009728189605905737,-1.1281313474591008,0.0062635875578833655,1.0,0.540057449536935,0.0,0.58,-0.3444691430483884,188,nested_validation
2017-07-19,0.0062635875578833655,0.036229293344210545,0.026851210523353153,0.031186630780783542,0.007835370429997986,63.16721631794049,0.009733817899058169,-0.410932788534644,-0.004503098472739664,0.0,0.4886472613825698,0.0,0.58,-0.3444691430483884,188,nested_validation
2017-07-20,-0.004503098472739664,0.017391793925278565,0.01696506279111243,0.027719680644270994,0.00790752373824187,60.33148268578062,0.010309984631595815,-1.1404160996101202,-0.0004656784688124027,0.0,0.48457381081491824,0.0,0.58,-0.3444691430483884,188,nested_validation
2017-07-21,-0.0004656784688124027,0.008252446195826879,0.012321214522723833,0.028347109847392415,0.007887898257511575,60.03269626560116,0.010381297093498673,0.7077272589816835,0.012111421002933387,1.0,0.4946465367851411,0.0,0.58,-0.3444691430483884,188,nested_validation
2017-07-24,0.012111421002933387,0.016915946311705676,0.01975243163350182,0.04006401311193297,0.008196743145586115,64.89928018083219,0.01670069436571501,-0.20323087031070444,0.004274340949014466,1.0,0.5228466714575165,0.0,0.58,-0.3444691430483884,188,nested_validation
2017-07-25,0.004274340949014466,0.017724135271492525,0.01918419198698129,0.04276963940916412,0.008123839703780436,66.46979708950963,0.013355985418136603,-0.828346074196916,0.0047139715848409924,1.0,0.53796216393802,0.0,0.58,-0.3444691430483884,188,nested_validation
2017-07-26,0.0047139715848409924,0.016156870396098588,0.01874070929748628,0.046049812871444606,0.007172597633258537,68.1685784119308,0.005669197700542454,-1.4739341528958214,-0.018897594769757275,0.0,0.5273004141404786,0.0,0.58,-0.3444691430483884,188,nested_validation
2017-07-27,-0.018897594769757275,0.0014636390202247274,-0.0023588245279532183,0.025024321997455523,0.00817925716726478,55.88689324643718,0.04443412958214666,2.314034198053951,-0.007040491617861577,0.0,0.4084567509841419,-1.0,0.58,-0.3444691430483884,188,nested_validation
2017-07-28,-0.007040491617861577,-0.005123864940657752,-0.009684550294971284,0.01660567030085769,0.007556850315156507,52.18586748798052,0.006956476830319762,-0.9904746677582392,-0.005150694067381223,0.0,0.42882568197242077,0.0,0.58,-0.3444691430483884,188,nested_validation
2017-07-31,-0.005150694067381223,-0.0220920227617466,-0.014243369315040888,0.00989069530341058,0.007715351370622431,49.61542524731358,0.014791884700060015,-0.307917032475768,0.008875460327792295,1.0,0.4287394348111712,0.0,0.58,-0.3444691430483884,188,nested_validation
2017-08-01,0.008875460327792295,-0.01761170183621097,-0.00547456809421798,0.017999108090078986,0.007770184138115715,53.8151568116253,0.012062629268786934,2.734876507226183,0.04725053536522439,1.0,0.4546863760545523,0.0,0.58,-0.3444691430483884,188,nested_validation
2017-08-02,0.04725053536522439,0.023979660167076977,0.03730968775142163,0.06318364261045217,0.012519590764371072,68.83882185637476,0.022845846708887584,3.953886638111916,-0.00999097855004294,0.0,0.5131184351946194,0.0,0.58,-0.3444691430483884,188,nested_validation
2017-08-03,-0.00999097855004294,0.033275523474803226,0.023412695026156616,0.05026382648598027,0.01255070947797318,63.883184231382415,0.014077279284574149,0.20681422465616442,0.005271231410388211,1.0,0.5922059744964662,1.0,0.58,-0.3444691430483884,188,nested_validation
2017-08-04,0.005271231410388211,0.04608712550842364,0.024681903623131385,0.053249669447089865,0.012483474826084532,65.28879070354313,0.010934148358282204,-0.3692097437432859,0.01547392970549355,1.0,0.5311825079890254,0.0,0.58,-0.3444691430483884,188,nested_validation
2017-08-07,0.01547392970549355,0.06777398126496847,0.035976316895804716,0.06654752085051774,0.012721597059578387,69.1094351122741,0.014167873777404085,-0.2584898955677733,0.007997169004450244,1.0,0.5673554072121203,0.0,0.58,-0.3444691430483884,188,nested_validation
2017-08-08,0.007997169004450244,0.0668444149706997,0.03928494300622365,0.07165586031746929,0.012738075205005995,70.91857313888048,0.02223886505418028,0.9067587365958313,0.006121896015996553,1.0,0.43171174409239,0.0,0.58,-0.3444691430483884,188,nested_validation
2017-08-09,0.006121896015996553,0.024946265766349507,0.04051332041035294,0.0740628259121221,0.012716192420741951,72.26821146387037,0.013411174064643708,0.03600647946438094,-0.031851827124294796,0.0,0.6223003693177169,1.0,0.58,-0.3444691430483884,188,nested_validation
2017-08-10,-0.031851827124294796,0.002313951689203675,0.0038883773570133062,0.03752260160430909,0.014858972728424742,57.28168018116506,0.03457375008989064,1.1833683794098375,0.013906489392774724,1.0,0.486360486766067,0.0,0.58,-0.3444691430483884,188,nested_validation
2017-08-11,0.013906489392774724,0.010923806703196703,0.012245441249204347,0.04859760157889381,0.015006897854017952,60.96638160671771,0.01587503218075567,-0.045123340072791895,0.015049533493477485,1.0,0.5489052866657244,0.0,0.58,-0.3444691430483884,188,nested_validation
2017-08-14,0.015049533493477485,0.01050131212046912,0.01980862996887689,0.06051974827371409,0.015232986045858703,64.57684913466422,0.009133604367344922,-0.38167808488269556,0.010947803139333745,1.0,0.5234933157178655,0.0,0.58,-0.3444691430483884,188,nested_validation
2017-08-15,0.010947803139333745,0.013459276444746093,0.023051716851492543,0.06772369043008153,0.015315677578580236,67.00381788402947,0.01274750916329888,0.18283056656252195,-0.004022265562766525,0.0,0.5893205418405323,1.0,0.58,-0.3444691430483884,188,nested_validation
2017-08-16,-0.004022265562766525,0.003241136183152582,0.016090486734964715,0.059363843944248984,0.015404073782980329,65.21654061862904,0.014662942871073698,0.003311427624369636,-0.01919879422690951,0.0,0.5743290152847266,0.0,0.58,-0.3444691430483884,188,nested_validation
2017-08-17,-0.01919879422690951,0.016352810052690847,-0.005237483557395284,0.035461306758141964,0.016103108157533984,57.38053877582654,0.01818073207196213,-0.01966166408967407,-0.0022802834486009838,0.0,0.5366611043814177,0.0,0.58,-0.3444691430483884,188,nested_validation
2017-08-18,-0.0022802834486009838,0.00012698229132657168,-0.008581444974475438,0.029973508412781902,0.016126172052406764,56.5284508511707,0.01765078590029735,-0.06922026464445487,-0.0018411654267276312,0.0,0.4701203944209673,0.0,0.58,-0.3444691430483884,188,nested_validation
2017-08-21,-0.0018411654267276312,-0.01651540133867857,-0.00979672123733799,0.025234998998318714,0.016004326572839896,55.80945761459131,0.017683344956257573,-0.1837558378490286,0.016347382636306307,1.0,0.4850951589830089,0.0,0.58,-0.3444691430483884,188,nested_validation
2017-08-22,0.016347382636306307,-0.01126250573118115,0.006183835015664663,0.03864898485928592,0.016304338638172527,60.59320847015598,0.012392012408724552,-0.6177659444996224,0.0012517491893151433,1.0,0.5183576867236606,0.0,0.58,-0.3444691430483884,188,nested_validation
2017-08-23,0.0012517491893151433,-0.0060268303235814225,0.00772892106878964,0.03662249387908734,0.016299184619557903,60.947518788479975,0.009938719717173418,-0.8415485564555931,-0.004437990368708178,0.0,0.5272170356947223,0.0,0.58,-0.3444691430483884,188,nested_validation
2017-08-24,-0.004437990368708178,0.008932208176319012,0.0007666074228642739,0.02933671125644488,0.015645555532649177,58.9222212176132,0.013750250409109346,-0.7385232461804613,0.00370475142493798,1.0,0.5012514308929681,0.0,0.58,-0.3444691430483884,188,nested_validation
2017-08-25,0.00370475142493798,0.014984503576317643,0.002974252108164155,0.030618405725275633,0.015470458997718154,60.108638298545095,0.008069518836529382,-0.28007354093798204,0.010071062553344445,1.0,0.5165534482795627,0.0,0.58,-0.3444691430483884,188,nested_validation
2017-08-28,0.010071062553344445,0.027097532469169572,0.012046613435825249,0.03821004539090578,0.015391961322459336,63.22925051321699,0.012819764095928943,-0.2677079221039407,0.008917918694522742,1.0,0.5723468694859832,0.0,0.58,-0.3444691430483884,188,nested_validation
2017-08-29,0.008917918694522742,0.019589485306809484,0.020234288107833454,0.04446525226188158,0.015392576911616987,65.80579850898553,0.019151648438107148,0.0868168968665446,0.0027013001426956507,1.0,0.5606820237141316,0.0,0.58,-0.3444691430483884,188,nested_validation
2017-08-30,0.0027013001426956507,0.02106558451131013,0.02145495031894562,0.044402764074983336,0.011851539152037828,66.57658904795228,0.007835927342945618,0.1612017777853243,0.003979172907936368,1.0,0.5985716508923957,1.0,0.58,-0.3444691430483884,188,nested_validation
2017-08-31,0.003979172907936368,0.029698372482174218,0.021597069417094605,0.04538422383449148,0.011519055483818678,67.73353103211885,0.006341515517816365,0.0691204862775201,0.000304585155018966,1.0,0.6074789697643432,1.0,0.58,-0.3444691430483884,188,nested_validation
2017-09-01,0.000304585155018966,0.026210149805800498,0.017755619772019005,0.04252000196250427,0.011518912739185054,67.82570222290329,0.007985355283294119,-1.7913695312880222,-0.01200868152789314,0.0,0.5437589163943359,0.0,0.58,-0.3444691430483884,188,nested_validation
2017-09-05,-0.01200868152789314,0.003777611817826987,0.0025048482240466186,0.02769640547392882,0.011547202017839542,60.48714958928048,0.022766549850194048,0.5354174662291348,-0.001048868056137131,0.0,0.4942487530332601,0.0,0.58,-0.3444691430483884,188,nested_validation
2017-09-06,-0.001048868056137131,-0.006138395437768285,0.00013571532014533538,0.024503506296380095,0.011452124949691113,59.885009447765626,0.015255395990588554,-0.8554955412192109,-0.004014463681631497,0.0,0.5081556833392649,0.0,0.58,-0.3444691430483884,188,nested_validation
2017-09-07,-0.004014463681631497,-0.01279495388578944,-0.004666283230516655,0.01858596625861053,0.011431020622732324,57.527019570833914,0.011658222416303194,-0.7460140404330521,-0.01630894234960567,0.0,0.4790075914909868,0.0,0.58,-0.3444691430483884,188,nested_validation
2017-09-08,-0.01630894234960567,-0.03274410253235094,-0.02051221867834374,0.00015051892025907954,0.00959859503508017,49.10219775668434,0.016516390572660074,0.951876389090918,0.018092487166433413,1.0,0.4685058943781681,0.0,0.58,-0.3444691430483884,188,nested_validation
2017-09-11,0.018092487166433413,-0.015543888338140355,-0.0037996347558029164,0.015559700646218477,0.009915932529313007,56.57589658464337,0.013374635678695684,1.5695346679824997,-0.003962996751233017,0.0,0.48454615105105764,0.0,0.58,-0.3444691430483884,188,nested_validation
2017-09-12,-0.003962996751233017,-0.007526992437539848,-0.007374072174696322,0.00884695076539077,0.009453788181807535,54.64875255072407,0.03226409562174451,4.063209160413917,-0.007522277019307633,0.0,0.4318249222372244,0.0,0.58,-0.3444691430483884,188,nested_validation
2017-09-13,-0.007522277019307633,-0.0139584218212353,-0.012855068518197843,-0.0008696190410711901,0.009274810564133233,51.104477290786015,0.012840608394179021,1.4281806193406257,-0.00858134121733578,0.0,0.4921403123917159,0.0,0.58,-0.3444691430483884,188,nested_validation
2017-09-14,-0.00858134121733578,-0.01847970347488337,-0.018248372086380082,-0.009805944953170886,0.009412021035260908,47.359368866895096,0.008276456714031434,-0.4033523660256941,0.010109206415034766,1.0,0.46005184718408126,0.0,0.58,-0.3444691430483884,188,nested_validation
2017-09-15,0.010109206415034766,0.007880147016235073,-0.005782933802249479,-0.0008207100611823392,0.008685584560654007,51.801980061636556,0.018576439392030637,1.5949141960716688,-0.007568281196444482,0.0,0.4253347883362673,0.0,0.58,-0.3444691430483884,188,nested_validation
2017-09-18,-0.007568281196444482,-0.01752322184871835,-0.00999533997085622,-0.008979771085237176,0.008850403765109314,48.470566690354644,0.015755971695027637,-0.0990619824287395,0.000377986527082097,1.0,0.47214869941433496,0.0,0.58,-0.3444691430483884,188,nested_validation
2017-09-19,0.000377986527082097,-0.013241337489626526,-0.007546723652377629,-0.008716870957387934,0.008835393027446268,48.64685098575885,0.008379020140198807,-0.6746122467940865,-0.016757708909290292,0.0,0.41760578036612794,-1.0,0.58,-0.3444691430483884,188,nested_validation
2017-09-20,-0.016757708909290292,-0.022423551063242675,-0.020601799940348497,-0.02464145555120656,0.008816211426577776,41.81447120755334,0.028384650912320477,1.6621257224433714,-0.017171969977202384,0.0,0.5118828558727885,0.0,0.58,-0.3444691430483884,188,nested_validation
2017-09-21,-0.017171969977202384,-0.030894237269124658,-0.03264250283391823,-0.03998237118893455,0.009457868124762459,36.28487289661098,0.01988397590386603,0.4430827789064323,-0.009779104498010116,0.0,0.5528549777288156,0.0,0.58,-0.3444691430483884,188,nested_validation
2017-09-22,-0.009779104498010116,-0.0499752203889795,-0.03801336906888042,-0.04868974430036754,0.009595751096116892,33.606154968630946,0.011258191590879133,1.0287180008477645,-0.008822003673202072,0.0,0.5581532771865786,0.0,0.58,-0.3444691430483884,188,nested_validation
2017-09-25,-0.008822003673202072,-0.05117537088508717,-0.03984120348631859,-0.055716035609032266,0.009590668230297767,31.37768304334776,0.017734959248239913,0.780719856495281,0.017203488106453335,1.0,0.5915860823614847,1.0,0.58,-0.3444691430483884,188,nested_validation
2017-09-26,0.017203488106453335,-0.03521695265645175,-0.01849060663872759,-0.03812165481080787,0.010182545678606617,39.70079170327185,0.014561810999261354,0.16284066159027324,0.007117571309662951,1.0,0.5052984724980835,0.0,0.58,-0.3444691430483884,188,nested_validation
2017-09-27,0.007117571309662951,-0.011789903378220834,-0.008058855428363487,-0.029778325063687494,0.010087904947213521,42.842742701322805,0.007650962635406507,-0.6604665320267341,-0.006159237996855471,0.0,0.4341155691947275,0.0,0.58,-0.3444691430483884,188,nested_validation
2017-09-28,-0.006159237996855471,-0.0007168645535996498,-0.010988071534252297,-0.034200836200143026,0.01003614434176433,40.84523171315058,0.010307945222061847,-0.890744137567014,0.005479709954149259,1.0,0.4622735768975002,0.0,0.58,-0.3444691430483884,188,nested_validation
2017-09-29,0.005479709954149259,0.014681594535893572,-0.0018589115651481691,-0.02814514329881368,0.01009441987716613,43.35982954784026,0.013820431808299333,-0.5706131501959418,-0.002011294576815703,0.0,0.4600594241303005,0.0,0.58,-0.3444691430483884,188,nested_validation
2017-10-02,-0.002011294576815703,0.021653804564215173,-0.000721201318378939,-0.02934697893764915,0.010068512622950415,42.639441672535675,0.011247615597159217,-1.1512436297450257,0.004355992644357709,1.0,0.4925457076850891,0.0,0.58,-0.3444691430483884,188,nested_validation
2017-10-03,0.004355992644357709,0.008750100662840099,0.006410504209225731,-0.02455864907662375,0.009981291305236794,44.775117791384176,0.007638482058624959,-1.2371273475377378,-0.006473367846511868,0.0,0.471219574850395,0.0,0.58,-0.3444691430483884,188,nested_validation
2017-10-04,-0.006473367846511868,-0.004862869294645078,0.001585687963747251,-0.02958626212446347,0.010015928921584457,42.246801721408396,0.00912167015543623,-0.9448645275312688,0.012444831442449678,1.0,0.46926826419724016,0.0,0.58,-0.3444691430483884,188,nested_validation
2017-10-05,0.012444831442449678,0.013765467345480342,0.01272846474852729,-0.016558276741414524,0.010530503687904992,48.256756518836404,0.008945230678345935,-0.8608711765167307,-0.0005796854605611967,0.0,0.5145348363667548,0.0,0.58,-0.3444691430483884,188,nested_validation
2017-10-06,-0.0005796854605611967,0.007656138869120532,0.009897027162143912,-0.016304492346600363,0.00999084767308865,48.003054758206986,0.0059884605041530935,-1.0671688770398224,0.0034777045989602406,1.0,0.5226107451998235,0.0,0.58,-0.3444691430483884,188,nested_validation
2017-10-09,0.0034777045989602406,0.013198309522618024,0.009934941991086577,-0.012044934432693277,0.00905782518696775,49.71023013886847,0.00795681637264983,-1.0607656420426814,0.0003845353118283601,1.0,0.4859632293283103,0.0,0.58,-0.3444691430483884,188,nested_validation
2017-10-10,0.0003845353118283601,0.009191887611333716,0.008519447863402974,-0.01050033971570119,0.009054061876305312,49.90675406488526,0.018601629313788916,-1.1193780892825493,0.004169433052072513,1.0,0.46155953237573516,0.0,0.58,-0.3444691430483884,188,nested_validation
2017-10-11,0.004169433052072513,0.020002496990805918,0.011206782299785,-0.005035895604561413,0.009025287307146312,52.093617155514174,0.007856887279218816,-0.9191861307187473,-0.0035130193564437695,0.0,0.47665055473529094,0.0,0.58,-0.3444691430483884,188,nested_validation
2017-10-12,-0.0035130193564437695,0.003925524541563696,0.005887140932552937,-0.006984979060950858,0.008877087962066267,50.10073447886487,0.010512816600310688,-0.933524830009554,0.006345937475623842,1.0,0.4644534488305166,0.0,0.58,-0.3444691430483884,188,nested_validation
2017-10-13,0.006345937475623842,0.010882366960952128,0.010400619690778434,0.0008052440985963916,0.00868406347351128,53.54577249637386,0.005541722955257606,-0.8354758803185978,0.018409185866917976,1.0,0.48580465013346175,0.0,0.58,-0.3444691430483884,188,nested_validation
2017-10-16,0.018409185866917976,0.0259240276348367,0.024996892320705344,0.020133205071660054,0.009490894700516362,61.830639235978715,0.014698561619622904,-0.13128065711015707,0.003690103049992066,1.0,0.5535337505944375,0.0,0.58,-0.3444691430483884,188,nested_validation
2017-10-17,0.003690103049992066,0.029313985443910395,0.02484361249010658,0.024248322795912047,0.009517489592077214,63.270709641558945,0.010219974930970722,-0.5761039812022359,-0.004424335744928065,0.0,0.5327305539380867,0.0,0.58,-0.3444691430483884,188,nested_validation
2017-10-18,-0.004424335744928065,0.020505027394332354,0.01623349374603822,0.020183356529476226,0.008741376967915946,60.321310730191485,0.006947925942148788,-0.7661872928282226,-0.023660826731152107,0.0,0.5134426487010184,0.0,0.58,-0.3444691430483884,188,nested_validation
2017-10-19,-0.023660826731152107,-0.00012839694161193016,-0.008183631666114355,-0.002834322022478575,0.009504612918529049,47.59892060411732,0.013206806097059275,1.8730101349061916,0.0017313238259091257,1.0,0.49060950843710477,0.0,0.58,-0.3444691430483884,188,nested_validation
2017-10-20,0.0017313238259091257,-0.004713322438513412,-0.007066330756068107,-0.0006010449305616783,0.009184696681714979,48.43564288734996,0.011455957031250165,0.13831045028518113,-0.0005123466851282288,0.0,0.472108512310688,0.0,0.58,-0.3444691430483884,188,nested_validation
2017-10-23,-0.0005123466851282288,-0.02320525036831378,-0.007783097785110216,2.3334336098024266e-05,0.008893591259667613,48.189991335011094,0.014023195665515296,0.04416862082820166,0.005955307976161173,1.0,0.4723610808971114,0.0,0.58,-0.3444691430483884,188,nested_validation
2017-10-24,0.005955307976161173,-0.02100074494179016,-0.002634582607346281,0.006786785898376335,0.008237876750295083,51.28136811441148,0.00776576176514753,-0.4947779249667959,-0.004392266558413516,0.0,0.43054077875271873,0.0,0.58,-0.3444691430483884,188,nested_validation
2017-10-25,-0.004392266558413516,-0.020969209709627235,-0.0069270251268047645,0.003058945888532172,0.00821415876874189,48.9478061375865,0.014577064931360255,0.11612474796293552,0.00639349072091,1.0,0.46396050551028584,0.0,0.58,-0.3444691430483884,188,nested_validation
2017-10-26,0.00639349072091,0.009167962875813895,-0.0014717299746389578,0.009659757080546116,0.008142589688733801,52.333118680726656,0.006670497600722446,-0.5487657148588737,0.03583002444741523,1.0,0.4369310209356444,0.0,0.58,-0.3444691430483884,188,nested_validation
2017-10-27,0.03583002444741523,0.04351980495607388,0.030344742093138866,0.04512754433283428,0.011070174178942283,66.01920924213016,0.03005218683570356,2.9540878190339876,0.022508309885921562,1.0,0.46834992228332323,0.0,0.58,-0.3444691430483884,188,nested_validation
2017-10-30,0.022508309885921562,0.0675546301740848,0.04900196281547964,0.06681670455970234,0.011794510461096934,71.71100327720491,0.026091687090123758,2.3722899269072824,0.013915837958225818,1.0,0.40855168377762896,-1.0,0.58,-0.3444691430483884,188,nested_validation
2017-10-31,0.013915837958225818,0.07600262043131623,0.05789526016394464,0.07928890932483279,0.0119870575948918,74.60669862896518,0.016031658558403328,1.297170178092867,-0.012719163326908145,0.0,0.45436400681076045,0.0,0.58,-0.3444691430483884,188,nested_validation
2017-11-01,-0.012719163326908145,0.06700333040773487,0.03980002355910095,0.06311314515098188,0.012347038465387613,67.69149170781958,0.025945244453774302,0.9582449414402359,0.007310347832538255,1.0,0.5048976475805816,0.0,0.58,-0.3444691430483884,188,nested_validation
2017-11-02,0.007310347832538255,0.06797540504915034,0.03954490550109657,0.06754812622876538,0.01222724989371767,69.42338696271722,0.019154132466910778,1.5374135930236967,0.026113906974564616,1.0,0.4667755798715215,0.0,0.58,-0.3444691430483884,188,nested_validation
2017-11-03,0.026113906974564616,0.057957762918040556,0.056079436104264024,0.09066776896035256,0.01307991369451955,74.68244804779147,0.01820289501245457,2.5189428086318997,0.010144772187197226,1.0,0.3677146895851174,-1.0,0.58,-0.3444691430483884,188,nested_validation
2017-11-06,0.010144772187197226,0.04516559237132434,0.05511412314095021,0.09625661405595642,0.013112848110940182,76.42326535942831,0.018766165121727137,0.5424934269849481,0.0032138824986363,1.0,0.41897990744101077,-1.0,0.58,-0.3444691430483884,188,nested_validation
2017-11-07,0.0032138824986363,0.03413379347963508,0.047274469699204014,0.09480461662634121,0.013070104146299765,76.9690230293227,0.009438784506197062,-0.3459613304058391,0.008179947987860148,1.0,0.5439035066746734,0.0,0.58,-0.3444691430483884,188,nested_validation
2017-11-08,0.008179947987860148,0.05602470482065103,0.04344500922861183,0.09871168224104099,0.013073922789184846,78.34727170210778,0.010837514767233084,-0.3802763923036926,-0.0020423805581875065,0.0,0.5599569513240658,0.0,0.58,-0.3444691430483884,188,nested_validation
2017-11-09,-0.0020423805581875065,0.04621967079182765,0.030049957019201656,0.09134230958283163,0.013024106141628284,77.09655469116238,0.016829694289805144,-0.015618753000865179,-0.0033095278757023783,0.0,0.5441684261230083,0.0,0.58,-0.3444691430483884,188,nested_validation
2017-11-10,-0.0033095278757023783,0.016219710637916496,0.019329276391030437,0.08298664207742235,0.013183996950737062,75.01116488390099,0.0063548441174079255,-0.4367052166575058,-0.00400721150454908,0.0,0.6211811090985402,1.0,0.58,-0.3444691430483884,188,nested_validation
2017-11-13,-0.00400721150454908,0.0019826179278887857,0.010616526247038793,0.07404951997890774,0.013000396761156567,72.46378053601656,0.006322964280032112,-1.0962868037338787,-0.015117683289117445,0.0,0.5770217872309731,0.0,0.58,-0.3444691430483884,188,nested_validation
2017-11-14,-0.015117683289117445,-0.01632644916055992,-0.0063388045620782485,0.05403520622887337,0.013686791567793448,63.70885918439238,0.013423620292497628,-0.4590580291647764,-0.013190183552410972,0.0,0.5494330516249912,0.0,0.58,-0.3444691430483884,188,nested_validation
2017-11-15,-0.013190183552410972,-0.03717712489169189,-0.0210281502819597,0.036699120792929696,0.01407029608633,57.30212628880229,0.011473872843606295,-0.13771392459002524,0.01194663403118068,1.0,0.49505062968022484,0.0,0.58,-0.3444691430483884,188,nested_validation
2017-11-16,0.01194663403118068,-0.023680616638765195,-0.011388884370781227,0.04560799561184625,0.012761192544376358,61.070298390013235,0.00917587381311849,-0.56610520057157,-0.005552382674620326,0.0,0.4926146794411058,0.0,0.58,-0.3444691430483884,188,nested_validation
2017-11-17,-0.005552382674620326,-0.02587763033107171,-0.015893096293569053,0.03654936645625173,0.012948910499089606,58.457298756793634,0.010285042978401028,-0.7137347204211784,-0.0009989955376089599,0.0,0.47461147087986943,0.0,0.58,-0.3444691430483884,188,nested_validation
2017-11-20,-0.0009989955376089599,-0.022935470006177905,-0.014798746599319679,0.032432362941760884,0.012958822719972648,57.97929316609172,0.005883045211995992,-1.17875022137725,0.018590336055188672,1.0,0.5493555900828946,0.0,0.58,-0.3444691430483884,188,nested_validation
2017-11-21,0.018590336055188672,0.010504982237554694,0.004124001881750328,0.04784970220493201,0.013316959819744286,63.89066202679449,0.01686495425227491,-0.42278098026474753,0.010511989270191036,1.0,0.4934582553778133,0.0,0.58,-0.3444691430483884,188,nested_validation
2017-11-22,0.010511989270191036,0.03477628895531382,0.015061191876214908,0.05482779162174123,0.013178940252491288,66.78862888772977,0.0111453867936303,-0.40563902511091554,5.708303454898811e-05,1.0,0.5685852854363638,0.0,0.58,-0.3444691430483884,188,nested_validation
2017-11-24,5.708303454898811e-05,0.022618508056701403,0.015284065571687933,0.050764164786123,0.013238961030201835,66.80437245228259,0.004858010502288694,-1.446625666081773,-0.0050295490436523815,0.0,0.5926201749325705,1.0,0.58,-0.3444691430483884,188,nested_validation
2017-11-27,-0.0050295490436523815,0.023156152612681336,0.01051775225082241,0.04179587566772924,0.011442352990153995,63.92867346126691,0.009994862024046926,-0.7490863138678042,-0.00585897331342311,0.0,0.523068970300496,0.0,0.58,-0.3444691430483884,188,nested_validation
2017-11-28,-0.00585897331342311,0.018178663960844554,0.005122287601998954,0.03285652329222688,0.010737970648541824,60.66886740161866,0.017391774307822138,-0.12669998181952463,-0.02074338118282515,0.0,0.4966035599182147,0.0,0.58,-0.3444691430483884,188,nested_validation
2017-11-29,-0.02074338118282515,-0.021139156215140953,-0.014662909347439412,0.00950678593770049,0.011464670152033838,50.84210791914877,0.03398627951404876,1.3503431120628684,0.013984130629349112,1.0,0.47694522618703833,0.0,0.58,-0.3444691430483884,188,nested_validation
2017-11-30,0.013984130629349112,-0.01777576888608967,-0.0024902208596507824,0.021056846911769567,0.01141681365865435,55.91831938636179,0.021530385899512065,1.2533428742574346,-0.004654890117852362,0.0,0.4655736041805504,0.0,0.58,-0.3444691430483884,188,nested_validation
2017-12-01,-0.004654890117852362,-0.022403718915305126,-0.0071047301179194555,0.013167874848287742,0.011421176759636009,53.895357888451095,0.018532581773682406,1.102993754690277,-0.007308121153328573,0.0,0.45285434635026806,0.0,0.58,-0.3444691430483884,188,nested_validation
2017-12-04,-0.007308121153328573,-0.02464250260828993,-0.014160644494966013,0.0029694343651773814,0.009997021521254262,50.8024107087383,0.017608893878898156,0.7300439346534225,-0.0009421408461641745,0.0,0.48136582538195344,0.0,0.58,-0.3444691430483884,188,nested_validation
2017-12-05,-0.0009421408461641745,-0.01981856990495523,-0.014894989442639783,-0.0007357548004452985,0.009690804579868269,50.40375928564399,0.0183919499363482,0.10811232910142225,-0.00371362884663462,0.0,0.46393271996724117,0.0,0.58,-0.3444691430483884,188,nested_validation
2017-12-06,-0.00371362884663462,-0.0027727346475803216,-0.01619386236464726,-0.006878823002725576,0.009653672348993687,48.780408345853616,0.02212881105219927,0.24219470106018134,0.0018341893237550089,1.0,0.45197423389641905,0.0,0.58,-0.3444691430483884,188,nested_validation
2017-12-07,0.0018341893237550089,-0.014721888856581433,-0.011142915317564728,-0.007675425085932774,0.009433393158962616,49.63991740601006,0.00903613697799561,-0.15346187784336726,0.00029550055587090895,1.0,0.45156884249744317,0.0,0.58,-0.3444691430483884,188,nested_validation
2017-12-08,0.00029550055587090895,-0.009821566823547512,-0.007605110963036399,-0.0098048047660787,0.009443862485603768,49.78638128796723,0.012871185798127328,-0.42304478472807555,0.019483786041790907,1.0,0.43846045949799994,0.0,0.58,-0.3444691430483884,188,nested_validation
2017-12-11,0.019483786041790907,0.016902504616518987,0.012572965583208529,0.007484518332397494,0.01049311267965028,58.3832503689214,0.023744750952646883,1.0742132191806562,-0.005617860187090207,0.0,0.45029331757693475,0.0,0.58,-0.3444691430483884,188,nested_validation
2017-12-12,-0.005617860187090207,0.012143270038555087,0.007694059346351256,0.0007390970721898871,0.010525692200517979,55.38168675056162,0.005416381434541202,-1.0241982172491308,0.003320073126768186,1.0,0.5602283060994091,0.0,0.58,-0.3444691430483884,188,nested_validation
2017-12-13,0.003320073126768186,0.019288920447879665,0.009386819413663705,0.0033139924098979368,0.010008633119409168,56.78767483403913,0.008939416311252758,-0.4324470207915991,-0.0002908191978940877,0.0,0.4930698300708307,0.0,0.58,-0.3444691430483884,188,nested_validation
2017-12-14,-0.0002908191978940877,0.017126888382038352,0.008874569645898056,0.0018692707055085744,0.009520938860056005,56.61881402446688,0.008593723004515911,-0.804447831258182,0.010162207768420028,1.0,0.49309293252163466,0.0,0.58,-0.3444691430483884,188,nested_validation
2017-12-15,0.010162207768420028,0.027159616910857887,0.017386640997554492,0.01078385357096856,0.009425499953860082,60.98344076519023,0.009829231724317716,1.550194820507733,0.014082465821220413,1.0,0.5133319413892344,0.0,0.58,-0.3444691430483884,188,nested_validation
2017-12-18,0.014082465821220413,0.021717629422155715,0.027735149662592162,0.02411813756809189,0.00972263972498606,66.1218820670465,0.013263781669750048,0.19319287244195643,-0.010656120067832897,0.0,0.5911375703086172,1.0,0.58,-0.3444691430483884,188,nested_validation
2017-12-19,-0.010656120067832897,0.016540868159394595,0.013889307176128352,0.013025808103324543,0.010085572677953552,59.63195473015452,0.0074481671924132515,-0.1282070792582762,-0.0010886832757249776,0.0,0.4970859352474075,0.0,0.58,-0.3444691430483884,188,nested_validation
2017-12-20,-0.0010886832757249776,0.012074017369768653,0.00965358693003937,0.011890412067598888,0.009286351889692946,59.00158879603091,0.012446217912128802,-0.6318265770041587,0.003785154127563528,1.0,0.48798279939492895,0.0,0.58,-0.3444691430483884,188,nested_validation
2017-12-21,0.003785154127563528,0.016200404100435994,0.010146817132595576,0.015838231220928645,0.009032039785762468,60.560905247918306,0.01097079155025234,-0.9125905820130749,0.0,0.0,0.4864130779476696,0.0,0.58,-0.3444691430483884,188,nested_validation
2017-12-22,0.0,0.005977452220623958,0.006869126668741066,0.015885411751852097,0.009032047702445398,60.560905247918306,0.005256832168572677,-1.553008433666032,-0.02536970996201615,0.0,0.534608868554271,0.0,0.58,-0.3444691430483884,188,nested_validation
2017-12-26,-0.02536970996201615,-0.033159403623580275,-0.017487806056721955,-0.009101214813172276,0.010562479816145127,46.70160977830366,0.010494274890423401,0.5782558318276892,0.0001756565810513422,1.0,0.4823994814658147,0.0,0.58,-0.3444691430483884,188,nested_validation
2017-12-27,0.0001756565810513422,-0.022574002927776338,-0.016692178716515738,-0.008279960249421348,0.010504396611701784,46.79010395984955,0.0062719345084925205,-0.9256274948711555,0.002813742311710943,1.0,0.5218110516709372,0.0,0.58,-0.3444691430483884,188,nested_validation
2017-12-28,0.002813742311710943,-0.01875551358148686,-0.013248577556725705,-0.005439400740719802,0.009455081305430284,48.27196495044935,0.008008010061453212,-1.450737017592912,-0.010813792082464357,0.0,0.442210597723483,0.0,0.58,-0.3444691430483884,188,nested_validation
2017-12-29,-0.010813792082464357,-0.0330266306798076,-0.022232903071789933,-0.016222956264958954,0.009230752638394426,43.270413357738455,0.00809546269441045,-0.0830001331234134,0.01790455596465912,1.0,0.46326240060899354,0.0,0.58,-0.3444691430483884,188,nested_validation
2018-01-02,0.01790455596465912,-0.01571340187247916,-0.003742060707803807,0.0011660955852004218,0.010025748150640083,52.035871308823246,0.017647791953234036,-0.048691173354119,-0.00017374383867785337,0.0,0.39312633385656715,-1.0,0.58,-0.3444691430483884,188,nested_validation
2018-01-03,-0.00017374383867785337,0.009732197382506413,-0.0014955329946799711,0.000588935896888465,0.00987076827063811,51.95048422320771,0.015038009650699447,0.6489659287642032,0.004644617894214997,1.0,0.48492150794969757,0.0,0.58,-0.3444691430483884,188,nested_validation
2018-01-04,0.004644617894214997,0.014243859006209059,0.004021120232110542,0.0046429044507869666,0.009897673527954284,54.11761511425081,0.008033285554266264,-0.5101398898973178,0.011385410953833386,1.0,0.4531036461911093,0.0,0.58,-0.3444691430483884,188,nested_validation
2018-01-05,0.011385410953833386,0.022913227917795265,0.015069478762163468,0.015715531068527744,0.010080536071078863,59.019561872017974,0.0132570975167411,-0.2629877501528063,-0.003714118873811567,0.0,0.5469293985814221,0.0,0.58,-0.3444691430483884,188,nested_validation
2018-01-08,-0.003714118873811567,0.030254969625166606,0.011686656022086295,0.012062480766207972,0.010151701465792898,56.861090718138875,0.009635835249543033,-0.7347147378178251,-0.00011484629363300858,0.0,0.48759936181083713,0.0,0.58,-0.3444691430483884,188,nested_validation
2018-01-09,-0.00011484629363300858,0.012016934813850577,0.011969748155744142,0.012071579176951897,0.01015456256094756,56.79218287237359,0.009464773011838672,-0.5462629098082458,-0.00022934452959000318,0.0,0.4633724077490203,0.0,0.58,-0.3444691430483884,188,nested_validation
2018-01-10,-0.00022934452959000318,0.011960656194996755,0.009557590370265379,0.01180029852060338,0.009279775910445067,56.6445721204791,0.007458850776496374,-0.061291070430381414,0.005680247726440157,1.0,0.5041281372864395,0.0,0.58,-0.3444691430483884,188,nested_validation
2018-01-11,0.005680247726440157,0.01300382770652142,0.01254723887270126,0.01711259439982471,0.00923330323498971,59.454747351506505,0.005705157502078328,-1.0089568914072014,0.010326293097910222,1.0,0.5291319575801381,0.0,0.58,-0.3444691430483884,188,nested_validation
2018-01-12,0.010326293097910222,0.01194301505249018,0.019463689660577543,0.026105180143100704,0.009442371041122803,64.04344811412635,0.009656145176063145,0.19426347800228747,-0.005082315317524455,0.0,0.5205641524464149,0.0,0.58,-0.3444691430483884,188,nested_validation
2018-01-16,-0.005082315317524455,0.01055331671322457,0.010234734511076038,0.020035153938844363,0.009543125821008311,60.38384500935176,0.0184459955443886,0.8543077736739874,0.016516410961048278,1.0,0.46596342143970415,0.0,0.58,-0.3444691430483884,188,nested_validation
2018-01-17,0.016516410961048278,0.02736201931024773,0.02290840240448966,0.03527418548162076,0.009934427219463545,66.95814617227705,0.023338875116315234,2.02174289413785,0.000893492032194132,1.0,0.5287349160574294,0.0,0.58,-0.3444691430483884,188,nested_validation
2018-01-18,0.000893492032194132,0.02851584357100001,0.01972804571141107,0.03431387252950158,0.0095060602822435,67.2797109595137,0.010320239653053582,1.322270776574816,-0.004463290013165588,0.0,0.5447785868290802,0.0,0.58,-0.3444691430483884,188,nested_validation
2018-01-19,-0.004463290013165588,0.018141980408597602,0.012050615459396452,0.027953664738558315,0.00922306578581309,63.92971839427178,0.012159576864885857,1.4455165159215944,-0.008180825103555334,0.0,0.5190422609959555,0.0,0.58,-0.3444691430483884,188,nested_validation
2018-01-22,-0.008180825103555334,-0.0005083052526012599,0.0026340074638531163,0.017982453181969893,0.009436339953581566,58.23194723704071,0.006666625286899727,0.3962584904527148,0.00022588491799591104,1.0,0.5598582639684218,0.0,0.58,-0.3444691430483884,188,nested_validation
2018-01-23,0.00022588491799591104,0.004824298771973989,0.001334696840121552,0.016707671989233397,0.009411879298878783,58.34144713152978,0.014798888480260182,1.305175965245228,-0.01592866450769448,0.0,0.5046147187163301,0.0,0.58,-0.3444691430483884,188,nested_validation
2018-01-24,-0.01592866450769448,-0.027247588956489488,-0.014553904527514705,-0.00041514712976642443,0.010080912574812815,48.653003236184276,0.023533498305522847,3.2153474025545825,-0.017850900478799336,0.0,0.4552289498224761,0.0,0.58,-0.3444691430483884,188,nested_validation
2018-01-25,-0.017850900478799336,-0.045464964884864845,-0.030400960053873827,-0.01796564419214286,0.009239417328503328,40.63803878686294,0.025831325773941552,1.7371491856603847,0.002337843964818731,1.0,0.47874246112431706,0.0,0.58,-0.3444691430483884,188,nested_validation
2018-01-26,0.002337843964818731,-0.03894393899463533,-0.02605356286303373,-0.01563402985523088,0.009251133860015153,41.96243708328783,0.011311308399167027,1.2869345350794865,-0.02069836624146093,0.0,0.4492692049790394,0.0,0.58,-0.3444691430483884,188,nested_validation
2018-01-29,-0.02069836624146093,-0.05107322534436154,-0.04124188562785924,-0.035213273485681706,0.010293338714779401,34.587631824018644,0.018397214898631664,2.262851489295415,-0.005894321364588007,0.0,0.530717681848085,0.0,0.58,-0.3444691430483884,188,nested_validation
2018-01-30,-0.005894321364588007,-0.05687954139309659,-0.04185038723884482,-0.039934973589862977,0.010109845268929003,32.85354439703181,0.015990885484968395,1.542304417163448,0.0027548930945686667,1.0,0.5597895273856497,0.0,0.58,-0.3444691430483884,188,nested_validation
2018-01-31,0.0027548930945686667,-0.03897347627492109,-0.03273321933127327,-0.03608183264821774,0.00922201261919196,34.496784258287406,0.01158694694064123,0.08192898069328478,0.0020904890933546305,1.0,0.47913770925524396,0.0,0.58,-0.3444691430483884,188,nested_validation
2018-02-01,0.0020904890933546305,-0.01946095591714936,-0.02423975414054369,-0.0324625468943438,0.009249960698788983,35.78455918638062,0.011085949599977458,1.4640237799378522,-0.04339025768077942,0.0,0.5091205880251167,0.0,0.58,-0.3444691430483884,188,nested_validation
2018-02-02,-0.04339025768077942,-0.06419456479490815,-0.05672575659788248,-0.07193957581912991,0.012914091098428766,24.8440823469503,0.041744529272536884,3.3467562978663357,-0.02498489599845144,0.0,0.5994584214606946,1.0,0.58,-0.3444691430483884,188,nested_validation
2018-02-05,-0.02498489599845144,-0.06829070607199828,-0.06907198784481017,-0.09200135856540947,0.013223513421209846,21.03004024496545,0.05035468468404335,2.0420688086430316,0.041792552035515795,1.0,0.5918501691069548,1.0,0.58,-0.3444691430483884,188,nested_validation
2018-02-06,0.041792552035515795,-0.02359696364590802,-0.022015373076621714,-0.05185690374440566,0.01677161916967588,37.801163666713734,0.05962093659745193,1.570911482629226,-0.02140762657081763,0.0,0.44980522455497757,0.0,0.58,-0.3444691430483884,188,nested_validation
2018-02-07,-0.02140762657081763,-0.04712450535098134,-0.0344488204627027,-0.06936342501178638,0.017211404463689538,33.6893921504839,0.027140445997761997,0.5518827844308437,-0.027516306762713993,0.0,0.5457550987658953,0.0,0.58,-0.3444691430483884,188,nested_validation
2018-02-08,-0.027516306762713993,-0.07527724260712321,-0.05185900151110323,-0.0922494059740333,0.017904232580295224,29.36294373868253,0.03847890077705257,0.6377282525462198,0.01223133287838496,1.0,0.5952870715465121,1.0,0.58,-0.3444691430483884,188,nested_validation
2018-02-09,0.01223133287838496,-0.021509704689571474,-0.03170407433761957,-0.07871139331294486,0.018166326344845694,33.34772066985239,0.04890987607807079,1.4547628681000822,0.04027883146738054,1.0,0.47618912633510463,0.0,0.58,-0.3444691430483884,188,nested_validation
2018-02-12,0.04027883146738054,0.04398663859681906,0.010154418986784375,-0.04015650621175848,0.020480947268843593,44.57220850868154,0.039210894349184205,0.782171151551882,0.01001796185039594,1.0,0.41771958752489335,-1.0,0.58,-0.3444691430483884,188,nested_validation
2018-02-13,0.01001796185039594,0.01214512894565023,0.0215120434297007,-0.029738987971411168,0.020697453547018026,47.05649224015076,0.018863369676252614,-0.9651899695697892,0.01843730560519674,1.0,0.46806643863968816,0.0,0.58,-0.3444691430483884,188,nested_validation
2018-02-14,0.01843730560519674,0.05335621449069938,0.039945284294832684,-0.01103440718877946,0.020792307232715326,51.415643482003745,0.02784243615504395,-0.4909805610574328,0.033578175205737804,1.0,0.43113931572848097,0.0,0.58,-0.3444691430483884,188,nested_validation
2018-02-15,0.033578175205737804,0.11953136241357165,0.07094455473962524,0.021879533483491143,0.02226359647004007,58.277452985795556,0.02364296322340006,0.10697736387097573,-0.003237212536024714,0.0,0.49759389243786917,0.0,0.61,-1.9741000342493922,251,nested_validation
2018-02-16,-0.003237212536024714,0.10242309757345258,0.05922728508290165,0.018550910979755475,0.02225656722191183,57.40738714358506,0.0176883557461648,-0.6404093627602021,-0.003363850987282868,0.0,0.49055042486199607,0.0,0.61,-1.9741000342493922,251,nested_validation
2018-02-20,-0.003363850987282868,0.05617328480910122,0.04539225795948609,0.015612482987408471,0.02220645549494866,56.467039139132616,0.016526018254430567,-1.1078279818936463,-0.004538765059822425,0.0,0.5687536191551918,0.0,0.61,-1.9741000342493922,251,nested_validation
2018-02-21,-0.004538765059822425,0.040951351479650455,0.03516777762054146,0.011515381011119707,0.022217298578357424,55.15859173830511,0.01817969531302683,-0.898546427207981,0.008359341376588114,1.0,0.5352048957590292,0.0,0.61,-1.9741000342493922,251,nested_validation
2018-02-22,0.008359341376588114,0.030650599115026766,0.03529614863847752,0.020196612814178172,0.022045698779550576,57.12039487354872,0.012985450634058001,-1.225815929400651,0.01739112082571226,1.0,0.5915758855586095,0.0,0.61,-1.9741000342493922,251,nested_validation
2018-02-23,0.01739112082571226,0.014509394032634182,0.04020330425087293,0.03754673039229206,0.02196074980435325,60.9773813102496,0.01202279550057869,-0.9935117371688706,0.01977207411004045,1.0,0.5775519139787667,0.0,0.61,-1.9741000342493922,251,nested_validation
2018-02-26,0.01977207411004045,0.037928343602184,0.046773359147693316,0.057144194865590636,0.02231151124156727,64.90915444724305,0.017768300017273374,-0.7054909029965338,-0.0032404738939927347,0.0,0.5944916701892822,0.0,0.61,-1.9741000342493922,251,nested_validation
2018-02-27,-0.0032404738939927347,0.038056832401435425,0.033899373337601624,0.053299808937403936,0.021717160074403982,63.752997624519246,0.013005168862421786,-0.6117224585565647,-0.0015136692147161845,0.0,0.6238227551267355,1.0,0.61,-1.9741000342493922,251,nested_validation
2018-02-28,-0.0015136692147161845,0.04121137152406673,0.024154985023060016,0.051158159129432335,0.02164371258527504,63.18864909869256,0.01442843103458904,-0.6518770487607423,-0.01751652741892684,0.0,0.6096540017525018,0.0,0.61,-1.9741000342493922,251,nested_validation
2018-03-01,-0.01751652741892684,0.014492475062837018,0.0018202930604649392,0.033431175805433755,0.022132234341993403,56.91893948092198,0.04068568638392863,-0.0021457290370108,0.00691476507686084,1.0,0.5133050605697935,0.0,0.61,-1.9741000342493922,251,nested_validation
2018-03-02,0.00691476507686084,0.004045967465380107,0.006891564495814961,0.04105296580530937,0.022150972706973568,58.633286467554164,0.021848964058932996,-0.6431629998691383,0.003461679226640868,1.0,0.5240668428298146,0.0,0.61,-1.9741000342493922,251,nested_validation
2018-03-05,0.003461679226640868,-0.012012901595862768,0.00784887658872524,0.044845089288389595,0.019443231343577404,59.50800494861437,0.01821061580887107,-1.2823107424911384,-0.0008483020951837172,0.0,0.5477728344477124,0.0,0.61,-1.9741000342493922,251,nested_validation
2018-03-06,-0.0008483020951837172,-0.009641783174128116,0.004234911971294331,0.043878813200112,0.018241298883017586,59.17663225154635,0.011999746075506306,-1.5318003626968257,-0.009283128567683208,0.0,0.5131876502592693,0.0,0.61,-1.9741000342493922,251,nested_validation
2018-03-07,-0.009283128567683208,-0.0173479957413587,-0.007322009302315635,0.0344514045812776,0.016618011996315244,55.535220633981886,0.00902703446308638,-0.8363359248020138,0.010912561061638515,1.0,0.468082765085815,0.0,0.61,-1.9741000342493922,251,nested_validation
2018-03-08,0.010912561061638515,0.011085969362688797,0.0009900244975320494,0.04503428393085884,0.015620038419544114,58.720997032119115,0.011585779160637204,-1.370316704863349,0.01718105137055903,1.0,0.5352830575902031,0.0,0.61,-1.9741000342493922,251,nested_validation
2018-03-09,0.01718105137055903,0.021394784357795515,0.015614049589664392,0.0609911772712195,0.013829068376730277,63.235862892298414,0.014501615025609186,-0.5762879060531689,0.009667768275174238,1.0,0.5780145152963813,0.0,0.61,-1.9741000342493922,251,nested_validation
2018-03-12,0.009667768275174238,0.027711783917078403,0.023843936220085737,0.06895767579256784,0.013798782685679023,65.55787776446655,0.01199643771261925,-0.5269723706876289,-0.009630381045618419,0.0,0.6275833537728885,1.0,0.61,-1.9741000342493922,251,nested_validation
2018-03-13,-0.009630381045618419,0.01867867508728005,0.013082102797753015,0.05603509504996773,0.012072098451543362,61.36021172183576,0.023670581085409686,-0.5372889132181968,-0.008501434545961861,0.0,0.529517950872597,0.0,0.61,-1.9741000342493922,251,nested_validation
2018-03-14,-0.008501434545961861,0.019482431491690155,0.004288554344312745,0.044575292831565694,0.012367985416270474,57.87139855505449,0.015187215180391279,-0.8448037437334194,0.0011768775664784403,1.0,0.5364319866574466,0.0,0.61,-1.9741000342493922,251,nested_validation
2018-03-15,0.0011768775664784403,0.009664215095747997,0.0034091805246088125,0.043381868649689403,0.011939194201877324,58.22251325791096,0.012146645637181886,-1.590044596850591,-0.0035264824613379098,0.0,0.5142328426011952,0.0,0.61,-1.9741000342493922,251,nested_validation
2018-03-16,-0.0035264824613379098,-0.010890292742143481,-0.0011447356754358262,0.037496541783965665,0.009784258500807783,56.69589816526302,0.008426019346141829,0.9112388985204584,-0.015279082570315183,0.0,0.49116631806121747,0.0,0.61,-1.9741000342493922,251,nested_validation
2018-03-19,-0.015279082570315183,-0.035329195430837124,-0.015566731458263816,0.018587010626783584,0.010406832561462402,50.535090568737765,0.02173415568891251,0.015461202868820863,-0.00034220745596880153,0.0,0.4667982200387533,0.0,0.61,-1.9741000342493922,251,nested_validation
2018-03-20,-0.00034220745596880153,-0.026282037967378824,-0.015112693207547934,0.01442958823246454,0.01036598222754555,50.40499884991525,0.010614018215287725,-1.9153349907045023,-0.022654821425457605,0.0,0.4475521511625389,0.0,0.61,-1.9741000342493922,251,nested_validation
2018-03-21,-0.022654821425457605,-0.04018161130851716,-0.03538671790377801,-0.01025223995960245,0.011538310544858332,42.590873627402885,0.022362361975316013,0.6556731242883692,-0.014129860457913201,0.0,0.5211028476063198,0.0,0.61,-1.9741000342493922,251,nested_validation
2018-03-22,-0.014129860457913201,-0.0548560299411216,-0.04466366477570283,-0.026105331161952017,0.011774468780063701,38.65679948959163,0.02416337829306525,1.1886397705371596,-0.023156229614851198,0.0,0.5679808220499948,0.0,0.61,-1.9741000342493922,251,nested_validation
2018-03-23,-0.023156229614851198,-0.07347462524684545,-0.05877633272655958,-0.05055912928446782,0.01192323328951171,33.30425713009198,0.03019277103083687,1.0407432871672357,0.04747159338092488,1.0,0.5966107562960474,0.0,0.61,-1.9741000342493922,251,nested_validation
2018-03-26,0.04747159338092488,-0.014432420980997618,-0.00903378755290829,-0.00859975458850204,0.01554864183652579,48.640820447850125,0.038548379333292485,0.5641712370699438,-0.025641218608624894,0.0,0.4238083560149004,0.0,0.61,-1.9741000342493922,251,nested_validation
2018-03-27,-0.025641218608624894,-0.03937484163661398,-0.02795917927410907,-0.0350595837125689,0.01640660117690294,42.66335912802203,0.0488891285884306,1.006916319515617,-0.011048679339207168,0.0,0.4795820804144219,0.0,0.61,-1.9741000342493922,251,nested_validation
2018-03-28,-0.011048679339207168,-0.0279672526659972,-0.03201403060753194,-0.04611093638231423,0.016501665007898885,40.417607222545314,0.02901250573648158,1.0593348189747576,0.0078085125908164965,1.0,0.4755744283703554,0.0,0.61,-1.9741000342493922,251,nested_validation
2018-03-29,0.0078085125908164965,-0.006336800366772644,-0.01825056799431668,-0.0387377503980636,0.016328212875814558,42.68834619780686,0.02890693848374298,0.7668377824728596,-0.006556032627206165,0.0,0.47965919744902247,0.0,0.61,-1.9741000342493922,251,nested_validation
2018-04-02,-0.006556032627206165,0.010549221076330273,-0.018172053021946022,-0.043887645873850856,0.016225237903342706,41.25560505568907,0.026817863073692386,0.6555072924747343,0.010258997989856411,1.0,0.4957942590873551,0.0,0.61,-1.9741000342493922,251,nested_validation
2018-04-03,0.010258997989856411,-0.025351665901706788,-0.004045610262547239,-0.033332162711288915,0.016419638344440057,44.380785867265416,0.02298233345931952,-0.45513401845252893,0.0191223639801803,1.0,0.43961429428425947,0.0,0.61,-1.9741000342493922,251,nested_validation
2018-04-04,0.0191223639801803,0.019425219196151033,0.01718327753307025,-0.014801951388415335,0.017072199605575218,49.7969617779524,0.04218862658717499,0.12254577785863757,0.006934394260265986,1.0,0.42236165224876293,0.0,0.61,-1.9741000342493922,251,nested_validation
2018-04-05,0.006934394260265986,0.037962429636109185,0.02330879136216346,-0.008298519690322359,0.017059260657235238,51.67006657058741,0.012442094088623408,-1.0364457856611382,-0.025578732050944852,0.0,0.5341713717386422,0.0,0.61,-1.9741000342493922,251,nested_validation
2018-04-06,-0.025578732050944852,0.0035762291483503184,-0.0025885702522624454,-0.032902761796572255,0.01768152994203166,44.960162817372236,0.025418687820300594,0.1401514380400967,0.009917875167397394,1.0,0.4884838237288174,0.0,0.61,-1.9741000342493922,251,nested_validation
2018-04-09,0.009917875167397394,0.020218156430436895,0.004263808050017248,-0.022291062653020832,0.01734870279923733,47.72241816552224,0.01905316187138686,-0.8148108615704446,0.018818136428072174,1.0,0.4785964680920236,0.0,0.61,-1.9741000342493922,251,nested_validation
2018-04-10,0.018818136428072174,0.02886167106920201,0.022872218647247422,-0.002799232131713958,0.017783623377891793,52.62847695580882,0.014256861302759808,-0.8676248302220261,-0.0046752621995900245,0.0,0.5107344749450762,0.0,0.61,-1.9741000342493922,251,nested_validation
2018-04-11,-0.0046752621995900245,0.004836621375292394,0.015631502570393696,-0.0063270518063685,0.01771313030948323,51.31573748812528,0.012874050042173034,-1.6306318431589681,0.009858352860718789,1.0,0.4836662752314359,0.0,0.61,-1.9741000342493922,251,nested_validation
2018-04-12,0.009858352860718789,0.007754488415953498,0.02103750564039708,0.0042366495208674415,0.017826705752814996,53.91395241101359,0.01125535041194974,-1.4421115640760456,0.003388217927847492,1.0,0.4980623924733043,0.0,0.61,-1.9741000342493922,251,nested_validation
2018-04-13,0.003388217927847492,0.03771234629223974,0.020339102924900265,0.007691511668132867,0.01784708944831274,54.81529532337084,0.011388944560372122,-1.1670800025977597,0.006238149121203795,1.0,0.518330498681366,0.0,0.61,-1.9741000342493922,251,nested_validation
2018-04-16,0.006238149121203795,0.03393134860619007,0.021253381886684464,0.01405367459211293,0.01790341557487151,56.50757561930397,0.007735186859841628,-1.492447399622283,0.013764102848532689,1.0,0.5326020027033137,0.0,0.61,-1.9741000342493922,251,nested_validation
2018-04-17,0.013764102848532689,0.028802343175333922,0.02942029145626024,0.027730647427208543,0.017820385221546005,60.0821596083636,0.01419433741766759,-0.7317908789546027,-0.002244238674947052,0.0,0.5713462727160631,0.0,0.61,-1.9741000342493922,251,nested_validation
2018-04-18,-0.002244238674947052,0.03131513382895923,0.02342761495506429,0.025193641012692725,0.017832311655250236,59.215811759534894,0.010908695914052594,-1.5658639402356342,-0.028339987731828775,0.0,0.5252614379374134,0.0,0.61,-1.9741000342493922,251,nested_validation
2018-04-19,-0.028339987731828775,-0.007694819030915401,-0.005576311097177045,-0.003433303742105709,0.018245956610841937,49.52592119663255,0.01579858610720814,0.4163775823483269,-0.04097211484235008,0.0,0.5124346228725325,0.0,0.61,-1.9741000342493922,251,nested_validation
2018-04-20,-0.04097211484235008,-0.051565164776339545,-0.044857864606709374,-0.04219885348449304,0.020166940985888428,39.69843743609713,0.034938501703308554,3.2299758407584647,-0.0028967032445410545,0.0,0.5693601661051717,0.0,0.61,-1.9741000342493922,251,nested_validation
2018-04-23,-0.0028967032445410545,-0.06017526588000388,-0.04497703616301307,-0.04225357623304782,0.019513342878501604,39.131457951869976,0.01712661423974465,0.3720500914293128,-0.013919408731270178,0.0,0.5800823631396393,0.0,0.61,-1.9741000342493922,251,nested_validation
2018-04-24,-0.013919408731270178,-0.08583966732891113,-0.05262516205070067,-0.05214567523003133,0.01643428609893574,36.445613747557815,0.03136124054121783,0.10718172763868586,0.004357945635102167,1.0,0.5666221537450861,0.0,0.61,-1.9741000342493922,251,nested_validation
2018-04-25,0.004357945635102167,-0.07979063685554644,-0.043608702555801626,-0.04499281089749119,0.015629335336902105,37.86355840778428,0.01839287882124747,-0.3736860108126467,0.003482848839057029,1.0,0.5530754750550045,0.0,0.61,-1.9741000342493922,251,nested_validation
2018-04-26,0.003482848839057029,-0.049652860468117344,-0.03468143027870352,-0.03900846302490035,0.015495903179172188,39.03924113508898,0.014370969387461118,-0.354477912243162,-0.011569631214974119,0.0,0.5116331814353472,0.0,0.61,-1.9741000342493922,251,nested_validation
2018-04-27,-0.011569631214974119,-0.02051651663196663,-0.038838290580240464,-0.047091433252160364,0.01554799267053076,36.55619776706448,0.02279446021002081,0.47566556388663606,0.018112039942230096,1.0,0.4972780898171297,0.0,0.61,-1.9741000342493922,251,nested_validation
2018-04-30,0.018112039942230096,0.00012098103223956436,-0.015272176307398078,-0.027403798649954347,0.016070082482955723,42.63614591256317,0.03279679504479903,1.143624060129741,0.02323607143232964,1.0,0.4021977722450958,0.0,0.61,-1.9741000342493922,251,nested_validation
2018-05-01,0.02323607143232964,0.03780550256220083,0.013126757022769553,-0.003592563730341336,0.016731572848381136,49.45020179904622,0.0232406418328306,1.9510755067910004,0.044175049354214346,1.0,0.4488808943291269,0.0,0.61,-1.9741000342493922,251,nested_validation
2018-05-02,0.044175049354214346,0.07894861246178397,0.05868724502179923,0.040152071899849595,0.018888721261857765,59.523007756086876,0.022370712943275903,2.477799587164639,0.0018125930481918129,1.0,0.5078113083496857,0.0,0.61,-1.9741000342493922,251,nested_validation
2018-05-03,0.0018125930481918129,0.0771527470216371,0.05801164324661223,0.04088875438711215,0.018849400816703422,59.89176945379319,0.017298872571383978,-0.03692661937156985,0.03923330753937604,1.0,0.5216096901559061,0.0,0.61,-1.9741000342493922,251,nested_validation
2018-05-04,0.03923330753937604,0.1325158021888766,0.08773865657706748,0.07855716227403065,0.01950151462302391,66.92778295507387,0.03307404542508999,1.4940919837373148,0.007235014595485811,1.0,0.47903262875165464,0.0,0.61,-1.9741000342493922,251,nested_validation
2018-05-07,0.007235014595485811,0.12041654139760238,0.08284511932445415,0.08208149887458371,0.019473604359217994,68.08334369486114,0.015770134538741334,0.448193135169105,0.004806573996521513,1.0,0.5434369935202304,0.0,0.61,-1.9741000342493922,251,nested_validation
2018-05-08,0.004806573996521513,0.10023672722449595,0.07354085446202507,0.08447710422535781,0.01919430296552726,68.86724034203561,0.013706009190703238,-0.5716964151918686,0.0070410606675943566,1.0,0.5763687269179837,0.0,0.61,-1.9741000342493922,251,nested_validation
2018-05-09,0.0070410606675943566,0.06110901754916287,0.0665087511972442,0.08809186106319111,0.019106688096608926,70.03389242075221,0.01163531526835827,-0.9540729300807568,0.014304188748635704,1.0,0.5900560403950612,0.0,0.61,-1.9741000342493922,251,nested_validation
2018-05-10,0.014304188748635704,0.07433998003985076,0.06609533039960858,0.09864541153467066,0.01919525397473789,72.31927157931078,0.014312783186683034,-0.6342952471754703,-0.003803458527694703,0.0,0.5653839275634281,0.0,0.61,-1.9741000342493922,251,nested_validation
2018-05-11,-0.003803458527694703,0.02984937522373743,0.04619584156699941,0.08994315280462772,0.019281048049113285,70.75203267074943,0.013839549610443225,-0.7721686564536923,-0.0023331289545449607,0.0,0.6116816608834145,1.0,0.61,-1.9741000342493922,251,nested_validation
2018-05-14,-0.0023331289545449607,0.020066408473909503,0.030309085393579904,0.082788052969206,0.01932624696128789,69.75717756431085,0.00887588744682135,-1.1681301347771471,-0.00908844570953471,0.0,0.5801119851492892,0.0,0.61,-1.9741000342493922,251,nested_validation
2018-05-15,-0.00908844570953471,0.005960367357104257,0.01098586026719972,0.06911268340054821,0.019377318820774345,65.88016929863693,0.010566408468709716,-0.9334680503792308,0.009332716542062247,1.0,0.5373292078676661,0.0,0.61,-1.9741000342493922,251,nested_validation
2018-05-16,0.009332716542062247,0.008249563970207152,0.013666624668145388,0.07554833270271355,0.01939593045618155,67.83890860609776,0.013072626260038026,-1.2495571569194777,-0.0063235923448904385,0.0,0.5411513845694188,0.0,0.61,-1.9741000342493922,251,nested_validation
2018-05-17,-0.0063235923448904385,-0.012255084954568951,0.0014416723336638793,0.06573108411049322,0.018159404669888735,65.0869705577689,0.013637108812487031,-1.266595863766565,-0.0036366129981748596,0.0,0.4802463837086149,0.0,0.61,-1.9741000342493922,251,nested_validation
2018-05-18,-0.0036366129981748596,-0.012089654924930748,-0.0038998970589633197,0.05812109092646667,0.0150634918091633,63.5016834673077,0.009017190155095707,-1.1356938860847634,0.007085042583599099,1.0,0.44314823418600097,0.0,0.61,-1.9741000342493922,251,nested_validation
2018-05-21,0.007085042583599099,-0.002763586911392224,0.0014541938528322973,0.06195230746289759,0.014919229207626792,65.27002504009093,0.012577948883098614,-1.0302683170134583,-0.0025048725029473973,0.0,0.48793113334919536,0.0,0.61,-1.9741000342493922,251,nested_validation
2018-05-22,-0.0025048725029473973,0.0038620083815645856,-0.0020262607138693545,0.05638736732953409,0.014326981454662015,64.07958640452111,0.011220378619498421,-1.154675925109138,0.006411687074999506,1.0,0.48923984703722045,0.0,0.61,-1.9741000342493922,251,nested_validation
2018-05-23,0.006411687074999506,0.0009568112554936281,0.0034522626777058196,0.05985398443615986,0.014313254610180785,65.79498548303363,0.014546641984951635,-0.7670554756645531,-0.0011151697728651877,0.0,0.5024906876992233,0.0,0.61,-1.9741000342493922,251,nested_validation
2018-05-24,-0.0011151697728651877,0.00620339455887331,0.0029530559487627173,0.055765385280164725,0.01441012871114952,65.20796465017405,0.013978154181978638,-0.522055201421014,0.002285320126813817,1.0,0.5194554467907331,0.0,0.61,-1.9741000342493922,251,nested_validation
2018-05-25,0.002285320126813817,0.012183812236247649,0.005250495037464997,0.05531183397015038,0.013815743853599157,65.87906550523445,0.010605578431332186,-0.8507775768904008,-0.0036056944181278583,0.0,0.5162480532658948,0.0,0.61,-1.9741000342493922,251,nested_validation
2018-05-29,-0.0036056944181278583,0.0014389491149937594,0.0017593578859456116,0.04901074397707217,0.013817091984958976,63.78381303973,0.010005348291007451,-0.4383642723665315,-0.002128783564681047,0.0,0.46391731970908257,0.0,0.61,-1.9741000342493922,251,nested_validation
2018-05-30,-0.002128783564681047,0.0018165250055708348,-0.0009377706507419648,0.044843995417127136,0.013401430321585694,62.52403384687262,0.006506673177083317,-0.6316415720795334,-0.003360163813382666,0.0,0.5426475804399877,0.0,0.61,-1.9741000342493922,251,nested_validation
2018-05-31,-0.003360163813382666,-0.007910708715575199,-0.0035992796882517997,0.039457746479824474,0.010143582527648071,60.49724876741782,0.011184226427468665,0.25583132715062223,0.01803394174822559,1.0,0.4865085603713499,0.0,0.61,-1.9741000342493922,251,nested_validation
2018-06-01,0.01803394174822559,0.011108128995039879,0.012614992471842834,0.054663064036394315,0.010645716487665087,66.71293822522304,0.013193831130992834,-0.11487349339257563,0.00835805769731257,1.0,0.5313512758368395,0.0,0.61,-1.9741000342493922,251,nested_validation
2018-06-04,0.00835805769731257,0.0172343230033567,0.018087133741359063,0.05824746584186835,0.007035582833260975,69.1772465315716,0.010790762892515432,0.5542802919155272,0.007715032552422452,1.0,0.5349156645259374,0.0,0.61,-1.9741000342493922,251,nested_validation
2018-06-05,0.007715032552422452,0.02879182786993506,0.022858306322240285,0.060812477882781435,0.007053004697350626,71.30653467008793,0.008173409813301464,-0.10628385233618513,0.0034658761701791274,1.0,0.5876303656003941,0.0,0.61,-1.9741000342493922,251,nested_validation
2018-06-06,0.0034658761701791274,0.03455984694908887,0.022712812995611342,0.058358730374921564,0.007035913459708993,72.24141917289803,0.011135187698133993,-0.18878608694614485,-0.0026805283602170382,0.0,0.5527813507548046,0.0,0.61,-1.9741000342493922,251,nested_validation
2018-06-07,-0.0026805283602170382,0.035265341075330525,0.017236219212505732,0.04971079221561148,0.0070278496159382,70.32633614396855,0.009614393392958664,-0.04494286194669213,-0.009097334829456849,0.0,0.5289114855446767,0.0,0.61,-1.9741000342493922,251,nested_validation
2018-06-08,-0.009097334829456849,0.007674836330695989,0.006104024557491705,0.034899480296938235,0.006796292285983348,64.12947483268623,0.011632737418045744,1.5419959259121128,-0.002452113311384063,0.0,0.5145561667718999,0.0,0.61,-1.9741000342493922,251,nested_validation
2018-06-11,-0.002452113311384063,-0.0031280101569600705,0.002243016912988116,0.026904224443531577,0.006758287312144255,62.544277261632864,0.009203548324832599,-0.8378313669241647,0.005490897961412555,1.0,0.45176182091803707,0.0,0.61,-1.9741000342493922,251,nested_validation
2018-06-12,0.005490897961412555,-0.005328212995854731,0.005438180272555826,0.02745672368599794,0.006796684410963837,64.64650308644775,0.007593128370793383,-1.1632233359205555,-0.008217176845831453,0.0,0.4607752612516607,0.0,0.61,-1.9741000342493922,251,nested_validation
2018-06-13,-0.008217176845831453,-0.01690887906239935,-0.00448945456424521,0.014991462984245807,0.006733682652806308,59.257065878550115,0.012794978922146975,0.26801717692299953,0.0005245940720957076,1.0,0.5031736374469482,0.0,0.61,-1.9741000342493922,251,nested_validation
2018-06-14,0.0005245940720957076,-0.013749482806409419,-0.006006499717375546,0.012844986601912023,0.006467049423486917,59.4873642615624,0.0070755035740194564,0.22406344491888264,-0.010272885180160007,0.0,0.4908935481382078,0.0,0.61,-1.9741000342493922,251,nested_validation
2018-06-15,-0.010272885180160007,-0.014919514114346888,-0.01549963468703952,0.0002049475772658571,0.006733669810210171,53.14850450962269,0.010061476340392306,4.098312906896228,-0.0005292467788650113,0.0,0.4233434690582241,0.0,0.61,-1.9741000342493922,251,nested_validation
2018-06-18,-0.0005292467788650113,-0.013020679658955592,-0.01443299000448972,-0.0013146526205178866,0.006671649841147763,52.83932576827055,0.010702576102945612,-0.4896864208450019,-0.016159881649465135,0.0,0.45112127316809864,0.0,0.61,-1.9741000342493922,251,nested_validation
2018-06-19,-0.016159881649465135,-0.034272857862181705,-0.026486004987460676,-0.017668349926373228,0.00743407397071134,44.35863093940704,0.015509746593499255,1.010378591974712,0.004361773475157982,1.0,0.4494059373017209,0.0,0.61,-1.9741000342493922,251,nested_validation
2018-06-20,0.004361773475157982,-0.02202437617750319,-0.018390331507602276,-0.013586219434656988,0.007491521765360485,46.8004649999721,0.007882044078837129,-0.37013927994015156,-0.005576161706866478,0.0,0.45392425509898354,0.0,0.61,-1.9741000342493922,251,nested_validation
2018-06-21,-0.005576161706866478,-0.027987638324249775,-0.019736380617851546,-0.018882462703489367,0.0074219062357696415,44.12296116365347,0.01838673319671776,0.13844426166007223,-0.002911659128897681,0.0,0.4524130483750151,0.0,0.61,-1.9741000342493922,251,nested_validation
2018-06-22,-0.002911659128897681,-0.020758168087679496,-0.019075287144101782,-0.02098125000028561,0.007436663046870067,42.75513899894347,0.00784121221392945,0.2751319945326249,-0.014871347587226635,0.0,0.503267917592054,0.0,0.61,-1.9741000342493922,251,nested_validation
2018-06-25,-0.014871347587226635,-0.03480999003823526,-0.028996365514957656,-0.0344466283997259,0.007995460989517717,36.54231368301925,0.023000507677013005,0.6755047522303258,0.01240595593245608,1.0,0.4941631390821303,0.0,0.61,-1.9741000342493922,251,nested_validation
2018-06-26,0.01240595593245608,-0.006785659106817277,-0.012819557555817096,-0.021825123518382505,0.00854674203106968,43.77335044363445,0.02163425501067114,-0.09081754098849973,-0.0014638284693260228,0.0,0.4503504044396103,0.0,0.61,-1.9741000342493922,251,nested_validation
2018-06-27,-0.0014638284693260228,-0.012546602572015564,-0.010801836788473462,-0.022863134868229884,0.008543170662205182,43.14093105010154,0.017647697303280765,-0.050282804872998986,0.007276332087203574,1.0,0.4355882732889861,0.0,0.61,-1.9741000342493922,251,nested_validation
2018-06-28,0.007276332087203574,0.00021580131822140913,-0.0007594085221465097,-0.015286418581196615,0.008700707240798284,47.21716333315128,0.012991933488460125,-0.8370710769074008,-0.0021026488173243596,0.0,0.4570464885650027,0.0,0.61,-1.9741000342493922,251,nested_validation
2018-06-29,-0.0021026488173243596,0.0010273491659857914,-0.0008529228225223617,-0.017029922491312854,0.007614724364297681,46.17940773885139,0.023121380612525888,-0.2623359439782122,0.011182799949831068,1.0,0.42567519340305127,0.0,0.61,-1.9741000342493922,251,nested_validation
2018-07-02,0.011182799949831068,0.02750197679956745,0.011171771424722143,-0.006190610623312609,0.007816750553339065,52.18571103281964,0.0207287372295881,-0.7379023881084884,-0.01741641603709765,0.0,0.47358306075636336,0.0,0.61,-1.9741000342493922,251,nested_validation
2018-07-03,-0.01741641603709765,-0.0027650776088055107,-0.0054882908282606335,-0.022857623668066096,0.008289055823872973,43.88046345083658,0.023977836592073205,-1.0634317418999366,0.008047015351592135,1.0,0.46213606326350515,0.0,0.61,-1.9741000342493922,251,nested_validation
2018-07-05,0.008047015351592135,0.006733372091908718,0.0031111724609922398,-0.014687433232620228,0.008509785620423546,47.931847149182595,0.011488699854012865,-0.7623172407034863,0.013861772796169403,1.0,0.4716347435572715,0.0,0.61,-1.9741000342493922,251,nested_validation
2018-07-06,0.013861772796169403,0.013315262999551436,0.0156367926321217,-0.0009602245244776375,0.009200979024252775,54.12503765101955,0.017183570285486945,-0.6484226222840375,0.013885170833587424,1.0,0.47417487434695443,0.0,0.61,-1.9741000342493922,251,nested_validation
2018-07-09,0.013885170833587424,0.029550100836481796,0.026599535463413426,0.012475735138522959,0.00959414699563185,59.405859337885914,0.007240999111998968,-0.38688665606051165,-0.001206841874235809,0.0,0.5188814371614221,0.0,0.61,-1.9741000342493922,251,nested_validation
2018-07-10,-0.001206841874235809,0.01693541139563215,0.020862332407967754,0.010936960940266305,0.009583668402967668,58.76389784951311,0.005778860353266366,-0.7490707100084578,-0.012976084997099124,0.0,0.5729158654934234,0.0,0.61,-1.9741000342493922,251,nested_validation
2018-07-11,-0.012976084997099124,0.0215309795962344,0.005754617638834558,-0.002177508087945368,0.009877483846587858,52.23560170051683,0.011549915438307553,-0.4756230050309242,0.016765977681153954,1.0,0.48963459185137587,0.0,0.61,-1.9741000342493922,251,nested_validation
2018-07-12,0.016765977681153954,0.030366569597434445,0.01887005889259341,0.0139183448691087,0.010461886633213176,58.55857684417483,0.01099306976357058,-0.5327300025621379,0.0015707246021341437,1.0,0.497488883291523,0.0,0.61,-1.9741000342493922,251,nested_validation
2018-07-13,0.0015707246021341437,0.017875433720481837,0.017307126765865544,0.01471024314412106,0.010466286896147184,59.11380402781865,0.004912990291173977,-1.0057845231928175,-0.0021954642698238658,0.0,0.5364521197200243,0.0,0.61,-1.9741000342493922,251,nested_validation
2018-07-16,-0.0021954642698238658,0.0017315114093110484,0.011952922652315845,0.012362574127460668,0.010207258453052731,57.94340829556137,0.011680874154116751,-1.0048300345581613,0.0028287931384380904,1.0,0.45450001982747806,0.0,0.61,-1.9741000342493922,251,nested_validation
2018-07-17,0.0028287931384380904,0.005779018871544972,0.0125237874384172,0.0152945325914422,0.010214960800214569,59.065524981698125,0.013946190710398126,-0.8757862354615378,-0.0054845865401457194,0.0,0.47964592437491876,0.0,0.61,-1.9741000342493922,251,nested_validation
2018-07-18,-0.0054845865401457194,0.013412868318739113,0.003531332984483937,0.010245738655496828,0.009575514906687514,55.940288877391524,0.00982148338194412,-0.6670537681644957,0.0077729767990109,1.0,0.4781586821211688,0.0,0.61,-1.9741000342493922,251,nested_validation
2018-07-19,0.0077729767990109,0.004449524718720177,0.00788945729904511,0.018476631673784993,0.009658569402295966,59.21580917018285,0.014905151853098271,0.13413736096835951,-0.002293040559462556,0.0,0.501727172170121,0.0,0.61,-1.9741000342493922,251,nested_validation
2018-07-20,-0.002293040559462556,0.0005746539933080275,0.0037488066603830195,0.016504523170063568,0.009564870261012649,57.839131806156814,0.011805236512821499,0.27657790737294,0.0008879990480648026,1.0,0.472751217504147,0.0,0.61,-1.9741000342493922,251,nested_validation
2018-07-23,0.0008879990480648026,0.0036666776631943954,0.004097878722174819,0.01742339422758543,0.009510279081347257,58.24306686267272,0.012525490045553313,-0.6469234295553031,0.007254345792848671,1.0,0.4749326563938934,0.0,0.61,-1.9741000342493922,251,nested_validation
2018-07-24,0.007254345792848671,0.008095927959822502,0.009979407611939495,0.024483178626147017,0.00876126521324792,61.4917799908969,0.008341972074360405,0.1625124892391638,0.009430074145869494,1.0,0.5121469361492146,0.0,0.61,-1.9741000342493922,251,nested_validation
2018-07-25,0.009430074145869494,0.023214254434187787,0.015814412943908174,0.03367956570061681,0.00862325366558988,65.29866405952055,0.01242179107255138,-0.3691462744296574,-0.003131112304854966,0.0,0.5106747137300852,0.0,0.61,-1.9741000342493922,251,nested_validation
2018-07-26,-0.003131112304854966,0.012143090928559142,0.01095752136367123,0.02980371652589575,0.00867181189961812,63.048893963804275,0.012100334803952327,0.6820381257543476,-0.016631421290796755,0.0,0.4817295176266945,0.0,0.61,-1.9741000342493922,251,nested_validation
2018-07-27,-0.016631421290796755,-0.0024027562813880854,-0.005674962833749575,0.012644404676189325,0.009560563556616943,52.695936775429445,0.026651986866479096,2.2582119761248065,-0.00560261229173542,0.0,0.40737428004124077,0.0,0.61,-1.9741000342493922,251,nested_validation
2018-07-30,-0.00560261229173542,-0.008872027557286999,-0.010730742557952588,0.00678054172750997,0.009656501844808691,49.77983540080532,0.016481436278587756,1.2625054412196683,0.0020007096432195226,1.0,0.462304699570024,0.0,0.61,-1.9741000342493922,251,nested_validation
2018-07-31,0.0020007096432195226,-0.014041551785882067,-0.008152139171441974,0.008518589633641271,0.009391675454435087,50.82058675562017,0.014714399866248134,3.8095901829760916,0.05891040359197652,1.0,0.38706992721633315,-1.0,0.61,-1.9741000342493922,251,nested_validation
2018-08-01,0.05891040359197652,0.03428824349893422,0.04423641639772202,0.06495634638353698,0.015012198416207049,70.3463401460505,0.02208435210045754,3.9047924576916104,0.029230743024617922,1.0,0.5464227389839387,0.0,0.61,-1.9741000342493922,251,nested_validation
2018-08-02,0.029230743024617922,0.06786486216789123,0.06619040286098543,0.09206674900088996,0.01593123642452351,75.78611257366359,0.03871931531380113,2.611490780351083,0.0028928540898762733,1.0,0.4831925695684322,0.0,0.61,-1.9741000342493922,251,nested_validation
2018-08-03,0.0028928540898762733,0.08906676762807741,0.060253742023069545,0.09091183455364082,0.01583082310474856,76.26375031849072,0.015673877011038232,0.596533077212639,0.0051925221018467305,1.0,0.522541232626409,0.0,0.61,-1.9741000342493922,251,nested_validation
2018-08-06,0.0051925221018467305,0.10088962865471807,0.056357096008531116,0.09196587894824848,0.015705111246862278,77.13800756674402,0.010427094271827284,0.0375830554151091,-0.009374706938768407,0.0,0.5272876931641156,0.0,0.61,-1.9741000342493922,251,nested_validation
2018-08-07,-0.009374706938768407,0.08839155553339606,0.03904639378006225,0.07705242448388239,0.01595912791343799,71.95812117949237,0.01322971119255118,0.016110620306297136,0.000675802494942479,1.0,0.5576307103503244,0.0,0.61,-1.9741000342493922,251,nested_validation
2018-08-08,0.000675802494942479,0.028535643400635413,0.033304927124476746,0.07353365788756583,0.015488376377643774,72.1021926782089,0.015874515252751558,-0.20599304197874863,0.007865184514395995,1.0,0.5550107275946342,0.0,0.61,-1.9741000342493922,251,nested_validation
2018-08-09,0.007865184514395995,0.007184514299743983,0.033870158644810466,0.07737868807538639,0.01527126358788275,73.79103112439637,0.012351597906664846,-0.15946719399783238,-0.0029787951424347092,0.0,0.5201834624108342,0.0,0.61,-1.9741000342493922,251,nested_validation
2018-08-10,-0.0029787951424347092,0.0012877386311702654,0.022050098967622667,0.06998283781032022,0.015348233850817624,71.99933091142853,0.011709188786506801,-0.12686653311283558,0.006456844675161388,1.0,0.5050944661721682,0.0,0.61,-1.9741000342493922,251,nested_validation
2018-08-13,0.006456844675161388,0.002547149801169546,0.018803275160645283,0.07239331728999354,0.015279072827985324,73.49703171838523,0.015559918015876608,-0.07624124643782983,0.004213299259880232,1.0,0.5212344001556404,0.0,0.61,-1.9741000342493922,251,nested_validation
2018-08-14,0.004213299259880232,0.016298683283460402,0.013150323278595666,0.07264825167970557,0.015273142245165778,74.46309746236092,0.010965449591217397,-0.4688452649533767,0.002335875120522468,1.0,0.514655148700068,0.0,0.61,-1.9741000342493922,251,nested_validation
2018-08-15,0.002335875120522468,0.01798467351059041,0.010905390759784472,0.07023482486054355,0.01510233726761709,75.0092690336332,0.011463106921331026,0.071517606804617,0.01465022462096921,1.0,0.5417705076786337,0.0,0.61,-1.9741000342493922,251,nested_validation
2018-08-16,0.01465022462096921,0.024837838937644907,0.022443717296151133,0.08067538714532807,0.015233469017313785,78.17012522251201,0.01096941804588501,0.018779136392080353,0.019969791190738606,1.0,0.5487227978403033,0.0,0.61,-1.9741000342493922,251,nested_validation
2018-08-17,0.019969791190738606,0.048426684901781814,0.037730243420567744,0.09665120623199219,0.015428243022120501,81.63070285752408,0.022014860032274947,0.47963446070235277,-0.009743355540789644,0.0,0.45977695537164864,0.0,0.61,-1.9741000342493922,251,nested_validation
2018-08-20,-0.009743355540789644,0.031550926843187055,0.024141114625978233,0.0813251733109761,0.01579846612948298,75.23858205669393,0.018889779720626294,0.04487083907806302,-0.0019494388904747195,0.0,0.560022482005226,0.0,0.61,-1.9741000342493922,251,nested_validation
2018-08-21,-0.0019494388904747195,0.025220420908266927,0.017957354599369202,0.07465885556004337,0.015894250626344676,74.00215267993957,0.014694957964887312,-0.30378067244253854,4.6441563383625706e-05,1.0,0.5476979390733187,0.0,0.61,-1.9741000342493922,251,nested_validation
2018-08-22,4.6441563383625706e-05,0.02287871680153808,0.013913241451133374,0.0697500112204783,0.015916309462974444,74.01308765573862,0.011718224769587192,-0.8746200706873125,0.00204625980094697,1.0,0.5328184159307189,0.0,0.61,-1.9741000342493922,251,nested_validation
2018-08-23,0.00204625980094697,0.010172537816033778,0.012484118713828263,0.06749127177963032,0.01581967705343974,74.52161134503498,0.011369422645078987,-0.8838425892388654,0.003109054546739376,1.0,0.5343627737622159,0.0,0.61,-1.9741000342493922,251,nested_validation
2018-08-24,0.003109054546739376,-0.006526244120666935,0.01153040647417014,0.06632042897063317,0.015002113593151184,75.31366243265592,0.008280871834786027,-0.8809159827716048,0.008234887033122362,1.0,0.4922260372163874,0.0,0.61,-1.9741000342493922,251,nested_validation
2018-08-27,0.008234887033122362,0.011510405543792679,0.015549863930308216,0.07022724920879475,0.01474500632922434,77.33013495942095,0.011058106061815495,-0.7200269411880552,0.008075388154967333,1.0,0.5235484323530256,0.0,0.61,-1.9741000342493922,251,nested_validation
2018-08-28,0.008075388154967333,0.02167042875841685,0.019026144593221384,0.07378675202441021,0.014697489036137353,79.14405325067759,0.00737366927487534,-0.4866345740961486,0.01492941317639307,1.0,0.5767152670121202,0.0,0.61,-1.9741000342493922,251,nested_validation
2018-08-29,0.01492941317639307,0.036875214613453666,0.028164019486912384,0.08394683554658444,0.00904199917718921,82.02991741075806,0.018297613728722337,0.02607148493079387,0.009193591590130445,1.0,0.5001135171028126,0.0,0.61,-1.9741000342493922,251,nested_validation
2018-08-30,0.009193591590130445,0.04427097215492215,0.032044039183644735,0.08794993981234489,0.0072708882876287104,83.56095402599573,0.026040975168376966,3.275434836124583,0.011554028398506055,1.0,0.46649715425424393,0.0,0.61,-1.9741000342493922,251,nested_validation
2018-08-31,0.011554028398506055,0.05306247993170343,0.039178539114736566,0.09402158278401962,0.007430827661995554,85.27456073523811,0.01260815822002465,2.155081395940371,0.003206763603389007,1.0,0.5016925125069285,0.0,0.61,-1.9741000342493922,251,nested_validation
2018-09-04,0.003206763603389007,0.04781079880420447,0.03640744886233094,0.09098959362498649,0.007437182789534356,85.72447917019156,0.011166525600600904,0.060767908505400245,-0.006524577592770697,0.0,0.504131048160326,0.0,0.61,-1.9741000342493922,251,nested_validation
2018-09-05,-0.006524577592770697,0.03263534471376128,0.02414666267791654,0.07794136456655565,0.00719077243164856,80.32936717358318,0.02014366008633751,0.7744776779015187,-0.01661747555775661,0.0,0.535840779031295,0.0,0.61,-1.9741000342493922,251,nested_validation
2018-09-06,-0.01661747555775661,0.0005381053395647761,0.003481312095397593,0.05518877960257207,0.008543404856271319,68.56999382385311,0.02711789729378445,0.8155759860704923,-0.008068323812778777,0.0,0.5096750775044073,0.0,0.61,-1.9741000342493922,251,nested_validation
2018-09-07,-0.008068323812778777,-0.016575760895500502,-0.007209499047957424,0.042112922445808776,0.008873377435334269,63.76988680377709,0.02105733546795491,1.1211063075787095,-0.013420545542653706,0.0,0.46972555569658825,0.0,0.61,-1.9741000342493922,251,nested_validation
2018-09-10,-0.013420545542653706,-0.04085582966644741,-0.021485861376841164,0.023625449546846422,0.009501073058839604,56.71531798877079,0.024641619739350255,1.2216260498215024,0.02528299101045417,1.0,0.45577271553295085,0.0,0.61,-1.9741000342493922,251,nested_validation
2018-09-11,0.02528299101045417,-0.01974922872569096,0.0006035725671771353,0.04386066547940404,0.010695554453993648,64.56219244029518,0.03457674908252998,0.7034972065115522,-0.012418845636272047,0.0,0.4734274582900153,0.0,0.61,-1.9741000342493922,251,nested_validation
2018-09-12,-0.012418845636272047,-0.025565035202050224,-0.012427564971116856,0.02588276744060969,0.011242417778672234,58.78265737915385,0.02334103899739672,1.9748216070666547,0.024155158406612864,1.0,0.4596760623213234,0.0,0.61,-1.9741000342493922,251,nested_validation
2018-09-13,0.024155158406612864,0.014836618431488091,0.009879986152871112,0.04651670499123006,0.012174690255551866,65.22279873189692,0.02552890192927518,1.0443897934535813,-0.011351203286693368,0.0,0.519837002530833,0.0,0.61,-1.9741000342493922,251,nested_validation
2018-09-14,-0.011351203286693368,0.011477933167164611,-0.0010531480326181342,0.03190686515550589,0.012332354212749315,60.33652120906927,0.019299464510840057,-0.009846736752408481,-0.026626242907696773,0.0,0.4882228373571146,0.0,0.61,-1.9741000342493922,251,nested_validation
2018-09-17,-0.026626242907696773,-0.0020610386981797513,-0.02340197452114834,0.002795032056739366,0.013181374810231766,50.82682959566635,0.02606936179773001,0.5346582213769446,0.0016525472864592494,1.0,0.4815158296321775,0.0,0.61,-1.9741000342493922,251,nested_validation
2018-09-18,0.0016525472864592494,-0.025061264657048055,-0.017330696255349,0.002928808025042029,0.012986009384663141,51.325934811583515,0.021673436891827196,-0.0717240500326301,0.0005954051782508518,1.0,0.4586354270514604,0.0,0.61,-1.9741000342493922,251,nested_validation
2018-09-19,0.0005954051782508518,-0.01221361444168756,-0.01296794596471973,0.00168712966098572,0.012971635676622075,51.517189539898396,0.01978290132356046,-0.5531813151907862,0.007601859980995718,1.0,0.4244601289746312,0.0,0.61,-1.9741000342493922,251,nested_validation
2018-09-20,0.007601859980995718,-0.028179088702782518,-0.004082701632703856,0.007222039513648415,0.013052419301465223,54.0036870455682,0.01422535517964564,-0.6780571600585803,-0.010771111730953797,0.0,0.4364524216844953,0.0,0.61,-1.9741000342493922,251,nested_validation
2018-09-21,-0.010771111730953797,-0.02760887094071296,-0.013184036871397908,-0.005070622378552048,0.01330877930803376,50.056606797297114,0.01869892150942413,3.720288064770829,0.014379985787533744,1.0,0.3847661817360226,-1.0,0.61,-1.9741000342493922,251,nested_validation
2018-09-24,0.014379985787533744,0.013355961662265381,-0.00010882286134072938,0.007201506204316033,0.013638083935476067,54.75944333927354,0.02097010627661555,-0.5946706748908688,0.006340823617262625,1.0,0.4600820119446544,0.0,0.61,-1.9741000342493922,251,nested_validation
2018-09-25,0.006340823617262625,0.018099016309917726,0.006988343786111129,0.0115391794211408,0.013595088054743003,56.72242969173748,0.014042082639606311,-0.8179594827911557,-0.007965873901110698,0.0,0.494513051080702,0.0,0.61,-1.9741000342493922,251,nested_validation
2018-09-26,-0.007965873901110698,0.00938797310109929,-0.000738823389978438,0.0018591681569415375,0.01363059846724581,53.55844187139217,0.018101830715495607,-0.8617297788126395,0.020551538302141292,1.0,0.4962454920137148,0.0,0.61,-1.9741000342493922,251,nested_validation
2018-09-27,0.020551538302141292,0.022360606511222958,0.020472975127128645,0.020175267405715624,0.01398370300216576,59.74713535778191,0.01289179459709303,-0.4715842991715374,0.003511843623588584,1.0,0.5188912183050909,0.0,0.61,-1.9741000342493922,251,nested_validation
2018-09-28,0.003511843623588584,0.03712193331051816,0.023174821396673817,0.021839423489044885,0.013862149830838189,60.72993341353592,0.00806233729574709,-0.8561320650473458,0.006733094221580416,1.0,0.5230540581486616,0.0,0.61,-1.9741000342493922,251,nested_validation
2018-10-01,0.006733094221580416,0.029303601841231153,0.02570318543205885,0.027219227174585914,0.013704569461694313,62.6208966421102,0.013508721902821938,-0.7418489253457768,0.008888688847757509,1.0,0.5174551447742803,0.0,0.61,-1.9741000342493922,251,nested_validation
2018-10-02,0.008888688847757509,0.03190960449680058,0.029689704639025427,0.0341964406706472,0.0138261978163238,65.03095344113888,0.014698164406531695,-0.6539103185772518,0.012168572980265191,1.0,0.5372886690826791,0.0,0.61,-1.9741000342493922,251,nested_validation
2018-10-03,0.012168572980265191,0.05285336900198612,0.035846382266329524,0.04410766631530527,0.013964638802126004,68.09108642440977,0.015900384905193757,-0.3898462825769143,-0.01758076680074039,0.0,0.5586274647090508,0.0,0.61,-1.9741000342493922,251,nested_validation
2018-10-04,-0.01758076680074039,0.013514125084747919,0.014032595343089538,0.02376471552148307,0.014027635419939625,59.84379519317358,0.024650248873058958,-0.16643214155906794,-0.016228719849434303,0.0,0.48716262771942176,0.0,0.61,-1.9741000342493922,251,nested_validation
2018-10-05,-0.016228719849434303,-0.006423198071096592,-0.005356883242954913,0.005825470459717819,0.014404412817190102,53.51365053222996,0.034910170161117,-0.055505544981908045,-0.0023185299978880636,0.0,0.4800488405870964,0.0,0.61,-1.9741000342493922,251,nested_validation
2018-10-08,-0.0023185299978880636,-0.01535653293002015,-0.008972662712597779,0.002353192231798973,0.014056380647087727,52.67037748972571,0.020556848619954875,-0.2742233850284101,0.013853455883625188,1.0,0.4475446678063196,0.0,0.61,-1.9741000342493922,251,nested_validation
2018-10-09,0.013853455883625188,-0.010511077250489387,0.002678265651092415,0.014886043938839855,0.013281938077738132,57.018549378792265,0.022127228723515892,-0.42119634717537996,-0.04632614135450286,0.0,0.4363804676715294,0.0,0.61,-1.9741000342493922,251,nested_validation
2018-10-10,-0.04632614135450286,-0.0676951011559408,-0.042053018661424746,-0.03164742699400602,0.016604275137414467,42.69678043983217,0.04760585608569747,0.5726184307450746,-0.008827854634834376,0.0,0.5436357617355779,0.0,0.61,-1.9741000342493922,251,nested_validation
2018-10-11,-0.008827854634834376,-0.05938868510090123,-0.046074885430375745,-0.03897291919331469,0.015640186593164147,40.69623536180635,0.03348096422456074,1.2167359874655024,0.035719358579982874,1.0,0.554601631911919,0.0,0.61,-1.9741000342493922,251,nested_validation
2018-10-12,0.035719358579982874,-0.009719670215147302,-0.01040338031292165,-0.004211302163637298,0.017567003296537938,50.67740395098944,0.027193771231930484,0.38735447202357115,-0.021385958527732396,0.0,0.43055684835165703,0.0,0.61,-1.9741000342493922,251,nested_validation
2018-10-15,-0.021385958527732396,-0.02864565007988651,-0.027276301239950063,-0.024009256354529107,0.017206767850751984,45.556980213510194,0.020979009688025258,-0.18912557695986693,0.02203739296429852,1.0,0.4589430024945716,0.0,0.61,-1.9741000342493922,251,nested_validation
2018-10-16,0.02203739296429852,-0.02080477047677265,-0.0026577068275618343,-0.001572964880834693,0.017863914255613452,50.940231573945304,0.028044164562215267,-0.2816289646065666,-0.004321507240398259,0.0,0.446237016802397,0.0,0.61,-1.9741000342493922,251,nested_validation
2018-10-17,-0.004321507240398259,0.02232395426442757,-0.0020933832348535297,-0.005041027650839025,0.017902255451471557,49.875797415804456,0.014919313781516853,-0.6566945691270641,-0.023373557214616203,0.0,0.49113428969793754,0.0,0.61,-1.9741000342493922,251,nested_validation
2018-10-18,-0.023373557214616203,0.007321090989412582,-0.020126382160341794,-0.02726412485857177,0.018574341267110984,44.48486882276214,0.031200839551243854,-0.0749282764085957,0.015230273083323143,1.0,0.5598606247510503,0.0,0.61,-1.9741000342493922,251,nested_validation
2018-10-19,0.015230273083323143,-0.012606206675630394,-0.0029503647813948763,-0.012154037990729782,0.018736389190614062,48.31352757926994,0.01746387248046629,0.3362364347202945,0.006109947420199768,1.0,0.46052056421455567,0.0,0.61,-1.9741000342493922,251,nested_validation
2018-10-22,0.006109947420199768,0.01513638205115142,0.004566476690494481,-0.006464439625046614,0.01851667039449563,49.831098196731155,0.020031716706137254,-0.2597988726764739,0.009426674486522124,1.0,0.5053890060437686,0.0,0.61,-1.9741000342493922,251,nested_validation
2018-10-23,0.009426674486522124,0.002610813790419053,0.015951099123168166,0.0030699168361301155,0.018580436853886967,52.178288465901446,0.03838729949160896,1.0055689174591722,-0.034301810061832416,0.0,0.4957267490545246,0.0,0.61,-1.9741000342493922,251,nested_validation
2018-10-24,-0.034301810061832416,-0.027578224165168086,-0.0183291805701431,-0.030466831710465048,0.019998344820171043,44.029778679293344,0.04505092103950745,1.1725271029706048,0.021897923554242027,1.0,0.5172477172232172,0.0,0.61,-1.9741000342493922,251,nested_validation
2018-10-25,0.021897923554242027,0.017498349430740356,0.0007238633950885642,-0.00825108813834119,0.020072979109995278,49.28769544997304,0.021064626107954378,-0.31937528375937446,-0.01592345817859886,0.0,0.5062739592592631,0.0,0.61,-1.9741000342493922,251,nested_validation
2018-10-26,-0.01592345817859886,-0.013724980859975755,-0.012599227540366797,-0.022935141022233374,0.020302375930317137,45.84148336035579,0.03476654723237086,1.777283669090635,-0.01877020075669744,0.0,0.5167970165116837,0.0,0.61,-1.9741000342493922,251,nested_validation
2018-10-29,-0.01877020075669744,-0.03811463000547577,-0.02886316190492877,-0.04045997946041979,0.020518221414541574,42.15901492571936,0.06407842890841624,1.4431263378938248,0.004994287356242966,1.0,0.4820949717451367,0.0,0.61,-1.9741000342493922,251,nested_validation
2018-10-30,0.004994287356242966,-0.04233826352193326,-0.0200447378985672,-0.03494931280591007,0.020420809998028765,43.43655992538302,0.02770739952538233,0.19952614757589607,0.026066714924213752,1.0,0.46975716140166934,0.0,0.61,-1.9741000342493922,251,nested_validation
2018-10-31,0.026066714924213752,0.017527880030078657,0.006576958753272466,-0.00986678772020455,0.02116167313803264,49.710994884982824,0.017499779860978164,0.3657943031041401,0.015351906485869815,1.0,0.5264180738946774,0.0,0.61,-1.9741000342493922,251,nested_validation
2018-11-01,0.015351906485869815,0.011009856344253999,0.019123829219810817,0.005001745414272563,0.02122098993850472,53.096913586306876,0.024975263348350336,2.407707561419538,-0.0663303470660005,0.0,0.5117685719108198,0.0,0.61,-1.9741000342493922,251,nested_validation
2018-11-02,-0.0663303470660005,-0.04077662501875934,-0.043284476280446293,-0.06021812814904648,0.02540844335616715,40.28311812180209,0.03961828315968155,3.489418576814593,-0.028388575829372265,0.0,0.5236048754479024,0.0,0.61,-1.9741000342493922,251,nested_validation
2018-11-05,-0.028388575829372265,-0.05017928503393776,-0.06220213281293263,-0.0842425198826734,0.025973772138831085,36.49320084833543,0.03085471171038456,1.5688751780120942,0.010814154872540227,1.0,0.6105843645981275,1.0,0.61,-1.9741000342493922,251,nested_validation
2018-11-06,0.010814154872540227,-0.04467892468872747,-0.043625212672473435,-0.07175030269070981,0.025872516238550646,38.78863576916205,0.01486969973875767,-0.6504287316279089,0.030328323532099022,1.0,0.5124834398656878,0.0,0.61,-1.9741000342493922,251,nested_validation
2018-11-07,0.030328323532099022,-0.0407111470982211,-0.012237093156153622,-0.04207510317263663,0.02513612207194551,44.87181070847925,0.028244785720302517,-0.5189522474851598,-0.003489178972865048,0.0,0.45394273219854514,0.0,0.61,-1.9741000342493922,251,nested_validation
2018-11-08,-0.003489178972865048,-0.058511914636727225,-0.010758310469023424,-0.04312793609830323,0.025081801106624488,44.30968675593045,0.016163820942956278,-0.9403932844263508,-0.01928146774077244,0.0,0.5380494286716401,0.0,0.61,-1.9741000342493922,251,nested_validation
2018-11-09,-0.01928146774077244,-0.011069053904133708,-0.024705950659602682,-0.05862766390815777,0.023901766981841478,41.24547777564533,0.018388978746948056,-0.3455506095967885,-0.05037416899931757,0.0,0.5383990127062617,0.0,0.61,-1.9741000342493922,251,nested_validation
2018-11-12,-0.05037416899931757,-0.033446552679008756,-0.06611500084399113,-0.10159521383133119,0.025740593470987807,34.636291946846,0.031209830944686125,0.6550312787444017,-0.009991133565532162,0.0,0.6171589615633692,1.0,0.61,-1.9741000342493922,251,nested_validation
2018-11-13,-0.009991133565532162,-0.0533408360795633,-0.06631678660562779,-0.10557030714357518,0.024986803125571676,33.54596684541464,0.029808020885879777,0.33284856524641177,-0.02824734481984248,0.0,0.5827335537070892,0.0,0.61,-1.9741000342493922,251,nested_validation
2018-11-14,-0.02824734481984248,-0.1071597906415771,-0.07868474776227419,-0.12480011273400882,0.02541263179649133,30.638720227431875,0.045770893533598006,1.1116970424963695,0.02467876966349669,1.0,0.6433608479792295,1.0,0.61,-1.9741000342493922,251,nested_validation
2018-11-15,0.02467876966349669,-0.08192225520592167,-0.04175169215296304,-0.09816083591019442,0.02609955683917613,35.73118621618168,0.026487682081489668,0.1433175932228857,0.01107578336886239,1.0,0.5492471606498177,0.0,0.61,-1.9741000342493922,251,nested_validation
2018-11-16,0.01107578336886239,-0.05350399275841011,-0.024679208597106483,-0.08385866699790712,0.025949763171223002,37.986067498083415,0.028471009877489732,-0.49824038537536913,-0.039632376422298776,0.0,0.5351884397077004,0.0,0.61,-1.9741000342493922,251,nested_validation
2018-11-19,-0.039632376422298776,-0.042797603512393145,-0.05618494343183633,-0.11498199687866528,0.0268081161726729,33.417857561146505,0.030722002778042032,-0.21790298038100056,-0.047777790945629506,0.0,0.5369243863189926,0.0,0.61,-1.9741000342493922,251,nested_validation
2018-11-20,-0.047777790945629506,-0.07933210358182208,-0.08921552113571096,-0.15064670289104587,0.027827972922254002,29.060502206302075,0.03367616034437366,1.3735013223776047,-0.0011299236915419675,0.0,0.592191895622723,0.0,0.61,-1.9741000342493922,251,nested_validation
2018-11-21,-0.0011299236915419675,-0.053640237515503175,-0.07479892432711743,-0.14630382284081622,0.027366394032944996,28.968896533834666,0.021043111474094815,-0.9488869691123517,-0.025398564943382884,0.0,0.5905831357275773,0.0,0.61,-1.9741000342493922,251,nested_validation
2018-11-23,-0.025398564943382884,-0.09989002416813997,-0.08088441960660175,-0.16240262396139848,0.026609443182504473,26.9172449529011,0.02611875428265039,-1.3717700005205913,0.013523180689126502,1.0,0.5780635862571996,0.0,0.61,-1.9741000342493922,251,nested_validation
2018-11-26,0.013523180689126502,-0.09771122928547182,-0.053381012008618556,-0.1445996688970772,0.027137318986948225,29.699589562547203,0.026858335657716413,-0.041965198007313576,-0.0021758517651268017,0.0,0.6180965792784715,1.0,0.61,-1.9741000342493922,251,nested_validation
2018-11-27,-0.0021758517651268017,-0.06251991217062147,-0.045124161634561344,-0.14051535585607144,0.02711318514427944,29.502337633008025,0.02232552380056628,-0.25099475502760227,0.03845248150802183,1.0,0.5944653295620396,0.0,0.61,-1.9741000342493922,251,nested_validation
2018-11-28,0.03845248150802183,0.022375359778223025,-0.002233441635087541,-0.10149188507190576,0.028914039949974088,37.398068011027505,0.0351497763045024,0.008925528736700623,-0.007682248476492237,0.0,0.5136909877641788,0.0,0.61,-1.9741000342493922,251,nested_validation
2018-11-29,-0.007682248476492237,0.015668846520608293,-0.005924280649291402,-0.10232146945615095,0.02786601451906787,36.485073618872,0.028404377704440854,-0.27010273804367047,-0.005402111631163775,0.0,0.5403523716460651,0.0,0.61,-1.9741000342493922,251,nested_validation
2018-11-30,-0.005402111631163775,0.03650790332842524,-0.00422106044108328,-0.10167819590816018,0.027310173641983924,35.827794752162944,0.01847912990212525,-0.35566843666729564,0.03494238630109581,1.0,0.5240744414355327,0.0,0.61,-1.9741000342493922,251,nested_validation
2018-12-03,0.03494238630109581,0.058412854614026344,0.03560353177273967,-0.065000916146013,0.025803018740003146,42.94849595798596,0.020181774589997474,-0.15532529722755378,-0.04398885194482882,0.0,0.48516888756292414,0.0,0.61,-1.9741000342493922,251,nested_validation
2018-12-04,-0.04398885194482882,0.014060934530250035,-0.004838120321199124,-0.09957200160616309,0.02671030626856862,37.16257470993526,0.03463690663096219,-0.003706608665736618,-0.011149534667918126,0.0,0.5382345997444057,0.0,0.61,-1.9741000342493922,251,nested_validation
2018-12-06,-0.011149534667918126,-0.03437601157335424,-0.014679507345148446,-0.10240918475769245,0.02644506629750508,35.900495097685535,0.024954215773179293,0.11341993646015423,-0.03565665846619037,0.0,0.5363912477516279,0.0,0.61,-1.9741000342493922,251,nested_validation
2018-12-07,-0.03565665846619037,-0.06159789821869721,-0.04534969388014254,-0.12756401995668798,0.025670006469541918,32.17872922102215,0.036738098638482077,-0.010500090168296427,0.006587552297212751,1.0,0.6112561459198983,1.0,0.61,-1.9741000342493922,251,nested_validation
2018-12-10,0.006587552297212751,-0.050285662428118494,-0.037594016654107,-0.11425917070776215,0.02589926168359189,33.50142735141736,0.03985845674268439,1.7694247868619712,-0.005719228185269709,0.0,0.5712493085765545,0.0,0.61,-1.9741000342493922,251,nested_validation
2018-12-11,-0.005719228185269709,-0.08759877161919094,-0.039834596766681885,-0.11207262561500664,0.0258230099447305,32.8976056818354,0.028405343933077424,0.24600613466656662,0.0027871558006078434,1.0,0.6030110759941476,0.0,0.61,-1.9741000342493922,251,nested_validation
2018-12-12,0.0027871558006078434,-0.042956523448227424,-0.034332266068052064,-0.10292149311081178,0.024134306801745484,33.522829416767536,0.017149578898945365,-0.8541010867398077,0.010940411608884482,1.0,0.5483580683859065,0.0,0.61,-1.9741000342493922,251,nested_validation
2018-12-13,0.010940411608884482,-0.02157711399980955,-0.018166209304915415,-0.08638492348394156,0.024416546413471484,36.04870885905157,0.017666009513736827,-1.1185294122100957,-0.031998055821949145,0.0,0.5610227110810446,0.0,0.61,-1.9741000342493922,251,nested_validation
2018-12-14,-0.031998055821949145,-0.017865095257384334,-0.041840136630931335,-0.10725036571501168,0.02460385314704663,32.15799552805525,0.02296351915559925,-0.17327492647918105,-0.009306057793491695,0.0,0.571321457107386,0.0,0.61,-1.9741000342493922,251,nested_validation
2018-12-17,-0.009306057793491695,-0.033372607939044396,-0.042641454673934875,-0.10631626568446606,0.02359758319779834,31.13905686923688,0.03428089723242004,0.21967071329161705,0.012992656490885324,1.0,0.5893487402528002,0.0,0.61,-1.9741000342493922,251,nested_validation
2018-12-18,0.012992656490885324,-0.01518114653519509,-0.019466553180983448,-0.08796178136761079,0.023676334783710916,34.24261582606978,0.018907685019355865,-0.8668555427293044,-0.0311918308050263,0.0,0.5418611768363218,0.0,0.61,-1.9741000342493922,251,nested_validation
2018-12-19,-0.0311918308050263,-0.04855128538997555,-0.04110579681178983,-0.1098922484547038,0.023166699656561002,30.6274236411262,0.05196097111110708,0.6883820006421129,-0.025234596991822067,0.0,0.5880872059345745,0.0,0.61,-1.9741000342493922,251,nested_validation
2018-12-20,-0.025234596991822067,-0.08259747153399621,-0.05522965841679939,-0.12489285739362588,0.021650016558568266,28.121430662385038,0.04342279843833571,2.4380774732639203,-0.03889566807466194,0.0,0.6088768960733356,0.0,0.61,-1.9741000342493922,251,nested_validation
2018-12-21,-0.03889566807466194,-0.08913453167016139,-0.08215716282229002,-0.1496800292879945,0.02277870899661819,24.833671691612338,0.05659124939349013,3.454953374283172,-0.02587379662899325,0.0,0.5470507826166477,0.0,0.61,-1.9741000342493922,251,nested_validation
2018-12-24,-0.02587379662899325,-0.1043672696032858,-0.093333995189957,-0.16196414664600278,0.022797421272347785,22.983575556831497,0.03378060785951825,-0.6531172966000675,0.07042106083819721,1.0,0.613761898945881,1.0,0.61,-1.9741000342493922,251,nested_validation
2018-12-26,0.07042106083819721,-0.05359221387278812,-0.022568810296834885,-0.09480302488779702,0.028182737221054587,36.49249786428965,0.06687023369141057,0.8335661606862818,-0.006489372192777232,0.0,0.5355785280299583,0.0,0.61,-1.9741000342493922,251,nested_validation
2018-12-27,-0.006489372192777232,-0.029460915324238557,-0.02102754491044523,-0.0940647547241672,0.028177894396916512,35.824980204311586,0.042907442908283314,0.40299904668688186,0.0005121373673091512,1.0,0.5706799246213587,0.0,0.61,-1.9741000342493922,251,nested_validation
2018-12-28,0.0005121373673091512,-0.003825811820168501,-0.011402773090541163,-0.08724616327453183,0.02640512359924071,35.92394845466116,0.025411261148766313,-0.35230805816015476,0.009665117937120327,1.0,0.5067544894981061,0.0,0.61,-1.9741000342493922,251,nested_validation
2018-12-31,0.009665117937120327,0.04650691479001545,0.0030648844130516384,-0.07317911401461652,0.026651259265612542,37.87219375823554,0.01825792305387805,-0.8327433165685598,0.0011413568059950308,1.0,0.5490870090571977,0.0,0.61,-1.9741000342493922,251,nested_validation
2019-01-02,0.0011413568059950308,0.07552938105362017,0.008068724386229187,-0.06599499666937814,0.026697976743648374,38.11380547151392,0.029255385192152674,-0.6782504500350616,-0.09960744540398181,0.0,0.5098691412677429,0.0,0.61,-1.9741000342493922,251,nested_validation
2019-01-03,-0.09960744540398181,-0.09531054425289875,-0.0782922820776829,-0.15042988623622533,0.032013194741430766,27.9034592631874,0.026162185504118314,2.432728953856265,0.04268906510223758,1.0,0.5332636039098129,0.0,0.61,-1.9741000342493922,251,nested_validation
2019-01-04,0.04268906510223758,-0.05052872468734804,-0.031012271569313188,-0.1074788563552721,0.03329870604247943,35.12570448423574,0.03203831226218609,0.4875463051088398,-0.0022256704474362676,0.0,0.5201692099406992,0.0,0.61,-1.9741000342493922,251,nested_validation
2019-01-07,-0.0022256704474362676,-0.053126863960568094,-0.02751214063123275,-0.10424364270885444,0.033315566487585845,34.92090586620458,0.019806719932664515,0.23271718994749327,0.01906277894486519,1.0,0.5339910442511282,0.0,0.61,-1.9741000342493922,251,nested_validation
2019-01-08,0.01906277894486519,-0.044313651944271504,-0.008986818301596866,-0.08234671073424182,0.03315571403118314,38.23515894816567,0.02189056750751458,-0.5612494964787897,0.016982277669923773,1.0,0.4955690468058295,0.0,0.61,-1.9741000342493922,251,nested_validation
2019-01-09,0.016982277669923773,-0.029191959380709065,0.003567773922781514,-0.06315487872141412,0.033413549922200254,41.16455801269284,0.031961346125595355,-0.27866387150475813,0.0031960249989644307,1.0,0.471430221825093,0.0,0.61,-1.9741000342493922,251,nested_validation
2019-01-10,0.0031960249989644307,0.08165128911275055,0.00900103247273698,-0.056157976394040965,0.033453320482368834,41.73414964135216,0.02022106988713745,-0.7780374246482298,-0.009817719312348872,0.0,0.5146854342536832,0.0,0.61,-1.9741000342493922,251,nested_validation
2019-01-11,-0.009817719312348872,0.02718248057716477,0.0016314102442767098,-0.06120908746854126,0.033437840957253814,40.43501803577384,0.014380475001345296,-1.227046864601228,-0.015037339975680242,0.0,0.5350120847741766,0.0,0.61,-1.9741000342493922,251,nested_validation
2019-01-14,-0.015037339975680242,0.013993203105717056,-0.009371312106014162,-0.06940964276352524,0.033311245032737205,38.478688199976936,0.013666687011718559,-0.9255003379843846,0.02046696373888257,1.0,0.5570668389276182,0.0,0.61,-1.9741000342493922,251,nested_validation
2019-01-15,0.02046696373888257,0.015390402440690565,0.014031235740189274,-0.04513444954643875,0.03322242154243788,42.49542769359786,0.021820057346807087,-1.0736516773584601,0.012216788547107393,1.0,0.4830552654619487,0.0,0.61,-1.9741000342493922,251,nested_validation
2019-01-16,0.012216788547107393,0.01063237270458739,0.02844970479369291,-0.028694502599272864,0.033359635860227645,44.85712771177399,0.01858787167569351,-0.9144346561526205,0.005937440366438507,1.0,0.5019886843162777,0.0,0.61,-1.9741000342493922,251,nested_validation
2019-01-17,0.005937440366438507,0.013394109242969465,0.025253143411098966,-0.0169785913934547,0.0332336378504083,46.031387082737055,0.028230521866052162,-0.9353790636840776,0.006159353015204649,1.0,0.5003690254467138,0.0,0.61,-1.9741000342493922,251,nested_validation
2019-01-18,0.006159353015204649,0.029745715705213227,0.025791975712925463,-0.0067747298173734816,0.03261846064868324,47.292739902751215,0.012115859370834358,-0.6773395459157004,-0.02244638304023705,0.0,0.5127282339723934,0.0,0.61,-1.9741000342493922,251,nested_validation
2019-01-22,-0.02244638304023705,0.021999807496861035,-0.0007433507749492474,-0.02465840432726385,0.03251926614109773,43.29684292786384,0.026810179572950902,-0.7701342200043,0.004044585352654506,1.0,0.5294619912937232,0.0,0.61,-1.9741000342493922,251,nested_validation
2019-01-23,0.004044585352654506,0.005552761050720223,0.0012293421968709861,-0.01767820479411497,0.031315035914860935,44.19133064213133,0.02234928847666985,-1.1796593275085212,-0.007926121333447056,0.0,0.5083087216087959,0.0,0.61,-1.9741000342493922,251,nested_validation
2019-01-24,-0.007926121333447056,-0.014457536027102424,-0.006312229243436329,-0.021947908827409268,0.030768702256818957,42.761946374030806,0.017943616824718893,-0.9684140484629923,0.033136814628117905,1.0,0.5100719594708101,0.0,0.61,-1.9741000342493922,251,nested_validation
2019-01-25,0.033136814628117905,0.01219038187782373,0.02397667643327539,0.012812122578641949,0.027555548498578306,49.98747230877205,0.024150593884742024,-0.3869471575087489,-0.009254741155455104,0.0,0.442877865076539,0.0,0.61,-1.9741000342493922,251,nested_validation
2019-01-28,-0.009254741155455104,-0.003316106053879775,0.011866407923145639,0.006194965514924933,0.02759759553022536,48.10064753874912,0.017082521540713755,-0.7837430404780984,-0.010364689224420132,0.0,0.4713900150743504,0.0,0.61,-1.9741000342493922,251,nested_validation
2019-01-29,-0.010364689224420132,0.009002020981712544,-0.001646046396293288,-0.0007452031365086098,0.027697897083662548,46.02477464789071,0.02598916771923501,0.23220309454156135,0.06833493333821172,1.0,0.5141810815876148,0.0,0.61,-1.9741000342493922,251,nested_validation
2019-01-30,0.06833493333821172,0.07360980035065423,0.05825707601962504,0.06759166903597857,0.0314318604124272,58.584033059535,0.03582449724021335,1.3619429496097475,0.007201134902363071,1.0,0.5629853099989195,0.0,0.61,-1.9741000342493922,251,nested_validation
2019-01-31,0.007201134902363071,0.08998032566779135,0.05808541909004439,0.07470094925901538,0.031443284455865174,59.720365328434745,0.0266762940175354,0.0743978608035281,0.00048066817513015003,1.0,0.5543997680570699,0.0,0.61,-1.9741000342493922,251,nested_validation
2019-02-01,0.00048066817513015003,0.05552742781157183,0.051468488483591646,0.07511339448379717,0.020884534568422226,59.800221136746096,0.018316136040732955,-0.3693944041274133,0.028404790005669422,1.0,0.5535968213140627,0.0,0.61,-1.9741000342493922,251,nested_validation
2019-02-04,0.028404790005669422,0.09564941447184694,0.07157148597294616,0.10319209315477318,0.01991249498385901,64.30587040700053,0.02557667084854001,-0.3978093358484335,0.017109444584279654,1.0,0.48782829629398883,0.0,0.61,-1.9741000342493922,251,nested_validation
2019-02-05,0.017109444584279654,0.12606669879149401,0.07584912890235596,0.11790222099864422,0.019889707758594912,66.78904994239517,0.0156734173977184,0.21181336210113397,0.0003447586122040658,1.0,0.5357376963722573,0.0,0.61,-1.9741000342493922,251,nested_validation
2019-02-06,0.0003447586122040658,0.05440240212308711,0.06287986468453388,0.11269118205183548,0.019805897901202324,66.83996636348783,0.015610658488012037,-0.6558609854990115,-0.01893950229030905,0.0,0.5442014237142119,0.0,0.61,-1.9741000342493922,251,nested_validation
2019-02-07,-0.01893950229030905,0.02703671547535147,0.031274909462308376,0.08604358966492787,0.020478161115514357,61.27987106405388,0.021060056464838398,-0.16236580320537064,0.0011751154305899014,1.0,0.535872510880198,0.0,0.61,-1.9741000342493922,251,nested_validation
2019-02-08,0.0011751154305899014,0.02774959564485946,0.024218637228113238,0.08411220632523997,0.02049506038777193,61.489868241246405,0.013144800452006193,-1.060609199000486,-0.005751062905738236,0.0,0.5796596998460991,0.0,0.61,-1.9741000342493922,251,nested_validation
2019-02-11,-0.005751062905738236,-0.006384496650073235,0.009953026607949278,0.0746989311456554,0.020361211065461335,59.77911082326102,0.011568239382609537,-1.322661463498109,0.008617249825505269,1.0,0.5013715716215473,0.0,0.61,-1.9741000342493922,251,nested_validation
2019-02-12,0.008617249825505269,-0.014680532454985129,0.008514058270778335,0.08045844676424907,0.019797747340766066,61.497699451621706,0.007607250607998601,-1.0748149277601884,-0.004154900833500008,0.0,0.5150623205200483,0.0,0.61,-1.9741000342493922,251,nested_validation
2019-02-13,-0.004154900833500008,-0.01911260650846025,0.0009945752844504607,0.07300377464289376,0.019683985284410063,60.15162014077055,0.015042882058826848,-0.9915032770583861,0.0036433690166506327,1.0,0.4950794906907703,0.0,0.61,-1.9741000342493922,251,nested_validation
2019-02-14,0.0036433690166506327,0.003466280140784317,0.001654019890036107,0.0738540026724055,0.01963103508624463,60.95531769145235,0.011006964815180605,-0.9896467215321157,-0.002224763124494822,0.0,0.5271505576821731,0.0,0.61,-1.9741000342493922,251,nested_validation
2019-02-15,-0.002224763124494822,5.862104696641168e-05,-0.0032697649377231297,0.06502841594158082,0.01969801158671144,60.15457067833012,0.011442301192311122,-0.64833228610029,0.0029924102406091446,1.0,0.5148798745899716,0.0,0.61,-1.9741000342493922,251,nested_validation
2019-02-19,0.0029924102406091446,0.00885318483443398,-0.000527579212705076,0.0630549405682268,0.019699815778167946,60.896989011488984,0.011408161421623118,-1.1431799089257337,0.0064357242402446335,1.0,0.5411439249570741,0.0,0.58,-0.12221211936269957,314,nested_validation
2019-02-20,0.0064357242402446335,0.006671148948304895,0.006732469844779709,0.06443898489091526,0.018687978251895637,62.51930854109646,0.013544160016206952,-0.3702207088276323,-0.005638835883856386,0.0,0.549986422645681,0.0,0.58,-0.12221211936269957,314,nested_validation
2019-02-21,-0.005638835883856386,0.0051710817156025435,0.0024847457114769433,0.05388218459303129,0.018861285250654333,60.149459509733276,0.012100970974939009,-1.2298671140114397,0.011165681709939923,1.0,0.48626018565572676,0.0,0.58,-0.12221211936269957,314,nested_validation
2019-02-22,0.011165681709939923,0.012704844624159328,0.012041226801030591,0.06122220026897329,0.018630165501241337,63.11422314728601,0.009365757679104381,-1.0043539314212164,0.007284431770358868,1.0,0.5441093394708569,0.0,0.58,-0.12221211936269957,314,nested_validation
2019-02-25,0.007284431770358868,0.022356324619443146,0.017140021537855432,0.0643625855522707,0.01761583774271401,64.96589622618737,0.011019905963539144,-0.6489201974443032,0.0005744605427753235,1.0,0.579637912655103,0.0,0.58,-0.12221211936269957,314,nested_validation
2019-02-26,0.0005744605427753235,0.019891693640232466,0.014821303435409883,0.06007595777445762,0.017336619989645138,65.11570479683996,0.01221823472976689,-1.0474867229785225,0.0030970183587759603,1.0,0.5522488138597008,0.0,0.58,-0.12221211936269957,314,nested_validation
2019-02-27,0.0030970183587759603,0.016508349514021248,0.015611212501176253,0.057888832603926854,0.016951676150287625,65.96125017811073,0.012981096447905526,0.052907104860033985,-0.009835734500167725,0.0,0.5615277686339464,0.0,0.58,-0.12221211936269957,314,nested_validation
2019-02-28,-0.009835734500167725,0.012217974306803159,0.003890288544623033,0.043122435624341815,0.009711179738233322,60.89723301581593,0.011492957339367739,0.40696221037318053,0.010511110928250966,1.0,0.5188193265622776,0.0,0.58,-0.12221211936269957,314,nested_validation
2019-03-01,0.010511110928250966,0.011562722331121877,0.011995608525994461,0.04972505785112391,0.00981583876250132,64.0429796517942,0.012916468486419154,0.18435382992784685,0.005029242473497675,1.0,0.5220987586069367,0.0,0.58,-0.12221211936269957,314,nested_validation
2019-03-04,0.005029242473497675,0.009297954453695745,0.013900936780951278,0.05066436327402002,0.009812980827115327,65.48861376132723,0.021495585146990213,0.5593417301673314,-0.0018198459895019115,0.0,0.47825257375789687,0.0,0.58,-0.12221211936269957,314,nested_validation
2019-03-05,-0.0018198459895019115,0.006882773194670122,0.009378711998320188,0.044720081005316104,0.007929563083667188,64.47341562371977,0.008317704802715388,-0.900497212172803,-0.005753591423049209,0.0,0.45885230731602583,0.0,0.58,-0.12221211936269957,314,nested_validation
2019-03-06,-0.005753591423049209,-0.002001239376884123,0.002136249010239233,0.03422087618665981,0.00720938258651967,61.24666461672779,0.00888152082175023,-0.6265697575494139,-0.011574874389652434,0.0,0.4352730210862791,0.0,0.58,-0.12221211936269957,314,nested_validation
2019-03-07,-0.011574874389652434,-0.0037541398952439797,-0.010281720410473039,0.01837999519030631,0.007662595704480054,55.2864801707959,0.01402897489243656,0.4326328533128459,0.0023771276772963645,1.0,0.4691481192345674,0.0,0.58,-0.12221211936269957,314,nested_validation
2019-03-08,0.0023771276772963645,-0.011773296787523035,-0.007894897732958595,0.016627131282681562,0.006362186916954993,56.21788540071944,0.02064662106650033,0.37853522118412075,0.03464233168589437,1.0,0.46336277640882145,0.0,0.58,-0.12221211936269957,314,nested_validation
2019-03-11,0.03464233168589437,0.01734470723421122,0.02373081703883595,0.047367822630186796,0.009742198532549437,67.02397484342937,0.02107316457402047,2.2864177753136365,0.011235199957619457,1.0,0.48871819226030067,0.0,0.58,-0.12221211936269957,314,nested_validation
2019-03-12,0.011235199957619457,0.030650403449108632,0.03134931955119913,0.053936254569419084,0.009727941732733426,69.72429185135746,0.01824113086593761,2.0167967035365253,0.004421831524405118,1.0,0.5461680897859691,0.0,0.58,-0.12221211936269957,314,nested_validation
2019-03-13,0.004421831524405118,0.04119839605495512,0.03188602913542171,0.0529346684747789,0.009656643297761109,70.75086002132123,0.013097819574461883,1.4930580864415157,0.01111678879061584,1.0,0.5478570911836035,0.0,0.58,-0.12221211936269957,314,nested_validation
2019-03-14,0.01111678879061584,0.06510159589776099,0.037126112638142805,0.060709178613431725,0.009654965373758775,73.22018914993056,0.008381911395707197,-0.14043860696520455,0.013008301797620803,1.0,0.5783646124656376,0.0,0.58,-0.12221211936269957,314,nested_validation
2019-03-15,0.013008301797620803,0.07639802336918833,0.04404613509612032,0.07030732092322611,0.00985692108949482,75.8211227416594,0.019288611820724784,2.5086675107774794,0.010208358653816418,1.0,0.5484738404233073,0.0,0.58,-0.12221211936269957,314,nested_validation
2019-03-18,0.010208358653816418,0.050977953583401625,0.047552685532205485,0.07664946752077717,0.009814496602720286,77.67722912252978,0.01382834828440869,0.18973938552947708,-0.00792437745031871,0.0,0.5533753444383138,0.0,0.58,-0.12221211936269957,314,nested_validation
2019-03-19,-0.00792437745031871,0.03106538185274843,0.0329210166004128,0.06486328470178138,0.01020530836695814,72.94805479438655,0.016458517902266153,1.054099250798346,0.00873830286992927,1.0,0.5958613034750142,1.0,0.58,-0.12221211936269957,314,nested_validation
2019-03-20,0.00873830286992927,0.03549635302088272,0.03413593531685688,0.07116712907635159,0.010240236709624815,74.75854968865546,0.025297670455900215,0.8811264514243344,0.03683030710030821,1.0,0.5539486834896853,0.0,0.58,-0.12221211936269957,314,nested_validation
2019-03-21,0.03683030710030821,0.061829863381114736,0.05907445598282024,0.10608610582547406,0.012136423547037218,80.67915764315316,0.033420495129685875,3.097045655634678,-0.020708466050979313,0.0,0.5052479621405592,0.0,0.58,-0.12221211936269957,314,nested_validation
2019-03-22,-0.020708466050979313,0.026488128338271855,0.02702894127380917,0.07893139880726663,0.013461445316766296,70.3232973594802,0.036168560857009764,1.713089263397641,-0.012091004853144183,0.0,0.5480346098789789,0.0,0.58,-0.12221211936269957,314,nested_validation
2019-03-25,-0.012091004853144183,0.0038294048053388874,0.009272404827467051,0.06222079728616259,0.013955551643568079,65.17221539974595,0.02850476564290599,1.6590737928836388,-0.010331885166782295,0.0,0.5144676004176917,0.0,0.58,-0.12221211936269957,314,nested_validation
2019-03-26,-0.010331885166782295,0.0013933737375955157,-0.004286059833648492,0.04783356900391267,0.014291852328570796,61.10326453009082,0.04443494485833348,2.054265928363213,0.008994232080036246,1.0,0.47450858390624073,0.0,0.58,-0.12221211936269957,314,nested_validation
2019-03-27,0.008994232080036246,0.001647439449601995,0.0010622552818042585,0.053793918638540994,0.014340035911784082,63.23305225843078,0.017031842915516023,-0.21508339797711615,0.0013267074127261136,1.0,0.4721007706509611,0.0,0.58,-0.12221211936269957,314,nested_validation
2019-03-28,0.0013267074127261136,-0.03265141299980834,-0.0002594087004769152,0.05155839939785345,0.014009797263580535,63.5529199241593,0.010756670019956284,-1.1637885832649688,0.0065173540063585556,1.0,0.4550303770014483,0.0,0.58,-0.12221211936269957,314,nested_validation
2019-03-29,0.0065173540063585556,-0.005757625348869255,0.004218772694249084,0.05466053533805493,0.013949771621189723,65.15862113993919,0.008107441798703879,-0.8374390792994482,0.00679154050643227,1.0,0.4668686808822221,0.0,0.58,-0.12221211936269957,314,nested_validation
2019-04-01,0.00679154050643227,0.013245974000858363,0.00932073697083613,0.0577474818586754,0.013960216805765688,66.8102371315023,0.01725573989845292,-0.37209227895169517,0.014536508065397191,1.0,0.531929476781462,0.0,0.58,-0.12221211936269957,314,nested_validation
2019-04-02,0.014536508065397191,0.03870683198416569,0.01996080609476203,0.06857448865261584,0.014056498559781447,70.09956586436041,0.01757552616750148,-0.9616642831309058,0.006855022531990995,1.0,0.5905761813294084,1.0,0.58,-0.12221211936269957,314,nested_validation
2019-04-03,0.006855022531990995,0.0365046275493397,0.02308562286609539,0.07131309036248545,0.013835785217360171,71.55218958067391,0.017148738156375725,-0.9326024404081734,0.0017402971223801078,1.0,0.5809694255078742,1.0,0.58,-0.12221211936269957,314,nested_validation
2019-04-04,0.0017402971223801078,0.036932747207778505,0.024544159674181776,0.06836725669284438,0.013296017590123808,71.92761279307852,0.0165056757485922,-1.3245433433698868,0.00669418140914213,1.0,0.5616016196896251,0.0,0.58,-0.12221211936269957,314,nested_validation
2019-04-05,0.00669418140914213,0.037114918060392244,0.028199655914796562,0.07083628574203282,0.013263728845377673,73.38511993995137,0.005939154455504481,-1.317182132954175,0.015736197031947396,1.0,0.6061539284001776,1.0,0.58,-0.12221211936269957,314,nested_validation
2019-04-08,0.015736197031947396,0.046328977124567405,0.03822386270708589,0.08261253526855361,0.011829820276758106,76.49520561588092,0.019440276216863603,-0.5044016937687076,-0.0029983468569760863,0.0,0.5050913809936056,0.0,0.58,-0.12221211936269957,314,nested_validation
2019-04-09,-0.0029983468569760863,0.02824463351633133,0.02832943222473383,0.07448907872768684,0.011902420982120425,74.67643014627663,0.018145415418429112,0.513066978451152,0.0056138209868539235,1.0,0.5623069514260781,0.0,0.58,-0.12221211936269957,314,nested_validation
2019-04-10,0.0056138209868539235,0.026977063906667098,0.02766626693992147,0.07554890545849058,0.011902495761470712,75.8316105984874,0.012760506827285172,-0.8877133996180897,-0.008324088779002259,0.0,0.575710540930875,0.0,0.58,-0.12221211936269957,314,nested_validation
2019-04-11,-0.008324088779002259,0.016659126700071525,0.013799314840823973,0.06170089604013351,0.01215705161624084,70.65592873765178,0.012867542587898378,-0.9445923379241024,-0.00040185438821527253,0.0,0.5717916333245863,0.0,0.58,-0.12221211936269957,314,nested_validation
2019-04-12,-0.00040185438821527253,0.009492849502883871,0.00880644245544282,0.05678140576370394,0.01201403322759977,70.40817123412367,0.019761616997403003,-0.19851956655400096,0.0018098767282599404,1.0,0.5240478603264497,0.0,0.58,-0.12221211936269957,314,nested_validation
2019-04-15,0.0018098767282599404,-0.004347870959318212,0.006552646180076449,0.054327735271236355,0.011914743586362533,70.90284529272003,0.00923561529959597,-1.167534349201189,0.00010036259099721612,1.0,0.46751765881671586,0.0,0.58,-0.12221211936269957,314,nested_validation
2019-04-16,0.00010036259099721612,-0.001253355870574735,0.004000797319959393,0.05003994726590233,0.011673787647170296,70.93191606689527,0.014102873568851962,-0.32430307655000185,0.01947320953308762,1.0,0.49226277381719646,0.0,0.58,-0.12221211936269957,314,nested_validation
2019-04-17,0.01947320953308762,0.012511389115381188,0.019554987736685847,0.06513445572346188,0.012145468148302222,75.9526503053489,0.0234825193610015,0.005822024857840021,0.0035936503402966835,1.0,0.5290153391138491,0.0,0.58,-0.12221211936269957,314,nested_validation
2019-04-18,0.0035936503402966835,0.024679524344095816,0.019040120211003098,0.0631347903424877,0.00951642756609129,76.76573999738955,0.007995632390578352,-0.3812836282791046,0.003286689766343054,1.0,0.5967031121682596,1.0,0.58,-0.12221211936269957,314,nested_validation
2019-04-22,0.003286689766343054,0.02846061946357703,0.01855547672575031,0.060798164790916154,0.007926592805625231,77.517168600858,0.012712101496276182,-0.8501626862538456,0.014423124337915594,1.0,0.5330478276190723,0.0,0.58,-0.12221211936269957,314,nested_validation
2019-04-23,0.014423124337915594,0.04140941219502703,0.029462727701374147,0.07080731677226959,0.007418085020875222,80.50641051172119,0.018556035197587892,-0.2831357260817153,-0.001542181682072874,0.0,0.5023393189685414,0.0,0.58,-0.12221211936269957,314,nested_validation
2019-04-24,-0.001542181682072874,0.03969902278821724,0.023983267105289086,0.06434945406069259,0.006739589362507278,79.27521365791912,0.006902841525884876,-1.353361407823315,-0.009075113382890243,0.0,0.47124705142619405,0.0,0.58,-0.12221211936269957,314,nested_validation
2019-04-25,-0.009075113382890243,0.010584316133415816,0.012358603801117862,0.050450097754162204,0.007354956874430206,72.28080593759977,0.012860480345612105,-1.0313919788618016,-0.004773922055964608,0.0,0.47741736507916877,0.0,0.58,-0.12221211936269957,314,nested_validation
2019-04-26,-0.004773922055964608,0.002158458292540688,0.00487440950835305,0.041780070078655474,0.0075948610092232615,68.86973599153825,0.01409693998919284,-0.9665650332743746,0.0015172892060737464,1.0,0.43859286479645276,0.0,0.58,-0.12221211936269957,314,nested_validation
2019-04-29,0.0015172892060737464,0.0003910474859700752,0.003565765532057563,0.040091903088983694,0.007590267414762599,69.36225602051435,0.010312304403780035,-0.17012950067110652,-0.019256176659334212,0.0,0.47380897862179494,0.0,0.58,-0.12221211936269957,314,nested_validation
2019-04-30,-0.019256176659334212,-0.03282238228991785,-0.01645374497437946,0.017881925833243217,0.009051239578658036,57.01489260654335,0.02137834915671364,3.320999716950913,0.0490859625813711,1.0,0.4378258548827146,0.0,0.58,-0.12221211936269957,314,nested_validation
2019-05-01,0.0490859625813711,0.01621965740314857,0.02615626242399527,0.06353169225951838,0.013430590681502652,70.94163864465033,0.02888087453763199,3.462929368951838,-0.006507930351913438,0.0,0.5188633207215196,0.0,0.58,-0.12221211936269957,314,nested_validation
2019-05-02,-0.006507930351913438,0.01885237144178431,0.01649532093833561,0.052888690945678496,0.013611955923626549,67.65816742362293,0.021611231869836926,0.49229134228299376,0.012431292974182773,1.0,0.5139968902102585,0.0,0.58,-0.12221211936269957,314,nested_validation
2019-05-03,0.012431292974182773,0.03646603181817287,0.025200381791436355,0.06300569150675517,0.013741278918854164,70.45307106476297,0.007603308667539938,-0.5038586092919712,-0.015442801996742972,0.0,0.6208564261253122,1.0,0.58,-0.12221211936269957,314,nested_validation
2019-05-06,-0.015442801996742972,0.01891410473941746,0.007441769481892013,0.04354621225708821,0.014360846063982472,63.07079069171104,0.02561395072585017,0.46805653394126717,-0.026956974594626537,0.0,0.504790021447572,0.0,0.58,-0.12221211936269957,314,nested_validation
2019-05-07,-0.026956974594626537,0.0109135938544338,-0.017522421727363735,0.013028742642303914,0.015432776160468878,52.82588293728341,0.03248543980115887,0.9549898211534945,0.00019705442695361342,1.0,0.5281935221609534,0.0,0.58,-0.12221211936269957,314,nested_validation
2019-05-08,0.00019705442695361342,-0.036196427254220676,-0.015297202508567032,0.010518515427324182,0.015409119567449035,52.88450691619302,0.017693427530225403,-0.09507762056752156,-0.01074417535635408,0.0,0.4664144845513132,0.0,0.58,-0.12221211936269957,314,nested_validation
2019-05-09,-0.01074417535635408,-0.04030608066267982,-0.023716472677754008,-0.002367515401453746,0.015573781950980917,49.28731338951117,0.025009909242438115,0.6058826154971573,-0.01385354065058464,0.0,0.4762277246909367,0.0,0.58,-0.12221211936269957,314,nested_validation
2019-05-10,-0.01385354065058464,-0.06522174178016538,-0.03425364651748952,-0.01768865206630732,0.015769519508155368,45.07560846477929,0.03083478069223751,1.0535066837160325,-0.058119312485871766,0.0,0.5769819527447297,0.0,0.58,-0.12221211936269957,314,nested_validation
2019-05-13,-0.058119312485871766,-0.10574053969544528,-0.08224398111506659,-0.07424165604230726,0.020210724159756183,32.646391622692065,0.035698845468693466,2.058344718019568,0.015830198615740976,1.0,0.514401701797385,0.0,0.58,-0.12221211936269957,314,nested_validation
2019-05-14,0.015830198615740976,-0.06641767994099579,-0.06250846456160963,-0.05929811890651815,0.02060531023516751,37.41425767424801,0.02273928338205814,0.3928696464306734,0.011979283865113821,1.0,0.5397272514719276,0.0,0.58,-0.12221211936269957,314,nested_validation
2019-05-15,0.011979283865113821,-0.05542016595546695,-0.042334956978183125,-0.04765631084910604,0.0208363299127641,40.8788817089435,0.03001254861980758,-0.3938502740501608,-0.004399868657146255,0.0,0.5033199860815493,0.0,0.58,-0.12221211936269957,314,nested_validation
2019-05-16,-0.004399868657146255,-0.04936237582698921,-0.037731125068318994,-0.05113327787220323,0.020263830401501374,39.99269239158954,0.01909724772645411,0.09933217136606039,-0.005681997897986291,0.0,0.4921710757659962,0.0,0.58,-0.12221211936269957,314,nested_validation
2019-05-17,-0.005681997897986291,-0.04148507128007317,-0.03245329830546695,-0.05559138875503,0.020215616306624135,38.82723877119734,0.02190475867538874,0.05374566855989136,-0.031269757815224564,0.0,0.5162766962949247,0.0,0.58,-0.12221211936269957,314,nested_validation
2019-05-20,-0.031269757815224564,-0.01416133556443766,-0.050758741230901405,-0.08311391636154342,0.021032235468109617,33.13665911037174,0.022229545063224526,0.44231563118629713,0.019171159337795007,1.0,0.5146069255634761,0.0,0.58,-0.12221211936269957,314,nested_validation
2019-05-21,0.019171159337795007,-0.010919013904134967,-0.024732577603853168,-0.06354582021020361,0.021276728988895564,38.867321526939925,0.017684903235893428,-0.4146338428424369,-0.020471532200183384,0.0,0.4533543640009894,0.0,0.58,-0.12221211936269957,314,nested_validation
2019-05-22,-0.020471532200183384,-0.04263555757772841,-0.03494211286184978,-0.08026173210100707,0.021527168361697376,35.31947538268652,0.0172885637554087,-0.36664280981169745,-0.017069791384921484,0.0,0.507453314758437,0.0,0.58,-0.12221211936269957,314,nested_validation
2019-05-23,-0.017069791384921484,-0.05481889617517244,-0.04114333229846978,-0.09288949434542437,0.021657785125397223,32.69444829904741,0.01519534493984231,0.14472076831744904,-0.0038404325783722992,0.0,0.524248391517709,0.0,0.58,-0.12221211936269957,314,nested_validation
2019-05-24,-0.0038404325783722992,-0.05306833675868927,-0.03545154405288864,-0.09344119596127953,0.021661849809227543,32.12581408939042,0.019668124537363704,-1.0622944858761332,-0.004135214298768508,0.0,0.5458374099794553,0.0,0.58,-0.12221211936269957,314,nested_validation
2019-05-28,-0.004135214298768508,-0.02654438065158715,-0.03554693165594469,-0.09414978731865065,0.021596483488277737,31.493102361250877,0.015036709532766753,-0.7148019165589647,-0.004768796238649564,0.0,0.5458688882048569,0.0,0.58,-0.12221211936269957,314,nested_validation
2019-05-29,-0.004768796238649564,-0.04941049501257777,-0.03425136075327262,-0.0952375648245416,0.021396933300313354,30.744224334440702,0.018886041331032905,-0.5903974497480523,0.005186335319963042,1.0,0.5352589841671578,0.0,0.58,-0.12221211936269957,314,nested_validation
2019-05-30,0.005186335319963042,-0.024510657604285724,-0.022526440775985757,-0.08741313803201933,0.017570909131841395,32.612058549992796,0.014357809953882184,-1.3914250774594121,-0.018115490928033218,0.0,0.5105716565999888,0.0,0.58,-0.12221211936269957,314,nested_validation
2019-05-31,-0.018115490928033218,-0.02554844111191734,-0.03227063627152371,-0.09975504742571006,0.01770575716404998,29.59413171842337,0.017136002024859584,-0.6277511162012107,-0.010110278544828266,0.0,0.5226777186219407,0.0,0.58,-0.12221211936269957,314,nested_validation
2019-06-03,-0.010110278544828266,-0.03168165648805921,-0.033668404970220056,-0.10428491750517332,0.017042266514874012,28.061628255168245,0.04414306844645385,0.9269168338556569,0.03658420209943114,1.0,0.5400646922873593,0.0,0.58,-0.12221211936269957,314,nested_validation
2019-06-04,0.03658420209943114,0.007911427233355584,0.0036147366699903483,-0.06764380154296112,0.019717356833900378,40.03911873171163,0.02955910474635488,-0.26217323943230125,0.016142798145379,1.0,0.39486514840477904,-1.0,0.58,-0.12221211936269957,314,nested_validation
2019-06-05,0.016142798145379,0.02908945587802947,0.02213440153367996,-0.04861900302330935,0.019776817534166314,44.583926116636,0.021091301879696735,-0.3606012695429784,0.014682110103725998,1.0,0.4850458851561307,0.0,0.58,-0.12221211936269957,314,nested_validation
2019-06-06,0.014682110103725998,0.03881103819764209,0.03572642809691229,-0.03109135873294888,0.020209773016263408,48.47121206947258,0.01792466959474188,-1.235233223364584,0.026617192016254343,1.0,0.5245145027698852,0.0,0.58,-0.12221211936269957,314,nested_validation
2019-06-07,0.026617192016254343,0.08613717928794351,0.057093778008620255,-0.0028078421000753417,0.021215627728947514,54.75815465050314,0.03234285613404951,-0.18776813738901618,0.012779283961555477,1.0,0.49764550743784725,0.0,0.58,-0.12221211936269957,314,nested_validation
2019-06-10,0.012779283961555477,0.11125230506101635,0.06256318801680272,0.011870000723805063,0.02128325731032876,57.509939144001194,0.01947242685816254,-0.6687446153206896,0.011579512133802039,1.0,0.486136371305721,0.0,0.58,-0.12221211936269957,314,nested_validation
2019-06-11,0.011579512133802039,0.08444645628832204,0.06512334943998743,0.02520568755239183,0.016889896358166876,59.91925180392758,0.01231966493794812,-0.5876684880726164,-0.003182476763605502,0.0,0.5278969904873798,0.0,0.58,-0.12221211936269957,314,nested_validation
2019-06-12,-0.003182476763605502,0.06382216418085829,0.05206424925606101,0.022967678206557984,0.01664812909518959,58.91897390801411,0.013285966314528141,-1.9814123339044951,-0.00020613024787285994,0.0,0.48709957314946206,0.0,0.58,-0.12221211936269957,314,nested_validation
2019-06-13,-0.00020613024787285994,0.048212901029403454,0.04289200749715061,0.025559366844436493,0.01647864965508916,58.850664190376,0.016430529399439443,-1.25664919865008,-0.0072622091023706314,0.0,0.5352652217671428,0.0,0.58,-0.12221211936269957,314,nested_validation
2019-06-14,-0.0072622091023706314,0.013620819766916314,0.025583876861148713,0.020917171109404498,0.01653703119386969,56.37147925882484,0.01706959215713789,-1.5618774422197148,0.00596673215650223,1.0,0.49827616434247657,0.0,0.58,-0.12221211936269957,314,nested_validation
2019-06-17,0.00596673215650223,0.006802607294864149,0.02052228896201047,0.03010930891568009,0.016502469644914634,57.92828630597943,0.014389646468124448,-1.91764333125523,0.023518423077296235,1.0,0.5090752781451552,0.0,0.58,-0.12221211936269957,314,nested_validation
2019-06-18,0.023518423077296235,0.01868514002905952,0.034283464271377406,0.056062120200927046,0.015357303802385343,63.49119438322185,0.025598320233738904,0.00471072315494181,-0.002922557842424678,0.0,0.5391857207436966,0.0,0.58,-0.12221211936269957,314,nested_validation
2019-06-19,-0.002922557842424678,0.01895076090394099,0.023086480405756005,0.05376298674699442,0.015028405297021232,62.361749005232404,0.012988363004187061,-0.8347175585330847,0.008035203794858115,1.0,0.5474176957427351,0.0,0.58,-0.12221211936269957,314,nested_validation
2019-06-20,0.008035203794858115,0.027350005836085156,0.023769394567146662,0.06273231772874666,0.014050085639714452,64.239765689882,0.01293493304026509,-0.6993287760338397,-0.003408990149132207,0.0,0.5771977959373329,0.0,0.58,-0.12221211936269957,314,nested_validation
2019-06-21,-0.003408990149132207,0.03133756886671968,0.015779950551509714,0.05932959187243236,0.013298075061832665,62.79666762907214,0.013582916911218296,2.9010524306064225,-0.0010062107157028377,0.0,0.5682253592852698,0.0,0.58,-0.12221211936269957,314,nested_validation
2019-06-24,-0.0010062107157028377,0.024188765909538334,0.01165607782860767,0.058000560583111094,0.013216289119527193,62.35294284099707,0.010021177735999164,-1.0289703959302532,-0.015157511489679809,0.0,0.5369977032409021,0.0,0.58,-0.12221211936269957,314,nested_validation
2019-06-25,-0.015157511489679809,-0.014512499061788753,-0.004063738935759842,0.040144374330568056,0.013814464593473,55.94624191229643,0.020299642440170077,-0.6037401483065966,0.021629084890839145,1.0,0.4854235968607321,0.0,0.58,-0.12221211936269957,314,nested_validation
2019-06-26,0.021629084890839145,0.009753757517816375,0.014578907245558437,0.06054721699117627,0.014100303607671658,61.87482653606634,0.0182182148851395,0.06471744322303746,-0.0003004339050995952,0.0,0.5589124859978415,0.0,0.58,-0.12221211936269957,314,nested_validation
2019-06-27,-0.0003004339050995952,0.0014039087653590077,0.011403124717518809,0.05857661786651036,0.014167991387487045,61.74783390607193,0.010013016646624951,-0.6094893240741762,-0.009112014883772002,0.0,0.5217104206316902,0.0,0.58,-0.12221211936269957,314,nested_validation
2019-06-28,-0.009112014883772002,-0.0043266579411461725,-0.0004345745435321291,0.047480088977928325,0.013529833650305776,57.86959439969055,0.012378723579771055,0.6918251138438855,0.018340932179572222,1.0,0.5336363047476725,0.0,0.58,-0.12221211936269957,314,nested_validation
2019-07-01,0.018340932179572222,0.014956179081924148,0.013975772531310993,0.06433539747354522,0.01322794078348251,62.87760375196062,0.01905240158043347,0.30777204168537936,0.005854673725750104,1.0,0.547259696172466,0.0,0.58,-0.12221211936269957,314,nested_validation
2019-07-02,0.005854673725750104,0.03661085733679226,0.017720902195079047,0.06687838762518261,0.011444130017250672,64.36066228600068,0.008730845507636354,-1.0571589644825463,0.008286952953807214,1.0,0.5551943419002534,0.0,0.58,-0.12221211936269957,314,nested_validation
2019-07-03,0.008286952953807214,0.023073068494939397,0.022796742541859594,0.07236925611169265,0.011226448573658197,66.41771147253982,0.008561224835614353,-1.6180830619743596,-0.000880584832532838,0.0,0.5364370175882549,0.0,0.58,-0.12221211936269957,314,nested_validation
2019-07-05,-0.000880584832532838,0.02247935333325568,0.019462862833742545,0.06742103842490565,0.011118267370329058,65.9783101116953,0.010674278902099507,-0.7822212897113497,-0.02061402286103642,0.0,0.5566347340829108,0.0,0.58,-0.12221211936269957,314,nested_validation
2019-07-08,-0.02061402286103642,0.010610639759896623,-0.002170002457751896,0.04172210914304153,0.011281905106062947,56.55428116570494,0.014948456006940778,0.3210813993401212,0.00609918036832191,1.0,0.5439322653843023,0.0,0.58,-0.12221211936269957,314,nested_validation
2019-07-09,0.00609918036832191,-0.001538184115099872,0.0025855421204676876,0.0440393708886031,0.011072446121204515,58.4081988202099,0.013416800211396835,-0.28208567756135744,0.009888786123668059,1.0,0.4992595823017543,0.0,0.58,-0.12221211936269957,314,nested_validation
2019-07-10,0.009888786123668059,0.0024662782545874506,0.008650653448246448,0.04982487574014671,0.011007254735570578,61.308580181680796,0.010677548661933321,-0.5826543074949803,-0.007282622274480177,0.0,0.5008489644926714,0.0,0.58,-0.12221211936269957,314,nested_validation
2019-07-11,-0.007282622274480177,-0.013013416377364306,0.0003369375847221967,0.03782441947174475,0.011142540191214474,58.0654229425978,0.013283730734975244,-0.2877953775937152,0.0076832191944600225,1.0,0.5151051187270032,0.0,0.58,-0.12221211936269957,314,nested_validation
2019-07-12,0.0076832191944600225,-0.004553607118229275,0.006246543054522435,0.04133428921551063,0.011197912015838217,60.4265348550736,0.008853925355326005,-0.606395083713053,0.009394795237156917,1.0,0.4736165166631855,0.0,0.58,-0.12221211936269957,314,nested_validation
2019-07-15,0.009394795237156917,0.02594730919849808,0.012048298711406558,0.04573598931968004,0.01106940246063442,63.17764908352445,0.009112592251872664,-0.6765708132109686,-0.0034599594133596367,0.0,0.5107912775437031,0.0,0.58,-0.12221211936269957,314,nested_validation
2019-07-16,-0.0034599594133596367,0.016199588567537893,0.00708148622339877,0.03662391702218004,0.011142043867777032,61.466942280509876,0.012762839170423347,-0.7107984497975087,-0.0056233754617293075,0.0,0.49921172615692067,0.0,0.58,-0.12221211936269957,314,nested_validation
2019-07-17,-0.0056233754617293075,0.0005904913704295467,0.0011126266023473441,0.026681449010555358,0.010193186839881825,58.69478936245577,0.008950046770607251,-0.9829733743426163,0.011359603750218827,1.0,0.48627781004061527,0.0,0.58,-0.12221211936269957,314,nested_validation
2019-07-18,0.011359603750218827,0.019380566488314654,0.011862203982962338,0.034319622252740656,0.010372996421640458,62.366372346239736,0.010600057841835002,-0.375551542419881,-0.014927345283966664,0.0,0.5080709088448885,0.0,0.58,-0.12221211936269957,314,nested_validation
2019-07-19,-0.014927345283966664,-0.0034924650235768073,-0.002437286327537036,0.01592165820949032,0.01089747893693498,55.32755539505232,0.020435359417962172,-0.05552551185948064,0.022853869966797946,1.0,0.4761465930378331,0.0,0.58,-0.12221211936269957,314,nested_validation
2019-07-22,0.022853869966797946,0.009794773473374985,0.016756179345156275,0.036182816181631994,0.011847499187043541,62.247801721598485,0.017469332573412884,0.4867557680920458,0.00781779458508658,1.0,0.5069838201660322,0.0,0.58,-0.12221211936269957,314,nested_validation
2019-07-23,0.00781779458508658,0.02122253009160935,0.02089797977999419,0.04146089651462992,0.011885937017304643,64.32993494926271,0.007757184468417167,-0.38082461320712296,-0.0008139498744635931,0.0,0.5442576166901653,0.0,0.58,-0.12221211936269957,314,nested_validation
2019-07-24,-0.0008139498744635931,0.02616179922295636,0.01736154517103561,0.03822119471694396,0.011206611025930267,63.93149649087523,0.009488645923770923,-1.0280779530157989,-0.007907072221981948,0.0,0.5050835658420493,0.0,0.58,-0.12221211936269957,314,nested_validation
2019-07-25,-0.007907072221981948,0.0066131373944953165,0.006730493032076179,0.027824870115897404,0.010626291043069057,60.04402660230409,0.01212447934413902,-1.1467302638928545,0.003477777229980328,1.0,0.4994238784875073,0.0,0.58,-0.12221211936269957,314,nested_validation
2019-07-26,0.003477777229980328,0.025420722834206044,0.00805514656728401,0.029084915467828543,0.01062026795534184,61.154022349595905,0.012467489503247681,-0.30239884089173746,0.009338708867651091,1.0,0.5171057301729579,0.0,0.58,-0.12221211936269957,314,nested_validation
2019-07-29,0.009338708867651091,0.011871645424000876,0.015266891104112723,0.03579790510638192,0.010412383282635232,64.05198036456204,0.0104921643699403,0.8465631313604343,-0.004292491159923473,0.0,0.5062114617961517,0.0,0.58,-0.12221211936269957,314,nested_validation
2019-07-30,-0.004292491159923473,-0.000287352788967854,0.008818225925602219,0.028829241600406563,0.009894591619378189,61.75038033008785,0.013650762142825639,3.2334225706155357,0.020404551363244483,1.0,0.4616689566958084,0.0,0.58,-0.12221211936269957,314,nested_validation
2019-07-31,0.020404551363244483,0.020942331151810434,0.024605306661418247,0.047312091197316164,0.0106695674564234,67.67165114031674,0.04726808290828625,4.01437284641127,-0.02163927254663567,0.0,0.4910888775328899,0.0,0.58,-0.12221211936269957,314,nested_validation
2019-08-01,-0.02163927254663567,0.006810807562890542,0.0010998953033256598,0.02287899083127498,0.011797532832664522,57.32894007717457,0.05416683626571303,2.235037725864972,-0.021158262860497157,0.0,0.45897743484897413,0.0,0.58,-0.12221211936269957,314,nested_validation
2019-08-02,-0.021158262860497157,-0.017907060616626502,-0.020754207714853257,0.0004903328926173511,0.012752074285009884,49.530288418676555,0.02352704486055484,1.1461640933084292,-0.05234781302291125,0.0,0.49757465554260116,0.0,0.58,-0.12221211936269957,314,nested_validation
2019-08-05,-0.05234781302291125,-0.07792843606927735,-0.06579183621670792,-0.05103929281253339,0.016612067360411317,36.55960628163896,0.03139542867695866,1.7203498860211002,0.018930475910892586,1.0,0.5459898903428922,0.0,0.58,-0.12221211936269957,314,nested_validation
2019-08-06,0.018930475910892586,-0.056422886120132465,-0.042629703336164226,-0.03282500067555483,0.017134898960590263,42.150581880518004,0.020456924051197634,0.5811432912927316,0.010355080600050082,1.0,0.4713635736620856,0.0,0.58,-0.12221211936269957,314,nested_validation
2019-08-07,0.010355080600050082,-0.0657157206200244,-0.028167923526979277,-0.023364415458348997,0.017149894196151205,45.0569821444537,0.028838376346423042,0.37236411885652276,0.02205588609654785,1.0,0.49280334246208773,0.0,0.58,-0.12221211936269957,314,nested_validation
2019-08-08,0.02205588609654785,-0.023989086813286264,-0.0049891636389464145,-0.002416122595079173,0.01778355215667624,50.78711858104965,0.020350978413721948,-0.06699718550994835,-0.008240173788936267,0.0,0.43942412422069577,0.0,0.58,-0.12221211936269957,314,nested_validation
2019-08-09,-0.008240173788936267,-0.011108357035450322,-0.010290334732004247,-0.010961934651816274,0.0178039333706185,48.69859182254396,0.017264546126007068,-0.2505467718204765,-0.002537496887610291,0.0,0.48697823026726383,0.0,0.58,-0.12221211936269957,314,nested_validation
2019-08-12,-0.002537496887610291,0.04086957963427462,-0.008698282249059663,-0.014006810217938148,0.01767113908443894,48.04871862946841,0.014465329295071895,-0.4161143075856823,0.04234830034960124,1.0,0.4981940165356399,0.0,0.58,-0.12221211936269957,314,nested_validation
2019-08-13,0.04234830034960124,0.06479162501001778,0.03278106946721149,0.02637145881418501,0.019995978213695788,58.077927807998165,0.05579750009090878,1.1292025854679204,-0.02976498971097774,0.0,0.4788955182363032,0.0,0.58,-0.12221211936269957,314,nested_validation
2019-08-14,-0.02976498971097774,0.022509940400064377,0.006759094462327475,-0.004306824356752226,0.021086823978232368,50.40116229131564,0.01898893269304863,0.357706743392539,-0.004981495600552277,0.0,0.5193301671220631,0.0,0.58,-0.12221211936269957,314,nested_validation
2019-08-15,-0.004981495600552277,-0.004539452811946565,0.004687860330421234,-0.008959223766515478,0.02095732372809878,49.26248895036584,0.027114112579363844,-0.31175977404243044,0.023594813051901475,1.0,0.4715051616274868,0.0,0.58,-0.12221211936269957,314,nested_validation
2019-08-16,0.023594813051901475,0.02741432529315735,0.02673032805934028,0.013918970994614588,0.02131473904221979,54.481833761857,0.016077517308565246,-0.31154642766008794,0.018644131692346466,1.0,0.503614552312396,0.0,0.58,-0.12221211936269957,314,nested_validation
2019-08-19,0.018644131692346466,0.04923199620126817,0.03672748637070855,0.030951848588874897,0.021121499169845327,58.22502020903077,0.012835735060133533,-0.5465192908998399,4.73557658176027e-05,1.0,0.5284903869928513,0.0,0.58,-0.12221211936269957,314,nested_validation
2019-08-20,4.73557658176027e-05,0.006651695056289597,0.029618588046358862,0.029338920271649416,0.021066932581579927,58.23459019547387,0.01440387321974444,-0.41103835857791954,0.010838519123157697,1.0,0.516921087340805,0.0,0.58,-0.12221211936269957,314,nested_validation
2019-08-21,0.010838519123157697,0.04877921113194583,0.033517305111639306,0.03877074981581896,0.021175761184105826,60.466918544694884,0.009640649919361118,-0.8405147109259862,-0.0008463621147752898,0.0,0.5522218283744703,0.0,0.58,-0.12221211936269957,314,nested_validation
2019-08-22,-0.0008463621147752898,0.053137765285424576,0.027747185216441483,0.035956050131544126,0.021076975103161852,60.19342748511853,0.017367986090557685,-0.8478067589444359,-0.04622069490094016,0.0,0.5181377619755403,0.0,0.58,-0.12221211936269957,314,nested_validation
2019-08-23,-0.04622069490094016,-0.01869275504371104,-0.02053775393095414,-0.011944132181753275,0.023511319136843113,47.55441016707329,0.054530216566524,0.9340731275189557,0.018999280590430212,1.0,0.44123659206992527,0.0,0.58,-0.12221211936269957,314,nested_validation
2019-08-26,0.018999280590430212,-0.01835062360066353,-0.004819603253795157,0.006491769817299042,0.02381142949395735,51.82528328795118,0.010315292876889332,-0.7078358781568983,-0.011283551166794026,0.0,0.427195388561436,0.0,0.58,-0.12221211936269957,314,nested_validation
2019-08-27,-0.011283551166794026,-0.02947307461291515,-0.013762515409453502,-0.004935214826082834,0.0239186857138704,49.21337426758568,0.02458857847969653,-0.6811327389491574,0.0067103570320503625,1.0,0.47394228154353596,0.0,0.58,-0.12221211936269957,314,nested_validation
2019-08-28,0.0067103570320503625,-0.03343660823968786,-0.008476075757527401,0.0012621950711715346,0.02349877255447331,50.78402184785339,0.011677097799536174,-1.4932578079591838,0.01693167908793658,1.0,0.46697084602592315,0.0,0.58,-0.12221211936269957,314,nested_validation
2019-08-29,0.01693167908793658,-0.016238448565147667,0.004788085704986678,0.017533083797312665,0.023334610787143335,54.62294417701647,0.012726681651687215,-0.9605520316016382,-0.0012918200615894548,0.0,0.4876697023374635,0.0,0.58,-0.12221211936269957,314,nested_validation
2019-08-30,-0.0012918200615894548,0.030102774587719372,0.002410647835379809,0.015079244638990241,0.02280389806417299,54.26924387462374,0.015569607715213075,-0.8538266599311669,-0.014563666168348366,0.0,0.5119398655792252,0.0,0.58,-0.12221211936269957,314,nested_validation
2019-09-03,-0.014563666168348366,-0.003825889777504865,-0.0099773544811812,0.0004152688574685648,0.01959603522385639,50.318490569624764,0.013417571938663667,-0.9401182631956879,0.016966502908048797,1.0,0.49253430457582936,0.0,0.58,-0.12221211936269957,314,nested_validation
2019-09-04,0.016966502908048797,0.024637247975441978,0.007387148928299947,0.017200750203088866,0.019523181475347696,54.42079392667159,0.010325485817255163,-0.943219380324874,0.019551709833824704,1.0,0.49591079908580116,0.0,0.58,-0.12221211936269957,314,nested_validation
2019-09-05,0.019551709833824704,0.03770727184395861,0.026766830292593857,0.03618186196497808,0.01978836423199387,58.72240476163538,0.011534165078521076,-0.30859034982508626,-9.385735633471448e-05,0.0,0.5574295800301214,0.0,0.58,-0.12221211936269957,314,nested_validation
2019-09-06,-9.385735633471448e-05,0.02033390907182997,0.026275222577627266,0.03490748586335224,0.019353376898789472,58.69320833333611,0.008956221097755554,-0.8142535043854019,0.0042669622308619815,1.0,0.5146882707739597,0.0,0.58,-0.12221211936269957,314,nested_validation
2019-09-09,0.0042669622308619815,0.026013059578523512,0.024967167072334373,0.03811160748392517,0.019189840071229265,59.67472489857438,0.025073517127041367,0.14345946107469312,0.011813085487607289,1.0,0.5493554376803296,0.0,0.58,-0.12221211936269957,314,nested_validation
2019-09-10,0.011813085487607289,0.053475911047620395,0.03203241364065601,0.049050532915609235,0.019223957005452423,62.35317138329789,0.023396364267788294,0.6310116051322724,0.03179533972849646,1.0,0.5515378847604117,0.0,0.58,-0.12221211936269957,314,nested_validation
2019-09-11,0.03179533972849646,0.06883710764015949,0.055083008417999624,0.07968746765085255,0.018288506470826454,68.49112532881081,0.026745431746826042,2.2720702743078682,-0.0022363895120621757,0.0,0.5559877559676945,0.0,0.58,-0.12221211936269957,314,nested_validation
2019-09-12,-0.0022363895120621757,0.04599576584138987,0.04407199903977621,0.07539366124136082,0.016695478510414485,67.6293527281389,0.015957674557498962,0.7850412636932161,-0.01945399488951194,0.0,0.5272968580814373,0.0,0.58,-0.12221211936269957,314,nested_validation
2019-09-13,-0.01945399488951194,0.025743243107336555,0.01911512928840864,0.052594082334407544,0.017407914138474225,60.51265848022663,0.017234235491071462,1.5774353598075592,0.005257272025825044,1.0,0.5444391176972156,0.0,0.58,-0.12221211936269957,314,nested_validation
2019-09-16,0.005257272025825044,0.02675473070871104,0.01917395831448787,0.05530918497027404,0.016836219753752737,61.66387136134257,0.011687164145300227,-0.6517604019290487,0.0036381658823601004,1.0,0.5425096962716225,0.0,0.58,-0.12221211936269957,314,nested_validation
2019-09-17,0.0036381658823601004,0.01845909043854599,0.015819792472885785,0.05441026614833078,0.01646561057007152,62.4832911206454,0.00770281934996988,-0.9376163081366098,0.009379000598344067,1.0,0.5287213003049221,0.0,0.58,-0.12221211936269957,314,nested_validation
2019-09-18,0.009379000598344067,-0.0036675111096489132,0.01897804887004928,0.05982428254229055,0.016520452687696065,64.59208645892522,0.01530728373079678,-0.09744326457456567,-0.008124897214812021,0.0,0.5383580030482908,0.0,0.58,-0.12221211936269957,314,nested_validation
2019-09-19,-0.008124897214812021,-0.009547572753169531,0.00716086823449924,0.04744710301886701,0.016587866476301366,61.345033526377776,0.01534214014592394,-0.48944423990012664,-0.014618168562273492,0.0,0.5214834449531923,0.0,0.58,-0.12221211936269957,314,nested_validation
2019-09-20,-0.014618168562273492,-0.0046628902409832085,-0.009579935451645372,0.029683378417206585,0.016975525651479334,55.94055735388765,0.02337756137312416,2.624142143008366,0.00454697193851028,1.0,0.5148393038655256,0.0,0.58,-0.12221211936269957,314,nested_validation
2019-09-23,0.00454697193851028,-0.005366180886714922,-0.00713150408019303,0.03148238888109711,0.012999244673538057,57.185595474226886,0.010012812862031619,-0.75204599755922,-0.004754907372972017,0.0,0.4614436756949796,0.0,0.58,-0.12221211936269957,314,nested_validation
2019-09-24,-0.004754907372972017,-0.013683953954570782,-0.012291915331367087,0.023809571845103905,0.012646668740107203,55.41410550934852,0.024347681137842504,0.45784956558778206,0.015389613124151547,1.0,0.4998287891657764,0.0,0.58,-0.12221211936269957,314,nested_validation
2019-09-25,0.015389613124151547,-0.007810675852637505,0.004074847105726143,0.03760378580324386,0.012505030779825824,59.740452128473464,0.019725831943315092,-0.4707471584436187,-0.005157613965802277,0.0,0.5169702083167077,0.0,0.58,-0.12221211936269957,314,nested_validation
2019-09-26,-0.005157613965802277,-0.004842452582266343,0.00035037269841464713,0.02949105684882225,0.012645761002465512,57.68902745057308,0.009595709746729358,-0.8095457860997713,-0.004866088284930403,0.0,0.4952718471097279,0.0,0.58,-0.12221211936269957,314,nested_validation
2019-09-27,-0.004866088284930403,0.005006375538363583,-0.004549134889885176,0.021757932847801698,0.01237431866066708,55.753801540528215,0.016817511248492824,-0.1599138329871677,0.023535256817956096,1.0,0.5062763916788682,0.0,0.58,-0.12221211936269957,314,nested_validation
2019-09-30,0.023535256817956096,0.024003344219236666,0.016996079129746322,0.04296928440866199,0.013164550743300618,62.307655652825005,0.016921947244118378,-0.12103150971207557,0.002768222297649281,1.0,0.5303531894939261,0.0,0.58,-0.12221211936269957,314,nested_validation
2019-10-01,0.002768222297649281,0.03174385959457671,0.018013194639274532,0.04354980023872623,0.012492783550639633,63.01785844377463,0.01789930245340459,0.7301131737435242,-0.025067979955462838,0.0,0.5433789047386318,0.0,0.58,-0.12221211936269957,314,nested_validation
2019-10-02,-0.025067979955462838,-0.00936535867429733,-0.005789350925034298,0.016036768591731976,0.013693479253823568,53.21282341233194,0.025803840802109443,0.6359881949064041,0.008494685805824354,1.0,0.5068068283269651,0.0,0.58,-0.12221211936269957,314,nested_validation
2019-10-03,0.008494685805824354,0.0042291978880237835,0.0027199111635594075,0.02337285873181405,0.013203409872703785,55.66696691238428,0.02640160147488259,-0.028600567950919666,0.028031858763883255,1.0,0.4850794797266235,0.0,0.58,-0.12221211936269957,314,nested_validation
2019-10-04,0.028031858763883255,0.03742782431213465,0.026502387878284406,0.049700502567395555,0.014370343154791106,62.68233483408814,0.015858359502348672,0.5450548703346151,0.00022024178026458507,1.0,0.5309868465692329,0.0,0.58,-0.12221211936269957,314,nested_validation
2019-10-07,0.00022024178026458507,0.013796351763203374,0.022871011192723945,0.04599460859575433,0.014382827490271293,62.7336303219893,0.01801284410229588,0.08510353831530787,-0.011714884471293652,0.0,0.5414175791487853,0.0,0.58,-0.12221211936269957,314,nested_validation
2019-10-08,-0.011714884471293652,-0.0008460356579979011,0.007837214855953345,0.03090571078659754,0.014577175647816965,58.15368234436271,0.016622084799430576,-0.18118076777029435,0.011720152698561748,1.0,0.5014307468030462,0.0,0.58,-0.12221211936269957,314,nested_validation
2019-10-09,0.011720152698561748,0.03685608902996651,0.016908911166111595,0.03934808480426333,0.01309685221050468,61.17201547230636,0.009470087248577482,-1.0993806676142346,0.013478490216515038,1.0,0.5275864372446626,0.0,0.58,-0.12221211936269957,314,nested_validation
2019-10-10,0.013478490216515038,0.04198005053664522,0.025928085334325113,0.04942382200048767,0.013356977646047537,64.3903466388281,0.013646831412163074,0.014162970274765367,0.026598335076906565,1.0,0.5191566955758726,0.0,0.58,-0.12221211936269957,314,nested_validation
2019-10-11,0.026598335076906565,0.04052707700176117,0.04511239100908471,0.07290004318706078,0.013491760708119228,69.78455061791941,0.022564674144017898,1.5210029249041406,-0.0014394071211137893,0.0,0.5280535321839073,0.0,0.58,-0.12221211936269957,314,nested_validation
2019-10-14,-0.0014394071211137893,0.038800547635462035,0.03814205475646615,0.06697298615840253,0.013537875927370952,69.15777075121582,0.014669126152091379,-0.4869823669766063,-0.0023317239332621975,0.0,0.5733873911323949,0.0,0.58,-0.12221211936269957,314,nested_validation
2019-10-15,-0.0023317239332621975,0.04866332119372219,0.030853041340191956,0.05975195573458514,0.013599480987379163,68.09238499181075,0.011771158114301019,-0.7809352135089789,-0.004037292157094141,0.0,0.5339987295930775,0.0,0.58,-0.12221211936269957,314,nested_validation
2019-10-16,-0.004037292157094141,0.032330490013297464,0.01980690810980712,0.051498871015524195,0.013614177093975492,66.19534177651661,0.008704222329747735,-1.0999174750809506,0.0038826315534024047,1.0,0.5184141667054352,0.0,0.58,-0.12221211936269957,314,nested_validation
2019-10-17,0.0038826315534024047,0.022556136071485433,0.017365256947467822,0.05211988795620637,0.013389405329109184,67.13965180446924,0.011178126647690415,-1.2152627049484592,0.004802900323004788,1.0,0.5023676894233109,0.0,0.58,-0.12221211936269957,314,nested_validation
2019-10-18,0.004802900323004788,0.0008465201638401254,0.01811331510220726,0.053537648965654494,0.012748390584497662,68.32303824892354,0.013916536922964386,-0.30989812227713526,0.01734274886893994,1.0,0.5416791646955399,0.0,0.58,-0.12221211936269957,314,nested_validation
2019-10-21,0.01734274886893994,0.01967167268625647,0.029805232529149572,0.06763154054154796,0.013066611729964608,72.2305605672643,0.015259233515308243,-0.7308118940256563,-0.0022866078209965446,0.0,0.5682962033063111,0.0,0.58,-0.12221211936269957,314,nested_validation
2019-10-22,-0.0022866078209965446,0.019717783826364466,0.020650459623506645,0.061536753145528866,0.012986772116920408,70.96601611917286,0.010751799295168027,-0.8363913278540844,0.013418661032473356,1.0,0.551504694885225,0.0,0.58,-0.12221211936269957,314,nested_validation
2019-10-23,0.013418661032473356,0.037590085430502684,0.027289501434249352,0.07268245469140111,0.01291459468420688,73.8523930496151,0.008306621980839072,-1.0430134730422052,0.0016449069394126603,1.0,0.5750045603474442,0.0,0.58,-0.12221211936269957,314,nested_validation
2019-10-24,0.0016449069394126603,0.0352772245437607,0.023148678464624872,0.0712195931068873,0.012734352414565922,74.19559207277148,0.012275250310729206,-1.2626428076081144,0.012316216360237497,1.0,0.5874336404911307,1.0,0.58,-0.12221211936269957,314,nested_validation
2019-10-25,0.012316216360237497,0.043018409378762446,0.03125798971425642,0.08000685859180301,0.012604547213996899,76.66892867039708,0.015613556720485389,-1.0242473710757953,0.010017300178620125,1.0,0.4939716955988395,0.0,0.58,-0.12221211936269957,314,nested_validation
2019-10-28,0.010017300178620125,0.03550808127207694,0.03587843908045829,0.08620289563584693,0.01199764748167152,78.49649378500088,0.010158597664305685,-0.172690273340398,-0.023128102329376787,0.0,0.5051628749812364,0.0,0.58,-0.12221211936269957,314,nested_validation
2019-10-29,-0.023128102329376787,0.013877083674579183,0.008577153720481734,0.05760778176493653,0.01351277605249201,65.59321937893975,0.029512075604921768,1.4848151243769012,-0.00012322408270049046,0.0,0.5191730526633711,0.0,0.58,-0.12221211936269957,314,nested_validation
2019-10-30,-0.00012322408270049046,0.0003290728514504515,0.0047499450138503985,0.054347023654923055,0.011806665118462005,65.53284028949442,0.016813271521206458,0.87587991528948,0.022609736176531392,1.0,0.5228587883270736,0.0,0.58,-0.12221211936269957,314,nested_validation
2019-10-31,0.022609736176531392,0.02126636115388525,0.02177806928007331,0.07387243123015641,0.01238168920848125,70.83673425357667,0.047877488041117015,1.3159601028847285,0.028380742183915064,1.0,0.470176172619818,0.0,0.58,-0.12221211936269957,314,nested_validation
2019-11-01,0.028380742183915064,0.03747291753070381,0.04246567602001727,0.0983297462726942,0.012412851402125379,75.9522229923715,0.026463876240499784,1.6626164701017654,0.006566907127841137,1.0,0.49827033365187406,0.0,0.58,-0.12221211936269957,314,nested_validation
2019-11-04,0.006566907127841137,0.03392873136242103,0.04209658066390354,0.09944059792113147,0.012340195946591912,76.98666530340694,0.009592237750303339,0.053351748410649324,-0.001436698370156253,0.0,0.5222822184083957,0.0,0.58,-0.12221211936269957,314,nested_validation
2019-11-05,-0.001436698370156253,0.05688708018021926,0.03341852745792262,0.09173137224109196,0.01177684340337117,76.20921810702352,0.007272566723746452,-0.6964367554058116,0.00042762585351385773,1.0,0.5204732231834208,0.0,0.58,-0.12221211936269957,314,nested_validation
2019-11-06,0.00042762585351385773,0.05746933810912158,0.028051142116187755,0.086629554654444,0.011802878358192418,76.28586970875894,0.008241312384034652,-0.838429610820478,0.01154133339262331,1.0,0.539579608637272,0.0,0.58,-0.12221211936269957,314,nested_validation
2019-11-07,0.01154133339262331,0.04602362607279131,0.033050892555239963,0.09296578334725503,0.011751698558122312,78.31724161175867,0.008634393922034108,-0.15061366194639567,0.002736880165421729,1.0,0.4875372409506311,0.0,0.58,-0.12221211936269957,314,nested_validation
2019-11-08,0.002736880165421729,0.01993981835957981,0.030013818265137715,0.08953470635219718,0.010796553157190662,78.7866592669766,0.013800246543163622,-0.977697759321204,0.007918735598611004,1.0,0.5062356883188093,0.0,0.58,-0.12221211936269957,314,nested_validation
2019-11-11,0.007918735598611004,0.021309606771226175,0.03248962291662294,0.09223071586171949,0.010707796461517172,80.13066161465314,0.015980176378092036,-0.4728137717186612,-0.0009155229375799045,0.0,0.5022095569685618,0.0,0.58,-0.12221211936269957,314,nested_validation
2019-11-12,-0.0009155229375799045,0.02184265407552277,0.02372451304808454,0.08549679163331492,0.010660261518337013,79.49857890046579,0.0071384760199465595,-0.2516461034165852,0.009581680647005264,1.0,0.5270147364286035,0.0,0.58,-0.12221211936269957,314,nested_validation
2019-11-13,0.009581680647005264,0.03119265941724203,0.024748048123140354,0.08895385514594323,0.010456964295703615,81.1710571529325,0.014028023737868574,0.3051216911457653,-0.006919455293234789,0.0,0.521631382027564,0.0,0.58,-0.12221211936269957,314,nested_validation
2019-11-14,-0.006919455293234789,0.012373230935696533,0.011923174348032806,0.07515021548837009,0.010838082700076725,76.2848574521706,0.010584825709129312,-0.2936040022971309,0.011879387434822197,1.0,0.5283496684541112,0.0,0.58,-0.12221211936269957,314,nested_validation
2019-11-15,0.011879387434822197,0.02160359814992452,0.01973799868285986,0.0821002899616412,0.010917429655387507,78.64511083353594,0.010422896266879176,0.1589434831178952,0.005042039244893326,1.0,0.5011853741498574,0.0,0.58,-0.12221211936269957,314,nested_validation
2019-11-18,0.005042039244893326,0.018687843891226796,0.020817395226928825,0.08157879287492742,0.010607626926355846,79.58485774506262,0.01198046280917338,-0.4009325488254267,-0.0030323681909594224,0.0,0.5116031050401871,0.0,0.58,-0.12221211936269957,314,nested_validation
2019-11-19,-0.0030323681909594224,0.016529463317286774,0.013874280690177931,0.07213971566986932,0.010636077676626715,77.36858670822672,0.009801289075110825,-0.8185725059473252,-0.011641370830154485,0.0,0.5122002603404725,0.0,0.58,-0.12221211936269957,314,nested_validation
2019-11-20,-0.011641370830154485,-0.00483964186913699,-0.00048595513855376193,0.05444522108997818,0.011087272471688248,69.40232813048512,0.02158133904438794,0.3622303640934998,-0.004483721720734191,0.0,0.5277392430109475,0.0,0.58,-0.12221211936269957,314,nested_validation
2019-11-21,-0.004483721720734191,-0.0023988071279460454,-0.005941467047025473,0.0451659118712322,0.011236605193674335,66.5914502544004,0.010801179284620765,0.9016626481727592,-0.0008778588827790257,0.0,0.4951951481296334,0.0,0.58,-0.12221211936269957,314,nested_validation
2019-11-22,-0.0008778588827790257,-0.014976041432979592,-0.007431670435879334,0.040612515001182015,0.011107753358639186,66.03010631111651,0.008938789627940435,-1.4315874241238935,0.01753375807216151,1.0,0.44437917640625396,0.0,0.58,-0.12221211936269957,314,nested_validation
2019-11-25,0.01753375807216151,-0.0027331283526603745,0.008377459311350366,0.05449808146467716,0.01145358372784879,71.24024535125908,0.014716422643660639,-0.6222798427162419,-0.007808456386055762,0.0,0.513658438619278,0.0,0.58,-0.12221211936269957,314,nested_validation
2019-11-26,-0.007808456386055762,-0.007510650090645776,-0.00037814738622543587,0.042183098961916965,0.010070348917973005,66.27938199760194,0.017632159792061487,0.35799518283817905,0.013432280144567654,1.0,0.5198422249807875,0.0,0.58,-0.12221211936269957,314,nested_validation
2019-11-27,0.013432280144567654,0.017667793058738335,0.01175941416662063,0.05145919550229938,0.0102018526492453,70.10573079115625,0.009968688262547707,-1.301543671854882,-0.002202791929956316,0.0,0.5193707929860408,0.0,0.58,-0.12221211936269957,314,nested_validation
2019-11-29,-0.002202791929956316,0.019999476464573673,0.007775746156513774,0.04467637663736057,0.009470689961520916,68.71028196734298,0.007857833876578475,-1.9447064105531424,-0.011562509742356064,0.0,0.4810907078986631,0.0,0.58,-0.12221211936269957,314,nested_validation
2019-12-02,-0.011562509742356064,0.00909156257249566,-0.003275284840612569,0.028782557921911422,0.008199981981688084,61.77478999283291,0.018170759109726722,0.44609241892880785,-0.017829760383644144,0.0,0.4909916214590619,0.0,0.58,-0.12221211936269957,314,nested_validation
2019-12-03,-0.017829760383644144,-0.025978554574516588,-0.018212758921881123,0.007867311589187187,0.009157241053716816,52.99441727818944,0.012487917062765844,1.51489533093634,0.008826254437791725,1.0,0.4974183285503657,0.0,0.58,-0.12221211936269957,314,nested_validation
2019-12-04,0.008826254437791725,-0.00964847679350389,-0.00783897954243784,0.013809528950473604,0.009316627606095798,56.250372500585144,0.01004815840505482,-1.0682693299030546,0.014671206232745204,1.0,0.450681115933744,0.0,0.58,-0.12221211936269957,314,nested_validation
2019-12-05,0.014671206232745204,-0.008437767047420275,0.005805991609039385,0.0256207423498247,0.009772606019480155,61.11452148924438,0.011898500722491323,-0.6674213518230525,0.019315822986082143,1.0,0.470606565472177,0.0,0.58,-0.12221211936269957,314,nested_validation
2019-12-06,0.019315822986082143,0.012946383643344328,0.02186705143402401,0.04169570274375545,0.010293324620048633,66.47665124423689,0.013667808074402921,1.003136138982854,-0.013999947105537758,0.0,0.5242133989456683,0.0,0.58,-0.12221211936269957,314,nested_validation
2019-12-09,-0.013999947105537758,0.010448508576152538,0.005609826859324096,0.02434257154673891,0.010878034373333269,59.90438548946306,0.02206647622717136,1.8661181186351625,0.005844391980520447,1.0,0.49457488937639243,0.0,0.58,-0.12221211936269957,314,nested_validation
2019-12-10,0.005844391980520447,0.03480427805815056,0.010683553833688464,0.027676930173668346,0.01082463325924038,61.5877950254474,0.015680951282703106,-0.007598901863074094,0.008529395002458529,1.0,0.5187577497044598,0.0,0.58,-0.12221211936269957,314,nested_validation
2019-12-11,0.008529395002458529,0.03449977427237649,0.01682367012768493,0.032725463354427164,0.010925731709886168,63.97861920283802,0.009602268379101435,-0.5588418160727177,0.002548433038933373,1.0,0.4737305935877647,0.0,0.58,-0.12221211936269957,314,nested_validation
2019-12-12,0.002548433038933373,0.02214009947770501,0.018031046377150695,0.03156344618787266,0.010779071068123007,64.6917719636433,0.01930299270359384,2.001493502561649,0.013593426066884184,1.0,0.4923177754408164,0.0,0.58,-0.12221211936269957,314,nested_validation
2019-12-13,0.013593426066884184,0.01640184718696247,0.028821499944697182,0.04200444555349092,0.01091719539104766,68.30547310815125,0.015882228653915587,1.616291062451173,0.01711754000384791,1.0,0.5237114644650164,0.0,0.58,-0.12221211936269957,314,nested_validation
2019-12-16,0.01711754000384791,0.04847879412520095,0.04032522031312746,0.05653263719618873,0.011200881396541067,72.21439552139628,0.013613941820970166,1.2810199771885546,0.001965780299657549,1.0,0.5565049251487517,0.0,0.58,-0.12221211936269957,314,nested_validation
2019-12-17,0.001965780299657549,0.04443578098076828,0.034311426383237364,0.05546424229989433,0.011188102757825323,72.63887450141553,0.010591637894209877,0.6716356798897074,-0.0023898728319676765,0.0,0.5405710165853557,0.0,0.58,-0.12221211936269957,314,nested_validation
2019-12-18,-0.0023898728319676765,0.033127757550911685,0.025033932974428463,0.04986218925705921,0.011173092391521472,71.21173865182496,0.009937795368362132,0.6704166472631725,0.0010010913481133255,1.0,0.5442240002391892,0.0,0.58,-0.12221211936269957,314,nested_validation
2019-12-19,0.0010010913481133255,0.031533219473228735,0.02065962080138517,0.047826192588698246,0.010701170141955272,71.46404781679996,0.007963647440330264,-0.0036708488327360594,-0.0020711143301042068,0.0,0.5859399611463989,1.0,0.58,-0.12221211936269957,314,nested_validation
2019-12-20,-0.0020711143301042068,0.015591429232959753,0.01531489532280439,0.04305266704336774,0.010627657287523868,70.09396191404434,0.014636402455472507,3.6678746649964387,0.016317956815271373,1.0,0.48924717932108014,0.0,0.58,-0.12221211936269957,314,nested_validation
2019-12-23,0.016317956815271373,0.014793045760707502,0.025518586496626527,0.05693543646174026,0.01094713197711284,74.27067432969523,0.013661989023987646,-0.2045478667849949,0.0009509377473204683,1.0,0.562510813786339,0.0,0.58,-0.12221211936269957,314,nested_validation
2019-12-24,0.0009509377473204683,0.013765211093194507,0.020674163898020348,0.05505192870209119,0.010521112981113665,74.49784546798456,0.0069300358702598696,-1.2268614814967505,0.019840171351645397,1.0,0.5736733009329105,0.0,0.58,-0.12221211936269957,314,nested_validation
2019-12-26,0.019840171351645397,0.036355243833124495,0.033819855108760954,0.07227658715780194,0.010782258832286545,78.72286487001914,0.018212544281330505,-0.2626222149408628,-0.0003793957925312119,0.0,0.5390864564269083,0.0,0.58,-0.12221211936269957,314,nested_validation
2019-12-27,-0.0003793957925312119,0.03492599954995934,0.026712880069427403,0.0685328484333727,0.01064192560462571,78.44989914767237,0.020186357315152226,0.7836968001998462,0.005935009714229,1.0,0.5690069030385008,0.0,0.58,-0.12221211936269957,314,nested_validation
2019-12-30,0.005935009714229,0.04322894182178327,0.026851130904260723,0.0710728454713212,0.010552012235435842,79.63883559449431,0.025624319093785243,0.6585249826436024,0.00730661121334486,1.0,0.540285057225312,0.0,0.58,-0.12221211936269957,314,nested_validation
2019-12-31,0.00730661121334486,0.03397898567012114,0.02935394952688708,0.07522612250357241,0.009905350876952733,81.03432579473112,0.01416653753984357,-0.30907237558314327,0.02281645374682917,1.0,0.5036171096864264,0.0,0.58,-0.12221211936269957,314,nested_validation
2020-01-02,0.02281645374682917,0.056565990888585826,0.045532206161488675,0.09531388612418845,0.009074986714115944,84.60788507908482,0.01801233078798351,0.43581371984505507,-0.00972223555305185,0.0,0.4670408984882805,0.0,0.58,-0.12221211936269957,314,nested_validation
2020-01-03,-0.00972223555305185,0.025939001854690336,0.029030559971887415,0.08057461822880119,0.009799388049395306,77.73339158276069,0.013717468556417743,0.6009559093589497,0.00796824206277913,1.0,0.5162546180089125,0.0,0.58,-0.12221211936269957,314,nested_validation
2020-01-06,0.00796824206277913,0.034506419546036726,0.0301802445285837,0.08437730063634352,0.009625899785909364,79.20986383836876,0.024049338721311406,-0.08217351757252145,-0.004702975606596382,0.0,0.519758387767334,0.0,0.58,-0.12221211936269957,314,nested_validation
2020-01-07,-0.004702975606596382,0.023566285243964202,0.018701925084514404,0.07456422037018084,0.009400887983459956,75.98193959033537,0.011461452268051517,-0.30689194118449364,0.01608639743431306,1.0,0.5783543798845948,0.0,0.58,-0.12221211936269957,314,nested_validation
2020-01-08,0.01608639743431306,0.032487792426973305,0.028351941961662686,0.08644948221725679,0.008627827719913253,79.10393359320537,0.024011341801099713,0.22814087152411652,0.02124068566269921,1.0,0.5063539446030364,0.0,0.58,-0.12221211936269957,314,nested_validation
2020-01-09,0.02124068566269921,0.030897124517202723,0.04123860024805959,0.1038226736411576,0.009208737079115922,82.40790801996137,0.013661403617362374,1.0065893166493647,0.002260821468974328,1.0,0.47989241309821257,0.0,0.58,-0.12221211936269957,314,nested_validation
2020-01-10,0.002260821468974328,0.043371704347672235,0.036475239015419714,0.10029843490526624,0.009264584346703592,82.72760261018456,0.014242946601955587,0.26737462493036246,0.02136407411286556,1.0,0.476003827933631,0.0,0.58,-0.12221211936269957,314,nested_validation
2020-01-13,0.02136407411286556,0.05723804609733962,0.04910198155482326,0.11731894524995967,0.009720640390619654,85.42848541683955,0.01867747850622152,-0.16618164475230812,-0.013502997423355367,0.0,0.4792126681310364,0.0,0.58,-0.12221211936269957,314,nested_validation
2020-01-14,-0.013502997423355367,0.04789036631618648,0.027737950536737666,0.09637910748080558,0.010664693732339907,77.05223366327074,0.01727003333431585,0.745916510354029,-0.004285543930953928,0.0,0.4945888733114328,0.0,0.58,-0.12221211936269957,314,nested_validation
2020-01-15,-0.004285543930953928,0.026880773870381125,0.01741778214464329,0.08569358197479637,0.010616326281688113,74.5864049253597,0.019110979241400806,-0.18028939874278477,0.012526531716976042,1.0,0.5472107736413384,0.0,0.58,-0.12221211936269957,314,nested_validation
2020-01-16,0.012526531716976042,0.01811849356463413,0.025174156522483226,0.09221061376577544,0.01069472927952321,76.90313336579098,0.011451643132131343,-0.47799269546752143,0.011070982132493912,1.0,0.5253440938250455,0.0,0.58,-0.12221211936269957,314,nested_validation
2020-01-17,0.011070982132493912,0.027068047723259436,0.029393361757957148,0.09708171811469835,0.01057295386934375,78.76838906037501,0.011734038545041363,0.17076564371646064,-0.006777067718794383,0.0,0.5156091539519962,0.0,0.58,-0.12221211936269957,314,nested_validation
2020-01-21,-0.006777067718794383,-0.00123025288698142,0.01690934264217514,0.0833090223898838,0.010909484696434596,74.74502260642875,0.009539719315794058,-0.4760718795474841,0.0035696162224752026,1.0,0.4937363075564059,0.0,0.58,-0.12221211936269957,314,nested_validation
2020-01-22,0.0035696162224752026,0.01605475656471178,0.014248036894898064,0.08137978780823008,0.010763634247452664,75.45146116768885,0.00843560772051469,-0.7615794887962589,0.004815915885552302,1.0,0.5171359792207454,0.0,0.58,-0.12221211936269957,314,nested_validation
2020-01-23,0.004815915885552302,0.025342139590918134,0.013940460176909308,0.08017671562989048,0.010528087084851085,76.41347417356319,0.012248233335044472,-0.6805727450151651,-0.002881932463682624,0.0,0.5217071538710069,0.0,0.58,-0.12221211936269957,314,nested_validation
2020-01-24,-0.002881932463682624,0.009738649572720082,0.008238678359647977,0.07104410949606188,0.010650946987803162,74.52235897454827,0.018252639260958978,0.8969771817687834,-0.029405512288266267,0.0,0.5581019065438648,0.0,0.58,-0.12221211936269957,314,nested_validation
2020-01-27,-0.029405512288266267,-0.030684507196801603,-0.02098114174902166,0.03511688383808065,0.012614980173958712,58.625514470441345,0.02230129101351932,1.4840539910756925,0.028289403188851203,1.0,0.5365407468625468,0.0,0.58,-0.12221211936269957,314,nested_validation
2020-01-28,0.028289403188851203,0.0035378938613828126,0.006481875336257437,0.05893243694892192,0.013701438020284045,65.93310803954093,0.019547330439595643,1.402118675414306,0.020932350980549463,1.0,0.4956683127970598,0.0,0.58,-0.12221211936269957,314,nested_validation
2020-01-29,0.020932350980549463,0.02090007979162034,0.02376808599578295,0.0752219001947183,0.014151585259077538,70.24004326512622,0.019948206492432872,2.84634618180274,-0.0014490798743258537,0.0,0.5169952449729163,0.0,0.58,-0.12221211936269957,314,nested_validation
2020-01-30,-0.0014490798743258537,0.014534799773621376,0.018257314500907285,0.06846757900446931,0.014222584284432573,69.57059425174208,0.016488086017225616,-0.3655609747160092,-0.04433854344720467,0.0,0.5566203261442446,0.0,0.58,-0.12221211936269957,314,nested_validation
2020-01-31,-0.04433854344720467,-0.027645936783866176,-0.025134492464756963,0.017836121449094744,0.017231442519195245,52.961760283880956,0.04649279078811101,1.9507285555401699,-0.0027463397234110953,0.0,0.4457356725224874,0.0,0.58,-0.12221211936269957,314,nested_validation
2020-02-03,-0.0027463397234110953,-0.0009384342237281906,-0.02471845073375567,0.011833125933161437,0.017067480600465566,52.16783823824307,0.03651263163337849,1.0329272553114621,0.03301337549853689,1.0,0.4769301336600112,0.0,0.58,-0.12221211936269957,314,nested_validation
2020-02-04,0.03301337549853689,0.003651265094150924,0.00675361431885535,0.04082094202635278,0.018331307595099332,59.923685111026096,0.018849018819443973,-0.1809486145472654,0.008154559782436399,1.0,0.5013392906929622,0.0,0.58,-0.12221211936269957,314,nested_validation
2020-02-05,0.008154559782436399,-0.0089102393863153,0.01376290335256014,0.0445337111284112,0.01826632525908762,61.63317409226086,0.018074342317497855,-0.7821729069110491,0.011696860824622402,1.0,0.4920871189566021,0.0,0.58,-0.12221211936269957,314,nested_validation
2020-02-06,0.011696860824622402,0.00413747501439099,0.023690162029732287,0.05205546411191109,0.018144509880525777,64.02309190352736,0.015251657653215836,-1.139825080424269,-0.013592762060472552,0.0,0.5571046783708976,0.0,0.58,-0.12221211936269957,314,nested_validation
2020-02-07,-0.013592762060472552,0.03644283909214807,0.008987894809685537,0.0336844554914566,0.018046587455597948,59.34284328994069,0.01687339910971419,-0.6751088804303351,0.004749586343075318,1.0,0.4975152278619376,0.0,0.58,-0.12221211936269957,314,nested_validation
2020-02-10,0.004749586343075318,0.04423333332991208,0.009536942162508222,0.03499180952601377,0.01805697753402144,60.41690933340618,0.02394645306101146,-0.8738228214753101,-0.0060331779081287396,0.0,0.49944553294724575,0.0,0.58,-0.12221211936269957,314,nested_validation
2020-02-11,-0.0060331779081287396,0.004762680203848513,0.002605075077622754,0.02539244426667886,0.01757330370443585,58.300032245899665,0.0162385491044574,-1.255271880952478,0.023747690687211387,1.0,0.5356014851628573,0.0,0.58,-0.12221211936269957,314,nested_validation
2020-02-12,0.023747690687211387,0.02030334889261809,0.025247819878273736,0.04567598012598162,0.01794050181321631,63.66421437628973,0.017573348977633244,-0.5999565906176801,-0.0071211146821592575,0.0,0.5273227512901361,0.0,0.58,-0.12221211936269957,314,nested_validation
2020-02-13,-0.0071211146821592575,0.0013252891867701067,0.01738367748749492,0.03471172854896154,0.018005071535283773,61.0671675086602,0.008834288054679207,-1.1030963391224466,0.00024641782131040735,1.0,0.5139029568250368,0.0,0.58,-0.12221211936269957,314,nested_validation
2020-02-14,0.00024641782131040735,0.01537376760850262,0.012506264141617596,0.03219299231021977,0.017858436442446383,61.125842156093036,0.00963226578006201,-1.4284963680469065,-0.01831037339490993,0.0,0.4756799695148154,0.0,0.58,-0.12221211936269957,314,nested_validation
2020-02-18,-0.01831037339490993,-0.007930027205963253,-0.009450048374595732,0.010908970651598793,0.01823953833373156,54.54601763600403,0.016112898584443744,0.5931107865039006,0.014482504583616551,1.0,0.512000072089758,0.0,0.58,-0.12221211936269957,314,nested_validation
2020-02-19,0.014482504583616551,0.012546503920702223,0.003174550675782095,0.022898965044836794,0.018413154242434115,58.299513459977575,0.014121523370531805,-1.0059809582761041,-0.010258856232454372,0.0,0.5193156848211887,0.0,0.58,0.2504926596310742,377,nested_validation
2020-02-20,-0.010258856232454372,-0.021087965301698652,-0.006997156025369322,0.009998490320822562,0.01857726522668577,54.79756482955991,0.020106158872440653,-0.8219287688434441,-0.022635324810132307,0.0,0.5052523272988871,0.0,0.58,0.2504926596310742,377,nested_validation
2020-02-21,-0.022635324810132307,-0.03638393667110629,-0.026034850655464403,-0.013959456061099274,0.019225229487418245,48.0147000952051,0.0317841002875604,-0.060497917882475966,-0.047500183740240565,0.0,0.49266184374121197,0.0,0.58,0.2504926596310742,377,nested_validation
2020-02-24,-0.047500183740240565,-0.08238199416406933,-0.06594870227815997,-0.059738582500541426,0.02177217733927214,37.705844619439375,0.05013744066225345,2.119698187796392,-0.03387220800473989,0.0,0.5334005600293645,0.0,0.58,0.2504926596310742,377,nested_validation
2020-02-25,-0.03387220800473989,-0.09692815952511491,-0.08802548355832518,-0.08952828496383902,0.02206383575961518,32.587952703130824,0.05692861240248071,2.0119838277866027,0.015863488798061542,1.0,0.553165159544342,0.0,0.58,0.2504926596310742,377,nested_validation
2020-02-26,0.015863488798061542,-0.09569883526316791,-0.06558337738688258,-0.07278369154735598,0.021333282210559475,36.76991993412726,0.03888605884214654,1.215721672241897,-0.06536810108461222,0.0,0.5853333063424828,1.0,0.58,0.2504926596310742,377,nested_validation
2020-02-27,-0.06536810108461222,-0.14605074254861272,-0.11143461304656477,-0.12986342336761303,0.0244106649739048,28.734133130280583,0.047674791856876245,2.940242022985095,-0.0005850128331919002,0.0,0.4965918456579871,0.0,0.58,0.2504926596310742,377,nested_validation
2020-02-28,-0.0005850128331919002,-0.12678480423789795,-0.09684124342929645,-0.12692442175491925,0.024423094922689022,28.67767785745079,0.08062631594224261,3.1252180784236736,0.09310073891420578,1.0,0.5167723036201732,0.0,0.58,0.2504926596310742,377,nested_validation
2020-03-02,0.09310073891420578,0.002112713750233919,-0.004155927143159599,-0.04404426210113532,0.03153707659392646,46.63622599542197,0.07938155153611241,1.8560869012449182,-0.031759276162440786,0.0,0.4154605312876077,-1.0,0.58,0.2504926596310742,377,nested_validation
2020-03-03,-0.031759276162440786,0.004304345002330123,-0.026150394335750282,-0.07156759918391142,0.03223672450406093,42.35370505290458,0.0629061653058645,1.4550179289504326,0.046384799162548784,1.0,0.527667746683881,0.0,0.58,0.2504926596310742,377,nested_validation
2020-03-04,0.046384799162548784,0.03447836439787566,0.026233987267120673,-0.02714124733040879,0.03309558976627449,49.426230735854624,0.033923463516402505,0.4009396543368703,-0.03243717813942271,0.0,0.4867257227211808,0.0,0.58,0.2504926596310742,377,nested_validation
2020-03-05,-0.03243717813942271,0.0709272886706136,0.0022480517299530156,-0.056269075150477854,0.03365481154279797,45.068872030112125,0.02778910199957218,0.04778934336296829,-0.01328013869132294,0.0,0.5365504192734045,0.0,0.58,0.2504926596310742,377,nested_validation
2020-03-06,-0.01328013869132294,0.05732377372521347,-0.002866894772513673,-0.06584805362245405,0.03351377199551009,43.43532262691714,0.033179934188123955,0.38456272964023325,-0.0790919499671251,0.0,0.5325758978298454,0.0,0.58,0.2504926596310742,377,nested_validation
2020-03-09,-0.0790919499671251,-0.10923308341930449,-0.07147823284875499,-0.13494294042432786,0.03717348777190536,35.33095418351098,0.056693074263181716,0.9150648312523691,0.07202132522753035,1.0,0.5648981227480503,0.0,0.58,0.2504926596310742,377,nested_validation
2020-03-10,0.07202132522753035,-0.013756489608379274,-0.003652508634339857,-0.07033619431470828,0.041059136269333815,44.6564681017147,0.059823395049059154,0.8134439252033976,-0.03473086921319246,0.0,0.4154602419214025,-1.0,0.58,0.2504926596310742,377,nested_validation
2020-03-11,-0.03473086921319246,-0.0902100099487737,-0.03243867788121557,-0.09856063638174106,0.04156430452442975,41.337782227017264,0.03398328474763697,0.4386547458533047,-0.09875412825466878,0.0,0.5816487217030463,1.0,0.58,0.2504926596310742,377,nested_validation
2020-03-12,-0.09875412825466878,-0.15256719856992917,-0.12017284268182693,-0.1808485380641952,0.04548839151398221,33.8928243579397,0.08862748410207244,1.8677059620195882,0.1198079830228147,1.0,0.5432790635040382,0.0,0.58,0.2504926596310742,377,nested_validation
2020-03-13,0.1198079830228147,-0.03826602328833051,-0.016369746284402353,-0.07813093504629098,0.05389831117772149,45.45915059254804,0.09702491765677441,1.2657690580329888,-0.1286466861785719,0.0,0.43064444889890124,0.0,0.58,0.2504926596310742,377,nested_validation
2020-03-16,-0.1286466861785719,-0.09001763249603711,-0.12539340002470378,-0.1907713358089529,0.060077876868701724,37.062239064843666,0.07877455944586804,0.7075901273790755,0.04396994399403109,1.0,0.5444461908651834,0.0,0.58,0.2504926596310742,377,nested_validation
2020-03-17,0.04396994399403109,-0.1138289706717941,-0.07475570179576674,-0.14997647486417398,0.06131185232591178,40.582301493718916,0.07597085900778762,0.6476659734350403,-0.024479852274846392,0.0,0.5140880634284809,0.0,0.58,0.2504926596310742,377,nested_validation
2020-03-18,-0.024479852274846392,-0.10441796399792447,-0.07849942199490956,-0.16409476005062762,0.061132389808514695,39.20965819894847,0.052215530783727086,0.3075536364275489,-0.007662000971050964,0.0,0.5850880792373461,1.0,0.58,0.2504926596310742,377,nested_validation
2020-03-19,-0.007662000971050964,-0.013898300747278047,-0.06881355514868115,-0.16332534453223835,0.061137884723092874,38.77837262054751,0.041792612870967576,-0.14753534898130632,-0.06348564984718164,0.0,0.5262984199726258,0.0,0.58,0.2504926596310742,377,nested_validation
2020-03-20,-0.06348564984718164,-0.17530647569830937,-0.10763351721496084,-0.207849993004809,0.06215034380019817,35.336656784996435,0.10395219534125037,1.5053429670022653,-0.021244200250681078,0.0,0.55294020527427,0.0,0.58,0.2504926596310742,377,nested_validation
2020-03-23,-0.021244200250681078,-0.07365524739209894,-0.11214432307511746,-0.21604045872423816,0.06169445753535643,34.30897855677094,0.07082051849824735,0.5064819475469098,0.10032524127225817,1.0,0.5689262806641731,0.0,0.58,0.2504926596310742,377,nested_validation
2020-03-24,0.10032524127225817,-0.0236495607191477,-0.007972299684902873,-0.12982186274583563,0.06611325907730053,42.61610095779045,0.05423687267020402,-0.26338664963371267,-0.005508674708095462,0.0,0.41661476229252525,-1.0,0.58,0.2504926596310742,377,nested_validation
2020-03-25,-0.005508674708095462,-0.004662236270579823,-0.0014357573584715677,-0.12701620767895105,0.06593175007255875,42.268322814728926,0.056818168399677446,-0.10846424976028121,0.05262309332350901,1.0,0.49708476619078584,0.0,0.58,0.2504926596310742,377,nested_validation
2020-03-26,0.05262309332350901,0.05580509542495271,0.046765038419898985,-0.07352675535911846,0.0656851209735909,46.71701206697832,0.04767060806781602,-0.8704989050338078,-0.04140228588374306,0.0,0.44377798354918707,0.0,0.58,0.2504926596310742,377,nested_validation
2020-03-27,-0.04140228588374306,0.08070138045562802,0.015864923832430655,-0.10362323736277512,0.06628211641235045,43.712790554787496,0.035601807822164766,-1.5155462008466616,0.028538101681621963,1.0,0.4890138954388698,0.0,0.58,0.2504926596310742,377,nested_validation
2020-03-30,0.028538101681621963,0.13566892438668643,0.03948510988716758,-0.07017660946754589,0.06302951185083971,46.17574703356891,0.0240179366375499,-1.819526199155061,-0.00204111488668135,0.0,0.48596923256993185,0.0,0.58,0.2504926596310742,377,nested_validation
2020-03-31,-0.00204111488668135,0.030014445845425675,0.036758622640669314,-0.06471275354269845,0.06275302063256011,46.01623057574362,0.041252076414078326,-1.2377767936583688,-0.05261681851552236,0.0,0.5378138588871155,0.0,0.58,0.2504926596310742,377,nested_validation
2020-04-01,-0.05261681851552236,-0.018776395667818524,-0.015480271627625997,-0.10484744140755209,0.06245146057065735,41.996819406869,0.03980738114694964,-1.4576215552569887,0.016686691308444024,1.0,0.5300843603092057,0.0,0.58,0.2504926596310742,377,nested_validation
2020-04-02,0.016686691308444024,-0.05227522932975026,0.000886766088863622,-0.08133445987444665,0.06246331547607141,43.591065252111825,0.03368309413588526,-1.5542807405374288,-0.014371367125387224,0.0,0.48597131875050525,0.0,0.58,0.2504926596310742,377,nested_validation
2020-04-03,-0.014371367125387224,-0.025550910145569428,-0.018379116606005885,-0.08635366139119216,0.06246929852215381,42.489810110026895,0.027877865976750217,-1.8298001977838774,0.08723727296381334,1.0,0.521535939684926,0.0,0.58,0.2504926596310742,377,nested_validation
2020-04-06,0.08723727296381334,0.030061374841852784,0.0509729257216629,-0.0021543835853869986,0.06338353907235492,50.540644800913135,0.05231066561852484,-0.839839743263148,-0.011582172423897252,0.0,0.45161652881515874,0.0,0.58,0.2504926596310742,377,nested_validation
2020-04-07,-0.011582172423897252,0.020213399147830158,0.03360625847584897,-0.010117666936246827,0.06130524108197394,49.46421869423864,0.04895352336112847,-0.7635726312892536,0.025594592655317383,1.0,0.5128394185699575,0.0,0.58,0.2504926596310742,377,nested_validation
2020-04-08,0.025594592655317383,0.10443732374581871,0.05145230734886952,0.018661673186561645,0.06114713181595112,51.87521050919596,0.02307657369053826,-1.0949179561698508,0.0072162431989888365,1.0,0.4896912496826003,0.0,0.58,0.2504926596310742,377,nested_validation
2020-04-09,0.0072162431989888365,0.0941494774957421,0.05505808965604264,0.026737173162384886,0.05678291173679539,52.57971578394306,0.020038043631745606,-1.1023083051802145,0.01962760466756608,1.0,0.5126017482841623,0.0,0.58,0.2504926596310742,377,nested_validation
2020-04-13,0.01962760466756608,0.13189184412541044,0.06506972830969837,0.04690426060615449,0.05055047711988921,54.54298503558305,0.02880155767526319,-1.3710332080950214,0.05050318240752638,1.0,0.5349831238933064,0.0,0.58,0.2504926596310742,377,nested_validation
2020-04-14,0.05050318240752638,0.09364902580417978,0.10497353782726226,0.10143045575038823,0.04203904462813977,59.303466140083614,0.0355339231520465,-0.46063355501578296,-0.009127543498191448,0.0,0.5569173032186324,0.0,0.58,0.2504926596310742,377,nested_validation
2020-04-15,-0.009127543498191448,0.09636498504572044,0.08233049703917072,0.09206012317357293,0.04144421789882538,58.06025163811074,0.02004001630007583,-1.2014741971033818,0.007945583177782156,1.0,0.5683496447529631,0.0,0.58,0.2504926596310742,377,nested_validation
2020-04-16,0.007945583177782156,0.07749811879030055,0.0722511373753918,0.10300288745683006,0.04082068677008277,58.86135812224964,0.0204053369622166,-0.7635139300822884,-0.013568729691965542,0.0,0.5536746818151016,0.0,0.58,0.2504926596310742,377,nested_validation
2020-04-17,-0.013568729691965542,0.05526280503286918,0.04293024407029766,0.08945049107265723,0.04095669817812235,56.8484755864689,0.03567902153820266,0.0826318770118608,-0.02075638065564467,0.0,0.5930816262603463,1.0,0.58,0.2504926596310742,377,nested_validation
2020-04-20,-0.02075638065564467,0.013467430490737398,0.008077653376092453,0.06849765866308855,0.038189461827720206,53.85563715471133,0.017441182609354986,-1.1446426713788713,-0.030910449398105055,0.0,0.5548632085699574,0.0,0.58,0.2504926596310742,377,nested_validation
2020-04-21,-0.030910449398105055,-0.06507594340354916,-0.02517612258199675,0.03517702297067027,0.03864287456997172,49.74295491794955,0.044043699144002114,-0.14784881810636155,0.02880354479077396,1.0,0.5663523315447222,0.0,0.58,0.2504926596310742,377,nested_validation
2020-04-22,0.02880354479077396,-0.02928658756714242,-0.003133947974206519,0.06626054730973974,0.03298835075353434,53.21726672724635,0.020644627176560414,-1.4195241332182051,-0.0038755075750794843,0.0,0.5146228530787815,0.0,0.58,0.2504926596310742,377,nested_validation
2020-04-23,-0.0038755075750794843,-0.04067102293240443,-0.010199328566182997,0.062182924784426774,0.032961414075450945,52.674427216013314,0.025015470724462717,-1.2957975312737222,0.02886964567598249,1.0,0.5382210160159291,0.0,0.58,0.2504926596310742,377,nested_validation
2020-04-24,0.02886964567598249,0.0006013540244118598,0.012915132595297196,0.08798202694604429,0.031670915580305596,56.24135196186441,0.02123903502031456,-1.2216881094935652,0.0007068727487209436,1.0,0.5408570314626925,0.0,0.58,0.2504926596310742,377,nested_validation
2020-04-27,0.0007068727487209436,0.022532730439768223,0.010044531196497175,0.0880259769255538,0.02986159307699576,56.330645424490214,0.016209330509008888,-1.3643089240267061,-0.016209534757836375,0.0,0.5334430106802458,0.0,0.58,0.2504926596310742,377,nested_validation
2020-04-28,-0.016209534757836375,0.038044368531149564,-0.0033166299694397106,0.06542667046758632,0.029851175791888132,53.62634555108126,0.02738881015508668,-1.3669947419260207,0.032845336977281425,1.0,0.5531047780217384,0.0,0.58,0.2504926596310742,377,nested_validation
2020-04-29,0.032845336977281425,0.04212246452840884,0.028205809078544197,0.09555087901341275,0.030408308339676237,57.959176993098076,0.020088272194767866,-0.5271936125595917,0.021096130614949304,1.0,0.5350920208126255,0.0,0.58,0.2504926596310742,377,nested_validation
2020-04-30,0.021096130614949304,0.06824721633583986,0.04723617096396371,0.11201106783354375,0.027310827627755826,60.58979748887402,0.0210346934395929,0.888610191329274,-0.016099273294151728,0.0,0.5137565054332315,0.0,0.58,0.2504926596310742,377,nested_validation
2020-05-01,-0.016099273294151728,0.0215572175460359,0.028078724651642295,0.08802880000080582,0.027858938109495274,57.566958232546,0.04549068932542513,2.213082533160399,0.014148747492766178,1.0,0.5521159070307615,0.0,0.58,0.2504926596310742,377,nested_validation
2020-05-04,0.014148747492766178,0.03527916203954318,0.03664104887764186,0.09464443391070554,0.027367221622735093,59.450804598075756,0.025139838399244926,-0.668328429517145,0.015008819585625055,1.0,0.5505977796506276,0.0,0.58,0.2504926596310742,377,nested_validation
2020-05-05,0.015008819585625055,0.06813139314649597,0.0414501073277429,0.10104369918736422,0.020971106748507284,61.434413898823,0.021978789483065572,-0.22118977589648392,0.010317607749283697,1.0,0.5454549376787531,0.0,0.58,0.2504926596310742,377,nested_validation
2020-05-06,0.010317607749283697,0.04483402814589499,0.043238700845457556,0.10507759865493016,0.020565574536489346,62.80177459324997,0.014536124293019061,-0.3013950367366614,0.010344912050270771,1.0,0.5498966401553633,0.0,0.58,0.2504926596310742,377,nested_validation
2020-05-07,0.010344912050270771,0.03383287099368393,0.043633285783310605,0.10860115335682563,0.020163291902604547,64.18698097652334,0.010535366793690926,-0.9949559657592794,0.023801563942238202,1.0,0.5326712802207233,0.0,0.58,0.2504926596310742,377,nested_validation
2020-05-08,0.023801563942238202,0.07575864256340159,0.058292092017453445,0.12778016851949636,0.020499783261388745,67.24089833206406,0.019540184642513378,-0.4208463107165594,0.015735309945268394,1.0,0.531912088754731,0.0,0.58,0.2504926596310742,377,nested_validation
2020-05-11,0.015735309945268394,0.07744158924599165,0.06311640200704693,0.13616948152553054,0.02040362439468635,69.15793356342985,0.03114185979643191,-0.09661107672123306,-0.0114284256310353,0.0,0.5686924654892794,0.0,0.58,0.2504926596310742,377,nested_validation
2020-05-12,-0.0114284256310353,0.04937820008928151,0.03918899749095495,0.1155018627420612,0.018221952469099155,66.08551265388881,0.02819433761294157,0.4393656820899915,-0.01207420472990528,0.0,0.4997937384263275,0.0,0.58,0.2504926596310742,377,nested_validation
2020-05-13,-0.01207420472990528,0.02612068216034613,0.01959965806853936,0.09496687666351122,0.01834210760635215,62.94042119187804,0.0414107622450978,1.414534693879201,0.006143568283549561,1.0,0.5343749850777755,0.0,0.58,0.2504926596310742,377,nested_validation
2020-05-14,0.006143568283549561,0.021853737594702993,0.020273195815829093,0.09271258167311225,0.01832808003322913,63.871210925917865,0.026684788840232513,0.21991671960332915,-0.005912078139097998,0.0,0.5423919567465929,0.0,0.58,0.2504926596310742,377,nested_validation
2020-05-15,-0.005912078139097998,-0.007803373009279024,0.0077902566868515155,0.07820341229639305,0.018031650064438555,62.24119026483132,0.02499107164197782,0.5484143614202587,0.023561148463096426,1.0,0.5040010359238576,0.0,0.58,0.2504926596310742,377,nested_validation
2020-05-18,0.023561148463096426,-0.00015889072660491,0.023958693998008096,0.09412471685293533,0.017503690414243548,65.94873947195475,0.01962151652097273,-0.434862993611952,-0.00577831701575815,0.0,0.48067861449609417,0.0,0.58,0.2504926596310742,377,nested_validation
2020-05-19,-0.00577831701575815,0.00555562809214627,0.012648204092702953,0.08136902269293644,0.015548261909640084,64.24343945076744,0.01759589637317011,-1.3302474708042844,0.019448189076937572,1.0,0.5018084936553742,0.0,0.58,0.2504926596310742,377,nested_validation
2020-05-20,0.019448189076937572,0.037640548493219406,0.02590236393003642,0.09477543316372206,0.015048042863477266,67.29135268420902,0.009397612682876809,-1.0142458170693363,-0.007455635159650642,0.0,0.5296857826935101,0.0,0.58,0.2504926596310742,377,nested_validation
2020-05-21,-0.007455635159650642,0.02361562663843264,0.013715584873779774,0.08025374996782042,0.015203178543623852,64.96082785021758,0.015843520386772246,-1.2116557650574453,0.006438292090874098,1.0,0.5207744277238248,0.0,0.58,0.2504926596310742,377,nested_validation
2020-05-22,0.006438292090874098,0.03633284378206736,0.017390833383595927,0.08086755818765945,0.014379618244691732,66.04626013023073,0.012167219745309488,-1.6444557883542872,-0.006773388546529979,0.0,0.5133614679393512,0.0,0.58,0.2504926596310742,377,nested_validation
2020-05-26,-0.006773388546529979,0.005619801331011365,0.009945454039465229,0.06820984613023318,0.014613834330090609,63.79291110260431,0.024437186139298617,-0.45455038710835144,0.004357012074704292,1.0,0.5143770040804857,0.0,0.58,0.2504926596310742,377,nested_validation
2020-05-27,0.004357012074704292,0.015871325514010604,0.012183357045385979,0.06903806661857037,0.01372117586128313,64.62335945732468,0.017666830266194096,-0.8055027624543045,0.0004403207802277098,1.0,0.5051773156559556,0.0,0.58,0.2504926596310742,377,nested_validation
2020-05-28,0.0004403207802277098,-0.003069851260512957,0.009225110526300151,0.06538092920930594,0.012410853952993748,64.7118305454135,0.02454044794530641,-0.2277903979557024,-0.0009742414791752418,0.0,0.5078422647348836,0.0,0.58,0.2504926596310742,377,nested_validation
2020-05-29,-0.0009742414791752418,0.0034401819378062637,0.005563278329705046,0.06055312362614207,0.011925978136754362,64.32833493731926,0.014719735295478376,0.3790392784340088,0.012298001169595452,1.0,0.5192927088515387,0.0,0.58,0.2504926596310742,377,nested_validation
2020-06-01,0.012298001169595452,0.009282435347937712,0.013397641573571928,0.06886407707468045,0.011090324518568524,66.98545573926785,0.015970217650964895,-1.7888390424221008,0.004629282338334484,1.0,0.4880004887185055,0.0,0.58,0.2504926596310742,377,nested_validation
2020-06-02,0.004629282338334484,0.020869434032261713,0.01540970888885429,0.06823559104212418,0.010915356869937618,67.96469536177315,0.01394819637751234,-1.3939890022236352,0.005505054162991296,1.0,0.5226842638557339,0.0,0.58,0.2504926596310742,377,nested_validation
2020-06-03,0.005505054162991296,0.02203635083856148,0.01717283645167944,0.06736054639284328,0.01067821379140886,69.14226385060833,0.011995646138764141,-0.7634533753503259,-0.0086121759794211,0.0,0.5322787031532606,0.0,0.58,0.2504926596310742,377,nested_validation
2020-06-04,-0.0086121759794211,0.012788442130729605,0.007438854674726603,0.05275756075591409,0.010967269213554382,65.08917323802268,0.015016121332555341,-1.1879509106986788,0.028481025036445562,1.0,0.5137962818573873,0.0,0.58,0.2504926596310742,377,nested_validation
2020-06-05,0.028481025036445562,0.04264948748662789,0.03140894127194316,0.07603864265849625,0.01216485289818036,71.07571862960813,0.025701324324801995,0.34910495343084474,0.0059127365767321916,1.0,0.5172660798333739,0.0,0.58,0.2504926596310742,377,nested_validation
2020-06-08,0.0059127365767321916,0.03607277504866668,0.032825332840619836,0.07643148255008514,0.011349872379847217,72.17294752223681,0.018832840341336445,-0.8881077617825266,0.03157769272562083,1.0,0.5387213106008041,0.0,0.58,0.2504926596310742,377,nested_validation
2020-06-09,0.03157769272562083,0.06386463302449563,0.05651914543457992,0.10311279179722477,0.012641702402373445,77.18099289676992,0.039535963173437834,0.7217387263287269,0.025727677230146684,1.0,0.40754360470375084,-1.0,0.58,0.2504926596310742,377,nested_validation
2020-06-10,0.025727677230146684,0.0852609784521583,0.07226324248722271,0.12249279011741865,0.01289365471388811,80.3774146940538,0.024600364941249463,1.29036406992397,-0.048010463693032635,0.0,0.43522041741415346,0.0,0.58,0.2504926596310742,377,nested_validation
2020-06-11,-0.048010463693032635,0.042132120867433676,0.0153373904347065,0.06308346126324826,0.01714022874724983,62.368590808167916,0.04638281290670993,2.354430278104277,0.00863352232847614,1.0,0.5123286461494578,0.0,0.58,0.2504926596310742,377,nested_validation
2020-06-12,0.00863352232847614,0.022021180959480358,0.01768637893706071,0.06710642438835057,0.0171603811292966,63.861358130174835,0.040082606439065124,2.0430807888525804,0.012366835016083266,1.0,0.5381560817425672,0.0,0.58,0.2504926596310742,377,nested_validation
2020-06-15,0.012366835016083266,0.028578633777368134,0.02377100954772904,0.07413448715545745,0.017058659646732685,65.96219265218068,0.03819355222163767,0.3857903579855842,0.026502471419786344,1.0,0.5349331112936446,0.0,0.58,0.2504926596310742,377,nested_validation
2020-06-16,0.026502471419786344,0.023518167431803683,0.041965037302165165,0.09577150432168957,0.01722483985774423,70.03244825280561,0.024085467251026414,1.0732721836944734,-0.001391623794448238,0.0,0.49108595615933553,0.0,0.58,0.2504926596310742,377,nested_validation
2020-06-17,-0.001391623794448238,-0.0035427161758996295,0.032427299285150424,0.08805712594184545,0.017104336019626527,69.54968365000676,0.012258589844665749,-0.36744074273694854,0.0003983017624875629,1.0,0.5138110847190056,0.0,0.58,0.2504926596310742,377,nested_validation
2020-06-18,0.0003983017624875629,0.047127238796726756,0.02399516644050026,0.08269269981482519,0.0168550187752346,69.61415661981312,0.012026301009874816,-0.8298094693731098,-0.005714873564672818,0.0,0.5051581926264017,0.0,0.58,0.2504926596310742,377,nested_validation
2020-06-19,-0.005714873564672818,0.032231247497458426,0.012771023614779553,0.07136060847837622,0.016794848152074524,67.40793607709662,0.03262611123836949,2.792340332976033,0.026163784184042527,1.0,0.5216469296018899,0.0,0.58,0.2504926596310742,377,nested_validation
2020-06-22,0.026163784184042527,0.04629891700094935,0.03167727193249381,0.09394674415095294,0.01741290767732037,71.79057026898417,0.023156011011397373,-0.04642994517341314,0.02134495432875383,1.0,0.5148104576431437,0.0,0.58,0.2504926596310742,377,nested_validation
2020-06-23,0.02134495432875383,0.04104193545730306,0.046914576415468145,0.11147844013924679,0.01745379295790886,74.84069774335765,0.027583051599627133,1.478772404186481,-0.01765211875042938,0.0,0.4945573279734385,0.0,0.58,0.2504926596310742,377,nested_validation
2020-06-24,-0.01765211875042938,0.024090488279591815,0.02631781470168515,0.08651544169631853,0.018289923039297346,68.13909351055739,0.028523078378288037,0.9689483739083714,0.013275429735936761,1.0,0.5139443120325908,0.0,0.58,0.2504926596310742,377,nested_validation
2020-06-25,0.013275429735936761,0.0372725821023574,0.03143426205358746,0.0946424235616905,0.018295385043268587,70.25800487952888,0.020365071676242703,-0.1765532063815543,-0.03072567492780709,0.0,0.5408241696933187,0.0,0.58,0.2504926596310742,377,nested_validation
2020-06-26,-0.03072567492780709,0.011180450358018179,-0.004431236190570731,0.0563508262691812,0.02001396419530845,60.15418593305938,0.03478216820041304,1.134260814639647,0.02304658257737069,1.0,0.5678240750987481,0.0,0.58,0.2504926596310742,377,nested_validation
2020-06-29,0.02304658257737069,0.008108763973180944,0.01315370630406254,0.07490894144422677,0.020330156691407822,64.1866556755755,0.0301012070462219,-0.4294290583708825,0.008347770904624463,1.0,0.5151489258146258,0.0,0.58,0.2504926596310742,377,nested_validation
2020-06-30,0.008347770904624463,-0.004719981556230102,0.01798500981213702,0.07855816186986897,0.020333107133520614,65.57687335217236,0.016392574524212677,-0.29722756521046556,-0.001891572045583989,0.0,0.5394318746593275,0.0,0.58,0.2504926596310742,377,nested_validation
2020-07-01,-0.001891572045583989,0.011248045162705056,0.012521942246233042,0.07113744267748823,0.020410573868557165,64.95642245483192,0.009475108698603749,-0.9588529667982255,0.0,0.0,0.5166358025097741,0.0,0.58,0.2504926596310742,377,nested_validation
2020-07-02,0.0,-0.0020008227908575593,0.009048171339205657,0.06644410909588028,0.020189747408365488,64.95642245483192,0.018758031493343867,-0.9488069595618964,0.026750338770219484,1.0,0.5006902221024115,0.0,0.58,0.2504926596310742,377,nested_validation
2020-07-06,0.026750338770219484,0.05717851673783536,0.029158466013410544,0.08891213481310789,0.020098077831818238,69.65622684492638,0.01580848887420632,-0.8109376901270349,-0.0031028319464467824,0.0,0.5221736907521103,0.0,0.58,0.2504926596310742,377,nested_validation
2020-07-07,-0.0031028319464467824,0.03015667850422643,0.02207669097774878,0.07989266406868367,0.020201048751019596,68.47834131990774,0.017145574308406405,-0.993052196080263,0.023290264106187397,1.0,0.5442514460402924,0.0,0.58,0.2504926596310742,377,nested_validation
2020-07-08,0.023290264106187397,0.04542235331330957,0.04164186964213146,0.09818734815012808,0.0197475821660049,72.25860918425613,0.013477763626522359,-0.8344258976752081,0.004300028232133046,1.0,0.5403462533038305,0.0,0.58,0.2504926596310742,377,nested_validation
2020-07-09,0.004300028232133046,0.05190745768856475,0.03960433818035347,0.09608154500224453,0.019187240942833427,72.91938249709328,0.017179672605141836,-0.5890826113740864,0.0017493824123782087,1.0,0.5209021401881314,0.0,0.58,0.2504926596310742,377,nested_validation
2020-07-10,0.0017493824123782087,0.05374764609449478,0.03612450880060303,0.09118837240381761,0.015016101269564697,73.20025967764494,0.013292343100687295,-1.25232790771377,-0.004613087597731713,0.0,0.5473976465654109,0.0,0.58,0.2504926596310742,377,nested_validation
2020-07-13,-0.004613087597731713,0.021559551812226463,0.023528081484891716,0.07960748107135673,0.015210818055613931,71.10232290427741,0.049200095218103125,1.0405103856091515,0.01654831878331109,1.0,0.5083457357966797,0.0,0.58,0.2504926596310742,377,nested_validation
2020-07-14,0.01654831878331109,0.041696855212618456,0.0331421307384423,0.09065124962568616,0.015323533883568032,73.97096655032556,0.0347989049422628,0.5323907978616107,0.006877138094748325,1.0,0.5327874867272299,0.0,0.58,0.2504926596310742,377,nested_validation
2020-07-15,0.006877138094748325,0.024988495571125702,0.0330718767169651,0.09124800523656518,0.014612285252474022,75.09571232120308,0.02821693259534255,0.14645135882742766,-0.012304829503466452,0.0,0.5263536267439768,0.0,0.58,0.2504926596310742,377,nested_validation
2020-07-16,-0.012304829503466452,0.00804157963849872,0.01446717503060202,0.07173984338223094,0.015051024507347861,69.28703411912488,0.015540418184647874,-0.8090523120458958,-0.0020202562795542667,0.0,0.5062854059709236,0.0,0.58,0.2504926596310742,377,nested_validation
2020-07-17,-0.0020202562795542667,0.004248263058127089,0.006809367042503567,0.06337684247591513,0.015095589367371076,68.36355874856365,0.01357351488273487,-1.2104375013008941,0.021074073949856498,1.0,0.5162179912539318,0.0,0.58,0.2504926596310742,377,nested_validation
2020-07-20,0.021074073949856498,0.03016410246252721,0.02279409343274086,0.07963568632405615,0.015300624298394308,72.47627708012614,0.024782045551963984,-1.2721863630024122,-0.013802009291066453,0.0,0.5396027455161827,0.0,0.58,0.2504926596310742,377,nested_validation
2020-07-21,-0.013802009291066453,-0.0005927419515247001,0.004678771161736206,0.05944908825046813,0.015148744898256265,66.27179120902426,0.02585051231777567,-0.8589830555331351,0.002809253460917205,1.0,0.49575048988004633,0.0,0.58,0.2504926596310742,377,nested_validation
2020-07-22,0.002809253460917205,-0.004630447520694192,0.005491237128474991,0.05808202247175953,0.014618469550836498,66.8846171066979,0.014109821085216084,-1.169651152581808,-0.0455160444870939,0.0,0.5025405030830913,0.0,0.58,0.2504926596310742,377,nested_validation
2020-07-23,-0.0455160444870939,-0.03809971332557682,-0.03738167701117168,0.008227907636176646,0.01756120785873874,50.75006144618691,0.0545801840356699,1.8966021899264087,-0.0024775230472786625,0.0,0.45686023635976103,0.0,0.58,0.2504926596310742,377,nested_validation
2020-07-24,-0.0024775230472786625,-0.038540448759064705,-0.036464897998794266,0.0025944239000783575,0.017376879953860145,50.07420980171967,0.04130005577782388,1.4208504833423412,0.023700170774023643,1.0,0.4709567569536847,0.0,0.58,0.2504926596310742,377,nested_validation
2020-07-27,0.023700170774023643,-0.03606767431645086,-0.012943461653692756,0.02262538929246105,0.01644510289980154,56.0842363128517,0.01503001222505695,-0.21031474265842331,-0.016427549460381385,0.0,0.48058184274633625,0.0,0.58,0.2504926596310742,377,nested_validation
2020-07-28,-0.016427549460381385,-0.038633936938588076,-0.025297226788732696,0.0031194276220427586,0.016365927150466475,51.359764808832175,0.013967512496326669,-0.6879637163839181,0.019168365027956158,1.0,0.4494958333803236,0.0,0.58,0.2504926596310742,377,nested_validation
2020-07-29,0.019168365027956158,-0.022950899882329345,-0.003818040043044313,0.019780655524775037,0.016752216610244966,55.946428270109905,0.015966980391797895,-0.9854104066981169,0.012100277134443393,1.0,0.4681877633571821,0.0,0.58,0.2504926596310742,377,nested_validation
2020-07-30,0.012100277134443393,0.03602754063232849,0.008587549580377551,0.029068116880685002,0.01685832875694575,58.64812898680068,0.026302097048370835,0.891992765466121,0.10468886535276334,1.0,0.5133578506806559,0.0,0.58,0.2504926596310742,377,nested_validation
2020-07-31,0.10468886535276334,0.1473306264051082,0.10269133218622994,0.1294184792867461,0.027827645284502645,73.80010040341398,0.05260684975442112,3.6525557957624817,0.02519739972730073,1.0,0.4566855883924071,0.0,0.58,0.2504926596310742,377,nested_validation
2020-08-03,0.02519739972730073,0.14900867304598808,0.11819939798378631,0.14912061391348952,0.0277777296121177,76.2879440442644,0.03437746521801481,2.1564963458452597,0.0066781227303336355,1.0,0.5340996933603367,0.0,0.58,0.2504926596310742,377,nested_validation
2020-08-04,0.0066781227303336355,0.17600070370842036,0.1112208617691759,0.14873752803187346,0.027662722317043885,76.9289781482969,0.021907663769006314,0.28340908286081534,0.003624692631151838,1.0,0.5135960541368859,0.0,0.58,0.2504926596310742,377,nested_validation
2020-08-05,0.003624692631151838,0.15806512966187536,0.10098004407636219,0.1455297283013397,0.027470175364221937,77.29023547008816,0.013583216323289439,-0.4196626487768455,0.03488919199952112,1.0,0.5245229827385297,0.0,0.58,0.2504926596310742,377,nested_validation
2020-08-06,0.03488919199952112,0.18414065621226872,0.11588701326402928,0.1757524506880792,0.02809022043142575,80.47146647873987,0.040517091478655676,0.6247149684271297,-0.022735662349478436,0.0,0.4210676256752387,0.0,0.58,0.2504926596310742,377,nested_validation
2020-08-07,-0.022735662349478436,0.04755146030081425,0.07089981751531416,0.1411277356158751,0.028905513654329893,73.04055831599274,0.03044211589085158,0.49963682129467574,0.014534799350041538,1.0,0.48729184612776416,0.0,0.58,0.2504926596310742,377,nested_validation
2020-08-10,0.014534799350041538,0.03665636575729203,0.06784898018429142,0.14809274251478288,0.02879298663944545,74.61755778948469,0.03348784897402921,0.6777000385276352,-0.0297399476282304,0.0,0.520903665302362,0.0,0.58,0.2504926596310742,377,nested_validation
2020-08-11,-0.0297399476282304,-0.0008462118922627493,0.020345679079743828,0.10677464295330852,0.029917963899834896,65.98835374252636,0.03085714285714292,0.3306755836439166,0.0332343775765358,1.0,0.5058795183770246,0.0,0.58,0.2504926596310742,377,nested_validation
2020-08-12,0.0332343775765358,0.028631569090084907,0.036711374484198034,0.1351439941410908,0.030480076470929655,70.03474497149176,0.026347233512464138,0.01839084507080123,0.01769756473608175,1.0,0.48684922252213575,0.0,0.58,0.2504926596310742,377,nested_validation
2020-08-13,0.01769756473608175,0.011543893748692469,0.0369905544287179,0.14596846357714965,0.030188925290585245,72.00800177965219,0.018389752663936616,0.5602193103964278,-0.0008913308178467583,0.0,0.5078937914780572,0.0,0.58,0.2504926596310742,377,nested_validation
2020-08-14,-0.0008913308178467583,0.03415446012520329,0.02787465970249592,0.13587612761705392,0.030168691505064783,71.74720665968711,0.017013700674768945,-0.10352922004258809,-0.0026107331799886113,0.0,0.5312624985484853,0.0,0.58,0.2504926596310742,377,nested_validation
2020-08-17,-0.0026107331799886113,0.016677357369820678,0.019839715988852147,0.1250099436810035,0.030151672621271042,70.93752240494462,0.01854154426150637,-0.7901562637447433,0.008332839765714528,1.0,0.5258703443307516,0.0,0.58,0.2504926596310742,377,nested_validation
2020-08-18,0.008332839765714528,0.05657154942767062,0.022790715307944298,0.1260729019727087,0.029726779364877488,72.02004656986401,0.017241754939325254,-0.9941842128542531,0.001254679439068207,1.0,0.5314945406169458,0.0,0.58,0.2504926596310742,377,nested_validation
2020-08-19,0.001254679439068207,0.02386954110833317,0.01880529062005687,0.12001474224174191,0.029745709571372344,72.1894192530975,0.013417435419579191,-0.4753695907617371,0.022189663762259393,1.0,0.5345305115625458,0.0,0.58,0.2504926596310742,377,nested_validation
2020-08-20,0.022189663762259393,0.028388883128905418,0.03723166793614441,0.1365449747238805,0.027052791678225066,75.06753812158819,0.02248999051187818,-0.6944412910943695,0.051532357694727304,1.0,0.4959978069782084,0.0,0.58,0.2504926596310742,377,nested_validation
2020-08-21,0.051532357694727304,0.08234891784972787,0.07814771369464624,0.18425637367898795,0.028086837788210823,80.28387557242337,0.045167646386742435,2.049442707475108,0.011960193150093223,1.0,0.43710581235838525,0.0,0.58,0.2504926596310742,377,nested_validation
2020-08-24,0.011960193150093223,0.09816102538895821,0.07876384299738093,0.1869106159013092,0.028028200197559413,81.3115135602246,0.038515811394902275,1.847023292438632,-0.008203578436586922,0.0,0.5029232387829546,0.0,0.58,0.2504926596310742,377,nested_validation
2020-08-25,-0.008203578436586922,0.08015144635598781,0.05593075540681269,0.16692378366626115,0.027625450483956288,78.26232285171884,0.0170438813812943,0.16706548394576606,0.013599100177696055,1.0,0.5272737847119268,0.0,0.58,0.2504926596310742,377,nested_validation
2020-08-26,0.013599100177696055,0.09346858153554627,0.05819463805745806,0.17220951624783498,0.027611558253670645,79.61576886196234,0.015096158200559855,-0.5012893698262036,-0.011954469878832752,0.0,0.5181963431489348,0.0,0.58,0.2504926596310742,377,nested_validation
2020-08-27,-0.011954469878832752,0.056943522924731926,0.03687240537576675,0.14803468456470936,0.02822299664104424,75.12731545720669,0.02921769382344949,-0.5959015850283673,-0.0016197370970947311,0.0,0.5233791648880592,0.0,0.58,0.2504926596310742,377,nested_validation
2020-08-28,-0.0016197370970947311,0.003517908478346099,0.02676179595235162,0.13620911666618563,0.01912292004780735,74.5216179988275,0.014942994793801501,-0.06925238263860901,0.033911982907031124,1.0,0.5156611154121872,0.0,0.58,0.2504926596310742,377,nested_validation
2020-08-31,0.033911982907031124,0.02528656528258799,0.04912478375605267,0.16384141483291104,0.01959531943703996,78.4353388426481,0.03874767715550818,0.6136318018330087,0.039832794475181066,1.0,0.46468024758257553,0.0,0.58,0.2504926596310742,377,nested_validation
2020-09-01,0.039832794475181066,0.0749449898549448,0.0746479850998345,0.19676045864105918,0.020717321940928717,82.04287470005576,0.03182295800819232,-0.568586510341507,-0.020718602707448186,0.0,0.43939391327376126,0.0,0.58,0.2504926596310742,377,nested_validation
2020-09-02,-0.020718602707448186,0.03855028234854574,0.03932047433997887,0.16013393806218468,0.021770419465341515,74.75843580523967,0.08356161520212083,0.1529393432236734,-0.08006084143634662,0.0,0.543574895541269,0.0,0.58,0.2504926596310742,377,nested_validation
2020-09-03,-0.08006084143634662,-0.03303740187701498,-0.045854358182924604,0.058467469565122165,0.028400357894719848,54.89548599433165,0.0689940149519223,1.036746273651275,0.0006617541129938509,1.0,0.5641150620575347,0.0,0.58,0.2504926596310742,377,nested_validation
2020-09-04,0.0006617541129938509,-0.0308277060826615,-0.042646104886493896,0.05042632883595344,0.027771427589913352,54.993407922504694,0.1059027583957557,1.9246594696560577,-0.06729496717997474,0.0,0.5442677671356193,0.0,0.58,0.2504926596310742,377,nested_validation
2020-09-08,-0.06729496717997474,-0.125697456697614,-0.09776127448828142,-0.02539118784183969,0.03175542456886786,44.42429743567699,0.05592977819236078,0.43469220815495435,0.03988663596384856,1.0,0.5167764198391633,0.0,0.58,0.2504926596310742,377,nested_validation
2020-09-09,0.03988663596384856,-0.12565218619765728,-0.05610889905128369,0.006458941748673341,0.03205842265517015,50.130375747388086,0.03307191666817855,-0.345882224691029,-0.03264566370295441,0.0,0.36137794448838895,-1.0,0.58,0.2504926596310742,377,nested_validation
2020-09-10,-0.03264566370295441,-0.13630121898367742,-0.07724758776837881,-0.03155440693371836,0.03227302987138001,45.818534763478496,0.07049079346712993,-0.28211299093034775,-0.013129032325135181,0.0,0.5354061931848924,0.0,0.58,0.2504926596310742,377,nested_validation
2020-09-11,-0.013129032325135181,-0.07346127853497386,-0.07962669283383284,-0.04859453286566351,0.03216242380350899,44.224838645770426,0.046696458544049906,-0.2809550643426203,0.030000193127810437,1.0,0.5189842338188975,0.0,0.58,0.2504926596310742,377,nested_validation
2020-09-14,0.030000193127810437,-0.04629605545850746,-0.04459796093865154,-0.02262354014317247,0.03285518015554486,48.569181968223795,0.02713243097137329,-0.8429575948245013,0.0015600905903920825,1.0,0.3864654201292103,-1.0,0.58,0.2504926596310742,377,nested_validation
2020-09-15,0.0015600905903920825,0.024109204389492378,-0.03228785861916239,-0.022974636604820797,0.03284644627115071,48.79922421551154,0.04517916894011022,-0.26030101780821974,-0.029513721415745153,0.0,0.5116472511659625,0.0,0.58,0.2504926596310742,377,nested_validation
2020-09-16,-0.029513721415745153,-0.04423819264622941,-0.04317792025292877,-0.052521320158944174,0.03345149889776103,44.71789720728858,0.0353161435964627,-0.7720055705280213,-0.015963397354059494,0.0,0.5025521548016597,0.0,0.58,0.2504926596310742,377,nested_validation
2020-09-17,-0.015963397354059494,-0.0277558423448806,-0.04122203620173859,-0.06777117601821003,0.033605209707651296,42.69914467659801,0.031629490480335386,-0.44422619685268205,-0.0317202549231268,0.0,0.48204556463063863,0.0,0.58,0.2504926596310742,377,nested_validation
2020-09-18,-0.0317202549231268,-0.04607151698383516,-0.06016897412166888,-0.0955950971942724,0.03373482763212248,38.992428943696964,0.04483340583781514,1.1519999829367027,0.03032587929987307,1.0,0.4846484751259688,0.0,0.58,0.2504926596310742,377,nested_validation
2020-09-21,0.03032587929987307,-0.04576988469470744,-0.022310588007865895,-0.06789666634440283,0.03225814562348584,43.851677921446445,0.06440773845704109,-0.20259590308189784,0.0157158460480733,1.0,0.35635231091676856,-1.0,0.58,0.2504926596310742,377,nested_validation
2020-09-22,0.0157158460480733,-0.032283077173598795,-0.006053770170190598,-0.05300263636999436,0.03237029150570027,46.31066960851741,0.03309182567778182,-0.34073565120136484,-0.04194611090163147,0.0,0.4470409569756524,0.0,0.58,0.2504926596310742,377,nested_validation
2020-09-23,-0.04194611090163147,-0.04467998989884836,-0.03903248740782905,-0.09214752345291788,0.03333902103590711,41.060692670298565,0.04985067055980364,-0.9447032999725149,0.010268707690538559,1.0,0.4779547662901487,0.0,0.58,0.2504926596310742,377,nested_validation
2020-09-24,0.010268707690538559,-0.019213401777230743,-0.024552969233483712,-0.08158225614324544,0.03324363100063192,42.70135570730254,0.04851228923286716,-0.5962130773529946,0.037516192483024735,1.0,0.4437991527924163,0.0,0.58,0.2504926596310742,377,nested_validation
2020-09-25,0.037516192483024735,0.05091734305118445,0.011786736366481199,-0.046390265226511795,0.03461165905622611,48.409662236060925,0.04248311653295519,-0.9571987141790169,0.0238688638420812,1.0,0.38371465905905355,-1.0,0.58,0.2504926596310742,377,nested_validation
2020-09-28,0.0238688638420812,0.044331281626080354,0.03631050097794564,-0.023643196633690633,0.035168113082785876,51.82164967264162,0.022094649754310948,-1.1231907482585135,-0.007567873719570017,0.0,0.5019902814074086,0.0,0.58,0.2504926596310742,377,nested_validation
2020-09-29,-0.007567873719570017,0.02039159711631,0.02981391280432244,-0.030890160700180358,0.03410945139425409,50.65054866300498,0.015251099304239834,-1.6535048272829733,0.015075778409759488,1.0,0.5177628625694999,0.0,0.58,0.2504926596310742,377,nested_validation
2020-09-30,0.015075778409759488,0.08112373062896405,0.04187835464876244,-0.016349002498339704,0.03286674768518789,52.915965665422945,0.03143078720649135,-0.823597524811672,0.008462364290733992,1.0,0.514610084646181,0.0,0.58,0.2504926596310742,377,nested_validation
2020-10-01,0.008462364290733992,0.07919069964391245,0.044633396487004706,-0.008328920566320064,0.0328634794468932,54.205908298009106,0.016182887018002988,-1.1964297450915276,-0.03228021330445452,0.0,0.5218671016077042,0.0,0.58,0.2504926596310742,377,nested_validation
2020-10-02,-0.03228021330445452,0.006590741647929166,0.00535506300816202,-0.03891079711820289,0.028833272116407984,48.68076918100982,0.02787118757247088,-0.6033481601804165,0.030790965661734004,1.0,0.5183658405241127,0.0,0.58,0.2504926596310742,377,nested_validation
2020-10-05,0.030790965661734004,0.013396030733740849,0.030426331715224242,-0.007102972368443705,0.02975426381252188,53.40229468611278,0.026609428962412977,-1.4207967047002579,-0.02866955962064066,0.0,0.45825127615300393,0.0,0.58,0.2504926596310742,377,nested_validation
2020-10-06,-0.02866955962064066,-0.008151402252011497,-0.00030921667910610573,-0.032077364668015584,0.02649102506969578,48.765012336867386,0.03419938689766853,-0.013138335945391724,0.01696699734818563,1.0,0.5224334980752703,0.0,0.58,0.2504926596310742,377,nested_validation
2020-10-07,0.01696699734818563,-0.006303458589075106,0.009553267190358206,-0.012912006640652729,0.025228118640497312,51.37876940159449,0.012339292455213232,-1.4848280502233389,-0.000955720080025313,0.0,0.4856979626741913,0.0,0.58,0.2504926596310742,377,nested_validation
2020-10-08,-0.000955720080025313,-0.015583644144162245,0.002651194672919077,-0.010587335391719077,0.024140163606307233,51.21758058577031,0.01574328232382704,-1.588016252247518,0.01739578993313895,1.0,0.47375080878065223,0.0,0.58,0.2504926596310742,377,nested_validation
2020-10-09,0.01739578993313895,0.03494944482740747,0.01593778079607233,0.008951291120111282,0.02416733207427579,54.041179129653976,0.017782352819934257,-1.0844214527992633,0.06352067648873216,1.0,0.5247349905622073,0.0,0.58,0.2504926596310742,377,nested_validation
2020-10-12,0.06352067648873216,0.06781119583045192,0.07168401150949744,0.07316630308950911,0.02701344398721217,62.682784398392045,0.04742766441728307,1.7626454977087724,-0.026527452004066587,0.0,0.5197080656506036,0.0,0.58,0.2504926596310742,377,nested_validation
2020-10-13,-0.026527452004066587,0.07016607569477307,0.03699257708636594,0.04708865913063076,0.02782899422334826,57.51048538417864,0.04739882688764997,1.9337126267786375,0.0007432346196778461,1.0,0.5654291436903627,0.0,0.58,0.2504926596310742,377,nested_validation
2020-10-14,0.0007432346196778461,0.053093623454490535,0.033004294585412985,0.05180477643151371,0.02683940983311114,57.613217110222514,0.02813760181549221,-0.13007382117656321,-0.003960692793155363,0.0,0.5527642301636695,0.0,0.58,0.2504926596310742,377,nested_validation
2020-10-15,-0.003960692793155363,0.04992607856538367,0.02548638849262752,0.050888885494466685,0.026512906610605576,56.824160043973066,0.025267131517654237,-0.7666847965695615,-0.014000530279182466,0.0,0.508045043219143,0.0,0.58,0.2504926596310742,377,nested_validation
2020-10-16,-0.014000530279182466,0.0175258900762294,0.0060011813179441376,0.03673547879422645,0.025554747461118927,54.018940619693716,0.02302138775369934,-0.6635980081515557,-0.025541952389977807,0.0,0.5342803525688337,0.0,0.58,0.2504926596310742,377,nested_validation
2020-10-19,-0.025541952389977807,-0.06768498802492473,-0.019262989150439003,0.011718133510138395,0.025766857650964786,49.30389387048707,0.04104151033852652,-0.47995918423649886,0.013191952921603356,1.0,0.5358645194740941,0.0,0.58,0.2504926596310742,377,nested_validation
2020-10-20,0.013191952921603356,-0.02964488349896388,-0.009966886916257467,0.02366866412304436,0.025710114611386562,51.59393132025232,0.02850826348919587,-0.3364337050351906,-0.00544625910554597,0.0,0.473637362824095,0.0,0.58,0.2504926596310742,377,nested_validation
2020-10-21,-0.00544625910554597,-0.03564642984676847,-0.01684157619462401,0.0182265501255654,0.023683424143587706,50.56500643839047,0.019337743502333922,-1.024927187848712,-0.00958351588963302,0.0,0.5027754866486742,0.0,0.58,0.2504926596310742,377,nested_validation
2020-10-22,-0.00958351588963302,-0.04109038119306041,-0.026902190882732047,0.007806906067385766,0.023842308908088573,48.73332233972163,0.029805655098373268,-0.6853001675743,-0.006133649867892443,0.0,0.47208548858745597,0.0,0.58,0.2504926596310742,377,nested_validation
2020-10-23,-0.006133649867892443,-0.03343963945531292,-0.03129909957689181,0.0007424284899859579,0.022608234224838156,47.5573032131058,0.019732304019432007,-1.016540162778188,8.68330291783348e-05,1.0,0.4867639231647531,0.0,0.58,0.2504926596310742,377,nested_validation
2020-10-26,8.68330291783348e-05,-0.008018567572518398,-0.023526992059601737,0.0009193053435572196,0.02201641330141048,47.57647193917024,0.03189922382434704,-0.3534266359070864,0.0134723762653024,1.0,0.48849723712341464,0.0,0.58,0.2504926596310742,377,nested_validation
2020-10-27,0.0134723762653024,-0.007744014710776348,-0.006577385500957211,0.014092338738331822,0.02211880786148989,50.59411954482845,0.02349912435357086,-0.7646696819857696,-0.04631208015163413,0.0,0.4541856844926656,0.0,0.58,0.2504926596310742,377,nested_validation
2020-10-28,-0.04631208015163413,-0.04851542188508462,-0.04445181002544307,-0.03261157500715883,0.02416327452407179,41.60810873504142,0.03893886645581543,0.344302824553161,0.03705029302425222,1.0,0.4828325162627421,0.0,0.58,0.2504926596310742,377,nested_validation
2020-10-29,0.03705029302425222,-0.0037147236816656992,-0.004437364099876162,0.0017837511943472606,0.02553131008619356,49.04426172405422,0.0410163316809817,0.35853799641307665,-0.056018033242191456,0.0,0.3420229255463807,-1.0,0.58,0.2504926596310742,377,nested_validation
2020-10-30,-0.056018033242191456,-0.053720518391816796,-0.051890799749736094,-0.05488702680227031,0.027468245218086957,40.36436412944879,0.039224661208208396,1.2105327274004594,-0.0008268746097834789,0.0,0.4881416931803103,0.0,0.58,0.2504926596310742,377,nested_validation
2020-11-02,-0.0008268746097834789,-0.054585066111457525,-0.04668843976848325,-0.055310370257384056,0.026455691678912457,40.25745055511619,0.03089087720925053,-0.20078829435654388,0.015353661749257341,1.0,0.4727658905303907,0.0,0.58,0.2504926596310742,377,nested_validation
2020-11-03,0.015353661749257341,-0.05283011409392646,-0.026016352697579515,-0.040425334205303254,0.02606330406809879,43.260207740918425,0.024990895018317846,-0.4635626428599226,0.04083671588154747,1.0,0.4217246483195841,0.0,0.58,0.2504926596310742,377,nested_validation
2020-11-04,0.04083671588154747,0.0337230585715349,0.015477413206308244,-0.003499258972390895,0.027366967425423796,50.496458317444805,0.028186150063391247,0.13391455508932634,0.035493589887021226,1.0,0.39847706509231423,-1.0,0.58,0.2504926596310742,377,nested_validation
2020-11-05,0.035493589887021226,0.03217134990404702,0.04848227383848269,0.028656884985863496,0.028415089100714934,55.96745048902569,0.023103419542992852,-0.16633681458706565,-0.0011360569624987438,0.0,0.45969319161286004,0.0,0.58,0.2504926596310742,377,nested_validation
2020-11-06,-0.0011360569624987438,0.09218055086004995,0.04374710370462309,0.025534120566402807,0.02820386211396558,55.74754410326433,0.02586569746124812,-0.44459401557325384,-0.019967845676181484,0.0,0.5323208117106918,0.0,0.58,0.2504926596310742,377,nested_validation
2020-11-09,-0.019967845676181484,0.07125785409002772,0.02158675824624301,0.004605613580465517,0.02462421617345631,51.89250261404919,0.051065980292261004,0.6158400355559657,-0.00300917623918584,0.0,0.49447609887921934,0.0,0.58,0.2504926596310742,377,nested_validation
2020-11-10,-0.00300917623918584,0.05188397958741109,0.0188966792697971,0.000984195921542419,0.024025012405738337,51.327957413972776,0.029835294024770333,0.5531029558842949,0.030352600297790744,1.0,0.4870666186116331,0.0,0.58,0.2504926596310742,377,nested_validation
2020-11-11,0.030352600297790744,0.04128858738570895,0.04205771333947039,0.030216769778265373,0.025026631609476217,56.458059493952234,0.02669675177037519,-0.4129345440487536,-0.002343121518617819,0.0,0.48988919189713565,0.0,0.58,0.2504926596310742,377,nested_validation
2020-11-12,-0.002343121518617819,0.0032401280271172617,0.035922324724547705,0.027029189430399336,0.025017298612855607,55.952888495169105,0.01644156613979825,-0.7611871445984272,0.0004195078183308887,1.0,0.5101990610271522,0.0,0.58,0.2504926596310742,377,nested_validation
2020-11-13,0.0004195078183308887,0.004802507989625671,0.026908901873122115,0.02556491197379329,0.024816859778817597,56.02857076983053,0.01509303530203823,-1.4806112541818888,0.008720246956140265,1.0,0.5219433518628924,0.0,0.58,0.2504926596310742,377,nested_validation
2020-11-16,0.008720246956140265,0.03421569336238961,0.025516935163971688,0.03332310779278247,0.02413341455818294,57.65788499886403,0.02360761650744694,-1.0259452806356444,-0.0075645068469571974,0.0,0.5305707940036941,0.0,0.58,0.2504926596310742,377,nested_validation
2020-11-17,-0.0075645068469571974,0.029490279355829596,0.00989063975514437,0.023623510294355388,0.02408509138968999,55.71254929759338,0.0143228000101734,-1.4730655824355803,-0.011391188607851266,0.0,0.5270597899450217,0.0,0.58,0.2504926596310742,377,nested_validation
2020-11-18,-0.011391188607851266,-0.012218573409155553,-0.004373827145215725,0.011053542472231115,0.024201343544349944,52.84309388919406,0.015419806097155125,-1.3406188715468577,0.005168178517602318,1.0,0.492242917086845,0.0,0.58,0.2504926596310742,377,nested_validation
2020-11-19,0.005168178517602318,-0.0047816250701401275,0.0009279536308173242,0.015157654259983167,0.024095924054998323,53.9878078969512,0.018964936038227184,-1.3124184307644242,-0.010957357770438603,0.0,0.46526980882739155,0.0,0.58,0.2504926596310742,377,nested_validation
2020-11-20,-0.010957357770438603,-0.016099342882082812,-0.008910770339730534,0.0038705826004261645,0.024196184522485967,51.138797990648264,0.012612883703160367,-1.2922496169036652,-0.02974279442839689,0.0,0.49769122365249674,0.0,0.58,0.2504926596310742,377,nested_validation
2020-11-23,-0.02974279442839689,-0.05361600005952638,-0.03637816241325287,-0.023107949641323233,0.02513071710805122,44.36929991906773,0.03399211944180834,0.4334041611493713,0.011594234483961019,1.0,0.5103810827299929,0.0,0.58,0.2504926596310742,377,nested_validation
2020-11-24,0.011594234483961019,-0.035346272324402794,-0.024545205269426162,-0.010161834913827272,0.02508321423091681,47.21536822729299,0.02830600145923665,-0.05423625333115616,0.007467432547394681,1.0,0.4513901450244747,0.0,0.58,0.2504926596310742,377,nested_validation
2020-11-25,0.007467432547394681,-0.01694461639478173,-0.014372692031878631,-0.0013537387987789806,0.02277357281597257,49.044488313317466,0.013617183897933488,-1.1460073791519572,0.0048261880030886495,1.0,0.4657373493065564,0.0,0.58,0.2504926596310742,377,nested_validation
2020-11-27,0.0048261880030886495,-0.01727908342589124,-0.0074067647706880235,0.004593427177090437,0.021366876622390077,50.25327004409465,0.010892844008553013,-1.8236874105511889,0.02109957406870122,1.0,0.43203107269379293,0.0,0.58,0.2504926596310742,377,nested_validation
2020-11-30,0.02109957406870122,0.014572948118974471,0.013717782079459395,0.02572069263179455,0.01733127272942376,55.27290872714027,0.034943330999334506,2.054345119858882,0.030827415845678052,1.0,0.49423738533547795,0.0,0.58,0.2504926596310742,377,nested_validation
2020-12-01,0.030827415845678052,0.0779096555951646,0.04281919427937786,0.055237846705005866,0.018177200089019928,61.51234781539585,0.028194255623010128,0.6894113907920115,0.0029333752210221054,1.0,0.49704732038922905,0.0,0.58,0.2504926596310742,377,nested_validation
2020-12-02,0.0029333752210221054,0.06868103061191233,0.042608971721551425,0.05658512908431668,0.018069204468466177,62.07126110808086,0.020149523237233537,-0.5281332779588112,-0.0011374843452360839,0.0,0.5088654572019335,0.0,0.58,0.2504926596310742,377,nested_validation
2020-12-03,-0.0011374843452360839,0.05955328002061555,0.03710942238925785,0.05349275588407054,0.016205597995710887,61.69601627722134,0.012770454397643904,-0.7659235296798028,-0.005612146455371003,0.0,0.5129430775934514,0.0,0.58,0.2504926596310742,377,nested_validation
2020-12-04,-0.005612146455371003,0.04854642963647815,0.02815786877009807,0.04557957035540228,0.014550222457881408,59.77805473695801,0.010961177646504488,-0.7124892447028703,0.012269898063752782,1.0,0.5085218508401167,0.0,0.58,0.2504926596310742,377,nested_validation
2020-12-07,0.012269898063752782,0.039479414543185376,0.03519253175696746,0.05572754557292603,0.014719887893255084,62.50694489419188,0.018747472281407565,-0.3921372155494081,0.0050907744370431995,1.0,0.5112772929754968,0.0,0.58,0.2504926596310742,377,nested_validation
2020-12-08,0.0050907744370431995,0.013526758907025593,0.03137751250576892,0.05823469688857519,0.013818766524413198,63.623219760405,0.015195425798186595,-0.46055282215023674,-0.020903814562489242,0.0,0.5291431152979613,0.0,0.58,0.2504926596310742,377,nested_validation
2020-12-09,-0.020903814562489242,-0.010562208814693497,0.004313039956028053,0.03453484280434105,0.014755614921927791,56.187973690218804,0.04064704383199347,0.7949384595538345,0.011988939080023853,1.0,0.5267428942647944,0.0,0.58,0.2504926596310742,377,nested_validation
2020-12-10,0.011988939080023853,0.0024403608047487424,0.010346132571060762,0.04332415776308429,0.013516704657245263,59.07986528251224,0.030185015296861836,-0.42021102057106324,-0.0067349375482629315,0.0,0.5075354693175438,0.0,0.58,0.2504926596310742,377,nested_validation
2020-12-11,-0.0067349375482629315,0.00130847740104989,-0.0012239890631888795,0.03417036100970838,0.013614910076324937,56.785109844478036,0.01805407252966807,-0.17679232333253597,-0.0051466319272966965,0.0,0.5269154853939314,0.0,0.58,0.2504926596310742,377,nested_validation
2020-12-14,-0.0051466319272966965,-0.01591945673025741,-0.008572699260079863,0.025064102834265523,0.013689164861233633,55.03769302003075,0.014862847567226709,-0.4663377437043017,0.050090271183649504,1.0,0.5042781485263953,0.0,0.58,0.2504926596310742,377,nested_validation
2020-12-15,0.050090271183649504,0.028139378880952526,0.03673304534415145,0.07061310557650335,0.017321920655303524,65.96021413767535,0.02948079725862035,2.0833915422414115,-0.0005472715385396176,0.0,0.5077803864776751,0.0,0.58,0.2504926596310742,377,nested_validation
2020-12-16,-0.0005472715385396176,0.04951558666533318,0.0322075089968632,0.06480911892039187,0.017170567815527945,65.76282848192284,0.014161627362241067,0.0756635186986157,0.006963486344662595,1.0,0.5442882339786588,0.0,0.58,0.2504926596310742,377,nested_validation
2020-12-17,0.006963486344662595,0.0443037797254211,0.03458254724795218,0.06808673616434024,0.016834192575767074,67.11073122358754,0.011965878643658383,-0.08570788959495546,-0.015850774238680088,0.0,0.5296293561965724,0.0,0.58,0.2504926596310742,377,nested_validation
2020-12-18,-0.015850774238680088,0.0347195276752541,0.014586845997291542,0.048883347841483404,0.017404663224073778,61.16649036529973,0.023527579905045226,2.5344381922620256,0.01239511032165197,1.0,0.5589044202478405,0.0,0.58,0.2504926596310742,377,nested_validation
2020-12-21,0.01239511032165197,0.05296420959214432,0.023489886197155974,0.059095374513193244,0.017182472029855147,63.822265780449285,0.03790065329704918,0.4597945553573672,0.02846501103649346,1.0,0.5339592927955187,0.0,0.58,0.2504926596310742,377,nested_validation
2020-12-22,0.02846501103649346,0.03127976437544122,0.046359733411634574,0.0845962879275286,0.01600968843918866,69.11133784997797,0.036093490971999306,1.6510927309581007,-0.006976378089649016,0.0,0.5109772194015554,0.0,0.58,0.2504926596310742,377,nested_validation
2020-12-23,-0.006976378089649016,0.024645926375540084,0.03154658192316795,0.07262199332690433,0.01628175039779511,66.47331638475077,0.012599219699869215,-0.4717610375364587,0.007712501809964412,1.0,0.5616053211918997,0.0,0.58,0.2504926596310742,377,nested_validation
2020-12-24,0.007712501809964412,0.025408094672326742,0.0324030999333178,0.07722423175000892,0.016282509319692925,67.92095445430331,0.017882856622883213,-1.2910955717632278,0.03576551819827989,1.0,0.5462956548756585,0.0,0.58,0.2504926596310742,377,nested_validation
2020-12-28,0.03576551819827989,0.07918831691544104,0.05751376104025874,0.11047020959090048,0.017468235459465825,73.64738166087882,0.028019619303880364,0.4314371507270073,-0.013314718408865112,0.0,0.48609094183501156,0.0,0.58,0.2504926596310742,377,nested_validation
2020-12-29,-0.013314718408865112,0.051782271081166176,0.032972142517934344,0.09107244241377233,0.01779824715553755,68.56487897972667,0.03299471423851998,0.4342968229310523,-0.008526432791654215,0.0,0.5141740509826909,0.0,0.58,0.2504926596310742,377,nested_validation
2020-12-30,-0.008526432791654215,0.013952160788031298,0.01960396866179437,0.07786883468183348,0.017154168768000414,65.48955371304851,0.019368916938647788,-0.24760688654902124,-0.007702988382745857,0.0,0.5645083771102407,0.0,0.58,0.2504926596310742,377,nested_validation
2020-12-31,-0.007702988382745857,0.013210236768823158,0.007999241550424419,0.06575748032775275,0.017356508815205788,62.77358976402152,0.02275984789279447,-0.18422758018658136,-0.024719282374071616,0.0,0.5560624156297959,0.0,0.58,0.2504926596310742,377,nested_validation
2021-01-04,-0.024719282374071616,-0.019398484144058203,-0.017447730233464576,0.03625547313275357,0.01842760019112416,54.9576200190989,0.05293252670022703,1.0292325841506107,0.012363673430877187,1.0,0.5546072353415296,0.0,0.58,0.2504926596310742,377,nested_validation
2021-01-05,0.012363673430877187,-0.041553966296677514,-0.008574202479769588,0.04561501295003745,0.01843691669245235,57.72288788096208,0.025265345822223385,-0.35510358300223793,-0.03366139098939436,0.0,0.4795703347726503,0.0,0.58,0.2504926596310742,377,nested_validation
2021-01-06,-0.03366139098939436,-0.06131831060960846,-0.04076377193602754,0.007935083004174004,0.02001160938760959,48.82539912450907,0.03688788194807488,1.2341103151810011,0.034123298821651105,1.0,0.5187323929475294,0.0,0.58,0.2504926596310742,377,nested_validation
2021-01-07,0.034123298821651105,-0.0209395012828526,-0.0073093865524380686,0.03762854806103122,0.02124613545656648,55.98307549136237,0.028796244463706395,-0.13939151755173204,0.008631345686012315,1.0,0.41892710870241473,-1.0,0.58,0.2504926596310742,377,nested_validation
2021-01-08,0.008631345686012315,-0.004823055226538697,0.00043199711154007225,0.04193813474460906,0.02056346672326993,57.65162409047273,0.018175002649055274,-0.25611014426880807,-0.023249174898652192,0.0,0.5117228842857056,0.0,0.58,0.2504926596310742,377,nested_validation
2021-01-11,-0.023249174898652192,-0.003322956804170718,-0.020608602694891287,0.014259317378172653,0.02132190456525655,51.89591878930344,0.012947730068723884,-0.4355559367213548,-0.0013957461854403608,0.0,0.5116692961554812,0.0,0.58,0.2504926596310742,377,nested_validation
2021-01-12,-0.0013957461854403608,-0.016869173464441167,-0.01608073465726123,0.009612391207041604,0.02123781634849999,51.57078796468152,0.021972063385102922,-0.7038632708266326,0.01622692888528321,1.0,0.47141113937303525,0.0,0.58,0.2504926596310742,377,nested_validation
2021-01-13,0.01622692888528321,0.03388606356689183,0.002934567446970071,0.022831035154704304,0.021349976301484344,55.08872681053283,0.022614343867987094,-0.8313269528059697,-0.015127067619963519,0.0,0.49784989973821986,0.0,0.58,0.2504926596310742,377,nested_validation
2021-01-14,-0.015127067619963519,-0.01535300448966248,-0.008582863281462294,0.005736972595996592,0.01887376623175711,51.28780616186132,0.01737650631858966,-0.7011114419724642,-0.013730470676068918,0.0,0.4849924335870417,0.0,0.58,0.2504926596310742,377,nested_validation
2021-01-15,-0.013730470676068918,-0.037183076883557376,-0.018003959397346447,-0.009118498066230774,0.01913005217701826,48.09328291278369,0.02532642155231352,-0.036970144278536794,0.005427060065681832,1.0,0.49180641725444074,0.0,0.58,0.2504926596310742,377,nested_validation
2021-01-19,0.005427060065681832,-0.008915924601336944,-0.01146825295334486,-0.005004932462727041,0.019104679722887975,49.415992989866695,0.013846548127256197,-0.7006460056764264,0.03285619435962772,1.0,0.4568951737208165,0.0,0.58,0.2504926596310742,377,nested_validation
2021-01-20,0.03285619435962772,0.025078075219960416,0.020206396394497395,0.02508567010805063,0.020030917510923136,56.65627119411455,0.029841721410544135,-0.1524084811320208,0.036658230040265805,1.0,0.48778563818110776,0.0,0.58,0.2504926596310742,377,nested_validation
2021-01-21,0.036658230040265805,0.045687329183701,0.04927859417198177,0.059067469801270756,0.021301355841843696,63.19416005221933,0.04442172899801053,0.4796054561385266,0.016073727203061106,1.0,0.5013042057143,0.0,0.58,0.2504926596310742,377,nested_validation
2021-01-22,0.016073727203061106,0.0788147253525171,0.0595245233965942,0.07202879480742319,0.020738743197613624,65.72494263996641,0.03473072248996401,0.4324094991195519,0.02768392402571873,1.0,0.5473999363729657,0.0,0.58,0.2504926596310742,377,nested_validation
2021-01-25,0.02768392402571873,0.12411518077313222,0.07991307716657792,0.09575465472543065,0.02128438572060826,69.65698186647268,0.0598236997012196,2.0776553647213807,0.0016794052329889286,1.0,0.551064854440006,0.0,0.58,0.2504926596310742,377,nested_validation
2021-01-26,0.0016794052329889286,0.11992512476901718,0.07025934983493065,0.09203549816599299,0.02128095533170621,69.88890194231307,0.020466665686079553,-0.6264821703201808,-0.007683966597649805,0.0,0.5379710850378446,0.0,0.58,0.2504926596310742,377,nested_validation
2021-01-27,-0.007683966597649805,0.07596746147942013,0.05161072847946091,0.07825694037864395,0.020145712277022346,67.3482268608734,0.027382792175847968,1.3812065854629414,-0.034985220665267436,0.0,0.5514848541312011,0.0,0.58,0.2504926596310742,377,nested_validation
2021-01-28,-0.034985220665267436,0.0016073497729183206,0.01018354723113113,0.03651891789051409,0.0214855083740287,57.22615692623555,0.03858785240524319,1.3516115421712507,-0.03742039438700384,0.0,0.5677139799887705,0.0,0.58,0.2504926596310742,377,nested_validation
2021-01-29,-0.03742039438700384,-0.051125147800603954,-0.02979844337810711,-0.0032929334532519894,0.022998797881450993,49.03424861069517,0.04948468056277113,2.3539535777361955,0.016520065077277213,1.0,0.4507743805411155,0.0,0.58,0.2504926596310742,377,nested_validation
2021-02-01,0.016520065077277213,-0.06143289394903173,-0.018820367590260845,0.011560597805993167,0.023218952119227223,52.16779166560533,0.033174386665269735,-0.43431455302954186,0.006336757690168948,1.0,0.455350438417402,0.0,0.58,0.2504926596310742,377,nested_validation
2021-02-02,0.006336757690168948,-0.05706898490312495,-0.017747194494551977,0.016363617445475986,0.022486385584724326,53.371617261789716,0.012593502326572427,-1.2014680848148804,-0.007778612932688556,0.0,0.4853514623588943,0.0,0.58,0.2504926596310742,377,nested_validation
2021-02-03,-0.007778612932688556,-0.0571589209333504,-0.026740395258050054,0.006618547184210621,0.022467130774714614,51.64254224817246,0.016126650908897,-0.9208288427870284,0.025757845603002316,1.0,0.5078365238018812,0.0,0.58,0.2504926596310742,377,nested_validation
2021-02-04,0.025757845603002316,0.0021884169236658924,-0.0020484084719291085,0.03018288643675704,0.02154965641734711,56.61574594921697,0.02045270813798011,-1.0445964144515294,-0.003098173877679189,0.0,0.4885080354173605,0.0,0.58,0.2504926596310742,377,nested_validation
2021-02-05,-0.003098173877679189,0.037922949046481635,-0.0036162905548022817,0.025687778444213327,0.020476858173110138,55.85254043112579,0.011406826712878872,-1.259372750298992,0.0010968174750565218,1.0,0.5127816030306344,0.0,0.58,0.2504926596310742,377,nested_validation
2021-02-08,0.0010968174750565218,0.02217496414669129,0.0017070922486630558,0.0252376662562368,0.020429275976873735,56.07757860268452,0.014900361480937357,-1.301052479926799,-0.00657346564254957,0.0,0.5178960372248057,0.0,0.58,0.2504926596310742,377,nested_validation
2021-02-09,-0.00657346564254957,0.009061553579698733,0.00019846523218580714,0.0174222879974546,0.01970546113476073,54.289497971333184,0.014925364762034689,-1.0300676189440539,-0.004558802522870997,0.0,0.5321603065311461,0.0,0.58,0.2504926596310742,377,nested_validation
2021-02-10,-0.004558802522870997,0.0123360112125519,0.00038977562718556236,0.013060936432256032,0.01975215142307883,53.03481013905264,0.019130006709178846,-1.0992691878316283,-0.0019202645471331214,0.0,0.5164830047032922,0.0,0.58,0.2504926596310742,377,nested_validation
2021-02-11,-0.0019202645471331214,-0.014979936452287457,-0.0002344405894622037,0.010999291080736384,0.019528597184479544,52.48705976413733,0.019388699937217,-1.3081472589496344,0.0017758907971050508,1.0,0.47809100192911985,0.0,0.58,0.2504926596310742,377,nested_validation
2021-02-12,0.0017758907971050508,-0.010163964237283607,-0.0011244905162173247,0.012327800325359739,0.019136954174032217,52.969899150438124,0.013592349887416089,-1.3354583854482722,-0.016103763359713308,0.0,0.47325045653615194,0.0,0.58,0.2504926596310742,377,nested_validation
2021-02-16,-0.016103763359713308,-0.027171065297944885,-0.016666042671498627,-0.004147752734075083,0.019245554661835175,48.180024166345184,0.02417599791035126,-0.6314612984814233,-0.017643898088140153,0.0,0.4798602653471169,0.0,0.58,0.2504926596310742,377,nested_validation
2021-02-17,-0.017643898088140153,-0.0380119645796424,-0.031191579408278658,-0.02211404753945989,0.01972618162578853,43.6027201427797,0.021018037885741022,-0.09621000059470532,-0.00863638117741683,0.0,0.49130900249814363,0.0,0.58,0.2504926596310742,377,nested_validation
2021-02-18,-0.00863638117741683,-0.0419525106300771,-0.0366839272258217,-0.030292617523976606,0.01845316971093151,41.55820460848329,0.019967590808964972,-0.1179636272949692,0.001233498623881557,1.0,0.4971009357384337,0.0,0.55,1.1909300120557134,440,nested_validation
2021-02-19,0.001233498623881557,-0.038925242586520525,-0.03022727516356727,-0.029932639851078302,0.016370589569559717,41.97309252316849,0.014707043458236157,-0.3593816200346874,-0.029799197145976675,0.0,0.46099683958585397,0.0,0.55,1.1909300120557134,440,nested_validation
2021-02-22,-0.029799197145976675,-0.06921746688936381,-0.05150479241563133,-0.05773141174130059,0.016827093128552243,35.42260428084036,0.032698434496682624,0.17524002429240207,-0.0011111456803645225,0.0,0.5999835725515156,1.0,0.55,1.1909300120557134,440,nested_validation
2021-02-23,-0.0011111456803645225,-0.05503419619285699,-0.04461164649736471,-0.05737019337244531,0.015141639941654688,35.20853056143652,0.06610519350450345,1.9092903689607146,-0.004052154175094302,0.0,0.5296457501434737,0.0,0.55,1.1909300120557134,440,nested_validation
2021-02-24,-0.004052154175094302,-0.04195977930173589,-0.04072063502074985,-0.060383510918938454,0.015044756388275016,34.39312931840094,0.02656557034061434,0.37962573997311,-0.034782442265378966,0.0,0.5036773042826627,0.0,0.55,1.1909300120557134,440,nested_validation
2021-02-25,-0.034782442265378966,-0.06722697456642746,-0.0637694404942567,-0.09133610556293859,0.016267060753033143,28.34873779141246,0.048929649338543164,1.5243823790459317,0.0022314965801777387,1.0,0.5746270896950832,1.0,0.55,1.1909300120557134,440,nested_validation
2021-02-26,0.0022314965801777387,-0.06629721584945436,-0.05150027273404312,-0.08715237770849538,0.015138905993255387,29.17876143293097,0.030100622312197085,1.8958311658015041,0.05385125478526365,1.0,0.5662210885356955,1.0,0.55,1.1909300120557134,440,nested_validation
2021-03-01,0.05385125478526365,0.014206386738681243,0.005539542884345439,-0.037770399322756276,0.018369383261234867,45.594538563068696,0.04022223454749118,0.6462595416617205,-0.020893658720465003,0.0,0.3752979665968246,-1.0,0.55,1.1909300120557134,440,nested_validation
2021-03-02,-0.020893658720465003,-0.00587948265934779,-0.00917811097811616,-0.05744189220659324,0.018358047320805523,41.37188097884519,0.029651526558761965,0.17049310800163542,-0.024456529912473268,0.0,0.5173050305713143,0.0,0.55,1.1909300120557134,440,nested_validation
2021-03-03,-0.024456529912473268,-0.026246421198439118,-0.02664255497863066,-0.07920355835620596,0.018777351781195606,37.12794486578039,0.03170574163516839,0.4879590310739195,-0.015811905613912547,0.0,0.5229789669970171,0.0,0.55,1.1909300120557134,440,nested_validation
2021-03-04,-0.015811905613912547,-0.007108116255554409,-0.03465845367116538,-0.09108832266452682,0.01892270393234208,34.709518614144,0.04145505570131333,2.2244550012655364,0.010738276496604193,1.0,0.5010263400440098,0.0,0.55,1.1909300120557134,440,nested_validation
2021-03-05,0.010738276496604193,0.001319390527699138,-0.0176217231261927,-0.07778222976837446,0.01795340369219926,37.63364062811973,0.03599079898273064,1.340893161223458,-0.04167347360995988,0.0,0.4897057863022849,0.0,0.55,1.1909300120557134,440,nested_validation
2021-03-08,-0.04167347360995988,-0.08944366771482226,-0.05116038219426566,-0.11115039215293199,0.019547375393529676,31.646495809460845,0.041165356569285175,1.2215870167470175,0.04064972668081479,1.0,0.5490722139647641,0.0,0.55,1.1909300120557134,440,nested_validation
2021-03-09,0.04064972668081479,-0.032209109092549704,-0.00873466647619947,-0.06989944039634077,0.02217691297629873,41.08242201993357,0.027004680336613192,0.45884859035307535,-0.009166535066838177,0.0,0.39436785681776154,-1.0,0.55,1.1909300120557134,440,nested_validation
2021-03-10,-0.009166535066838177,-0.017040622820687412,-0.01348445668929854,-0.07297412568772166,0.022188183739490837,39.69750486484588,0.022670454614101707,-0.09889524688437903,0.016502541727831055,1.0,0.5175674899776371,0.0,0.55,1.1909300120557134,440,nested_validation
2021-03-11,0.016502541727831055,0.01523348130038249,0.0019964094608087013,-0.05282425231470278,0.022725197568195424,43.365111820889396,0.015988823900298252,-0.4225484949702124,-0.007625463228023044,0.0,0.4744482918013647,0.0,0.55,1.1909300120557134,440,nested_validation
2021-03-12,-0.007625463228023044,-0.003211930181360234,-0.0054563427988623125,-0.0561728761039626,0.022721140220345895,42.07080606549424,0.01660740747838263,-0.9629098972105723,0.024456794941158932,1.0,0.5061028239048256,0.0,0.55,1.1909300120557134,440,nested_validation
2021-03-15,0.024456794941158932,0.06557241516486201,0.0220584735866709,-0.031132221393618487,0.023592266435385607,47.44714155658093,0.028873311498787982,-0.9463449251113379,0.012742916549711492,1.0,0.4779861437002479,0.0,0.55,1.1909300120557134,440,nested_validation
2021-03-16,0.012742916549711492,0.036997260327899406,0.03469867491719736,-0.01664220473366662,0.023696155617258192,50.10884729974539,0.019909214032617625,-0.22304108512587978,-0.006450505136908813,0.0,0.4992582212747223,0.0,0.55,1.1909300120557134,440,nested_validation
2021-03-17,-0.006450505136908813,0.039839832461346036,0.02574226550918901,-0.020420964686613807,0.023466778375880234,48.7458037914352,0.028214204971055742,-0.3751616995768213,-0.03390517628622869,0.0,0.5041740657055457,0.0,0.55,1.1909300120557134,440,nested_validation
2021-03-18,-0.03390517628622869,-0.01172516703723181,-0.009361494418135385,-0.0503504374258571,0.024444405772427718,42.2780080626795,0.02372853761982142,-0.07665814042825847,-0.004480351845230213,0.0,0.5188300444659895,0.0,0.55,1.1909300120557134,440,nested_validation
2021-03-19,-0.004480351845230213,-0.00859304875798872,-0.01263943147112978,-0.05031647024737862,0.024422359119502694,41.52059433329619,0.014584548972047254,2.032945464054224,0.02833586182553538,1.0,0.5124292964423588,0.0,0.55,1.1909300120557134,440,nested_validation
2021-03-22,0.02833586182553538,-0.004839123856036798,0.009498561308334708,-0.01994942618734552,0.024596310342960868,47.854795546718265,0.02925683303516098,-0.594847122216011,-0.006888528047411913,0.0,0.4252914473305976,-1.0,0.55,1.1909300120557134,440,nested_validation
2021-03-23,-0.006888528047411913,-0.024129750614309442,0.00135667399818451,-0.02298342642237028,0.02463281281536729,46.49885443588624,0.017137248722306715,-1.0704552246228847,-0.01999373748120037,0.0,0.502562351949788,0.0,0.55,1.1909300120557134,440,nested_validation
2021-03-24,-0.01999373748120037,-0.03743199433104882,-0.018752365673257332,-0.03844928614144061,0.024973154037192528,42.73964509410574,0.023565675054998427,-1.2345426053859543,0.004163673805095636,1.0,0.5134558285675651,0.0,0.55,1.1909300120557134,440,nested_validation
2021-03-25,0.004163673805095636,0.0004978819202838825,-0.013562541256480154,-0.030616569657870074,0.02381959784494103,43.73931251683791,0.02205824482037564,-0.794179306138487,0.005141352741802274,1.0,0.4765705329388313,0.0,0.55,1.1909300120557134,440,nested_validation
2021-03-26,0.005141352741802274,0.010167701172602683,-0.00863689282496094,-0.021984689311386196,0.02384095045066168,45.02101756392845,0.021120412567647733,-0.8721840624095275,0.0014851368269628296,1.0,0.5014193487545119,0.0,0.55,1.1909300120557134,440,nested_validation
2021-03-29,0.0014851368269628296,-0.01620863768080949,-0.00504881905858523,-0.016835472883149905,0.02044550994796544,45.4098817838286,0.0152401226083116,-1.233316603662355,-0.012274576683891314,0.0,0.4784160935289655,0.0,0.55,1.1909300120557134,440,nested_validation
2021-03-30,-0.012274576683891314,-0.02154413956075596,-0.01267301312756608,-0.025406605867416165,0.020138774471722333,42.716685059088384,0.012844044169548648,-1.0149360224995092,0.01876573047263519,1.0,0.5167500377095916,0.0,0.55,1.1909300120557134,440,nested_validation
2021-03-31,0.01876573047263519,0.017154009642356804,0.008021358387254596,-0.0047743702759959206,0.019922949619943876,47.75560308498872,0.019402333913891838,0.08049857085343333,0.006958455687671172,1.0,0.47233555243957615,0.0,0.55,1.1909300120557134,440,nested_validation
2021-04-01,0.006958455687671172,0.01998494614413815,0.01297087238218575,0.003980465228816676,0.019621708468255925,49.56063611865263,0.013739857247205278,-1.3148564430048293,0.023577333251488364,1.0,0.5087011072190839,0.0,0.55,1.1909300120557134,440,nested_validation
2021-04-05,0.023577333251488364,0.03869318308612879,0.03183187061721293,0.02876288412162875,0.020121235556201957,55.242482373883014,0.024543319538006595,-0.7357092109310215,0.0024622547475579015,1.0,0.4780209409280596,0.0,0.55,1.1909300120557134,440,nested_validation
2021-04-06,0.0024622547475579015,0.039706603740986335,0.03198740171049064,0.03123697407557735,0.017451802376743552,55.81545504586009,0.01172645383309536,-0.988319460381733,0.013390455773334864,1.0,0.5192104401649072,0.0,0.55,1.1909300120557134,440,nested_validation
2021-04-07,0.013390455773334864,0.06672231387773442,0.041242702012320276,0.04446538232872799,0.015510129149472189,58.90418939077646,0.021735721236362686,-0.7662721391752811,0.01923345347575367,1.0,0.48556050972897075,0.0,0.55,1.1909300120557134,440,nested_validation
2021-04-08,0.01923345347575367,0.06721205410869868,0.05246984274159883,0.06310423893600903,0.015643550281215085,62.96275229581642,0.014344853547346492,-0.4884557346405208,0.02025158392452897,1.0,0.5045066229422205,0.0,0.55,1.1909300120557134,440,nested_validation
2021-04-09,0.02025158392452897,0.0813006062342172,0.06313222351127368,0.08110423429323288,0.015810459196401266,66.75707322392721,0.026842045604734164,0.2597743128283112,-0.013232908215688455,0.0,0.48816038099661757,0.0,0.55,1.1909300120557134,440,nested_validation
2021-04-12,-0.013232908215688455,0.04241450049402018,0.04071997498711788,0.063921118200154,0.016070007855502062,62.183469135492516,0.016915583113250962,-0.39477141701486923,0.024306744551990223,1.0,0.5308765529919556,0.0,0.55,1.1909300120557134,440,nested_validation
2021-04-13,0.024306744551990223,0.06512958310206152,0.055106079119230156,0.08782970584007366,0.016060575092355308,66.6441769614687,0.02030804980338255,-0.39851370216540233,-0.017853362303331788,0.0,0.4627705096060644,0.0,0.55,1.1909300120557134,440,nested_validation
2021-04-14,-0.017853362303331788,0.0322905971683316,0.02649613156783892,0.06642059871420147,0.016619487372588202,60.83049365662313,0.025297253417943238,-0.512312785673654,0.018708068337697892,1.0,0.5395536158427949,0.0,0.55,1.1909300120557134,440,nested_validation
2021-04-15,0.018708068337697892,0.03175848145327409,0.035754811693583965,0.08274482136590855,0.016833834633851505,64.2837220441238,0.010111528701498586,-0.37531891802874007,-0.0025281344582802623,0.0,0.4973046605929744,0.0,0.55,1.1909300120557134,440,nested_validation
2021-04-16,-0.0025281344582802623,0.008721842239078903,0.024333111307129895,0.07595675920592937,0.014542950421946511,63.45435968675256,0.010360758435496553,-0.4965665326786337,0.00506873360320137,1.0,0.509971052042923,0.0,0.55,1.1909300120557134,440,nested_validation
2021-04-19,0.00506873360320137,0.027430680429221477,0.022545465883206273,0.07754470538446157,0.014363874283926855,64.44236838596957,0.015796536195944493,0.24252447839986907,-0.01283010082504632,0.0,0.5477394259060056,0.0,0.55,1.1909300120557134,440,nested_validation
2021-04-20,-0.01283010082504632,-0.009819425086203704,0.004171745937678439,0.05899467982989215,0.013952724924595575,59.99835284032821,0.027946819950760537,0.42023121151098825,0.0029300874973863245,1.0,0.5401832206181424,0.0,0.55,1.1909300120557134,440,nested_validation
2021-04-21,0.0029300874973863245,0.011134032862427867,0.002877308056489003,0.05861368112412313,0.013735693569322648,60.65706836972721,0.018352037065484727,-1.989787987986062,-0.011685638837553358,0.0,0.5099364653117339,0.0,0.55,1.1909300120557134,440,nested_validation
2021-04-22,-0.011685638837553358,-0.01903369886065487,-0.010016992009469372,0.04294604949575209,0.013103151901933832,56.63947083829025,0.020766940910068702,-0.45849362458702764,0.018038651281581997,1.0,0.5111132579912442,0.0,0.55,1.1909300120557134,440,nested_validation
2021-04-23,0.018038651281581997,0.0011927600807219996,0.006843735396063755,0.05831274555345756,0.013414599920775297,60.89495691203577,0.022036861924324847,-0.9256707699432676,0.002978172636417753,1.0,0.4909487182230207,0.0,0.55,1.1909300120557134,440,nested_validation
2021-04-26,0.002978172636417753,-0.0008897387917158328,0.007214887883462584,0.05766178717684367,0.013425736643505728,61.57750757058792,0.011134204174646894,-1.7669781607126558,-0.002449862666621061,0.0,0.5085685697005384,0.0,0.55,1.1909300120557134,440,nested_validation
2021-04-27,-0.002449862666621061,0.00961605404752719,0.004777422522516561,0.05220696638863398,0.013510051347018475,60.63711607090421,0.009673361542242421,-1.6590533298841252,-0.006027335308024573,0.0,0.4811477043019296,0.0,0.55,1.1909300120557134,440,nested_validation
2021-04-28,-0.006027335308024573,0.0005989171802900373,-0.002434742553818703,0.04368317573931946,0.01317058476359604,58.28454356402823,0.01452315028307809,1.5610602715550226,-0.0007482277133731285,0.0,0.54269031166123,0.0,0.55,1.1909300120557134,440,nested_validation
2021-04-29,-0.0007482277133731285,0.011672278205559383,-0.0024212699936069226,0.04053916759621834,0.012871341829583187,57.98559795330187,0.03461200572261771,3.453970395144512,-0.015133294010412746,0.0,0.5026859275819903,0.0,0.55,1.1909300120557134,440,nested_validation
2021-04-30,-0.015133294010412746,-0.021292224098764523,-0.015531421908906329,0.021890056612885678,0.013545590305560129,52.162471366583446,0.018941047521735175,1.0478771197648382,0.008215203918315872,1.0,0.5020790913643606,0.0,0.55,1.1909300120557134,440,nested_validation
2021-05-03,0.008215203918315872,-0.016181920227685498,-0.005731274782610818,0.02694559726901291,0.012795748405072863,54.777279311076406,0.01690060062345285,-0.8051048691237885,-0.035385493598029116,0.0,0.4606565720186074,0.0,0.55,1.1909300120557134,440,nested_validation
2021-05-04,-0.035385493598029116,-0.04866416644905869,-0.03711455731323532,-0.010533144080879131,0.015247987244599208,43.62525157698738,0.037465847493861594,2.119432729550582,0.001955569346700603,1.0,0.5153482938612121,0.0,0.55,1.1909300120557134,440,nested_validation
2021-05-05,0.001955569346700603,-0.04102369149071161,-0.03129190034902285,-0.010018148098068225,0.014975711925950838,44.276546722015766,0.019359840822607142,-0.4256238998237816,0.01280258851267324,1.0,0.4716021003849955,0.0,0.55,1.1909300120557134,440,nested_validation
2021-05-06,0.01280258851267324,-0.028019049335306745,-0.01725501104403071,0.00016984772671002624,0.01462840230655664,48.48107904245399,0.02019425493796582,-0.6717513864070551,0.005326983737924174,1.0,0.44595364119132713,-1.0,0.55,1.1909300120557134,440,nested_validation
2021-05-07,0.005326983737924174,-0.0078264688614752,-0.009101064850384533,0.002961391065324781,0.013933785049265589,50.186834933205915,0.013670214941378303,-0.5688440810275569,-0.02580437721237383,0.0,0.45977253015342,0.0,0.55,1.1909300120557134,440,nested_validation
2021-05-10,-0.02580437721237383,-0.041304765763873874,-0.02902412757790651,-0.024383673472581968,0.014737378367021622,42.76163055269415,0.021521448643107503,-0.1319112515262181,-0.007410209175899296,0.0,0.5254544474021202,0.0,0.55,1.1909300120557134,440,nested_validation
2021-05-11,-0.007410209175899296,-0.013501149216643915,-0.03009277263379151,-0.03278503548306744,0.013531603477721582,40.9368889150665,0.02779763242158702,1.4856240685398574,-0.024938582422637467,0.0,0.5052855964694231,0.0,0.55,1.1909300120557134,440,nested_validation
2021-05-12,-0.024938582422637467,-0.03998041698551713,-0.046507414984507944,-0.05764758857920349,0.013998137138851374,35.48890835869024,0.019467292131618862,0.7987952825503466,0.01791982275517867,1.0,0.5215135405351997,0.0,0.55,1.1909300120557134,440,nested_validation
2021-05-13,0.01791982275517867,-0.03512987144051427,-0.023136341312139708,-0.04150317007766502,0.013936681203963795,41.375679328710426,0.015123624639409229,0.484933031294006,0.019844733690276284,1.0,0.48032423337491886,0.0,0.55,1.1909300120557134,440,nested_validation
2021-05-14,0.019844733690276284,-0.021196351810077174,-0.0007927947405106384,-0.0236449098459538,0.014837397780555006,47.22227711339009,0.01600628453805117,-0.5459000830546522,-0.009258596232692429,0.0,0.44144272937682755,-1.0,0.55,1.1909300120557134,440,nested_validation
2021-05-17,-0.009258596232692429,-0.0045723079258293,-0.005329841420494974,-0.03282869147671097,0.014806955192943208,44.926415159116516,0.013938403286772596,-0.8196684724577306,-0.011245805308545465,0.0,0.4933004731785435,0.0,0.55,1.1909300120557134,440,nested_validation
2021-05-18,-0.011245805308545465,-0.008418870364154007,-0.014354750475528366,-0.043425423025347576,0.014758757303723015,42.26351506957729,0.017701234373108627,-1.171375928879575,-0.0012814734769596159,0.0,0.5219171484965108,0.0,0.55,1.1909300120557134,440,nested_validation
2021-05-19,-0.0012814734769596159,0.015639042695883898,-0.013130323591053816,-0.0439203958847294,0.014702528750453234,41.961729430778135,0.016520952107301437,-0.02258445908948033,0.021012222416954218,1.0,0.5165320659352273,0.0,0.55,1.1909300120557134,440,nested_validation
2021-05-20,0.021012222416954218,0.018724513439166923,0.009371532479583333,-0.023124722193132996,0.015467698858056224,48.45295744352121,0.020579709345891664,-0.6615310783531506,-0.014767112756915557,0.0,0.4596995104313955,0.0,0.55,1.1909300120557134,440,nested_validation
2021-05-21,-0.014767112756915557,-0.01584931458224148,-0.0017508274752371378,-0.035738976133681155,0.015033673519003272,44.598429539910036,0.02224348966546419,-0.5618896542525288,0.013314156126129406,1.0,0.480133370907369,0.0,0.55,1.1909300120557134,440,nested_validation
2021-05-24,0.013314156126129406,0.006573276843964138,0.011338788074908734,-0.021918794484884874,0.015410777144390797,48.51640244456618,0.01573564141629191,-1.2171645535048816,-0.0015734694974707253,0.0,0.49118342088674477,0.0,0.55,1.1909300120557134,440,nested_validation
2021-05-25,-0.0015734694974707253,0.016419925085114473,0.00895267279094103,-0.021625218549862435,0.015412680366296677,48.07791370786167,0.01576050122415997,-0.8724185266780284,-0.00039418775672939166,0.0,0.49730723435381285,0.0,0.55,1.1909300120557134,440,nested_validation
2021-05-26,-0.00039418775672939166,0.01732293715641875,0.005293867839498034,-0.020763641496919116,0.015400020965034766,47.961150761259276,0.007646836676163006,-1.353945769674344,-0.012376736897930174,0.0,0.4857671215758908,0.0,0.55,1.1909300120557134,440,nested_validation
2021-05-27,-0.012376736897930174,-0.015945375810889617,-0.007392247987175304,-0.030640473207502406,0.015546354135902715,44.322811311638226,0.02043420804228821,0.34230049467839285,-0.005347895606608755,0.0,0.4962297235658448,0.0,0.55,1.1909300120557134,440,nested_validation
2021-05-28,-0.005347895606608755,-0.006537423322683811,-0.010474026866099662,-0.03350062619605154,0.01530765547752282,42.829636133202456,0.010031297599529488,-0.7012077488853603,-0.00264840762010754,0.0,0.4859657331919363,0.0,0.55,1.1909300120557134,440,nested_validation
2021-06-01,-0.00264840762010754,-0.022187268549693995,-0.01153266855674484,-0.03347867122871384,0.015110346856692979,42.077679080926806,0.011345317400741182,-0.8524137894379921,0.006276220457722692,1.0,0.4849470441131113,0.0,0.55,1.1909300120557134,440,nested_validation
2021-06-02,0.006276220457722692,-0.014499645533243899,-0.005494954014106157,-0.025435862593972014,0.013262658973405885,44.555410098798646,0.009515391294120094,-1.2574227207558313,-0.012154273106236957,0.0,0.4343910194946986,-1.0,0.55,1.1909300120557134,440,nested_validation
2021-06-03,-0.012154273106236957,-0.026093784081208438,-0.016683191714158108,-0.03484067308017336,0.013464162719237296,40.885075171271325,0.013922625934568568,-0.26736014963489785,0.01902222411445753,1.0,0.5035645429833638,0.0,0.55,1.1909300120557134,440,nested_validation
2021-06-04,0.01902222411445753,0.004869078424993845,0.0031555029477623453,-0.014986679860457874,0.013860048779775563,48.01506440065468,0.018349393908871765,-0.31870729706743955,7.945762893979413e-05,1.0,0.47291659838985367,0.0,0.55,1.1909300120557134,440,nested_validation
2021-06-07,7.945762893979413e-05,0.010352180928877353,0.002859623311894266,-0.01279912078832679,0.013781099059715805,48.04379018134239,0.011834772404377383,-0.5263878291101316,0.006671983314974872,1.0,0.4861906926278498,0.0,0.55,1.1909300120557134,440,nested_validation
2021-06-08,0.006671983314974872,0.019794064192832028,0.009840263109818448,-0.004194992057767966,0.012703036119193184,50.516609144274,0.017752940408070714,-0.29952999099326655,0.003077138179357286,1.0,0.4881673073547995,0.0,0.55,1.1909300120557134,440,nested_validation
2021-06-09,0.003077138179357286,0.016552006940542485,0.012762091684653365,0.0007122685796878692,0.012600834410457267,51.66678761396931,0.009675162302424259,-1.3111128850822706,-0.008023287098575471,0.0,0.47532776092165524,0.0,0.55,1.1909300120557134,440,nested_validation
2021-06-10,-0.008023287098575471,0.020803037240522793,0.005228994426303757,-0.005426471280710166,0.011368280792133869,48.492099136048225,0.017841566799701305,-0.24412536920039907,0.009832578540718728,1.0,0.5032010723215004,0.0,0.55,1.1909300120557134,440,nested_validation
2021-06-11,0.009832578540718728,0.011597332113739478,0.01344081396883845,0.005913919423789382,0.010908273179240396,52.32707558406843,0.010522214239032324,-1.6851552122395326,0.02457798666746669,1.0,0.4704834531928056,0.0,0.55,1.1909300120557134,440,nested_validation
2021-06-14,0.02457798666746669,0.03637800971593852,0.03352128171842117,0.03084274811152299,0.011356622759585377,60.35172530909633,0.026594065794993176,2.0727567771277324,-0.006437489419917175,0.0,0.5216801398588023,0.0,0.55,1.1909300120557134,440,nested_validation
2021-06-15,-0.006437489419917175,0.02288168768989718,0.02252672233855768,0.024928777988986406,0.011242297478720176,57.552004819445905,0.009333590863652725,-0.7470084272625832,0.003933790886979427,1.0,0.5139619469409114,0.0,0.55,1.1909300120557134,440,nested_validation
2021-06-16,0.003933790886979427,0.023755253973071655,0.02244431961802751,0.02827861834490708,0.01087049663414704,58.801629644303624,0.01867070910286757,1.4772667287543493,0.012600796448756224,1.0,0.5237749680607283,0.0,0.55,1.1909300120557134,440,nested_validation
2021-06-17,0.012600796448756224,0.04504004182681487,0.028661060963810048,0.0401654270831886,0.011071244238099786,62.613305903574485,0.02200477504371023,1.8005644787883075,-0.010091731459205722,0.0,0.5465984618509016,0.0,0.55,1.1909300120557134,440,nested_validation
2021-06-18,-0.010091731459205722,0.0244210776557634,0.01466076086013901,0.029413785535270742,0.010582271862856433,57.932218330965895,0.009734699895097166,2.24860705538309,0.014103918539090543,1.0,0.5277307356065057,0.0,0.55,1.1909300120557134,440,nested_validation
2021-06-21,0.014103918539090543,0.013948613578713909,0.023874968050480838,0.04335899502592411,0.010259233349217096,62.14838950285144,0.02418742913399863,0.30917202136171973,0.012698097923895757,1.0,0.5253247960845173,0.0,0.55,1.1909300120557134,440,nested_validation
2021-06-22,0.012698097923895757,0.0334768285130167,0.031098948891238987,0.05463096730591688,0.010228263124973236,65.54386932644672,0.01836100009190789,-0.05313198787367296,-0.002089423542030344,0.0,0.5494432913735912,0.0,0.55,1.1909300120557134,440,nested_validation
2021-06-23,-0.002089423542030344,0.02727636728534244,0.02376813136131606,0.050280637031651754,0.010239631624758742,64.50546664123047,0.008152667326549195,-0.9697736035510816,-0.0021690828535557705,0.0,0.5415322366350614,0.0,0.55,1.1909300120557134,440,nested_validation
2021-06-24,-0.0021690828535557705,0.012292428888164064,0.015869017195376367,0.04509077171573583,0.010273400704515538,63.38513370502708,0.01281767983605009,-0.46744252170387823,-0.002249011459315886,0.0,0.513115973630356,0.0,0.55,1.1909300120557134,440,nested_validation
2021-06-25,-0.002249011459315886,0.02031249128190593,0.009158123104964222,0.0405286750464926,0.00976065322273761,62.18184088823013,0.008113603982439687,-0.25675136489472067,0.012546035371912234,1.0,0.5314453281543293,0.0,0.55,1.1909300120557134,440,nested_validation
2021-06-28,0.012546035371912234,0.018745070402870434,0.018498764042310212,0.05157471552644233,0.009766934015432653,66.04553307270243,0.014097001882272146,-0.8258724030479733,0.011500447274459757,1.0,0.5336592987772046,0.0,0.55,1.1909300120557134,440,nested_validation
2021-06-29,0.011500447274459757,0.01754026840148515,0.025029965017582034,0.0608926513415764,0.009773770864707591,69.19167234332356,0.015697200622797808,-0.6406753185582544,0.004621111354028651,1.0,0.5299831197359304,0.0,0.55,1.1909300120557134,440,nested_validation
2021-06-30,0.004621111354028651,0.024382804837455252,0.02452092605533851,0.06245770014429719,0.009766954805844804,70.39245894203675,0.011244220717214322,-0.7535606153177506,0.00226340978575279,1.0,0.5445248151567392,0.0,0.55,1.1909300120557134,440,nested_validation
2021-07-01,0.00226340978575279,0.02893324436007605,0.02264771408376509,0.0614097622867642,0.009005983331997092,70.99159478307556,0.011437366324419294,-1.3573506374319604,0.019596094967357702,1.0,0.5516454518813445,1.0,0.55,1.1909300120557134,440,nested_validation
2021-07-02,0.019596094967357702,0.05146106591790156,0.035359993617030794,0.07869224639946903,0.009050387378780226,75.60477743439063,0.016076020949326496,0.39109113012101,0.0147188795671096,1.0,0.467453838224946,0.0,0.55,1.1909300120557134,440,nested_validation
2021-07-06,0.0147188795671096,0.05371741870952196,0.043099015608056845,0.08992407077193976,0.009185339406630244,78.43340887671418,0.021686991125255507,1.9795252943974866,0.01795516944800557,1.0,0.501212419506805,0.0,0.55,1.1909300120557134,440,nested_validation
2021-07-07,0.01795516944800557,0.06044154147735936,0.053632772460729505,0.10455748190211755,0.009543636871529372,81.32062388803683,0.015425023272897619,1.5796532210519318,-0.009199566967100004,0.0,0.39835204840003835,-1.0,0.55,1.1909300120557134,440,nested_validation
2021-07-08,-0.009199566967100004,0.04585293562637638,0.036731624432698284,0.08986066619699185,0.010130363295700696,75.63337401395901,0.023666568414158616,1.442955005465057,0.01305477978200864,1.0,0.5180194416620371,0.0,0.55,1.1909300120557134,440,nested_validation
2021-07-09,0.01305477978200864,0.057113634041404016,0.04144683419102502,0.09899895938477843,0.009700352067341567,77.96659688203636,0.02067397138296194,1.0336662441470104,-0.004203425287284457,0.0,0.4821109897593967,0.0,0.55,1.1909300120557134,440,nested_validation
2021-07-12,-0.004203425287284457,0.032438375408099684,0.028660321033947778,0.08909496403194295,0.009980128355225173,75.42940730809936,0.016055414008434216,-0.2811057191507859,0.007888867511312014,1.0,0.5565405294154641,1.0,0.55,1.1909300120557134,440,nested_validation
2021-07-13,0.007888867511312014,0.025489094486162323,0.028821504319082702,0.09191763258702523,0.009081467775840258,76.93974834767067,0.02629773308916207,1.056517570442505,0.024100793696943734,1.0,0.5618793835363625,1.0,0.55,1.1909300120557134,440,nested_validation
2021-07-14,0.024100793696943734,0.031680202734586826,0.044160756453511585,0.11132645505170102,0.009495095049951238,80.84430193906111,0.01267190563714849,2.0933519535127214,-0.004492069241259111,0.0,0.4541008282604339,0.0,0.55,1.1909300120557134,440,nested_validation
2021-07-15,-0.004492069241259111,0.03658192869901922,0.031154194612526442,0.09993618873860455,0.009807099739302749,78.12510633192831,0.019598624365865788,1.0278294919059356,-0.014076389049228033,0.0,0.5420036758441793,0.0,0.55,1.1909300120557134,440,nested_validation
2021-07-16,-0.014076389049228033,0.008820666547930012,0.010240839758950182,0.07836847406286074,0.010683124052264176,70.19348344682575,0.026504471891526108,0.3825366571473937,-0.026914148368613833,0.0,0.5117701675406118,0.0,0.55,1.1909300120557134,440,nested_validation
2021-07-19,-0.026914148368613833,-0.014187091641338578,-0.018635291456323366,0.04509547679242365,0.012389675808257599,58.19847926728674,0.016848081479043202,1.6484709609658885,0.025973810472799785,1.0,0.5640491839745662,1.0,0.55,1.1909300120557134,440,nested_validation
2021-07-20,0.025973810472799785,0.003501733776871241,0.003997912008297799,0.06695682464344865,0.013100259576315094,64.35811632556289,0.028327058245248712,0.44197128659087953,-0.005131500250207366,0.0,0.5157657746179831,0.0,0.55,1.1909300120557134,440,nested_validation
2021-07-21,-0.005131500250207366,-0.025142573344837826,-0.0017232956878421302,0.05668348066354456,0.01315778436028478,62.35250580771509,0.01031636907129384,-0.5488674977823036,0.009628731570859639,1.0,0.4986505446265512,0.0,0.55,1.1909300120557134,440,nested_validation
2021-07-22,0.009628731570859639,-0.011314689993350613,0.005431374770455744,0.06179851990775176,0.013126217970891361,64.57205283473996,0.016280649454794544,-0.49704808756298335,0.011989082279797003,1.0,0.4929253204176064,0.0,0.55,1.1909300120557134,440,nested_validation
2021-07-23,0.011989082279797003,0.014823794079015684,0.015087009775988314,0.06874375488001072,0.01311463923183566,67.19076421913516,0.012116337381116796,-0.7910530247366168,0.002894455582819866,1.0,0.5209102163282658,0.0,0.55,1.1909300120557134,440,nested_validation
2021-07-26,0.002894455582819866,0.04591095921195598,0.014911454014588266,0.06630382295296555,0.013010600997096862,67.8166772423096,0.014296293739718122,-0.7497208397762996,-0.01490047681777984,0.0,0.5399317988331329,0.0,0.55,1.1909300120557134,440,nested_validation
2021-07-27,-0.01490047681777984,0.004242385812899707,-0.0009802171395028036,0.04634908014759054,0.01365159679928301,61.31320782704016,0.02493700044673305,0.7369183042534593,-0.01219578270333277,0.0,0.5255083413887583,0.0,0.55,1.1909300120557134,440,nested_validation
2021-07-28,-0.01219578270333277,-0.002888457978583281,-0.010355043827941612,0.029833895837932944,0.01400449135359378,56.600172915040595,0.030555994379359994,1.301989282702587,0.004552061551896802,1.0,0.5201833973888459,0.0,0.55,1.1909300120557134,440,nested_validation
2021-07-29,0.004552061551896802,-0.007902188385270681,-0.003919078548621724,0.030741360703494758,0.014004143814420932,57.88555346334403,0.013526512146107122,-1.732120574729331,0.0015108005146782233,1.0,0.4669144444632238,0.0,0.55,1.1909300120557134,440,nested_validation
2021-07-30,0.0015108005146782233,-0.018174513048337282,-0.0020524913368166198,0.0288834662281785,0.014007553909787019,58.328689444063066,0.015220082348920477,-1.1912655942983807,-0.002330824461271863,0.0,0.4907876924213437,0.0,0.55,1.1909300120557134,440,nested_validation
2021-08-02,-0.002330824461271863,-0.023290019565688325,-0.006465413749895732,0.022863290338594355,0.013526288171535802,57.32501501982255,0.011682221676266844,-1.4744494534388448,0.012644235191100694,1.0,0.4817577853752658,0.0,0.55,1.1909300120557134,440,nested_validation
2021-08-03,0.012644235191100694,0.004020109506707836,0.005266557333699851,0.03215458269084093,0.013436321793446743,61.214843265149085,0.01940825596162961,-1.2391779058241168,-0.002782582904908626,0.0,0.4993739181476967,0.0,0.55,1.1909300120557134,440,nested_validation
2021-08-04,-0.002782582904908626,0.013587837328610686,0.0014104546889539549,0.026175065427114896,0.012951646038530875,59.90441572830415,0.01027556677913902,-1.460339784293839,0.0007487726583890186,1.0,0.4479948612575973,-1.0,0.55,1.1909300120557134,440,nested_validation
2021-08-05,0.0007487726583890186,0.009750338495199351,0.0019827532390805924,0.02375971779321029,0.01274355729344774,60.15093496165622,0.011355896890178586,-1.6770379945558105,-0.004767206304272409,0.0,0.46359742760957773,0.0,0.55,1.1909300120557134,440,nested_validation
2021-08-06,-0.004767206304272409,0.0034206818332314093,-0.0012961692464790175,0.015826884012464015,0.012518409850721387,57.716070796037386,0.010127246022445831,-1.2064668905617018,-0.00034193954269301496,0.0,0.49307582573656644,0.0,0.55,1.1909300120557134,440,nested_validation
2021-08-09,-0.00034193954269301496,0.0054210325607262355,0.00019218559193223683,0.012388064849041536,0.012473972545268466,57.53702073747256,0.008077162744614272,-1.3084267000659615,-0.003354122422847161,0.0,0.486179181786826,0.0,0.55,1.1909300120557134,440,nested_validation
2021-08-10,-0.003354122422847161,-0.01046320858982519,-0.002513531917064382,0.00643005442610467,0.012390387809348903,55.71190073608541,0.016552222260182783,-0.43711601793619526,0.0017856030986380667,1.0,0.48101989901380865,0.0,0.55,1.1909300120557134,440,nested_validation
2021-08-11,0.0017856030986380667,-0.005930207016625166,-0.0014827591424204645,0.00597095167267736,0.011122107122006624,56.50032796720526,0.008158524862379581,-1.1964496305132242,0.020773079440140174,1.0,0.462059735628006,0.0,0.55,1.1909300120557134,440,nested_validation
2021-08-12,0.020773079440140174,0.013960457894503175,0.01684552061380562,0.02401134936458349,0.01204754836734516,64.44462177081061,0.021559585781624785,-0.08243560394670428,0.0014106285406780827,1.0,0.49350004340174386,0.0,0.55,1.1909300120557134,440,nested_validation
2021-08-13,0.0014106285406780827,0.020254543346532428,0.015880628947748887,0.022634238760226966,0.011588539223806243,64.92283270799483,0.007847069893028902,-0.6063122136033992,0.013547887415192639,1.0,0.4969463479017896,0.0,0.55,1.1909300120557134,440,nested_validation
2021-08-16,0.013547887415192639,0.034430549743757144,0.02557846990744439,0.0338015946501371,0.00994346517776934,69.2118135123334,0.031233465942365583,1.618936891109607,-0.006153982365506905,0.0,0.5277714052923435,0.0,0.55,1.1909300120557134,440,nested_validation
2021-08-17,-0.006153982365506905,0.031524541978258824,0.01716137676846241,0.025479437429232643,0.008623096584354006,65.25576079338659,0.01724479856041709,1.0797754329358535,-0.025500917760786446,0.0,0.5193037355076322,0.0,0.55,1.1909300120557134,440,nested_validation
2021-08-18,-0.025500917760786446,0.0034279953273217423,-0.008528637448031229,-0.001127336417152236,0.01036947289806473,52.05866869296204,0.031224428157699154,0.7365287804771969,0.0023229110087250593,1.0,0.530727603985408,0.0,0.55,1.1909300120557134,440,nested_validation
2021-08-19,0.0023229110087250593,-0.01470866589099773,-0.006131267684037711,0.00035679345011008223,0.010166671933113372,52.967945718473516,0.023858214538578684,0.7351667463708348,0.01015691018198095,1.0,0.47265401265704216,0.0,0.55,1.1909300120557134,440,nested_validation
2021-08-20,0.01015691018198095,-0.006103169542900688,0.002570944185385393,0.00976057368264005,0.010066827980361006,56.83221411034303,0.011606729147488996,-0.5583103423939736,0.01025698361734717,1.0,0.4704814232095338,0.0,0.55,1.1909300120557134,440,nested_validation
2021-08-23,0.01025698361734717,-0.009330268029938527,0.010379807391814433,0.018861976750333964,0.010297872708372947,60.40604344070101,0.015363054896882566,-0.5442132489980082,-0.0006011690953564575,0.0,0.48000550129768327,0.0,0.55,1.1909300120557134,440,nested_validation
2021-08-24,-0.0006011690953564575,-0.003795201292826622,0.00704025293777133,0.017280709357015533,0.00969144346309773,60.08882292934068,0.011428998594257523,-1.024773597110485,-0.008421116632397418,0.0,0.4861132966968703,0.0,0.55,1.1909300120557134,440,nested_validation
2021-08-25,-0.008421116632397418,0.01366503048693879,-0.0031175822723329416,0.008843677088008928,0.009465102293102547,55.68043272819013,0.016985739162130486,-0.4115401230455358,-0.005527181454579422,0.0,0.5126736255778177,0.0,0.55,1.1909300120557134,440,nested_validation
2021-08-26,-0.005527181454579422,0.005726107681979009,-0.0077274616472855495,0.0034308925857082784,0.009545076937032163,52.95736351455521,0.010912299604278733,-1.0368828285531533,0.0071843143071295135,1.0,0.5089738403604652,0.0,0.55,1.1909300120557134,440,nested_validation
2021-08-27,0.0071843143071295135,0.002766550360941533,-0.00026247478175733807,0.010083636126803519,0.009646678857682525,55.95585916524276,0.01292057934107915,-0.5309960525026948,0.03041741186405078,1.0,0.4831844100829373,0.0,0.55,1.1909300120557134,440,nested_validation
2021-08-30,0.03041741186405078,0.022777501450197857,0.028762689475880343,0.03824757903572662,0.011529085284036263,65.92891596481552,0.031870461327259646,1.5034286445468408,-0.008424621589239956,0.0,0.5162966872786534,0.0,0.55,1.1909300120557134,440,nested_validation
2021-08-31,-0.008424621589239956,0.014771037016808819,0.01897295761712825,0.02813000357519746,0.011533963342293958,61.63924965896141,0.00994539779631453,1.1319016026027005,0.004478445665774267,1.0,0.5235668454872606,0.0,0.55,1.1909300120557134,440,nested_validation
2021-09-01,0.004478445665774267,0.027972308675521473,0.019329168591919466,0.031029143124083225,0.011503387952378616,63.005626754220955,0.017310336927001214,0.7087102905800698,0.007474731324957906,1.0,0.5285857274862042,0.0,0.55,1.1909300120557134,440,nested_validation
2021-09-02,0.007474731324957906,0.041412199689061735,0.022200110417600616,0.03708362685357347,0.011560082474452739,65.2409723724534,0.01509929981371681,0.1181761835142711,0.00423058956231448,1.0,0.540801187008725,0.0,0.55,1.1909300120557134,440,nested_validation
2021-09-03,0.00423058956231448,0.03835809634364784,0.022368850592874967,0.04007591018276058,0.01144945209279235,66.48456467267476,0.009980612537028385,-0.6895398355558668,0.01548949371123931,1.0,0.5027811458640392,0.0,0.55,1.1909300120557134,440,nested_validation
2021-09-07,0.01548949371123931,0.0233151394826161,0.03342537179332128,0.05430930644496246,0.011749193358163582,70.64339073372247,0.018316389510943467,0.6966132487755022,-0.010083528803142228,0.0,0.537725559040939,0.0,0.55,1.1909300120557134,440,nested_validation
2021-09-08,-0.010083528803142228,0.021603131597039082,0.019313986490982593,0.041678316994019804,0.01203573884480243,64.90925517009863,0.019727919196394654,0.19537080470213433,-0.006704903913273164,0.0,0.5461460723875049,0.0,0.55,1.1909300120557134,440,nested_validation
2021-09-09,-0.006704903913273164,0.010229124518045252,0.008694590932387669,0.032542736878967915,0.012227787176002047,61.377667059688875,0.014019624582505266,-0.9151827626566778,-0.03310193308333709,0.0,0.5026655612105845,0.0,0.55,1.1909300120557134,440,nested_validation
2021-09-10,-0.03310193308333709,-0.030458474770072907,-0.025607403085556868,-0.002427080634559764,0.013807467340631903,47.67811738113725,0.04551251073195691,3.018793509409043,0.0038930135290693446,1.0,0.4862533662860895,0.0,0.55,1.1909300120557134,440,nested_validation
2021-09-13,0.0038930135290693446,-0.03078438993891508,-0.022421517241159372,0.0005836113572950108,0.013829628043043636,49.070202515249996,0.017853548073959325,1.1297262231229768,-0.009561688695145731,0.0,0.48539634253727454,0.0,0.55,1.1909300120557134,440,nested_validation
2021-09-14,-0.009561688695145731,-0.05469403862471456,-0.028593876329780055,-0.009606023573329847,0.013634058423462242,45.83222257350876,0.02808536186365744,1.401719244574996,0.00614365423063612,1.0,0.5005866173164853,0.0,0.55,1.1909300120557134,440,nested_validation
2021-09-15,0.00614365423063612,-0.03919813234929714,-0.020827820387604334,-0.00394106875330924,0.01366092027403225,48.17587168113983,0.020599928533618354,0.2745374112007451,-0.0016104670816018407,0.0,0.4801571554148442,0.0,0.55,1.1909300120557134,440,nested_validation
2021-09-16,-0.0016104670816018407,-0.03427034760357339,-0.020009505319319,-0.006001345819494075,0.012389952009061378,47.59101919365232,0.011761543645173943,-0.364917530768586,-0.01834807450164122,0.0,0.4906858683340165,0.0,0.55,1.1909300120557134,440,nested_validation
2021-09-17,-0.01834807450164122,-0.019534317811887747,-0.03315713963179179,-0.024069790683615144,0.013071614135710763,41.429969411251925,0.02095038250397924,2.0433494719176584,-0.021360934916926477,0.0,0.5082747676978067,0.0,0.55,1.1909300120557134,440,nested_validation
2021-09-20,-0.021360934916926477,-0.04419892794200864,-0.04664080480701127,-0.044235389335702036,0.013624277749673059,35.7360849277307,0.02497545826538736,1.573584772249596,0.0034278193450520966,1.0,0.506967704471109,0.0,0.55,1.1909300120557134,440,nested_validation
2021-09-21,0.0034278193450520966,-0.03166368413265874,-0.03483698579801486,-0.04039027286529451,0.013403900961843192,37.19586416865941,0.012689168354995454,-0.2457032372034587,0.016872510142511787,1.0,0.47648144398048725,0.0,0.55,1.1909300120557134,440,nested_validation
2021-09-22,0.016872510142511787,-0.021337980875978713,-0.012398303862379834,-0.024253648552363893,0.01402497373511752,43.966095136890225,0.018717830739077686,-0.28909504913270095,0.006719176633207757,1.0,0.46964937959178865,0.0,0.55,1.1909300120557134,440,nested_validation
2021-09-23,0.006719176633207757,-0.013172925386373935,-0.0008641892320213618,-0.017909875394021335,0.014022120588279586,46.48204676375673,0.009807276601842831,-0.7682986392567148,0.0006131735874199684,1.0,0.4422189332321268,-1.0,0.55,1.1909300120557134,440,nested_validation
2021-09-24,0.0006131735874199684,0.005888284087902873,0.0011450073368575175,-0.016875892926650593,0.01397406787138727,46.71874024057008,0.013000297344906276,-1.2507042964531252,-0.010550123298967318,0.0,0.4741356078129414,0.0,0.55,1.1909300120557134,440,nested_validation
2021-09-27,-0.010550123298967318,0.017000111865862477,-0.006587649734132617,-0.026437990388808008,0.01404539639773932,43.17814885601399,0.014721052910012987,-0.4608052045724553,-0.023801375110278133,0.0,0.4895024762911247,0.0,0.55,1.1909300120557134,440,nested_validation
2021-09-28,-0.023801375110278133,-0.010597382715425097,-0.026099266243508112,-0.047652064843228814,0.01290620550698949,36.52408421088722,0.021562944680627843,0.9415280599495147,0.00648299413238318,1.0,0.5189228567964332,0.0,0.55,1.1909300120557134,440,nested_validation
2021-09-29,0.00648299413238318,-0.02070623532989946,-0.015596895235356456,-0.03989727543879107,0.013042177641025018,39.20679875747807,0.016943206174622714,-0.4424705642770233,-0.009312044428865796,0.0,0.474520075715287,0.0,0.55,1.1909300120557134,440,nested_validation
2021-09-30,-0.009312044428865796,-0.0363007280052452,-0.01983899148543311,-0.04780087632497332,0.01299488881964745,36.786261989749285,0.021908170342866677,0.129956981680481,0.008127474178843519,1.0,0.5097511684462431,0.0,0.55,1.1909300120557134,440,nested_validation
2021-10-01,0.008127474178843519,-0.029063639587208367,-0.009533199825160543,-0.03918904902579623,0.013023587053457823,40.22277637368685,0.026708711683216278,0.31221626270093517,-0.02460595593386039,0.0,0.4812839797449152,0.0,0.55,1.1909300120557134,440,nested_validation
2021-10-04,-0.02460595593386039,-0.04285647467916509,-0.03134879405454016,-0.06092263976712775,0.013655358353112561,34.12508769477007,0.028316820890394386,0.39414983459634917,0.014158540469221492,1.0,0.49701244544682943,0.0,0.55,1.1909300120557134,440,nested_validation
2021-10-05,0.014158540469221492,-0.005637525079898786,-0.016044903346841943,-0.045780489879134745,0.013557928904440315,39.654525025901975,0.020409644039086065,-0.34699582342952046,0.006306962238090907,1.0,0.46143314429610777,0.0,0.55,1.1909300120557134,440,nested_validation
2021-10-06,0.006306962238090907,-0.005811437119241369,-0.007173766314032437,-0.038110106603649774,0.013728050395793468,42.02216238265518,0.026619709713358242,-0.26744270089798955,0.00908479594185363,1.0,0.45818538380261997,0.0,0.55,1.1909300120557134,440,nested_validation
2021-10-07,0.00908479594185363,0.01265040869896894,0.004331655684349567,-0.028259094415510888,0.014018605229568137,45.36816567043795,0.01046828159873449,-1.2149972854842845,-0.0027219657058282776,0.0,0.4694343214831195,0.0,0.55,1.1909300120557134,440,nested_validation
2021-10-08,-0.0027219657058282776,0.0017522931185787183,0.004428074637454538,-0.029886585863865944,0.012267626352880017,44.53138739937619,0.011336565335062299,-1.2944228586012265,-0.0006297089392746091,0.0,0.47740708945139515,0.0,0.55,1.1909300120557134,440,nested_validation
2021-10-11,-0.0006297089392746091,0.026376454557045736,0.005605077984466522,-0.029225537188771522,0.012198363079575985,44.328246266491995,0.021006932646778744,-0.9234938287850352,-0.00910287699027268,0.0,0.5022735479042837,0.0,0.55,1.1909300120557134,440,nested_validation
2021-10-12,-0.00910287699027268,0.002834798861871324,-0.0032680774748891084,-0.035525135720090084,0.012184974138422918,41.39070231500147,0.015617318914957795,-0.4395174407317136,-0.004240067784531121,0.0,0.4924832907007149,0.0,0.55,1.1909300120557134,440,nested_validation
2021-10-13,-0.004240067784531121,-0.007675839669141871,-0.006150233714393383,-0.03722604235430105,0.012038512391015822,40.0708075845301,0.015612780434791565,-0.14268783611772337,0.020225499572601446,1.0,0.4943329173383346,0.0,0.55,1.1909300120557134,440,nested_validation
2021-10-14,0.020225499572601446,0.003279819776264903,0.012337213794271662,-0.01579209689530836,0.013038667251773337,48.47540432121229,0.016485882488426622,-0.5904182556887022,0.007512716449834089,1.0,0.47012326161094004,0.0,0.55,1.1909300120557134,440,nested_validation
2021-10-15,0.007512716449834089,0.013576095955522893,0.0183721248990798,-0.006400398982345679,0.012591531310693637,51.26473731441954,0.009596792493737401,-0.633613235703613,0.0118061571892365,1.0,0.4959472511566126,0.0,0.55,1.1909300120557134,440,nested_validation
2021-10-18,0.0118061571892365,0.026188734887367948,0.025054647208015757,0.007114964121657685,0.011877621653021284,55.38316386434821,0.025110833156936633,0.655883753615489,0.015080040320666788,1.0,0.5054458198949421,0.0,0.55,1.1909300120557134,440,nested_validation
2021-10-19,0.015080040320666788,0.05123294658698674,0.03497452611314822,0.02416274271838348,0.012246827467903686,60.07853984562872,0.017612229187512242,-0.027909690510980568,0.0033611688280985597,1.0,0.5102691864947327,0.0,0.55,1.1909300120557134,440,nested_validation
2021-10-20,0.0033611688280985597,0.05925764220234564,0.03323433195950898,0.028986563152562317,0.011765546784444324,61.0765965303093,0.010920574452639687,-1.2378014569752607,0.0014739433004642422,1.0,0.4946183149920407,0.0,0.55,1.1909300120557134,440,nested_validation
2021-10-21,0.0014739433004642422,0.03978868235692956,0.03034230291945561,0.03159133484862786,0.011698439731971228,61.5322949169796,0.011841077890363063,-1.0017226273028719,-0.005285001844030801,0.0,0.5242209824753705,0.0,0.55,1.1909300120557134,440,nested_validation
2021-10-22,-0.005285001844030801,0.02658098539719056,0.020822872294441463,0.026205480820170157,0.011777629391623448,58.867105569268645,0.010357073514338486,-1.2315737243091867,-0.0003362856176034601,0.0,0.518300002967132,0.0,0.55,1.1909300120557134,440,nested_validation
2021-10-25,-0.0003362856176034601,0.014261233423746633,0.016411345040768133,0.026075187285425683,0.011498229962635812,58.69381942935698,0.011773412319603849,-1.6133449290298933,0.004575191165762993,1.0,0.4931440157659602,0.0,0.55,1.1909300120557134,440,nested_validation
2021-10-26,0.004575191165762993,0.0037648579286504447,0.01563754771610637,0.03048513045533019,0.0099785397883652,60.401133662976186,0.012255570193491914,-0.8865123966956027,-0.003147788519192174,0.0,0.5111900973720693,0.0,0.55,1.1909300120557134,440,nested_validation
2021-10-27,-0.003147788519192174,-0.00274671821157213,0.007002117721492951,0.027283918529385387,0.010011767955931604,58.598335383193366,0.008330468145984815,-1.144697747455315,0.0249914286329338,1.0,0.49076731379766725,0.0,0.55,1.1909300120557134,440,nested_validation
2021-10-28,0.0249914286329338,0.02067165386301717,0.0260530930325098,0.052042375498715376,0.010813236212485056,66.99462965920299,0.022612550190882402,1.9595079082655111,-0.01815535287550074,0.0,0.532601527591731,0.0,0.55,1.1909300120557134,440,nested_validation
2021-10-29,-0.01815535287550074,0.00746545661311071,0.004075458673624022,0.032054976803138846,0.011766392220693587,57.623573061764056,0.023564744375053286,2.8864448964017564,-0.00560771321163589,0.0,0.5004870206791457,0.0,0.55,1.1909300120557134,440,nested_validation
2021-11-01,-0.00560771321163589,0.00215288886495979,-0.00316535618763647,0.02485065585816626,0.01020109687455564,55.106144487865556,0.012755060491733352,0.13336658070191162,0.00711624874698602,1.0,0.5187015605846089,0.0,0.55,1.1909300120557134,440,nested_validation
2021-11-02,0.00711624874698602,0.004687819269561411,0.0030825500934901218,0.03058619902385029,0.009944301516051288,57.62210658030766,0.019464160409108908,-0.1564179849587288,0.009798768243559852,1.0,0.502613407254805,0.0,0.55,1.1909300120557134,440,nested_validation
2021-11-03,0.009798768243559852,0.017736140506364295,0.011403436555962543,0.03934236293304916,0.010029094105724595,60.895015772968655,0.014192315126567039,-0.9308853836824351,-0.0034988030193504605,0.0,0.512153273165752,0.0,0.55,1.1909300120557134,440,nested_validation
2021-11-04,-0.0034988030193504605,-0.010552426201554832,0.006869834279947584,0.034728605268726565,0.010040528868871789,59.12200540621561,0.01185740067914551,-0.5791223822955145,0.003582220539790182,1.0,0.48985334500424527,0.0,0.55,1.1909300120557134,440,nested_validation
2021-11-05,0.003582220539790182,0.011353472393518915,0.008585833769698903,0.037349546651962884,0.009965270602832517,60.38918632996613,0.014145950600981233,-0.30371067566549376,-0.005552395633233842,0.0,0.5203505651029521,0.0,0.55,1.1909300120557134,440,nested_validation
2021-11-08,-0.005552395633233842,0.01140973351475294,0.0016390550980269758,0.0303458520346207,0.010111016295170808,57.40801261528618,0.009372531502440988,-0.880215523810583,0.0024591347680136266,1.0,0.49119169297211773,0.0,0.55,1.1909300120557134,440,nested_validation
2021-11-09,0.0024591347680136266,0.006732765573583821,0.0029619603485131485,0.030736667626427794,0.009741736884704918,58.382492079602585,0.009084246000701877,-0.7202583543251416,-0.01916303085994986,0.0,0.48937441746978855,0.0,0.55,1.1909300120557134,440,nested_validation
2021-11-10,-0.01916303085994986,-0.02214109823413113,-0.015791078590321805,0.009765806738209593,0.010804782692491272,48.95902392724181,0.01541372909356569,-0.19889518985247573,-0.0003378600459603698,0.0,0.5103026730595676,0.0,0.55,1.1909300120557134,440,nested_validation
2021-11-11,-0.0003378600459603698,-0.01903928939148325,-0.013183626228620349,0.007916387141887471,0.010025283135852152,48.812296424551946,0.011834720077005043,-1.4332145937198197,0.01433698944331896,1.0,0.4905192574354397,0.0,0.55,1.1909300120557134,440,nested_validation
2021-11-12,0.01433698944331896,-0.008526941195077908,0.0006916697349752532,0.020616573196504895,0.010334345443551099,54.976501388627575,0.019467951610138427,-0.17300123785701005,6.65978142389001e-05,1.0,0.47998689517349136,0.0,0.55,1.1909300120557134,440,nested_validation
2021-11-15,6.65978142389001e-05,-0.0029247550202536887,-8.033221517111944e-05,0.01812979513854973,0.010083952686345628,55.003996426601006,0.016333414713541577,-0.36032875962449723,0.006666517525244275,1.0,0.4837655804185717,0.0,0.55,1.1909300120557134,440,nested_validation
2021-11-16,0.006666517525244275,0.0012600312197961205,0.0057820255762943695,0.02258144306127763,0.009666666019493711,57.78339628531479,0.014238471226976577,-0.3126328412632015,0.01649013285670553,1.0,0.503369034786187,0.0,0.55,1.1909300120557134,440,nested_validation
2021-11-17,0.01649013285670553,0.03765556782698698,0.020857457689490877,0.036706601353944546,0.01024237846901348,63.78255479507051,0.026125443763923277,1.2237579322957244,0.028536114384843936,1.0,0.5202711484407954,0.0,0.55,1.1909300120557134,440,nested_validation
2021-11-18,0.028536114384843936,0.06762693428765498,0.04503305857044704,0.062751670646779,0.01181350752063593,71.46421932222563,0.035598880667702296,2.816100993497879,0.01697591815714783,1.0,0.5508662343520776,1.0,0.55,1.1909300120557134,440,nested_validation
2021-11-19,0.01697591815714783,0.07040450367718787,0.056291666385560823,0.07647909311026257,0.012038633373380455,74.96332346109648,0.02796639930126048,1.7042091107580923,0.0029272327331328896,1.0,0.508859204674972,0.0,0.55,1.1909300120557134,440,nested_validation
2021-11-22,0.0029272327331328896,0.0734663362663901,0.05206052771054326,0.07520421238024322,0.012000948637905106,75.52998109891428,0.02918890090382403,1.5132875277327267,0.0024223054493246465,1.0,0.5319479955367761,0.0,0.55,1.1909300120557134,440,nested_validation
2021-11-23,0.0024223054493246465,0.06894048911824457,0.04735519218724016,0.07300667465470068,0.012006332870400262,76.01516519936264,0.01697543789726878,0.6573584131992977,0.003283435225933884,1.0,0.5511524445829629,1.0,0.55,1.1909300120557134,440,nested_validation
2021-11-24,0.003283435225933884,0.055052332835409556,0.04132093136502424,0.07148788547843998,0.011894982210333183,76.69143916245228,0.015437816242497411,-0.3484918883341049,-0.031678277923012144,0.0,0.561439362739321,1.0,0.55,1.1909300120557134,440,nested_validation
2021-11-26,-0.031678277923012144,-0.006714419139717931,0.002570229772749899,0.0345196180439864,0.013310000552325058,59.27067363077329,0.02608249729971678,-0.026508188420638124,0.021873647590636036,1.0,0.5446473449314745,0.0,0.55,1.1909300120557134,440,nested_validation
2021-11-29,0.021873647590636036,-0.0019307817512785874,0.017829887468269856,0.05353153288650625,0.013208111527751951,64.99602015079111,0.014977590320763134,0.5322437635742925,0.031577596032823285,1.0,0.5201795081750401,0.0,0.55,1.1909300120557134,440,nested_validation
2021-11-30,0.031577596032823285,0.02658080390298445,0.0398646724217373,0.08230147878590333,0.014357498571650008,71.38616081666225,0.033877834241552704,2.8843094806799834,-0.003206355075451084,0.0,0.497959051102523,0.0,0.55,1.1909300120557134,440,nested_validation
2021-12-01,-0.003206355075451084,0.02081649198074409,0.027628770347336573,0.0750240367472923,0.014471402897294155,69.94579196748523,0.03501853567303278,1.8792056957742922,-0.0061298390699376926,0.0,0.5402159961388084,0.0,0.55,1.1909300120557134,440,nested_validation
2021-12-02,-0.0061298390699376926,0.011238714348444034,0.014829460182640641,0.06502541843696141,0.01461626216339567,67.16462113913872,0.03908154684395291,1.2994935769030849,-0.01172455045532994,0.0,0.5496458476857564,0.0,0.55,1.1909300120557134,440,nested_validation
2021-12-03,-0.01172455045532994,0.03207681107893756,0.00046968011242376484,0.049676326155331685,0.014936014423702093,62.10891870806517,0.032377691619715196,0.7126134402323636,0.021502810836291797,1.0,0.5296792166575843,0.0,0.55,1.1909300120557134,440,nested_validation
2021-12-06,0.021502810836291797,0.031702271608468724,0.01897789843924258,0.06835615707396747,0.015433121330886767,66.96296314184914,0.02177598562801561,0.3711581799490229,0.03544653280995069,1.0,0.5313950044970054,0.0,0.55,1.1909300120557134,440,nested_validation
2021-12-07,0.03544653280995069,0.035571675981947326,0.04853090342135058,0.10082935864003129,0.01662946082003317,73.19098796169878,0.01892747769478358,0.6505668045272391,0.0227827005712109,1.0,0.44516594511438085,-1.0,0.55,1.1909300120557134,440,nested_validation
2021-12-08,0.0227827005712109,0.06257177780867917,0.06351418241616069,0.1196742431764879,0.01696201548738686,76.38205000525501,0.03004346419130562,0.4836627084746783,-0.002969659673899061,0.0,0.45055800906705135,0.0,0.55,1.1909300120557134,440,nested_validation
2021-12-09,-0.002969659673899061,0.06595040569292987,0.05228908501106044,0.1102131033490501,0.016024193705105595,75.09866723483296,0.016212201367067244,0.1908006425639677,0.02801307387652252,1.0,0.485068718863245,0.0,0.55,1.1909300120557134,440,nested_validation
2021-12-10,0.02801307387652252,0.10881126679934217,0.06720185806546852,0.1347933386810356,0.016433566648757645,78.72010850385786,0.027528573560416762,0.30042884432912165,-0.02067425983721416,0.0,0.42800497429403045,-1.0,0.55,1.1909300120557134,440,nested_validation
2021-12-13,-0.02067425983721416,0.06302929667917345,0.035592216788342235,0.10523812077642836,0.017680816849664886,70.35956475845407,0.037555513242386714,1.3952639708382129,-0.00802327869854147,0.0,0.49407896598449524,0.0,0.55,1.1909300120557134,440,nested_validation
2021-12-14,-0.00802327869854147,0.018401513698195426,0.02184598894291878,0.09052098752298421,0.017950661438405655,67.42849556845468,0.031721440493392886,0.860380884719908,0.02850924078616246,1.0,0.531099334177209,0.0,0.55,1.1909300120557134,440,nested_validation
2021-12-15,0.02850924078616246,0.024103523734054555,0.0421026137466507,0.1147541171319133,0.018510031873670153,71.87585466569858,0.040100403340934274,0.4932556701949716,-0.03926382247922078,0.0,0.5186733015088252,0.0,0.55,1.1909300120557134,440,nested_validation
2021-12-16,-0.03926382247922078,-0.013176164271979873,-0.0037361167268902262,0.06634583583504372,0.021151392669024282,59.48569917898149,0.06031580007531067,1.116462469122595,-0.006501811082245013,0.0,0.5677921155013128,1.0,0.55,1.1909300120557134,440,nested_validation
2021-12-17,-0.006501811082245013,-0.04630814676349171,-0.015508874196887623,0.05497183629165403,0.02065828758349723,57.77923903453719,0.022087173032475448,2.3492553403002807,-0.008122106934310702,0.0,0.5324179133038454,0.0,0.55,1.1909300120557134,440,nested_validation
2021-12-20,-0.008122106934310702,-0.03408454692010543,-0.0259871617102041,0.04244694704715002,0.020609802775851522,55.64569661353975,0.018379941780191547,-0.5341081762242242,0.01908706299116969,1.0,0.5114999755022729,0.0,0.55,1.1909300120557134,440,nested_validation
2021-12-21,0.01908706299116969,-0.007686449652246186,-0.008425926930735073,0.05746291046832841,0.020905667422409766,59.40823308630373,0.02358518816982123,-0.9999705147638125,0.015318838028597792,1.0,0.510439136893609,0.0,0.55,1.1909300120557134,440,nested_validation
2021-12-22,0.015318838028597792,-0.020412650712793634,0.006440745694110683,0.06825725747251932,0.021051299845935578,62.23032341889681,0.02112278938032052,-0.9579805344018404,0.0036435437332771325,1.0,0.5232101602808967,0.0,0.55,1.1909300120557134,440,nested_validation
2021-12-23,0.0036435437332771325,0.02333662626505517,0.009113228995307754,0.06602032031354987,0.021050444035951514,62.90110210267817,0.008963023837054057,-1.7070822190545518,0.022975063952431984,1.0,0.5058498152394828,0.0,0.55,1.1909300120557134,440,nested_validation
2021-12-27,0.022975063952431984,0.05369880124162196,0.03177789692633626,0.08342316078168599,0.019683089230144647,66.90674635100524,0.018577002222098817,-1.4887886936633035,-0.005767356597212059,0.0,0.5052552715389077,0.0,0.55,1.1909300120557134,440,nested_validation
2021-12-28,-0.005767356597212059,0.05620031642284595,0.023747867660755206,0.0708908938794981,0.01957476879931225,64.96687403602846,0.015617174168160294,-1.3167087878293342,0.0005022118125546093,1.0,0.5361403391321388,0.0,0.55,1.1909300120557134,440,nested_validation
2021-12-29,0.0005022118125546093,0.036938639566788334,0.021316959944638114,0.06519781913938205,0.018681810378735796,65.06132198319246,0.013881176415346709,-1.6584397004077924,-0.006578378369912596,0.0,0.5397002476580923,0.0,0.55,1.1909300120557134,440,nested_validation
2021-12-30,-0.006578378369912596,0.01457515242154983,0.01523419177206331,0.05252377428447841,0.018763559124592457,62.67651552833471,0.013917009140288894,-1.5432204660215698,-0.00353523396718447,0.0,0.5264391190212179,0.0,0.55,1.1909300120557134,440,nested_validation
2021-12-31,-0.00353523396718447,0.00731818402363249,0.008593900819415135,0.04385406331543762,0.01870123907902867,61.38292905177262,0.011094222782264036,-1.2691584865951961,0.02500407401397875,1.0,0.4847175990218768,0.0,0.55,1.1909300120557134,440,nested_validation
2022-01-03,0.02500407401397875,0.009316139597120188,0.02746912693454928,0.06491732493474034,0.01884703690337853,66.61299671372831,0.028405023487603705,-0.07660272963273565,-0.012691381531484414,0.0,0.512444892679441,0.0,0.55,1.1909300120557134,440,nested_validation
2022-01-04,-0.012691381531484414,0.002287070330981855,0.008762974932021494,0.04748987562932072,0.018920092623770375,61.91480347579699,0.021257692760668256,-0.2150058919647553,-0.026600090659130493,0.0,0.5089186004003002,0.0,0.55,1.1909300120557134,440,nested_validation
2022-01-05,-0.026600090659130493,-0.024863581634451903,-0.019132898343773963,0.016880138916057552,0.018653129411274186,53.50512963523627,0.03161444567336287,-0.3165546392403695,-0.016693378666103653,0.0,0.5351879976763942,0.0,0.55,1.1909300120557134,440,nested_validation
2022-01-06,-0.016693378666103653,-0.034792402334377304,-0.033534181364851645,-0.002142754415312642,0.01835701824645796,49.116312178696475,0.02127909105877532,-0.21886485740489284,0.0009885561961620049,1.0,0.4944568931893775,0.0,0.55,1.1909300120557134,440,nested_validation
2022-01-07,0.0009885561961620049,-0.030410514700466407,-0.030339466971275875,-0.003128442295279421,0.01835301663881781,49.37670754350245,0.018063545585333782,-0.48085445903503254,0.00011603656094472115,1.0,0.4760640863524556,0.0,0.55,1.1909300120557134,440,nested_validation
2022-01-10,0.00011603656094472115,-0.05395303519963246,-0.025760599237071635,-0.0059634251057053556,0.01715225070002371,49.409466586824664,0.02514665061653703,0.11315279254479385,0.016783556916490472,1.0,0.4962846165954307,0.0,0.55,1.1909300120557134,440,nested_validation
2022-01-11,0.016783556916490472,-0.02570991492824437,-0.0070441730093687704,0.007841998666159089,0.01704639275456435,54.04246140776804,0.02490281760317628,-0.6967790140000238,0.002570460105583816,1.0,0.4641184529562195,0.0,0.55,1.1909300120557134,440,nested_validation
2022-01-12,0.002570460105583816,0.003487312350509031,-0.0023133491884603785,0.008453072386783944,0.016954515710746514,54.73759809942191,0.013444911798409176,-0.6584394133567615,-0.019028068034223966,0.0,0.4775979336738781,0.0,0.55,1.1909300120557134,440,nested_validation
2022-01-13,-0.019028068034223966,0.0011047074657679623,-0.01794269740931953,-0.012139566507001875,0.016173648856625443,48.83397111120849,0.02805041966764752,-0.2898710464761011,0.005110636181839379,1.0,0.5126653998037105,0.0,0.55,1.1909300120557134,440,nested_validation
2022-01-14,0.005110636181839379,0.0052272657634309105,-0.010383899544738062,-0.008855599743963771,0.013757644261249978,50.353277250409846,0.015542857384681965,-0.33920601235575926,-0.018893973559312993,0.0,0.48528073248506115,0.0,0.55,1.1909300120557134,440,nested_validation
2022-01-18,-0.018893973559312993,-0.013879897602364522,-0.022255385425625884,-0.029057631038533982,0.014318943273642814,45.0054697042459,0.01843338968061951,0.4320812135147612,-0.02102487885322757,0.0,0.49716445535035547,0.0,0.55,1.1909300120557134,440,nested_validation
2022-01-19,-0.02102487885322757,-0.050548132743573504,-0.03533004509067439,-0.04963641763226978,0.014934689728442184,40.009477693388206,0.030921010177207733,0.7862999184425659,-0.010347097853175113,0.0,0.5073705880262716,0.0,0.55,1.1909300120557134,440,nested_validation
2022-01-20,-0.010347097853175113,-0.06278128743181854,-0.039509104493856806,-0.05827287519155666,0.014326981282546173,37.83056107219554,0.03343261919427917,0.5357434126363018,-0.012765287268535541,0.0,0.5525116555134513,1.0,0.55,1.1909300120557134,440,nested_validation
2022-01-21,-0.012765287268535541,-0.05679783863471266,-0.04643089579454318,-0.06804117309618762,0.013890430991658119,35.302634426883856,0.024813734920425136,2.3298524647334116,-0.004864268308949815,0.0,0.5566918426684704,1.0,0.55,1.1909300120557134,440,nested_validation
2022-01-24,-0.004864268308949815,-0.06615835193190023,-0.045154691143957426,-0.07027327118481119,0.013785485346310456,34.37212641681407,0.04702392236805246,3.1811785884046704,-0.011384482562148412,0.0,0.5338768053255465,0.0,0.55,1.1909300120557134,440,nested_validation
2022-01-25,-0.011384482562148412,-0.05901062756781106,-0.04905297931998742,-0.07737782814733918,0.012353860561623374,32.240654440179654,0.03592433519982443,1.0185278226162964,-0.0005632414339388214,0.0,0.6051816727861815,1.0,0.55,1.1909300120557134,440,nested_validation
2022-01-26,-0.0005632414339388214,-0.03934293332492056,-0.04080284505065279,-0.07504004399274844,0.01240975072998289,32.1356870928055,0.041142162721428836,0.626589844031395,-0.0029430947278317188,0.0,0.5372427705545032,0.0,0.55,1.1909300120557134,440,nested_validation
2022-01-27,-0.0029430947278317188,-0.03215586005042592,-0.03416377603491716,-0.07506393617365914,0.012346283435341365,31.55784737205643,0.03492022054997185,1.1118482053085827,0.06977761156794315,1.0,0.557661842609025,1.0,0.55,1.1909300120557134,440,nested_validation
2022-01-28,0.06977761156794315,0.04876578897901496,0.034397043792619986,-0.00880245974208782,0.020589681990180055,53.049727422041684,0.04432573810012893,2.8135888921132013,0.026125624787125545,1.0,0.41450272883809713,-1.0,0.55,1.1909300120557134,440,nested_validation
2022-01-31,0.026125624787125545,0.08142579569794872,0.06032020087307144,0.016596261840101656,0.021478271427089118,58.650520958096195,0.03141094822924542,0.3889519094033849,-0.0009726538008822949,0.0,0.48801792681535044,0.0,0.55,1.1909300120557134,440,nested_validation
2022-02-01,-0.0009726538008822949,0.09281507697486413,0.05620683621012068,0.014924655401561182,0.020662663250982503,58.36408079333379,0.014489426553194186,-0.6942344524759997,0.007044303751643444,1.0,0.49000639246221617,0.0,0.55,1.1909300120557134,440,nested_validation
2022-02-02,0.007044303751643444,0.10113340227790757,0.05749977826673858,0.02086951943766091,0.020593205421222966,59.890423186448956,0.014501837493546112,-0.7074642463149372,-0.016720095180746797,0.0,0.513769274874508,0.0,0.55,1.1909300120557134,440,nested_validation
2022-02-03,-0.016720095180746797,0.08591830743057627,0.03459800042795025,0.003817978523672716,0.020082419166552783,54.726112737282875,0.02382886362878197,-0.5268467929413622,-0.001679037835492725,0.0,0.4937869683456279,0.0,0.55,1.1909300120557134,440,nested_validation
2022-02-04,-0.001679037835492725,0.013383527364363434,0.026595280345891537,0.0027205801315588474,0.0197363706988415,54.22886926199554,0.019838815707657248,-0.7493198869433664,-0.004234584267738595,0.0,0.5003998415441866,0.0,0.55,1.1909300120557134,440,nested_validation
2022-02-07,-0.004234584267738595,-0.016599678395574857,0.01604877251704795,-0.0006738436117291746,0.019760953730545986,52.9249810054791,0.017476406477918573,-0.9119722911026253,0.018466734868931578,1.0,0.4970656919895072,0.0,0.55,1.1909300120557134,440,nested_validation
2022-02-08,0.018466734868931578,0.00253563470913587,0.025552803414252034,0.01882245433491092,0.02016210297193201,57.68319284652082,0.02242185772852909,-0.9213164900319897,0.00829363899047264,1.0,0.4946912951771675,0.0,0.55,1.1909300120557134,440,nested_validation
2022-02-09,0.00829363899047264,0.003779376510721022,0.023971359175403384,0.02782761387551269,0.01991365042926338,59.69020676942135,0.009927388314717567,-1.030235029185915,-0.023598774149831026,0.0,0.5119695792434286,0.0,0.55,1.1909300120557134,440,nested_validation
2022-02-10,-0.023598774149831026,-0.0032427095229339287,-0.007745146982002571,0.0049455632427442,0.02058936969448961,52.06120468253875,0.022832865368753473,-0.3748451587166372,-0.02021834926046362,0.0,0.5121769338137642,0.0,0.55,1.1909300120557134,440,nested_validation
2022-02-11,-0.02021834926046362,-0.021752982795368192,-0.0269804855344985,-0.013581002224194116,0.02064388045724033,46.68571630795846,0.029886198785359138,-0.1210579352707986,0.00142319669184654,1.0,0.49841971278689157,0.0,0.55,1.1909300120557134,440,nested_validation
2022-02-14,0.00142319669184654,-0.016194738594206393,-0.022393187612709253,-0.010544255000359826,0.020606974056758,47.09147013440351,0.017882544914399768,-0.5883193318604517,0.023152482924127638,1.0,0.4785993696580481,0.0,0.55,1.1909300120557134,440,nested_validation
2022-02-15,0.023152482924127638,-0.01166846057991544,0.001166853281483471,0.014144340051156945,0.020813249154489878,53.32378839486657,0.01562588722236437,-1.338681338101531,-0.0013889247236359425,0.0,0.4316045910280071,-1.0,0.55,1.1909300120557134,440,nested_validation
2022-02-16,-0.0013889247236359425,-0.02115932983768376,0.001555693110325107,0.014108975306957872,0.020198183691769605,52.911802198928704,0.019066897872762993,-1.2709302240815075,-0.021269191805401544,0.0,0.4699633582056278,-1.0,0.52,1.4877769488733177,503,nested_validation
2022-02-17,-0.021269191805401544,-0.018823927256399364,-0.017579719044122033,-0.006327849899924298,0.020670288014454107,46.939357343766105,0.020369506998731378,-0.9327951012686507,-0.009355824256968792,0.0,0.5089274702808908,0.0,0.52,1.4877769488733177,503,nested_validation
2022-02-18,-0.009355824256968792,-0.00794594274325433,-0.023880791617923558,-0.014758561890423905,0.02056503351740235,44.60502651137395,0.026001140259279035,-0.4413856456068607,-0.017812208162410026,0.0,0.5013667728263136,0.0,0.52,1.4877769488733177,503,nested_validation
2022-02-22,-0.017812208162410026,-0.027001384530182748,-0.03714415633455592,-0.030856142148506738,0.020963156937317443,40.51283472071501,0.027629067323274963,-0.05284298491779454,-0.025864521512992455,0.0,0.502715817118457,0.0,0.52,1.4877769488733177,503,nested_validation
2022-02-23,-0.025864521512992455,-0.07361562653982912,-0.05386498205379575,-0.05370856064581109,0.021621778106341076,35.50926694903946,0.03998246769315956,-0.04866162067892853,0.016680402426102248,1.0,0.5716090405522722,1.0,0.52,1.4877769488733177,503,nested_validation
2022-02-24,0.016680402426102248,-0.05685320248417314,-0.030322585211264186,-0.03562130882533843,0.021908746229954673,40.48249094863332,0.06667079843481619,1.7504640970558714,0.012965482626851044,1.0,0.4727228008882199,-1.0,0.52,1.4877769488733177,503,nested_validation
2022-02-25,0.012965482626851044,-0.023863208417943538,-0.013476842387010746,-0.021095751354923475,0.02203069216425436,44.147971798994426,0.025781012087626228,0.021585524694972876,0.001637658331084424,1.0,0.49819466924984757,0.0,0.52,1.4877769488733177,503,nested_validation
2022-02-28,0.001637658331084424,-0.013030718726307677,-0.009775322873969094,-0.018161207094683274,0.01563131070734194,44.617940838966696,0.018108076438846904,0.4517442688832522,-0.011627820256901233,0.0,0.5021068436799299,0.0,0.52,1.4877769488733177,503,nested_validation
2022-03-01,-0.011627820256901233,-0.0068162239657915125,-0.017944282745296802,-0.02771820960742566,0.014430851263131124,41.916557325649244,0.02837012848891702,-0.1277353509489444,0.02058824709296836,1.0,0.5118935716809984,0.0,0.52,1.4877769488733177,503,nested_validation
2022-03-02,0.02058824709296836,0.04054488457628569,0.006046107214368046,-0.0071043767426977045,0.015337845052999947,47.865357484113744,0.026476967619779045,-0.3375688767207255,-0.0019811579886693798,0.0,0.4817183926813458,0.0,0.52,1.4877769488733177,503,nested_validation
2022-03-03,-0.0019811579886693798,0.021445282398979693,0.007900510126010785,-0.009113108882831678,0.015192010027289485,47.35243196915373,0.020212962141073553,-0.4960242029039359,-0.018408202703751986,0.0,0.48944558928412524,0.0,0.52,1.4877769488733177,503,nested_validation
2022-03-04,-0.018408202703751986,-0.010191040281345543,-0.007215964264030927,-0.027134992418467507,0.015274540039650836,42.774839871957184,0.0211435741064978,-0.048392123587354625,-0.02371755146383281,0.0,0.5057941317608446,0.0,0.52,1.4877769488733177,503,nested_validation
2022-03-07,-0.02371755146383281,-0.035246821303368314,-0.026021551166553247,-0.04966061250488285,0.01594072336008089,37.79816179096526,0.037539302396530305,0.6758170931440266,-0.01167619737435277,0.0,0.5132797412900287,0.0,0.52,1.4877769488733177,503,nested_validation
2022-03-08,-0.01167619737435277,-0.03529404235915479,-0.03332758089124044,-0.06001406986930691,0.01603279387439851,35.65123387521332,0.044969523127958606,2.249530601313476,0.03499757774651524,1.0,0.49211882123346207,0.0,0.52,1.4877769488733177,503,nested_validation
2022-03-09,0.03499757774651524,-0.02167369432292343,-0.00126248804289808,-0.027769535248287958,0.017535018450843716,45.52272302339154,0.02454740763984499,0.142279623845729,-0.027186576691731745,0.0,0.39204061607614854,-1.0,0.52,1.4877769488733177,503,nested_validation
2022-03-10,-0.027186576691731745,-0.04638176908543479,-0.025895216076584848,-0.05401925066762758,0.018053482269458337,40.185098275384746,0.02781985581157028,0.7887260990016912,-0.023908534845926255,0.0,0.5225347345274214,1.0,0.52,1.4877769488733177,503,nested_validation
2022-03-11,-0.023908534845926255,-0.0517253518469355,-0.0432347510425698,-0.0758480942702201,0.018069443169982713,36.26725411779649,0.03089251542224482,0.32804862097639204,-0.026562408386816116,0.0,0.5034129691402259,0.0,0.52,1.4877769488733177,503,nested_validation
2022-03-14,-0.026562408386816116,-0.054488594904037124,-0.06022270040586564,-0.09689091191659827,0.018384148447020437,32.55997051287025,0.02668961056959391,0.9068897335007264,0.029677370880513143,1.0,0.5378945212038067,1.0,0.52,1.4877769488733177,503,nested_validation
2022-03-15,0.029677370880513143,-0.014926388345302355,-0.027411138811689995,-0.06645669131163223,0.019883664277671242,39.77100426786536,0.03346445653463621,0.0707892959992199,0.0290155900777751,1.0,0.42543040473664595,-1.0,0.52,1.4877769488733177,503,nested_validation
2022-03-16,0.0290155900777751,-0.020619829880257234,0.005202799326301744,-0.03650866519108231,0.020321019400790914,46.02766775014142,0.03471391323553448,0.47993945425265244,0.0064537825500947665,1.0,0.43112529556138546,-1.0,0.52,1.4877769488733177,503,nested_validation
2022-03-17,0.0064537825500947665,0.013247610646115016,0.01527771061219263,-0.02735515725131399,0.020438319434533274,47.37513351990323,0.020981168096342973,-1.093599803028348,0.020919049609471108,1.0,0.4992109763363315,0.0,0.52,1.4877769488733177,503,nested_validation
2022-03-18,0.020919049609471108,0.059781613310812665,0.03598594203428074,-0.005261486123493309,0.020657793676239496,51.61869300019929,0.028784006242722798,1.5374591222732212,0.008537734086856208,1.0,0.4823407652890259,0.0,0.52,1.4877769488733177,503,nested_validation
2022-03-21,0.008537734086856208,0.09799514229169204,0.040832875301348937,0.004655399190712117,0.02067519277111338,53.308187135354,0.0201959819692012,-0.10928867988426987,0.020800573676321266,1.0,0.5002796067384414,0.0,0.52,1.4877769488733177,503,nested_validation
2022-03-22,0.020800573676321266,0.08852938099116314,0.05492729698592558,0.026142926654584064,0.02075836457121461,57.25772473564065,0.026714810515169198,-0.9075295667269384,0.008233680973947832,1.0,0.4843548213928536,0.0,0.52,1.4877769488733177,503,nested_validation
2022-03-23,0.008233680973947832,0.06654553655699491,0.058809781826164365,0.035561208165649116,0.01981415426885274,58.77515539716588,0.02931675751327919,0.02795628477559167,0.0226778732232642,1.0,0.4985833385939489,0.0,0.52,1.4877769488733177,503,nested_validation
2022-03-24,0.0226778732232642,0.08373830963031126,0.07244746565638649,0.05952039305226586,0.020058687823968257,62.73193808574821,0.022577081119215102,-0.3500560865286799,0.003733786193525157,1.0,0.5107413916357741,0.0,0.52,1.4877769488733177,503,nested_validation
2022-03-25,0.003733786193525157,0.06549560142335498,0.06335562871344913,0.0629157161513274,0.01994309787580956,63.3694629436227,0.014480304267517896,-0.9702032582973669,0.005036916151498705,1.0,0.5283332425864256,1.0,0.52,1.4877769488733177,503,nested_validation
2022-03-28,0.005036916151498705,0.06179707236942256,0.05270736572225854,0.0667639240247413,0.019944308718008476,64.2609635770251,0.021241432789815693,-0.2682635781212356,0.01913440456503679,1.0,0.5125848007813402,0.0,0.52,1.4877769488733177,503,nested_validation
2022-03-29,0.01913440456503679,0.060063988033406845,0.05771452701112212,0.08496120879134583,0.019921471881023247,67.51197577297532,0.0149195243002771,0.3875246911834508,-0.006649361029321343,0.0,0.4885400050574633,0.0,0.52,1.4877769488733177,503,nested_validation
2022-03-30,-0.006649361029321343,0.044415852925667076,0.039511832244093936,0.07666336076644242,0.019726913564187723,65.24824032613662,0.016369486370992836,-0.22445880187496542,-0.017775818674917065,0.0,0.5252768737542394,1.0,0.52,1.4877769488733177,503,nested_validation
2022-03-31,-0.017775818674917065,0.0031022797722100037,0.012748666451554369,0.057085165661888926,0.020238316919493977,59.538939765371154,0.02078921522320462,0.4566096968725584,-0.00171841645366122,0.0,0.5307213395990629,1.0,0.52,1.4877769488733177,503,nested_validation
2022-04-01,-0.00171841645366122,-0.002346492581975168,0.004987007422844192,0.0541135959615584,0.019688753424916394,59.01093153847733,0.016866516451059875,-1.3425475771722724,0.023693603388842632,1.0,0.5055791060820645,0.0,0.52,1.4877769488733177,503,nested_validation
2022-04-04,0.023693603388842632,0.01617313506554452,0.02111005139324873,0.07667158963542664,0.019114686188444224,63.77316246207698,0.022696721566609974,-1.365783938176979,-0.018942120202566692,0.0,0.49315023268114033,0.0,0.52,1.4877769488733177,503,nested_validation
2022-04-05,-0.018942120202566692,-0.021792751840226443,-0.0017963024519809245,0.054000409795201376,0.01950971848620881,57.84945230475766,0.022163857745478525,-1.569143402877704,-0.018450540347556665,0.0,0.5333447414172535,1.0,0.52,1.4877769488733177,503,nested_validation
2022-04-06,-0.018450540347556665,-0.033414025027198035,-0.02111793337239598,0.03211756590022774,0.018939601682934914,52.80206565538474,0.02036896911309613,-0.2996620501243099,0.001804096051899018,1.0,0.5201475742787698,1.0,0.52,1.4877769488733177,503,nested_validation
2022-04-07,0.001804096051899018,-0.014145846411831475,-0.018272547227327518,0.032037229142043655,0.017651990384366077,53.223896952958,0.020390348084589404,-1.1022862945118217,-0.01190902656636661,0.0,0.5071341119714778,0.0,0.52,1.4877769488733177,503,nested_validation
2022-04-08,-0.01190902656636661,-0.0242095954309397,-0.027395807134232286,0.01867992295854881,0.016870111820523052,50.03890941597196,0.015168451329315215,-1.0738615443733075,-0.02551600252318098,0.0,0.49992652881362964,0.0,0.52,1.4877769488733177,503,nested_validation
2022-04-11,-0.02551600252318098,-0.07111646395353033,-0.04684421160463281,-0.007437555172879362,0.016773847265445545,44.03155714748048,0.021297126873586075,-1.2830873718387599,0.01152333981805298,1.0,0.5648396449166885,1.0,0.52,1.4877769488733177,503,nested_validation
2022-04-12,0.01152333981805298,-0.042271209444103675,-0.029554571050808498,0.0031070513589150917,0.01587779219710241,47.0446350277301,0.019265153626314944,-0.6712627085048771,0.01634272776599488,1.0,0.4798866974470832,-1.0,0.52,1.4877769488733177,503,nested_validation
2022-04-13,0.01634272776599488,-0.008322319490378871,-0.009469334022301878,0.018720394790672223,0.01510195875988039,51.11081588332262,0.025058621869821295,-1.2145372113471389,-0.029988354765261183,0.0,0.4738741029735662,-1.0,0.52,1.4877769488733177,503,nested_validation
2022-04-14,-0.029988354765261183,-0.03979340651061436,-0.03393987861235004,-0.011644208374419263,0.01673347584754757,44.28184318701133,0.03769139838697549,-0.8476123900032697,-0.0013309515214134926,0.0,0.5310650936594796,1.0,0.52,1.4877769488733177,503,nested_validation
2022-04-18,-0.0013309515214134926,-0.02951384958956149,-0.029987165001703397,-0.013333313207886888,0.01613948120718012,44.00922332389942,0.018355840824224246,-1.4180676940248376,0.014115008726975908,1.0,0.48880486901777576,0.0,0.52,1.4877769488733177,503,nested_validation
2022-04-19,0.014115008726975908,0.009954574360573565,-0.009871923729134147,-0.0010187098753567936,0.01632374034132909,47.682897824329146,0.023357250923958815,-1.3879188197343144,-0.0010154528551917785,0.0,0.4801459902072018,0.0,0.52,1.4877769488733177,503,nested_validation
2022-04-20,-0.0010154528551917785,-0.0025647719746084707,-0.0062751646644853,-0.003972823645789214,0.015662346023790713,47.43834974163324,0.01662380464223788,-1.2482224874557024,-0.004843427746042961,0.0,0.4842915532335111,0.0,0.52,1.4877769488733177,503,nested_validation
2022-04-21,-0.004843427746042961,-0.02335679151370673,-0.007898813677184369,-0.009479391352395394,0.015563003629454661,46.22192249197412,0.0337699506010223,0.6141981509083385,-0.02782136128214341,0.0,0.5077458546167787,0.0,0.52,1.4877769488733177,503,nested_validation
2022-04-22,-0.02782136128214341,-0.02117498320396327,-0.029512403887878902,-0.037661352824728045,0.01561246982684718,39.92030462385819,0.03937199691900527,0.41821658934025197,0.006737251062441496,1.0,0.5420034672015147,1.0,0.52,1.4877769488733177,503,nested_validation
2022-04-25,0.006737251062441496,-0.01326709966467976,-0.018730108412479796,-0.03274082564985692,0.015695827747753476,41.927589558468156,0.028916940777763616,1.3744185502620516,-0.03732804955380786,0.0,0.49151533590960506,0.0,0.52,1.4877769488733177,503,nested_validation
2022-04-26,-0.03732804955380786,-0.0633211444847408,-0.050237962597754704,-0.06998444035638984,0.017203456881406176,34.91945880973044,0.035841804896728585,1.2764254176068885,-0.0014667400732594205,0.0,0.5665989964552004,1.0,0.52,1.4877769488733177,503,nested_validation
2022-04-27,-0.0014667400732594205,-0.06374428535927834,-0.045217393982483145,-0.07162018742900089,0.016290331961599912,34.68330031187435,0.028166240001434528,0.6893581261036016,0.045155316135897294,1.0,0.5232800104821334,1.0,0.52,1.4877769488733177,503,nested_validation
2022-04-28,0.045155316135897294,-0.01670484353727475,0.0020268107988283823,-0.030474984130229088,0.01980449042471996,46.6319843377654,0.034160422986614335,3.236237220785471,-0.036604574216736574,0.0,0.33873676230897637,-1.0,0.52,1.4877769488733177,503,nested_validation
2022-04-29,-0.036604574216736574,-0.025588489394950065,-0.030114604854854954,-0.06541586199942084,0.020859407693550165,39.96186529096639,0.056771311733249334,2.689464061362311,0.0019662686931976037,1.0,0.5079525039951056,0.0,0.52,1.4877769488733177,503,nested_validation
2022-05-02,0.0019662686931976037,-0.030206278329032776,-0.023938086277700332,-0.06246292880621662,0.020902728698929816,40.43668129032702,0.03140029909002703,1.874012083871336,0.009622578985376995,1.0,0.49732413168335027,0.0,0.52,1.4877769488733177,503,nested_validation
2022-05-03,0.009622578985376995,0.017091687260079036,-0.009699429624385858,-0.0523352161384425,0.020158982468957257,42.82446399924432,0.02752695953885319,0.08991012655159801,0.04100814311998624,1.0,0.4931417845703778,0.0,0.52,1.4877769488733177,503,nested_validation
2022-05-04,0.04100814311998624,0.06035599536771552,0.031686132453107474,-0.012925794872362228,0.022268831181059504,51.78128518565989,0.04348874253041305,0.9859040264674757,-0.05571586591867195,0.0,0.4302266060190495,-1.0,0.52,1.4877769488733177,503,nested_validation
2022-05-05,-0.05571586591867195,-0.04198225139816847,-0.019917867215836327,-0.06543218141986484,0.024933455696804982,41.805915715191766,0.0582382128850673,1.831579823542865,0.004727298615766484,1.0,0.5057720990185938,0.0,0.52,1.4877769488733177,503,nested_validation
2022-05-06,0.004727298615766484,-0.000881093247766418,-0.01264352142706282,-0.057914292926241395,0.024977123836360905,42.75739014103434,0.03344360253337804,1.0531342771568815,-0.033189436043425946,0.0,0.49053262358181,0.0,0.52,1.4877769488733177,503,nested_validation
2022-05-09,-0.033189436043425946,-0.03593689340795614,-0.039030122556035884,-0.0850890460553897,0.025728367984282074,38.033456398907,0.028541341625487555,1.5475437190811627,0.01611222019853442,1.0,0.517030774036696,0.0,0.52,1.4877769488733177,503,nested_validation
2022-05-10,0.01611222019853442,-0.029740098884093902,-0.0222739410752959,-0.0664473002386915,0.025682904178916766,41.31087439657071,0.024658681980693688,0.7640443883542685,-0.051841206411235685,0.0,0.49011161085474936,0.0,0.52,1.4877769488733177,503,nested_validation
2022-05-11,-0.051841206411235685,-0.11627928812121024,-0.0671517354030402,-0.10906646460577996,0.027525786840202668,34.82571478362436,0.06580204361534753,1.7043194888729731,-0.02689414440114546,0.0,0.5368238155205647,1.0,0.52,1.4877769488733177,503,nested_validation
2022-05-12,-0.02689414440114546,-0.08930610140996653,-0.08003198679562828,-0.1268412621153422,0.02736248007125078,32.152013691347804,0.051907926649920756,2.602398263245612,0.031916083012081264,1.0,0.5646707187732342,1.0,0.52,1.4877769488733177,503,nested_validation
2022-05-13,0.031916083012081264,-0.06466194165247108,-0.04431256926725535,-0.09393377633072575,0.02823607100053994,38.06548107823077,0.03392023297165924,0.19102715966409844,-0.010672423633046768,0.0,0.4314547858151288,-1.0,0.52,1.4877769488733177,503,nested_validation
2022-05-16,-0.010672423633046768,-0.042877923714643384,-0.046965935791266844,-0.0983252200162903,0.02824324256463212,36.871283905910076,0.0229490981912663,-0.8350404890034425,0.025422746349196057,1.0,0.4904638240434403,0.0,0.52,1.4877769488733177,503,nested_validation
2022-05-17,0.025422746349196057,-0.03410791785949363,-0.016291742497511863,-0.06984345741169251,0.028745008999202994,41.52697824735191,0.020704981794048602,-1.1899044055738561,-0.05641909534080669,0.0,0.44690312089661544,-1.0,0.52,1.4877769488733177,503,nested_validation
2022-05-18,-0.05641909534080669,-0.03877142644042986,-0.056267389352093744,-0.11608146396265184,0.03080089482234704,35.17036656099424,0.052975474548098485,-0.09441515565507094,-0.02464130756526406,0.0,0.5206199192101899,1.0,0.52,1.4877769488733177,503,nested_validation
2022-05-19,-0.02464130756526406,-0.03654608669372361,-0.06753012544021297,-0.1316435948590139,0.03100082221705292,32.933043603819286,0.03684016988525083,0.8754494734176826,0.0017471208825878826,1.0,0.5485484414142204,1.0,0.52,1.4877769488733177,503,nested_validation
2022-05-20,0.0017471208825878826,-0.06471349788398895,-0.05324517439236254,-0.12379336359654924,0.03077201963448658,33.249282995982966,0.05879785270161203,0.8400354695289693,0.04011912690198449,1.0,0.5636854582460952,1.0,0.52,1.4877769488733177,503,nested_validation
2022-05-23,0.04011912690198449,-0.01669638730125733,-0.009160121498122842,-0.08343996569297851,0.03236410260793483,40.230890917347395,0.039200619009331396,-0.021681376049552652,-0.019215952339104447,0.0,0.34897389777318844,-1.0,0.52,1.4877769488733177,503,nested_validation
2022-05-24,-0.019215952339104447,-0.05950155604034535,-0.018585183042139852,-0.09620049167758471,0.03171753288801971,38.09329194617783,0.033057846747446,-0.623565273599537,0.0011401024062802634,1.0,0.5258940098723759,1.0,0.52,1.4877769488733177,503,nested_validation
2022-05-25,0.0011401024062802634,-0.002130390887046807,-0.01334074786540318,-0.08991662432368319,0.03173690188274189,38.29873934419148,0.024551642779293018,-1.1463312724943018,0.02319943570437033,1.0,0.49629585991565933,0.0,0.52,1.4877769488733177,503,nested_validation
2022-05-26,0.02319943570437033,0.04681449898416079,0.008685156389848459,-0.06347165927798282,0.030338413200239958,42.48617626012713,0.050076484972671476,-1.1113670658672457,0.040756564610525015,1.0,0.4885338976027968,0.0,0.52,1.4877769488733177,503,nested_validation
2022-05-27,0.040756564610525015,0.08757892988737459,0.04793571407214592,-0.022030389151158625,0.031100530570411823,49.16475818391418,0.02953754468707301,-0.9930968356456598,-0.005346160151182389,0.0,0.41044276649506256,-1.0,0.52,1.4877769488733177,503,nested_validation
2022-05-31,-0.005346160151182389,0.0400390981879184,0.03992999605035319,-0.0238589273565738,0.031094235096276027,48.33949520504332,0.02566519361870162,-0.42255350065934116,-0.0008732100109815066,0.0,0.48214753265418786,0.0,0.52,1.4877769488733177,503,nested_validation
2022-06-01,-0.0008732100109815066,0.059490035664656604,0.039406810878805265,-0.020762884979796947,0.03097510082057218,48.197948294175895,0.027301544173787048,-1.5522424709910636,0.016811266487608556,1.0,0.4677557455228256,-1.0,0.52,1.4877769488733177,503,nested_validation
2022-06-02,0.016811266487608556,0.07607456978882787,0.04926074402505476,-0.0008411171288325026,0.029680696649633586,51.160439345850506,0.029164760705648187,-1.468379632670084,-0.03855585641737225,0.0,0.48322715075388883,0.0,0.52,1.4877769488733177,503,nested_validation
2022-06-03,-0.03855585641737225,0.011127994289261478,0.003215616782860087,-0.03494413570079746,0.028397738057163942,44.73539257039686,0.02414358501133112,-0.7772208641258285,0.005227766174913828,1.0,0.5045249578298954,0.0,0.52,1.4877769488733177,503,nested_validation
2022-06-06,0.005227766174913828,-0.023389359646575292,0.002545124997656245,-0.026579312394061305,0.02840500669945924,45.69288056600118,0.02511299742070694,-1.2748553231133735,0.017585982678583578,1.0,0.45417275025810244,-1.0,0.52,1.4877769488733177,503,nested_validation
2022-06-07,0.017585982678583578,-0.0008732100109815066,0.016271642406184172,-0.006387414320383145,0.027880769647023608,48.91596085000228,0.03294999445405495,-1.2667604918297555,-0.005043191544879977,0.0,0.47215467471679745,-1.0,0.52,1.4877769488733177,503,nested_validation
2022-06-08,-0.005043191544879977,-0.005043191544879977,0.0059218246510566175,-0.00949902108272127,0.027622174784916066,48.02031972877208,0.016288106879995483,-1.545554978299002,-0.03595582778922446,0.0,0.47363317907471936,-1.0,0.52,1.4877769488733177,503,nested_validation
2022-06-09,-0.03595582778922446,-0.05667615573742224,-0.03164262307020793,-0.042185101627762456,0.026371290058719066,42.12775344827153,0.037997743915712937,-0.9395910685191232,-0.03862847762146482,0.0,0.549174446397217,1.0,0.52,1.4877769488733177,503,nested_validation
2022-06-10,-0.03862847762146482,-0.05674740825258584,-0.06482692343435559,-0.07373761607154194,0.02706267937001144,37.056002554577645,0.026981672985457054,-0.05146512859386587,-0.03828515434389557,0.0,0.5418049265218757,1.0,0.52,1.4877769488733177,503,nested_validation
2022-06-13,-0.03828515434389557,-0.09757763244152307,-0.08960380738194718,-0.10404785216887857,0.027044286596855854,32.981632185080045,0.02851072465592516,1.3039095744361202,0.0066726442241134,1.0,0.5764409722277263,1.0,0.52,1.4877769488733177,503,nested_validation
2022-06-14,0.0066726442241134,-0.10725587181754703,-0.07324170167053035,-0.09294076586326461,0.02712906344457699,34.285877310366175,0.018153086485592572,-0.3609046290872909,0.020111406053857195,1.0,0.5207372193966457,1.0,0.52,1.4877769488733177,503,nested_validation
2022-06-15,0.020111406053857195,-0.08468542543009672,-0.04575707730474754,-0.06965235992013796,0.026862333305207986,38.2147469639589,0.03824848966936088,-0.09062856906908712,-0.03965117995015688,0.0,0.5243345692962762,1.0,0.52,1.4877769488733177,503,nested_validation
2022-06-16,-0.03965117995015688,-0.08819398840736481,-0.06973074918602473,-0.09917428977959197,0.025452869280834057,33.83346367577623,0.02575739017684045,0.6619845041875073,0.011532961953959253,1.0,0.5408103237570524,1.0,0.52,1.4877769488733177,503,nested_validation
2022-06-17,0.011532961953959253,-0.04061872630489172,-0.049607450970431066,-0.08349941685918116,0.02518014707913557,36.039342739499745,0.024855612140039233,1.8701350033451627,0.03276100405998683,1.0,0.49115928154202604,0.0,0.52,1.4877769488733177,503,nested_validation
2022-06-21,0.03276100405998683,0.030255040746256068,-0.011135205919303948,-0.04874458917954372,0.02628364690153472,42.02066990403168,0.027526241030253064,-0.48643334453111287,-0.003827292193923193,0.0,0.42401277954756883,-1.0,0.52,1.4877769488733177,503,nested_validation
2022-06-22,-0.003827292193923193,0.01950913195031867,-0.005247477055257521,-0.04867546929617128,0.024597123643305043,41.51621617680791,0.028444703887062234,-0.7879517374624078,0.021573669586909094,1.0,0.47450683017515066,-1.0,0.52,1.4877769488733177,503,nested_validation
2022-06-23,0.021573669586909094,0.02097053216250866,0.02350202127909129,-0.024440069618702154,0.02481491328866347,45.4745239174211,0.02140732887550563,-0.7582377047646179,0.02451713533809019,1.0,0.4766867557589096,-1.0,0.52,1.4877769488733177,503,nested_validation
2022-06-24,0.02451713533809019,0.08918945183006555,0.04935658575104407,0.0006168567042121875,0.025405335010945027,49.72850874311034,0.015106588552353927,0.13369957929854298,0.0,0.0,0.4994109846552207,0.0,0.52,1.4877769488733177,503,nested_validation
2022-06-27,0.0,0.07677109179526753,0.045847143262444545,0.0008289461881512139,0.024877026851160836,49.72850874311034,0.017789102127031657,-0.8017929092967451,-0.029789481132676654,0.0,0.46669784275871773,-1.0,0.52,1.4877769488733177,503,nested_validation
2022-06-28,-0.029789481132676654,0.011555079602270535,0.010543765757104584,-0.02676890835574941,0.023763444179735752,44.69430835567455,0.04438293609116558,-0.8855121136250115,0.013023535410023213,1.0,0.5271433771439927,1.0,0.52,1.4877769488733177,503,nested_validation
2022-06-29,0.013023535410023213,0.028666108768903964,0.018857773466042893,-0.012623402454128074,0.024045376395691574,47.13874696702362,0.028729441375748142,-0.8389946653663077,-0.018027477212998688,0.0,0.5032478124699756,0.0,0.52,1.4877769488733177,503,nested_validation
2022-06-30,-0.018027477212998688,-0.011209975349356305,-0.00045325651509153797,-0.027545236344956425,0.02425781500964161,44.18932472540474,0.03364533940649211,0.7764426349908349,0.016164269590366542,1.0,0.483371815658662,0.0,0.52,1.4877769488733177,503,nested_validation
2022-07-01,0.016164269590366542,-0.019271558746758122,0.009159538180800952,-0.01138320781991653,0.024230592917232317,47.3150488689849,0.024328725273247954,-0.6425584195787453,0.01893042133542111,1.0,0.4750067135432485,-1.0,0.52,1.4877769488733177,503,nested_validation
2022-07-05,0.01893042133542111,-0.0007059561382034563,0.02084811875651149,0.006326811009181199,0.02334610351191299,50.84337124798917,0.033060243114466044,-0.48443121656033217,0.00960712643079109,1.0,0.480888877126561,0.0,0.52,1.4877769488733177,503,nested_validation
2022-07-06,0.00960712643079109,0.039871624212600265,0.02544217755449507,0.014713137019175981,0.02342441357186535,52.61072772330217,0.021270594214108797,-0.45614678339160136,0.023999897191061548,1.0,0.49125687082026187,0.0,0.52,1.4877769488733177,503,nested_validation
2022-07-07,0.023999897191061548,0.051138891708585765,0.041830091184800855,0.038270002078428345,0.023716516961108405,56.82681081843602,0.022343724879300877,-0.8464970483314029,0.004714196831676842,1.0,0.5054629936288554,0.0,0.52,1.4877769488733177,503,nested_validation
2022-07-08,0.004714196831676842,0.07548240183356647,0.04024710261652764,0.04151933569498012,0.02371872346425124,57.64308557209772,0.017342241350593767,-0.9927020125483089,-0.014757523070042411,0.0,0.5263263883135465,1.0,0.52,1.4877769488733177,503,nested_validation
2022-07-11,-0.014757523070042411,0.04275556343289888,0.0225734112965168,0.025096242606946317,0.022533565329592414,54.173766477374755,0.019741842387984286,-1.0346026394263927,0.006833621205746265,1.0,0.5103512402933041,0.0,0.52,1.4877769488733177,503,nested_validation
2022-07-12,0.006833621205746265,0.03037590985613936,0.026518075342485625,0.03159525805917962,0.02063078874196463,55.48996148195179,0.023309981367455785,-0.25347913851087744,-0.0025368779977562594,0.0,0.5306026732848783,1.0,0.52,1.4877769488733177,503,nested_validation
2022-07-13,-0.0025368779977562594,0.01798208924534639,0.018145809461675322,0.02998592602167327,0.018375343536777302,54.855771359489026,0.02976150709718774,-0.5104132127057354,0.020482724548137154,1.0,0.495702052112338,0.0,0.52,1.4877769488733177,503,nested_validation
2022-07-14,0.020482724548137154,0.014485586203595968,0.032324970205795944,0.051174616953886254,0.01867871569487532,58.927048244340604,0.03839157339110589,-0.0852340002587308,0.011450152799400426,1.0,0.5026555086987256,0.0,0.52,1.4877769488733177,503,nested_validation
2022-07-15,0.011450152799400426,0.021287052988983035,0.03447097521100262,0.06284450928921959,0.0184403806730875,61.08320046468049,0.017713282909658196,-0.1524398552576355,-0.02064321146980752,0.0,0.5362393098962124,1.0,0.52,1.4877769488733177,503,nested_validation
2022-07-18,-0.02064321146980752,0.015186039785271,0.007466906603866841,0.041921637784313015,0.01648245553309214,55.374604725188235,0.03311355227745753,0.25265380592193637,0.026721754280427445,1.0,0.5059095733005204,0.0,0.52,1.4877769488733177,503,nested_validation
2022-07-19,0.026721754280427445,0.035239159416525556,0.027742153760828225,0.06834573437332736,0.01704632298696802,60.42413774978019,0.028609218976355502,0.942017842486694,0.013509886207798028,1.0,0.5349922334111139,1.0,0.52,1.4877769488733177,503,nested_validation
2022-07-20,0.013509886207798028,0.05189364851098621,0.034501272844545516,0.08101984198849155,0.016084258081084258,62.77857086373836,0.021889742880818505,-1.0670413549988602,0.015093894034877486,1.0,0.49172732015867715,0.0,0.52,1.4877769488733177,503,nested_validation
2022-07-21,0.015093894034877486,0.04633894733531485,0.04376601729617002,0.0956237352105942,0.016029046714551305,65.29621905690468,0.023366622080424695,-0.9646585373149231,-0.008110184285389566,0.0,0.4837676874434447,0.0,0.52,1.4877769488733177,503,nested_validation
2022-07-22,-0.008110184285389566,0.02610389921339107,0.03041998427617254,0.08517419630049705,0.015989139666822215,62.80110938547977,0.018625447370990447,-0.7437434391537626,-0.007398495067939326,0.0,0.523217582107306,1.0,0.52,1.4877769488733177,503,nested_validation
2022-07-25,-0.007398495067939326,0.039980818537480145,0.0172997650094755,0.0745448624141023,0.015605478965696749,60.54659950768968,0.01804507722723209,-1.9413759575033933,-0.008826462963873238,0.0,0.5293455802385171,1.0,0.52,1.4877769488733177,503,nested_validation
2022-07-26,-0.008826462963873238,0.0039735323246874454,0.004485705317589073,0.061463551665322136,0.015834450433010596,57.89604551643996,0.015105496002217536,-1.5821444156514939,0.03423500011293945,1.0,0.5042937429989707,0.0,0.52,1.4877769488733177,503,nested_validation
2022-07-27,0.03423500011293945,0.024503638738380795,0.031153726775105417,0.0914572615164615,0.01523689927457855,64.35627562224403,0.03297403144542759,0.7128630477571948,0.0035716625732886698,1.0,0.4751370876809339,-1.0,0.52,1.4877769488733177,503,nested_validation
2022-07-28,0.0035716625732886698,0.012874598185430797,0.028828224083691234,0.08914101932043916,0.015180637637525122,64.98063885753305,0.02052745854623071,0.8988352922862707,0.032793136678643364,1.0,0.5028582569131317,0.0,0.52,1.4877769488733177,503,nested_validation
2022-07-29,0.032793136678643364,0.05464328471645041,0.054062053967365964,0.11787282888530792,0.015157452938612431,70.16632887841384,0.025413851593224915,2.7826178270277158,-0.0061536286611518776,0.0,0.46145886778001954,-1.0,0.52,1.4877769488733177,503,nested_validation
2022-08-01,-0.0061536286611518776,0.05596596052317038,0.037855233950844,0.10303954615123434,0.01539329957513259,68.06277171863695,0.016717212804610238,-0.41110019988306995,-0.009287209915634698,0.0,0.49443813169698253,0.0,0.52,1.4877769488733177,503,nested_validation
2022-08-02,-0.009287209915634698,0.055475094817726056,0.02229755716396431,0.0857632353380735,0.015589005712770727,64.91897032566322,0.01737390709789769,-1.0612203592339893,0.03824766273092162,1.0,0.5188668013088316,0.0,0.52,1.4877769488733177,503,nested_validation
2022-08-03,0.03824766273092162,0.059570165528661345,0.05259501169002023,0.11962795664979842,0.017074909107642283,70.8375961351197,0.0351531702055274,0.9434554465400741,-0.0019263127291888615,0.0,0.44508795340501744,-1.0,0.52,1.4877769488733177,503,nested_validation
2022-08-04,-0.0019263127291888615,0.053765407564111634,0.04365063052180029,0.10987653517071516,0.016769415139951678,70.17092250595798,0.01664561731055853,-1.3611778541339403,-0.0013891338715578128,0.0,0.4797085100240502,-1.0,0.52,1.4877769488733177,503,nested_validation
2022-08-05,-0.0013891338715578128,0.018889019468005364,0.0347179106475366,0.10162215421933962,0.016852655930950186,69.66274592517682,0.017236201985571274,-1.187660204103615,-0.0029030212120212395,0.0,0.5000960067873079,0.0,0.52,1.4877769488733177,503,nested_validation
2022-08-08,-0.0029030212120212395,0.022221534766178053,0.023940364452265328,0.09274394565361566,0.016308491731491584,68.54708169355652,0.021896043654187243,-0.8709072627264991,0.0003032902514104041,1.0,0.5027330124276332,0.0,0.52,1.4877769488733177,503,nested_validation
2022-08-09,0.0003032902514104041,0.032117052314808214,0.015715748262943974,0.08743997616085375,0.016367578226673854,68.60349020228638,0.015583357705267519,-0.5760685666189642,0.026194843498974274,1.0,0.5137387311245147,0.0,0.52,1.4877769488733177,503,nested_validation
2022-08-10,0.026194843498974274,0.020135402170718297,0.03425331460861791,0.1081337046140407,0.016779219053721497,73.09321053819652,0.014417409372542407,0.006055489998466813,-0.004431790117532364,0.0,0.48776215675944834,0.0,0.52,1.4877769488733177,503,nested_validation
2022-08-11,-0.004431790117532364,0.017574542971858342,0.022571836943711343,0.09617608317442494,0.016715993139878607,71.18979526673789,0.01661821449623855,-0.9645728234834648,0.021425757089758246,1.0,0.5392681841365485,1.0,0.52,1.4877769488733177,503,nested_validation
2022-08-12,0.021425757089758246,0.04082269000326466,0.038296063710903994,0.11109181786726308,0.01700108503024571,74.61611090732342,0.016095317688686314,-0.048821192536716,0.0063331873213423595,1.0,0.4827040161815616,0.0,0.52,1.4877769488733177,503,nested_validation
2022-08-15,0.0063331873213423595,0.050463934150661416,0.037421231535304855,0.10989942835365674,0.015776370594722387,75.56112834060498,0.011778932140283336,-1.0760866957168307,-0.0009236895311836024,0.0,0.5135637383701528,0.0,0.52,1.4877769488733177,503,nested_validation
2022-08-16,-0.0009236895311836024,0.04917542693279242,0.02830643002865596,0.10142360906275383,0.015314893022636136,75.11908777036444,0.01184767419649951,-0.803052374622413,0.00878469059412601,1.0,0.5286901350105659,1.0,0.52,1.4877769488733177,503,nested_validation
2022-08-17,0.00878469059412601,0.031375391469130154,0.03203420460852824,0.10364587069454712,0.015249226933837658,76.52437363458183,0.020509805268832258,1.0490253112618797,-0.0022917653441018038,0.0,0.5164384997161591,0.0,0.52,1.4877769488733177,503,nested_validation
2022-08-18,-0.0022917653441018038,0.033592385610305975,0.02447796089070331,0.09465601558270476,0.01524614572733794,75.318704715882,0.010221067135695197,-0.3452037186646198,-0.01510188070637053,0.0,0.5525343094623824,1.0,0.52,1.4877769488733177,503,nested_validation
2022-08-19,-0.01510188070637053,-0.0033703481257028045,0.005357328261141436,0.07257741093487602,0.015638768813110313,67.75994634097532,0.014167489937268303,0.2942562513838924,-0.023029347159127855,0.0,0.5264695665602084,1.0,0.52,1.4877769488733177,503,nested_validation
2022-08-22,-0.023029347159127855,-0.032449755310227535,-0.019347378516103464,0.04289827691370518,0.016626366234573302,58.29711188162527,0.016232029013643113,0.12855488494535286,-0.0020289947561885624,0.0,0.5429975473657779,1.0,0.52,1.4877769488733177,503,nested_validation
2022-08-23,-0.0020289947561885624,-0.03352018239342869,-0.022658351979250924,0.03614519072949807,0.01641283094696897,57.55208024494555,0.012318440889869336,-1.106508263856062,0.001793967636269933,1.0,0.5077962203815086,0.0,0.52,1.4877769488733177,503,nested_validation
2022-08-24,0.001793967636269933,-0.04021773907945225,-0.019925551465698965,0.033257599978771424,0.014997418905444279,58.0613853643849,0.011102492830564175,-1.023648872626814,0.01492280436272142,1.0,0.4843937453067926,0.0,0.52,1.4877769488733177,503,nested_validation
2022-08-25,0.01492280436272142,-0.02365754837431333,-0.0061954439094528135,0.04400499875202368,0.015202804782269925,62.138207277321165,0.010527514550278168,-1.1259863223366664,-0.037699327404989935,0.0,0.493999121459596,0.0,0.52,1.4877769488733177,503,nested_validation
2022-08-26,-0.037699327404989935,-0.0460586943182556,-0.03889753208289315,0.0018460985228423432,0.016268418582914914,48.988820635555676,0.04577683484099591,1.688543296123217,-0.01369038746951412,0.0,0.5169109442019287,0.0,0.52,1.4877769488733177,503,nested_validation
2022-08-29,-0.01369038746951412,-0.03693987444980418,-0.045433400875072305,-0.014788058940563564,0.01650472389038783,45.375197061812045,0.019085304740833194,1.0169174210939507,-0.015305413836977144,0.0,0.513963140639346,0.0,0.52,1.4877769488733177,503,nested_validation
2022-08-30,-0.015305413836977144,-0.04975185972755036,-0.05212678614398458,-0.0314674309155597,0.01672766977059547,41.72072180327624,0.030457467914870404,1.3495067781015764,-0.010634845272127214,0.0,0.5152635268860184,0.0,0.52,1.4877769488733177,503,nested_validation
2022-08-31,-0.010634845272127214,-0.061541166444844086,-0.05241198504770861,-0.04262194125173646,0.014341842715410306,39.383534472239305,0.02188018327628177,2.2271031606734084,0.004706947299985886,1.0,0.5336702757114654,1.0,0.52,1.4877769488733177,503,nested_validation
2022-09-01,0.004706947299985886,-0.07098736398977057,-0.03857018633871778,-0.03866697321016199,0.014429552299026222,40.94365352246806,0.023740186380169323,0.8076485382333386,-0.013611388439358052,0.0,0.5363180784381546,1.0,0.52,1.4877769488733177,503,nested_validation
2022-09-02,-0.013611388439358052,-0.047732678305961174,-0.04250101752142765,-0.05212387989948075,0.014637544773286205,37.892217085086095,0.0345934116815673,0.9711004502793561,-0.008215184154301447,0.0,0.48443834989759865,0.0,0.52,1.4877769488733177,503,nested_validation
2022-09-06,-0.008215184154301447,-0.04244645060375807,-0.04269570542457879,-0.06025237748533263,0.014684050491328619,36.164214533876034,0.0220021608965409,0.5922882227739571,0.009253985029427758,1.0,0.493725982823469,0.0,0.52,1.4877769488733177,503,nested_validation
2022-09-07,0.009253985029427758,-0.018563979951410237,-0.02704393512324277,-0.052433837377563575,0.014916276021327448,39.48449414354747,0.019620398992465992,1.6783140168186739,-0.00961811769292742,0.0,0.4914714144875984,0.0,0.52,1.4877769488733177,503,nested_validation
2022-09-08,-0.00961811769292742,-0.017555400799380227,-0.02848041412433755,-0.06114595458318517,0.013417050940507652,37.29326731444239,0.02382498882955137,1.3195819412215137,0.01884029269217513,1.0,0.49331015728302013,0.0,0.52,1.4877769488733177,503,nested_validation
2022-09-09,0.01884029269217513,-0.003735222799707838,-0.002231606067504055,-0.04350384457877843,0.01434667673781698,43.80831692973444,0.019508212616595987,-0.18527432146295258,0.03850763006560243,1.0,0.46387306627374597,-1.0,0.52,1.4877769488733177,503,nested_validation
2022-09-12,0.03850763006560243,0.048905634718495516,0.0363149528803175,-0.0069018950805532775,0.016184281803750408,54.426810729715044,0.030349334133043464,2.429210080256169,-0.058679479876895924,0.0,0.46311145434300527,-1.0,0.52,1.4877769488733177,503,nested_validation
2022-09-13,-0.058679479876895924,-0.004465099829798924,-0.019809040343237716,-0.06376433844918505,0.02013933065585971,41.1684638041445,0.04660685348169982,2.798684165091864,0.009555761221656578,1.0,0.5128964830618639,0.0,0.52,1.4877769488733177,503,nested_validation
2022-09-14,0.009555761221656578,-0.004167425769690647,-0.008167594351267904,-0.05395850243826861,0.020391551423024925,43.4428552409171,0.022471222381208193,0.6658647519280672,-0.018930325660929115,0.0,0.4894618713327104,0.0,0.52,1.4877769488733177,503,nested_validation
2022-09-15,-0.018930325660929115,-0.013530884651774433,-0.02392008679685853,-0.06931067795303836,0.020337313364198115,40.103624434675176,0.025333075632002357,0.7731683329027885,-0.010960127130945962,0.0,0.502027182306787,0.0,0.52,1.4877769488733177,503,nested_validation
2022-09-16,-0.010960127130945962,-0.04238446846738997,-0.030107284491646902,-0.07671394680974142,0.020334041443050222,38.30268409036105,0.019774459500165896,3.2463888662676132,0.025083220169305642,1.0,0.47198918937716333,-1.0,0.52,1.4877769488733177,503,nested_validation
2022-09-19,0.025083220169305642,-0.05476321566787201,-0.004927515415124817,-0.05144928590468456,0.02139171284014348,44.39011293728704,0.035344326813085,-0.0656206224984867,0.01566535262614077,1.0,0.4571158775439917,-1.0,0.52,1.4877769488733177,503,nested_validation
2022-09-20,0.01566535262614077,0.019890920627479103,0.00912008609880166,-0.03501576070335033,0.021422220347758095,47.9320344174057,0.031867432724686846,0.9163307012173181,-0.020267780224936027,0.0,0.501868976924236,0.0,0.52,1.4877769488733177,503,nested_validation
2022-09-21,-0.020267780224936027,-0.010237934370614266,-0.009906124660968851,-0.05239804460101505,0.021745031334830352,43.96894146619833,0.03343741444725007,0.5976631036789454,-0.006375143331520006,0.0,0.5027183403012209,0.0,0.52,1.4877769488733177,503,nested_validation
2022-09-22,-0.006375143331520006,0.002428488332830492,-0.015127070863037106,-0.05523595329707931,0.02170973109404277,42.79465576056667,0.02330756468876179,-0.1047128535547645,-0.015123625518133843,0.0,0.5027440890324377,0.0,0.52,1.4877769488733177,503,nested_validation
2022-09-23,-0.015123625518133843,-0.001791371259218022,-0.025661815925330345,-0.06604651250166849,0.0213592865369669,40.077576495893204,0.019344570921978763,0.22693972214631225,0.002260074862590278,1.0,0.5059467627789646,0.0,0.52,1.4877769488733177,503,nested_validation
2022-09-26,0.002260074862590278,-0.024016162507293548,-0.015386016194273266,-0.059785327266375754,0.020122037918731645,40.67459364373183,0.027392748993685937,0.06504320834699197,0.0065665821741340835,1.0,0.4967816777058428,0.0,0.52,1.4877769488733177,503,nested_validation
2022-09-27,0.0065665821741340835,-0.032759448747445075,-0.00757243490617221,-0.04937665666065061,0.020112401480483898,42.47204860402563,0.03143123645965923,-0.3964317515547743,-0.012651832332571944,0.0,0.48287121767830676,0.0,0.52,1.4877769488733177,503,nested_validation
2022-09-28,-0.012651832332571944,-0.02524060483373547,-0.016610774374771875,-0.05683692915408378,0.02003850680016247,39.94441239755108,0.03870797646496711,2.1789457511779187,-0.049119095887475095,0.0,0.5022176759031186,0.0,0.52,1.4877769488733177,503,nested_validation
2022-09-29,-0.049119095887475095,-0.06717299919850306,-0.0588049303125624,-0.09708874713370619,0.022412203246742944,32.06644589169309,0.04239197589865203,1.2453388280874313,-0.03003928749911766,0.0,0.5937770614830459,1.0,0.52,1.4877769488733177,503,nested_validation
2022-09-30,-0.03003928749911766,-0.08130038877875367,-0.07947677653927554,-0.11750995899401051,0.022959143561995028,28.54126517311751,0.03690308405307467,1.006525897472155,0.030752522754871503,1.0,0.606664653061612,1.0,0.52,1.4877769488733177,503,nested_validation
2022-10-03,0.030752522754871503,-0.05518341429489115,-0.0435039990640228,-0.08470765911393208,0.024260786937422212,36.058270933886206,0.037767672854126355,0.5010335237790816,0.025622943240615426,1.0,0.4105182029533633,-1.0,0.52,1.4877769488733177,503,nested_validation
2022-10-04,0.025622943240615426,-0.03729610677082529,-0.011829754728448383,-0.05691849287969397,0.025085893145899263,41.72769702759885,0.013415514250413301,-0.6601382935198007,0.002053636696635497,1.0,0.4539988011350575,-1.0,0.52,1.4877769488733177,503,nested_validation
2022-10-05,0.002053636696635497,-0.02295768720437752,-0.004873567193897199,-0.050727156860983946,0.02496625248067288,42.18152200004893,0.029849798894571667,-0.9900600584750772,-0.006625949199498993,0.0,0.4876775851102249,0.0,0.52,1.4877769488733177,503,nested_validation
2022-10-06,-0.006625949199498993,0.020704565490383464,-0.0065308290634686905,-0.05249109374262517,0.02493414840329931,41.06792237038966,0.015952638260814788,-1.3747517126149245,-0.03671850400980381,0.0,0.47678255102356737,-1.0,0.52,1.4877769488733177,503,nested_validation
2022-10-07,-0.03671850400980381,0.013675923300558779,-0.03620172131767063,-0.08130869275424124,0.025469513778003713,35.51022795907771,0.026054745168739735,-0.7198542544203627,0.00235554715266173,1.0,0.5164606231200825,0.0,0.52,1.4877769488733177,503,nested_validation
2022-10-10,0.00235554715266173,-0.014250596234488766,-0.027003082992142602,-0.07445082721308605,0.0234901006126871,36.08584508501621,0.023643299449664156,-1.091270549333664,-0.010254817413065664,0.0,0.49224968236716915,0.0,0.52,1.4877769488733177,503,nested_validation
2022-10-11,-0.010254817413065664,-0.04873352332371894,-0.028376756476497844,-0.07941149806358427,0.0203534684428423,34.633140359164614,0.022521261901235396,-0.9075121896702085,-0.0046051180603926545,0.0,0.4883735460333817,0.0,0.52,1.4877769488733177,503,nested_validation
2022-10-12,-0.0046051180603926545,-0.055054791911347656,-0.025012523953807597,-0.07947007205010959,0.020084281697024475,33.978407103053144,0.01590282641665489,-1.1123512076598205,0.03361291569383984,1.0,0.4937230207508074,0.0,0.52,1.4877769488733177,503,nested_validation
2022-10-13,0.03361291569383984,-0.016777646933334278,0.007397543451566291,-0.045515769345657375,0.021547466879553046,42.48574240972208,0.06448003962867123,0.5586593652317939,-0.03224002675843851,0.0,0.37705284598628047,-1.0,0.52,1.4877769488733177,503,nested_validation
2022-10-14,-0.03224002675843851,-0.012206460878611325,-0.025204604564465716,-0.072246445830904,0.022424831174447706,37.34764230814195,0.045743616185122085,-0.3398973572770951,0.029122673725456183,1.0,0.5217511013881206,1.0,0.52,1.4877769488733177,503,nested_validation
2022-10-17,0.029122673725456183,0.014171798576886996,0.0032123069120169045,-0.042360011241628914,0.022702359534799346,43.7517225719444,0.018467730892441424,-0.5153756744260491,0.009409381724085897,1.0,0.46208979539939804,-1.0,0.52,1.4877769488733177,503,nested_validation
2022-10-18,0.009409381724085897,0.034321304285390264,0.014331098871056769,-0.031007793902494862,0.02247394929203792,45.73780989443552,0.04236519191576094,0.18881936781225409,0.0007651189659432234,1.0,0.512232165187191,0.0,0.52,1.4877769488733177,503,nested_validation
2022-10-19,0.0007651189659432234,0.039901552552869646,0.01692983497931455,-0.02762270158296609,0.02218364062152792,45.90664119317043,0.023981627510113825,-1.4741661976053009,-0.003266881037276903,0.0,0.46875965561774735,-1.0,0.52,1.4877769488733177,503,nested_validation
2022-10-20,-0.003266881037276903,0.0027973742901801213,0.015071415772908603,-0.028375986303579626,0.02217076648608526,45.2586362747006,0.022595756377400297,-1.2429081883529693,0.027059183800673736,1.0,0.46535830512460846,-1.0,0.52,1.4877769488733177,503,nested_validation
2022-10-21,0.027059183800673736,0.06424349139603325,0.03726620506137657,0.000197100530951122,0.022902560891573435,51.36267662226541,0.03530937771557887,-0.23300295275641206,0.014802582625852656,1.0,0.4779756476866177,-1.0,0.52,1.4877769488733177,503,nested_validation
2022-10-24,0.014802582625852656,0.04943469926848065,0.04596796803408876,0.018225153323933707,0.023148091306193254,54.43678450005837,0.028303752518670212,-0.6603446357784291,0.01933739007220847,1.0,0.4870062049791704,0.0,0.52,1.4877769488733177,503,nested_validation
2022-10-25,0.01933739007220847,0.05975637513536358,0.0563173317860457,0.038268666735779444,0.023498598533299542,58.20790325542949,0.02054617932292816,-0.6870157914157646,-0.01962681703145719,0.0,0.508551607609018,0.0,0.52,1.4877769488733177,503,nested_validation
2022-10-26,-0.01962681703145719,0.038162412910814236,0.027739123161415913,0.019270861398477335,0.02374124096282486,53.29335546568288,0.026448021731538773,0.03878850673073732,-0.030465578659597425,0.0,0.5099519187322482,0.0,0.52,1.4877769488733177,503,nested_validation
2022-10-27,-0.030465578659597425,0.009833199188082453,-0.004811072907203617,-0.010077070598767723,0.02209810701476292,46.81555655875411,0.03397788719097406,1.3247647839855523,0.07555250028795202,1.0,0.5289717156348648,1.0,0.52,1.4877769488733177,503,nested_validation
2022-10-28,0.07555250028795202,0.05751317878416806,0.05775755926967174,0.06349262609570894,0.026260794449941102,59.54733026713382,0.062154824286340025,3.340615772315041,-0.015410268135970906,0.0,0.5087249163507579,0.0,0.52,1.4877769488733177,503,nested_validation
2022-10-31,-0.015410268135970906,0.026028741913112885,0.03378299495022841,0.04737570686247761,0.026040749909354184,56.35982035421828,0.01512982509212083,0.46241496942400684,-0.017542652145473236,0.0,0.5308004748712122,1.0,0.52,1.4877769488733177,503,nested_validation
2022-11-01,-0.017542652145473236,-0.01109339614132454,0.010944956688327734,0.030468317978586956,0.025949812570255443,52.939297734220126,0.04195149234305525,-0.31221031605756105,-0.03730503166944055,0.0,0.5056655148162894,0.0,0.52,1.4877769488733177,503,nested_validation
2022-11-02,-0.03730503166944055,-0.028925486516336085,-0.027531909727225967,-0.006003871547957673,0.02731731352268346,46.578921001032604,0.04943803509132228,0.2514097935165977,-0.04240495102932984,0.0,0.5377077587710557,1.0,0.52,1.4877769488733177,503,nested_validation
2022-11-03,-0.04240495102932984,-0.040883824415478776,-0.06594471176558447,-0.045130711899474374,0.02881637355900677,40.80185754566381,0.02916188730822154,0.3858370355217752,-0.0019474148739071495,0.0,0.5009468314665967,0.0,0.52,1.4877769488733177,503,nested_validation
2022-11-04,-0.0019474148739071495,-0.10999381413542908,-0.06230188645993351,-0.04440147199637623,0.027689597389517605,40.563591254941656,0.05990745045249282,1.9838312121543518,0.0039023172580903154,1.0,0.5440848245013022,1.0,0.52,1.4877769488733177,503,nested_validation
2022-11-07,0.0039023172580903154,-0.09253647133619924,-0.052037595527057,-0.038103930146500486,0.027698653432484777,41.30185114389724,0.02505035828827853,-0.3832870227457704,0.0041751183855003315,1.0,0.5463669557216515,1.0,0.52,1.4877769488733177,503,nested_validation
2022-11-08,0.0041751183855003315,-0.07247648122692274,-0.03983230871596788,-0.03140329065156133,0.027611899279750177,42.13324762419229,0.028243635717685896,-0.14188767951510736,-0.03319021395379462,0.0,0.5416495774149901,1.0,0.52,1.4877769488733177,503,nested_validation
2022-11-09,-0.03319021395379462,-0.06851199576446709,-0.06251664816885105,-0.06034955025387856,0.02856992482133606,37.55981187865646,0.02936165831715483,-0.7822751231975072,0.08897466532157106,1.0,0.5608831909790329,1.0,0.52,1.4877769488733177,503,nested_validation
2022-11-10,0.08897466532157106,0.059285800144645906,0.019259149621517757,0.022157416337670766,0.033944755855044445,52.07856941696049,0.050180400096745306,1.040304281583717,0.01926867552011502,1.0,0.38902884517847125,-1.0,0.52,1.4877769488733177,503,nested_validation
2022-11-11,0.01926867552011502,0.08180355484404744,0.04308450558073584,0.03902590829919639,0.03319611348762877,54.75074297529041,0.03767534739228099,-0.004511088003832862,-0.009485636322229318,0.0,0.5108712768969115,0.0,0.52,1.4877769488733177,503,nested_validation
2022-11-14,-0.009485636322229318,0.06737671716641969,0.036661746387758765,0.027727784102005826,0.032832226337436786,53.149268050005595,0.01922043516980084,-0.824924846333727,0.011869605135221173,1.0,0.49246460839519945,0.0,0.52,1.4877769488733177,503,nested_validation
2022-11-15,0.011869605135221173,0.07555548584613181,0.04923096065272814,0.03892272592283308,0.03286199097029357,54.90973617208575,0.033524386859338534,-0.12979035879382023,-0.008331024388558816,0.0,0.5115884692118159,0.0,0.52,1.4877769488733177,503,nested_validation
2022-11-16,-0.008331024388558816,0.10321080967143348,0.037587304062118854,0.02964182911668889,0.03294918625915162,53.3757304319846,0.01733988808033063,-1.1949776996682826,0.012971343295474558,1.0,0.4844771482513059,0.0,0.52,1.4877769488733177,503,nested_validation
2022-11-17,0.012971343295474558,0.02621389771355176,0.04227336560085093,0.041668695434806224,0.03300207328271067,55.445432426001254,0.03536359997270598,-0.5766103982264645,0.003781836661762128,1.0,0.5157752333339446,0.0,0.52,1.4877769488733177,503,nested_validation
2022-11-18,0.003781836661762128,0.010621532668111389,0.03695747082038059,0.04286157058500195,0.03254423287211083,56.0657282622525,0.018044787155062244,-0.7775347804610707,-0.021680351337964643,0.0,0.5158296996054457,0.0,0.52,1.4877769488733177,503,nested_validation
2022-11-21,-0.021680351337964643,-0.0018207317064237172,0.008194436852999809,0.018421459609214708,0.03279399939018831,51.61274413013913,0.017904155089756364,-1.3650276769024918,0.014661304173650525,1.0,0.47959155281496796,-1.0,0.52,1.4877769488733177,503,nested_validation
2022-11-22,0.014661304173650525,0.0009331963583518732,0.015587621438505117,0.030650883326773792,0.032672615768987265,54.204240999993324,0.023238817841059023,-1.5189391814863633,0.00592625994245477,1.0,0.4871762818553885,0.0,0.52,1.4877769488733177,503,nested_validation
2022-11-23,0.00592625994245477,0.015323672946602862,0.010535605889436361,0.03369438260654989,0.03238283647166041,55.26253168540044,0.016482460928330646,-1.1681100148906365,-0.01959375451963663,0.0,0.49811676362676593,0.0,0.52,1.4877769488733177,503,nested_validation
2022-11-25,-0.01959375451963663,-0.01731704778290699,-0.010085680157489452,0.012203725405431909,0.03193545226144284,51.03815646729077,0.011883125773898695,-1.7512630723587848,-0.02626421689038083,0.0,0.5040218693538552,0.0,0.52,1.4877769488733177,503,nested_validation
2022-11-28,-0.02626421689038083,-0.04673155154129871,-0.03254157289831239,-0.015741832216238927,0.027576161690906972,46.055605480892325,0.022604316178357873,-0.527472865852258,-0.021148359697499397,0.0,0.517162748746104,0.0,0.52,1.4877769488733177,503,nested_validation
2022-11-29,-0.021148359697499397,-0.046213182267623276,-0.048463346094102966,-0.03633714017181078,0.02772924525413433,42.548274358122384,0.03159305456489856,0.1361218809024607,0.04859400823209925,1.0,0.4951755075507352,0.0,0.52,1.4877769488733177,503,nested_validation
2022-11-30,0.04859400823209925,-0.014316266826149615,-0.0008707329464096025,0.009453330723824926,0.029747559476931876,51.49542182865804,0.055191503319041775,1.231913746304378,0.0018915255587621527,1.0,0.31570448700533377,-1.0,0.52,1.4877769488733177,503,nested_validation
2022-12-01,0.0018915255587621527,-0.01826980915629073,0.001343564559608712,0.010286092446377015,0.02851470024610794,51.82520081363734,0.016991465942579734,-0.4170255890512424,-0.0033713023809528453,0.0,0.47829948411187956,-1.0,0.52,1.4877769488733177,503,nested_validation
2022-12-02,-0.0033713023809528453,-0.0020254501393204283,-6.764745397092042e-05,0.005816406775033478,0.026715139597862883,51.15634784869252,0.01589883054144583,-0.5962906834107427,-0.007983128566258824,0.0,0.4878331377228694,0.0,0.52,1.4877769488733177,503,nested_validation
2022-12-05,-0.007983128566258824,0.016710701091526614,-0.004913242261682771,-0.0021234983018771914,0.026809463174073414,49.53167411978783,0.03512237417300968,-0.37261836339426874,-0.02537005358776412,0.0,0.4885067380201102,0.0,0.52,1.4877769488733177,503,nested_validation
2022-12-06,-0.02537005358776412,0.012325724678105665,-0.026790322666208066,-0.026049432469928857,0.027523347336665782,44.71074711344399,0.03764610415610062,-0.5379400643904858,-0.013784868275464102,0.0,0.5390898988420542,1.0,0.52,1.4877769488733177,503,nested_validation
2022-12-07,-0.013784868275464102,-0.04789562016019888,-0.034128242593854496,-0.03703657786102765,0.027722974591771244,42.35947040745989,0.023910849005331424,-0.2254585770883601,0.012132789503324748,1.0,0.49080048667801907,0.0,0.52,1.4877769488733177,503,nested_validation
2022-12-08,0.012132789503324748,-0.03816327687954735,-0.016735798392766177,-0.023918713405808534,0.026677505176946816,45.06027215322434,0.0169645865579314,-0.5914785469968289,-0.0034351203581193257,0.0,0.4896887792224706,0.0,0.52,1.4877769488733177,503,nested_validation
2022-12-09,-0.0034351203581193257,-0.038224866992475626,-0.016078122669712203,-0.026738864520300165,0.01800672930884406,44.417988157275,0.03285040311925014,0.3126916149312469,0.016390148227622525,1.0,0.48440551607982485,0.0,0.52,1.4877769488733177,503,nested_validation
2022-12-12,0.016390148227622525,-0.014594612099345872,-0.00013835088451685795,-0.008299314745560338,0.017851243937453614,48.19895602786578,0.023807891969171695,0.031905899341518794,0.0067822148762815004,1.0,0.47267126356674954,-1.0,0.52,1.4877769488733177,503,nested_validation
2022-12-13,0.0067822148762815004,0.017913129627992852,0.0036564814258184253,0.00016932632377630874,0.01784454657004474,49.74728087928464,0.03938953515815031,1.451083474712101,-0.015535794443088502,0.0,0.49604371467717245,0.0,0.52,1.4877769488733177,503,nested_validation
2022-12-14,-0.015535794443088502,0.016105926840587204,-0.008639322497474566,-0.01374381400235769,0.017871395130808338,46.30951759674408,0.038405137505432785,0.7573416300462077,-0.04685420397523965,0.0,0.49945548934499984,0.0,0.52,1.4877769488733177,503,nested_validation
2022-12-15,-0.04685420397523965,-0.043112620667876245,-0.047300039928103055,-0.058161737599800145,0.02033762800425534,37.92889122642016,0.042271093571142275,1.6109380139955072,-0.014578741003391182,0.0,0.4879824838426713,0.0,0.52,1.4877769488733177,503,nested_validation
2022-12-16,-0.014578741003391182,-0.053812566224213154,-0.05239282800690359,-0.07100797520404434,0.02006627638996475,35.85641947855012,0.029142802237986005,3.3174318521723105,-0.015909659868968307,0.0,0.4989722702828867,0.0,0.52,1.4877769488733177,503,nested_validation
2022-12-19,-0.015909659868968307,-0.08388140601733496,-0.05800563516555679,-0.08452126264162951,0.02007116444095689,33.72246445214574,0.029311700288184434,0.11856718919206932,-0.0005287083350575816,0.0,0.5831142638781112,1.0,0.52,1.4877769488733177,503,nested_validation
2022-12-20,-0.0005287083350575816,-0.09053395966212718,-0.05134084511373971,-0.08360673546284714,0.019796513662379202,33.65192968622688,0.02539682942438856,-0.003987246073607723,0.02380938696857382,1.0,0.5811753444271611,1.0,0.52,1.4877769488733177,503,nested_validation
2022-12-21,0.02380938696857382,-0.054186161394949695,-0.024915300547760588,-0.06090982892262886,0.02035260235050466,39.759386107867385,0.02997414285764185,0.2756116595568889,-0.023772484005359362,0.0,0.5039708849587595,0.0,0.52,1.4877769488733177,503,nested_validation
2022-12-22,-0.023772484005359362,-0.03128199473191784,-0.04090108184378638,-0.08267466721800809,0.020587569967546796,36.10106184451897,0.032216551799741956,-0.09932946323327799,-0.0027981967802195307,0.0,0.493988476522015,0.0,0.52,1.4877769488733177,503,nested_validation
2022-12-23,-0.0027981967802195307,-0.019701135077577314,-0.036385806793412745,-0.0820553530466187,0.02037479415819747,35.69463268321482,0.02108295742779355,-0.8169800393191236,-0.013878078339173205,0.0,0.5050491410358339,0.0,0.52,1.4877769488733177,503,nested_validation
2022-12-27,-0.013878078339173205,-0.017677380767185058,-0.03961033956033977,-0.09064398053503053,0.019920042815807948,33.675355689538875,0.020687552616008634,-0.5783386007848783,-0.030685436755789386,0.0,0.4903498541962202,0.0,0.52,1.4877769488733177,503,nested_validation
2022-12-28,-0.030685436755789386,-0.047316687765586396,-0.05552636857973803,-0.11395430114088301,0.02040981097941911,29.726630291804184,0.04093935254866486,0.17027841728247597,0.028324227440623684,1.0,0.5407025046212197,1.0,0.52,1.4877769488733177,503,nested_validation
2022-12-29,0.028324227440623684,-0.04311550224231431,-0.018775143603344202,-0.08447480247568084,0.018070472841010845,36.860439367858824,0.021217439685636538,-0.2036118779154294,0.0024688823072511745,1.0,0.4739946416434588,-1.0,0.52,1.4877769488733177,503,nested_validation
2022-12-30,0.0024688823072511745,-0.017394083604637123,-0.011435603943580563,-0.07812067377917853,0.018084243828338523,37.47314846631179,0.01939503413468706,-0.15411583371178378,-0.03740458822115189,0.0,0.49807678593530746,0.0,0.52,1.4877769488733177,503,nested_validation
2023-01-03,-0.03740458822115189,-0.051493946706729354,-0.04152835962406898,-0.10718702879542952,0.019278262621094902,32.34011181049529,0.053809832445514544,1.3739295835260656,0.010314157474591079,1.0,0.5026498012765329,0.0,0.52,1.4877769488733177,503,nested_validation
2023-01-04,0.010314157474591079,-0.028224529803992704,-0.027161887411852437,-0.09259559758041769,0.019693241120632272,34.88953724543046,0.028331764907900757,0.2599175753551637,-0.010604481153610013,0.0,0.4845239494292661,0.0,0.52,1.4877769488733177,503,nested_validation
2023-01-05,-0.010604481153610013,-0.008092592440975266,-0.03205316326331831,-0.09725021287650681,0.019271062868332328,33.47838981475725,0.02407610452453865,-0.16373966677963708,0.036793803420659854,1.0,0.4984533251916611,0.0,0.52,1.4877769488733177,503,nested_validation
2023-01-06,0.036793803420659854,7.704406986652756e-05,0.008111684646284756,-0.059379772569047806,0.021352479877679336,42.13127559469036,0.04166019209923854,0.11970812440185007,0.004089006999396405,1.0,0.36402726612694586,-1.0,0.52,1.4877769488733177,503,nested_validation
2023-01-09,0.004089006999396405,0.00169330322936867,0.013874019143826244,-0.05072989848064702,0.021120282381465776,43.05047257532536,0.02704575057652781,-0.7381091862751655,0.0044563944547866274,1.0,0.4757481064954441,-1.0,0.52,1.4877769488733177,503,nested_validation
2023-01-10,0.0044563944547866274,0.04525456011880191,0.019289499440551694,-0.04245349938030751,0.021207238292453086,44.096933409459325,0.02401896651318385,-1.0255374312866918,0.021112493053031534,1.0,0.5070292633622135,0.0,0.52,1.4877769488733177,503,nested_validation
2023-01-11,0.021112493053031534,0.056426342105180716,0.03800897776785428,-0.019669070277482437,0.021457269985618848,48.90816255418599,0.02284806103423929,-0.7528395320242216,-0.0005992513020492973,0.0,0.47625414815913664,-1.0,0.52,1.4877769488733177,503,nested_validation
2023-01-12,-0.0005992513020492973,0.06710941896642408,0.031475683026694234,-0.018391874047254397,0.021336596613542386,48.77713445757042,0.02113778568338803,-0.6028989626621261,0.010118821771530007,1.0,0.4809028109932154,0.0,0.52,1.4877769488733177,503,nested_validation
2023-01-13,0.010118821771530007,0.03965446690688368,0.037780785049429166,-0.005221533852240112,0.021380990966540447,51.155319652237374,0.024191114868816338,-1.153397039152689,0.008756436947850332,1.0,0.5011388037875827,0.0,0.52,1.4877769488733177,503,nested_validation
2023-01-17,0.008756436947850332,0.044487220139972194,0.04204515786387897,0.006552911197275524,0.01894965832589939,53.20070768992091,0.023245463782320664,-0.7996647500689357,-0.00537014614710507,0.0,0.5000013696142098,0.0,0.52,1.4877769488733177,503,nested_validation
2023-01-18,-0.00537014614710507,0.03426906021434051,0.028455265264422325,0.004270705490174276,0.0187007019387539,51.75674789077515,0.02647734378588369,-0.5701148313826,0.00044415170982925467,1.0,0.5007845935691152,0.0,0.52,1.4877769488733177,503,nested_validation
2023-01-19,0.00044415170982925467,0.013334416751788147,0.021985754925381906,0.007550528002118639,0.01832186810146422,51.87247168335359,0.018333670800688873,-1.3719211441039845,0.019220363081384084,1.0,0.4819327683990449,0.0,0.52,1.4877769488733177,503,nested_validation
2023-01-20,0.019220363081384084,0.03343035665142069,0.03161343343356293,0.02820265130120836,0.018726978200543146,56.71358735384215,0.02756221938303438,0.3788373578640909,0.023500631144371953,1.0,0.5136843286103402,0.0,0.52,1.4877769488733177,503,nested_validation
2023-01-23,0.023500631144371953,0.04712099158936178,0.04685672302342536,0.05232159146261517,0.018709309616253268,61.86207500574182,0.038409846249669435,0.5245905363424456,0.010063067372669376,1.0,0.5145516154044447,0.0,0.52,1.4877769488733177,503,nested_validation
2023-01-24,0.010063067372669376,0.04847731517349385,0.047768192781194374,0.06294288163223416,0.01778923017203188,63.88923674480181,0.020065955481976844,-0.6638206860936038,-0.004700838044115141,0.0,0.5123273024988263,0.0,0.52,1.4877769488733177,503,nested_validation
2023-01-25,-0.004700838044115141,0.049182858406615404,0.03437961002705592,0.05802506061018953,0.017829923007775646,62.209029511161184,0.02551808192311083,-0.7273824630586913,0.014803461163639842,1.0,0.5048550741507708,0.0,0.52,1.4877769488733177,503,nested_validation
2023-01-26,0.014803461163639842,0.06424171132883627,0.04173911328838509,0.07382898182248177,0.017499071019475013,65.29018588247513,0.01632402051902141,-1.518684394457765,0.013684109201668404,1.0,0.48145195073048086,0.0,0.52,1.4877769488733177,503,nested_validation
2023-01-27,0.013684109201668404,0.05846090816131855,0.04651316257887772,0.08839888729863055,0.015500397826993794,67.93152345524952,0.02843825193429966,-0.21467027686786352,-0.020077923790362884,0.0,0.47962536714149157,-1.0,0.52,1.4877769488733177,503,nested_validation
2023-01-30,-0.020077923790362884,0.01339381642830828,0.01947705663689403,0.0666017753875563,0.01583104507429072,60.55107015811519,0.018881097540155108,-0.6689703440599615,0.009020920331372695,1.0,0.5324323790738924,1.0,0.52,1.4877769488733177,503,nested_validation
2023-01-31,0.009020920331372695,0.012348232838952589,0.02258633386995501,0.07414311305030408,0.015841960780374312,62.483663062938874,0.014276787403466627,-0.48205453114679403,0.007900626948189604,1.0,0.5296501214616649,1.0,0.52,1.4877769488733177,503,nested_validation
2023-02-01,0.007900626948189604,0.025165555814561813,0.02325404415845056,0.07970380538420097,0.012434760936966587,64.15487237891415,0.03637484392869524,0.7591822753366694,0.03706252316114256,1.0,0.526571716000462,1.0,0.52,1.4877769488733177,503,nested_validation
2023-02-02,0.03706252316114256,0.04765190370148642,0.04969368454327561,0.11463106565045722,0.01399087038387656,70.78214174857995,0.019957527918463346,3.4115720450009204,0.02439999329161724,1.0,0.4372775323431944,-1.0,0.52,1.4877769488733177,503,nested_validation
2023-02-03,0.02439999329161724,0.05872686903316238,0.06300264668823385,0.13561742325498582,0.013615410537594314,74.27870699967026,0.061812317487105584,3.496916635715106,-0.017928893685836722,0.0,0.4181567361667625,-1.0,0.52,1.4877769488733177,503,nested_validation
2023-02-06,-0.017928893685836722,0.06104872295324504,0.03637159154781333,0.11082625287578751,0.013602022105462085,67.71021758764263,0.01529036703055599,-0.2161808667546274,0.019244872965102244,1.0,0.4670717964313699,-1.0,0.52,1.4877769488733177,503,nested_validation
2023-02-07,0.019244872965102244,0.0717998497802197,0.047643616084686036,0.12604306312985925,0.01378410889461678,70.65605542783034,0.029679899896814427,0.35656883519196597,-0.017652722788023878,0.0,0.4328609986179174,-1.0,0.52,1.4877769488733177,503,nested_validation
2023-02-08,-0.017652722788023878,0.04462646018566896,0.02218373196469603,0.10080581849727466,0.014923988138591278,64.71193028612603,0.022446048599324173,-0.4999433590191633,-0.006911594410295874,0.0,0.49063439153930677,0.0,0.52,1.4877769488733177,503,nested_validation
2023-02-09,-0.006911594410295874,0.0003316122353083095,0.010421025648833515,0.08772242572378253,0.01490981192747101,62.53289936061643,0.025916376938120024,-0.8183488337999842,0.002456182142568375,1.0,0.5085585353513589,0.0,0.52,1.4877769488733177,503,nested_validation
2023-02-10,0.002456182142568375,-0.021096626859834156,0.009313026473827035,0.08383011855460976,0.014854410787729836,63.00633539908863,0.014038773553438664,-0.7150423651770307,0.01880675367006468,1.0,0.5076884151601246,0.0,0.52,1.4877769488733177,503,nested_validation
2023-02-13,0.01880675367006468,0.015520527315635135,0.020743900333289655,0.09779522924322359,0.015082050116717031,66.50494344738664,0.021709432599198938,-0.5219801412369106,-0.00422495126179534,0.0,0.4908474142527131,0.0,0.52,1.4877769488733177,503,nested_validation
2023-02-14,-0.00422495126179534,-0.007863537600549364,0.010311416953376007,0.08708909829839429,0.015263679143782698,64.98999175795723,0.018994802350371372,-0.5380265664903102,0.01390343287521878,1.0,0.5099927465795729,0.0,0.52,1.4877769488733177,503,nested_validation
2023-02-15,0.01390343287521878,0.024007078191772058,0.017565963537262475,0.09432154124693515,0.015111252524828702,67.59496693129978,0.016867283115319473,-0.36020791616295916,-0.010429420069740902,0.0,0.5226857664868096,1.0,0.52,1.4877769488733177,503,nested_validation
2023-02-16,-0.010429420069740902,0.020379729050607365,0.004899455973123468,0.07594910040882796,0.015532498737192724,63.71209847600377,0.0193871289921051,-0.27194731873415806,-0.007546661242234021,0.0,0.523075564380562,1.0,0.52,1.4877769488733177,503,nested_validation
2023-02-17,-0.007546661242234021,0.010198038514363406,-0.0015650871035088887,0.06096693162172606,0.015541199193244955,61.00961673353107,0.014093699465577413,-0.6158565218458562,-0.02667982573878347,0.0,0.5255996752108796,1.0,0.52,1.2549120439216452,566,nested_validation
2023-02-21,-0.02667982573878347,-0.03490418831326436,-0.026279366858525832,0.028118172447381573,0.016420987113080012,52.58206528440594,0.019463897311470787,-0.5751467299083515,0.0028958578515825284,1.0,0.5142015156622772,0.0,0.52,1.2549120439216452,566,nested_validation
2023-02-22,0.0028958578515825284,-0.028002767093833425,-0.019921865204603373,0.026603267146878107,0.016335676659295435,53.315747821107465,0.01873610380443984,-0.8651371773606189,0.0032905864048682343,1.0,0.4923435630216247,0.0,0.52,1.2549120439216452,566,nested_validation
2023-02-23,0.0032905864048682343,-0.038176968174488346,-0.01521357373200738,0.025534434062129296,0.016254605560389164,54.185715339139854,0.020749604895395554,-0.919470423687263,-0.0180051095300805,0.0,0.4956102537772916,0.0,0.52,1.2549120439216452,566,nested_validation
2023-02-24,-0.0180051095300805,-0.04554023538623786,-0.030433103486240287,0.003985878529075393,0.016612119481053605,48.80844922348406,0.010019774749040153,-0.6296670861832898,0.008247223871505005,1.0,0.463631603722431,-1.0,0.52,1.2549120439216452,566,nested_validation
2023-02-27,0.008247223871505005,-0.030350979348402474,-0.020436480401886836,0.008879900201181012,0.01644863592912043,51.15640683073421,0.0116279153731374,-0.985899018143682,-0.0034476282393789415,0.0,0.4826980915345926,0.0,0.52,1.2549120439216452,566,nested_validation
2023-02-28,-0.0034476282393789415,-0.007206408683378629,-0.019632636661448655,0.002471771529971134,0.015774238669582195,50.11311047811495,0.015263550261876457,-0.7244393020687361,-0.014245939562992804,0.0,0.49051662603834845,0.0,0.52,1.2549120439216452,566,nested_validation
2023-03-01,-0.014245939562992804,-0.02417553512218451,-0.02850110766613445,-0.013950115791559359,0.016048485291376296,45.95675669600229,0.015277690854051049,-0.5030963611954897,0.0041292740214646795,1.0,0.47790221105643277,-1.0,0.52,1.2549120439216452,566,nested_validation
2023-03-02,0.0041292740214646795,-0.023359807449908065,-0.018306900609892263,-0.012314980168977363,0.01598311134089492,47.30166871497032,0.019258534348954432,-0.5784458564332992,0.035089884072960764,1.0,0.4795025400338102,-1.0,0.52,1.2549120439216452,566,nested_validation
2023-03-03,0.035089884072960764,0.02944566565301776,0.017976143650075604,0.018672929550568318,0.015760907938536097,57.10992522215564,0.025028132224384457,0.27900924585779485,0.018539378405461937,1.0,0.48717426506674655,0.0,0.52,1.2549120439216452,566,nested_validation
2023-03-06,0.018539378405461937,0.03995421318417702,0.03595503097313846,0.033800100367728625,0.015358898986434822,61.34689460527843,0.018461914477578084,2.480738928721401,-0.01449665551671031,0.0,0.5157766514526895,0.0,0.52,1.2549120439216452,566,nested_validation
2023-03-07,-0.01449665551671031,0.028423978753700174,0.018796536053688584,0.016376102103200063,0.015175960292453236,56.55502614984311,0.01912924656813147,-0.407100220842949,0.008377448792527442,1.0,0.517402282228633,0.0,0.52,1.2549120439216452,566,nested_validation
2023-03-08,0.008377448792527442,0.0520266561346685,0.02460472572222616,0.022478394322404283,0.014668549406300713,58.54119354347233,0.010728065951668515,-1.2084914800520514,-0.014914460096666082,0.0,0.5170357546198988,0.0,0.52,1.2549120439216452,566,nested_validation
2023-03-09,-0.014914460096666082,0.032074528014373715,0.008518884988722775,0.005223673897785774,0.014518847894542723,53.78719779095039,0.028620742834225683,-0.4559476110543258,-0.013878742856907711,0.0,0.4904983920587583,0.0,0.52,1.2549120439216452,566,nested_validation
2023-03-10,-0.013878742856907711,-0.01675144671865092,-0.0066688807275506745,-0.009776231800733282,0.014755951015054608,49.79523722358774,0.022424254754577,1.0116224262519278,0.013265875719536968,1.0,0.4913553455241296,0.0,0.52,1.2549120439216452,566,nested_validation
2023-03-13,0.013265875719536968,-0.02184223063588997,0.0047946043192526044,0.0022989507933666165,0.01505321521244935,53.31252956892155,0.03615340198892596,2.1766368600288497,0.01408926838199176,1.0,0.47283207732158145,-1.0,0.52,1.2549120439216452,566,nested_validation
2023-03-14,0.01408926838199176,0.006530624425933551,0.015438954491011847,0.014211916641239997,0.014790304405007117,56.81860185214363,0.021626501554278643,1.1245638103569084,0.0026212749641789657,1.0,0.5069214640258479,0.0,0.52,1.2549120439216452,566,nested_validation
2023-03-15,0.0026212749641789657,0.0007849929218874951,0.012923850717018626,0.01486480797433809,0.014774767906468375,57.46757344930556,0.0217661396920694,1.2967441959651411,0.018693901079959385,1.0,0.5012596051931187,0.0,0.52,1.2549120439216452,566,nested_validation
2023-03-16,0.018693901079959385,0.03492897548970175,0.02511298585231181,0.03140961227405481,0.015034125737395031,61.879211053927115,0.03092721934843772,1.1331090993900312,-0.005453708003480773,0.0,0.5148072959919374,0.0,0.52,1.2549120439216452,566,nested_validation
2023-03-17,-0.005453708003480773,0.04377100442494952,0.016866965803264966,0.0247876618474967,0.014895379822709323,59.89100407349097,0.0158710110572077,2.385760826773652,0.015483709996717332,1.0,0.5317540893515459,1.0,0.52,1.2549120439216452,566,nested_validation
2023-03-20,0.015483709996717332,0.0460556082654735,0.03019903842545979,0.0399365584819078,0.015115181302381788,63.46098948562205,0.02331647757336,0.6270620697603756,0.01194424483447687,1.0,0.5228413034541611,1.0,0.52,1.2549120439216452,566,nested_validation
2023-03-21,0.01194424483447687,0.04384296882464822,0.0372898783131288,0.05055747248088682,0.013776523412656375,66.01297997506913,0.017955805074524486,0.5930278350606913,-0.009103565570477423,0.0,0.516547584048336,0.0,0.52,1.2549120439216452,566,nested_validation
2023-03-22,-0.009103565570477423,0.03163607409949032,0.024537445585686823,0.04021248310572356,0.014053128137893844,62.39342488936202,0.027434592794908758,0.6360914477150378,0.00696964880709694,1.0,0.5306699130661453,1.0,0.52,1.2549120439216452,566,nested_validation
2023-03-23,0.00696964880709694,0.019762869033959962,0.026122862095024013,0.04579862548700775,0.014079633984039344,64.005816387175,0.02435040932690058,0.029027614147085892,0.008305476342119755,1.0,0.5209213580348879,1.0,0.52,1.2549120439216452,566,nested_validation
2023-03-24,0.008305476342119755,0.03387091550374244,0.026855254504801973,0.052266437346103256,0.013241540382016873,65.89543412176809,0.015538160588923244,-0.5788871258354574,-0.012293280575698118,0.0,0.5329183627035381,1.0,0.52,1.2549120439216452,566,nested_validation
2023-03-27,-0.012293280575698118,0.005590971285696078,0.009181364935806124,0.037679413008320894,0.013700526070672498,60.76803767036512,0.01832201906519585,-1.125531338261065,-0.003980129405353416,0.0,0.5094962555618868,0.0,0.52,1.2549120439216452,566,nested_validation
2023-03-28,-0.003980129405353416,-0.010233425207183067,0.0019322287567733465,0.03269173832677508,0.013714480718268855,59.182142954840366,0.015921407312410908,-1.5412531795748503,0.01979038880029349,1.0,0.4835237282554477,0.0,0.52,1.2549120439216452,566,nested_validation
2023-03-29,0.01979038880029349,0.018627583124371183,0.016733604245364075,0.05139124898177605,0.013522558341474126,64.16941298250364,0.010574092822447005,-1.1293770103140073,0.009890131283103454,1.0,0.5173889937984003,0.0,0.52,1.2549120439216452,566,nested_validation
2023-03-30,0.009890131283103454,0.02158187674147838,0.02257921918817485,0.06016496595019838,0.013558864292597369,66.42117022182524,0.0073909641767127675,-1.2332360750840354,0.01564421732820409,1.0,0.5559079915074399,1.0,0.52,1.2549120439216452,566,nested_validation
2023-03-31,0.01564421732820409,0.02901724723721455,0.0321410214385327,0.07413426902166886,0.012006731777155543,69.69728957749311,0.01873860795792613,0.11580733441318204,0.007701575822881335,1.0,0.5372689941145852,1.0,0.52,1.2549120439216452,566,nested_validation
2023-04-03,0.007701575822881335,0.04984838231561328,0.03441191025918422,0.07921524403952729,0.011597321389404046,71.20977519381836,0.012457074611778708,-0.6277759167375829,-0.003249780903432198,0.0,0.5230835567756209,1.0,0.52,1.2549120439216452,566,nested_validation
2023-04-04,-0.003249780903432198,0.05061820148880991,0.026990730215140868,0.07172894706246291,0.010944351509103277,69.61857072991133,0.010444941595957056,-1.3252695430335713,-0.011290221490064867,0.0,0.5279103057065918,1.0,0.52,1.2549120439216452,566,nested_validation
2023-04-05,-0.011290221490064867,0.018598038087539237,0.011675944002631722,0.05624577560479005,0.011424408996933508,64.26344377115898,0.01984611693342695,-0.9882012717960411,0.0054960749553016885,1.0,0.5236411370455645,1.0,0.52,1.2549120439216452,566,nested_validation
2023-04-06,0.0054960749553016885,0.01416609344712727,0.013647991545356897,0.05857790151621556,0.010615845622857393,65.63363737149302,0.017976476667286162,-1.3524931173510186,-0.01597249641206,0.0,0.5061267849468548,0.0,0.52,1.2549120439216452,566,nested_validation
2023-04-10,-0.01597249641206,-0.017404606719856552,-0.003634280283364877,0.03826115197971802,0.010805518561510798,58.56707806307427,0.01203478962496508,-1.085111292251276,-0.007591089439527021,0.0,0.5212839725384655,1.0,0.52,1.2549120439216452,566,nested_validation
2023-04-11,-0.007591089439527021,-0.032316265883976625,-0.012727678759352767,0.02755271134198356,0.010908182753944071,55.55459410059348,0.01150501286321589,-0.992482604501085,-0.004353188528965712,0.0,0.5167714178599961,0.0,0.52,1.2549120439216452,566,nested_validation
2023-04-12,-0.004353188528965712,-0.03338749676095221,-0.01850186358523942,0.02032156648977157,0.010742562472931148,53.856779468486145,0.014241091145385026,-0.7407543975689872,0.03410358036737193,1.0,0.5029265538355403,0.0,0.52,1.2549120439216452,566,nested_validation
2023-04-13,0.03410358036737193,0.010991771451689836,0.011998965777854309,0.05059872562700907,0.012766399112008758,63.28269564077196,0.026455695502546582,0.5764731993492476,-0.0021139217394128273,0.0,0.5005797920357431,0.0,0.52,1.2549120439216452,566,nested_validation
2023-04-14,-0.0021139217394128273,0.003340181126513464,0.008103475617090794,0.044115326220197204,0.012371277933960319,62.40274758311237,0.015132255301761724,-0.7021352104664049,0.00012088796855214134,1.0,0.5066776747620998,0.0,0.52,1.2549120439216452,566,nested_validation
2023-04-17,0.00012088796855214134,0.01974941678355213,0.008022376924768038,0.0411270842645568,0.012239854938837747,62.43484847014236,0.008230954702644792,-1.3602308133198369,0.007504744443342037,1.0,0.49436164842674285,0.0,0.52,1.2549120439216452,566,nested_validation
2023-04-18,0.007504744443342037,0.035261135425037615,0.015401488689288145,0.04616306324949204,0.01196231107975532,64.46358013181953,0.010572534106560097,-0.501769682929561,0.006968299301429504,1.0,0.5240889883778156,1.0,0.52,1.2549120439216452,566,nested_validation
2023-04-19,0.006968299301429504,0.0470330772531633,0.021231272338587237,0.04992741456041472,0.011822045540825828,66.29727532362469,0.015629722004769593,-0.6478569937276574,-0.005846221903357929,0.0,0.5356810574002279,1.0,0.52,1.2549120439216452,566,nested_validation
2023-04-20,-0.005846221903357929,0.006583778748348257,0.013476547918755521,0.040794963778331805,0.01168090670117332,63.32442064384758,0.013861371996380855,-0.004770235221766641,-0.009781043600776251,0.0,0.5198224354691486,0.0,0.52,1.2549120439216452,566,nested_validation
2023-04-21,-0.009781043600776251,-0.001150170710880305,0.0033440401906583705,0.02752817557148446,0.011948664946285317,58.61633042243575,0.011877296111579415,0.9069390837217564,0.0018785970725696544,1.0,0.5239705850068213,1.0,0.52,1.2549120439216452,566,nested_validation
2023-04-24,0.0018785970725696544,0.0006053045117737632,0.003216014211705698,0.02587493046792133,0.011859583396530616,59.237061375675054,0.010342990957047108,-1.3014385458668303,-0.009435819790789779,0.0,0.49289447064080955,0.0,0.52,1.2549120439216452,566,nested_validation
2023-04-25,-0.009435819790789779,-0.01621924994078139,-0.008037833410065476,0.013407191312779343,0.011707205020716415,54.78385546870261,0.01575381183212518,-0.31969012538979896,-6.1022775781349736e-05,0.0,0.4834163452437169,0.0,0.52,1.2549120439216452,566,nested_validation
2023-04-26,-6.1022775781349736e-05,-0.023086707188764044,-0.010292410049895007,0.011015978344759647,0.011641865239101469,54.755457563401706,0.015144087754811983,-0.7674017016595304,0.028395204584954037,1.0,0.4840537894487115,0.0,0.52,1.2549120439216452,566,nested_validation
2023-04-27,0.028395204584954037,0.010560908942911507,0.016060445450803318,0.03643504815000531,0.012425136592220238,64.08432583401286,0.020010658772675455,1.7145064311150837,0.007541152860632172,1.0,0.5115032087476095,0.0,0.52,1.2549120439216452,566,nested_validation
2023-04-28,0.007541152860632172,0.02823895326614223,0.020969313090981823,0.04129669164475902,0.012364739960856698,66.13791660236046,0.011610097275683675,0.4316839115063732,-0.0005303499323365823,0.0,0.5419022748994241,1.0,0.52,1.2549120439216452,566,nested_validation
2023-05-01,-0.0005303499323365823,0.02576662462868451,0.01775782490711597,0.03764753709256641,0.01198759171142263,65.85059924533988,0.010672784938254963,0.20188686881937798,-0.006191430011295962,0.0,0.5332483526403322,1.0,0.52,1.2549120439216452,566,nested_validation
2023-05-02,-0.006191430011295962,0.02912631279385547,0.01020151143092285,0.02888535622592925,0.012009120136368682,62.44203752053959,0.016672676689930898,-0.3411063449464239,-0.006467277409419103,0.0,0.5030438600282082,0.0,0.52,1.2549120439216452,566,nested_validation
2023-05-03,-0.006467277409419103,0.02253306524565435,0.0037765608952216034,0.020534618916750347,0.012083341884715425,59.02637103856934,0.022454431623537975,1.865203822947913,-0.009913637358331173,0.0,0.5079479036115934,0.0,0.52,1.2549120439216452,566,nested_validation
2023-05-04,-0.009913637358331173,-0.015557405619666342,-0.005661881094345178,0.008786115534639816,0.012019059715549214,54.16667643335682,0.01646658928821739,2.8994138599220065,0.04692708871193463,1.0,0.48068863806232237,0.0,0.52,1.2549120439216452,566,nested_validation
2023-05-05,0.04692708871193463,0.02292558116600274,0.03568857222089372,0.052998795459489934,0.0156816809290465,67.62128022802821,0.0203952779601451,3.5205653673805104,-0.00040330917049002935,0.0,0.4838302633219688,0.0,0.52,1.2549120439216452,566,nested_validation
2023-05-08,-0.00040330917049002935,0.023055603368412836,0.030248388559823702,0.049761313909198135,0.015108458550483815,67.42947741959763,0.010028850104691898,-0.060237676033946856,-0.009971149705576221,0.0,0.5247955057923667,1.0,0.52,1.2549120439216452,566,nested_validation
2023-05-09,-0.009971149705576221,0.019164649386762767,0.015153203221205835,0.03647404323736958,0.015204712379786945,62.696529683469336,0.01129409753952146,-0.7124748692918482,0.010420839478011867,1.0,0.5220370724206932,1.0,0.52,1.2549120439216452,566,nested_validation
2023-05-10,0.010420839478011867,0.03648845899567288,0.019825366864999694,0.043934312408009824,0.015168031914362253,65.40246306161586,0.012272441304301154,-0.2034429092622185,0.0010947466977715425,1.0,0.5380002175437041,1.0,0.52,1.2549120439216452,566,nested_validation
2023-05-11,0.0010947466977715425,0.048012769860736215,0.01774837624534853,0.04236448474668997,0.013526828175653456,65.68699078358839,0.013928047015512554,-0.41026706141761804,-0.005417631499933906,0.0,0.526051878339702,1.0,0.52,1.2549120439216452,566,nested_validation
2023-05-12,-0.005417631499933906,-0.004386232713854743,0.010382915896919087,0.034555673388014574,0.013602208561399657,62.925998431189896,0.0177319199670933,-0.6441046809566212,-0.0028972882013644785,0.0,0.505291098965074,0.0,0.52,1.2549120439216452,566,nested_validation
2023-05-15,-0.0028972882013644785,-0.0068702744091119206,0.005857065051478871,0.030035547666454665,0.01364269158716281,61.44657932293567,0.010112195147905602,-1.1315214496325603,0.0,0.0,0.5001459872014916,0.0,0.52,1.2549120439216452,566,nested_validation
2023-05-16,0.0,0.0031321059942264196,0.003649441033758638,0.028777276752184777,0.01359449352240048,61.44657932293567,0.007787506717343044,-0.798124852646441,0.003603044149227852,1.0,0.5001390481651771,0.0,0.52,1.2549120439216452,566,nested_validation
2023-05-17,0.003603044149227852,-0.003636508744493505,0.004061391043345131,0.0309863842869742,0.013550429373124184,62.70744942287132,0.014534683371074534,0.13364143325612393,0.013666318338871442,1.0,0.505986878595031,0.0,0.52,1.2549120439216452,566,nested_validation
2023-05-18,0.013666318338871442,0.008875648623441146,0.012198745095910235,0.042686554353026374,0.013677632536386977,67.11622237836883,0.015195679038765153,0.5505867950735699,0.0006282775084429648,1.0,0.5183961726676098,0.0,0.52,1.2549120439216452,566,nested_validation
2023-05-19,0.0006282775084429648,0.015008444222405215,0.011764222001621638,0.041124129353204975,0.013390774150343138,67.3101715671052,0.008278128099604782,-0.02901954372265388,-0.005480637917845144,0.0,0.5252816429758606,1.0,0.52,1.2549120439216452,566,nested_validation
2023-05-22,-0.005480637917845144,0.012378703328533414,0.005673261772549898,0.032881795612203835,0.013520950080943953,63.7743575708604,0.007233121628580622,-0.7792729628993095,-0.015155167599055552,0.0,0.5035888632824519,0.0,0.52,1.2549120439216452,566,nested_validation
2023-05-23,-0.015155167599055552,-0.002964065594125098,-0.009583455666270946,0.015025156815001717,0.013833071127513957,55.18847977538764,0.012240651278853116,-0.34937922881849376,0.0016322281086129653,1.0,0.48989857103439877,0.0,0.52,1.2549120439216452,566,nested_validation
2023-05-24,0.0016322281086129653,-0.004921985534734885,-0.007118399237993955,0.01428929034122195,0.013822380235660453,55.867172149383464,0.011056761737519967,-0.6898609963791841,0.006692323047820414,1.0,0.48102685363257,0.0,0.52,1.2549120439216452,566,nested_validation
2023-05-25,0.006692323047820414,-0.011768093826545867,-0.00017331898049588457,0.019540942879955336,0.012545599527281542,58.63778651083083,0.012775255129785307,0.002918198761474366,0.014104677015910339,1.0,0.5031944720564981,0.0,0.52,1.2549120439216452,566,nested_validation
2023-05-26,0.014104677015910339,0.0015413521215343895,0.012255672523253436,0.03180336917610793,0.0127832220715,63.826634317123194,0.015162764482498864,-0.07086848464177258,0.010659612883332725,1.0,0.5006869421368219,0.0,0.52,1.2549120439216452,566,nested_validation
2023-05-30,0.010659612883332725,0.017795564183478163,0.01996788907824909,0.040293745244820434,0.012912463854361612,67.22064582092683,0.013649171614728452,-0.01223383911424769,-0.0002818772641812739,0.0,0.5322491817601047,1.0,0.52,1.2549120439216452,566,nested_validation
2023-05-31,-0.0002818772641812739,0.03316648194596805,0.016650816522062906,0.037765851945019246,0.012779954809382155,67.03961018131946,0.014612195185780913,2.1885085250973257,0.016022475531305203,1.0,0.5380308169902451,1.0,0.52,1.2549120439216452,566,nested_validation
2023-06-01,0.016022475531305203,0.04800977560886177,0.028574375635518123,0.05178827092758587,0.012915033103333435,71.70329401128629,0.01771337945624183,0.5321898077155707,0.0047753257395737325,1.0,0.5392279747394685,1.0,0.52,1.2549120439216452,566,nested_validation
2023-06-02,0.0047753257395737325,0.04601409939989276,0.03001527092607703,0.05382992514042795,0.01252629670470076,72.95137656237264,0.013926522879034503,0.2238066335671253,-0.007571151146232968,0.0,0.5584270875738768,1.0,0.52,1.2549120439216452,566,nested_validation
2023-06-05,-0.007571151146232968,0.023656228079854014,0.019651448889328238,0.042857417893312766,0.008181358175791483,67.8195178970482,0.03847869245825132,3.271600397141964,-0.0020602703165640834,0.0,0.47143004371850394,-1.0,0.52,1.2549120439216452,566,nested_validation
2023-06-06,-0.0020602703165640834,0.010772773064890773,0.014664308610720767,0.03787440930842423,0.008211645479261636,66.45980685790548,0.015010336145465266,0.3096510540306384,-0.00775638273881285,0.0,0.5007558663841162,0.0,0.52,1.2549120439216452,566,nested_validation
2023-06-07,-0.00775638273881285,0.003215616248320341,0.003238368440129813,0.02699389428443899,0.008066850965149685,61.47323570209704,0.021876050103607297,0.11933457479150997,0.01546504914729141,1.0,0.4780557590200772,-1.0,0.52,1.2549120439216452,566,nested_validation
2023-06-08,0.01546504914729141,0.0026652161668072605,0.013760378463179679,0.03946722999449426,0.008403217977138071,66.78324434716976,0.018718444298197166,-0.47970667948585916,0.00215994084776594,1.0,0.49286077686643903,0.0,0.52,1.2549120439216452,566,nested_validation
2023-06-09,0.00215994084776594,5.532379512351859e-05,0.011424390724817268,0.03916354398774513,0.008400140500469363,67.46807419745363,0.00884168205882343,-0.545776736230956,0.01563866719268381,1.0,0.4657168589295887,-1.0,0.52,1.2549120439216452,566,nested_validation
2023-06-12,0.01563866719268381,0.023443501618611418,0.022464173144457478,0.05252470588370106,0.008701145010181707,71.98189067673934,0.015887688533723833,-0.2935435779352429,-0.0026116454873512662,0.0,0.5504385362607096,1.0,0.52,1.2549120439216452,566,nested_validation
2023-06-13,-0.0026116454873512662,0.02287803526958143,0.016395553368489413,0.0469869625685142,0.00869136678780887,70.20268464582112,0.009328413495458822,-0.3166334937513523,0.003491424595602144,1.0,0.4887846493467138,0.0,0.52,1.2549120439216452,566,nested_validation
2023-06-14,0.003491424595602144,0.034473106144488286,0.016169231091400782,0.04752274625556607,0.00866021618818541,71.2240249262731,0.012883909521642208,-0.22668227288211248,0.011198722952940887,1.0,0.5338415913342707,1.0,0.52,1.2549120439216452,566,nested_validation
2023-06-15,0.011198722952940887,0.030126920410374236,0.024199588100491942,0.05548877005412689,0.00882657341549686,74.27986580243197,0.014730420805766815,0.196586436993723,-0.005859930468069874,0.0,0.5686768936699945,1.0,0.52,1.2549120439216452,566,nested_validation
2023-06-16,-0.005859930468069874,0.021883240929750913,0.015976980851833522,0.04547548875480123,0.008756560789231158,70.04147380308002,0.014709070125655576,1.8884423354193685,0.0004868061965790371,1.0,0.5255055542692069,1.0,0.52,1.2549120439216452,566,nested_validation
2023-06-20,0.0004868061965790371,0.006638219918869037,0.013448112492634667,0.04368715823985103,0.008758356755955803,70.19274210538548,0.009134654838032556,-0.6778953558595318,-0.00567541560363749,0.0,0.4730546601911168,-1.0,0.52,1.2549120439216452,566,nested_validation
2023-06-21,-0.00567541560363749,0.003546036134944641,0.005081198355522565,0.035680032680452056,0.00876763739103554,66.00625097027819,0.015329458693731262,-0.7159037976430636,0.016525329783257714,1.0,0.47918551479122423,-1.0,0.52,1.2549120439216452,566,nested_validation
2023-06-22,0.016525329783257714,0.01658065064767089,0.01659169844108277,0.04974793861215865,0.008231905404201658,71.33655187904694,0.018074892421456875,-0.630312539943819,-0.001711347342447267,0.0,0.521517577150669,1.0,0.52,1.2549120439216452,566,nested_validation
2023-06-23,-0.001711347342447267,0.0036018687693994966,0.011492193011109597,0.045338232691266134,0.008318930253260411,70.09059411106593,0.013659755473563724,-0.5644186332578918,-0.007552931940314367,0.0,0.4687225467154824,-1.0,0.52,1.2549120439216452,566,nested_validation
2023-06-26,-0.007552931940314367,0.0018927540345172744,0.0015136302416645098,0.0351706093532691,0.00867590659370131,64.72655511316816,0.015221067950490394,-0.79226684244892,0.015059225459452152,1.0,0.4662393937686182,-1.0,0.52,1.2549120439216452,566,nested_validation
2023-06-27,0.015059225459452152,0.016485651389884115,0.01425448739284163,0.04773681092990234,0.008736677983820497,69.67248653335454,0.014463475784400418,-0.644235891439566,0.006327386141605107,1.0,0.5010778071368726,0.0,0.52,1.2549120439216452,566,nested_validation
2023-06-28,0.006327386141605107,0.028755966276972522,0.01741270988450694,0.05101300817690668,0.008609763308456087,71.50745746620784,0.012153171957562965,-0.6042056156727037,0.0017967146839810155,1.0,0.5138585816736336,0.0,0.52,1.2549120439216452,566,nested_validation
2023-06-29,0.0017967146839810155,0.013850139324673494,0.01615964140044701,0.049497563254078836,0.008578344985018417,72.0282806409018,0.00596025583965195,-0.7742598670373991,0.023102720442817137,1.0,0.522577745761515,1.0,0.52,1.2549120439216452,566,nested_validation
2023-06-30,0.023102720442817137,0.03905101285391743,0.03521904033850731,0.0695441335892264,0.009214171372723894,77.68645119818207,0.016600511421554012,1.2444462620369998,-0.007784930622511399,0.0,0.5263327885256982,1.0,0.52,1.2549120439216452,566,nested_validation
2023-07-03,-0.007784930622511399,0.038808119833749544,0.02304310845002422,0.05783281373911531,0.00954573487027975,72.25959932267256,0.011015329429601274,-1.4079716314526096,-0.0058712031834252665,0.0,0.5413270370488087,1.0,0.52,1.2549120439216452,566,nested_validation
2023-07-05,-0.0058712031834252665,0.017387991155070504,0.013631353721020645,0.04851578167713555,0.009457198473823938,68.4085764036749,0.012334712735932753,-0.636892701096304,0.002508724371640181,1.0,0.5109579889987831,0.0,0.52,1.2549120439216452,566,nested_validation
2023-07-06,0.002508724371640181,0.013527358243209386,0.01196572648238492,0.047775688706718444,0.009381811086167743,69.16044480969809,0.014702087274451247,-0.692549788695571,-0.005891259982822805,0.0,0.5050660193334162,0.0,0.52,1.2549120439216452,566,nested_validation
2023-07-07,-0.005891259982822805,0.00574936043180263,0.004054580463429325,0.03798922817775341,0.009278689399188474,65.2248206616566,0.012743826143904836,-0.5213340851258627,-0.01085580498679084,0.0,0.5050879939256796,0.0,0.52,1.2549120439216452,566,nested_validation
2023-07-10,-0.01085580498679084,-0.02763317736191262,-0.007853547727870391,0.023606200783374165,0.00936023494265272,58.641659181028736,0.015640804822039563,0.3456689507655238,-0.002810041859402035,0.0,0.5247528240882793,1.0,0.52,1.2549120439216452,566,nested_validation
2023-07-11,-0.002810041859402035,-0.02275780615575118,-0.012101785634393347,0.017950987329802937,0.009424391211211337,57.0538382333002,0.014355576998917211,-0.5564384170343273,0.008985570436671253,1.0,0.5029978445796938,0.0,0.52,1.2549120439216452,566,nested_validation
2023-07-12,0.008985570436671253,-0.0081533946424317,-0.004119439750607468,0.02444750857785527,0.00904607529335844,60.7072848110801,0.01702058099182835,0.38509681522966094,0.004057375461940849,1.0,0.5004366922419419,0.0,0.52,1.2549120439216452,566,nested_validation
2023-07-13,0.004057375461940849,-0.006621214134216347,-0.0007552563107136034,0.02615927636398796,0.009005926468003012,62.28163189647888,0.007400040473350933,-0.8728101399344131,0.0007871964535071108,1.0,0.47782978162454715,-1.0,0.52,1.2549120439216452,566,nested_validation
2023-07-14,0.0007871964535071108,5.2338445216904006e-05,-0.0005452110351104045,0.02449525345933301,0.009002464273625607,62.59603529166488,0.008128311778930255,-0.7892481035175061,0.01730583574767275,1.0,0.48257933102826733,0.0,0.52,1.2549120439216452,566,nested_validation
2023-07-17,0.01730583574767275,0.028524541803371717,0.01674052807939952,0.03963703592086887,0.009409077557056373,68.76499323632342,0.012938861253413633,-0.15751673893947227,-0.001340372021231384,0.0,0.5413055542669978,1.0,0.52,1.2549120439216452,566,nested_validation
2023-07-18,-0.001340372021231384,0.030040392905327673,0.014702282556789292,0.03587858801551147,0.009267277993148337,67.81593056480536,0.009859101348433406,-0.19290054539939305,0.0070715361584710035,1.0,0.5140873227423618,0.0,0.52,1.2549120439216452,566,nested_validation
2023-07-19,0.0070715361584710035,0.028086417865725855,0.019863960227206157,0.04032610046725882,0.009311300318498935,70.15323529800695,0.028600726071192833,2.386737671715676,-0.010097229822432663,0.0,0.5229574853270972,1.0,0.52,1.2549120439216452,566,nested_validation
2023-07-20,-0.010097229822432663,0.01359306539528582,0.008870019403925289,0.027280018496445457,0.0095568439485885,63.061211686668685,0.02055610790830789,0.6018520726177922,-0.006161682188107642,0.0,0.5050652227002829,0.0,0.52,1.2549120439216452,566,nested_validation
2023-07-21,-0.006161682188107642,0.006555270319196227,0.0019941710362678666,0.018400647100901946,0.00916069327509971,59.169886875059234,0.01948528418043431,1.4481202111768796,0.004220129010144236,1.0,0.5078097558656641,0.0,0.52,1.2549120439216452,566,nested_validation
2023-07-24,0.004220129010144236,-0.006392150819728437,0.004052731188830538,0.020500095936757168,0.00915291455912624,60.93685701020377,0.013800278402642753,-0.5804735375532714,0.004513453907236897,1.0,0.4970380259571962,0.0,0.52,1.2549120439216452,566,nested_validation
2023-07-25,0.004513453907236897,-0.0005679368159710041,0.005682256546360787,0.02282084514334981,0.008921645104542113,62.79894734044356,0.007850450938917576,-1.126583434517122,0.004545037546205499,1.0,0.4721146511893366,-1.0,0.52,1.2549120439216452,566,nested_validation
2023-07-26,0.004545037546205499,-0.0030752698405145384,0.007777215109987523,0.025535547748013254,0.008448366595239227,64.63536574729855,0.011927979770846801,-0.35301472862327576,-0.006580871774388486,0.0,0.46468990802788873,-1.0,0.52,1.2549120439216452,566,nested_validation
2023-07-27,-0.006580871774388486,0.00046603179415183327,-0.00024312226113198943,0.01701524651698394,0.008564038445716597,59.99619690022192,0.024065799953975592,-0.3389282635905828,0.013507825799232265,1.0,0.46840865964413797,-1.0,0.52,1.2549120439216452,566,nested_validation
2023-07-28,0.013507825799232265,0.020266711895481793,0.010573756117497446,0.028608929945378225,0.008983459293853245,65.4428217771999,0.012715137976213936,-0.28519265463529486,0.0031659669065993157,1.0,0.507771300303269,0.0,0.52,1.2549120439216452,566,nested_validation
2023-07-31,0.0031659669065993157,0.01919570517880831,0.012487893296317942,0.029982777038416453,0.007538828585330669,66.60595101745471,0.006261191170454304,-0.9652652669618954,-0.004275806870700505,0.0,0.4815295491074963,0.0,0.52,1.2549120439216452,566,nested_validation
2023-08-01,-0.004275806870700505,0.010277978092399609,0.007182795923022844,0.023666305006293742,0.007379301997865482,63.48812836288142,0.007412693337343787,-1.3345033961926045,-0.015489948279038379,0.0,0.4037141925677137,-1.0,0.52,1.2549120439216452,566,nested_validation
2023-08-02,-0.015489948279038379,-0.009871347437174993,-0.007130153372608694,0.006480697270891067,0.008081051552688774,53.71964505506717,0.017291445324561196,0.020243530185387243,-0.007321694927101441,0.0,0.47795337674319305,-1.0,0.52,1.2549120439216452,566,nested_validation
2023-08-03,-0.007321694927101441,-0.01060971678113276,-0.01340268244655185,-0.002141811258924431,0.008232841745375028,49.87394970621415,0.008787951518922631,0.9108363136627962,-0.04802017853705942,0.0,0.48896997142508086,0.0,0.52,1.2549120439216452,566,nested_validation
2023-08-04,-0.04802017853705942,-0.07067359402664919,-0.055931430036733176,-0.04923035404248366,0.013279411744285484,33.20647324054583,0.030001684428062128,3.4113685068861646,-0.01725369541681765,0.0,0.4672906981901332,-1.0,0.52,1.2549120439216452,566,nested_validation
2023-08-07,-0.01725369541681765,-0.0895902359625067,-0.06548165858842458,-0.06435885960684073,0.013557270850177163,29.566734344169873,0.03231757663989953,2.029672679785262,0.005311848779451456,1.0,0.5987425612609688,1.0,0.52,1.2549120439216452,566,nested_validation
2023-08-08,0.005311848779451456,-0.08082405816110616,-0.05368415406165783,-0.058490805576467464,0.013664900764286168,31.99544165350855,0.01496108117768991,0.5135889253208585,-0.008954375660042535,0.0,0.560281871426755,1.0,0.52,1.2549120439216452,566,nested_validation
2023-08-09,-0.008954375660042535,-0.07472219956959558,-0.054037490553648815,-0.06531116468574139,0.013491982296710515,30.101114343717754,0.02199897926503655,0.14871427481181057,-0.0012346729579790772,0.0,0.5740877159411052,1.0,0.52,1.2549120439216452,566,nested_validation
2023-08-10,-0.0012346729579790772,-0.06904847196823793,-0.04749413341238784,-0.06462036600087617,0.013401580049944834,29.841112232309797,0.017699577877611065,-0.16640616561819171,0.0003375009161297182,1.0,0.5751737295540589,1.0,0.52,1.2549120439216452,566,nested_validation
2023-08-11,0.0003375009161297182,-0.021758965863124313,-0.03800812795203323,-0.06240583170637504,0.01339505415485889,30.018836453811645,0.011642905357998808,-0.32968607749910617,0.00939312656889979,1.0,0.5060750736277699,0.0,0.52,1.2549120439216452,566,nested_validation
2023-08-14,0.00939312656889979,0.004765697291753135,-0.020104297716556307,-0.05122249761458075,0.012886697418595784,34.958749022666666,0.013262034959171767,-0.7289682464003304,-0.011200302114205307,0.0,0.4751283892037577,-1.0,0.52,1.2549120439216452,566,nested_validation
2023-08-15,-0.011200302114205307,-0.011737483115992653,-0.02151791361675659,-0.05940406436127443,0.012974032493645152,32.0282851027105,0.013693957270058404,-0.7148423757085719,-0.004959043697839172,0.0,0.503345734364928,0.0,0.52,1.2549120439216452,566,nested_validation
2023-08-16,-0.004959043697839172,-0.007753371059210257,-0.017840268282641736,-0.06166420459071098,0.012712536761541557,30.8105814845985,0.011553453030032275,-0.47802137723684485,-0.014555112272831017,0.0,0.5244728658240585,1.0,0.52,1.2549120439216452,566,nested_validation
2023-08-17,-0.014555112272831017,-0.02098687111003461,-0.02294425451964155,-0.07243793500543305,0.012841402793826001,27.519817571610673,0.02316091252469456,0.4819490579507582,0.0028160531457990245,1.0,0.5368426103980724,1.0,0.52,1.2549120439216452,566,nested_validation
2023-08-18,0.0028160531457990245,-0.018561154618087383,-0.01618511909323317,-0.06718491218576039,0.012951163462021948,29.075200259357572,0.017995296525860058,0.2638346742058494,0.007736900229506238,1.0,0.535896914582286,1.0,0.52,1.2549120439216452,566,nested_validation
2023-08-21,0.007736900229506238,-0.020171513182496104,-0.007023301246166125,-0.057866604428888246,0.013092843411953204,33.32081310740685,0.013591898540852083,-0.5081448968138171,0.007904831300446613,1.0,0.47557947318134697,-1.0,0.52,1.2549120439216452,566,nested_validation
2023-08-22,0.007904831300446613,-0.0012397173858846866,0.0021432024373597702,-0.04861873079395129,0.013228776932247228,37.47112146121886,0.008068570277345219,-0.7498207845961299,0.021949057318363607,1.0,0.4777857804635184,-1.0,0.52,1.2549120439216452,566,nested_validation
2023-08-23,0.021949057318363607,0.025768962413010632,0.022306664892814743,-0.02627427647708791,0.014307557549714106,47.34824331973636,0.017778275770268963,-0.20504037917991477,-0.026170609705991943,0.0,0.4983322040406021,0.0,0.52,1.2549120439216452,566,nested_validation
2023-08-24,-0.026170609705991943,0.013678162716028286,-0.0036885479488976136,-0.049388839429847065,0.015139125348232354,39.21887496839871,0.028858212131593373,-0.10841269373097649,0.01264312201774831,1.0,0.5219183266565426,1.0,0.52,1.2549120439216452,566,nested_validation
2023-08-25,0.01264312201774831,0.023611674537815208,0.008440831348792255,-0.03532117405620849,0.015089171923841403,44.08300117750678,0.018643897659068962,-0.3027426263935909,0.008846071793217947,1.0,0.497037150982601,0.0,0.52,1.2549120439216452,566,nested_validation
2023-08-28,0.008846071793217947,0.024738318765512135,0.01694242290756609,-0.024409668626868553,0.015281302508023783,47.30092894619831,0.011321345571301523,-0.7292329858584301,0.02181025511956336,1.0,0.5065572783879502,0.0,0.52,1.2549120439216452,566,nested_validation
2023-08-29,0.02181025511956336,0.03887598353663768,0.0352252313012662,-0.0014470236194580322,0.01629255458492978,54.33961905007422,0.02932866630290454,-0.29463390076880874,0.019172299345747268,1.0,0.4875336612720814,0.0,0.52,1.2549120439216452,566,nested_validation
2023-08-30,0.019172299345747268,0.03605323307839625,0.04854069387556659,0.01902148660165337,0.01669138165936593,59.563900197241665,0.01657341173198868,0.11187390529259678,0.0011722482817908553,1.0,0.48015726198879044,0.0,0.52,1.2549120439216452,566,nested_validation
2023-08-31,0.0011722482817908553,0.06514319144501846,0.0416965072366442,0.021140164551736618,0.01663531962887526,59.872014646000835,0.008729437548691665,0.11203847394661418,0.008463434519992319,1.0,0.5202083048856049,1.0,0.52,1.2549120439216452,566,nested_validation
2023-09-01,0.008463434519992319,0.06074680975456492,0.04186481700837352,0.030197098150444912,0.012680135309836658,62.11892438564527,0.008656177195883028,-0.7720551829167124,0.0012669105935794178,1.0,0.5194169674719759,0.0,0.52,1.2549120439216452,566,nested_validation
2023-09-05,0.0012669105935794178,0.05277773371024641,0.035293967839230556,0.032024163214408485,0.011879432713923428,62.4606434925417,0.01249338510972201,-0.9485019527870783,-0.03579328161922879,0.0,0.5067235392776536,0.0,0.52,1.2549120439216452,566,nested_validation
2023-09-06,-0.03579328161922879,-0.006571563830777394,-0.004847471045845264,-0.003026276173291653,0.01456829162995118,48.9959313004427,0.040347737876850275,2.97588976536448,-0.02924942816970033,0.0,0.5112308349612105,0.0,0.52,1.2549120439216452,566,nested_validation
2023-09-07,-0.02924942816970033,-0.05377017889631952,-0.03208036603822495,-0.02924568044068332,0.01587664024930413,41.41947814196087,0.026301044671918804,3.528609596836544,0.0034916314150230665,1.0,0.4211134078181049,-1.0,0.52,1.2549120439216452,566,nested_validation
2023-09-08,0.0034916314150230665,-0.05157807909431655,-0.029652863884877756,-0.023225316933082274,0.015891411467568062,42.52855437246472,0.013750209382314438,0.5596554373224073,0.006622489563851142,1.0,0.492589568622537,0.0,0.52,1.2549120439216452,566,nested_validation
2023-09-11,0.006622489563851142,-0.05330941856763749,-0.023625534089415368,-0.013836273297721635,0.015951986594134965,44.6754806884964,0.016503159588506087,0.1298382202097435,-0.017060516577000473,0.0,0.4938997635192371,0.0,0.52,1.2549120439216452,566,nested_validation
2023-09-12,-0.017060516577000473,-0.07063786765619251,-0.038246401583360234,-0.02711513118335518,0.016259168538170287,40.45502188613521,0.030119100775255436,1.794137680713628,-0.01185488138720514,0.0,0.528039780166947,1.0,0.52,1.2549120439216452,566,nested_validation
2023-09-13,-0.01185488138720514,-0.04756455540848903,-0.04448224423350289,-0.034896339511284236,0.01628080663971583,37.82654814486642,0.019057500696109463,1.2938748207063169,0.008782473830504012,1.0,0.49287947771709667,0.0,0.52,1.2549120439216452,566,nested_validation
2023-09-14,0.008782473830504012,-0.010250200370892859,-0.0297523206592748,-0.023430310650754183,0.016379913175949133,40.85601927532469,0.014339388834029285,-0.05869468160964527,-0.004153901870882493,0.0,0.49161137986684045,0.0,0.52,1.2549120439216452,566,nested_validation
2023-09-15,-0.004153901870882493,-0.01779103559152373,-0.02687353341435339,-0.024613819537735115,0.01607499921887945,39.8580896892862,0.015313369292612495,2.2230269473702466,0.016913412569963038,1.0,0.493814203489101,0.0,0.52,1.2549120439216452,566,nested_validation
2023-09-18,0.016913412569963038,-0.007749697420130208,-0.004051630624078761,-0.007420686929318965,0.016468870077293443,45.65450285422739,0.01803678536747564,0.14123701733391328,0.006180909195333095,1.0,0.4839919380279268,0.0,0.52,1.2549120439216452,566,nested_validation
2023-09-19,0.006180909195333095,0.015711880982109294,0.00810114386282823,-0.001371271414484565,0.016441101553869655,47.67286392407198,0.013961020258817448,-0.6382753932504592,-0.019992297810847326,0.0,0.4865887851025683,0.0,0.52,1.2549120439216452,566,nested_validation
2023-09-20,-0.019992297810847326,0.007347451116184844,-0.007908933409491392,-0.020595604967852954,0.016974829057325596,42.182079575041016,0.024502837296482522,-0.3614377811680965,-0.008889496236052064,0.0,0.4858745675734722,0.0,0.52,1.2549120439216452,566,nested_validation
2023-09-21,-0.008889496236052064,-0.010299380053621632,-0.014706146239002904,-0.028575584981597957,0.0162652115709576,40.01906856131719,0.01402864683582545,-0.14804199775442625,0.004944535771371328,1.0,0.5008562095603326,0.0,0.52,1.2549120439216452,566,nested_validation
2023-09-22,0.004944535771371328,-0.0012570898925222673,-0.007929150070865365,-0.023237712993108728,0.01532953811722386,41.79111523986554,0.01733508150170092,-0.4869086817275187,0.007380355644279968,1.0,0.4765099551676615,-1.0,0.52,1.2549120439216452,566,nested_validation
2023-09-25,0.007380355644279968,-0.010619807404640635,0.0012566794263537684,-0.01571533925344315,0.015148619440743414,44.442560803886415,0.016015488953279797,-1.0094181881410014,-0.023398286695683668,0.0,0.4763780050952031,-1.0,0.52,1.2549120439216452,566,nested_validation
2023-09-26,-0.023398286695683668,-0.039705104352755094,-0.019751876712529315,-0.03740069070058216,0.015761239969803827,38.422942112449554,0.02058614298627699,-0.12112883877381027,-0.00889765575255641,0.0,0.49952089351236434,0.0,0.52,1.2549120439216452,566,nested_validation
2023-09-27,-0.00889765575255641,-0.028833630471671645,-0.02637584591332931,-0.04471425098743287,0.014813784502473696,36.44850488337714,0.023411314943640217,-0.034619212263009125,0.0015256913254819704,1.0,0.5015197666461867,0.0,0.52,1.2549120439216452,566,nested_validation
2023-09-28,0.0015256913254819704,-0.018628027914057488,-0.022069132670154756,-0.04220453719916495,0.013921158984251895,37.04062171999141,0.025836332526992724,-0.5920589766114173,0.003046462697692265,1.0,0.4904872848617353,0.0,0.52,1.2549120439216452,566,nested_validation
2023-09-29,0.003046462697692265,-0.020481578681463608,-0.016949690282284435,-0.03878503686888213,0.013966118866781497,38.279104079558806,0.01594539383957058,-0.794857601025829,0.014835425421933834,1.0,0.4862016845343236,0.0,0.52,1.2549120439216452,566,nested_validation
2023-10-02,0.014835425421933834,-0.01323269980615871,5.746191631672559e-05,-0.02438989332579633,0.014326994263673372,44.066838998270704,0.019395743171088248,-0.8089270812041446,-0.007769585708359061,0.0,0.4786860473874136,-1.0,0.52,1.2549120439216452,566,nested_validation
2023-10-03,-0.007769585708359061,0.002558682564674175,-0.0038884267444230236,-0.03134630684675954,0.014289430733746982,41.822126712756734,0.0162992903600738,-0.9707973414965176,0.007308522020078589,1.0,0.4894407469110868,0.0,0.52,1.2549120439216452,566,nested_validation
2023-10-04,0.007308522020078589,0.018952190592827378,0.004453738606413404,-0.02361405187772947,0.012580577450688068,44.65580024232011,0.018657177385923134,-0.708132977926326,0.007198104564974495,1.0,0.4894071642130886,0.0,0.52,1.2549120439216452,566,nested_validation
2023-10-05,0.007198104564974495,0.02472330355217567,0.011110741015389669,-0.015440056450113149,0.011131873512026876,47.3933882266355,0.015836740120433783,-0.93574763111677,0.01475031560051554,1.0,0.49491121087339024,0.0,0.52,1.2549120439216452,566,nested_validation
2023-10-06,0.01475031560051554,0.03668008846382764,0.024426003634407945,-0.0011255230043293318,0.011603741823693793,52.604342593303464,0.027100189692472937,-0.33459200943298445,0.008451195425928537,1.0,0.5089018422069816,0.0,0.52,1.2549120439216452,566,nested_validation
2023-10-09,0.008451195425928537,0.030158435837954523,0.03135138658011449,0.007244357456974937,0.011663611998389235,55.37219648715073,0.0181574384058227,-1.206796539055646,-0.003352200304996611,0.0,0.513820938010326,0.0,0.52,1.2549120439216452,566,nested_validation
2023-10-10,-0.003352200304996611,0.03474467586051011,0.024099810333718663,0.004206935743129803,0.011028453045073328,54.01339055268114,0.0099221048181899,-1.0438615474261481,0.007904093442440141,1.0,0.5054527592374083,0.0,0.52,1.2549120439216452,566,nested_validation
2023-10-11,0.007904093442440141,0.035356468915876293,0.02667178301637474,0.012965403200397851,0.010745339717487805,56.702316519862585,0.012513904125754193,-0.7074197412752933,0.005061121559387871,1.0,0.5183268798335341,0.0,0.52,1.2549120439216452,566,nested_validation
2023-10-12,0.005061121559387871,0.03315974200706906,0.025997656243207823,0.01942074998667076,0.010651833994529306,58.39318759262483,0.01826131884872846,-0.030958459311409312,-0.010292817951666366,0.0,0.5213159029520585,1.0,0.52,1.2549120439216452,566,nested_validation
2023-10-13,-0.010292817951666366,0.007662280215683159,0.011051643871852423,0.010642204443096714,0.010894644953414573,53.770891614948944,0.021190903868010896,-0.4034052842377427,-0.0007267591922467398,0.0,0.490229391917691,0.0,0.52,1.2549120439216452,566,nested_validation
2023-10-16,-0.0007267591922467398,-0.001508494453645537,0.007486230758773527,0.011954872579039044,0.01027905979526097,53.45246383915183,0.014380076693514744,-0.15990757786726936,-0.008784774958822017,0.0,0.4970321179444638,0.0,0.52,1.2549120439216452,566,nested_validation
2023-10-17,-0.008784774958822017,-0.006951118865951567,-0.0040311849028079605,0.005446686174412019,0.010365410812346907,49.629398134550506,0.020434633033647145,0.5752087768825044,-0.007394728179324073,0.0,0.4904625490848063,0.0,0.52,1.2549120439216452,566,nested_validation
2023-10-18,-0.007394728179324073,-0.02202445549887777,-0.012606291748207044,-0.0006516179572448877,0.009508173086037124,46.63246775770755,0.014046868017199088,0.1751123625472295,-0.0021610956042051876,0.0,0.5066851012225976,0.0,0.52,1.2549120439216452,566,nested_validation
2023-10-19,-0.0021610956042051876,-0.029052039803513452,-0.015044326367784189,-0.002414433670541616,0.009299300561333771,45.769046891109376,0.015103122051088836,0.9512040695983642,-0.014704168975797405,0.0,0.5094143286149823,0.0,0.52,1.2549120439216452,566,nested_validation
2023-10-20,-0.014704168975797405,-0.03337977669001968,-0.02700932802185274,-0.016094824277675168,0.009800301025955513,40.31175184654889,0.016080510763412513,1.5889862318629422,0.0006939383980408831,1.0,0.5046677025908117,0.0,0.52,1.2549120439216452,566,nested_validation
2023-10-23,0.0006939383980408831,-0.032005502901931715,-0.023040543756745357,-0.014222666327033506,0.009638449514553414,40.66602705136034,0.02358382561303292,0.2623821727899517,0.0025433908680692063,1.0,0.5065389395472404,0.0,0.52,1.2549120439216452,566,nested_validation
2023-10-24,0.0025433908680692063,-0.02094271663148317,-0.017810186189127997,-0.011178294184707283,0.008144556319844723,42.02518349639477,0.012799822356166895,-1.5122068394892032,-0.013491494939709359,0.0,0.4251068729794268,-1.0,0.52,1.2549120439216452,566,nested_validation
2023-10-25,-0.013491494939709359,-0.026956269119276843,-0.026263993459954005,-0.023942104309225942,0.008463790852830578,37.15130277885208,0.014085351117119777,0.7915582321328988,-0.024605537898678365,0.0,0.5095541419318218,0.0,0.52,1.2549120439216452,566,nested_validation
2023-10-26,-0.024605537898678365,-0.04884299228825917,-0.04269408001867414,-0.04635368611383661,0.01003445157260169,30.33476022605568,0.034214193389357474,2.54686653841806,0.00796923742694533,1.0,0.5739694660352185,1.0,0.52,1.2549120439216452,566,nested_validation
2023-10-27,0.00796923742694533,-0.026955180821273017,-0.029145278595530844,-0.037509047354954195,0.010191662835548908,34.42791322619772,0.012662019185328319,0.6854751601662492,0.012305256031884593,1.0,0.49433983661417236,0.0,0.52,1.2549120439216452,566,nested_validation
2023-10-30,0.012305256031884593,-0.015664683263611034,-0.01239371422269786,-0.024236112199405913,0.010010537645221244,40.306522212112355,0.013506389937388723,-0.39047619273427475,0.0028188787384895164,1.0,0.48281573024386565,0.0,0.52,1.2549120439216452,566,nested_validation
2023-10-31,0.0028188787384895164,-0.01539419877121162,-0.005931619346652983,-0.019931846183884105,0.009915676861202087,41.61374056527427,0.01756748799521919,-1.2382222237749776,0.018738553859294793,1.0,0.45940776475395495,-1.0,0.52,1.2549120439216452,566,nested_validation
2023-11-01,0.018738553859294793,0.016773687119895797,0.013799357762069642,-0.0012763762945265933,0.010647361153091324,49.54579181517766,0.02362476623275699,0.4507651492654362,0.020693225083121325,1.0,0.5004937871754362,0.0,0.52,1.2549120439216452,566,nested_validation
2023-11-02,0.020693225083121325,0.06399416257733215,0.033507349424027666,0.018680872237645252,0.01146881787933469,56.67657424167063,0.013065224811269458,2.568452632890709,-0.0051812434496977255,0.0,0.5289549258374042,1.0,0.52,1.2549120439216452,566,nested_validation
2023-11-03,-0.0051812434496977255,0.050112751946636,0.02590144284050666,0.013042522069321327,0.011074305167336233,54.55452102705486,0.01964337017037497,2.3143398742264276,0.014605292691038274,1.0,0.5125993186355219,0.0,0.52,1.2549120439216452,566,nested_validation
2023-11-06,0.014605292691038274,0.05249869019137998,0.037132581139904364,0.02721976674430704,0.011390712579760482,59.171147780571076,0.017965664446084054,0.6612506108818804,0.01445082818171417,1.0,0.507429192604252,0.0,0.52,1.2549120439216452,566,nested_validation
2023-11-07,0.01445082818171417,0.06470688831462135,0.047042699231451435,0.040104715446154016,0.011772875016305775,63.211426337198425,0.019084815096918662,1.2257488654491402,0.005884650015700599,1.0,0.49583114765186687,0.0,0.52,1.2549120439216452,566,nested_validation
2023-11-08,0.005884650015700599,0.05127298035839156,0.046101729279406145,0.043745514442456335,0.011721967010229038,64.76270659549259,0.010170050940777796,-0.9948672962990813,-0.002624337737447635,0.0,0.4781320539911196,-1.0,0.52,1.2549120439216452,566,nested_validation
2023-11-09,-0.002624337737447635,0.02725682823876019,0.034175835087866924,0.03869059596780566,0.011705911021698566,63.46977302497227,0.012663765759649392,-0.5121378592048119,0.0232200291620539,1.0,0.5037136880439833,0.0,0.52,1.2549120439216452,566,nested_validation
2023-11-10,0.0232200291620539,0.05658418161744261,0.047249446051578436,0.05970429648690523,0.012413014926230013,69.29538283722576,0.016309059251418713,0.7033149608773283,-0.008583528966078058,0.0,0.482188077573485,0.0,0.52,1.2549120439216452,566,nested_validation
2023-11-13,-0.008583528966078058,0.032435931721886524,0.029736156647031997,0.048367571927099506,0.012622374321795464,65.06853253541183,0.009848441749862796,-1.523290074754129,0.014285834769807826,1.0,0.4996488018617214,0.0,0.52,1.2549120439216452,566,nested_validation
2023-11-14,0.014285834769807826,0.03226801315726302,0.034706063696726464,0.06028338832773539,0.012654697560132825,68.48452557308984,0.009656410238041627,0.10113878501610696,0.003040856194983066,1.0,0.5071649832214308,0.0,0.52,1.2549120439216452,566,nested_validation
2023-11-15,0.003040856194983066,0.029349629426985935,0.02974146805919342,0.06059214776849009,0.012429589782678486,69.18516614131632,0.009148456310606344,-0.5205647430984934,0.009041971877573829,1.0,0.5306601071317368,1.0,0.52,1.2549120439216452,566,nested_validation
2023-11-16,0.009041971877573829,0.04138993874410035,0.03205799307079227,0.0671659312267936,0.012414503001971106,71.23891472367139,0.012176547022461157,-0.4324911749474434,-0.0001053386952222235,0.0,0.5406011484688557,1.0,0.52,1.2549120439216452,566,nested_validation
2023-11-17,-0.0001053386952222235,0.01765036884537108,0.024551530544111744,0.06457158447377465,0.01169859183680774,71.17885861851718,0.009541871133418775,-0.7070481842933365,0.009278184709994752,1.0,0.5395051353366835,1.0,0.52,1.2549120439216452,566,nested_validation
2023-11-20,0.009278184709994752,0.03598472180574652,0.027147249231798343,0.07190313629302914,0.011698094038336704,73.31268355634388,0.010603284469341966,-1.0621529907190872,-0.004230949844249876,0.0,0.5543436890030158,1.0,0.52,1.2549120439216452,566,nested_validation
2023-11-21,-0.004230949844249876,0.017071802686172033,0.017854321552226438,0.064886776817628,0.011867374629048966,70.71763337051297,0.009336963832331862,-1.758874781658498,0.0035145054497986994,1.0,0.5050244385472289,0.0,0.52,1.2549120439216452,566,nested_validation
2023-11-22,0.0035145054497986994,0.017552077540841093,0.016730165686844156,0.06629717720872286,0.011105711566198606,71.61271002412911,0.010976900692727073,-1.454653666282957,-0.007004232594340354,0.0,0.5296322195929357,1.0,0.52,1.2549120439216452,566,nested_validation
2023-11-24,-0.007004232594340354,0.00137054183459151,0.005440827317417352,0.0569634886606194,0.00920138390274664,67.18928422652019,0.008685549749338823,-2.2974101158195683,-0.0009475630084722075,0.0,0.49542717435526373,0.0,0.52,1.2549120439216452,566,nested_validation
2023-11-27,-0.0009475630084722075,0.0005270743679237633,0.0026890777595449666,0.053777896553121485,0.009339511954141757,66.59419154718586,0.009326120106830007,-0.9495012590843969,0.0032139558928296896,1.0,0.5092571020220147,0.0,0.52,1.2549120439216452,566,nested_validation
2023-11-28,0.0032139558928296896,-0.005484573568843243,0.0029444242962328726,0.05483853667941707,0.009250169947878825,67.64010670076362,0.008823571367778994,-1.0321022349402547,-0.005409538845829842,0.0,0.5165249898360226,0.0,0.52,1.2549120439216452,566,nested_validation
2023-11-29,-0.005409538845829842,-0.006661678785469527,-0.003494107980351102,0.04672517200185733,0.009547614081090143,63.99651762709222,0.01647565716657886,-0.6887742507734602,0.0030627515707959407,1.0,0.49978339514751924,0.0,0.52,1.2549120439216452,566,nested_validation
2023-11-30,0.0030627515707959407,-0.007108851633827684,-0.0014614213931477549,0.04716406065115808,0.00904178191838991,65.1354290089912,0.011213503116785456,-0.24180418592967115,0.006791164028944197,1.0,0.5184149516075891,0.0,0.52,1.2549120439216452,566,nested_validation
2023-12-01,0.006791164028944197,0.006685091548071176,0.004511905531839666,0.051182764503926226,0.008272627806122507,67.5910199530652,0.012183652813887821,-0.38486480098099973,-0.009464590153140273,0.0,0.452882230061241,-1.0,0.52,1.2549120439216452,566,nested_validation
2023-12-04,-0.009464590153140273,-0.0018970047797918221,-0.004859456280186691,0.038042810788292636,0.008553439634658929,61.08943181728552,0.013725419437489618,-0.49785149965286224,0.021063284349980504,1.0,0.47406192722790497,-1.0,0.52,1.2549120439216452,566,nested_validation
2023-12-05,0.021063284349980504,0.015861388722515857,0.015050994268357654,0.055924969267287405,0.009069118649746714,68.32301201992505,0.021817812328883936,1.6226357611457922,-0.005687048461580191,0.0,0.5160719003098386,0.0,0.52,1.2549120439216452,566,nested_validation
2023-12-06,-0.005687048461580191,0.015577944114256725,0.0083892976394222,0.0462817362467387,0.008961739627740158,64.74930440539492,0.01377908587543364,-0.6401582879656588,0.010139365016498925,1.0,0.5067003282486582,0.0,0.52,1.2549120439216452,566,nested_validation
2023-12-07,0.010139365016498925,0.02274285231488893,0.017035266819801276,0.052425393453024105,0.00907938873914325,67.94978078599317,0.007257958671436923,0.01738001793133302,0.007412319327943173,1.0,0.5409000665401749,1.0,0.52,1.2549120439216452,566,nested_validation
2023-12-08,0.007412319327943173,0.023373849253406576,0.021504263012017244,0.054695590058749355,0.009024689395609492,70.10807275080091,0.011854311198357276,0.6219993206624664,-0.012927270129561186,0.0,0.535431234721558,1.0,0.52,1.2549120439216452,566,nested_validation
2023-12-11,-0.012927270129561186,0.01979637377804666,0.006518068054286674,0.036373255316576536,0.008526595394464195,62.18474386247224,0.010715433288647776,1.4812935174146127,0.007920171534352871,1.0,0.4873667338406899,0.0,0.52,1.2549120439216452,566,nested_validation
2023-12-12,0.007920171534352871,0.006669568618202559,0.012216788356266495,0.03999821349131061,0.008274290912112108,64.77727625826256,0.015407528614636724,0.5525217055248333,0.016691564248958013,1.0,0.46744579814771714,-1.0,0.52,1.2549120439216452,566,nested_validation
2023-12-13,0.016691564248958013,0.029326286876509178,0.024537097642291616,0.052221545112488554,0.008458026448496782,69.55238908745291,0.0159122741445313,2.165194043742918,0.0007576218205063157,1.0,0.5377041539699567,1.0,0.52,1.2549120439216452,566,nested_validation
2023-12-14,0.0007576218205063157,0.019766343741135728,0.02100142260805571,0.04849174302132098,0.008468997588643546,69.75615290771884,0.017465001486135577,1.641247136808837,-0.0027258099555701465,0.0,0.5187175818197001,0.0,0.52,1.2549120439216452,566,nested_validation
2023-12-15,-0.0027258099555701465,0.00950388929872803,0.014907425490716442,0.04191460828078952,0.008413460134083402,67.99179357245967,0.0070860649115982175,3.689150498651779,-0.008503224823821043,0.0,0.46865544869020853,-1.0,0.52,1.2549120439216452,566,nested_validation
2023-12-18,-0.008503224823821043,0.014028470727661446,0.002949158442583366,0.029530858100207613,0.00871553997101298,62.68022923783632,0.011435017102166645,0.15268891340878618,0.005360103442859199,1.0,0.5109988651779649,0.0,0.52,1.2549120439216452,566,nested_validation
2023-12-19,0.005360103442859199,0.011452887854045635,0.006511098862605147,0.03180535297866105,0.008584867950828969,64.54452476608449,0.005382337490876733,-0.5578129119173768,-0.010713983482471767,0.0,0.534915749022588,1.0,0.52,1.2549120439216452,566,nested_validation
2023-12-20,-0.010713983482471767,-0.015811448126408112,-0.005548323566012425,0.01839421204113778,0.00890955723536101,58.24747630765158,0.01462809022194613,-0.037524406632047404,-0.0007698725734164302,0.0,0.5031947493930121,0.0,0.52,1.2549120439216452,566,nested_validation
2023-12-21,-0.0007698725734164302,-0.017313652519131195,-0.006521831968731795,0.015481546265773138,0.008901083838634848,57.815661474849904,0.01838916152527683,-0.3376373697194935,-0.005547591081811465,0.0,0.4917803356303626,0.0,0.52,1.2549120439216452,566,nested_validation
2023-12-22,-0.005547591081811465,-0.020094157435450066,-0.010968293254338346,0.007845123635353168,0.008841766130997625,54.67278415078895,0.012603317998355837,-0.8602146308023486,-0.002840880332548701,0.0,0.4840464533783506,0.0,0.52,1.2549120439216452,566,nested_validation
2023-12-26,-0.002840880332548701,-0.01449800766620346,-0.013712514905138695,0.0038235876257779466,0.008872042852156104,53.090034860159676,0.0054907927575094575,-1.2159555715047101,0.0005179807256812108,1.0,0.4888633215137505,0.0,0.52,1.2549120439216452,566,nested_validation
2023-12-27,0.0005179807256812108,-0.019244487627525175,-0.012414522528588212,0.0028920868920403464,0.008856193212315844,53.35443465067762,0.012477368564665666,-0.2926627909899171,0.002226323798207863,1.0,0.5004243456566408,0.0,0.52,1.2549120439216452,566,nested_validation
2023-12-28,0.002226323798207863,-0.006415763188463597,-0.007994215959816198,0.00405785302250905,0.00874605868798151,54.54102269423384,0.007697104448136316,-0.9590524779432721,-0.005424305095857451,0.0,0.4858380680945432,0.0,0.52,1.2549120439216452,566,nested_validation
2023-12-29,-0.005424305095857451,-0.011043897047387952,-0.010545811027115493,-0.0021682357596050084,0.008847684848174003,51.12124926181345,0.013867959205702917,-0.5151144659654004,-0.03578647046079486,0.0,0.4799881667232853,-1.0,0.52,1.2549120439216452,566,nested_validation
2024-01-02,-0.03578647046079486,-0.04111564712824456,-0.04006946648786147,-0.037200144907933,0.011769282687979658,35.42536784802151,0.02450982044127003,1.2940167340215292,-0.007487656621832928,0.0,0.5229922419810387,1.0,0.52,1.2549120439216452,566,nested_validation
2024-01-03,-0.007487656621832928,-0.04558406243650159,-0.041487844594694456,-0.043509711210549806,0.0117094120271234,33.210037132587274,0.013297216863127601,0.12638967565795614,-0.012699901908364675,0.0,0.5226109939026987,1.0,0.52,1.2549120439216452,566,nested_validation
2024-01-04,-0.012699901908364675,-0.05819288915406551,-0.04620317049941958,-0.054095530954785365,0.010756281089105077,29.8283846008906,0.012148817605342619,0.7511692215011252,-0.004013243389312082,0.0,0.5729035849635893,1.0,0.52,1.2549120439216452,566,nested_validation
2024-01-05,-0.004013243389312082,-0.06405630403977403,-0.04318303550236413,-0.05634437867704234,0.010741584689824942,28.8416316318568,0.014295156433334061,0.25212902121159675,0.024174868187411658,1.0,0.5638044267964835,1.0,0.52,1.2549120439216452,566,nested_validation
2024-01-08,0.024174868187411658,-0.03620205445168201,-0.015309544141698939,-0.032565864402270495,0.011961163507971578,41.372637357687445,0.022095312338107857,0.07078541915577961,-0.002263498766335803,0.0,0.48747629066343684,0.0,0.52,1.2549120439216452,566,nested_validation
2024-01-09,-0.002263498766335803,-0.002693531434757923,-0.013107853762078903,-0.033944749567694554,0.011755738946954166,40.633677207773594,0.01307117952318967,-0.6764375554052201,0.0056715011899532985,1.0,0.4985549747475377,0.0,0.52,1.2549120439216452,566,nested_validation
2024-01-10,0.0056715011899532985,0.01052918896174293,-0.003868102350535918,-0.02785705206058331,0.01164525581384728,43.35743827776963,0.013319704038993872,-0.4539012224613492,-0.0032223915101255995,0.0,0.49092846745346114,0.0,0.52,1.2549120439216452,566,nested_validation
2024-01-11,-0.0032223915101255995,0.020229685208650316,-0.0030456997711082456,-0.030177808794936478,0.011432801721348262,42.16695792197848,0.01848164234200183,-0.33477030205492414,0.0017780448873185861,1.0,0.5004410106938991,0.0,0.52,1.2549120439216452,566,nested_validation
2024-01-12,0.0017780448873185861,0.026161936994332224,0.002853477808791416,-0.027869224878723453,0.010625714723349016,43.0924566573448,0.008336935601458784,-0.6708969184779553,-0.012317152355517114,0.0,0.5082629131754256,0.0,0.52,1.2549120439216452,566,nested_validation
2024-01-16,-0.012317152355517114,-0.010400884110077446,-0.004720836779023019,-0.03878430624906104,0.010770981797044882,38.48922582299538,0.01813430127162389,0.5134779321778706,-0.005173500898637551,0.0,0.5048752600895579,0.0,0.52,1.2549120439216452,566,nested_validation
2024-01-17,-0.005173500898637551,-0.013287152712862738,-0.008278863554339821,-0.042326793996459,0.010772789466756244,36.73603113851094,0.014396703139194405,-0.2580460079910131,0.03257063877393995,1.0,0.5119124593532419,0.0,0.52,1.2549120439216452,566,nested_validation
2024-01-18,0.03257063877393995,0.013104889423817712,0.021592996923325947,-0.010996512385432311,0.013307254259625928,51.60459110218452,0.017547566521297193,1.857294405386815,0.015533033353019032,1.0,0.4707710802924345,-1.0,0.52,1.2549120439216452,566,nested_validation
2024-01-19,0.015533033353019032,0.03216752934493283,0.03206756375131414,0.004692306859299,0.013757930749556009,56.96797311556889,0.016339474127765194,1.0957473209691517,0.012163229216561877,1.0,0.5370868857205491,1.0,0.52,1.2549120439216452,566,nested_validation
2024-01-22,0.012163229216561877,0.04286775391624742,0.03751617497212134,0.01663356913251346,0.013877311371178147,60.698067549946806,0.01583375797556826,0.45570717402876926,0.006653242125405079,1.0,0.5204953493805188,1.0,0.52,1.2549120439216452,566,nested_validation
2024-01-23,0.006653242125405079,0.06289808321720303,0.039070190130973126,0.023234738066715277,0.013954701657128738,62.62948767684551,0.009837064458418678,-0.7536290894792572,-0.003483830752744277,0.0,0.5077070149611064,0.0,0.52,1.2549120439216452,566,nested_validation
2024-01-24,-0.003483830752744277,0.0647033700294879,0.03031622834778447,0.019885611720454,0.013919215310155202,60.92975516795507,0.010488475809367069,-0.03796633798077059,-0.0016967518935532278,0.0,0.5188619106494111,0.0,0.52,1.2549120439216452,566,nested_validation
2024-01-25,-0.0016967518935532278,0.029369606937871717,0.02423837310972554,0.017978969328414696,0.013908417647465423,60.07754980849021,0.016274417736564482,-0.049757975142472204,-0.009012694894639406,0.0,0.5275693949304072,1.0,0.52,1.2549120439216452,566,nested_validation
2024-01-26,-0.009012694894639406,0.004489444689606659,0.011363504746930264,0.00920811845334657,0.01405819714296407,55.633918933441706,0.01465540012610212,-0.8240532001244811,-0.003585929337447835,0.0,0.5028283495145534,0.0,0.52,1.2549120439216452,566,nested_validation
2024-01-29,-0.003585929337447835,-0.011140310545120435,0.004668832399236766,0.006685632430913913,0.014067371959825398,53.939833918418586,0.013665024647007572,-0.7213043144881648,-0.019245804565756197,0.0,0.4930305486730259,0.0,0.52,1.2549120439216452,566,nested_validation
2024-01-30,-0.019245804565756197,-0.03658156697432158,-0.01693852641715443,-0.010945700038756723,0.014626533220471739,45.89180440028141,0.023027026088359225,-0.06280712793267801,-0.019357419258054898,0.0,0.49494141891652105,0.0,0.52,1.2549120439216452,566,nested_validation
2024-01-31,-0.019357419258054898,-0.05192793890106384,-0.03683415696593417,-0.027846486283706562,0.01302782197351604,39.613037703736545,0.014913232597739644,0.021325649159218772,0.013340471102828655,1.0,0.4939375363056798,0.0,0.52,1.2549120439216452,566,nested_validation
2024-02-01,0.013340471102828655,-0.037647337263810754,-0.023081899673962347,-0.01331175624230585,0.0132384691161496,45.08163509447222,0.01675045281922179,0.8950192444884483,-0.00540507462595341,0.0,0.49583642767704605,0.0,0.52,1.2549120439216452,566,nested_validation
2024-02-02,-0.00540507462595341,-0.03414395941646087,-0.025452976103623404,-0.016725555526194258,0.012959306780339434,43.346023168445335,0.04347592986655201,3.191598621802732,0.00984643968082155,1.0,0.45232784781768176,-1.0,0.52,1.2549120439216452,566,nested_validation
2024-02-05,0.00984643968082155,-0.02112353433653802,-0.012641963911750431,-0.005790153267675957,0.013034737751728502,47.30455799959304,0.018169244432997333,0.8437278031372197,0.00863187828905243,1.0,0.494768703969859,0.0,0.52,1.2549120439216452,566,nested_validation
2024-02-06,0.00863187828905243,0.00670077453804141,-0.001029019731036529,0.003745296879615223,0.012111052869854097,50.595616908274735,0.013417819573084659,-0.8931914514475598,0.0005811475222075035,1.0,0.4891668637420917,0.0,0.52,1.2549120439216452,566,nested_validation
2024-02-07,0.0005811475222075035,0.027169160283317062,0.0022436381891581814,0.005072943306193345,0.01208773602669232,50.82023642931308,0.01288212023774091,-0.2612017141170896,-0.005754736057749565,0.0,0.5076296115252158,0.0,0.52,1.2549120439216452,566,nested_validation
2024-02-08,-0.005754736057749565,0.007813367769453405,-0.00042988482929695593,0.00012574917010388376,0.012133467730941688,48.468866821059095,0.011629073372150122,-1.0846222307433742,0.004094036818470759,1.0,0.4963287085326352,0.0,0.52,1.2549120439216452,566,nested_validation
2024-02-09,0.004094036818470759,0.017438725039421454,0.0054389746580589815,0.00494239972345456,0.012121726850671585,50.22321430059137,0.010537492342326392,-0.7792683179816235,-0.009002033285823496,0.0,0.4904549999160758,0.0,0.52,1.2549120439216452,566,nested_validation
2024-02-12,-0.009002033285823496,-0.0015514555965419063,-0.0013067282098011557,-0.003010633733421586,0.012313654493670136,46.46229091955862,0.010045444531792885,-1.0156011738891302,-0.011274404282606731,0.0,0.4878775447277427,0.0,0.52,1.2549120439216452,566,nested_validation
2024-02-13,-0.011274404282606731,-0.02125676065974469,-0.011109742039443149,-0.01298133671665147,0.012261503395322573,42.23490461949129,0.014591506187833354,0.013287280994432582,-0.004809704864509157,0.0,0.5081040703442955,0.0,0.52,1.2549120439216452,566,nested_validation
2024-02-14,-0.004809704864509157,-0.02652995648283829,-0.015858109188030434,-0.01750964414695466,0.012253309137314653,40.558649616104724,0.01677977974643641,-0.1427881913334942,-0.0015747447630488631,0.0,0.513202411853664,0.0,0.52,1.2549120439216452,566,nested_validation
2024-02-15,-0.0015747447630488631,-0.022437308063856243,-0.01595542523482274,-0.019029742957192952,0.00980570738292708,40.0015562109676,0.017078208306454293,0.6775815964291174,-0.008430410366924379,0.0,0.5190315052278941,0.0,0.52,1.2549120439216452,566,nested_validation
2024-02-16,-0.008430410366924379,-0.034630819683904246,-0.022523238595852146,-0.02740900507264976,0.009132755719690078,37.070577487274655,0.017442860935524253,-0.39554652981899263,-0.00411388279897551,0.0,0.5165001077173649,0.0,0.52,1.2549120439216452,566,nested_validation
2024-02-20,-0.00411388279897551,-0.029869084557043735,-0.023465387613047728,-0.03151534057268035,0.00850543613852493,35.70724070615411,0.013383965126993443,-0.08331563406108206,0.00418596754820455,1.0,0.49764986271459205,0.0,0.52,1.2549120439216452,566,nested_validation
2024-02-21,0.00418596754820455,-0.0146994715296489,-0.01581045191620556,-0.026941633169313417,0.008378870097708555,38.188001498466,0.012231217847493212,-0.9862827155886499,0.011243917194983633,1.0,0.4520936347120404,0.0,0.55,1.0359544063812107,629,nested_validation
2024-02-22,0.011243917194983633,0.0011946166426317628,-0.0021595214920766548,-0.0159071474703103,0.008957831969664412,44.417866689047095,0.013559690113409947,-0.17565585595911193,-0.010034124734376149,0.0,0.4990734323109121,0.0,0.55,1.0359544063812107,629,nested_validation
2024-02-23,-0.010034124734376149,-0.007288227358962951,-0.009190457843939681,-0.025186290050564497,0.009100495386007771,40.45524043432906,0.015395559351396224,-0.6609103534019726,-0.007451253246687495,0.0,0.49578684682410784,0.0,0.55,1.0359544063812107,629,nested_validation
2024-02-26,-0.007451253246687495,-0.006307942353566354,-0.012450673555312819,-0.031726994070283454,0.009055023903668274,37.78643982485499,0.011647165862764455,-0.9465977140815992,0.008114357992397236,1.0,0.5060366357976878,0.0,0.55,1.0359544063812107,629,nested_validation
2024-02-27,0.008114357992397236,0.0058933581199520635,-0.001978251387882435,-0.023338832326422088,0.009364841789664121,42.223107411547105,0.023873407949308218,-0.0031411945546851155,-0.006625329314985162,0.0,0.49934767148535353,0.0,0.55,1.0359544063812107,629,nested_validation
2024-02-28,-0.006625329314985162,-0.004936320902448332,-0.00662536284668358,-0.02946767769552061,0.008596841924716866,39.71267372854944,0.0164810399324919,-0.36602922352126493,-0.003693252506250966,0.0,0.48914122993877934,0.0,0.55,1.0359544063812107,629,nested_validation
2024-02-29,-0.003693252506250966,-0.019634490933911675,-0.008448174426124444,-0.03275936361339793,0.007608261452136389,38.352811037786424,0.016818857786566326,3.4589849505441923,-0.0060302735540747054,0.0,0.41136982568777014,-1.0,0.55,1.0359544063812107,629,nested_validation
2024-03-01,-0.0060302735540747054,-0.015669467796575853,-0.01215147672404382,-0.03709270062320236,0.006936234589873732,36.18227232395113,0.017533083782012095,0.6563386288934826,-0.025381330738786234,0.0,0.46885639349955177,0.0,0.55,1.0359544063812107,629,nested_validation
2024-03-04,-0.025381330738786234,-0.033451085856119556,-0.03339239665518867,-0.05880590595084567,0.008609174373998524,28.830962966347855,0.017761282135610006,1.1284204661239687,-0.028440881187798084,0.0,0.5723003995257401,1.0,0.55,1.0359544063812107,629,nested_validation
2024-03-05,-0.028440881187798084,-0.06849912029365124,-0.054915129889510306,-0.08170398941073675,0.00974916975786859,23.270379165879916,0.014225242407738798,1.6021693410436106,-0.005878279410602927,0.0,0.5880643950471173,1.0,0.55,1.0359544063812107,629,nested_validation
2024-03-06,-0.005878279410602927,-0.06779860148272088,-0.05353000876694447,-0.08284248379129888,0.00925064112536644,22.33867148387752,0.015137256925823102,0.3816394748753658,-0.0007094442568186254,0.0,0.5590513205523884,1.0,0.55,1.0359544063812107,629,nested_validation
2024-03-07,-0.0007094442568186254,-0.06500678035933172,-0.04599539485598614,-0.07929026032034414,0.009212321893783718,22.22370138428998,0.01325438008505909,0.4801126127641604,0.010236655692035912,1.0,0.5609389379547474,1.0,0.55,1.0359544063812107,629,nested_validation
2024-03-08,0.010236655692035912,-0.0497050381182762,-0.029772274764653828,-0.06593120234315442,0.009835224060285214,27.979431189128277,0.027880247325913397,0.6077698693051962,0.011831634386618939,1.0,0.5467763018652301,0.0,0.55,1.0359544063812107,629,nested_validation
2024-03-11,0.011831634386618939,-0.01342080266220902,-0.01357854998159902,-0.05151969938669765,0.010317017969566416,34.11085647007502,0.01348770958642363,-0.14888220804812488,0.0027785031429898854,1.0,0.4835347570254108,0.0,0.55,1.0359544063812107,629,nested_validation
2024-03-12,0.0027785031429898854,0.01828122610584426,-0.005499797123872274,-0.04569594170927549,0.010373133812524374,35.515668391080865,0.017433495046729,-0.2092599814925821,-0.012122447421752391,0.0,0.5031798762675582,0.0,0.55,1.0359544063812107,629,nested_validation
2024-03-13,-0.012122447421752391,0.011885310065870236,-0.01171739428830354,-0.05436971328729523,0.010405272177861958,32.27360897453643,0.01419977715909218,-0.5391154856559497,0.01092725013058593,1.0,0.4966284220373034,0.0,0.55,1.0359544063812107,629,nested_validation
2024-03-14,0.01092725013058593,0.023668669811108156,0.0035734477000624043,-0.0420665636630041,0.010886474902695568,37.725181841314416,0.013063552062635446,0.3659127341407644,-0.002196588477251127,0.0,0.505824386924226,0.0,0.55,1.0359544063812107,629,nested_validation
2024-03-15,-0.002196588477251127,0.011070114365214101,0.00547527995279351,-0.04169413526786214,0.010883080692492443,37.07212087964013,0.013497867552787913,2.170460871715972,0.006372407175158745,1.0,0.517137949708588,0.0,0.55,1.0359544063812107,629,nested_validation
2024-03-18,0.006372407175158745,0.00561499585196179,0.012696599895399396,-0.03346021688986689,0.010997440461537484,40.29410981212032,0.02411928627655869,0.263470670635333,0.013585080214420842,1.0,0.5061015121347424,0.0,0.55,1.0359544063812107,629,nested_validation
2024-03-19,0.013585080214420842,0.016452140767613477,0.02290022903783462,-0.01826120702766032,0.011519554435607041,46.610109148562614,0.02033167761146224,-0.5719336112572185,0.014709084829907848,1.0,0.5240116196359224,0.0,0.55,1.0359544063812107,629,nested_validation
2024-03-20,0.014709084829907848,0.04405978133611921,0.03221953406805067,-0.0018936190419533983,0.011996083210305736,52.54332978676921,0.020036950062928528,-0.6851480741215372,-0.040857304703144526,0.0,0.527911444971158,0.0,0.55,1.0359544063812107,629,nested_validation
2024-03-21,-0.040857304703144526,-0.009421981064992146,-0.011307898643866388,-0.03949014704164544,0.014469835324058147,39.2900277795602,0.03880497954572496,1.356106793000836,0.0053101924560301494,1.0,0.5051654452310603,0.0,0.55,1.0359544063812107,629,nested_validation
2024-03-22,0.0053101924560301494,-0.0019695589750329257,-0.006945798772988621,-0.031530821651071794,0.014512069276205453,41.27846709773314,0.01735549985111431,-0.1106172237476098,-0.008300459716255038,0.0,0.4887064682993169,0.0,0.55,1.0359544063812107,629,nested_validation
2024-03-25,-0.008300459716255038,-0.016520800354795306,-0.014108859967484455,-0.03631916887275344,0.014526920862146037,39.11064357615946,0.014574219515423321,-0.868081141635241,-0.006672511470028231,0.0,0.4997593069181925,0.0,0.55,1.0359544063812107,629,nested_validation
2024-03-26,-0.006672511470028231,-0.03617669352594055,-0.01869398989722837,-0.03960017813120276,0.014326586144241949,37.42333383070997,0.010842002622702594,-0.745417877031427,0.02121251088164522,1.0,0.4854876736649775,0.0,0.55,1.0359544063812107,629,nested_validation
2024-03-27,0.02121251088164522,-0.029999402227079308,0.0008603828119209123,-0.01705272482427722,0.015281420603057155,45.429710154116485,0.020137358157795483,-0.6595393236705649,-0.01055903885437115,0.0,0.4659986589749347,0.0,0.55,1.0359544063812107,629,nested_validation
2024-03-28,-0.01055903885437115,0.0006418528530076628,-0.008837697902160824,-0.025096505869764973,0.015388616470204135,42.45601832579076,0.010030331604602875,-0.33681110535015873,-0.008455842569834116,0.0,0.48096880265189856,0.0,0.55,1.0359544063812107,629,nested_validation
2024-04-01,-0.008455842569834116,-0.013060257100804162,-0.015745345922149268,-0.0307999646690148,0.015425401884528064,40.21007914811613,0.010409952862250335,-1.2929861496427348,-0.006998824555691452,0.0,0.4705061898066567,0.0,0.55,1.0359544063812107,629,nested_validation
2024-04-02,-0.006998824555691452,-0.0117648693159641,-0.01986518488392497,-0.03511371575341382,0.01456613896717064,38.414048392264135,0.00657427525720971,-1.0212818466774323,0.00479753468897437,1.0,0.5199176798934935,0.0,0.55,1.0359544063812107,629,nested_validation
2024-04-03,0.00479753468897437,-0.0003536250931058804,-0.011473089791557145,-0.028280027667884844,0.013259167676428438,40.36657106763745,0.012378372651212267,-1.0089795415247647,-0.0048923632838192566,0.0,0.4959370932473347,0.0,0.55,1.0359544063812107,629,nested_validation
2024-04-04,-0.0048923632838192566,-0.025907212175953043,-0.010630896926403177,-0.03053523501359201,0.013239223149815937,39.00209420559183,0.018362698200652502,-0.6361849358086993,0.0045016785780862545,1.0,0.49331325890769817,0.0,0.55,1.0359544063812107,629,nested_validation
2024-04-05,0.0045016785780862545,-0.01108011606157111,-0.005133417443033417,-0.02340618142104889,0.013273934365376506,40.969663786792694,0.008491581706909569,-1.1409904658591716,-0.0066633191632453626,0.0,0.4793208568486965,0.0,0.55,1.0359544063812107,629,nested_validation
2024-04-08,-0.0066633191632453626,-0.00929233684274644,-0.009537034278175982,-0.027286316443113634,0.013149290832668194,38.95752463363018,0.005698969857346206,-1.2429738053417836,0.00724242209929149,1.0,0.5218027919970991,0.0,0.55,1.0359544063812107,629,nested_validation
2024-04-09,0.00724242209929149,0.004916017127923666,-0.001671014421219641,-0.01806984740340345,0.012969431300451528,42.25502018814556,0.010196238263741107,-0.927930442032095,-0.011139273758554946,0.0,0.48939897717711073,0.0,0.55,1.0359544063812107,629,nested_validation
2024-04-10,-0.011139273758554946,-0.011022670535934309,-0.011669318905647041,-0.026218235409042223,0.01313038480989883,38.7616391905249,0.011801142817646664,-0.5384347802319462,0.04327083076706573,1.0,0.4920353524568092,0.0,0.55,1.0359544063812107,629,nested_validation
2024-04-11,0.04327083076706573,0.03684381673984305,0.03004687392032679,0.017173613327546633,0.016104994674488525,54.36783046813464,0.04170477223353599,1.3252091501340708,0.008626723949235915,1.0,0.4664686877867766,0.0,0.55,1.0359544063812107,629,nested_validation
2024-04-12,0.008626723949235915,0.04110167700833167,0.035842354545541744,0.026783827199865717,0.016043634004793726,56.83198458869146,0.02350605394930377,1.6347590551629558,-0.021863517500276708,0.0,0.5236524440431413,0.0,0.55,1.0359544063812107,629,nested_validation
2024-04-15,-0.021863517500276708,0.0251705709847303,0.011616406254203904,0.005693625403140556,0.016803029807297577,49.476887517578795,0.02391571500622228,0.6231633645153382,-0.01916730350925777,0.0,0.49796583207107065,0.0,0.55,1.0359544063812107,629,nested_validation
2024-04-16,-0.01916730350925777,-0.001709227649284717,-0.008087334712984284,-0.012486290321128912,0.017247085927755885,44.19494890757712,0.03241226872187974,0.6397897135834517,-0.008147404121599089,0.0,0.491217908721246,0.0,0.55,1.0359544063812107,629,nested_validation
2024-04-17,-0.008147404121599089,0.0013111732741108995,-0.015217284898151329,-0.020128256592528593,0.016969026181230387,42.17347463541079,0.015773773193359375,-0.5518014375106636,-0.005714399992587604,0.0,0.49319759280839803,0.0,0.55,1.0359544063812107,629,nested_validation
2024-04-18,-0.005714399992587604,-0.04570390415212933,-0.019821987404933683,-0.025333486281218565,0.0165294291884495,40.776188324426265,0.01251195175942407,-0.9171632297868815,-0.0122125779265162,0.0,0.4788667846453986,0.0,0.55,1.0359544063812107,629,nested_validation
2024-04-19,-0.0122125779265162,-0.06542067741226987,-0.029183409304100016,-0.03648706910788324,0.01429670221928394,37.90245843366786,0.014060557972301114,0.5570909366026429,0.005090859365418643,1.0,0.5123393897875704,0.0,0.55,1.0359544063812107,629,nested_validation
2024-04-22,0.005090859365418643,-0.03966659940514161,-0.022740360322689446,-0.03065930426853447,0.014291333785197887,39.784291295211474,0.015014413225756418,-0.5926478940777737,0.006391864210708809,1.0,0.4799553700951901,0.0,0.55,1.0359544063812107,629,nested_validation
2024-04-23,0.006391864210708809,-0.014641615490240456,-0.014885844764642608,-0.023350239932871553,0.014316017118376753,42.166145773936336,0.012762162736408398,-0.48886839199464366,0.012702258513773712,1.0,0.47860534313243636,0.0,0.55,1.0359544063812107,629,nested_validation
2024-04-24,0.012702258513773712,0.006071532791405154,-0.003102303381972926,-0.010131714444991613,0.01455745808048375,46.70645314362437,0.01828183800604771,-0.5351551194834003,0.005147311120353049,1.0,0.49454823722542707,0.0,0.55,1.0359544063812107,629,nested_validation
2024-04-25,0.005147311120353049,0.01706199503691308,0.005081985182579185,-0.004795641803624129,0.013781935630249842,48.49348072148008,0.014479997190564885,-0.3658865603900332,-0.003472994258274298,0.0,0.49144880999171914,0.0,0.55,1.0359544063812107,629,nested_validation
2024-04-26,-0.003472994258274298,0.02606058947412082,0.005905840797441053,-0.007534940544182689,0.013619246845590759,47.3342492377331,0.012758438412130672,-0.6450600038022741,0.02480806426402693,1.0,0.49144065127427655,0.0,0.55,1.0359544063812107,629,nested_validation
2024-04-29,0.02480806426402693,0.04618916460992617,0.030364547092242677,0.016911334350321106,0.01455118063142407,55.49068292469546,0.016887565854647096,0.6846145718072411,-0.01827071993746432,0.0,0.5229963240225461,0.0,0.55,1.0359544063812107,629,nested_validation
2024-04-30,-0.01827071993746432,0.020551309988222632,0.010968670026222371,-0.0010067255454009327,0.01506380578557703,49.286431298172566,0.02929610426537481,0.5009283781000715,-0.006047290911573411,0.0,0.4906764414514664,0.0,0.55,1.0359544063812107,629,nested_validation
2024-05-01,-0.006047290911573411,0.001656440280112248,0.004080310761837902,-0.005730018618442356,0.015096366727095861,47.43071890181797,0.021264064020217674,-0.43561887401807564,0.022032020407358743,1.0,0.49502158212425834,0.0,0.55,1.0359544063812107,629,nested_validation
2024-05-02,0.022032020407358743,0.018482509068711517,0.022569497274371297,0.017298945477076444,0.015784043370148017,54.16139318423816,0.014621734942759434,1.8691060671746007,0.05981635474228386,1.0,0.5303795529597789,0.0,0.55,1.0359544063812107,629,nested_validation
2024-05-03,0.05981635474228386,0.08316625029801838,0.07209061139497575,0.07561838590442216,0.020294677859093262,66.84600556503136,0.023666682420823638,3.393676365526183,-0.009106836804835594,0.0,0.48038873434944085,0.0,0.55,1.0359544063812107,629,nested_validation
2024-05-06,-0.009106836804835594,0.04732004894482156,0.052561522636138225,0.06386143500388197,0.020366463852384973,63.779189711158935,0.020802369928086123,0.38335321234671166,0.0037970247366390097,1.0,0.5243062135899621,0.0,0.55,1.0359544063812107,629,nested_validation
2024-05-07,0.0037970247366390097,0.0708621719124809,0.047156325666610766,0.06549924434213317,0.020352870396838474,64.50376238222375,0.019627120022259005,0.28173905965479706,0.0018643771062434311,1.0,0.521974730544064,0.0,0.55,1.0359544063812107,629,nested_validation
2024-05-08,0.0018643771062434311,0.07938602412349804,0.040909736827484,0.06478418177185419,0.020070118544369794,64.87670325533784,0.00886511068884227,-0.8751704210277179,0.010014154368216177,1.0,0.5570848036839735,1.0,0.55,1.0359544063812107,629,nested_validation
2024-05-09,0.010014154368216177,0.06669374405455386,0.04261530622944365,0.07310023841194102,0.018064616048361678,66.89255008354189,0.013815912394035063,-0.660818994393312,-0.00689019640850741,0.0,0.5224768145844552,0.0,0.55,1.0359544063812107,629,nested_validation
2024-05-10,-0.00689019640850741,-0.0004456810747244244,0.0273080526150149,0.0632710433566257,0.018131415210147977,64.13765662096324,0.016170398283146994,-0.5224158613469385,0.017645337642747894,1.0,0.535885062559777,0.0,0.55,1.0359544063812107,629,nested_validation
2024-05-13,0.017645337642747894,0.026540327612124992,0.037854500115342526,0.07859110281368165,0.0175630004141274,67.77286324864241,0.013313350883507475,0.2802256077126952,0.006173490287942229,1.0,0.48882109563094045,0.0,0.55,1.0359544063812107,629,nested_validation
2024-05-14,0.006173490287942229,0.02897063739136918,0.03427498093483705,0.08132229188394713,0.01673971727977472,68.97854991650198,0.010724056149871089,-0.41792001504591036,0.01221801323887739,1.0,0.49897085966072324,0.0,0.55,1.0359544063812107,629,nested_validation
2024-05-15,0.01221801323887739,0.03960439961923301,0.03511690612518237,0.09027768361710087,0.016509730279579513,71.2825671695781,0.01728862933898704,0.22249778064190365,0.0006323665736953643,1.0,0.515349270725527,0.0,0.55,1.0359544063812107,629,nested_validation
2024-05-16,0.0006323665736953643,0.029947754882824418,0.026228130190210308,0.08654449944672127,0.016335842311523664,71.40240122579699,0.0075853480256249635,-0.4633386381598986,0.00015809307644731874,1.0,0.5652563604948393,1.0,0.55,1.0359544063812107,629,nested_validation
2024-05-17,0.00015809307644731874,0.03725749032651904,0.02266521523650189,0.08247858426815591,0.01583779733225342,71.43451411912339,0.008584847130829906,-0.8377199822121374,0.006162061454278112,1.0,0.5534494899154726,1.0,0.55,1.0359544063812107,629,nested_validation
2024-05-20,0.006162061454278112,0.02555290740417293,0.02368694915372349,0.0844463703080951,0.01583226545807216,72.72054689925801,0.015232431764959793,-0.7121153875461899,0.006857295330487734,1.0,0.5246858394842288,0.0,0.55,1.0359544063812107,629,nested_validation
2024-05-21,0.006857295330487734,0.026249882882308118,0.02510538208398394,0.08716990973366512,0.015831272090202055,74.12519322751453,0.00940991682433156,-0.7684866525472206,-0.007538413406104505,0.0,0.5626381924199318,1.0,0.55,1.0359544063812107,629,nested_validation
2024-05-22,-0.007538413406104505,0.006219582823025593,0.012839519746273842,0.07424912407439166,0.016099036531584055,69.83865318153326,0.013357795355093367,-1.0068366335089574,-0.021058134324374977,0.0,0.5311513073915594,0.0,0.55,1.0359544063812107,629,nested_validation
2024-05-23,-0.021058134324374977,-0.015592031006349205,-0.009833857852940886,0.04925049215592581,0.017170295310828882,59.556005834356846,0.02338396298698628,-0.4146398917665207,0.01658828154996117,1.0,0.5070163996881809,0.0,0.55,1.0359544063812107,629,nested_validation
2024-05-24,0.01658828154996117,0.000579420864468716,0.002908821386055971,0.06393398557061336,0.017232480736915034,63.96244244379473,0.013369873681672376,-0.9205806180337237,5.257783707257602e-05,1.0,0.5291214509170262,0.0,0.55,1.0359544063812107,629,nested_validation
2024-05-28,5.257783707257602e-05,-0.005496164584110952,0.001001069753367112,0.06051870031411921,0.016717949313689313,63.976061774884286,0.02052736345978329,-0.3198516854011443,0.0015791153988820028,1.0,0.521858861735532,0.0,0.55,1.0359544063812107,629,nested_validation
2024-05-29,0.0015791153988820028,-0.010709584807951145,0.0010732853166703915,0.05803179741824471,0.015890246278843542,64.41110617978183,0.01439910447126913,-0.26831696782113246,0.005255041635439994,1.0,0.5120253142990769,0.0,0.55,1.0359544063812107,629,nested_validation
2024-05-30,0.005255041635439994,0.0020429918365787447,0.0055034867751044825,0.05897607257905624,0.015660040183247664,65.88973683111675,0.008102816913429638,-0.3809568888022139,0.005018618975826783,1.0,0.5362136329978668,0.0,0.55,1.0359544063812107,629,nested_validation
2024-05-31,0.005018618975826783,0.02873510585326211,0.00927116652763016,0.05931841874724264,0.015239485932829517,67.29459894524172,0.013836169893936812,0.5736440007637521,0.009258757420187225,1.0,0.5193344268116705,0.0,0.55,1.0359544063812107,629,nested_validation
2024-06-03,0.009258757420187225,0.021318004044847738,0.016396040540147316,0.06341267222654845,0.008879886326193279,69.77986190671731,0.012729996579099538,-0.2945227522378745,0.0016491171987695896,1.0,0.5411099442668066,0.0,0.55,1.0359544063812107,629,nested_validation
2024-06-04,0.0016491171987695896,0.022948492711547752,0.016310026472036165,0.05960397882016344,0.008449648411684408,70.21798184474956,0.011782909560096306,-0.41378916842370744,0.007821083053818345,1.0,0.5038780763045687,0.0,0.55,1.0359544063812107,629,nested_validation
2024-06-05,0.007821083053818345,0.02932363702716012,0.02237677324539966,0.06225496788243379,0.008502739591077267,72.27431963997803,0.010364010976170176,0.28111238397767396,-0.0070966446167840536,0.0,0.5390029573911881,0.0,0.55,1.0359544063812107,629,nested_validation
2024-06-06,-0.0070966446167840536,0.016676217128749782,0.013227968165993254,0.04984113486537156,0.008816551690202823,67.67272577102568,0.011980676070761186,-0.9316602868412556,0.01239215123921511,1.0,0.49820661000778493,0.0,0.55,1.0359544063812107,629,nested_validation
2024-06-07,0.01239215123921511,0.024135277833573054,0.020462172383254096,0.057668575029190094,0.008922704106935858,71.1074753260545,0.014221154250788348,0.17646790651212693,-0.01914783496575234,0.0,0.5352869638568737,0.0,0.55,1.0359544063812107,629,nested_validation
2024-06-10,-0.01914783496575234,-0.004690029028111553,-0.0007037495517444592,0.03296820431769931,0.009964742633525642,60.31211863120121,0.026667405165106694,2.990820662853175,0.07264924126242578,1.0,0.469641256188996,0.0,0.55,1.0359544063812107,629,nested_validation
2024-06-11,0.07264924126242578,0.06586075587990825,0.062460328524986064,0.10135867519925412,0.018028826054179336,75.32531145598993,0.06531498516991513,3.8477418233485956,0.028578234328147767,1.0,0.4102821915755385,-1.0,0.55,1.0359544063812107,629,nested_validation
2024-06-12,0.028578234328147767,0.08781329618610134,0.08020277999495695,0.1242717372251243,0.018719863588751294,78.94461534712562,0.06242081285293151,3.1232869613817016,0.005491253362327253,1.0,0.4320208595749737,-1.0,0.55,1.0359544063812107,629,nested_validation
2024-06-13,0.005491253362327253,0.1016044498955444,0.07364262170204205,0.12153525563448597,0.018676308735453315,79.58206130050448,0.024038432432959868,0.713785379023768,-0.008168476479710085,0.0,0.4647509873937177,0.0,0.55,1.0359544063812107,629,nested_validation
2024-06-14,-0.008168476479710085,0.07923201352285081,0.05417997058743085,0.10472205321221195,0.01890610760148781,75.8816539235612,0.018212598320592337,0.047465907149778365,0.019671450766506338,1.0,0.5187786078617335,0.0,0.55,1.0359544063812107,629,nested_validation
2024-06-17,0.019671450766506338,0.12194488850832985,0.06297797809475436,0.119944279543442,0.019091080550249478,78.45818065085005,0.028753384318032326,0.539256637297903,-0.010984506955912243,0.0,0.45678092146314403,0.0,0.55,1.0359544063812107,629,nested_validation
2024-06-18,-0.010984506955912243,0.034467591447155055,0.041116944529533406,0.10141284920956051,0.019481521951205814,73.63471843317242,0.026272831486326132,0.1762077474564378,-0.021512881470362233,0.0,0.5133643668264967,0.0,0.55,1.0359544063812107,629,nested_validation
2024-06-20,-0.021512881470362233,-0.01591033235446193,0.011929968186122464,0.07265946663389866,0.020375675919410443,65.2650694079465,0.025705835453660755,0.2748317640305388,-0.0104443958685142,0.0,0.5302059276132863,0.0,0.55,1.0359544063812107,629,nested_validation
2024-06-21,-0.0104443958685142,-0.03150679597645201,-0.004887067100208142,0.056950769447374094,0.02047131828249256,61.67847100189488,0.023037248314374176,2.883366724346671,0.0031325651176845604,1.0,0.5171702782400985,0.0,0.55,1.0359544063812107,629,nested_validation
2024-06-24,0.0031325651176845604,-0.02047167385549209,-0.007126793170816659,0.05599065759889754,0.01962997019426348,62.33996264616502,0.029355244682754647,-0.10781849730370176,0.004468143082623222,1.0,0.513478509471071,0.0,0.55,1.0359544063812107,629,nested_validation
2024-06-25,0.004468143082623222,-0.03507644730115367,-0.010221216098123431,0.05606190216900142,0.01946746666353201,63.31569740926538,0.013249170973459186,-0.6017377851950576,0.019993462868652445,1.0,0.503741034555787,0.0,0.55,1.0359544063812107,629,nested_validation
2024-06-26,0.019993462868652445,-0.004853085878862906,0.006660795345093895,0.07230682108044095,0.019698683901134238,67.40361615065669,0.0197889857946217,-0.416931408225241,0.003985989709524018,1.0,0.5052839025061092,0.0,0.55,1.0359544063812107,629,nested_validation
2024-06-27,0.003985989709524018,0.021079931007825348,0.010182153875952338,0.07178985015152617,0.019678771235797803,68.18013245562636,0.015833719257389602,-0.7241650629163461,-0.016254182554250485,0.0,0.5273404648890433,0.0,0.55,1.0359544063812107,629,nested_validation
2024-06-28,-0.016254182554250485,0.015085061630628172,-0.0045372584573541985,0.050704419932983136,0.020274326423002413,61.69967953330181,0.02739533000772572,-0.13648144631330628,0.029104580679812697,1.0,0.5064074406259115,0.0,0.55,1.0359544063812107,629,nested_validation
2024-07-01,0.029104580679812697,0.04136653821140435,0.022376788336276432,0.07646775104636894,0.020942520104540445,67.5505291355058,0.025790063842632587,-0.5439770083341278,0.016239866459664354,1.0,0.5261161846904246,0.0,0.55,1.0359544063812107,629,nested_validation
2024-07-02,0.016239866459664354,0.053570687149678164,0.03721878142463275,0.0884715771826794,0.02104801561675099,70.35135836045038,0.02397057555220208,-0.5995880361683945,0.00581114352994172,1.0,0.5084466610560726,0.0,0.55,1.0359544063812107,629,nested_validation
2024-07-03,0.00581114352994172,0.03892149921367127,0.039691869788596845,0.08932240213340625,0.021018805708777424,71.32076638748842,0.011374426710670137,-0.9779318400510459,0.02162022584809753,1.0,0.529827437655079,0.0,0.55,1.0359544063812107,629,nested_validation
2024-07-05,0.02162022584809753,0.05716935051274685,0.05393038449274923,0.10670859237762298,0.02126646629922118,74.65973755961126,0.021207047492358154,-0.547787676893547,0.006538883683540053,1.0,0.4827701464894642,0.0,0.55,1.0359544063812107,629,nested_validation
2024-07-08,0.006538883683540053,0.08166361580310766,0.05087385241748277,0.10728221533303017,0.02100530744117874,75.60481374059836,0.020191405300804672,-0.5979098868972361,0.0037748473401364446,1.0,0.5115995852885515,0.0,0.55,1.0359544063812107,629,nested_validation
2024-07-09,0.0037748473401364446,0.055040227407126,0.04494038710394688,0.10398576822990813,0.021002421458493202,76.16116835803336,0.013249951357103662,-0.8029025245365795,0.018803593792569684,1.0,0.5298039461450554,0.0,0.55,1.0359544063812107,629,nested_validation
2024-07-10,0.018803593792569684,0.057701838664063976,0.05308351160911706,0.11701534540620462,0.020187154196053547,78.76847017178225,0.016439187489443157,-0.4867449696827396,-0.02322075535977053,0.0,0.4411681622320737,-1.0,0.55,1.0359544063812107,629,nested_validation
2024-07-11,-0.02322075535977053,0.027172158183700557,0.02201489361630049,0.08456365219935758,0.015488141461558516,68.60233515892719,0.029089927952395116,-0.3687897613322348,0.013050838952069821,1.0,0.5260559814631716,0.0,0.55,1.0359544063812107,629,nested_validation
2024-07-12,0.013050838952069821,0.018556201481202184,0.027764876800900673,0.09173735937187422,0.014644528282185092,70.82825282836102,0.01717709217138857,-0.5432391341698698,0.016743402309179478,1.0,0.5334899618597787,0.0,0.55,1.0359544063812107,629,nested_validation
2024-07-15,0.016743402309179478,0.028882554389932258,0.03401128160835354,0.10251413528664655,0.014902758983029845,73.46159763143814,0.017662113896968354,-0.2692363830644295,0.0017916949584013686,1.0,0.5103303220748718,0.0,0.55,1.0359544063812107,629,nested_validation
2024-07-16,0.0017916949584013686,0.026849796851056817,0.027672103907760093,0.09716663374719303,0.014631104631281922,73.7393559444745,0.01677881917432295,-0.7012528611290875,-0.02529586419348495,0.0,0.526797738694495,0.0,0.55,1.0359544063812107,629,nested_validation
2024-07-17,-0.02529586419348495,-0.01759794533411818,-0.00208400590275859,0.06363969334468145,0.01564173054895786,63.60026987895105,0.02105910180614795,-0.31836450631739033,-0.020534849530911226,0.0,0.5526057306238719,1.0,0.55,1.0359544063812107,629,nested_validation
2024-07-18,-0.020534849530911226,-0.01489657814251455,-0.02369555900395215,0.03700619459504462,0.016193367328164662,56.930044768491435,0.03644392200851367,-0.09110374193158689,0.0005799932800967245,1.0,0.5062137126968973,0.0,0.55,1.0359544063812107,629,nested_validation
2024-07-19,0.0005799932800967245,-0.02702338587274189,-0.022264943825766714,0.033077362388765685,0.015251286319843647,57.06419956496095,0.015692587538553564,-0.45514186569096643,-0.0015604357692881043,0.0,0.5083572523300222,0.0,0.55,1.0359544063812107,629,nested_validation
2024-07-22,-0.0015604357692881043,-0.044539316006808605,-0.022145381177635648,0.026818188861846393,0.014965541642855632,56.553517227082466,0.020941249780360306,-0.9248204769743623,0.00468827999410637,1.0,0.5109114916438903,0.0,0.55,1.0359544063812107,629,nested_validation
2024-07-23,0.00468827999410637,-0.04177669266566164,-0.015984145321477516,0.02721772293425606,0.014965192732969687,57.77429913423904,0.018932535752297825,-1.5822657537298537,-0.0287543179152554,0.0,0.4896696862170902,0.0,0.55,1.0359544063812107,629,nested_validation
2024-07-24,-0.0287543179152554,-0.04517666896800432,-0.0382051954128102,-0.006163631191379304,0.01657961400320719,48.69462900545164,0.03509654253033231,0.5070080384848644,-0.004804483846877372,0.0,0.5061450074614998,0.0,0.55,1.0359544063812107,629,nested_validation
2024-07-25,-0.004804483846877372,-0.029842054812934893,-0.03856097527023239,-0.012486341686872238,0.01613549473111709,47.392942185219376,0.028645044962877377,-0.433279341863071,0.002160991113448807,1.0,0.48253739832791304,0.0,0.55,1.0359544063812107,629,nested_validation
2024-07-26,0.002160991113448807,-0.028309126291826026,-0.031095111094520456,-0.011084232114883519,0.016124159406361208,48.06222264244581,0.01596628224964497,-1.30681419454506,0.0012846754872148924,1.0,0.47390438280355784,0.0,0.55,1.0359544063812107,629,nested_validation
2024-07-29,0.0012846754872148924,-0.025540236975266972,-0.02283072857123314,-0.010412448078698344,0.015629964903559744,48.482735768445444,0.01626650917523472,-1.7950327822667762,0.002565983904084357,1.0,0.47316416851412063,0.0,0.55,1.0359544063812107,629,nested_validation
2024-07-30,0.002565983904084357,-0.02759867856967213,-0.013245392670296674,-0.008818507976823708,0.014337215099438229,49.365701276498264,0.019241346687145028,-1.1048629657877382,0.014990787577857656,1.0,0.4925261110823712,0.0,0.55,1.0359544063812107,629,nested_validation
2024-07-31,0.014990787577857656,0.01619847715750322,0.004627733878917573,0.0052188950915448284,0.014271407748176227,54.30564158780123,0.01436420395850399,-0.18036752320801092,-0.0167506373515669,0.0,0.49866890386091656,0.0,0.55,1.0359544063812107,629,nested_validation
2024-08-01,-0.0167506373515669,0.004000207769915498,-0.009592878042540609,-0.012225738678909526,0.014693392233589623,48.523571747710214,0.03416372702979577,1.048205120756465,0.006869265523988366,1.0,0.48520418037680646,0.0,0.55,1.0359544063812107,629,nested_validation
2024-08-02,0.006869265523988366,0.008717123044344133,-0.000772682110529832,-0.006964773897399579,0.013907920197575344,50.79838158208571,0.03588647033450866,3.4502280654095783,-0.04816695497606205,0.0,0.4070287001933974,-1.0,0.55,1.0359544063812107,629,nested_validation
2024-08-05,-0.04816695497606205,-0.041101582496611444,-0.04250986773328058,-0.05504949285842142,0.017099903431055795,38.022871272587246,0.08362402467013737,3.0278748057867957,-0.009748152083675299,0.0,0.43996777127965553,-1.0,0.55,1.0359544063812107,629,nested_validation
2024-08-06,-0.009748152083675299,-0.05287936640426283,-0.04406709241506235,-0.06413283278343318,0.01704284445778324,36.13746630800819,0.043043952868064,0.509416671368416,0.012498225875941849,1.0,0.4958809890171162,0.0,0.55,1.0359544063812107,629,nested_validation
2024-08-07,0.012498225875941849,-0.05520525610423599,-0.02821066182413612,-0.052543127954456925,0.01665790958789307,40.19230183550797,0.034553425540573494,0.20359648976823624,0.016633202940700142,1.0,0.4973101919272732,0.0,0.55,1.0359544063812107,629,nested_validation
2024-08-08,0.016633202940700142,-0.023127048848415876,-0.010130313804092017,-0.03679258128194929,0.016752204903345308,45.23791067575326,0.025174605872434194,-0.5571752522459401,0.013735993558752435,1.0,0.4831194165883037,0.0,0.55,1.0359544063812107,629,nested_validation
2024-08-09,0.013735993558752435,-0.016464892092062255,0.004268100111930018,-0.023876386003233052,0.016785839916998644,49.11893071866547,0.02224379132632685,-0.763408663774034,0.007129923557630535,1.0,0.49396660078598587,0.0,0.55,1.0359544063812107,629,nested_validation
2024-08-12,0.007129923557630535,0.04067372237392286,0.011643740572973238,-0.017974956955126076,0.016343881400270294,51.08344889237131,0.01797447903857765,-0.8880598075235969,0.01719303512501158,1.0,0.5062929362445289,0.0,0.55,1.0359544063812107,629,nested_validation
2024-08-13,0.01719303512501158,0.06898670723391787,0.027735507224257105,-0.0018075518871025764,0.016929037721784803,55.570012903123164,0.013015794401423534,-0.6003237104374489,0.002033660905750745,1.0,0.5167149765122259,0.0,0.55,1.0359544063812107,629,nested_validation
2024-08-14,0.002033660905750745,0.05793831172641717,0.029874960301953246,-3.389259034836112e-05,0.016139777647934946,56.091828958138684,0.015018950986473866,-0.6603538199347243,0.013530639501013964,1.0,0.5022451503557389,0.0,0.55,1.0359544063812107,629,nested_validation
2024-08-15,0.013530639501013964,0.05470969326509678,0.04061364579646787,0.012974539898009896,0.015824753673035465,59.50638740627582,0.01152550544059474,-0.4057257801784017,0.005918521088720485,1.0,0.5124168254002827,0.0,0.55,1.0359544063812107,629,nested_validation
2024-08-16,0.005918521088720485,0.046576250195732305,0.04365812568084615,0.01897418199377854,0.015872086211682516,60.956025735072096,0.014067719051709997,-0.4898303533824064,-0.0007078936088067422,0.0,0.49330319246650456,0.0,0.55,1.0359544063812107,629,nested_validation
2024-08-19,-0.0007078936088067422,0.038431448707962446,0.034862869301578,0.01850791216334735,0.015867445003388193,60.67458804613258,0.013059507791412375,-0.6379695371958476,0.0027447672069089712,1.0,0.5081770353574016,0.0,0.55,1.0359544063812107,629,nested_validation
2024-08-20,0.0027447672069089712,0.023681509151335156,0.02850596199568045,0.021596064874905396,0.015848141531606894,61.41789164197344,0.007593489304734506,-1.0768857970745467,-0.00048560791833407446,0.0,0.5465949923993159,0.0,0.55,1.0359544063812107,629,nested_validation
2024-08-21,-0.00048560791833407446,0.021107814262217417,0.020213536548884914,0.02206963633577219,0.014365692212513258,61.196899057780065,0.012941664111178995,-0.8007816310473207,-0.008259752831441203,0.0,0.5274589899825791,0.0,0.55,1.0359544063812107,629,nested_validation
2024-08-22,-0.008259752831441203,-0.0008454834668613076,0.00658565138734768,0.014051337545203824,0.014466084586011568,57.414564844685636,0.01977465134077932,-0.38087334721267546,0.010288105431222272,1.0,0.5032490760737107,0.0,0.55,1.0359544063812107,629,nested_validation
2024-08-23,0.010288105431222272,0.0034947188851717215,0.01201891517685505,0.025013821749956255,0.01458533713545773,60.64995524001247,0.01714864861774237,-0.5968346398070672,0.0014987556566761207,1.0,0.5051366071099629,0.0,0.55,1.0359544063812107,629,nested_validation
2024-08-26,0.0014987556566761207,0.0057106484118651935,0.00919089862200484,0.027625662060212663,0.014584765773222838,61.11816206550005,0.014922086006431268,-0.9345214598595566,0.003741654057004329,1.0,0.5031014396787881,0.0,0.55,1.0359544063812107,629,nested_validation
2024-08-27,0.003741654057004329,0.0067104838168359215,0.009934147284186734,0.03248546998087232,0.01458858952107481,62.325174253893614,0.017366165570609684,-0.6816880744281321,-0.006753530746548386,0.0,0.4992722239430999,0.0,0.55,1.0359544063812107,629,nested_validation
2024-08-28,-0.006753530746548386,0.000397434527193985,0.00099880375237138,0.025841620609703186,0.014406516908138746,58.76587921942484,0.018455595537068728,-0.5580410488988033,0.014570271639342103,1.0,0.5111978908068179,0.0,0.55,1.0359544063812107,629,nested_validation
2024-08-29,0.014570271639342103,0.023426748882410253,0.013313046827107877,0.03986697224718094,0.014074362031780223,63.567305447502164,0.01758124115135977,0.06772490288987297,-0.0034379735751900453,0.0,0.5239130752570073,0.0,0.55,1.0359544063812107,629,nested_validation
2024-08-30,-0.0034379735751900453,0.009522164302114167,0.008517356477438343,0.035518849682208975,0.014101428230408674,61.71461340394422,0.012751083707184684,0.2760629506330053,-0.027205212861720285,0.0,0.5141880192805391,0.0,0.55,1.0359544063812107,629,nested_validation
2024-09-03,-0.027205212861720285,-0.01941176323307381,-0.017569670923560543,0.0074887292277232564,0.010684012788718432,49.469889746909864,0.035148366839721126,0.6129638823279214,-0.008618831166859464,0.0,0.5177124781349951,0.0,0.55,1.0359544063812107,629,nested_validation
2024-09-04,-0.008618831166859464,-0.031487127807476534,-0.023599874800542597,-0.0006070937469985216,0.01061796873638042,46.41350842522247,0.01947024194213686,0.11256018992633553,0.006927847503684692,1.0,0.49406265293808616,0.0,0.55,1.0359544063812107,629,nested_validation
2024-09-05,0.006927847503684692,-0.01814644011830191,-0.015085047958661613,0.005695688444652625,0.010444745990977106,49.111623596579825,0.017807317960824947,-0.8049942644215866,-0.00701505565775673,0.0,0.47924093111596344,0.0,0.55,1.0359544063812107,629,nested_validation
2024-09-06,-0.00701505565775673,-0.03903570825507019,-0.02038462388593587,-0.0018981907479367344,0.010172165132840395,46.538653095718026,0.024771311653258937,1.0712434931428538,0.00040761674529954384,1.0,0.4941784068989341,0.0,0.55,1.0359544063812107,629,nested_validation
2024-09-09,0.00040761674529954384,-0.035327484501122886,-0.017400394098682215,-0.0019728286389234517,0.009800899759798401,46.712124209352964,0.020641878968815138,2.888576385007059,-0.003621335188329855,0.0,0.4931557576503527,0.0,0.55,1.0359544063812107,629,nested_validation
2024-09-10,-0.003621335188329855,-0.011940518512813747,-0.01787022368246083,-0.005904740783714391,0.009754275911456967,45.30506488712704,0.02158011897155335,0.9365380811296585,0.011585089888111355,1.0,0.5007414901107962,0.0,0.55,1.0359544063812107,629,nested_validation
2024-09-11,0.011585089888111355,0.008195707985293454,-0.004105914283281553,0.004989664762137691,0.009346414609379171,50.43056818956982,0.02335397854449545,0.11147356010460768,0.0004940045249570701,1.0,0.4859001606678157,0.0,0.55,1.0359544063812107,629,nested_validation
2024-09-12,0.0004940045249570701,0.0017537639144391548,-0.0019533460167782124,0.0053429293117104315,0.009338625808066462,50.64541826180726,0.016743707213728098,-0.6912391724651863,-0.0012121460554219698,0.0,0.4843166573424832,0.0,0.55,1.0359544063812107,629,nested_validation
2024-09-13,-0.0012121460554219698,0.00760791766461999,0.0001032700322702862,0.003461264866528868,0.008831707853149864,50.071649811868426,0.009572987074262511,-0.7079837167477974,-0.027775077396161585,0.0,0.4625696949515186,0.0,0.55,1.0359544063812107,629,nested_validation
2024-09-16,-0.027775077396161585,-0.0207776176739084,-0.022101184955838682,-0.023927814656748092,0.010509153268151033,39.1421666708463,0.015255191105887165,1.665288912203296,0.0021725833217434154,1.0,0.5112519852962496,0.0,0.55,1.0359544063812107,629,nested_validation
2024-09-17,0.0021725833217434154,-0.01508346254312809,-0.0173201097283201,-0.022947866249379834,0.010547484340788447,40.21097974301849,0.011070593527426842,0.1699523320076719,0.01798971169573793,1.0,0.4944493636698863,0.0,0.55,1.0359544063812107,629,nested_validation
2024-09-18,0.01798971169573793,-0.008847686633079777,0.0004305770697936584,-0.00741381129167118,0.011380627113110966,48.32184575572141,0.023426586481220396,1.5313516358740193,0.037065656807002245,1.0,0.4893644229195734,0.0,0.55,1.0359544063812107,629,nested_validation
2024-09-19,0.037065656807002245,0.02738249325711406,0.03446874178837511,0.02640828982742538,0.014117862224016389,60.443015573194785,0.022676639804832574,1.9375549462121187,-0.0029273981481126032,0.0,0.503556157838032,0.0,0.55,1.0359544063812107,629,nested_validation
2024-09-20,-0.0029273981481126032,0.025618134625205125,0.028011312553171352,0.02109308992820802,0.013997065951146316,59.21785988881589,0.023970207247390057,4.2957953571041765,-0.007581156640567244,0.0,0.4661311500187584,0.0,0.55,1.0359544063812107,629,nested_validation
2024-09-23,-0.007581156640567244,0.04692107682982627,0.017668841927317436,0.011770516433312617,0.013940045398106357,56.05813725895319,0.016072766238479048,-0.12329975169972869,0.003973999671180728,1.0,0.5280165463585619,0.0,0.55,1.0359544063812107,629,nested_validation
2024-09-24,0.003973999671180728,0.04880292909335626,0.018390711965949214,0.014304969687663815,0.013963634492635055,57.333561556555345,0.015921231709182884,-0.3124591072490266,-0.004397957031785249,0.0,0.519634002947035,0.0,0.55,1.0359544063812107,629,nested_validation
2024-09-25,-0.004397957031785249,0.025737614908711626,0.012229837458124893,0.009078836342720997,0.013971318028485979,55.40919257011517,0.014445328816564742,-0.33945150047849,0.005080066876726574,1.0,0.5030639084041391,0.0,0.55,1.0359544063812107,629,nested_validation
2024-09-26,0.005080066876726574,-0.005898591064537384,0.015215723498495537,0.013331721171531141,0.013934653291904804,57.18880601650388,0.01358120727788953,-0.4334369281926306,0.0011866370960109673,1.0,0.5136431171478626,0.0,0.55,1.0359544063812107,629,nested_validation
2024-09-27,0.0011866370960109673,-0.0017968153011704846,0.014026857964613004,0.014071994444198266,0.013550490699732971,57.616478408405975,0.009745824163199846,-0.4600901688294359,0.022872076682439513,1.0,0.5011794550443798,0.0,0.55,1.0359544063812107,629,nested_validation
2024-09-30,0.022872076682439513,0.02883391555486603,0.02957491705587234,0.03619726591737371,0.014434671254975783,64.90287524004262,0.014377708598779506,-0.118181930677405,-0.02914172897255174,0.0,0.5116245959510999,0.0,0.55,1.0359544063812107,629,nested_validation
2024-10-01,-0.02914172897255174,-0.0051018086552654385,-0.004572127018621641,0.005952967963054112,0.014628535468364703,52.28681645081795,0.02612611391146754,0.01717385983438127,0.0025198114551996387,1.0,0.5050905775174657,0.0,0.55,1.0359544063812107,629,nested_validation
2024-10-02,0.0025198114551996387,0.0018110692405290951,-0.004731040140317666,0.008447421239481834,0.014467704605828375,53.110813608661395,0.019181545410272553,-0.4811332071694067,-0.004894631936951388,0.0,0.48181396291885636,0.0,0.55,1.0359544063812107,629,nested_validation
2024-10-03,-0.004894631936951388,-0.008131187116156235,-0.008209653498638114,0.003620043540505158,0.0144725247644578,51.25450984845683,0.015465016451864664,-0.4591371795011807,0.005007402516726156,1.0,0.48177689792706235,0.0,0.55,1.0359544063812107,629,nested_validation
2024-10-04,0.005007402516726156,-0.00434598072032899,-0.0026296943596270106,0.008306265841755867,0.014383221044653059,53.053447100839094,0.017063470304735026,-0.39531993933210374,-0.022530916310902316,0.0,0.4764819819308575,0.0,0.55,1.0359544063812107,629,nested_validation
2024-10-07,-0.022530916310902316,-0.048540825307118896,-0.023047768891314657,-0.013659028344868318,0.01530486613926332,44.97113341541817,0.01966710524758046,-0.33384781669233293,0.01840405115607391,1.0,0.4824518072294809,0.0,0.55,1.0359544063812107,629,nested_validation
2024-10-08,0.01840405115607391,-0.0019450758848714722,-0.004365876834970139,0.004703734120651504,0.01576895761686729,51.344596363385904,0.012091932833754215,-0.4422368604759593,0.016698520193283883,1.0,0.46738953499017893,0.0,0.55,1.0359544063812107,629,nested_validation
2024-10-09,0.016698520193283883,0.012170485635152994,0.010846625276438981,0.021252047859342538,0.01597225406648592,56.37278688291788,0.021434165343083785,-0.403361733890229,-0.0021783906805653563,0.0,0.5118672506341048,0.0,0.55,1.0359544063812107,629,nested_validation
2024-10-10,-0.0021783906805653563,0.014933307864652079,0.007969898729763614,0.018642137207381282,0.015992532791937377,55.5527732951153,0.010172903856768363,-0.4831987627972009,-0.006505408532836432,0.0,0.49805191847379937,0.0,0.55,1.0359544063812107,629,nested_validation
2024-10-11,-0.006505408532836432,0.0033067911125439498,0.0015184193088004783,0.012351635089523194,0.016079065998499873,53.075237801124494,0.009096933845120435,-0.4197801544921688,0.01647986678339164,1.0,0.4963488309013215,0.0,0.55,1.0359544063812107,629,nested_validation
2024-10-14,0.01647986678339164,0.04334875689769668,0.01878560033862886,0.028684190598057935,0.014936747428450765,58.13566986919353,0.013532164214122799,-0.2702810836668787,0.011024752671678906,1.0,0.5496021555849722,0.0,0.55,1.0359544063812107,629,nested_validation
2024-10-15,0.011024752671678906,0.03578871047827148,0.026562942505799825,0.0383196624910227,0.015022809867672945,61.19987128014154,0.021894420536000138,0.1205914688732702,-0.008851949740342313,0.0,0.5295046667959631,0.0,0.55,1.0359544063812107,629,nested_validation
2024-10-16,-0.008851949740342313,0.009758488363230455,0.01524748062682102,0.027466399090268823,0.014903278069893564,57.51939496879315,0.00983690910046097,-0.3586716752778433,0.0015963481116025857,1.0,0.5198708013571888,0.0,0.55,1.0359544063812107,629,nested_validation
2024-10-17,0.0015963481116025857,0.013578384125304988,0.013990080154340001,0.027623058398498657,0.012629142957322426,58.00553064476376,0.014344182289918808,-0.34804052350761083,0.012276554236877235,1.0,0.5097541837081689,0.0,0.55,1.0359544063812107,629,nested_validation
2024-10-18,0.012276554236877235,0.032740029934282155,0.02277520902891661,0.03806680279173991,0.012838257711618131,61.64635512527474,0.009234034761469487,0.5441289777632446,0.006297964303881853,1.0,0.5359418821219112,0.0,0.55,1.0359544063812107,629,nested_validation
2024-10-21,0.006297964303881853,0.02239525222141725,0.022633957837353114,0.04221514766306966,0.012700193299682045,63.419969801732684,0.010148888695171452,-0.36550362861888186,-0.002621721458623494,0.0,0.5117315264584202,0.0,0.55,1.0359544063812107,629,nested_validation
2024-10-22,-0.002621721458623494,0.00859530288930177,0.015521838339121352,0.0370831664052671,0.012736620069619276,62.12395676133819,0.01534806710684214,-0.08156176322898737,-0.02162314258763609,0.0,0.5233891299293747,0.0,0.55,1.0359544063812107,629,nested_validation
2024-10-23,-0.02162314258763609,-0.0044007022127607875,-0.00695855137609569,0.013455002126228965,0.013681779793582293,52.60132711014911,0.03198130117217454,1.1802366495324825,-0.0008233535277791804,0.0,0.4849950383221066,0.0,0.55,1.0359544063812107,629,nested_validation
2024-10-24,-0.0008233535277791804,-0.006805915907444504,-0.00842903849647525,0.01146560949169384,0.013655409606778142,52.279820235040525,0.010452372752543345,-0.8395689871257234,0.003643169542166591,1.0,0.4747043166698049,0.0,0.55,1.0359544063812107,629,nested_validation
2024-10-25,0.003643169542166591,-0.015276552285016343,-0.006465846659344465,0.013829648530833794,0.013669738354255655,53.6292723064271,0.0157728440375201,-0.126846577680119,0.008599437514968056,1.0,0.4815800200114531,0.0,0.55,1.0359544063812107,629,nested_validation
2024-10-28,0.008599437514968056,-0.013024421489131965,0.0011753132388159226,0.020003818323401257,0.012851183073250397,56.74959996948043,0.009340157381272628,-0.3155798744305685,0.001156808284072497,1.0,0.496271316891766,0.0,0.55,1.0359544063812107,629,nested_validation
2024-10-29,0.001156808284072497,-0.009285301980561989,0.002410887289222119,0.018678874071573315,0.010952226230784609,57.17070647481806,0.008601850997502564,-0.2918845648998701,-0.01527797569634537,0.0,0.5097816938931262,0.0,0.55,1.0359544063812107,629,nested_validation
2024-10-30,-0.01527797569634537,-0.0028601192373662876,-0.012192014411687047,0.0017457138865717425,0.011554628018210075,50.20957860252509,0.01703606286382187,1.0287173248135235,-0.01820929444345598,0.0,0.49129380566955055,0.0,0.55,1.0359544063812107,629,nested_validation
2024-10-31,-0.01820929444345598,-0.02021061988488726,-0.027574384193945534,-0.016072727753513538,0.012227194578679835,43.513030106127516,0.01974240468137023,2.441777429500387,-0.013279681820059674,0.0,0.4979624453726287,0.0,0.55,1.0359544063812107,629,nested_validation
2024-11-01,-0.013279681820059674,-0.03673126242912894,-0.03546836206633863,-0.028392773164665375,0.012508651433803475,39.455428896249515,0.022789474440792806,2.1003987539565596,-0.004037604306501907,0.0,0.5003802390202193,0.0,0.55,1.0359544063812107,629,nested_validation
2024-11-04,-0.004037604306501907,-0.048800342451610246,-0.0333101443813153,-0.031688272542053864,0.011510792102164167,38.30149585315628,0.013873188813446647,0.28536373282223293,0.006486286984840106,1.0,0.4927963457912847,0.0,0.55,1.0359544063812107,629,nested_validation
2024-11-05,0.006486286984840106,-0.04373680168243721,-0.021753822135131218,-0.024851780105310084,0.01083865266177477,41.26152856918148,0.012575509496402725,-1.1592805090161975,-0.0032669969530915166,0.0,0.47666265963036003,0.0,0.55,1.0359544063812107,629,nested_validation
2024-11-06,-0.0032669969530915166,-0.03207294460960464,-0.021505604891567276,-0.027521235895131335,0.010107332359577,40.208394355979244,0.02191094134368592,1.0218363828149701,0.021372037763393914,1.0,0.5066423712201122,0.0,0.55,1.0359544063812107,629,nested_validation
2024-11-07,0.021372037763393914,0.006949468328891761,0.0007654123306652938,-0.0067315980166025025,0.011260586850553004,49.29585598141573,0.014550719275369791,-0.09944665055469248,-0.0011881298656151174,0.0,0.486625402097924,0.0,0.55,1.0359544063812107,629,nested_validation
2024-11-08,-0.0011881298656151174,0.01928891405375288,0.0014268664137355724,-0.007827933802605047,0.011172852022553983,48.841933338068564,0.009913640876987834,-0.4768809848168477,-0.012028588279958119,0.0,0.48672744016383424,0.0,0.55,1.0359544063812107,629,nested_validation
2024-11-11,-0.012028588279958119,0.011110772577985983,-0.006712340833605501,-0.018544725481910662,0.01078984171608546,44.390679568554724,0.01873075426244757,-0.15343203753041668,0.0,0.0,0.4910014149423417,0.0,0.55,1.0359544063812107,629,nested_validation
2024-11-12,0.0,0.004594683159568458,-0.002655197466736481,-0.018296737516404926,0.010414147808203386,44.390679568554724,0.009945126744990363,-0.2099611096908432,0.003969224437048835,1.0,0.4857101284267757,0.0,0.55,1.0359544063812107,629,nested_validation
2024-11-13,0.003969224437048835,0.011887979872407861,0.0034132113458511526,-0.014197179222484091,0.01036646157057908,46.24305424450802,0.01727967072682042,0.5484947346482402,0.013770376041206234,1.0,0.49451874988106653,0.0,0.55,1.0359544063812107,629,nested_validation
2024-11-14,0.013770376041206234,0.004356904182709176,0.01607199023176653,-0.001030301683501822,0.010866817925130789,52.21380479398078,0.016957300396493156,0.11863655431021235,-0.014109245028521178,0.0,0.5225908530977047,0.0,0.55,1.0359544063812107,629,nested_validation
2024-11-15,-0.014109245028521178,-0.008635944232136317,0.0006956999489824423,-0.01490211310541989,0.010808077303726758,46.44346710010111,0.011777750651041608,0.4252925115281259,0.013422343331317421,1.0,0.4923524119120633,0.0,0.55,1.0359544063812107,629,nested_validation
2024-11-18,0.013422343331317421,0.016902384595919306,0.011314414900301717,-0.002636623522740522,0.011188340318231623,51.82131902087757,0.020042133315452564,0.03667855235807737,0.0011401709151894757,1.0,0.4932856702019865,0.0,0.55,1.0359544063812107,629,nested_validation
2024-11-19,0.0011401709151894757,0.018061827118422302,0.010193428477308641,-0.0019008306969189315,0.01120291460678898,52.26568809378953,0.01533204844364762,-0.8399037814096407,0.003154064412282276,1.0,0.48902061316722534,0.0,0.55,1.0359544063812107,629,nested_validation
2024-11-20,0.003154064412282276,0.01723522478439854,0.010462067186151502,0.0012892290938222306,0.010239223422110652,53.54363931003761,0.01764189207918262,-0.8595801748889944,-0.0020960983788868015,0.0,0.48426081013941097,0.0,0.55,1.0359544063812107,629,nested_validation
2024-11-21,-0.0020960983788868015,0.0013145221729393697,0.00777039536879931,-0.0007705013207324196,0.010246384130153514,52.53388309095341,0.019473117736058188,-0.19277856284557252,0.005907584127903487,1.0,0.49326117389030383,0.0,0.55,1.0359544063812107,629,nested_validation
2024-11-22,0.005907584127903487,0.02164450459859113,0.012424633009713748,0.004756149334619542,0.010302119797026795,55.09860421391862,0.01157177412716847,-0.623469463666344,0.013050865641952791,1.0,0.5026548628501984,0.0,0.55,1.0359544063812107,629,nested_validation
2024-11-25,0.013050865641952791,0.021270013013303002,0.021749535765227535,0.017598622229753724,0.010535813682209268,60.239936601000416,0.015072764119179988,3.258883359265653,0.009404343649852542,1.0,0.48660118966473626,0.0,0.55,1.0359544063812107,629,nested_validation
2024-11-26,0.009404343649852542,0.029700352781367734,0.026480774757475123,0.026949029094210264,0.010732712713644486,63.52342163298773,0.009529505302601188,-0.08111518498519026,-0.0005530115644418743,0.0,0.505384916648412,0.0,0.55,1.0359544063812107,629,nested_validation
2024-11-27,-0.0005530115644418743,0.02589517710951661,0.021536943508444928,0.025872454802798428,0.010118843937611262,63.18984865423696,0.008002404722359148,-0.9556495293572888,0.010215817378145475,1.0,0.5219692893507257,0.0,0.55,1.0359544063812107,629,nested_validation
2024-11-29,0.010215817378145475,0.03855244298010718,0.02790098744270697,0.03553334327397084,0.00926036484117767,66.6698368749648,0.016179986972840277,-1.2062076020802897,0.00952247106859283,1.0,0.5001887385245948,0.0,0.55,1.0359544063812107,629,nested_validation
2024-12-02,0.00952247106859283,0.04228464434988277,0.031173085433693126,0.0446575495015995,0.008620805403475533,69.58567703283121,0.015150839682405185,0.3527844182672148,0.012771881913739014,1.0,0.5085474473318227,0.0,0.55,1.0359544063812107,629,nested_validation
2024-12-03,0.012771881913739014,0.041997609941441194,0.03780843675549184,0.057011998357080484,0.008644182540174721,73.0265502714032,0.01590768888293605,-0.3630055105767929,0.001483543752009986,1.0,0.5006883980246083,0.0,0.55,1.0359544063812107,629,nested_validation
2024-12-04,0.001483543752009986,0.033821050553423104,0.03284119681424191,0.05744248405977048,0.008656827057925115,73.40769358869701,0.011769065779190018,0.01261163605308199,0.0001234771051710215,1.0,0.5289858123638761,0.0,0.55,1.0359544063812107,629,nested_validation
2024-12-05,0.0001234771051710215,0.03452080575324756,0.026841291051916905,0.0556539053603875,0.008539442815524306,73.4413813290125,0.009916015758291331,-0.29309507413640457,-0.0008228473944430492,0.0,0.5089761031931082,0.0,0.55,1.0359544063812107,629,nested_validation
2024-12-06,-0.0008228473944430492,0.023216559493654865,0.019826224518599833,0.052876192292405255,0.0076681091473595675,72.77962688928702,0.010500753954096165,-0.534059831410159,0.016101137954386058,1.0,0.4727165419198883,0.0,0.55,1.0359544063812107,629,nested_validation
2024-12-09,0.016101137954386058,0.029884465449042885,0.02895245808586644,0.06742301227834191,0.008070966183810816,77.12041528363875,0.022249262383643623,0.09183760741681918,0.004133841778114711,1.0,0.5217693166106375,0.0,0.55,1.0359544063812107,629,nested_validation
2024-12-10,0.004133841778114711,0.021100470250840386,0.026825970640097285,0.069579707253419,0.0071613372811511556,78.10150280876469,0.01158336492104385,-0.5339844961546648,-0.005166172185906537,0.0,0.46865460561478356,0.0,0.55,1.0359544063812107,629,nested_validation
2024-12-11,-0.005166172185906537,0.01432050056127121,0.016705178766302398,0.06205562955299948,0.00742635979804401,73.82345813339367,0.018418631359265285,0.13903702151180375,0.005963773287277263,1.0,0.4969774361235204,0.0,0.55,1.0359544063812107,629,nested_validation
2024-12-12,0.005963773287277263,0.020243701328447106,0.01730106635865125,0.06561734341748138,0.007428312722514298,75.48426209097889,0.012340751470110671,-0.8235644170098545,0.0006855702389931828,1.0,0.48208124095598237,0.0,0.55,1.0359544063812107,629,nested_validation
2024-12-13,0.0006855702389931828,0.021783922284734247,0.013507752228994585,0.06292675843075646,0.007188020305227418,75.67645213067564,0.01229189430117155,-0.7338100928657632,0.011727658976129263,1.0,0.4805202074577866,0.0,0.55,1.0359544063812107,629,nested_validation
2024-12-16,0.011727658976129263,0.01738598359781407,0.02062053405822062,0.07105281041160416,0.006002295153216566,78.74781535855875,0.014858234090520813,0.7535402785376591,0.009719526465786554,1.0,0.5183922311734264,0.0,0.55,1.0359544063812107,629,nested_validation
2024-12-17,0.009719526465786554,0.023045385834443266,0.026022897763151587,0.07660720545979571,0.0058093432552758905,80.92300132244043,0.01597760422921541,0.6908970747793789,-0.021421671159212674,0.0,0.4875687494766644,0.0,0.55,1.0359544063812107,629,nested_validation
2024-12-18,-0.021421671159212674,0.006328912435445755,0.0019996132070063677,0.04985156591282203,0.008207667350070872,64.98306202455538,0.026365624695308645,1.0192040874645882,0.007014608986329218,1.0,0.47006215085166286,0.0,0.55,1.0359544063812107,629,nested_validation
2024-12-19,0.007014608986329218,0.007380129561008308,0.006284443946295459,0.053157435437908074,0.008226285011365825,67.21181749154076,0.019656526658716058,1.205433152334881,0.018815883872863592,1.0,0.47611616005474977,0.0,0.55,1.0359544063812107,629,nested_validation
2024-12-20,0.018815883872863592,0.025631734501317283,0.020429462885535266,0.06887854562727092,0.008653545154905632,72.33417106871636,0.036582959478319646,3.754511038304762,0.00306504046643874,1.0,0.44702796680302204,-1.0,0.55,1.0359544063812107,629,nested_validation
2024-12-23,0.00306504046643874,0.016850066461907787,0.020072267849546188,0.06792201508409779,0.008667929602191801,73.08566897999086,0.00861831359509831,-0.36959497367101857,0.011477955167396026,1.0,0.5388672689951314,0.0,0.55,1.0359544063812107,629,nested_validation
2024-12-24,0.011477955167396026,0.018620913014077534,0.02749812700030274,0.07508676441169837,0.008604073874225982,75.75027496077652,0.011309055115783548,-0.9613335983053878,0.0031756925937183045,1.0,0.5351735694639356,0.0,0.55,1.0359544063812107,629,nested_validation
2024-12-26,0.0031756925937183045,0.044224779751480314,0.025647003396534584,0.07331829842187898,0.008559342738777814,76.45286583496892,0.00953594828765435,-0.750686956944873,-0.013242020123355402,0.0,0.5067991991179244,0.0,0.55,1.0359544063812107,629,nested_validation
2024-12-27,-0.013242020123355402,0.02321964846360358,0.009016850076184912,0.05466663496388002,0.009371865726482423,67.62635359084373,0.022066648653108412,-0.16842339110951796,-0.01326345192816536,0.0,0.5083017684795401,0.0,0.55,1.0359544063812107,629,nested_validation
2024-12-30,-0.01326345192816536,-0.008998348154685143,-0.005963372038109815,0.037256857310618896,0.010002534666947274,60.225627256533066,0.010904044541143881,-0.4581778989350018,-0.007057859616223294,0.0,0.5115016464208988,0.0,0.55,1.0359544063812107,629,nested_validation
2024-12-31,-0.007057859616223294,-0.01899950490790836,-0.012737899308048695,0.02635923773557769,0.010121709992625108,56.715959515065,0.01537419587759227,-0.2819804342244562,-0.02623598039115904,0.0,0.5102627027505828,0.0,0.55,1.0359544063812107,629,nested_validation
2025-01-02,-0.02623598039115904,-0.05557705883857289,-0.034975933497291334,-0.0027250769004554254,0.011564503070534667,46.04905710493585,0.029854412946811577,0.3381105413113982,-0.0020095092420736593,0.0,0.5076095996178757,0.0,0.55,1.0359544063812107,629,nested_validation
2025-01-03,-0.0020095092420736593,-0.06045858019562744,-0.03512429818510743,-0.006770948101514795,0.011571894003048486,45.363768857266514,0.009409900067346648,-0.27629283584515857,0.00673906926788681,1.0,0.5037738162165286,0.0,0.55,1.0359544063812107,629,nested_validation
2025-01-06,0.00673906926788681,-0.041433589793996695,-0.026773646906732673,-0.00224931434185649,0.011660926008025643,48.14516469302506,0.016857162786989757,-0.09376095346693078,-0.01138771423809648,0.0,0.4790758586875154,0.0,0.55,1.0359544063812107,629,nested_validation
2025-01-07,-0.01138771423809648,-0.03961140215174219,-0.03314008623415121,-0.015441115727239718,0.011943402530804685,44.03794998305118,0.017340311431491992,-0.2710556887172598,0.0020229253032912897,1.0,0.4869787263883929,0.0,0.55,1.0359544063812107,629,nested_validation
2025-01-08,0.0020229253032912897,-0.030828330166456697,-0.02629842181720554,-0.015161488909930854,0.011371441165216992,44.92651912993569,0.015080361384964934,-0.38569119861948425,-0.024103789970141398,0.0,0.4940362324104344,0.0,0.55,1.0359544063812107,629,nested_validation
2025-01-10,-0.024103789970141398,-0.028706195327698913,-0.04155876662838165,-0.039416949568698345,0.012383834594307934,37.30950253774447,0.030230118123704405,0.5308554251022408,-0.01034410835976085,0.0,0.5028974016335596,0.0,0.55,1.0359544063812107,629,nested_validation
2025-01-13,-0.01034410835976085,-0.036817840240556454,-0.04192794630624053,-0.04926849649392062,0.012497287645481808,34.659192891442544,0.02111773497071078,0.03788172287700316,-0.004778134860750183,0.0,0.49614710424292613,0.0,0.55,1.0359544063812107,629,nested_validation
2025-01-14,-0.004778134860750183,-0.04783674860087073,-0.037730949105106104,-0.053600095630252365,0.01235489804590831,33.488072481961765,0.01564640738847737,-0.38686819342290707,0.01967595541123468,1.0,0.5014635528452662,0.0,0.55,1.0359544063812107,629,nested_validation
2025-01-15,0.01967595541123468,-0.017918361868603072,-0.012962952095063929,-0.035049238994271814,0.013293447759535948,42.11975544637239,0.01904407504550619,-0.3870119292875487,-0.0404002380361832,0.0,0.4776695831880213,0.0,0.55,1.0359544063812107,629,nested_validation
2025-01-16,-0.0404002380361832,-0.0594972606094043,-0.04404927210966292,-0.07261267563734153,0.015301048984092755,32.58501580013393,0.043722053656845256,0.8534129904476006,0.007535246075507596,1.0,0.5387009553021106,0.0,0.55,1.0359544063812107,629,nested_validation
2025-01-17,0.007535246075507596,-0.029005698323594897,-0.03121854358356546,-0.06401855427908887,0.015205757676430556,35.40352929661847,0.016566647662292985,0.6804258415335949,-0.03191585897303639,0.0,0.5101744376933287,0.0,0.55,1.0359544063812107,629,nested_validation
2025-01-21,-0.03191585897303639,-0.05017067809041009,-0.05388009842494701,-0.09138031043324513,0.015936006147330713,29.697460272869648,0.02263741151612279,1.637124217578836,0.005344970004767413,1.0,0.5451692167030564,0.0,0.55,1.0359544063812107,629,nested_validation
2025-01-22,0.005344970004767413,-0.04050929285879745,-0.04018835907293261,-0.0841303485734961,0.015875741080759592,31.621640140097043,0.019345046667706957,0.38982573350904165,-0.000759478195257568,0.0,0.5200851076502025,0.0,0.55,1.0359544063812107,629,nested_validation
2025-01-23,-0.000759478195257568,-0.059738547542872666,-0.03322713589601067,-0.08242553025411237,0.01493139244217536,31.489052185600514,0.02114815188273348,0.6524014240778852,-0.0039345742628749125,0.0,0.552806169480958,1.0,0.55,1.0359544063812107,629,nested_validation
2025-01-24,-0.0039345742628749125,-0.024007757120274698,-0.02866737392609664,-0.08303003122760888,0.01478859061223934,30.769799482728374,0.01894246002256144,0.2893454923558211,0.03178021786229257,1.0,0.5297294000350948,0.0,0.55,1.0359544063812107,629,nested_validation
2025-01-27,0.03178021786229257,-0.0005218250053335982,0.005265517256501484,-0.05155794204673814,0.016587094047722975,42.20719984060605,0.0355433661674557,2.23856212540993,0.03654401552062425,1.0,0.4600276595182937,0.0,0.55,1.0359544063812107,629,nested_validation
2025-01-28,0.03654401552062425,0.07015813711727925,0.04024589032730774,-0.015783980938552933,0.018907581795253026,52.28025333582813,0.03936877822157163,1.099122180454761,0.004616873550399303,1.0,0.48268811475307283,0.0,0.55,1.0359544063812107,629,nested_validation
2025-01-29,0.004616873550399303,0.06938310131514602,0.0422817954433532,-0.010067726457890447,0.01887120437204782,53.42509011108456,0.024440199233783856,-0.5791353340958352,-0.007394763532510895,0.0,0.4990414951370065,0.0,0.55,1.0359544063812107,629,nested_validation
2025-01-30,-0.007394763532510895,0.062282046206564745,0.03470052642377719,-0.01595820416951188,0.018756111014915464,51.292719773112424,0.015067917957178307,-0.07328329431932505,-0.006692219313426562,0.0,0.512216206650129,0.0,0.55,1.0359544063812107,629,nested_validation
2025-01-31,-0.006692219313426562,0.05934107792143073,0.024323340905940682,-0.020509811866710193,0.018752132705393006,49.385824688600955,0.05826271186440694,2.112812078251372,-0.033855973855805965,0.0,0.5089458424955069,0.0,0.55,1.0359544063812107,629,nested_validation
2025-02-03,-0.033855973855805965,-0.008048384370613615,-0.009509199935017643,-0.05032506276945181,0.019294306870929687,41.11410865106189,0.026884807817618425,0.6231778776470444,0.02100795002801048,1.0,0.5097329936954834,0.0,0.55,1.0359544063812107,629,nested_validation
2025-02-04,0.02100795002801048,-0.02291608418380653,0.006855143854452406,-0.02831705537604845,0.020002438690911235,46.86038647201217,0.027835098373634654,-0.8302143737919856,-0.0014175532806103286,0.0,0.48633446999597757,0.0,0.55,1.0359544063812107,629,nested_validation
2025-02-05,-0.0014175532806103286,-0.028785128944036065,0.0016847910746446981,-0.027350649330734833,0.0199026983877386,46.52355105852546,0.018927147044263664,-1.0833906912904727,0.0032262253810404484,1.0,0.4895016464116285,0.0,0.55,1.0359544063812107,629,nested_validation
2025-02-06,0.0032262253810404484,-0.018393019372992647,0.000793892598571988,-0.021309436681816507,0.01982827762448988,47.44808811519818,0.014449920068336732,-1.4975963920106095,-0.023968817577137425,0.0,0.4661462170380316,0.0,0.55,1.0359544063812107,629,nested_validation
2025-02-07,-0.023968817577137425,-0.035466105667982806,-0.02522269348843098,-0.0410599316251109,0.02038612672178904,41.66606625897748,0.029609477435252534,-1.0260415686799131,0.0011873911886950417,1.0,0.49910371099747664,0.0,0.55,1.0359544063812107,629,nested_validation
2025-02-10,0.0011873911886950417,-0.00048114230618845344,-0.023245556264890443,-0.03581889538611582,0.019813689289192568,42.03388242466353,0.014891278192565876,-1.2299997074689226,0.021831762511780095,1.0,0.47920169668321033,0.0,0.55,1.0359544063812107,629,nested_validation
2025-02-11,0.021831762511780095,0.0003253314462525747,0.0003872356659424536,-0.011123175592965717,0.020347790196413112,48.47449053829793,0.03052184246306857,-0.2605491448780007,0.018270203159199028,1.0,0.4830534109389767,0.0,0.55,1.0359544063812107,629,nested_validation
2025-02-12,0.018270203159199028,0.02004745008631681,0.019641107340661712,0.009581715227873211,0.020700863901833337,53.25732034421629,0.02651249279157965,-0.6867150538439661,0.01967319998593453,1.0,0.5175505874696934,0.0,0.55,1.0359544063812107,629,nested_validation
2025-02-13,0.01967319998593453,0.03677019325522135,0.03782396157347545,0.030965706032962004,0.020700739842084863,57.87459846580507,0.02802959900586975,-0.3227092035510222,0.012710697826131767,1.0,0.5113279876437623,0.0,0.55,1.0359544063812107,629,nested_validation
2025-02-14,0.012710697826131767,0.07573229708755558,0.04702971374594589,0.04489437400935681,0.018505311084066767,60.633518453645515,0.01864267148327018,-0.8640637665924823,-0.0005315488943455904,0.0,0.5115857224231491,0.0,0.55,1.0359544063812107,629,nested_validation
2025-02-18,-0.0005315488943455904,0.07388537074753265,0.039040878562561554,0.0442069548522217,0.018505005007073107,60.45294395693905,0.013662192993877045,-0.4300776365636419,0.0016362793975621681,1.0,0.5214019471244623,0.0,0.55,1.0359544063812107,629,nested_validation
2025-02-19,0.0016362793975621681,0.05266110011199587,0.0353173926747441,0.04565097059334011,0.016667271051985396,60.839365542775724,0.01163879161006464,-1.1679711608076604,0.003920454808840068,1.0,0.5135080504798432,0.0,0.55,1.0359544063812107,629,nested_validation
2025-02-20,0.003920454808840068,0.0378267056281405,0.0334272823936399,0.0495861957619137,0.016668533438930662,61.80394812020539,0.010128973170961106,-1.0535524944633918,-0.00113902138507338,0.0,0.5076862166718403,0.0,0.55,1.0359544063812107,629,nested_validation
2025-02-21,-0.00113902138507338,0.016643958898526767,0.02681729790472498,0.04785293457057027,0.016675172177723328,61.32944601019857,0.014131546233260295,0.041580508914683616,0.0063123665336812795,1.0,0.5297468209648567,0.0,0.55,1.0359544063812107,629,nested_validation
2025-02-24,0.0063123665336812795,0.010220777165121042,0.024847718748959524,0.05376787556488538,0.016553647179970883,63.0218989254365,0.01796844326886111,-0.04657239899430436,-0.0002428481619800582,0.0,0.5310486344535322,0.0,0.55,-0.061165758458693945,692,nested_validation
2025-02-25,-0.0002428481619800582,0.010512583752808391,0.016424736377037785,0.0519492996164066,0.015434074022894371,62.90711104206369,0.0206039365132072,-0.11227902168520103,-0.02704018567246458,0.0,0.525787640105533,0.0,0.55,-0.061165758458693945,692,nested_validation
2025-02-26,-0.02704018567246458,-0.01841800652916359,-0.01419891889295155,0.02260194358755041,0.014898104569102642,51.632921892486316,0.024338454109966486,-0.249256163581501,-0.012730832290805183,0.0,0.5167139088146326,0.0,0.55,-0.061165758458693945,692,nested_validation
2025-02-27,-0.012730832290805183,-0.0346987820695297,-0.026920601517077647,0.008971496422641723,0.015142309452941892,47.43875619814356,0.022756043345248573,-0.4438230623773273,0.019131860379158372,1.0,0.4821913442574431,0.0,0.55,-0.061165758458693945,692,nested_validation
2025-02-28,0.019131860379158372,-0.015108961989991898,-0.008429834118419355,0.027658720663500613,0.015613849281686328,53.47695831392639,0.04916473523691318,0.5527618905205166,-0.01575423145222765,0.0,0.4905001092171248,0.0,0.55,-0.061165758458693945,692,nested_validation
2025-03-03,-0.01575423145222765,-0.03670582924359922,-0.02141517308107932,0.010035129272682575,0.01596001608033742,48.44700423211421,0.03327310931211145,0.17150237404777846,-0.008822466288638586,0.0,0.48633187507865616,0.0,0.55,-0.061165758458693945,692,nested_validation
2025-03-04,-0.008822466288638586,-0.044972532926120246,-0.02663125431032365,0.0002465980007957391,0.014078543903367508,45.885171847388726,0.02284582213268912,1.1608074602134846,-0.0008052980890261852,0.0,0.5003266415479822,0.0,0.55,-0.061165758458693945,692,nested_validation
2025-03-05,-0.0008052980890261852,-0.019221173138361802,-0.023737778065050175,-0.0024401407281325893,0.013380787935151652,45.6499773565913,0.031051188400990404,0.32531243410024935,-0.001739169589466849,0.0,0.49141333528113,0.0,0.55,-0.061165758458693945,692,nested_validation
2025-03-06,-0.001739169589466849,-0.008301769998798836,-0.021179423616628057,-0.005822213391533659,0.01338360306167406,45.11260813459327,0.019971941153581987,0.03467103212727119,0.01589261720118329,1.0,0.49952915835716455,0.0,0.55,-0.061165758458693945,692,nested_validation
2025-03-07,0.01589261720118329,-0.011453817198016414,-0.002936056782504637,0.007756139580630483,0.013779336492758034,50.80195334400344,0.027648807495066954,0.07835425844404828,-0.04847958752014625,0.0,0.4858887898519678,0.0,0.55,-0.061165758458693945,692,nested_validation
2025-03-10,-0.04847958752014625,-0.04432215847573295,-0.04344610116149661,-0.041765224050139715,0.01675000138373059,37.74492740863421,0.05248814254290388,2.7388200853085696,-0.029189390099861323,0.0,0.481491697968114,0.0,0.55,-0.061165758458693945,692,nested_validation
2025-03-11,-0.029189390099861323,-0.06395962716766013,-0.061022508132284825,-0.06858887283998472,0.017924414437757774,32.57877203420718,0.037991303789063596,2.560665437962646,-0.01747869332981411,0.0,0.5998533749387872,1.0,0.55,-0.061165758458693945,692,nested_validation
2025-03-12,-0.01747869332981411,-0.0795791766585846,-0.06817147510298927,-0.0821566009333059,0.017422390345155105,30.00753382713286,0.031523626475131766,1.173124854315686,-0.0336437058319391,0.0,0.5761346294254169,1.0,0.55,-0.061165758458693945,692,nested_validation
2025-03-13,-0.0336437058319391,-0.10899593691005693,-0.0887123834314072,-0.10934189471863376,0.01787372685594163,25.852029244843166,0.04015642151401991,0.9687338865339594,0.018170635908245192,1.0,0.6155363292373811,1.0,0.55,-0.061165758458693945,692,nested_validation
2025-03-14,0.018170635908245192,-0.10699796597354294,-0.060578953782870815,-0.09008677324977776,0.017768860821235268,31.206643882084506,0.02046931942829258,0.8114395953271665,0.002388893084173116,1.0,0.5773239699865744,1.0,0.55,-0.061165758458693945,692,nested_validation
2025-03-17,0.002388893084173116,-0.05925789014153404,-0.04827126765464396,-0.0850871909649531,0.01736345053337713,31.915420768745804,0.02453271028037364,-0.3053217132787667,-0.006121643974969393,0.0,0.550885799394289,1.0,0.55,-0.061165758458693945,692,nested_validation
2025-03-18,-0.006121643974969393,-0.0369046114094006,-0.04421884109779817,-0.08873095260641928,0.01730991933778226,31.031015498647065,0.01720808858577465,-0.7801996040161099,0.01198939417498912,1.0,0.5080231638380368,0.0,0.55,-0.061165758458693945,692,nested_validation
2025-03-19,0.01198939417498912,-0.008019152138656227,-0.023766308162155414,-0.07552068274846735,0.017704380667017572,34.81743955200656,0.02327631657208381,0.21331965254000973,-0.005296387612504838,0.0,0.49482235183433887,0.0,0.55,-0.061165758458693945,692,nested_validation
2025-03-20,-0.005296387612504838,0.021079842643716873,-0.019495554550928884,-0.07802595825219971,0.017552456505421806,33.92086681763898,0.02461468529764042,-0.45248233018418604,0.01947682645400195,1.0,0.505532479213243,0.0,0.55,-0.061165758458693945,692,nested_validation
2025-03-21,0.01947682645400195,0.02238976535203996,0.009215031247395089,-0.05808214055828742,0.018433743360109254,40.00655008809612,0.03463598941958506,3.039497000913107,0.011270431174758455,1.0,0.47241342551555826,0.0,0.55,-0.061165758458693945,692,nested_validation
2025-03-24,0.011270431174758455,0.03144851860344522,0.023784549555128986,-0.04655427657039912,0.018625947423975248,43.322731629310184,0.01313819577138052,-0.799482877188384,0.013681911591246987,1.0,0.5140298720435067,0.0,0.55,-0.061165758458693945,692,nested_validation
2025-03-25,0.013681911591246987,0.052000679668255056,0.03639304553406886,-0.03296629394880901,0.019062754428721785,47.182577024009916,0.017966499541724915,-1.4269599523990335,-0.00992184063628787,0.0,0.4750153522869787,0.0,0.55,-0.061165758458693945,692,nested_validation
2025-03-26,-0.00992184063628787,0.029223134719154054,0.023952117503414527,-0.04102892315017115,0.01841627718693034,44.76895213432733,0.020538992808332036,-1.3424189469427656,0.010472665543175275,1.0,0.49622536131023764,0.0,0.55,-0.061165758458693945,692,nested_validation
2025-03-27,0.010472665543175275,0.04553942644497466,0.027942970251322974,-0.029162004079936743,0.018553719670317242,47.77558795970973,0.019790072878183046,-1.1271424409156472,-0.026580320996315576,0.0,0.5083432173417533,0.0,0.55,-0.061165758458693945,692,nested_validation
2025-03-28,-0.026580320996315576,-0.001695157293814642,-0.0014023577815061028,-0.05172778567599556,0.01853431553189052,41.53127014753012,0.02813219391701608,-0.8631648161157526,0.019412558903452393,1.0,0.5145777897378063,0.0,0.55,-0.061165758458693945,692,nested_validation
2025-03-31,0.019412558903452393,0.0063425794884672815,0.014204226945797593,-0.030158145424100224,0.01909269801347449,46.84979588772798,0.04227253942844078,0.7989666475058101,0.004772047118026368,1.0,0.5108157622371814,0.0,0.55,-0.061165758458693945,692,nested_validation
2025-04-01,0.004772047118026368,-0.0025027751482730176,0.014181950102496899,-0.022502687382347508,0.01912474991534682,48.12328911179388,0.021416724436623454,-1.050759523799866,0.0031363356171891787,1.0,0.5066526071122402,0.0,0.55,-0.061165758458693945,692,nested_validation
2025-04-02,0.0031363356171891787,0.01065325142526441,0.013379588975884982,-0.016424386915697253,0.019162361237443234,48.9924421790339,0.018625209613262018,-1.020990296767421,-0.0924561866874124,0.0,0.509271769853216,0.0,0.55,-0.061165758458693945,692,nested_validation
2025-04-03,-0.0924561866874124,-0.09229399565973762,-0.07574954990454419,-0.10175330315727549,0.02742631991047616,31.946904374833764,0.03071019941034473,2.526692114743165,-0.07288739191390403,0.0,0.5715332074981366,1.0,0.55,-0.061165758458693945,692,nested_validation
2025-04-04,-0.07288739191390403,-0.13547496602837372,-0.13130492006293693,-0.16014889884178662,0.030397638829663464,25.19330271351552,0.0665676198104081,2.7332720619600783,-0.036734221262602174,0.0,0.569185060443144,1.0,0.55,-0.061165758458693945,692,nested_validation
2025-04-07,-0.036734221262602174,-0.18309091563239754,-0.14778300072148065,-0.1830308695266033,0.029782139436171706,22.77102044130349,0.10762701453049371,2.9440852595078018,-0.04981817733023208,0.0,0.5695880345466278,1.0,0.55,-0.061165758458693945,692,nested_validation
2025-04-08,-0.04981817733023208,-0.22747436598550075,-0.1702358960526188,-0.2149393034260222,0.030743650253282146,20.057878837435737,0.1225495293377701,1.570231348089564,0.1532885256174954,1.0,0.563044590942397,1.0,0.55,-0.061165758458693945,692,nested_validation
2025-04-09,0.1532885256174954,-0.11184061645405319,-0.0324824675898685,-0.08885822944117439,0.04726002104839488,41.8665527503361,0.14443047693824215,2.579883450710919,-0.04239378450258846,0.0,0.36332135728156884,-1.0,0.55,-0.061165758458693945,692,nested_validation
2025-04-10,-0.04239378450258846,-0.06284750823043073,-0.05817994824659978,-0.12119251678949405,0.04757860465021172,38.279520542425246,0.06186324384293603,1.0503508086805673,0.040594423581418404,1.0,0.5304736919008181,0.0,0.55,-0.061165758458693945,692,nested_validation
2025-04-11,0.040594423581418404,0.051863224030584965,-0.010279340385023428,-0.0793298937928032,0.04833908257956962,43.09412904767967,0.06802925128819896,0.25446770699766846,0.022053996592583225,1.0,0.33698333029720967,-1.0,0.55,-0.061165758458693945,692,nested_validation
2025-04-14,0.022053996592583225,0.11605855384830233,0.021553883974872123,-0.053821736432631995,0.04862941179671472,45.67416183388655,0.058167087353250393,0.5066650031357857,-0.0018762983720390647,0.0,0.4722380665645013,0.0,0.55,-0.061165758458693945,692,nested_validation
2025-04-15,-0.0018762983720390647,0.17236982272578216,0.030579911011041183,-0.05060107150701065,0.04861848907079752,45.48106644076755,0.01835357408865275,-0.624589879839319,-0.038933377366922595,0.0,0.4786560256071478,0.0,0.55,-0.061165758458693945,692,nested_validation
2025-04-16,-0.038933377366922595,-0.023032414719695415,0.005642462969090989,-0.0816017175741175,0.049181252148924805,41.561963985229134,0.042878476593699984,-0.4432495011256173,0.013949571259215032,1.0,0.500254733971124,0.0,0.55,-0.061165758458693945,692,nested_validation
2025-04-17,0.013949571259215032,0.034450119681572966,0.022959163636328217,-0.06312872228220112,0.04933328950548883,43.37150308110978,0.022388078778360923,-0.6192190282947625,-0.01939277790713312,0.0,0.5059721182729786,0.0,0.55,-0.061165758458693945,692,nested_validation
2025-04-21,-0.01939277790713312,-0.025182880796773,0.0006372026172574152,-0.07456142341818417,0.049175916661279656,41.42431502016683,0.020656478657681453,-0.6817494203108434,0.03406507370041223,1.0,0.4739863724191598,0.0,0.55,-0.061165758458693945,692,nested_validation
2025-04-22,0.03406507370041223,-0.013726926782780646,0.025017384116490682,-0.03877796350631957,0.049798119888257185,45.92758774460648,0.028136552331174673,-0.5553027224380714,0.024331559837067696,1.0,0.4081641754768256,-1.0,0.55,-0.061165758458693945,692,nested_validation
2025-04-23,0.024331559837067696,0.01216976800182179,0.032900342226031,-0.012818232280462416,0.05003833066697778,49.04362451677303,0.025415429096376868,-0.5866672912478001,0.01842618826092579,1.0,0.47042270777922285,0.0,0.55,-0.061165758458693945,692,nested_validation
2025-04-24,0.01842618826092579,0.07257933469259026,0.04690128567991403,0.006765889875798736,0.050230279875972624,51.38405811171452,0.028267022736818883,-0.7396611496904756,0.0043672089188706575,1.0,0.4642984901731758,0.0,0.55,-0.061165758458693945,692,nested_validation
2025-04-25,0.0043672089188706575,0.062442889927367906,0.04160338420633014,0.011227790298329321,0.0501731127615995,51.95765227380778,0.016962935170415295,-0.9531662287118297,0.004109347264288132,1.0,0.48694357779032554,0.0,0.55,-0.061165758458693945,692,nested_validation
2025-04-28,0.004109347264288132,0.08790636319576572,0.03967938411636163,0.015931439661786673,0.04987036879293855,52.52770150160687,0.01922524649218131,-0.9387225311485098,0.00509184705173249,1.0,0.49561227044832645,0.0,0.55,-0.061165758458693945,692,nested_validation
2025-04-29,0.00509184705173249,0.057424570090989,0.04049971713119471,0.02156371673996027,0.04968034575124042,53.2706287325474,0.018323044614166405,-0.9307745772794361,0.006107658696214546,1.0,0.4980844091032173,0.0,0.55,-0.061165758458693945,692,nested_validation
2025-04-30,0.006107658696214546,0.03861191061155966,0.041539008958840995,0.027834560922949114,0.04968938036406887,54.2012006741929,0.03251766429227944,-0.6056935532253459,0.003858818787250806,1.0,0.5068223892973922,0.0,0.55,-0.061165758458693945,692,nested_validation
2025-05-01,0.003858818787250806,0.0237558085041758,0.035885964900715495,0.032120291569867065,0.04969281752759323,54.817146384004474,0.026532924562987135,-0.5230652746698685,-0.03736166699984034,0.0,0.5002844559926662,0.0,0.55,-0.061165758458693945,692,nested_validation
2025-05-02,-0.03736166699984034,-0.018778613891110796,-0.006853100889404273,-0.0050373615899859114,0.04594403815726563,48.05265820422536,0.023520826333065344,0.5064385066664694,-0.03145853122308051,0.0,0.49696550666661476,0.0,0.55,-0.061165758458693945,692,nested_validation
2025-05-05,-0.03145853122308051,-0.053535747788344246,-0.04075433511155324,-0.03331168908080895,0.043405385018178096,43.37996033857028,0.029614356718405184,-0.18549131118829773,-0.0019106974531590826,0.0,0.4930309264970298,0.0,0.55,-0.061165758458693945,692,nested_validation
2025-05-06,-0.0019106974531590826,-0.060129829779798305,-0.04201884461057814,-0.03167280750078627,0.042439648017114785,43.114360006587965,0.018286180668341204,-0.5445604488969421,-0.01138467211470473,0.0,0.5029859866370436,0.0,0.55,-0.061165758458693945,692,nested_validation
2025-05-07,-0.01138467211470473,-0.07647054619787197,-0.049093382813993114,-0.03839710876775804,0.040733744660491476,41.4875388138255,0.03154141371417192,-0.0010874878706180243,0.006318509038841347,1.0,0.5085475125399829,0.0,0.55,-0.061165758458693945,692,nested_validation
2025-05-08,0.006318509038841347,-0.07420768178699988,-0.03801370004263771,-0.02850670342434536,0.02322303962395771,42.76367126864284,0.027191301972810424,-0.5016755697535196,0.005265995369670984,1.0,0.524347001325731,0.0,0.55,-0.061165758458693945,692,nested_validation
2025-05-09,0.005265995369670984,-0.03321163892002177,-0.02785736475575329,-0.019319227082201018,0.021106832997211153,43.86936125889973,0.015111066430494723,-1.1300100768499204,0.06314618136852768,1.0,0.4878474340907823,0.0,0.55,-0.061165758458693945,692,nested_validation
2025-05-12,0.06314618136852768,0.06122183448859042,0.03306109791969236,0.04378147959975354,0.023579474926475007,55.12351278714393,0.021443163415852052,0.4199418439724374,0.010152368376012966,1.0,0.466963999677705,0.0,0.55,-0.061165758458693945,692,nested_validation
2025-05-13,0.010152368376012966,0.0740479301256487,0.042528978562534014,0.05593110164995241,0.02325004765218878,56.72082456455985,0.020664040049933358,-0.14430641622681809,-0.0028178835131404956,0.0,0.5370207808323818,0.0,0.55,-0.061165758458693945,692,nested_validation
2025-05-14,-0.0028178835131404956,0.0833550299710617,0.039536135978258446,0.0547981972954561,0.023260508347022552,56.11771247067576,0.015824426983357127,-0.31909306661331255,-0.0041445795580346,0.0,0.5366707499247393,0.0,0.55,-0.061165758458693945,692,nested_validation
2025-05-15,-0.0041445795580346,0.07209096242321844,0.03603451726273721,0.052543591963684966,0.021292375817963245,55.190799842979075,0.01617410015177964,-0.567901843193868,-0.0008984391385911117,0.0,0.5282871905824899,0.0,0.55,-0.061165758458693945,692,nested_validation
2025-05-16,-0.0008984391385911117,0.06551674768284288,0.03197941816178562,0.05014541780232262,0.021209902498333127,54.979679443154204,0.013253825260642107,0.10483110865705801,-0.011739086232723905,0.0,0.5320666307346836,0.0,0.55,-0.061165758458693945,692,nested_validation
2025-05-19,-0.011739086232723905,-0.009535496479040728,0.014832990659549683,0.034279329680843906,0.020854168560618513,52.17388016656122,0.025002400858433013,-0.4962168552351785,-0.009196290225973569,0.0,0.5087007902776219,0.0,0.55,-0.061165758458693945,692,nested_validation
2025-05-20,-0.009196290225973569,-0.028507049816902774,0.0013096837938744166,0.02044767032413386,0.019861814574293056,50.04453657104604,0.016629616316621514,-0.7056325414366823,-0.02305911477177236,0.0,0.47871596727055843,0.0,0.55,-0.061165758458693945,692,nested_validation
2025-05-21,-0.02305911477177236,-0.04822683133491179,-0.02465812220414698,-0.007959721297266409,0.019884731289467484,45.11796923807134,0.031322612138019845,0.4275651871595905,-0.003612234385890978,0.0,0.5002679339257772,0.0,0.55,-0.061165758458693945,692,nested_validation
2025-05-22,-0.003612234385890978,-0.047718050802201595,-0.030113866323010274,-0.011991089632700902,0.019418526671538015,44.39763534275672,0.015147015507115827,-0.42909515073791743,-0.03024432937368582,0.0,0.4921405859276633,0.0,0.55,-0.061165758458693945,692,nested_validation
2025-05-23,-0.03024432937368582,-0.0756887423202155,-0.05808635444311805,-0.04267120042699546,0.020342550386232554,38.828183121274904,0.02171347437704233,1.550867305347983,0.025298341226390297,1.0,0.5329026521774914,0.0,0.55,-0.061165758458693945,692,nested_validation
2025-05-27,0.025298341226390297,-0.04104798027139955,-0.02930363848094708,-0.018824288614704088,0.02122756981606024,44.8696010021202,0.01653270419251972,0.028952560685699888,0.0010488851004830657,1.0,0.4816850143886411,0.0,0.55,-0.061165758458693945,692,nested_validation
2025-05-28,0.0010488851004830657,-0.031132159938005888,-0.022355745323416998,-0.01750067032849234,0.021177030357030845,45.117737308550254,0.014120356535823822,-0.7706240911201987,-0.0023450596251282096,0.0,0.49313834510221605,0.0,0.55,-0.061165758458693945,692,nested_validation
2025-05-29,-0.0023450596251282096,-0.010589277382562656,-0.018722512201629238,-0.019496221095300137,0.021088551406531184,44.6335354969176,0.026506642323829144,-0.34089069411423384,0.004501176550088193,1.0,0.5002848640603598,0.0,0.55,-0.061165758458693945,692,nested_validation
2025-05-30,0.004501176550088193,-0.00253267928482126,-0.00915116187062237,-0.016181865582782562,0.021099085069840585,45.83236162360775,0.02579042956015945,0.9538563873441078,0.004231977181112123,1.0,0.4969203660816072,0.0,0.55,-0.061165758458693945,692,nested_validation
2025-06-02,0.004231977181112123,0.03292881907915257,-0.00024284760203574507,-0.012820733234503612,0.01957726003899716,46.99955108630782,0.009965343559924745,-1.6128744939106505,0.0077838415394115845,1.0,0.4595374407140605,0.0,0.55,-0.061165758458693945,692,nested_validation
2025-06-03,0.0077838415394115845,0.015283972939253987,0.01029834252864803,-0.006815810904041486,0.018316317311851838,49.17788084833795,0.013823965659130067,-0.5661040698713268,-0.0022138294743112574,0.0,0.49273540761327544,0.0,0.55,-0.061165758458693945,692,nested_validation
2025-06-04,-0.0022138294743112574,0.011974862000349695,0.010089945197983674,-0.009553586668219372,0.01831910941164647,48.56179524019037,0.020412184400675888,-0.7753626406620526,-0.010797698521272103,0.0,0.4930931806674648,0.0,0.55,-0.061165758458693945,692,nested_validation
2025-06-05,-0.010797698521272103,0.0034008974618189303,-8.966455378789373e-05,-0.019657359562894605,0.018299216079873722,45.569821505282924,0.02292780736461848,0.3542540934281474,0.016398234280647683,1.0,0.4928013880573134,0.0,0.55,-0.061165758458693945,692,nested_validation
2025-06-06,0.016398234280647683,0.01528492376529944,0.015012081398385613,-0.002903088108911933,0.01856641220457293,50.503524578538986,0.017899146377298454,-0.4469796760493391,-0.012112498170725905,0.0,0.5134522174105849,0.0,0.55,-0.061165758458693945,692,nested_validation
2025-06-09,-0.012112498170725905,-0.001239444895171804,-0.00035725475038361765,-0.01376585197408342,0.018790948891862468,47.05506713836136,0.029684764547678297,1.8248733783577462,0.006055942410600368,1.0,0.4898414609389359,0.0,0.55,-0.061165758458693945,692,nested_validation
2025-06-10,0.006055942410600368,-0.0029518731182920366,0.004470368223030263,-0.006626939705105195,0.012367104193654159,48.910622762139525,0.018651003174854994,0.19351597082842925,-0.01919363976267008,0.0,0.4953083735701745,0.0,0.55,-0.061165758458693945,692,nested_validation
2025-06-11,-0.01919363976267008,-0.01991912376067717,-0.014007647594953432,-0.023754919842539746,0.012590684113955258,43.65670849700422,0.030636866763704487,0.7376140934273939,0.002112861287836054,1.0,0.4882366982599668,0.0,0.55,-0.061165758458693945,692,nested_validation
2025-06-12,0.002112861287836054,-0.007127612103723147,-0.011556663678802148,-0.019602304187559927,0.012646893640063255,44.35175342267223,0.011646546691627084,-0.8185169909911649,-0.01380531000674079,0.0,0.49442635807186747,0.0,0.55,-0.061165758458693945,692,nested_validation
2025-06-13,-0.01380531000674079,-0.036632056452521544,-0.023069474312686467,-0.03049821612728787,0.012860021626387386,40.8025231330714,0.02377194319924447,-0.15680049096703697,0.010028172897747156,1.0,0.4838865590570883,0.0,0.55,-0.061165758458693945,692,nested_validation
2025-06-16,0.010028172897747156,-0.01504092110917521,-0.011660552308617622,-0.019701705453644025,0.013190581323771733,44.244695172206335,0.01073482966670977,-0.8695388350840882,-0.014010748695016284,0.0,0.4855221425979142,0.0,0.55,-0.061165758458693945,692,nested_validation
2025-06-17,-0.014010748695016284,-0.03468681628714765,-0.021790201740735093,-0.03296031949577616,0.013274487492945077,40.65239047717595,0.01625430732826659,-1.1816069505130606,0.004804632818980137,1.0,0.4906188429884899,0.0,0.55,-0.061165758458693945,692,nested_validation
2025-06-18,0.004804632818980137,-0.011067629209490448,-0.014013945675895423,-0.028046605015612625,0.013306655271640499,42.35657821369029,0.012717468596569383,-0.6205539982790297,0.02248460469392599,1.0,0.4851815339652123,0.0,0.55,-0.061165758458693945,692,nested_validation
2025-06-20,0.02248460469392599,0.009036170753549788,0.007968505207549104,-0.007012039222705213,0.013481881822433983,49.67458687436211,0.024079583770600026,2.8869503583448437,0.0024875227541492073,1.0,0.48787892681835804,0.0,0.55,-0.061165758458693945,692,nested_validation
2025-06-23,0.0024875227541492073,0.025706365540229204,0.011703623737058022,-0.005241208593545488,0.013469761906411163,50.44104524329072,0.016575664207894237,0.07874171378132337,-0.005955377660487704,0.0,0.49491608662768033,0.0,0.55,-0.061165758458693945,692,nested_validation
2025-06-24,-0.005955377660487704,0.009474709838507067,0.0062595708737609446,-0.011495586435594118,0.011648680430926492,48.530649971710545,0.01617576357363734,0.045746204512684525,0.0062906362674568506,1.0,0.5003739437274675,0.0,0.55,-0.061165758458693945,692,nested_validation
2025-06-25,0.0062906362674568506,0.030259657207039048,0.013154545182302746,-0.0037646115339877717,0.01035924953486373,50.64438971812684,0.015131985953071634,-0.9393907315673676,-0.0027783184602787614,0.0,0.5061477010068439,0.0,0.55,-0.061165758458693945,692,nested_validation
2025-06-26,-0.0027783184602787614,0.02248460469392599,0.009213500462068147,-0.004575947852938134,0.010380632410504347,49.66810611500072,0.01582085908348876,-0.15019623153773431,0.0003979975434207361,1.0,0.4951140217996733,0.0,0.55,-0.061165758458693945,692,nested_validation
2025-06-27,0.0003979975434207361,0.0003979975434207361,0.008663045213041398,-0.0023269601970070664,0.010364229975690713,49.816931368226975,0.01601353287935879,1.3246495769402988,0.020340157852722696,1.0,0.49844125789516625,0.0,0.55,-0.061165758458693945,692,nested_validation
2025-06-30,0.020340157852722696,0.018213421674007302,0.024697220999328806,0.01902424390083679,0.011221931170170915,56.84305067793519,0.03962570042096482,2.2566343014878107,0.012916107943551358,1.0,0.5179422506721809,0.0,0.55,-0.061165758458693945,692,nested_validation
2025-07-01,0.012916107943551358,0.03754374095458135,0.033082299193624154,0.03277425510097909,0.011498257052435132,60.68396829663932,0.01948803247533047,1.3106348237120147,0.02223085827207716,1.0,0.5206996581845084,0.0,0.55,-0.061165758458693945,692,nested_validation
2025-07-02,0.02223085827207716,0.053979030098944,0.04730220777852945,0.05509402110263517,0.012292808003276475,66.31295137504779,0.02447748488270893,0.5883770399019748,0.0052249677554365714,1.0,0.46751965057440287,0.0,0.55,-0.061165758458693945,692,nested_validation
2025-07-03,0.0052249677554365714,0.06243782717425406,0.04403988314737428,0.059433485885044934,0.01226359323146897,67.5162875665519,0.013298975871249627,-1.3513593572508575,-0.016857998591239265,0.0,0.49000411504516656,0.0,0.55,-0.061165758458693945,692,nested_validation
2025-07-07,-0.016857998591239265,0.0441116978896543,0.02196771934839803,0.04022148260224667,0.012660710114595313,60.02699238493635,0.03538934405230264,-0.4329018054359949,0.0002858099344236198,1.0,0.5126775332574618,0.0,0.55,-0.061165758458693945,692,nested_validation
2025-07-08,0.0002858099344236198,0.02359013055360948,0.018042683113661084,0.0390344444000017,0.012247232024482078,60.10642659369134,0.014189780512765449,-0.8488866013887888,0.005380692982602575,1.0,0.5225792970638657,0.0,0.55,-0.061165758458693945,692,nested_validation
2025-07-09,0.005380692982602575,0.015975308039519298,0.01817018859104569,0.041898260013927935,0.011858957389771187,61.65187518545587,0.01946576026443393,-0.4416912718473638,0.006014978895116263,1.0,0.5192072136700837,0.0,0.55,-0.061165758458693945,692,nested_validation
2025-07-10,0.006014978895116263,-0.00014133812883043717,0.018963105986965267,0.046066064502966464,0.011858333107339797,63.36941418737603,0.016242158508364204,-0.6592268465607184,-0.005884752465364573,0.0,0.5236029551414046,0.0,0.55,-0.061165758458693945,692,nested_validation
2025-07-11,-0.005884752465364573,-0.011191750076453122,0.00805359842119402,0.03808002509404629,0.01096669115775896,60.497426344464635,0.01075016211921145,-0.8565220133646502,-0.012028889648712626,0.0,0.5052090256442483,0.0,0.55,-0.061165758458693945,692,nested_validation
2025-07-14,-0.012028889648712626,-0.006334809008624043,-0.007644155105590689,0.024138035386810808,0.011451772898417985,55.03871705022723,0.016153822523500377,-0.8855620568637329,0.00234878684197648,1.0,0.5013575582693742,0.0,0.55,-0.061165758458693945,692,nested_validation
2025-07-15,0.00234878684197648,-0.004285486382534898,-0.007174038345317824,0.025157875202497904,0.01083491199331884,55.866036046169135,0.014203056821932349,-0.6553385145222438,0.005021289252517214,1.0,0.5019209390496172,0.0,0.55,-0.061165758458693945,692,nested_validation
2025-07-16,0.005021289252517214,-0.004641434644513942,-0.003296108513196505,0.028883060620998657,0.01073127623212314,57.66375510482934,0.01789110411741896,-0.3772709389018628,-0.0006661019354642361,0.0,0.5038953918409064,0.0,0.55,-0.061165758458693945,692,nested_validation
2025-07-17,-0.0006661019354642361,-0.011251744798995156,-0.0028155339558660897,0.0270663695238873,0.010050109590158984,57.32847738470279,0.010522839105365032,-0.3767774924419129,0.005523111265391956,1.0,0.4954939795452839,0.0,0.55,-0.061165758458693945,692,nested_validation
2025-07-18,0.005523111265391956,9.453058238451106e-05,0.0038216316728967303,0.03133350518066225,0.010055623607793485,59.433273979305156,0.009896753529579517,-0.3362982593060481,0.0061559489661451305,1.0,0.5051659366064929,0.0,0.55,-0.061165758458693945,692,nested_validation
2025-07-21,0.0061559489661451305,0.018502515843994205,0.008787928480999296,0.03568445920761998,0.009110850381901304,61.71264645695537,0.019531221667595952,-0.07874384814462503,0.00903615217897702,1.0,0.5063511240396654,0.0,0.55,-0.061165758458693945,692,nested_validation
2025-07-22,0.00903615217897702,0.025297653933163744,0.01578635507261139,0.043266645947199756,0.009210066814002483,64.85362113766517,0.01268657321891707,-0.3924959747038647,-0.0011660263965397322,0.0,0.5268666775087489,0.0,0.55,-0.061165758458693945,692,nested_validation
2025-07-23,-0.0011660263965397322,0.018985508820456465,0.013157076608587337,0.03990803233000628,0.009030730285965027,64.11606983222269,0.012794724783879292,-0.3262825762487482,-0.0018211504107996657,0.0,0.5159215053993628,0.0,0.55,-0.061165758458693945,692,nested_validation
2025-07-24,-0.0018211504107996657,0.01780774665244489,0.010666459052101285,0.03615420751139453,0.009073373951564169,62.91402436485819,0.010104807810706926,-0.42219363635273977,0.0005614314509685414,1.0,0.4912693263503428,0.0,0.55,-0.061165758458693945,692,nested_validation
2025-07-25,0.0005614314509685414,0.012785449208506439,0.009935078344727177,0.03421266877775064,0.008996197128035224,63.14301502858556,0.008603008952089266,-0.7785638886154845,0.0007948313685424147,1.0,0.49307726096340315,0.0,0.55,-0.061165758458693945,692,nested_validation
2025-07-28,0.0007948313685424147,0.007389007533707526,0.008152867026982813,0.032563188205385396,0.00899053989647716,63.486939443290744,0.008362571919651049,-0.8602419085414383,-0.012987608774891357,0.0,0.4978423205781244,0.0,0.55,-0.061165758458693945,692,nested_validation
2025-07-29,-0.012987608774891357,-0.014598801963074282,-0.00595191441204912,0.0167297669699098,0.008738841927029197,54.526403416996565,0.01888573935573631,0.37854332550384706,-0.010507952278425825,0.0,0.4735325561338429,0.0,0.55,-0.061165758458693945,692,nested_validation
2025-07-30,-0.010507952278425825,-0.023815093358101835,-0.015883349170167205,0.004333417057859945,0.008700486587915876,48.62439297100431,0.022339144227561256,-0.07521893165068841,-0.007079645758298336,0.0,0.47122079608497963,0.0,0.55,-0.061165758458693945,692,nested_validation
2025-07-31,-0.007079645758298336,-0.02895772264942309,-0.021722237203722683,-0.004678466711467544,0.007233396239033057,45.11820375193583,0.012911271287836566,3.766995574602927,-0.025003481664671923,0.0,0.41274085685062356,-1.0,0.55,-0.061165758458693945,692,nested_validation
2025-08-01,-0.025003481664671923,-0.05376840460433474,-0.04221023004361302,-0.030463789213077463,0.00874686346645705,35.461545305177864,0.059689700264853596,3.5833982500981207,0.004792908693340703,1.0,0.4000922853024394,-1.0,0.55,-0.061165758458693945,692,nested_validation
2025-08-04,0.004792908693340703,-0.049988302062851986,-0.03344325364131029,-0.026182334469364354,0.008246167049403931,38.12694913401682,0.03048936326992342,1.4738327020673592,-0.002114571362169193,0.0,0.46282520986787273,0.0,0.55,-0.061165758458693945,692,nested_validation
2025-08-05,-0.002114571362169193,-0.03952286837019792,-0.030195243879976408,-0.028461764744288187,0.008235868935227177,37.389755601348334,0.015671164520382377,-0.4535547252621794,0.05090670281539755,1.0,0.45581380531677346,0.0,0.55,-0.061165758458693945,692,nested_validation
2025-08-06,0.05090670281539755,0.020090922261444488,0.019612884495538108,0.018890272304105782,0.01408652652642892,58.26616302519399,0.045908598100454175,2.664218446914959,0.03179372151243265,1.0,0.4826596446738884,0.0,0.55,-0.061165758458693945,692,nested_validation
2025-08-07,0.03179372151243265,0.06002803192105266,0.048885734364703115,0.04820119382599519,0.01561949403435499,66.22605833747355,0.019406464101033884,1.553017654731797,0.0423579323014438,1.0,0.4748756267820692,0.0,0.55,-0.061165758458693945,692,nested_validation
2025-08-08,0.0423579323014438,0.13326417762117804,0.08531065781749958,0.08770410559530739,0.017805638542602083,73.66249151198394,0.05123174051583297,2.1802244569600755,-0.008337425054048442,0.0,0.5399379164715831,0.0,0.55,-0.061165758458693945,692,nested_validation
2025-08-11,-0.008337425054048442,0.1184550196868559,0.0694864692966477,0.07415966893519665,0.017653946164049878,70.24507764153763,0.02112863459155093,0.009755257089682227,0.010872350977508605,1.0,0.502484461038454,0.0,0.55,-0.061165758458693945,692,nested_validation
2025-08-12,0.010872350977508605,0.13301108801318073,0.0717202220557629,0.08162549572606137,0.01770016423872688,72.05083791147135,0.016242089382420794,-0.2797151564914056,0.01602444528652036,1.0,0.5352179434301202,0.0,0.55,-0.061165758458693945,692,nested_validation
2025-08-13,0.01602444528652036,0.09540357780388353,0.07657631671416443,0.09453388150716302,0.017865407468931824,74.53086284233439,0.01958602532188605,0.27814132673812286,-0.0023571690519696986,0.0,0.5374520988159553,0.0,0.55,-0.061165758458693945,692,nested_validation
2025-08-14,-0.0023571690519696986,0.05914729233763727,0.061575346790890606,0.0884511328568196,0.01789815745722951,73.4814138745224,0.01834345320072078,-0.4986079344983903,-0.005112200001143874,0.0,0.5343609990643723,0.0,0.55,-0.061165758458693945,692,nested_validation
2025-08-15,-0.005112200001143874,0.01091255402256941,0.042156772971955414,0.0798098456524472,0.018043178381840722,71.14709998952951,0.021330811000138096,-0.3395486960942065,-0.0030225976605758875,0.0,0.5256413258512246,0.0,0.55,-0.061165758458693945,692,nested_validation
2025-08-18,-0.0030225976605758875,0.01633055190841004,0.02618280656830474,0.07301421015182474,0.01812044507765834,69.74358418937258,0.013036487135834267,-1.0843970976223036,-0.0014291945916863336,0.0,0.5345428519501345,0.0,0.55,-0.061165758458693945,692,nested_validation
2025-08-19,-0.0014291945916863336,0.003962584196585128,0.012178600685086582,0.06804127367127388,0.01812958009050649,69.05204362514378,0.015267128083557947,-0.9763197035990444,-0.019734587754066668,0.0,0.5303293036366615,0.0,0.55,-0.061165758458693945,692,nested_validation
2025-08-20,-0.019734587754066668,-0.031371931017440846,-0.013427560298559071,0.04452695992476019,0.01882521329395292,60.1899270764737,0.02079552702303189,-0.8411725176258584,-0.004911305040181113,0.0,0.5027111760900285,0.0,0.55,-0.061165758458693945,692,nested_validation
2025-08-21,-0.004911305040181113,-0.03385178426093982,-0.020461901482218825,0.037362475093448255,0.01887618510929167,58.226657248798375,0.012183217285569063,-1.2516617301757358,0.01271681885277487,1.0,0.5082084915117494,0.0,0.55,-0.061165758458693945,692,nested_validation
2025-08-22,0.01271681885277487,-0.016537796940850447,-0.007430310422921749,0.04784148049646886,0.018990460085283288,61.69366512115825,0.016157326855181325,-0.7837621891485458,-0.0026343069945183872,0.0,0.5071035834593248,0.0,0.55,-0.061165758458693945,692,nested_validation
2025-08-25,-0.0026343069945183872,-0.01615477001067922,-0.010036415396299847,0.04208051004549396,0.019028496496868014,60.55816056895686,0.013514735317513033,-1.213963578431165,0.00946463359101557,1.0,0.5029331597306249,0.0,0.55,-0.061165758458693945,692,nested_validation
2025-08-26,0.00946463359101557,-0.005421589313000075,-0.0005186801417857989,0.04866621515953007,0.018699134485167704,63.17382175645062,0.02093237583560367,-0.28599564419616413,0.005145918125483151,1.0,0.5002584300277498,0.0,0.55,-0.061165758458693945,692,nested_validation
2025-08-27,0.005145918125483151,0.01982220046641836,0.005869689342641982,0.05076800737104037,0.01838650067764105,64.5628712234917,0.011453856248559697,-1.1541005397761634,0.008980879291928812,1.0,0.508718647814615,0.0,0.55,-0.061165758458693945,692,nested_validation
2025-08-28,0.008980879291928812,0.03405968308140217,0.015000731227928554,0.05654770363548933,0.018185906914941617,66.92006604851849,0.017500891670732405,-0.8061028569977173,-0.0018060204541949787,0.0,0.5222686101947308,0.0,0.55,-0.061165758458693945,692,nested_validation
2025-08-29,-0.0018060204541949787,0.01923077698283504,0.012924464943261382,0.05126459463643385,0.016868712153027984,65.96133277682162,0.008658610196044707,-0.6785454703803897,-0.01042469754672981,0.0,0.518307470180493,0.0,0.55,-0.061165758458693945,692,nested_validation
2025-09-02,-0.01042469754672981,0.011269598980408357,0.0028770106553226427,0.03756755856098559,0.01729258395975497,60.576342600399855,0.01689014827700959,-0.4249162847242551,0.038089829254487784,1.0,0.5042737888856217,0.0,0.55,-0.061165758458693945,692,nested_validation
2025-09-03,0.038089829254487784,0.0399459777024227,0.03749371708156346,0.07316006687765575,0.01849069046713993,70.08573756733993,0.01882838709347157,0.4720466716052955,0.005493355773038333,1.0,0.5065160550131595,0.0,0.55,-0.061165758458693945,692,nested_validation
2025-09-04,0.005493355773038333,0.04030544430081595,0.036980675621499426,0.07488360788489068,0.015700622766561086,71.2055693512026,0.013178698888178918,-0.22864614455563503,-0.000375433370914946,0.0,0.5319698256337503,0.0,0.55,-0.061165758458693945,692,nested_validation
2025-09-05,-0.000375433370914946,0.030658657923092303,0.03000319390255246,0.07029431753131776,0.01459031095667062,71.00885048739019,0.011806924787138236,0.2414711904909113,-0.0075513878695669945,0.0,0.5517226967021854,1.0,0.55,-0.061165758458693945,692,nested_validation
2025-09-08,-0.0075513878695669945,0.024726431531287396,0.01779904021529477,0.05839305842457154,0.011916426818113892,67.00084912983897,0.016016468304978625,0.16105551613174765,-0.014839387013392824,0.0,0.5379672027731843,0.0,0.55,-0.061165758458693945,692,nested_validation
2025-09-09,-0.014839387013392824,0.020154925985143235,-0.0003796329763761097,0.03952008809228191,0.01227603956002027,59.89979812498447,0.023127791883014486,1.6316318755309902,-0.03225947784379701,0.0,0.5110131506747662,0.0,0.55,-0.061165758458693945,692,nested_validation
2025-09-10,-0.03225947784379701,-0.04897896797420431,-0.03158590829196384,0.003647038603200592,0.01411388942749419,48.13386976596728,0.028528600962301257,2.488165956758065,0.014286370691166894,1.0,0.4997083500748266,0.0,0.55,-0.061165758458693945,692,nested_validation
2025-09-11,0.014286370691166894,-0.040662312201150574,-0.017557807024879524,0.01480933957019781,0.014016725246641668,52.44512811186189,0.016519597756481076,0.18283764586002088,0.017563026031820916,1.0,0.4792265256749501,0.0,0.55,-0.061165758458693945,692,nested_validation
2025-09-12,0.017563026031820916,-0.023446808760567706,-0.000947454059528896,0.02858851004898777,0.014554890210430603,57.22021722079579,0.023454479696626066,0.59364484049457,0.011235794928029508,1.0,0.4990654022489552,0.0,0.55,-0.061165758458693945,692,nested_validation
2025-09-15,0.011235794928029508,-0.0049605283716942505,0.008315229556382864,0.034908107378338826,0.014681879953846037,60.033618947571775,0.013350248005285495,-0.3557053776950558,0.006125955224930424,1.0,0.5047485746286825,0.0,0.55,-0.061165758458693945,692,nested_validation
2025-09-16,0.006125955224930424,0.016215047253568038,0.010862038059864743,0.03595893541591222,0.014685728871839474,61.53558274032173,0.02057524258688081,1.1101344787520548,0.003527257082143187,1.0,0.5007444430331701,0.0,0.55,-0.061165758458693945,692,nested_validation
2025-09-17,0.003527257082143187,0.05379435461044779,0.014203748998127042,0.03416963739862888,0.014673375869458818,62.41675188588112,0.009916776105703465,-0.18951986404563886,-0.004644626316983702,0.0,0.506986176783845,0.0,0.55,-0.061165758458693945,692,nested_validation
2025-09-18,-0.004644626316983702,0.0341259667164624,0.010307773007574905,0.02568661241217529,0.01390936716113634,60.44616144319243,0.019127303507494406,-0.3700123658001073,0.03203299068174581,1.0,0.5136316173468675,0.0,0.55,-0.061165758458693945,692,nested_validation
2025-09-19,0.03203299068174581,0.04883145993815563,0.04010440084959788,0.05464387691259942,0.015176751708541752,67.93110822911787,0.02480650239466643,3.8976278348616726,0.04309567263758818,1.0,0.48834527073151623,0.0,0.55,-0.061165758458693945,692,nested_validation
2025-09-22,0.04309567263758818,0.0818758223105791,0.07662679784042048,0.0958591069756991,0.017294875886279933,75.0038479767122,0.033270930873177215,1.5778093002049074,-0.006443278871197444,0.0,0.44790233371681987,-1.0,0.55,-0.061165758458693945,692,nested_validation
2025-09-23,-0.006443278871197444,0.06836026752050062,0.06073490684920024,0.08458231678715711,0.017409776021850513,72.32484420743131,0.014778110344982977,-0.0033740646446982583,-0.008332328960039437,0.0,0.5125079592787749,0.0,0.55,-0.061165758458693945,692,nested_validation
2025-09-24,-0.008332328960039437,0.05573449136216424,0.040822728644424044,0.07209326106166025,0.01765460807443733,68.91869511426933,0.018627926964883024,-0.6001673163740187,0.018072939472633998,1.0,0.5209180882061463,0.0,0.55,-0.061165758458693945,692,nested_validation
2025-09-25,0.018072939472633998,0.07983012433709269,0.04802970983930033,0.08784212709550965,0.017885259609498192,71.9758777934519,0.021255914733740156,-0.202816846908081,-0.0054890943685314,0.0,0.49531085737867336,0.0,0.55,-0.061165758458693945,692,nested_validation
2025-09-26,-0.0054890943685314,0.040570257519790154,0.03325960259174643,0.07841813864094971,0.018025633392439788,69.6931825978255,0.014953445642461911,-0.5437692162466446,-0.004031963397017835,0.0,0.5138137949034739,0.0,0.55,-0.061165758458693945,692,nested_validation
2025-09-29,-0.004031963397017835,-0.006443278871197444,0.02176618538452435,0.0706290467196884,0.01807330583587688,67.9966637985919,0.00782142652379772,-0.7574615580894807,0.0007861175643599783,1.0,0.5629585738180523,1.0,0.55,-0.061165758458693945,692,nested_validation
2025-09-30,0.0007861175643599783,0.0007861175643599783,0.015846327413545858,0.06791464291586191,0.01776498949605224,68.15875499316479,0.011035610512150693,-0.8256779334640932,0.0032203038937570483,1.0,0.5388981534274965,0.0,0.55,-0.061165758458693945,692,nested_validation
2025-10-01,0.0032203038937570483,0.012444977602897422,0.012469072401166459,0.06763868668755024,0.016095727340523835,68.85519717556357,0.015110651459207976,-0.4040220614439802,0.006576637201686886,1.0,0.521425017884938,0.0,0.55,-0.061165758458693945,692,nested_validation
2025-10-02,0.006576637201686886,0.0010122275081403398,0.011410966983953497,0.07002110799515227,0.01610391688437077,70.28903429554391,0.01567300082747485,-0.6068251532756423,0.0034612549164674267,1.0,0.5251400844204405,0.0,0.55,-0.061165758458693945,692,nested_validation
2025-10-03,0.0034612549164674267,0.010021087063142975,0.009938088046167692,0.06881439041844062,0.01607791746127978,71.04941793497723,0.020502261496695443,-0.36706585810095316,-0.00515452178741016,0.0,0.5285176152377773,0.0,0.55,-0.061165758458693945,692,nested_validation
2025-10-06,-0.00515452178741016,0.008882689439838831,0.004492491255036146,0.05907455388488314,0.01600146346477041,68.23888919674326,0.01566093043837415,-0.514772917734532,-0.0008181828424344006,0.0,0.5172241653279723,0.0,0.55,-0.061165758458693945,692,nested_validation
2025-10-07,-0.0008181828424344006,0.007265409902613262,0.002866115734680097,0.053958090915869006,0.015461397742150189,67.78290479737502,0.0076809152227,-0.8805171885434484,0.006160278938556418,1.0,0.5210995619849956,0.0,0.55,-0.061165758458693945,692,nested_validation
2025-10-08,0.006160278938556418,0.010217239283567547,0.0067804958201598264,0.05629099138510507,0.012938297087196597,69.43747963984617,0.009338927710259123,-0.6512489170509459,-0.015577803989300865,0.0,0.5118184277559907,0.0,0.55,-0.061165758458693945,692,nested_validation
2025-10-09,-0.015577803989300865,-0.012017330435881712,-0.007807471405534949,0.036505840478130214,0.013663590556249631,60.87159144508703,0.01913084844431439,-0.563485895480861,-0.03452204809648318,0.0,0.5012775606388375,0.0,0.55,-0.061165758458693945,692,nested_validation
2025-10-10,-0.03452204809648318,-0.04941473359991477,-0.03823228556863967,-0.0010033261438376906,0.0158264195313932,47.193706679575115,0.05047500577795897,0.23628246708419393,0.009744415443628807,1.0,0.48810762320525014,0.0,0.55,-0.061165758458693945,692,nested_validation
2025-10-13,0.009744415443628807,-0.035178643144650246,-0.026275487124325148,0.006610258487384835,0.015788382054104082,50.46064485161469,0.01667610765461821,-0.5693637539904788,0.0004441188177246591,1.0,0.4696153889394176,0.0,0.55,-0.061165758458693945,692,nested_validation
2025-10-14,0.0004441188177246591,-0.03395975026689546,-0.023208487140710776,0.004600598968656389,0.015769700996287325,50.6120761091006,0.016749441351705512,-0.6079157247066564,0.006336444449330125,1.0,0.4786457860598739,0.0,0.55,-0.061165758458693945,692,nested_validation
2025-10-15,0.006336444449330125,-0.03379060924872512,-0.014645611121995694,0.009483160940866986,0.015794231279743283,52.828578085997606,0.017446082326963572,-0.6342608920158211,-0.0075799744284102966,0.0,0.4701269980985305,0.0,0.55,-0.061165758458693945,692,nested_validation
2025-10-16,-0.0075799744284102966,-0.025940747615498916,-0.018359411436186912,0.0007953857665732311,0.015871030650637375,49.92385043323402,0.015801125284063536,-0.42858775034509206,0.01955948293789933,1.0,0.486140769126405,0.0,0.55,-0.061165758458693945,692,nested_validation
2025-10-17,0.01955948293789933,0.028621467485632657,0.0031211723050168505,0.018640100250292058,0.014897717931188359,56.51743373012091,0.024218164703115677,0.14440473234414933,0.039438767662544505,1.0,0.5068234253003425,0.0,0.55,-0.061165758458693945,692,nested_validation
2025-10-20,0.039438767662544505,0.05887095209608906,0.04038720716724642,0.055354019989231285,0.014399898793052753,66.33199989195731,0.033366383182747136,3.409739525386934,0.002021044160246621,1.0,0.4659674631941176,0.0,0.55,-0.061165758458693945,692,nested_validation
2025-10-21,0.002021044160246621,0.060539971292077555,0.03989488605010161,0.05347065373866511,0.014290288038282056,66.76235038571448,0.01316749293039027,0.09900103765412334,-0.01644018580608131,0.0,0.5065576079406741,0.0,0.55,-0.061165758458693945,692,nested_validation
2025-10-22,-0.01644018580608131,0.03653654089815772,0.022640979977768705,0.03178597980289166,0.014679295982882713,60.027224836525995,0.028709665611431893,-0.04520828088614034,0.004372055505519334,1.0,0.5278914246035681,0.0,0.55,-0.061165758458693945,692,nested_validation
2025-10-23,0.004372055505519334,0.04901988005416813,0.024865443304671997,0.03223791645983565,0.014192674073216846,61.13174469777726,0.010054647841026242,-0.9237456766545977,0.012481843733494147,1.0,0.5023680384742242,0.0,0.55,-0.061165758458693945,692,nested_validation
2025-10-24,0.012481843733494147,0.041737730897085434,0.030517163729259833,0.04115443783351602,0.014345176830740148,64.18748491213485,0.018834229012575917,-0.45665868882132743,0.022791311850895557,1.0,0.5195882533045891,0.0,0.55,-0.061165758458693945,692,nested_validation
2025-10-27,0.022791311850895557,0.02505345532264691,0.04533512738446377,0.060387563509951336,0.015001904083201074,69.03438051457746,0.016628850345228246,0.04561725120912487,0.0007067783895675639,1.0,0.49384221805069295,0.0,0.55,-0.061165758458693945,692,nested_validation
2025-10-28,0.0007067783895675639,0.023708979897406834,0.037508467865495554,0.05684989472872615,0.01500246377570318,69.17687274831275,0.00646847863179593,-0.23470661309899782,0.0026022429598195895,1.0,0.5625449895724667,1.0,0.55,-0.061165758458693945,692,nested_validation
2025-10-29,0.0026022429598195895,0.04352872552486109,0.03210354434821161,0.055355655731073705,0.01500232859872875,69.72956851546505,0.01594370825332431,0.5099268326036599,0.006303249053230431,1.0,0.5122586357369759,0.0,0.55,-0.061165758458693945,692,nested_validation
2025-10-30,0.006303249053230431,0.045535209009280875,0.029176415712837578,0.05738472193855859,0.014999032981425145,71.08555177692604,0.020854840786282972,1.7308141104492811,-0.0037950435186790976,0.0,0.5278981148239861,0.0,0.55,-0.061165758458693945,692,nested_validation
2025-10-31,-0.0037950435186790976,0.028726948376707195,0.018289122919465717,0.04998065535395679,0.015066659098769605,69.06685428020856,0.030180877351322057,2.343561805192365,-0.004882341269010548,0.0,0.5274438223700345,0.0,0.55,-0.061165758458693945,692,nested_validation
2025-11-03,-0.004882341269010548,0.000892694805508798,0.010725149495521835,0.04310296069888464,0.015059902189507873,66.46185782556437,0.017097217291291187,0.1275933648230643,0.0036797500454426313,1.0,0.5039175989732996,0.0,0.55,-0.061165758458693945,692,nested_validation
2025-11-04,0.0036797500454426313,0.003866218795240961,0.011681373890425784,0.04483354778516113,0.015042734031016209,67.45335834433453,0.014331191655786429,0.018853181859645064,0.00037036583712879434,1.0,0.5044771281672623,0.0,0.55,-0.061165758458693945,692,nested_validation
2025-11-05,0.00037036583712879434,0.001631527955774148,0.007643027965143823,0.04282245838334675,0.015028912725484395,67.55770007252067,0.017657582263248598,-0.3595309604704214,-0.0013697782796735503,0.0,0.49914080944850686,0.0,0.55,-0.061165758458693945,692,nested_validation
2025-11-06,-0.0013697782796735503,-0.0060058776659743796,0.0024524981999403117,0.03966824459201579,0.014488276899011698,66.70562248660781,0.02042473022367072,0.07901782598659693,-0.004818894404181151,0.0,0.5055794067986431,0.0,0.55,-0.061165758458693945,692,nested_validation
2025-11-07,-0.004818894404181151,-0.007027456363926321,-0.00446834749446956,0.03293184314538289,0.01183342757308838,63.66747779383316,0.020561029188181375,-0.06954869081586039,0.00454869456011342,1.0,0.4961903714285079,0.0,0.55,-0.061165758458693945,692,nested_validation
2025-11-10,0.00454869456011342,0.0023832495502971174,-0.00026664668782938605,0.03560341458117455,0.011774485473042039,65.26778958988461,0.02327142375271874,-0.5362939447122907,0.02160114657791201,1.0,0.4977313073809672,0.0,0.55,-0.061165758458693945,692,nested_validation
2025-11-11,0.02160114657791201,0.020281496169184177,0.01886740136563625,0.055152700566999835,0.012315076283402697,71.67687348522661,0.022198059470083853,-0.25423719720892873,-0.006466862149501096,0.0,0.5436290248478922,0.0,0.55,-0.061165758458693945,692,nested_validation
2025-11-12,-0.006466862149501096,0.01330818164680636,0.010770267671452949,0.04588783221030801,0.012579502808271983,67.5700982165317,0.014736529642403113,-0.16056986216157856,-0.0019014031834500011,0.0,0.5014017308654616,0.0,0.55,-0.061165758458693945,692,nested_validation
2025-11-13,-0.0019014031834500011,0.012768742870723715,0.00817285575466098,0.04176508137357304,0.0123600327405033,66.37372757589988,0.016889597592851427,-0.11269463573611306,-0.00197850671637112,0.0,0.49951678452065806,0.0,0.55,-0.061165758458693945,692,nested_validation
2025-11-14,-0.00197850671637112,0.015659328163866615,0.005323450662443552,0.0377710638603419,0.011980531666478896,65.08484744609476,0.023347106442725134,-0.2594552240013485,-0.018171161859606544,0.0,0.5058151354922146,0.0,0.55,-0.061165758458693945,692,nested_validation
2025-11-17,-0.018171161859606544,-0.007311817219321615,-0.012459933956249447,0.01748987888250153,0.00983903706947469,54.61585670001123,0.01779697674463717,-0.3478979809575693,-7.464669137968727e-05,0.0,0.48178579331777666,0.0,0.55,-0.061165758458693945,692,nested_validation
2025-11-18,-7.464669137968727e-05,-0.028374150501640272,-0.011680303236366707,0.015969901374587092,0.00983964541714851,54.57772477897057,0.02015399372440656,-0.2829900371784254,0.0041877290655558674,1.0,0.4872878491288767,0.0,0.55,-0.061165758458693945,692,nested_validation
2025-11-19,0.0041877290655558674,-0.017954491764555325,-0.007057705612924736,0.018837614200746033,0.009005578595305519,56.416027473180485,0.024985074158760962,-0.7313218550418591,-0.00860134970367199,0.0,0.48938291278859536,0.0,0.55,-0.061165758458693945,692,nested_validation
2025-11-20,-0.00860134970367199,-0.024546678555106505,-0.014410868105490304,0.008485715978212127,0.009275228878831613,51.76280748577397,0.035718231917546715,-0.32152192297780335,0.019680647235321702,1.0,0.486300059712763,0.0,0.55,-0.061165758458693945,692,nested_validation
2025-11-21,0.019680647235321702,-0.003377301137839961,0.0037674260978359797,0.024909685248666547,0.009823307833072836,59.85224192798593,0.02821456930297296,0.8407609400118704,0.016317468883471742,1.0,0.5158946192008458,0.0,0.55,-0.061165758458693945,692,nested_validation
2025-11-24,0.016317468883471742,0.03163099248320389,0.017704369340694193,0.03791130110157148,0.009211258437597332,65.17024764197237,0.02210787839466849,1.3149095996444515,0.003805495657415614,1.0,0.5226907424396618,0.0,0.55,-0.061165758458693945,692,nested_validation
2025-11-25,0.003805495657415614,0.0356341664091564,0.02092954921041157,0.0380292685834529,0.009224398561872592,66.30936687594479,0.018521879121214484,-0.4342206391707127,0.002093957526739132,1.0,0.5240860252700018,0.0,0.55,-0.061165758458693945,692,nested_validation
2025-11-26,0.002093957526739132,0.03347482779199229,0.0215310427599662,0.03651870611110164,0.009222169495305872,66.95227840194364,0.010448546294469783,-1.512403553598157,0.0046839067924580036,1.0,0.4703570930582279,0.0,0.55,-0.061165758458693945,692,nested_validation
2025-11-28,0.0046839067924580036,0.04732392690606346,0.024091977989664448,0.03728815749156489,0.009186916611323507,68.40759739517767,0.010794368656056739,-2.2754392041472173,0.01524119743713337,1.0,0.4483322804945063,-1.0,0.55,-0.061165758458693945,692,nested_validation
2025-12-01,0.01524119743713337,0.04276412476747482,0.03563449714016609,0.049058152812424094,0.009572693863297245,72.64819986670516,0.02571529008245547,0.0435011825933732,0.010914832876105063,1.0,0.5283945632567212,0.0,0.55,-0.061165758458693945,692,nested_validation
2025-12-02,0.010914832876105063,0.03722090113888954,0.03981367766986055,0.05734731430300988,0.009591162425151449,75.24944763062759,0.016667210499949212,0.8249990219107239,-0.007128157809805358,0.0,0.5385842197297209,0.0,0.55,-0.061165758458693945,692,nested_validation
2025-12-03,-0.007128157809805358,0.025923280283980832,0.026171595757581656,0.047020764273770776,0.009849187444788358,70.48356712881844,0.018722531896857315,-0.2895993102915895,-0.012141479874668626,0.0,0.5166365129929742,0.0,0.55,-0.061165758458693945,692,nested_validation
2025-12-04,-0.012141479874668626,0.011349330879900421,0.009287427083404909,0.031457851142808746,0.010358117521906064,63.194208656131686,0.02187393794592658,-0.24041904741074477,-0.006840055245008081,0.0,0.492958577625288,0.0,0.55,-0.061165758458693945,692,nested_validation
2025-12-05,-0.006840055245008081,-0.00025108514834637496,-0.002111931031382186,0.02196774982080041,0.010515080241014173,59.505887032270685,0.01108410527655896,0.15450442132246292,-0.003192433705098474,0.0,0.5128614612520657,0.0,0.55,-0.061165758458693945,692,nested_validation
2025-12-08,-0.003192433705098474,-0.018403424491690523,-0.007571154475024988,0.016801139018506994,0.010470174244279316,57.8212545424333,0.012666952195829022,-0.8099781466894113,-0.002555062909471273,0.0,0.4933487497868558,0.0,0.55,-0.061165758458693945,692,nested_validation
2025-12-09,-0.002555062909471273,-0.03148267028528351,-0.010552096233666819,0.013136710573912413,0.01049235526060737,56.448251645877804,0.011220093202037928,-1.3705383882498177,0.005772469911613065,1.0,0.48968164653435736,0.0,0.55,-0.061165758458693945,692,nested_validation
2025-12-10,0.005772469911613065,-0.01889848672657779,-0.005483098172534673,0.01773998935855725,0.00949376201237925,58.821215692580736,0.011873152927352597,-1.165616400896587,-0.002690246960942222,0.0,0.4942091564371553,0.0,0.55,-0.061165758458693945,692,nested_validation
2025-12-11,-0.002690246960942222,-0.0095119007681147,-0.008328408558935019,0.013941982120950103,0.009386640864197897,57.24668614676498,0.020789119176614895,-1.039681009982957,0.0008992046267306542,1.0,0.5052269004843685,0.0,0.55,-0.061165758458693945,692,nested_validation
2025-12-12,0.0008992046267306542,-0.0017934614167259832,-0.007234858690278734,0.01397328601644876,0.009365100223048126,57.65361110999987,0.008624385176844239,-0.35633621513394714,-0.01498499906996098,0.0,0.5042302184219394,0.0,0.55,-0.061165758458693945,692,nested_validation
2025-12-15,-0.01498499906996098,-0.01360257708950352,-0.0189650710522673,-0.001706321512196074,0.009981441256142821,49.23580682685168,0.026668118453321565,0.7279344524291265,0.0018241281266524467,1.0,0.504168800302475,0.0,0.55,-0.061165758458693945,692,nested_validation
2025-12-16,0.0018241281266524467,-0.009271889156929336,-0.013085304401141862,-0.0005914956197857757,0.009031328520791594,50.175192827410434,0.01351003842896875,-0.5177423502139568,-0.010087028861802239,0.0,0.48177592776281786,0.0,0.55,-0.061165758458693945,692,nested_validation
2025-12-17,-0.010087028861802239,-0.024894161319622854,-0.018699004103213568,-0.010919912937939147,0.009368229255267917,45.18657624388592,0.016627387708075286,0.7031216585732653,0.001287574790797441,1.0,0.49959496583936364,0.0,0.55,-0.061165758458693945,692,nested_validation
2025-12-18,0.001287574790797441,-0.02100490103360697,-0.014407791687548133,-0.00992397175837989,0.009337994825644748,45.91827532359417,0.024541653315202933,0.7838368177452184,0.005437411303821804,1.0,0.49878182157481554,0.0,0.55,-0.061165758458693945,692,nested_validation
2025-12-19,0.005437411303821804,-0.0165660104096248,-0.0072117597292452595,-0.00504252463776067,0.009136780903528253,49.017344445471984,0.017174012410652195,3.953823809558894,-0.009865948891234266,0.0,0.43636174037254044,-1.0,0.55,-0.061165758458693945,692,nested_validation
2025-12-22,-0.009865948891234266,-0.011455176630011943,-0.014532683490669718,-0.015188120438399122,0.008425277173493478,44.05730574691016,0.01243678304611542,-0.4461627834222889,0.005129713035979089,1.0,0.4586272008638852,0.0,0.55,-0.061165758458693945,692,nested_validation
2025-12-23,0.005129713035979089,-0.008193407664200403,-0.007738148989529403,-0.010487553935788818,0.007655555373684472,47.02901439652128,0.010794546187140071,-0.6594792233991481,0.005323781322749577,1.0,0.4223952810927213,-1.0,0.55,-0.061165758458693945,692,nested_validation
2025-12-24,0.005323781322749577,0.007246882118749021,-0.0006460628963252946,-0.0050460948531921845,0.007706419877668372,50.01207380277564,0.011796429997260275,-1.0518406740416284,-0.0014973926274014504,0.0,0.43612453241647825,-1.0,0.55,-0.061165758458693945,692,nested_validation
2025-12-26,-0.0014973926274014504,0.004445339565532835,-0.00045338736677302816,-0.006527506300612607,0.007684674317146063,49.168893590477914,0.009180723561300893,-0.8698266840507382,0.001316908213532919,1.0,0.4403872146232134,-1.0,0.55,-0.061165758458693945,692,nested_validation
2025-12-29,0.001316908213532919,0.00032890220287384864,0.0025195854706125953,-0.005316784868295565,0.0076007935338468,49.96662925282747,0.00734212147993305,-0.7952042391845161,-0.0024840480713893553,0.0,0.420106011819014,-1.0,0.55,-0.061165758458693945,692,nested_validation
2025-12-30,-0.0024840480713893553,0.0077868102861449184,0.00040661685913501167,-0.007868134107959501,0.006640762060565811,48.42093587414711,0.0065914306484426265,-0.7958810120343387,-0.00446757506501283,0.0,0.47474117265711596,0.0,0.55,-0.061165758458693945,692,nested_validation
2025-12-31,-0.00446757506501283,-0.0018358485978331451,-0.00305841434386922,-0.01282658091380584,0.005984513440314641,45.69018189157729,0.007099215698424509,-0.5417512912891954,-0.003126592761770741,0.0,0.4472649075043956,-1.0,0.55,-0.061165758458693945,692,nested_validation
2026-01-02,-0.003126592761770741,-0.010226041522552354,-0.005872861786572647,-0.016338118110162947,0.00589422434551951,43.835313640241736,0.032618707868154524,-0.12025726658612632,-0.013837114156417418,0.0,0.4491654905671186,-1.0,0.55,-0.061165758458693945,692,nested_validation
2026-01-05,-0.013837114156417418,-0.022457892430204462,-0.017852556296655386,-0.029796564501558653,0.0060447682238729365,36.74743721353765,0.020092774530303628,0.18030154619968883,-0.018334270451824564,0.0,0.4702788217762699,0.0,0.55,-0.061165758458693945,692,nested_validation
2026-01-06,-0.018334270451824564,-0.041642482694476235,-0.031835532552968226,-0.047136007132664304,0.006919656632829595,29.936019444062325,0.02069672579263572,0.4297579434801908,-0.007737497507594893,0.0,0.48179602526430537,0.0,0.55,-0.061165758458693945,692,nested_validation
2026-01-07,-0.007737497507594893,-0.04668970299129249,-0.03553984691872081,-0.05322964055881152,0.0069962388191841165,27.64946087080051,0.014865729331235438,0.2531527511273017,-0.004955093401707855,0.0,0.4739586886597139,0.0,0.55,-0.061165758458693945,692,nested_validation
2026-01-08,-0.004955093401707855,-0.047156544892883234,-0.03555957731955495,-0.05598923669082945,0.00700414581257844,26.276018552633374,0.013858907806733944,0.2999163935075592,0.0012738888084979916,1.0,0.47313550991862363,0.0,0.55,-0.061165758458693945,692,nested_validation
2026-01-09,0.0012738888084979916,-0.04295042400220128,-0.02911129654131972,-0.052761502450137665,0.006775971271904356,27.271279008041873,0.01538339171642515,-0.11795374125784942,0.0033929113461488303,1.0,0.49132840897988406,0.0,0.55,-0.061165758458693945,692,nested_validation
2026-01-12,0.0033929113461488303,-0.02622905997768077,-0.020998147005488632,-0.04754170495750931,0.0069434870104334075,29.985796737472782,0.017291066282420612,0.063750114545951,0.003073874731586601,1.0,0.48901001611628764,0.0,0.55,-0.061165758458693945,692,nested_validation
2026-01-13,0.003073874731586601,-0.004993084194987785,-0.013271042291972956,-0.04253485919950217,0.007024550778085094,32.453861893884294,0.013100873664351729,0.06992099399113719,-0.004175458991876879,0.0,0.4584834621716701,0.0,0.55,-0.061165758458693945,692,nested_validation
2026-01-14,-0.004175458991876879,-0.0014211937440228306,-0.012493887734449816,-0.04382764926687377,0.006489882084810619,30.857725355146286,0.01965693197841048,-0.1330235845229924,-0.0067318453757286845,0.0,0.5050296180077058,0.0,0.55,-0.061165758458693945,692,nested_validation
2026-01-15,-0.0067318453757286845,-0.0032042558485223527,-0.014029162194462819,-0.046995178215761824,0.006464425321150873,28.439365237144173,0.01545261951122948,-0.1611992415674965,-0.01037904480746421,0.0,0.4959017853878441,0.0,0.55,-0.061165758458693945,692,nested_validation
2026-01-16,-0.01037904480746421,-0.014805072333503366,-0.01846071038981989,-0.05355398943489975,0.006480605258921103,25.18428871855943,0.015536341093681313,1.04771526318736,-0.03455564430294311,0.0,0.4966854302040584,0.0,0.55,-0.061165758458693945,692,nested_validation
2026-01-20,-0.03455564430294311,-0.05206537596430849,-0.04483503290392654,-0.08240726176151802,0.009349448572829556,17.91045824107269,0.04608834721458441,1.2500326710506224,0.0038508468560267684,1.0,0.5668485526888875,1.0,0.55,-0.061165758458693945,692,nested_validation
2026-01-21,0.0038508468560267684,-0.05133111421428094,-0.03566460276694061,-0.07530483124813425,0.009268118037267431,20.568580743350708,0.025762184696355196,0.8333238382726654,0.002826561879143208,1.0,0.54467972983103,0.0,0.55,-0.061165758458693945,692,nested_validation
2026-01-22,0.002826561879143208,-0.04466066267948099,-0.02840643129744924,-0.06926917436010782,0.00934329033039839,22.558417740085446,0.011475764177464065,-0.1268053893321436,-0.0012482700788881695,0.0,0.527109263582839,0.0,0.55,-0.061165758458693945,692,nested_validation
2026-01-23,-0.0012482700788881695,-0.03938648252395949,-0.02542523857656842,-0.0670347773059703,0.009122065951884658,22.292077796151332,0.01906954972729608,-0.03955609356203656,0.0297129735567756,1.0,0.5379025277509236,0.0,0.55,-0.061165758458693945,692,nested_validation
2026-01-26,0.0297129735567756,-0.00046962796312055577,0.005096127895346747,-0.03649043703553412,0.011650209742314826,40.329265882337474,0.0264672268505935,0.80354433885122,0.011197539980376536,1.0,0.5130310501285437,0.0,0.55,-0.061165758458693945,692,nested_validation
2026-01-27,0.011197539980376536,0.04689892004145069,0.01714328490982231,-0.023274571417476353,0.01207489520177876,45.605631144572236,0.014481050493850244,0.2944294462677807,-0.007085403423770176,0.0,0.518255775899216,0.0,0.55,-0.061165758458693945,692,nested_validation
2026-01-28,-0.007085403423770176,0.03549369122376311,0.011773333164130317,-0.027517676591612195,0.012071583976331884,42.986437689992734,0.016962996425335504,-0.40553264308539994,0.007175070687510443,1.0,0.49820597860888144,0.0,0.55,-0.061165758458693945,692,nested_validation
2026-01-29,0.007175070687510443,0.039983852941116726,0.019708777138038647,-0.01857618164181385,0.012281538614372383,46.324420009571654,0.02028802175600378,1.5051370206846506,0.0046461584937966816,1.0,0.5169551519519263,0.0,0.55,-0.061165758458693945,692,nested_validation
2026-01-30,0.0046461584937966816,0.046121625076330997,0.023933089972152377,-0.012123177174407695,0.01237645171111382,48.4444348186855,0.03745953757191437,2.7704230637057927,0.04058126002356821,1.0,0.5043634093332393,0.0,0.55,-0.061165758458693945,692,nested_validation
2026-02-02,0.04058126002356821,0.05716309953805809,0.059432036175399716,0.02820488985692493,0.015494890221615707,62.45706565794904,0.041776224478078494,1.3440966405544026,-0.0019629088916998105,0.0,0.4937683505029721,0.0,0.55,-0.061165758458693945,692,nested_validation
2026-02-03,-0.0019629088916998105,0.04340442195940564,0.04798542294948516,0.02653973595754766,0.015180124689242312,61.55027008733688,0.01584540358159113,0.643188114006148,0.02601286642781786,1.0,0.5052439216533952,0.0,0.55,-0.061165758458693945,692,nested_validation
2026-02-04,0.02601286642781786,0.0781857427713224,0.06332072318590831,0.052865975081603844,0.015498481219332269,68.13906216247703,0.024087684535934913,2.006335433253813,-0.002097593092373451,0.0,0.4712939780291283,0.0,0.55,-0.061165758458693945,692,nested_validation
2026-02-05,-0.002097593092373451,0.06825931173073041,0.04996178229971604,0.0499990918646771,0.015355827425937758,67.11435806391037,0.02272476144558474,-0.23247915507970923,0.008009748840153375,1.0,0.47945535611347717,0.0,0.55,-0.061165758458693945,692,nested_validation
2026-02-06,0.008009748840153375,0.07183588113077688,0.04639386442505522,0.05763653777633193,0.01527861557861304,69.02584857391723,0.014310409377977862,-0.38275610552545214,-0.01166048390953256,0.0,0.48068226987769247,0.0,0.55,-0.061165758458693945,692,nested_validation
2026-02-09,-0.01166048390953256,0.01802501811458601,0.02667283102900697,0.04516262489948342,0.015636162235808375,63.21875465093959,0.023669070408461244,-0.7524844925645086,-0.003422959769044165,0.0,0.5101853847031683,0.0,0.55,-0.061165758458693945,692,nested_validation
2026-02-10,-0.003422959769044165,0.01653572644987844,0.017206557164577863,0.041514308947232736,0.01569867206408112,61.599553789692855,0.008878956229219012,-1.2940013210466133,0.006650117732854843,1.0,0.5089393720534516,0.0,0.55,-0.061165758458693945,692,nested_validation
2026-02-11,0.006650117732854843,-0.002648171193851079,0.016678201219381572,0.048175120262887505,0.01572239403966136,63.546343264319376,0.02079847720054447,-0.2911451593366225,-0.04998173910671744,0.0,0.517467710477322,0.0,0.55,-0.061165758458693945,692,nested_validation
2026-02-12,-0.04998173910671744,-0.05050589782888404,-0.035451116331959076,-0.002811412395533175,0.01947096799905979,44.97028332701949,0.05937419437060129,1.277896866088688,-0.022733450234726726,0.0,0.4851329565067466,0.0,0.55,-0.061165758458693945,692,nested_validation
2026-02-13,-0.022733450234726726,-0.07946443343536858,-0.0561760549884871,-0.0235183416098933,0.020074265615751815,39.58548288849464,0.026507209595915893,-0.20836642036658706,0.03166790148756515,1.0,0.5369642079893457,0.0,0.55,-0.061165758458693945,692,nested_validation
2026-02-17,0.03166790148756515,-0.03910854444124967,-0.024170727754885823,0.00828712370948348,0.021077272322074042,48.60735397132118,0.040738271410761376,-0.038089191239552,0.0017811375828364895,1.0,0.47839121437653453,0.0,0.55,-0.061165758458693945,692,nested_validation
2026-02-18,0.0017811375828364895,-0.034090796211610375,-0.020666003173883785,0.01042536684838713,0.01935397495834297,49.082497898105274,0.016531095200642085,-1.35993620531879,-0.014261551090285374,0.0,0.4943607930331929,0.0,0.55,-0.061165758458693945,692,nested_validation
2026-02-19,-0.014261551090285374,-0.05415613274416542,-0.029002594930260583,-0.0037900662461082257,0.019745344410084433,45.452481160750736,0.01700062714574912,-1.4108459955778492,0.015350449692731916,1.0,0.4987544320989457,0.0,0.55,-0.061165758458693945,692,nested_validation
2026-02-20,0.015350449692731916,0.010888985496252168,-0.01001287690727004,0.01092333390480138,0.019934248105754292,49.702845033932086,0.0249073878310545,-0.7823937374242559,0.006047257970275721,1.0,0.4854710781430537,0.0,0.55,-0.061165758458693945,692,nested_validation
2026-02-23,0.006047257970275721,0.040659881600499936,0.00034568357638664615,0.01608132524560868,0.019912287526766097,51.33625310425372,0.02272893515455872,-1.0308728367320932,0.02239103564464129,1.0,0.4888217667096881,0.0,0.55,-0.061165758458693945,692,nested_validation
2026-02-24,0.02239103564464129,0.0313021589304423,0.023698559678110964,0.03711524398797561,0.01949509452049718,56.945317415866775,0.026383562897337353,-0.4531398182081279,0.007679860855135612,1.0,0.5341299496813445,0.0,0.55,-0.061165758458693945,692,nested_validation
2026-02-25,0.007679860855135612,0.03737470892907169,0.03134703128809857,0.043195284112215626,0.019439879347170227,58.74121749530811,0.014185225878255365,-1.121466076091943,-0.0046676776162442035,0.0,0.5337825082742578,0.0,0.55,0.03148840809144691,755,nested_validation
2026-02-26,-0.0046676776162442035,0.04747114141949926,0.027518446142700048,0.03672952336926705,0.019382732672904135,57.16842027403642,0.019454102660256115,-1.1458050364244525,-0.03213044438249635,0.0,0.5172533555734457,0.0,0.55,0.03148840809144691,755,nested_validation
2026-02-27,-0.03213044438249635,-0.0015118144925688748,-0.006412556649864287,0.0028522759550202448,0.020834580526171577,47.737426421942665,0.03755009154811604,0.9655569755830474,0.0020440108677830526,1.0,0.525564633057478,0.0,0.55,0.03148840809144691,755,nested_validation
2026-03-02,0.0020440108677830526,-0.00548498265523556,-0.007718055061162077,0.00404436429689925,0.0208219923101578,48.30292977293563,0.02391200718901541,-0.5735416274230654,-0.003664168116717992,0.0,0.49287754096465797,0.0,0.55,0.03148840809144691,755,nested_validation
2026-03-03,-0.003664168116717992,-0.030829777862982355,-0.011305763460245033,-0.0007033144588139972,0.018777298514382222,47.312588741187554,0.020587649955569005,-0.6857068947394207,-0.0046635601744375865,0.0,0.49131488808256013,0.0,0.55,0.03148840809144691,755,nested_validation
2026-03-04,-0.0046635601744375865,-0.042701480936427116,-0.015241050806825585,-0.007375730697697258,0.018793818855054826,46.023959722665886,0.01801760119875545,-0.5422882320501984,-0.008494547048829904,0.0,0.49247918775533234,0.0,0.55,0.03148840809144691,755,nested_validation
2026-03-05,-0.008494547048829904,-0.04638211740133191,-0.023499915205599464,-0.017401692295229032,0.017783976839702023,43.70009519231252,0.016558444108890357,0.24450984666072414,-0.010872595974432131,0.0,0.4961751578416972,0.0,0.55,0.03148840809144691,755,nested_validation
2026-03-06,-0.010872595974432131,-0.025437286282464777,-0.031530091896187384,-0.02922628651867243,0.017869083045040212,40.87910838354407,0.017090010263797018,-0.37097092856434744,0.009399570490431275,1.0,0.48549155349267287,0.0,0.55,0.03148840809144691,755,nested_validation
2026-03-09,0.009399570490431275,-0.01828345464531822,-0.02010471101677025,-0.021585944727064654,0.017915365176791716,44.19646427600596,0.02874403986590502,-0.5460209083506442,0.0036555398041986376,1.0,0.49260702577270477,0.0,0.55,0.03148840809144691,755,nested_validation
2026-03-10,0.0036555398041986376,-0.011071149172428796,-0.012310638778410987,-0.01870617838656219,0.01786364194503882,45.48953501613079,0.021201545312983953,-1.048998670496384,-7.670678451010549e-05,0.0,0.49271808041158427,0.0,0.55,0.03148840809144691,755,nested_validation
2026-03-11,-7.670678451010549e-05,-0.0065138241611889525,-0.007341923099843939,-0.01912359311772971,0.017869052866950588,45.465640650065176,0.00989232435104074,-1.3045948120964588,-0.01936274610273281,0.0,0.46867981710084194,0.0,0.55,0.03148840809144691,755,nested_validation
2026-03-12,-0.01936274610273281,-0.017403734533521176,-0.020151733302632202,-0.038062957544636844,0.018119291983409034,39.785107566385804,0.018650373919688587,-0.20712501010991052,-0.022051876328148534,0.0,0.4925918249920494,0.0,0.55,0.03148840809144691,755,nested_validation
2026-03-13,-0.022051876328148534,-0.028509198886706222,-0.03656965017228453,-0.05834064575910902,0.015351357506471198,34.587571443312015,0.027226860837791328,-0.4201675672904602,0.010794859745288043,1.0,0.5001380290968144,0.0,0.55,0.03148840809144691,755,nested_validation
2026-03-16,0.010794859745288043,-0.027166310782120506,-0.0216852344847287,-0.04740839537742547,0.014833815432608324,38.71520980812571,0.01586106475225859,-0.7902034916942065,0.005577047742174601,1.0,0.49787682813453565,0.0,0.55,0.03148840809144691,755,nested_validation
2026-03-17,0.005577047742174601,-0.02530381156597783,-0.012591640526594339,-0.04022399300262969,0.012981597913730238,40.81552387507767,0.011603714182463469,-0.6870004830435089,-0.016874444795081822,0.0,0.4909592046743176,0.0,0.55,0.03148840809144691,755,nested_validation
2026-03-18,-0.016874444795081822,-0.04167775877203528,-0.0244872899982711,-0.05412382002074334,0.013357275989641204,36.69490480160511,0.023765713304731116,-0.33955955131145943,-0.003920930967820202,0.0,0.5008225714333141,0.0,0.55,0.03148840809144691,755,nested_validation
2026-03-19,-0.003920930967820202,-0.026587331776827816,-0.023996239019151266,-0.05458008388106561,0.013097706030016048,35.80561841402796,0.018195688693498694,-0.46140549147637405,-0.0038962445152317393,0.0,0.5064624443656045,0.0,0.55,0.03148840809144691,755,nested_validation
2026-03-20,-0.0038962445152317393,-0.00851590080978104,-0.024176206977822523,-0.05495456009139943,0.012465237834069333,34.90395180918375,0.012903733526996409,3.2911627062805033,0.014113480475494988,1.0,0.47294213804022905,0.0,0.55,0.03148840809144691,755,nested_validation
2026-03-23,0.014113480475494988,-0.00526068076832531,-0.007126060512312127,-0.038395585373826924,0.01288001955389212,40.706017121895485,0.017177650124693186,-0.07810676591807787,0.0005964238375686381,1.0,0.4930948683641223,0.0,0.55,0.03148840809144691,755,nested_validation
2026-03-24,0.0005964238375686381,-0.010187625395135291,-0.00291628984210901,-0.03499566078058669,0.011561206550804767,40.94892851028531,0.020982350946206808,0.2533268058024628,0.0038944425565474727,1.0,0.492459032584698,0.0,0.55,0.03148840809144691,755,nested_validation
2026-03-25,0.0038944425565474727,0.01072252346487712,0.00422566157076143,-0.02862248981217186,0.011400925711615781,42.60339285767245,0.01345892630117086,-0.892912661088745,0.0010688333127271132,1.0,0.49678159763765545,0.0,0.55,0.03148840809144691,755,nested_validation
2026-03-26,0.0010688333127271132,0.015785642751210416,0.006447254280103287,-0.024757991689193903,0.011453315147998336,43.076607114880254,0.024635200057634848,0.0016747751741796493,-0.016173068672430957,0.0,0.49992523734318506,0.0,0.55,0.03148840809144691,755,nested_validation
2026-03-27,-0.016173068672430957,0.0032662423887499514,-0.009309644967332109,-0.038933252622494474,0.009898239103812864,37.96988781037976,0.02982314340004946,0.5892318186918634,-0.008721851736991582,0.0,0.5064825137978239,0.0,0.55,0.03148840809144691,755,nested_validation
2026-03-30,-0.008721851736991582,-0.01932483679873731,-0.015523778385298947,-0.0461917996956388,0.009905004168353647,35.56111662832791,0.021732962349403966,-0.078912023354173,0.029031290418426448,1.0,0.5072928588583451,0.0,0.55,0.03148840809144691,755,nested_validation
2026-03-31,0.029031290418426448,0.008543909041708986,0.013234800933169755,-0.017223192960405975,0.012177684039522418,47.41489570777816,0.03301938549868491,0.6826501414157344,0.007250134515282447,1.0,0.5042053004647192,0.0,0.55,0.03148840809144691,755,nested_validation
2026-04-01,0.007250134515282447,0.011915142651672594,0.018267710982469598,-0.008982459085162708,0.01231603018842566,49.962307109630224,0.011148890154866985,-0.07411402661381858,0.0011344553655323608,1.0,0.5099632489232983,0.0,0.55,0.03148840809144691,755,nested_validation
2026-04-02,0.0011344553655323608,0.011981475701624555,0.016604437731041033,-0.0072603783902912555,0.012211304826656104,50.37038272241082,0.021412984626197507,-0.6959904234084323,0.011487876222620041,1.0,0.5064802361902433,0.0,0.55,0.03148840809144691,755,nested_validation
2026-04-06,0.011487876222620041,0.040434004233672605,0.02386209124992833,0.0048873238198514635,0.012258853437293844,54.42799826398597,0.022019672910395853,-0.7912801130485427,-0.0207060792616357,0.0,0.5209690995218133,0.0,0.55,0.03148840809144691,755,nested_validation
2026-04-07,-0.0207060792616357,0.027855498540833912,0.0018654292208382106,-0.014302642919682418,0.012887035084218951,46.89959982683735,0.04142017853565717,1.561626073316141,0.021301735790709264,1.0,0.5155915131188002,0.0,0.55,0.03148840809144691,755,nested_validation
2026-04-08,0.021301735790709264,0.020134775857911347,0.020279469865578825,0.008424943099541338,0.013760901396747465,53.82856626511292,0.012437239461622182,-0.012736962004956729,0.006141348347641795,1.0,0.516134328748886,0.0,0.55,0.03148840809144691,755,nested_validation
2026-04-09,0.006141348347641795,0.01901180621031262,0.023371451120686615,0.016431275366645126,0.013831966399610813,55.66309098439917,0.01938649461510985,-0.979879997333174,-3.834482173115106e-05,0.0,0.521633011416088,0.0,0.55,0.03148840809144691,755,nested_validation
2026-04-10,-3.834482173115106e-05,0.017818063221304303,0.020289873383546597,0.01804349672109229,0.013098772241010683,55.64813250411631,0.0121698913315108,-0.6996982998969135,-0.004913954203973225,0.0,0.5234683623362748,0.0,0.55,0.03148840809144691,755,nested_validation
2026-04-13,-0.004913954203973225,0.0013135853422190369,0.011157120774507367,0.013698547114765036,0.012083959500415301,53.658154404765384,0.013580203888494945,-0.3340976209482275,-0.001427586909096612,0.0,0.491978178550879,0.0,0.55,0.03148840809144691,755,nested_validation
2026-04-14,-0.001427586909096612,0.02102555933564365,0.00493084206598815,0.013029244086831593,0.011924520693777273,53.067352488354786,0.01831314175435223,0.498249407928531,0.02936295529114563,1.0,0.49558976223646073,0.0,0.55,0.03148840809144691,755,nested_validation
2026-04-15,0.02936295529114563,0.029084598952361596,0.029386765876682874,0.0424103099778681,0.01339288944390184,62.25878999278904,0.03284164786450247,0.5496178412499086,-0.011372633634406881,0.0,0.5263888587788247,0.0,0.55,0.03148840809144691,755,nested_validation
2026-04-16,-0.011372633634406881,0.011171241993466419,0.014633961522867667,0.0304371004801125,0.013045433271040071,57.42976013919269,0.022361483617772005,0.034382433456049286,0.02593021154924191,1.0,0.5071404580560414,0.0,0.55,0.03148840809144691,755,nested_validation
2026-04-17,0.02593021154924191,0.03743090631402768,0.0352370911373332,0.05578804408891558,0.013882154671705125,64.1751351285756,0.02064902618291329,1.2424091162309456,0.010435475371396441,1.0,0.5165801046408498,0.0,0.55,0.03148840809144691,755,nested_validation
2026-04-20,0.010435475371396441,0.05343351503621174,0.04038463058197772,0.0646441079071185,0.01381530951028261,66.53303323257097,0.014612673183491603,-0.5241338412325275,-0.025196703995697067,0.0,0.5114955207037472,0.0,0.55,0.03148840809144691,755,nested_validation
2026-04-21,-0.025196703995697067,0.028358533759350157,0.009297905834177111,0.03697084999446165,0.015103753993121697,56.723886770005706,0.027801756483336937,0.8340119796389859,0.026298995241013978,1.0,0.5424573853054119,0.0,0.55,0.03148840809144691,755,nested_validation
2026-04-22,0.026298995241013978,0.025297563429638403,0.030266556101800512,0.06253940464926955,0.015919884540272572,62.742598613591944,0.025149155395875485,0.12946382338047674,0.0009516944880663125,1.0,0.5365560323617312,0.0,0.55,0.03148840809144691,755,nested_validation
2026-04-23,0.0009516944880663125,0.03807902591467194,0.026238648386689656,0.06181322184471272,0.015935983435308183,62.94869755754889,0.015067824406786149,-0.9369465546978897,-0.008667702544387423,0.0,0.5454450078351935,0.0,0.55,0.03148840809144691,755,nested_validation
2026-04-24,-0.008667702544387423,0.003071411793669432,0.01331973945223619,0.05052918025659747,0.016167941247043686,59.70614882117756,0.012580254160786916,-0.41144011539537495,-0.012727861582673916,0.0,0.5213801356534709,0.0,0.55,0.03148840809144691,755,nested_validation
2026-04-27,-0.012727861582673916,-0.019923110535261745,-0.0027130707886565686,0.034820023481429985,0.015973478858140818,55.2449865603112,0.01229392850577544,-0.028424922667362455,0.011584102768505522,1.0,0.5087914726920149,0.0,0.55,0.03148840809144691,755,nested_validation
2026-04-28,0.011584102768505522,0.01705667690823942,0.004392897200566015,0.04439914493423602,0.015791019895269206,58.26272486357248,0.016881561333051427,-0.18598120690625317,-0.001994705758897819,0.0,0.517248570918895,0.0,0.55,0.03148840809144691,755,nested_validation
2026-04-29,-0.001994705758897819,-0.01098222564339757,0.0010004139456589733,0.040183618749347616,0.014828303942678388,57.53498691709656,0.014805492101994102,-1.1274829235115995,0.004367659937803081,1.0,0.5041116292217162,0.0,0.55,0.03148840809144691,755,nested_validation
2026-04-30,0.004367659937803081,-0.007606987292754219,0.002419766956759384,0.04186406238119389,0.014802629145597844,58.74759648400848,0.028966225077452203,3.311124044784611,0.03239351812191993,1.0,0.46563769829008633,0.0,0.55,0.03148840809144691,755,nested_validation
2026-05-01,0.03239351812191993,0.033498168452762656,0.031116805772541056,0.07133844387118105,0.016105744851983187,66.4362013043629,0.03159136731902423,2.084094763206458,-0.011815603186417278,0.0,0.5239808884796386,0.0,0.55,0.03148840809144691,755,nested_validation
2026-05-04,-0.011815603186417278,0.034453140587596964,0.01751785424939767,0.054802037745020016,0.01640974809101686,61.7676004528396,0.020843188278462453,-0.00023737049285446838,0.026550690927708454,1.0,0.5253388518871399,0.0,0.55,0.03148840809144691,755,nested_validation
2026-05-05,0.026550690927708454,0.04975808071348142,0.03766456518742234,0.07833059189278346,0.016155151442066574,67.26803104285376,0.02839752105077224,0.21112849676963177,0.011717924952267644,1.0,0.4829291083350047,0.0,0.55,0.03148840809144691,755,nested_validation
2026-05-06,0.011717924952267644,0.06418179667966961,0.04435543911731621,0.08603903154257475,0.01582880095002069,69.41494373917782,0.02420782309719188,0.7277626776596487,-0.00024350711440246364,0.0,0.4832327708187893,0.0,0.55,0.03148840809144691,755,nested_validation
2026-05-07,-0.00024350711440246364,0.059296016069499524,0.03881459212550098,0.08103499473498599,0.015874526057191946,69.31201045730226,0.022091587982121887,-0.1669797685490144,0.020456497888878378,1.0,0.4904647365675379,0.0,0.55,0.03148840809144691,755,nested_validation
2026-05-08,0.020456497888878378,0.047047936481006136,0.051605124636390665,0.09758612513447873,0.016171084789574134,72.94120201534852,0.01622804325230901,0.2638026670510765,-0.0012626705737772692,0.0,0.46797748557009006,0.0,0.55,0.03148840809144691,755,nested_validation
2026-05-11,-0.0012626705737772692,0.05822947947188584,0.040821711186810106,0.0901966905929188,0.01606615726734183,72.36072859486639,0.012470937501107863,-0.47481831822681503,0.007243389265544797,1.0,0.5150675171877238,0.0,0.55,0.03148840809144691,755,nested_validation
2026-05-12,0.007243389265544797,0.03832636512154264,0.03936463055548933,0.0915342768960814,0.015969368979843163,73.65434681763833,0.009192644393802846,-0.22366745509929278,0.013805995565634221,1.0,0.530633626127064,0.0,0.55,0.03148840809144691,755,nested_validation
2026-05-13,0.013805995565634221,0.04046935252605688,0.043068208595151924,0.10044956895508128,0.015207264443731718,75.97879240448214,0.024826893127311,0.24492685239253392,-0.00220833028705536,0.0,0.48403872230248585,0.0,0.55,0.03148840809144691,755,nested_validation
2026-05-14,-0.00220833028705536,0.038424516299609746,0.031009963707333554,0.09227957924952901,0.014812162230598277,74.82587536492699,0.01700146698465832,-0.9069642274007402,0.0067738157309671365,1.0,0.5274353430069584,0.0,0.55,0.03148840809144691,755,nested_validation
2026-05-15,0.0067738157309671365,0.02450091188246417,0.03074263554658918,0.09373001228862488,0.014120261110037327,76.02498387676344,0.022249685071168885,0.44373233048883903,-0.007960612067346995,0.0,0.5241881790500788,0.0,0.55,0.03148840809144691,755,nested_validation
2026-05-18,-0.007960612067346995,0.01763018925528481,0.015126270437997524,0.07988045790214282,0.014360911807109973,71.67486930842145,0.01930566770984242,-0.9423630360419466,0.003793999787491842,1.0,0.5377138769839434,0.0,0.55,0.03148840809144691,755,nested_validation
2026-05-19,0.003793999787491842,0.014145229309381335,0.013776964036616546,0.07802299586754802,0.012651292184551426,72.47674777124122,0.013914451768150518,-0.38436163017537295,0.0109709963070026,1.0,0.5138398693755002,0.0,0.55,0.03148840809144691,755,nested_validation
2026-05-20,0.0109709963070026,0.011309281420127881,0.019710899017051142,0.08417000416881182,0.011833370429227387,74.71437796710374,0.01561621578396402,-0.6350494484744792,0.009065310949131433,1.0,0.5322910075109442,0.0,0.55,0.03148840809144691,755,nested_validation
2026-05-21,0.009065310949131433,0.02273565263931876,0.02280765506937832,0.08817726619647548,0.011820308258021568,76.43769933738704,0.016853060143015068,-0.35551790818289214,0.012557845216167651,1.0,0.5363672739632631,0.0,0.55,0.03148840809144691,755,nested_validation
2026-05-22,0.012557845216167651,0.028611384683597807,0.030203592438364568,0.09551298016640763,0.011439067402172839,78.63015300647645,0.018004006951390664,-0.3291036834285076,-0.001586751960143129,0.0,0.4731243907382548,0.0,0.55,0.03148840809144691,755,nested_validation
2026-05-26,-0.001586751960143129,0.03522022012944981,0.023226916396645647,0.08742660923522538,0.010731042212335095,77.63482153982751,0.013459585759465889,-0.050806677576133885,0.008173125031610828,1.0,0.5331386344423563,0.0,0.55,0.03148840809144691,755,nested_validation
2026-05-27,0.008173125031610828,0.039736444574058005,0.02612435500114696,0.08962016891855251,0.010687192565639717,79.10002677231861,0.015956319367111487,0.08371346570555341,0.005340207912225559,1.0,0.5201160894546436,0.0,0.55,0.03148840809144691,755,nested_validation
2026-05-28,0.005340207912225559,0.03394544173904057,0.026979986084866958,0.0895415124930874,0.010494989449533329,80.02820834612618,0.010335606437606296,-0.14387398180741234,-0.001439992937726342,0.0,0.48334382311135377,0.0,0.55,0.03148840809144691,755,nested_validation
2026-05-29,-0.001439992937726342,0.023181112661388115,0.0208547914863777,0.08182440671929614,0.010654195304595238,79.00388844221779,0.017528684430871518,1.976188710818675,-0.018425943872925732,0.0,0.5302199163327224,0.0,0.55,0.03148840809144691,755,nested_validation
2026-06-01,-0.018425943872925732,-0.008127743365376916,5.549683164884911e-05,0.05745153555465432,0.010379244595093942,67.17304316318462,0.019326869755865353,0.16932634943436808,0.02902293336585271,1.0,0.5026236151137141,0.0,0.55,0.03148840809144691,755,nested_validation
2026-06-02,0.02902293336585271,0.022281406071269272,0.023280312349311938,0.08285828589498956,0.010954927090579557,73.7244967146274,0.02779190807857966,-0.3617847124139576,-0.015672595971098935,0.0,0.528773373812513,0.0,0.55,0.03148840809144691,755,nested_validation
2026-06-03,-0.015672595971098935,-0.0018980097355834058,0.003564546447282213,0.06050286767940727,0.010978531548069189,65.85891278530605,0.0260748922943757,0.4217670003087222,0.0031264139436979477,1.0,0.515400971119199,0.0,0.55,0.03148840809144691,755,nested_validation
2026-06-04,0.0031264139436979477,-0.00409586489807745,0.003786439120933238,0.059194957610848364,0.01085533324852402,66.61215956382631,0.012498841728371698,-0.2560141472550701,-0.012498841728371679,0.0,0.5144961501384149,0.0,0.55,0.03148840809144691,755,nested_validation
2026-06-05,-0.012498841728371679,-0.0151253004474462,-0.009510450021340322,0.04191843494691594,0.011413446420749727,60.817205032694254,0.026094942496298998,2.0439366120514513,-0.01887156849768501,0.0,0.5171245318506483,0.0,0.55,0.03148840809144691,755,nested_validation
2026-06-08,-0.01887156849768501,-0.015572423530705648,-0.025917163560791878,0.018718244150926155,0.011700667706476587,53.36306102182351,0.053823638684191856,2.681818924185983,-0.03644631040831148,0.0,0.5065734661363266,0.0,0.55,0.03148840809144691,755,nested_validation
2026-06-09,-0.03644631040831148,-0.07820438914790317,-0.055996931832525076,-0.020966611191174822,0.014332342367249923,42.68676354487115,0.04463948293105727,1.698172929460102,0.003544996808021894,1.0,0.5470285330478986,0.0,0.55,0.03148840809144691,755,nested_validation
2026-06-10,0.003544996808021894,-0.060207640705840726,-0.046681842740553536,-0.01982101956662119,0.014257980830140932,43.821187447552916,0.025276066453761598,0.1712542105006608,0.013889904990249002,1.0,0.5168048741060927,0.0,0.55,0.03148840809144691,755,nested_validation
2026-06-11,0.013889904990249002,-0.05012372056948233,-0.02807639248978422,-0.009061077984770072,0.014262185873388135,48.165714553469016,0.025065127151239923,-0.6643763657103061,-0.015221729613622226,0.0,0.5000346118841441,0.0,0.55,0.03148840809144691,755,nested_validation
2026-06-12,-0.015221729613622226,-0.052742863435375376,-0.036239094666369875,-0.026323932573716458,0.014620255028797829,44.08616263340865,0.025830451705852187,-1.025148921269657,0.018170605764429082,1.0,0.5070982895862414,0.0,0.55,0.03148840809144691,755,nested_validation
2026-06-15,0.018170605764429082,-0.01697948853252995,-0.015503739961143626,-0.010456052519973169,0.015129025060042432,49.50100406765589,0.02051139024642104,-0.37508181927730344,0.009513449426140408,1.0,0.4888298388994206,0.0,0.55,0.03148840809144691,755,nested_validation
2026-06-16,0.009513449426140408,0.029908803326463396,-0.0008414618997120149,-0.0035551887652861547,0.015178779725922483,52.160660073391895,0.021755146297545786,-0.9354120994389048,-0.010994446379867018,0.0,0.4956543771793273,0.0,0.55,0.03148840809144691,755,nested_validation
2026-06-17,-0.010994446379867018,0.01498739912206748,-0.007082407187265827,-0.01582488746592059,0.015352225335714979,48.923302739495156,0.026051771091878582,-0.6811233235531201,0.006960626705947437,1.0,0.49914830256754594,0.0,0.55,0.03148840809144691,755,nested_validation
2026-06-18,0.006960626705947437,0.00805062017894942,0.004283253278156707,-0.010155546968099727,0.01522822845808738,50.97504659409083,0.016610221283923553,2.518824152344721,-0.0033555919842641613,0.0,0.5109251080892906,0.0,0.55,0.03148840809144691,755,nested_validation
2026-06-22,-0.0033555919842641613,0.020197179212700478,0.004409808883237831,-0.014550076283313285,0.015074311524282508,49.92659056470037,0.01905660912430449,-0.6032864936383858,-0.00912434558954689,0.0,0.5004591733641485,0.0,0.55,0.03148840809144691,755,nested_validation
2026-06-23,-0.00912434558954689,-0.007152100191380906,-0.002312049337789057,-0.023676631347440247,0.014822694029718782,47.099336268744686,0.02534835977602606,-0.0934021240874657,-0.004145434153267291,0.0,0.500981482248975,0.0,0.55,0.03148840809144691,755,nested_validation
2026-06-24,-0.004145434153267291,-0.020585496134004844,-0.007299317606756617,-0.027766919296434156,0.01482707215718854,45.84082382660563,0.023065409019179698,-0.0305559498945574,-0.06117781321571136,0.0,0.4948648283828614,0.0,0.55,0.03148840809144691,755,nested_validation
2026-06-25,-0.06117781321571136,-0.0702822012252402,-0.06281508815615755,-0.08525843681325185,0.019360077270943594,32.21626505803984,0.0546973946095408,2.9194090605064873,0.03136472859984596,1.0,0.4848823340229327,0.0,0.55,0.03148840809144691,755,nested_validation
2026-06-26,0.03136472859984596,-0.047750110801712875,-0.029503404267052558,-0.05498753493300057,0.020885640447138313,41.2649052422817,0.041370148715391485,4.065851205972924,-0.007188697419469814,0.0,0.4347898655413487,-1.0,0.55,0.03148840809144691,755,nested_validation
2026-06-29,-0.007188697419469814,-0.05141247442569297,-0.03337590767304943,-0.06006253240878512,0.020879881213646655,39.90868304266626,0.03024060945904141,-0.007859319773107764,0.02704619642688466,1.0,0.5002669108314935,0.0,0.55,0.03148840809144691,755,nested_validation
2026-06-30,0.02704619642688466,-0.016785601924256266,-0.004821851292355794,-0.0334724461888658,0.021738758682467083,46.92554495972823,0.03193250864713975,-0.052708795306173936,0.017348699838890536,1.0,0.48580556534635605,0.0,0.55,0.03148840809144691,755,nested_validation
2026-07-01,0.017348699838890536,0.004435711649066532,0.01413829247801246,-0.016325500610538946,0.02102680641030322,50.98610400675187,0.025103553258656944,-0.3724707989434933,0.0484068203126522,1.0,0.5184154043934288,0.0,0.55,0.03148840809144691,755,nested_validation
2026-07-02,0.0484068203126522,0.1216791267635784,0.05860524605195372,0.030182611150457506,0.023604239571199236,60.276633644971575,0.05099964521573217,0.13122983664967616,0.01305770247720095,1.0,0.4644299971120749,0.0,0.55,0.03148840809144691,755,nested_validation
2026-07-06,0.01305770247720095,0.10176899361139702,0.0670662242774398,0.04242702865911063,0.023768313828449024,62.44467473808745,0.023028248329493014,-0.33772428126298576,-0.006396724801939757,0.0,0.48298854473122543,0.0,0.55,0.03148840809144691,755,nested_validation
2026-07-07,-0.006396724801939757,0.10264788255183888,0.05532420632696278,0.03510664905014016,0.02363812361432926,60.674811676048805,0.017157075346078233,-0.5441655688249074,0.008787777487112347,1.0,0.4889156818897758,0.0,0.55,0.03148840809144691,755,nested_validation
2026-07-08,0.008787777487112347,0.0830454468943913,0.057738770259316174,0.04367319942061765,0.023251608286752146,62.24773082962343,0.024793449593365147,-0.5268810160263054,0.009030238488741738,1.0,0.4787079991925575,0.0,0.55,0.03148840809144691,755,nested_validation
2026-07-09,0.009030238488741738,0.07418980900752659,0.059019350802011816,0.05217625559221695,0.021520073174089067,63.86138959872231,0.026468898503816434,-0.3609265995250237,-0.0028461004775477416,0.0,0.47666805928861605,0.0,0.55,0.03148840809144691,755,nested_validation
2026-07-10,-0.0028461004775477416,0.021676448613434207,0.041987501562617435,0.048661754860263695,0.02157889377420402,62.94001683739243,0.015032316771137333,-0.6269579285988869,0.0063110179758709695,1.0,0.49693343404292006,0.0,0.55,0.03148840809144691,755,nested_validation
2026-07-13,0.0063110179758709695,0.014872365643255003,0.03707261294858655,0.05471864994896136,0.021470911481013266,64.17093325723386,0.024171987919536158,-0.4397408513429355,-0.0077211944971219415,0.0,0.5073375675338293,0.0,0.55,0.03148840809144691,755,nested_validation
2026-07-14,-0.0077211944971219415,0.01351954432480218,0.018045145262532758,0.0462503808976209,0.021199574771260988,61.46418741600127,0.013593339828552575,-0.5791388977410764,0.040144874663333496,1.0,0.5245816717323638,0.0,0.55,0.03148840809144691,755,nested_validation
2026-07-15,0.040144874663333496,0.04502372345012695,0.04601507403212346,0.085703737673962,0.02243127859740224,68.78059316651247,0.034839705838501905,-0.08828237443574427,0.017587816078244334,1.0,0.46471735682261034,0.0,0.55,0.03148840809144691,755,nested_validation
2026-07-16,0.017587816078244334,0.05388656150509896,0.0513564119420995,0.10259843353427245,0.022576550374125644,71.44149613947866,0.023675160234221445,-0.07105508178682592,0.0014402582208634662,1.0,0.4741236284569742,0.0,0.55,0.03148840809144691,755,nested_validation
2026-07-17,0.0014402582208634662,0.05841679082297002,0.04459576086950401,0.10133458868380907,0.02227874122587136,71.65827439134934,0.017948074577962384,-0.0839924208038087,-0.021423845225929217,0.0,0.48510140366854204,0.0,0.55,0.03148840809144691,755,nested_validation
2026-07-20,-0.021423845225929217,0.029245844286968303,0.01777894172893002,0.07592190317986636,0.02307965101923176,63.879541842677995,0.030711285990890607,-0.2586814176685677,0.0035212159263280363,1.0,0.5438511353016163,0.0,0.55,0.03148840809144691,755,nested_validation
2026-07-21,0.0035212159263280363,0.0409070872198356,0.015955060954461864,0.07729709633923743,0.023005841172865943,64.54616479605576,0.022517865084254365,-0.5086353251712992,-0.0056446440503478135,0.0,0.5390689248945075,0.0,0.55,0.03148840809144691,755,nested_validation
2026-07-22,-0.0056446440503478135,-0.004915985806297707,0.006321011680008537,0.06836575068722572,0.022909801945320857,62.54637520352759,0.017367833955315427,-0.5457162966005605,-0.012979872951588756,0.0,0.5292438912023312,0.0,0.55,0.03148840809144691,755,nested_validation
2026-07-23,-0.012979872951588756,-0.03480767497928616,-0.008406612637726352,0.05092577122642261,0.023172767840865256,58.112878111180876,0.012279990189897587,-0.48725310108944436,0.035316748188238156,1.0,0.5060551708752079,0.0,0.55,0.03148840809144691,755,nested_validation
2026-07-24,0.035316748188238156,-0.002157371731800861,0.021041987085395286,0.08315269206606568,0.01847489421338271,65.23905796507894,0.03828599009255435,-0.2931461738708563,0.011681024493330971,1.0,0.5183151887787576,0.0,0.55,0.03148840809144691,755,nested_validation
2026-07-27,0.011681024493330971,0.03159927566655063,0.026798384164465006,0.09092264316309628,0.017809990386170378,67.29116266177036,0.016473296281558466,-0.10238802897703646,0.009408990162653286,1.0,0.5220770817645533,0.0,0.55,0.03148840809144691,755,nested_validation
2026-07-28,0.009408990162653286,0.03765178710436268,0.02855376469349369,0.09539971754072551,0.017429483119677628,68.90227901916637,0.02143615864726217,0.17154163700259176,-0.005557469435084728,0.0,0.47352491511586514,0.0,0.55,0.03148840809144691,755,nested_validation
2026-07-29,-0.005557469435084728,0.037742757495155876,0.019541294784627627,0.08444862623273619,0.017245605003907944,66.78996285686674,0.021348949314236573,0.6380981302059814,-0.014074957069287408,0.0,0.5305256272814681,0.0,0.55,0.03148840809144691,755,nested_validation
2026-07-30,-0.014074957069287408,0.03659139737508599,0.005139786700503413,0.06529196565867457,0.01774414845599504,61.662736417105336,0.015475523424573355,2.070066977021339,-0.07353864245054431,0.0,0.5382769548629671,0.0,0.55,0.03148840809144691,755,nested_validation
2026-07-31,-0.07353864245054431,-0.07239801257267076,-0.06175395221278823,-0.014408489707909533,0.022560785307764283,43.24595007695293,0.03460555603469269,3.802046666208432,-0.01777213482662099,0.0,0.4327176082096679,-1.0,0.55,0.03148840809144691,755,nested_validation
2026-08-03,-0.01777213482662099,-0.09940337143554356,-0.07189718306114745,-0.03248122858953173,0.02268966846711771,40.340781441219754,0.030452804117931883,0.9559039433410405,0.019642710405777475,1.0,0.5434573819896693,0.0,0.55,0.03148840809144691,755,nested_validation
2026-08-04,0.019642710405777475,-0.09027282669258019,-0.048322141048287914,-0.014771926620445908,0.02309958939702886,44.685147494412256,0.029413685305753813,0.5642532092593866,0.005236263144417164,1.0,0.529427574287027,0.0,0.55,0.03148840809144691,755,nested_validation
