timestamp,return_1d,return_5d,sma_ratio_10,sma_ratio_30,volatility_20d,rsi_14,range_pct,volume_zscore_20,target_return,target_direction,probability_up,signal,long_threshold,threshold_validation_score,threshold_validation_observations,threshold_source
2016-02-17,0.024824327950166536,0.08513170747251442,0.045114706390450676,-0.01813900882223518,0.026785325379835776,48.25968137686829,0.025307364729135085,2.7392247263058334,0.0860448372425433,1.0,0.48854457502632737,0.0,0.61,1.127719630065053,125,nested_validation
2016-02-18,0.0860448372425433,0.18128221421675472,0.12720472198282673,0.06995320456874721,0.03259069921309761,60.74602646741128,0.035952077864779004,3.1979259347226408,0.013315216151960296,1.0,0.4038104055315319,0.0,0.61,1.127719630065053,125,nested_validation
2016-02-19,0.013315216151960296,0.20316208637204358,0.13273531064447952,0.08560476429308994,0.032609780446138006,62.38880568965199,0.0348226636447137,0.5197381289435296,0.035479850790173684,1.0,0.4662710227966812,0.0,0.61,1.127719630065053,125,nested_validation
2016-02-22,0.035479850790173684,0.22502927904563585,0.15112124547820271,0.12246723420154204,0.033052989996852127,66.46920141759455,0.03331218931645725,0.1034926491338711,0.0025379711862885124,1.0,0.43920748432579015,0.0,0.61,1.127719630065053,125,nested_validation
2016-02-23,0.0025379711862885124,0.17080408487371201,0.12776584817062098,0.12269064128948659,0.03302566376465584,66.75688699123599,0.024683565362640308,-0.324117210409808,0.006961790747244345,1.0,0.4341740267591778,0.0,0.61,1.127719630065053,125,nested_validation
2016-02-24,0.006961790747244345,0.1503971419928567,0.11052917429994458,0.12764873170433555,0.033014196071230524,67.580642594493,0.03991203538065864,-0.5266134354699287,0.002200192109309551,1.0,0.4663710266113194,0.0,0.61,1.127719630065053,125,nested_validation
2016-02-25,0.002200192109309551,0.061584381391209364,0.0884331309457882,0.12785152724417004,0.03278172800569147,67.85364454541431,0.02289117488627645,-0.5033208012900507,-0.006585165058363596,0.0,0.4210099950701379,0.0,0.61,1.127719630065053,125,nested_validation
2016-02-26,-0.006585165058363596,0.04073604758562799,0.05822229446521421,0.11723703804036023,0.03268027583216081,66.05674521563537,0.02398989129301809,-0.46781769628797204,-0.006494751646025643,0.0,0.4500839763250073,0.0,0.61,1.127719630065053,125,nested_validation
2016-02-29,-0.006494751646025643,-0.0014516220296644233,0.03155612354537696,0.10633382011471681,0.03161652717190235,64.2611426429676,0.021683622946785372,-0.6796421113504911,0.04432398844072161,1.0,0.4185436869895343,0.0,0.61,1.127719630065053,125,nested_validation
2016-03-01,0.04432398844072161,0.04016810804587756,0.05691291636619611,0.1476266691689918,0.0327866750004665,70.1799311639658,0.0415267641045151,-0.5657311359612487,0.005801695968533638,1.0,0.47062693533294736,0.0,0.61,1.127719630065053,125,nested_validation
2016-03-02,0.005801695968533638,0.03896975712311801,0.044901434423440634,0.14663821919447084,0.030838299874789445,70.88963297196989,0.016697045614455203,-1.1310325668682757,-0.00880382962074322,0.0,0.3315536106942753,-1.0,0.61,1.127719630065053,125,nested_validation
2016-03-03,-0.00880382962074322,0.02756201057281249,0.026845584124554955,0.12963608165629648,0.03106704677155448,68.220939603984,0.025421115473233943,-0.7601235400470113,-0.0030627854212817995,0.0,0.47187802300338444,0.0,0.61,1.127719630065053,125,nested_validation
2016-03-04,-0.0030627854212817995,0.031205466835566353,0.016601135211963047,0.11991095726807699,0.031118063388995067,67.28036440217875,0.019354826895665776,-1.3259043298916304,-0.006451736591808532,0.0,0.43543847695774485,0.0,0.61,1.127719630065053,125,nested_validation
2016-03-07,-0.006451736591808532,0.03125011416796686,0.0071032013034635355,0.10761300554497044,0.026812154906135303,65.24593858301121,0.020717424660575974,-0.9045038609962179,-0.018243524986047976,0.0,0.5366274917606924,0.0,0.61,1.127719630065053,125,nested_validation
2016-03-08,-0.018243524986047976,-0.030534117620963808,-0.012084292943420394,0.08316088370485386,0.024483520400935207,59.77711106674863,0.01732285593172294,-0.6529038812882187,-0.0006301819373948359,0.0,0.5554134648091718,0.0,0.61,1.127719630065053,125,nested_validation
2016-03-09,-0.0006301819373948359,-0.03673363608908553,-0.012785220470374559,0.07863391929235863,0.024638862852392515,59.59468205596382,0.0239520872595442,-0.8508648552283093,-0.0015755263931400698,0.0,0.5127115816846614,0.0,0.61,1.127719630065053,125,nested_validation
2016-03-10,-0.0015755263931400698,-0.02970901112041291,-0.014051522870087707,0.07277355278032327,0.024617579060745288,59.10929808836618,0.033459579283020936,-0.5190657084427762,0.017045429188185413,1.0,0.5954219082566075,0.0,0.61,1.127719630065053,125,nested_validation
2016-03-11,0.017045429188185413,-0.010138250642515056,0.0007144359674764456,0.08582374185724695,0.02434095485331674,62.648222997855314,0.01427684837857966,-0.5433160262757738,0.0024827468913082296,1.0,0.5744397479657574,0.0,0.61,1.127719630065053,125,nested_validation
2016-03-14,0.0024827468913082296,-0.001236918139687182,0.0002786118758713041,0.08472228769000378,0.02441627657974244,63.156911998747816,0.0157895102026174,-0.9173424007783878,-0.004953271719250862,0.0,0.57096974847693,0.0,0.61,1.127719630065053,125,nested_validation
2016-03-15,-0.004953271719250862,0.012283557303331083,-0.0027922767111754343,0.07580111416981161,0.023117429094173775,61.357099769572876,0.023957654961135222,-0.6770539735746776,0.029868634346472023,1.0,0.563515557478636,0.0,0.61,1.127719630065053,125,nested_validation
2016-03-16,0.029868634346472023,0.04317647570387417,0.026483430082727244,0.10161388451113695,0.02331308809411573,67.36638560134753,0.04410880646216644,0.09336858409748157,-0.00845881681729943,0.0,0.5147409342067545,0.0,0.61,1.127719630065053,125,nested_validation
2016-03-17,-0.00845881681729943,0.03598465815959773,0.01726431231056469,0.08660293504207872,0.015620312335820346,64.2291571860226,0.023461273980426474,0.5122105821295053,0.030164841098552442,1.0,0.4687869677365316,0.0,0.61,1.127719630065053,125,nested_validation
2016-03-18,0.030164841098552442,0.04934837729460795,0.04387316826223775,0.11237974951761065,0.016490371073600456,69.61705787202014,0.03697130980438386,2.6957664567564126,0.002957486456629743,1.0,0.4792218825118354,0.0,0.61,1.127719630065053,125,nested_validation
2016-03-21,0.002957486456629743,0.04984531072718079,0.04190992855120479,0.10647642369364974,0.01499777085115587,70.10680941125908,0.02270713712443005,0.39217904701687173,-0.0017696187437395983,0.0,0.46058039052908784,0.0,0.61,1.127719630065053,125,nested_validation
2016-03-22,-0.0017696187437395983,0.05320429182055908,0.033398274234007985,0.09413930116845748,0.01504741132465666,69.3839906588856,0.01949777988985413,-0.7118482621703772,0.017134815500383205,1.0,0.35726633954178405,-1.0,0.61,1.127719630065053,125,nested_validation
2016-03-23,0.017134815500383205,0.040181939053716365,0.04251214563509009,0.10216093641839663,0.015317279732110379,72.351277112692,0.02410686691887927,1.46165165992209,0.001451973162710285,1.0,0.4662432621219241,0.0,0.61,1.127719630065053,125,nested_validation
2016-03-24,0.001451973162710285,0.05057890986421776,0.03524885025400293,0.09309770170340959,0.0153231470713799,72.59778955793278,0.015371222157992373,-0.630663201447692,0.010150843395027032,1.0,0.3667170608663592,-1.0,0.61,1.127719630065053,125,nested_validation
2016-03-28,0.010150843395027032,0.03016830852106489,0.03762623167814794,0.09307930955457477,0.015166947675611442,74.32383520400847,0.0172265122278336,-0.3395761591380164,0.01607824070532593,1.0,0.3417231245009308,-1.0,0.61,1.127719630065053,125,nested_validation
2016-03-29,0.01607824070532593,0.04364503649151241,0.0446925297564047,0.09943641486405563,0.015105841361813288,76.83777184160186,0.024583185177869355,-0.34546990257065413,0.010454917906319139,1.0,0.44899310185373725,0.0,0.61,1.127719630065053,125,nested_validation
2016-03-30,0.010454917906319139,0.0564257304453335,0.04445364947437458,0.10082189033335909,0.012388268980970483,78.34628961712112,0.02097316784221376,0.9812494823461281,-0.0036354878750153308,0.0,0.34346638614557795,-1.0,0.61,1.127719630065053,125,nested_validation
2016-03-31,-0.0036354878750153308,0.034853090731755465,0.03302303702348941,0.0878114824405205,0.012508168047364996,76.46195005863461,0.018243002936570163,0.9234904392726615,0.014594532576572172,1.0,0.34686765075926546,-1.0,0.61,1.127719630065053,125,nested_validation
2016-04-01,0.014594532576572172,0.048433989860256155,0.038077198674946855,0.09674619846725196,0.012348152177368843,78.67162745744936,0.028492438107954952,0.5287226810151868,-0.009681842438837074,0.0,0.4585771603517626,0.0,0.61,1.127719630065053,125,nested_validation
2016-04-04,-0.009681842438837074,0.027849676067517315,0.022185486204753246,0.08015197456963352,0.012649663673543065,73.65939113059615,0.027374316111608607,0.9579214978903565,-0.0013967494203077635,0.0,0.4791560784110528,0.0,0.61,1.127719630065053,125,nested_validation
2016-04-05,-0.0013967494203077635,0.010172235275706543,0.01542303491569541,0.0739508600771539,0.012470570683135323,72.94435985692596,0.020699334035228684,0.2600694617568226,0.001398703057993167,1.0,0.35680285539547413,-1.0,0.61,1.127719630065053,125,nested_validation
2016-04-06,0.001398703057993167,0.0011185539739955175,0.011242342458083199,0.07082644069135258,0.01131307601120315,73.22427272981722,0.033240212450937695,1.4482500526515343,-0.010335251182705507,0.0,0.4986460878034437,0.0,0.61,1.127719630065053,125,nested_validation
2016-04-07,-0.010335251182705507,-0.005613176505101958,-0.002028056509723819,0.0558372656984778,0.011788803052649222,67.64724989181755,0.01721701117579515,0.5133953929437477,0.006491471025816153,1.0,0.47811223461852725,0.0,0.61,1.127719630065053,125,nested_validation
2016-04-08,0.006491471025816153,-0.0135548491411428,0.0011227724705804576,0.05860505867432586,0.01167387927063287,69.21673400064397,0.017947316313393538,-0.9013945166962218,0.006169403025783504,1.0,0.4272615576406727,0.0,0.61,1.127719630065053,125,nested_validation
2016-04-11,0.006169403025783504,0.0022344041450494956,0.004338542836309411,0.06060739765907219,0.011396818317015715,70.6818662982577,0.019788210148298593,0.571473891660069,-0.001114745326415978,0.0,0.4552789246490398,0.0,0.61,1.127719630065053,125,nested_validation
2016-04-12,-0.001114745326415978,0.0025174336713844614,0.001956891763794877,0.054769051644212086,0.011470514005958075,70.02929166404228,0.02539064656801656,-0.6439231157812035,0.025111529221707007,1.0,0.5168817022957397,0.0,0.61,1.127719630065053,125,nested_validation
2016-04-13,0.025111529221707007,0.026256751046319415,0.024311254322450626,0.07704018506175192,0.0119894096546048,75.50868080912296,0.020413730859430216,0.009206568060963578,0.002721894551135362,1.0,0.3399349244477681,-1.0,0.61,1.127719630065053,125,nested_validation
2016-04-14,0.002721894551135362,0.03979667350467064,0.02364607498691229,0.0758716586720325,0.010773925640262015,76.03300826600149,0.013843680250916746,0.8417753333620915,0.007871961391340276,1.0,0.37107059629608474,-1.0,0.61,1.127719630065053,125,nested_validation
2016-04-15,0.007871961391340276,0.0412228448446168,0.028902424201411536,0.07963247954596153,0.010299178067513015,77.53501991379554,0.020199312278312575,1.0261273143850655,-0.004309195070039795,0.0,0.3427751682841184,-1.0,0.61,1.127719630065053,125,nested_validation
2016-04-18,-0.004309195070039795,0.0303791880145583,0.021157929656888008,0.0703945391691363,0.008947041779716523,74.75157044579275,0.0121720519255929,-0.5736143521735206,-0.017852251815054676,0.0,0.36067854768958857,-1.0,0.61,1.127719630065053,125,nested_validation
2016-04-19,-0.017852251815054676,0.013113963340891877,0.001379030216311472,0.047273004466026336,0.010191418878727132,64.47021065061725,0.030294655418510168,-0.5202613693816315,0.0038557388530289227,1.0,0.5936479356210482,0.0,0.61,1.127719630065053,125,nested_validation
2016-04-20,0.0038557388530289227,-0.00789305629599013,0.003441305775597092,0.046581861559426674,0.010120121811463625,65.5525499592072,0.012620028547436208,-2.024612067443706,-0.0010975134442220424,0.0,0.5232645589737726,0.0,0.61,1.127719630065053,125,nested_validation
2016-04-21,-0.0010975134442220424,-0.011672031516959946,-0.00035688439023817686,0.040771398969580375,0.009685954135761989,64.94376142538263,0.010436722458971124,-2.002365606936655,-0.003845149336045073,0.0,0.48585577874237146,0.0,0.61,1.127719630065053,125,nested_validation
2016-04-22,-0.003845149336045073,-0.023161931707953776,-0.005865614484481196,0.032254948097911296,0.00979230226413848,62.747498009101854,0.017369716607940726,-1.36226491532791,0.004962951930795656,1.0,0.43198221748822635,0.0,0.61,1.127719630065053,125,nested_validation
2016-04-25,0.004962951930795656,-0.0140653465829631,-0.002490236768487364,0.03323172138408159,0.009656124637361579,64.41384869544162,0.012894357086800978,-1.6302380159957919,0.0008229846106024841,1.0,0.4434232959015074,0.0,0.61,1.127719630065053,125,nested_validation
2016-04-26,0.0008229846106024841,0.004681896677369846,-0.003414789172807353,0.03001388870292776,0.00912742139171429,64.6972526093497,0.02110749482004913,-1.284161615140498,0.022752054466636418,1.0,0.43939003063863086,0.0,0.61,1.127719630065053,125,nested_validation
2016-04-27,0.022752054466636418,0.02359376366792465,0.01767487944518198,0.04834774181511414,0.010071330427489984,71.46789019847155,0.027070509787622876,0.3842941198883726,-0.02975064105257086,0.0,0.4723388309897923,0.0,0.61,1.127719630065053,125,nested_validation
2016-04-28,-0.02975064105257086,-0.00576762357880678,-0.010874916668080381,0.01421394779397156,0.01220651380656145,55.99975545023046,0.03287291762440239,0.7309375322795678,-0.018508339173269772,0.0,0.44490835384463245,0.0,0.61,1.127719630065053,125,nested_validation
2016-04-29,-0.018508339173269772,-0.02040251499961554,-0.02491909301543993,-0.007070439389745609,0.012474468180510604,49.09283761129943,0.02786377085726403,0.03152102327651187,0.013228382630058544,1.0,0.5515429392703795,0.0,0.61,1.127719630065053,125,nested_validation
2016-05-02,0.013228382630058544,-0.012345705432768472,-0.009383280942840466,0.004016149442550798,0.012655630893805597,53.43191261151656,0.014444457542749412,-0.6877083927287745,-0.011944647883356585,0.0,0.5063181138787578,0.0,0.61,1.127719630065053,125,nested_validation
2016-05-03,-0.011944647883356585,-0.02494534318891073,-0.019218698214643504,-0.009505006849212405,0.012934510313851766,49.29233269118354,0.01349447846822789,-0.9852486149071867,-0.022772039200415928,0.0,0.5241085544547596,0.0,0.61,1.127719630065053,125,nested_validation
2016-05-04,-0.022772039200415928,-0.06834636040838937,-0.0370659018621009,-0.03287750107725962,0.01382982676494998,42.597573743729555,0.022151870299746936,2.359871547206134,0.006041614494208369,1.0,0.38057315455315666,-1.0,0.61,1.127719630065053,125,nested_validation
2016-05-05,0.006041614494208369,-0.03397789127018225,-0.027368263444249363,-0.027521543107387414,0.013759832762307586,44.69483680140859,0.019159322585793767,-0.6246937051703121,0.010294477458480777,1.0,0.4703242285399048,0.0,0.61,1.127719630065053,125,nested_validation
2016-05-06,0.010294477458480777,-0.00562904352090543,-0.014779719489166676,-0.01828389986892698,0.013881678141280301,48.1894023072222,0.016416667948849835,-1.2405678002709168,-0.00141505476411663,0.0,0.5090478462761827,0.0,0.61,1.127719630065053,125,nested_validation
2016-05-09,-0.00141505476411663,-0.019999948538381718,-0.012953437029265547,-0.020081522772030458,0.013801270024079739,47.7382783788005,0.01643986604498535,0.3896908897235379,0.01927406094815809,1.0,0.5024564358226488,0.0,0.61,1.127719630065053,125,nested_validation
2016-05-10,0.01927406094815809,0.010964244101139498,0.007536776343060048,-0.001721330236817531,0.014473140238148087,54.04044417457593,0.023915452368429357,-0.28642362235925034,0.0027810702029402723,1.0,0.5639686107414092,0.0,0.61,1.127719630065053,125,nested_validation
2016-05-11,0.0027810702029402723,0.037399508920271884,0.013889724207195586,0.0007771313405953162,0.01333004653581096,54.90179436505502,0.016361623996836962,0.35985445034270097,-0.013588612537865252,0.0,0.5199713991161629,0.0,0.61,1.127719630065053,125,nested_validation
2016-05-12,-0.013588612537865252,0.017157415959430544,0.0018870805940001123,-0.012767241131198426,0.013583442612417488,49.96108024735133,0.0435760401454803,3.0005022148726117,0.15209438999180747,1.0,0.4532355939454201,0.0,0.61,1.127719630065053,125,nested_validation
2016-05-13,0.15209438999180747,0.1599205764376579,0.1368174294563751,0.132325537802368,0.03619372891267864,75.82661598762526,0.04880424764394378,4.1782093621148695,0.029526453448082357,1.0,0.38441545322872356,-1.0,0.61,1.127719630065053,125,nested_validation
2016-05-16,0.029526453448082357,0.19586112632534558,0.15062564400071343,0.15893825000992035,0.036482915269814994,78.50307572309427,0.05356727099948411,1.2759100781214296,0.0021335128613397814,1.0,0.38141641327679016,-1.0,0.61,1.127719630065053,125,nested_validation
2016-05-17,0.0021335128613397814,0.1757510147015211,0.13235853293924316,0.15450783061543927,0.036053034496147794,78.6920795093543,0.02649006249070248,0.43545805089609685,0.0255438428664434,1.0,0.475251945748518,0.0,0.61,1.127719630065053,125,nested_validation
2016-05-18,0.0255438428664434,0.20244014341744054,0.13513787992706794,0.17590679060920733,0.036230518464582584,80.86580910364731,0.04266614877341462,0.19477036655808558,0.004381821965868449,1.0,0.4744769420292897,0.0,0.61,1.127719630065053,125,nested_validation
2016-05-19,0.004381821965868449,0.22434618801161132,0.11506538814633416,0.17245316770004382,0.03617132559892092,81.22860995172319,0.016762331550841718,-0.1649940861271642,0.01791092562657015,1.0,0.4127652021624566,0.0,0.61,1.127719630065053,125,nested_validation
2016-05-20,0.01791092562657015,0.08174761751519699,0.10947074818561142,0.18423894859328582,0.036077624950656174,82.68052048902118,0.017144194026358986,-0.204779117562924,0.0015787296126126282,1.0,0.3414413250493053,-1.0,0.61,1.127719630065053,125,nested_validation
2016-05-23,0.0015787296126126282,0.052382287879675804,0.0864245710961773,0.17717750672987975,0.036112001842641114,82.80899849437492,0.012612557463440999,-0.17952137384707337,0.024274772597977723,1.0,0.35736205868133414,-1.0,0.61,1.127719630065053,125,nested_validation
2016-05-24,0.024274772597977723,0.07563375016402851,0.08747102710724519,0.19556987713573903,0.03615883785093243,84.69230474617004,0.026455107661026354,-0.20066024366565557,-0.004188811924981772,0.0,0.3874748375621725,-1.0,0.61,1.127719630065053,125,nested_validation
2016-05-25,-0.004188811924981772,0.04444888449680984,0.05953771956622189,0.1817108149491382,0.03622347807257034,82.96233859295727,0.01948191650314633,-0.11096923228777647,0.010626423979568367,1.0,0.31528218735458863,-1.0,0.61,1.127719630065053,125,nested_validation
2016-05-26,0.010626423979568367,0.050942597808515844,0.04584257041448714,0.18506503066285807,0.03503835555081436,83.85930044218581,0.01883898457606784,-0.46215708520945276,0.005476565480924567,1.0,0.2944111905825975,-1.0,0.61,1.127719630065053,125,nested_validation
2016-05-27,0.005476565480924567,0.03810473702466832,0.039599294336519764,0.18248294914428032,0.0343651827388418,84.3222608999298,0.009150390487026273,-0.5345070916423253,0.01786480275776703,1.0,0.3126226926888729,-1.0,0.61,1.127719630065053,125,nested_validation
2016-05-31,0.01786480275776703,0.05498473774718171,0.047168289768300564,0.19351668086258744,0.03437778017557136,85.76451080306332,0.01605314366536324,-0.22750700852909692,0.0019266515200417889,1.0,0.318372193384146,-1.0,0.61,1.127719630065053,125,nested_validation
2016-06-01,0.0019266515200417889,0.031966571835755575,0.03838775270162387,0.18512486927396576,0.03398922688188393,85.91765892258825,0.019226590744877717,-0.31264343417112817,0.007049176990043371,1.0,0.29342820608986414,-1.0,0.61,1.127719630065053,125,nested_validation
2016-06-02,0.007049176990043371,0.04361258368403087,0.03675588876260383,0.18271487963513122,0.03296050250548572,86.49138672920057,0.01994067352992514,-0.42932044738413594,-0.014000080460232378,0.0,0.30181975548700773,-1.0,0.61,1.127719630065053,125,nested_validation
2016-06-03,-0.014000080460232378,0.01818228687433021,0.01544573304221486,0.15632734094113165,0.03354684658918148,79.5138622564413,0.02323575884923829,-0.13293174913639072,-0.0051640893821317535,0.0,0.3466796357581703,-1.0,0.61,1.127719630065053,125,nested_validation
2016-06-06,-0.0051640893821317535,0.007407171198585916,0.0057528712795054116,0.14083493580065687,0.03382278472710785,77.07837511648927,0.02076128742318301,-0.49991543938941563,0.0019463361022105108,1.0,0.41270227186807995,0.0,0.61,1.127719630065053,125,nested_validation
2016-06-07,0.0019463361022105108,-0.008347747745309775,0.0032479531709790344,0.1337552426564732,0.033753032187267905,77.35840872873604,0.010144600125255934,-0.7976525060311468,-0.003237207216842508,0.0,0.4099982369935313,0.0,0.61,1.127719630065053,125,nested_validation
2016-06-08,-0.003237207216842508,-0.013458652958767803,-0.0017722909390953667,0.12112782907093056,0.03394560180210925,75.69868836504158,0.015374642423761891,-0.6889970361457897,0.025985240945015864,1.0,0.38692726305020475,-1.0,0.61,1.127719630065053,125,nested_validation
2016-06-09,0.025985240945015864,0.005091791715278182,0.019297554201440414,0.14087428653260914,0.03396460714449719,79.49026761852349,0.03229208118187988,-0.11916100726878127,-0.024905396788514667,0.0,0.37637092854141374,-1.0,0.61,1.127719630065053,125,nested_validation
2016-06-10,-0.024905396788514667,-0.006024683763473648,-0.007263077249434646,0.10352001812105827,0.034516082096409176,68.21865421201507,0.0238095532985263,-0.2655655245859692,0.012770653966988288,1.0,0.4600301861543303,0.0,0.61,1.127719630065053,125,nested_validation
2016-06-13,0.012770653966988288,0.011894544927206319,0.0034957369721386744,0.10760177375483226,0.013681823106095975,70.47310622616607,0.03098952425734562,0.3178029348058864,0.0019236653026066808,1.0,0.5067979637142385,0.0,0.61,1.127719630065053,125,nested_validation
2016-06-14,0.0019236653026066808,0.011871649031865772,0.005081220165064515,0.10020625706665642,0.01268301668252462,70.8132531671522,0.020051164380754025,-0.9182318531661937,0.010238916700187506,1.0,0.4491990048444018,0.0,0.61,1.127719630065053,125,nested_validation
2016-06-15,0.010238916700187506,0.02555204303253711,0.014176290569321015,0.10123495546339556,0.012698622978909514,72.6244102089548,0.021537111140108006,-0.8496215625061775,0.004012022411470362,1.0,0.4106462421514987,0.0,0.61,1.127719630065053,125,nested_validation
2016-06-16,0.004012022411470362,0.003588102168902596,0.017351903829986748,0.09472441524341524,0.011873520487108293,73.32993552472658,0.022712891490317303,-1.3830749060581933,-0.01745565192065246,0.0,0.4207901153178397,0.0,0.61,1.127719630065053,125,nested_validation
2016-06-17,-0.01745565192065246,0.0112555380145698,-0.000919608157663454,0.06592952121371054,0.012829524521376123,65.40075674274271,0.023330523886051238,1.2609402672360441,0.01797954820537062,1.0,0.5299588455163663,0.0,0.61,1.127719630065053,125,nested_validation
2016-06-20,0.01797954820537062,0.016456639690317854,0.014180612073582122,0.07502084166443468,0.012833324773768067,69.04837896455055,0.015349023040277828,-0.752477725121237,-0.006097781671197011,0.0,0.44686342858349226,0.0,0.61,1.127719630065053,125,nested_validation
2016-06-21,-0.006097781671197011,0.008318841054746118,0.0059798940746347284,0.058827423694966186,0.013005717759553719,66.44393262357983,0.014597046898298929,-1.4978069341846425,-0.0008459035861252406,0.0,0.48015287068490625,0.0,0.61,1.127719630065053,125,nested_validation
2016-06-22,-0.0008459035861252406,-0.002744911251394866,0.0028879248716806583,0.04903143878915173,0.012106291078763464,66.073875264668,0.011221675363248994,-1.4278286457769072,0.026677736659973528,1.0,0.5048813375887721,0.0,0.61,1.127719630065053,125,nested_validation
2016-06-23,0.026677736659973528,0.019768264258348323,0.02722158730735602,0.06712291165330164,0.013130912853680628,71.46664448263611,0.018354346357442045,-0.35254613316597283,-0.05691868625873775,0.0,0.4667144350547387,0.0,0.61,1.127719630065053,125,nested_validation
2016-06-24,-0.05691868625873775,-0.0211898361144065,-0.030281042493208288,-0.001128488230024538,0.018491421101992443,51.976687090198915,0.04504698300653704,3.725684160855209,-0.010715023980591099,0.0,0.46996476630963246,0.0,0.61,1.127719630065053,125,nested_validation
2016-06-27,-0.010715023980591099,-0.04878031074966116,-0.0375080933954427,-0.014962823314752627,0.01859949763383567,49.40087463278749,0.024977981591809965,0.43001023110237135,0.014588695335790103,1.0,0.6161468579919316,1.0,0.61,1.127719630065053,125,nested_validation
2016-06-28,0.014588695335790103,-0.02898220197457746,-0.021426289927945597,-0.003355102506943375,0.018450441973069342,52.79423577048707,0.019172073591242324,0.054526780314066776,0.01634010228163718,1.0,0.5557743635717354,0.0,0.61,1.127719630065053,125,nested_validation
2016-06-29,0.01634010228163718,-0.01228015607949251,-0.003928563708212263,0.009656682326496302,0.018817282227930957,56.37469373325789,0.017792107992322444,-0.28619738906067715,0.00771691658147855,1.0,0.5356398060934405,0.0,0.61,1.127719630065053,125,nested_validation
2016-06-30,0.00771691658147855,-0.03052149664801651,0.004916726740774813,0.014693945858805568,0.018830332335091456,58.020554250256396,0.020208420734878895,0.32462835079840824,-0.0074455642673323386,0.0,0.5445604239569141,0.0,0.61,1.127719630065053,125,nested_validation
2016-07-01,-0.0074455642673323386,0.02033639605489901,-0.0024374862452746227,0.004809061878259024,0.01863915746380364,55.81566058059972,0.018431197536797516,-0.8100338182128015,0.014787732734887538,1.0,0.5478832971316779,0.0,0.61,1.127719630065053,125,nested_validation
2016-07-05,0.014787732734887538,0.046639626678332435,0.012768933136835914,0.017378576246779298,0.01884902629533924,59.11419713865726,0.02956702482322526,0.037917252076721523,0.006336074546258175,1.0,0.5725694834401298,0.0,0.61,1.127719630065053,125,nested_validation
2016-07-06,0.006336074546258175,0.038126304992430304,0.018358189582023066,0.021363222096127066,0.018880023356494427,60.49515944960881,0.02413436540978115,-0.5479192283087317,0.02602306698340251,1.0,0.5113964595220634,0.0,0.61,1.127719630065053,125,nested_validation
2016-07-07,0.02602306698340251,0.0480168331184474,0.04116527385766089,0.045305813805656125,0.019570586720495848,65.65812497567714,0.02679485448907711,0.11098412392694992,0.04009024362855551,1.0,0.5056857085494871,0.0,0.61,1.127719630065053,125,nested_validation
2016-07-08,0.04009024362855551,0.08168481182468978,0.07749047370146456,0.0828289795266699,0.020610882120657807,71.90779119978366,0.036774881662802766,0.6126075927258782,0.02300866896447995,1.0,0.515912073326923,0.0,0.61,1.127719630065053,125,nested_validation
2016-07-11,0.02300866896447995,0.11487380414257853,0.08778385660200083,0.10275726107190586,0.019913136651836725,74.85003533380016,0.016916535625060364,0.4034796387607777,0.014994304901150057,1.0,0.4760663197622399,0.0,0.61,1.127719630065053,125,nested_validation
2016-07-12,0.014994304901150057,0.1151007500243646,0.0869118486063325,0.11386147729485097,0.01995594928045128,76.6089372092912,0.025378843946286155,0.3467211929109657,-0.0003788841263849818,0.0,0.5049007486779561,0.0,0.61,1.127719630065053,125,nested_validation
2016-07-13,-0.0003788841263849818,0.10766003946887426,0.07132705928675831,0.10871481299385777,0.01998726235631353,76.46123944273307,0.009473321692170241,-0.3168396543705341,0.010231261275130743,1.0,0.49097417651517616,0.0,0.61,1.127719630065053,125,nested_validation
2016-07-14,0.010231261275130743,0.09061173646576837,0.06783100494244199,0.11497588664083347,0.019987184059167593,77.71045821253458,0.022130539274946504,-0.36735445179141313,-0.011628034229938522,0.0,0.42168051418715635,0.0,0.61,1.127719630065053,125,nested_validation
2016-07-15,-0.011628034229938522,0.03638128755251535,0.04352301923888735,0.09775652929515677,0.02035791772567502,72.92509893144046,0.02087289068548842,0.23832955456909083,0.0051234425222845825,1.0,0.4317569630350361,0.0,0.61,1.127719630065053,125,nested_validation
2016-07-18,0.0051234425222845825,0.018262268065522003,0.03592598707794381,0.09843098650770288,0.019675755311967174,73.68507154529833,0.01245988023348357,-0.7367342167574596,0.010383487400948077,1.0,0.4094366977496154,0.0,0.61,1.127719630065053,125,nested_validation
2016-07-19,0.010383487400948077,0.01363660517980847,0.03420316117311328,0.10427961833169164,0.019523092801737515,75.2114679372275,0.016629338776926926,0.0030230982763606003,0.013078726943823948,1.0,0.40779231822782885,0.0,0.61,1.127719630065053,125,nested_validation
2016-07-20,0.013078726943823948,0.02728290274437639,0.03459438768477807,0.11268422476429873,0.019370120746295395,77.03699008502994,0.01899671068542655,-0.5450607777247656,-0.01844331653425968,0.0,0.3987366541904073,0.0,0.61,1.127719630065053,125,nested_validation
2016-07-21,-0.01844331653425968,-0.0018756717881708296,0.007191370594555657,0.08692827392500369,0.02009589635605379,69.19684633911311,0.023111639297510065,-0.20655999922900667,0.027245289011328166,1.0,0.528894847299774,0.0,0.61,1.127719630065053,125,nested_validation
2016-07-22,0.027245289011328166,0.037381218319310516,0.027206573678251855,0.11102808261825281,0.020125183044418647,73.42079955012079,0.03018107949931679,-0.49903939656844115,0.018474735605379156,1.0,0.48982637185429484,0.0,0.61,1.127719630065053,125,nested_validation
2016-07-25,0.018474735605379156,0.051160999089244985,0.039038622225160635,0.12433367162016573,0.014106375836577617,75.89987045245593,0.018857762588869682,-0.6675764973912638,0.017061663691241957,1.0,0.41231959574581306,0.0,0.61,1.127719630065053,125,nested_validation
2016-07-26,0.017061663691241957,0.05810869622496995,0.04926712630811747,0.13599273250575172,0.013346341914498985,77.9802278225899,0.014656490323649816,1.9827647933311363,-0.010065147782510997,0.0,0.4030439070452979,0.0,0.61,1.127719630065053,125,nested_validation
2016-07-27,-0.010065147782510997,0.03393610779627809,0.03243164818276756,0.11769799212406085,0.014109707324905463,73.86056258625906,0.02675706328869327,1.02376792160323,0.0021403268545834297,1.0,0.4392694100948039,0.0,0.61,1.127719630065053,125,nested_validation
2016-07-28,0.0021403268545834297,0.055618169044725496,0.029220372931240135,0.11356294043880277,0.014137432594838175,74.16991570112191,0.01050196065117396,-1.6628956492751474,0.016376117344257368,1.0,0.3664628133454032,-1.0,0.61,1.127719630065053,125,nested_validation
2016-07-29,0.016376117344257368,0.044448786992587586,0.03771019942069853,0.12470214513735689,0.014210538195852945,76.46942350457547,0.03274952654496498,0.589782861216172,-0.006479547857242474,0.0,0.43495817874441484,0.0,0.61,1.127719630065053,125,nested_validation
2016-08-01,-0.006479547857242474,0.018858097128972684,0.023989093178504728,0.11011858602194402,0.01415312821763834,73.6305880014628,0.02097654873947474,-0.8147238715192946,-0.012163478022354846,0.0,0.40346340304999856,0.0,0.61,1.127719630065053,125,nested_validation
2016-08-02,-0.012163478022354846,-0.010418664878329875,0.006953596072427848,0.0905832961398989,0.014889224836457791,68.52138550507078,0.027301904966117944,-0.9690399446621568,0.0026769066517096096,1.0,0.5025176011335057,0.0,0.61,1.127719630065053,125,nested_validation
2016-08-03,0.0026769066517096096,0.0023188392220294674,0.006087758786124109,0.08721169476954982,0.014937958811476845,69.02460438078913,0.011389950200684928,-0.7844068101209904,0.018508662570553946,1.0,0.4893640562719016,0.0,0.61,1.127719630065053,125,nested_validation
2016-08-04,0.018508662570553946,0.018690090647787816,0.017404175959343515,0.1002384154347622,0.014579872322856683,72.32738020688397,0.01991959507418802,-1.0264905099764678,0.01694929655491184,1.0,0.4231271664754957,0.0,0.61,1.127719630065053,125,nested_validation
2016-08-05,0.01694929655491184,0.019264574809797486,0.028196034280188353,0.11196751441137587,0.012797518010731628,75.00440150410658,0.010652885909339417,0.28788703405100324,0.009278367742528326,1.0,0.44307983178704735,0.0,0.61,1.127719630065053,125,nested_validation
2016-08-08,0.009278367742528326,0.035430809847082134,0.03215618411617349,0.1130623413135392,0.012269937651799226,76.37460334174551,0.017364697863917214,-0.5204254010683129,0.0025533641010782038,1.0,0.3977041598168316,0.0,0.61,1.127719630065053,125,nested_validation
2016-08-09,0.0025533641010782038,0.05085671425457572,0.030698561560065007,0.10636556448127199,0.012121170910047418,76.75573380345939,0.012226189072696384,0.47286045280346845,-0.006452614958440517,0.0,0.40813886851588954,0.0,0.61,1.127719630065053,125,nested_validation
2016-08-10,-0.006452614958440517,0.04128850836660369,0.01967548564067534,0.09061425404474144,0.012339926359236001,73.51969705068952,0.02016749853061448,0.4825441467079779,0.02033825366722941,1.0,0.40870108459192733,0.0,0.61,1.127719630065053,125,nested_validation
2016-08-11,0.02033825366722941,0.04315901988407056,0.03407046688244919,0.10384513831966435,0.012734525162638816,76.81609996944972,0.020938024186427553,3.16758178803154,0.05594669715361067,1.0,0.42460345248941284,0.0,0.61,1.127719630065053,125,nested_validation
2016-08-12,0.05594669715361067,0.08316149623601565,0.0808031749849798,0.1541984281825648,0.01617567877890376,83.15461927284358,0.04362303662070125,4.005226642877525,-0.0009519412744566358,0.0,0.4782238357384717,0.0,0.61,1.127719630065053,125,nested_validation
2016-08-15,-0.0009519412744566358,0.07218228854073971,0.06832675192652271,0.1417279828346063,0.016304535293888478,82.71703804690391,0.02175295125335569,0.5811046237840931,-0.00603372809765268,0.0,0.36500140685825394,-1.0,0.61,1.127719630065053,125,nested_validation
2016-08-16,-0.00603372809765268,0.0629988091418141,0.05019449635483442,0.12447673065779341,0.016615597504432738,79.85152648250359,0.009265113223684113,-0.5246056694755161,-0.023162691680855274,0.0,0.39151043524828455,0.0,0.61,1.127719630065053,125,nested_validation
2016-08-17,-0.023162691680855274,0.0451206566510276,0.01740330241492316,0.08962306461060643,0.017890429684069117,69.90091692785371,0.03401474912360215,0.6208866317993862,0.01553529954328936,1.0,0.5567164994513587,0.0,0.61,1.127719630065053,125,nested_validation
2016-08-18,0.01553529954328936,0.04020104636509014,0.024904565479471952,0.09793602292656378,0.01706482635728793,72.33345124795501,0.02222222392856368,-0.40228201435677363,0.002576674789673161,1.0,0.5075007086893747,0.0,0.61,1.127719630065053,125,nested_validation
2016-08-19,0.002576674789673161,-0.012373153883031063,0.02070600877956963,0.0934125677143649,0.016503459539992476,72.73317500937883,0.014937349447049638,-0.552709121019081,0.004175847332033911,1.0,0.4980450740702679,0.0,0.61,1.127719630065053,125,nested_validation
2016-08-22,0.004175847332033911,-0.007303986644526805,0.018655713194560386,0.0912707669448376,0.016284211667396523,73.4055073049823,0.01439541821411211,-0.7160347977202427,0.008092419010670593,1.0,0.508416687999664,0.0,0.61,1.127719630065053,125,nested_validation
2016-08-23,0.008092419010670593,0.006804107679103444,0.02002535814988904,0.09359522342746085,0.016094156702477012,74.71224346168546,0.009378479780050124,-0.3155794519584799,-0.015418705453378312,0.0,0.5260314575894337,0.0,0.61,1.127719630065053,125,nested_validation
2016-08-24,-0.015418705453378312,0.014785659035951415,-0.0014298448003974285,0.0709885959187091,0.016392432453947763,67.81930912174221,0.024378435350494214,-0.4442646719968384,-0.006619547105560342,0.0,0.5495739584969623,0.0,0.61,1.127719630065053,125,nested_validation
2016-08-25,-0.006619547105560342,-0.007352833508329826,-0.011132401362913713,0.058829016499773124,0.01658488087718809,65.08583193748248,0.019990195118080163,-0.06729164789968792,0.008126326929572603,1.0,0.5221904681556813,0.0,0.61,1.127719630065053,125,nested_validation
2016-08-26,0.008126326929572603,-0.0018581450618414541,-0.0016620818445145513,0.06169240761092465,0.0163929773818699,66.8410426654392,0.019023058070509226,-0.45661793183388616,-0.0006452350960943765,0.0,0.524174609109989,0.0,0.61,1.127719630065053,125,nested_validation
2016-08-29,-0.0006452350960943765,-0.00665025808707187,-0.0009005871914853358,0.055516858401146285,0.016248519660132764,66.55262881510968,0.01032419004411065,-0.5484313670328576,-0.005807185196645803,0.0,0.5565969030986531,0.0,0.61,1.127719630065053,125,nested_validation
2016-08-30,-0.005807185196645803,-0.020346589883297295,-0.005332117200558373,0.04452097000966715,0.015976123157878698,63.882649588145014,0.012656184863333642,-0.506998839953045,-0.0047054422451796585,0.0,0.5142086138722209,0.0,0.61,1.127719630065053,125,nested_validation
2016-08-31,-0.0047054422451796585,-0.009686947156464343,-0.010495513534359402,0.03538298352910685,0.016109869475356163,61.73404032638515,0.01238991505706267,-0.12642755178760304,0.029507556688815884,1.0,0.5371837120433485,0.0,0.61,1.127719630065053,125,nested_validation
2016-09-01,0.029507556688815884,0.02632860191615838,0.01679273756594979,0.059954169838001725,0.01674982401949137,68.78975243455048,0.032304037107973214,-0.0014438190677781555,-0.009817929017027271,0.0,0.5022814296379772,0.0,0.61,1.127719630065053,125,nested_validation
2016-09-02,-0.009817929017027271,0.008060352564719597,0.0061870022989334306,0.04489380578054014,0.01682391292326861,64.40874547888949,0.024468236566449014,-0.4038252855778488,0.009435491282672848,1.0,0.5718134948177603,0.0,0.61,1.127719630065053,125,nested_validation
2016-09-06,0.009435491282672848,0.018228894252180883,0.014513647561917864,0.050340209518539236,0.016826493739418108,66.58936218195859,0.010931522419770424,-0.46810990449554407,-0.01473354718909059,0.0,0.4957380523183128,0.0,0.61,1.127719630065053,125,nested_validation
2016-09-07,-0.01473354718909059,0.009086724276772706,0.0007243237335246011,0.03162381262907177,0.017307191410934702,60.31633673197513,0.022511636851117508,-0.11669895490782647,0.007235575228933033,1.0,0.5756296397735159,0.0,0.61,1.127719630065053,125,nested_validation
2016-09-08,0.007235575228933033,0.021193212867110622,0.006831076412480597,0.03526252805035224,0.017191331808885876,62.17318368366641,0.021072792268295462,-0.42501299351700333,-0.049808101360728774,0.0,0.5455347870077119,0.0,0.61,1.127719630065053,125,nested_validation
2016-09-09,-0.049808101360728774,-0.05748188878516991,-0.04021649179563458,-0.01816444311368748,0.02030345220941769,46.075124097808384,0.0554435342541236,1.0574566756330521,0.020665086157124035,1.0,0.4730412602927472,0.0,0.61,1.127719630065053,125,nested_validation
2016-09-12,0.020665086157124035,-0.028466221133712222,-0.01835630714826675,6.0397753765872864e-05,0.016567598744298,51.41582765298893,0.05843621896614169,1.6924532718748353,-0.014485477210912312,0.0,0.5475367575969806,0.0,0.61,1.127719630065053,125,nested_validation
2016-09-13,-0.014485477210912312,-0.05148901864322275,-0.02925046780028362,-0.01617741913146853,0.016801317643408354,47.770530692501985,0.029564063155954737,0.7672812581124794,0.00885258155368307,1.0,0.5929520529090786,0.0,0.61,1.127719630065053,125,nested_validation
2016-09-14,0.00885258155368307,-0.028782772981056692,-0.01869978698619279,-0.009888562948868529,0.016948269794182735,50.066736821588556,0.0180463128882294,-0.5158133657152437,0.03791372800498882,1.0,0.549446849356257,0.0,0.61,1.127719630065053,125,nested_validation
2016-09-15,0.03791372800498882,0.0007983411117933326,0.01627596157842426,0.02395561590054629,0.018232723385179207,58.54668943908607,0.038283657028354456,1.2187508509663765,0.0023925708437733118,1.0,0.540169067295149,0.0,0.61,1.127719630065053,125,nested_validation
2016-09-16,0.0023925708437733118,0.0557791783742454,0.019219683502791796,0.023221545119448628,0.01794981008593119,59.03737749403886,0.017982163831506387,3.0947468839161987,0.013208214345630243,1.0,0.45609320254169394,0.0,0.61,1.127719630065053,125,nested_validation
2016-09-19,0.013208214345630243,0.04806576669674545,0.030775848079213075,0.03360771818985664,0.018149487292774633,61.73655914002237,0.03219725465522845,0.03499295671675979,-0.00910958681154872,0.0,0.5170616071296218,0.0,0.61,1.127719630065053,125,nested_validation
2016-09-20,-0.00910958681154872,0.0537828683353303,0.021435524763636193,0.021727205292866314,0.018277608959667877,58.819766143102555,0.026311600724725968,-0.5468507835459998,0.028055452507273593,1.0,0.514165225911791,0.0,0.61,1.127719630065053,125,nested_validation
2016-09-21,0.028055452507273593,0.07384095888666153,0.045572604992824006,0.04695690915558748,0.019176300499916366,64.35450072444803,0.026364477675846033,-0.5125174201456969,0.0024667562630338313,1.0,0.505923316751333,0.0,0.61,1.127719630065053,125,nested_validation
2016-09-22,0.0024667562630338313,0.03716699543675683,0.04414572586753618,0.04581568479792364,0.018769284550150988,64.81483966174468,0.012150107343365704,-0.6946370466675913,-0.0010763776499239652,0.0,0.5074916646287947,0.0,0.61,1.127719630065053,125,nested_validation
2016-09-23,-0.0010763776499239652,0.03357770418382544,0.034005355881646215,0.04169649048154622,0.01867167595542834,64.4229115169426,0.009699726936388287,-0.846957553313338,-0.009391965900224508,0.0,0.5024240178509181,0.0,0.61,1.127719630065053,125,nested_validation
2016-09-26,-0.009391965900224508,0.010523170987272623,0.01847313825453334,0.03113235710158735,0.01881553315979711,60.96268228778344,0.01663038138968458,-1.0951588759282793,0.03419298736496357,1.0,0.4474946746721025,0.0,0.61,1.127719630065053,125,nested_validation
2016-09-27,0.03419298736496357,0.05468370981815829,0.04229296815043404,0.06429992418031527,0.020060734937682963,67.70060439105424,0.0387736556276784,-0.06260540829624293,0.0036071159900423755,1.0,0.5451256914466875,0.0,0.61,1.127719630065053,125,nested_validation
2016-09-28,0.0036071159900423755,0.02960212283373065,0.03570212625396829,0.06569851014635208,0.01994106309573522,68.34259787950236,0.01347711185201674,-0.6029586357003811,0.009284103900268459,1.0,0.5009614346429616,0.0,0.61,1.127719630065053,125,nested_validation
2016-09-29,0.009284103900268459,0.03660400649275419,0.0377372252453132,0.07196452399200881,0.019860903362198295,70.00129479610139,0.02314542175469855,-0.47617675519368785,0.016617363514476846,1.0,0.4755830944323936,0.0,0.61,1.127719630065053,125,nested_validation
2016-09-30,0.016617363514476846,0.05496517302289727,0.04583549379841867,0.08601564946631468,0.019252369635067105,72.77627308218109,0.02656161032328742,0.1147479799736005,-0.00102182128575945,0.0,0.5446426645070586,0.0,0.61,1.127719630065053,125,nested_validation
2016-10-03,-0.00102182128575945,0.0638791034145989,0.03719963112311486,0.08130432896082129,0.01902452137107823,72.3258654414233,0.017238865468873,-1.0268483256861507,-0.0021913806215552167,0.0,0.42752108590176285,0.0,0.61,1.127719630065053,125,nested_validation
2016-10-04,-0.0021913806215552167,0.02645033599428337,0.02682045989033255,0.07559601493580814,0.019049021352390668,71.30765938490303,0.027964858986055687,-0.7722199595935548,-0.0010246864948963985,0.0,0.4988817251576134,0.0,0.61,1.127719630065053,125,nested_validation
2016-10-05,-0.0010246864948963985,0.021713108506378864,0.02059749160097435,0.07150152088347705,0.018599119026991195,70.80679276388892,0.02286386316513647,-0.5909382107610452,-0.0130439186973339,0.0,0.4727046235429749,0.0,0.61,1.127719630065053,125,nested_validation
2016-10-06,-0.0130439186973339,-0.000889876408214807,0.0038013860185910353,0.054543990463906455,0.018988457076473408,64.593377068483,0.02331453223154257,-0.27054052933910716,-0.00727678802142806,0.0,0.579020381830493,0.0,0.61,1.127719630065053,125,nested_validation
2016-10-07,-0.00727678802142806,-0.024372545061078887,-0.006317372653589004,0.0439711496184636,0.014780417032996955,61.398687066146195,0.01959611714030947,-0.6511907069853325,0.0037398122281431245,1.0,0.4823845953807587,0.0,0.61,1.127719630065053,125,nested_validation
2016-10-10,0.0037398122281431245,-0.019722212866135513,-0.006676355369248155,0.04511712655774658,0.0143920515239326,62.419912110521686,0.016244441933528468,-0.5635090914596272,-0.014456114959703115,0.0,0.49482516252924075,0.0,0.61,1.127719630065053,125,nested_validation
2016-10-11,-0.014456114959703115,-0.03177146399835529,-0.02044143496109574,0.0277996126307003,0.014390056407727109,56.20671394249153,0.020565576610996675,0.17560048483070603,0.004536518467222139,1.0,0.48457923142935916,0.0,0.61,1.127719630065053,125,nested_validation
2016-10-12,0.004536518467222139,-0.026381423557831796,-0.01548723230436988,0.029901151228369338,0.014364305814199143,57.61200620706371,0.02212853126334006,0.36291537947727537,-0.016257654614052375,0.0,0.5062376615924581,0.0,0.61,1.127719630065053,125,nested_validation
2016-10-13,-0.016257654614052375,-0.02955172976250775,-0.028541664793692134,0.011062141417622184,0.012912295709205185,51.237681088227696,0.03213466611328762,0.20090874376529652,0.009793561943115092,1.0,0.5220202599981956,0.0,0.61,1.127719630065053,125,nested_validation
2016-10-14,0.009793561943115092,-0.012864408064425903,-0.015324309231632527,0.019470880544053104,0.01301919468636776,54.45373148057581,0.015153796784272073,-0.059894351002892955,-0.005758804398801276,0.0,0.5081292199291552,0.0,0.61,1.127719630065053,125,nested_validation
2016-10-17,-0.005758804398801276,-0.022205895203203152,-0.016828446358977178,0.011994841789946253,0.012897245996747306,52.250121487344366,0.016460875441352402,-2.0672551917282616,0.015241678342351017,1.0,0.4648104978221821,0.0,0.61,1.127719630065053,125,nested_validation
2016-10-18,0.015241678342351017,0.007258370829998251,0.000690960099843485,0.02557907158522954,0.01297940315255236,57.16266524195203,0.01110942564851393,-0.8046254906419708,-0.002101660101620273,0.0,0.5499833810864178,0.0,0.61,1.127719630065053,125,nested_validation
2016-10-19,-0.002101660101620273,0.0006022057154304594,0.0012351856951393625,0.021180526908097352,0.01164070878206947,56.28960112113179,0.014442635311962463,-1.6780108019162552,0.018955726693633546,1.0,0.48697345893622745,0.0,0.61,1.127719630065053,125,nested_validation
2016-10-20,0.018955726693633546,0.03641909127741738,0.019615387847273125,0.03783254029856331,0.012261914708020419,61.926106255905424,0.02436143032847774,-0.016718172073451318,-0.002805036424195717,0.0,0.4698009465769443,0.0,0.61,1.127719630065053,125,nested_validation
2016-10-21,-0.002805036424195717,0.023488301893009655,0.01570027513237071,0.03069926001730572,0.012290189588580044,60.656008840551834,0.011252551774142869,-0.49943210620915357,0.046935101319119266,1.0,0.47801343001179236,0.0,0.61,1.127719630065053,125,nested_validation
2016-10-24,0.046935101319119266,0.0777322784270269,0.057630505145710664,0.07363564746221796,0.01540799340163219,71.25116787505311,0.039598388612770256,0.3211207155963048,0.016405105165049116,1.0,0.48134760615203104,0.0,0.61,1.127719630065053,125,nested_validation
2016-10-25,0.016405105165049116,0.07896731700666537,0.06583035681168115,0.0846611098859753,0.014150537145215506,74.0094015073639,0.02852371357631135,1.2142570983579999,0.004034945303414528,1.0,0.5069094571966329,0.0,0.61,1.127719630065053,125,nested_validation
2016-10-26,0.004034945303414528,0.08560245848818449,0.06111402738692995,0.08263274738011162,0.014150312539780698,74.66382965041086,0.02425168913415923,0.22267919492805296,-0.02051001130969865,0.0,0.4724295400590759,0.0,0.61,1.127719630065053,125,nested_validation
2016-10-27,-0.02051001130969865,0.043555389042399195,0.031267732480083854,0.056207484488037585,0.015053052181140437,65.58716470646299,0.034804728163009745,1.0010930945351204,-0.001697641650859505,0.0,0.5267206445079555,0.0,0.61,1.127719630065053,125,nested_validation
2016-10-28,-0.001697641650859505,0.04471426752225871,0.0226977384444631,0.05037523493594098,0.014719190589593216,64.89833102024593,0.023667773722664816,-0.3878278923081918,0.008503399371751597,1.0,0.46547129708432455,0.0,0.61,1.127719630065053,125,nested_validation
2016-10-31,0.008503399371751597,0.006364089656420324,0.023163608043095474,0.05538454221676581,0.014781436163806057,66.77731707506291,0.012366539541365174,-1.023495585893877,-0.02965119170013275,0.0,0.4352477739280525,0.0,0.61,1.127719630065053,125,nested_validation
2016-11-01,-0.02965119170013275,-0.039237219341479834,-0.010645429912689242,0.021082540141087458,0.01630820669695319,55.52168142880304,0.050977585201405794,2.1188443050084493,-0.004200223124332547,0.0,0.42340561352092637,0.0,0.61,1.127719630065053,125,nested_validation
2016-11-02,-0.004200223124332547,-0.047117466293882915,-0.01802293449175385,0.014842849776151246,0.016339440893952874,54.170096202760284,0.027341507295032985,-0.40938857948918567,-0.011634504640418042,0.0,0.5654398265484933,0.0,0.61,1.127719630065053,125,nested_validation
2016-11-03,-0.011634504640418042,-0.0384830592242833,-0.029766474740057225,0.001586952619359261,0.01628373606494065,50.51708227095466,0.036786344888121075,-0.17733353702313387,-0.005738924979664772,0.0,0.5667277641841436,0.0,0.61,1.127719630065053,125,nested_validation
2016-11-04,-0.005738924979664772,-0.04237542945723205,-0.03537587458759617,-0.005441175767025408,0.016250003804272318,48.78963730386993,0.03181887724714026,0.06693334276914699,0.05475819186288455,1.0,0.5787394462543242,0.0,0.61,1.127719630065053,125,nested_validation
2016-11-07,0.05475819186288455,0.0015458164428405752,0.016632442370307476,0.04546440922005335,0.020084264711512256,62.04832592625551,0.031149168876897407,1.987643233182243,-0.001543430582467753,0.0,0.5140746303093753,0.0,0.61,1.127719630065053,125,nested_validation
2016-11-08,-0.001543430582467753,0.03055725059536485,0.016092420112935102,0.04149801431996991,0.019709798992084946,61.53821665278108,0.0178470843043518,1.1834994253331663,-0.016863538914938192,0.0,0.5121467414872695,0.0,0.61,1.127719630065053,125,nested_validation
2016-11-09,-0.016863538914938192,0.017451933434587064,0.0021054980202133144,0.022348585989020897,0.020218521461574115,56.11806636748112,0.031160654799128277,1.454662130186544,-0.03130343250869472,0.0,0.6058956015282171,0.0,0.61,1.127719630065053,125,nested_validation
2016-11-10,-0.03130343250869472,-0.0027958279270970943,-0.025200627443669243,-0.009832900170071324,0.021170853021838732,47.83723045590452,0.06994244954704687,3.5836960094788584,0.29806607459689505,1.0,0.44952797572500647,0.0,0.61,1.127719630065053,125,nested_validation
2016-11-11,0.29806607459689505,0.3019084601977857,0.23444070158257624,0.27324144454693955,0.06796315573519282,78.84520307674947,0.1167443399369253,4.103791529007133,-0.0492204934430609,0.0,0.7157852576370665,1.0,0.61,1.127719630065053,125,nested_validation
2016-11-14,-0.0492204934430609,0.17356555551650943,0.15348045622569506,0.20176476180561154,0.06931996343786259,69.33133373067857,0.05463890019600291,1.8296211938541345,0.03048744324393149,1.0,0.7290701071562132,1.0,0.61,1.127719630065053,125,nested_validation
2016-11-15,0.03048744324393149,0.2112139935028372,0.16119899702671248,0.22788263244921247,0.06941009847419498,71.51150657930683,0.04084003002098872,0.2119828449766031,0.06311641768182796,1.0,0.7978648185351614,1.0,0.61,1.127719630065053,125,nested_validation
2016-11-16,0.06311641768182796,0.30974847621629165,0.19758991562446315,0.29103611602372625,0.07005696823058363,75.51108570139347,0.0677724903420051,0.9136904055248997,0.008294317485128211,1.0,0.7652403880180965,1.0,0.61,1.127719630065053,125,nested_validation
2016-11-17,0.008294317485128211,0.3632875249302936,0.17016032667591174,0.28660761146130165,0.07009054022035098,76.01765661398986,0.04481009815031183,0.5193418865955417,0.01049855611887418,1.0,0.7825610057705683,1.0,0.61,1.127719630065053,125,nested_validation
2016-11-18,0.01049855611887418,0.061271149810104175,0.14504345795225126,0.284310689387399,0.06995510193533609,76.68064834402773,0.027099324521584582,-0.07518534858122278,-0.0040698435520986065,0.0,0.6431851600106251,1.0,0.61,1.127719630065053,125,nested_validation
2016-11-21,-0.0040698435520986065,0.11166883065408584,0.11080595518222047,0.2640824796429575,0.06979922891908859,75.79668304536926,0.020972321086068633,-0.39679982913453443,0.007205751571644825,1.0,0.6389617314689044,1.0,0.61,1.127719630065053,125,nested_validation
2016-11-22,0.007205751571644825,0.08655301665104886,0.08953630998450945,0.25750833324232403,0.06982460286597053,76.31516651240959,0.014522123106169947,-0.6226275249178572,0.004919354838709866,1.0,0.5415125246608902,0.0,0.61,1.127719630065053,125,nested_validation
2016-11-23,0.004919354838709866,0.02707298874375197,0.06497331510595705,0.24822934342000624,0.06981765414823828,76.68501756764276,0.026391314571548127,-0.3871525938695989,0.0020219382674455666,1.0,0.5637646872447427,0.0,0.61,1.127719630065053,125,nested_validation
2016-11-25,0.0020219382674455666,0.020683791504489957,0.03602221289914875,0.23494632950663963,0.06940856023138806,76.84584535687046,0.01794823906515628,-0.903704519526698,-0.0005306631694025343,0.0,0.5372396989454745,0.0,0.61,1.127719630065053,125,nested_validation
2016-11-28,-0.0005306631694025343,0.00954340412607535,0.02837611624047298,0.21924954066357616,0.06939364471953004,76.69601088422328,0.012113517945462587,-0.7191672957913795,-0.009138535426282623,0.0,0.5649791848127766,0.0,0.61,1.127719630065053,125,nested_validation
2016-11-29,-0.009138535426282623,0.004405428921689047,0.008252642841279467,0.1938070454010934,0.069603477408094,74.02080645434356,0.02048257250916371,-0.38130075936569197,-0.011260160463549496,0.0,0.5828670048084195,0.0,0.61,1.127719630065053,125,nested_validation
2016-11-30,-0.011260160463549496,-0.014009142549133435,-0.009673786086978331,0.16756481819314817,0.06911706736557391,70.77494955435382,0.022342768123405847,-0.386204938060668,-0.04945768268063322,0.0,0.5507694857729883,0.0,0.61,1.127719630065053,125,nested_validation
2016-12-01,-0.04945768268063322,-0.06736194304120902,-0.05474102792944546,0.09994437955146562,0.07049126670237885,58.730311302516135,0.08443630491462188,0.8459167920693442,0.009242494171666449,1.0,0.4923676217620275,0.0,0.61,1.127719630065053,125,nested_validation
2016-12-02,0.009242494171666449,-0.06064136640361717,-0.04207642881312845,0.10052424075607003,0.07025173261801054,60.03150963611453,0.04160542898900249,-0.405114731881535,0.03877887698360616,1.0,0.6213041231114539,1.0,0.61,1.127719630065053,125,nested_validation
2016-12-05,0.03877887698360616,-0.023696004935573334,-0.003482624508218013,0.13172927300887483,0.07024960463178546,65.05578919544898,0.03929038657233174,-0.16156179970376436,0.016434579120792714,1.0,0.6137797394351766,1.0,0.61,1.127719630065053,125,nested_validation
2016-12-06,0.016434579120792714,0.0015013963068808422,0.012291951905462284,0.1396667110581722,0.06973342169636941,67.02123721288488,0.02312887490833691,-0.3968160455562152,0.01798839667198826,1.0,0.5393492297973567,0.0,0.61,1.127719630065053,125,nested_validation
2016-12-07,0.01798839667198826,0.03112746136453648,0.028761927277994648,0.14927135538223224,0.06962059709265475,69.10331160297525,0.03365937686456508,-0.44451135007490666,-0.01672397112723878,0.0,0.5613440166575484,0.0,0.61,1.127719630065053,125,nested_validation
2016-12-08,-0.01672397112723878,0.06663627383937376,0.012093587865706024,0.120377075156052,0.06961723336667432,64.92547470210664,0.03818992443242709,-0.6577692163423043,-0.017757892748171633,0.0,0.5778891813377514,0.0,0.61,1.127719630065053,125,nested_validation
2016-12-09,-0.017757892748171633,0.038100424167254454,-0.0033540681049580856,0.09121949809082452,0.06921098125667026,60.792927407001265,0.03877150298217978,-0.5985132168272069,-0.024286468471410805,0.0,0.6493297309697212,1.0,0.61,1.127719630065053,125,nested_validation
2016-12-12,-0.024286468471410805,-0.02492373171201534,-0.02276457483058536,0.05670734523104115,0.02607758218890777,55.66695422970014,0.026900344382997664,0.11349911003277861,0.017635701793344838,1.0,0.582208318188694,0.0,0.61,1.127719630065053,125,nested_validation
2016-12-13,0.017635701793344838,-0.02377148223392167,-0.0032689087122204086,0.06690493159165833,0.023545941082120728,58.34678396231007,0.02456948407336637,-0.635022649414549,0.05791359533087492,1.0,0.540246305213542,0.0,0.61,1.127719630065053,125,nested_validation
2016-12-14,0.05791359533087492,0.014515906537602596,0.04957865272982209,0.11671267863349977,0.025708909951053936,65.78911157038573,0.05743917347834321,1.9017998876451516,0.023431962438913656,1.0,0.49556132651710416,0.0,0.61,1.127719630065053,125,nested_validation
2016-12-15,0.023431962438913656,0.055947643047473905,0.06138637401639713,0.12977571631835305,0.022566656141685862,68.39235843215775,0.03383654925069271,1.0144376233099066,0.017222178524817,1.0,0.4927386464924393,0.0,0.61,1.127719630065053,125,nested_validation
2016-12-16,0.017222178524817,0.09355255078014046,0.06595748926065759,0.13513581689470322,0.022733742372409885,70.22757887431389,0.029578719301204915,2.2903981173368333,0.012150238400101099,1.0,0.46679060239232084,0.0,0.61,1.127719630065053,125,nested_validation
2016-12-19,0.012150238400101099,0.13438979701464415,0.06785613326390916,0.13432578950873375,0.02275835742670315,71.50620523727422,0.033946695208394245,0.8024657123206721,0.03483221285119842,1.0,0.5447313500198055,0.0,0.61,1.127719630065053,125,nested_validation
2016-12-20,0.03483221285119842,0.15355927647954615,0.09154129723563997,0.15917110688560387,0.023582937159666258,74.8776475750873,0.01911193399561866,1.1109319976167178,0.006275959356815353,1.0,0.5878147521063114,0.0,0.61,1.127719630065053,125,nested_validation
2016-12-21,0.006275959356815353,0.09725309584603226,0.08626072368956206,0.151730682026195,0.023582477826983667,75.46066549627892,0.02116601844809638,-0.02402743558997014,0.01209417754472808,1.0,0.43686052826253957,0.0,0.61,1.127719630065053,125,nested_validation
2016-12-22,0.01209417754472808,0.085097505604806,0.08422971053124173,0.15011666046194527,0.02361049405529951,76.59496786895073,0.021846717983976534,0.5034069753801272,0.024927703163251325,1.0,0.39576056741606297,0.0,0.61,1.127719630065053,125,nested_validation
2016-12-23,0.024927703163251325,0.09331719029224272,0.09141499456905655,0.16128283554947886,0.023902586522311423,78.79677611269827,0.03251961751907931,0.12957979328142635,0.06868305400780206,1.0,0.4021108342029859,0.0,0.61,1.127719630065053,125,nested_validation
2016-12-27,0.06868305400780206,0.15438351896022873,0.1350839157573238,0.22827479522537764,0.02720145212904367,83.5135296720508,0.05233551841692014,2.166477455910465,-0.06878628046815727,0.0,0.6561082505753051,1.0,0.61,1.127719630065053,125,nested_validation
2016-12-28,-0.06878628046815727,0.03879426742563741,0.03883381921833595,0.1336053889811628,0.03212038230745948,66.47021055745545,0.1028832563861476,3.6075714059233,0.019954117879094735,1.0,0.4259822131750791,0.0,0.61,1.127719630065053,125,nested_validation
2016-12-29,0.019954117879094735,0.052914442443000365,0.04468222637186536,0.1461684907694769,0.03188138938934479,68.3492916671639,0.07798622114734992,2.562756797325436,-0.04208895628647302,0.0,0.4530279401044917,0.0,0.61,1.127719630065053,125,nested_validation
2016-12-30,-0.04208895628647302,-0.003454031374420019,-0.0067647567946833576,0.09221768708589528,0.03122769665135636,60.49455021384674,0.052651329014965394,0.687623638744139,-0.04431349565405662,0.0,0.5116805914304138,0.0,0.61,1.127719630065053,125,nested_validation
2017-01-03,-0.04431349565405662,-0.07077784097701767,-0.05218960060786704,0.04035506337876904,0.033430357381042594,53.78165653260939,0.06852272757019015,1.1181214710642884,0.023331255250437666,1.0,0.44169616609678597,0.0,0.61,1.127719630065053,125,nested_validation
2017-01-04,0.023331255250437666,-0.11021132520683896,-0.03255692151840728,0.06060061483993695,0.03287768916057082,56.4031618399172,0.038030492180537605,0.4976061225688472,-0.02538575019610645,0.0,0.6216553474591859,1.0,0.61,1.127719630065053,125,nested_validation
2017-01-05,-0.02538575019610645,-0.06874146763697508,-0.054109400412951425,0.030570557606878435,0.033531107012098334,52.811327724082844,0.046884238895889996,0.05077740452824735,0.013367798916719797,1.0,0.5729560037572018,0.0,0.61,1.127719630065053,125,nested_validation
2017-01-06,0.013367798916719797,-0.0747550378780859,-0.03902584578664037,0.040976275500664405,0.03345565411492461,54.41573677334031,0.029582957590909592,-0.2951760742052329,0.04054282485535765,1.0,0.6004024066655865,0.0,0.61,1.127719630065053,125,nested_validation
2017-01-09,0.04054282485535765,0.005058886091563908,-0.00022367971247583274,0.07834982779438926,0.033952970438672556,59.02662856165675,0.04194629216873175,-0.1716196601088209,-0.0075501790461479645,0.0,0.6083191412965591,0.0,0.61,1.127719630065053,125,nested_validation
2017-01-10,-0.0075501790461479645,0.0437214578354892,-0.004702013205679867,0.06581208609988809,0.033644971605561055,57.806420319180916,0.03343664282286863,-0.30497635606214685,-0.01230388629977841,0.0,0.5774129768530131,0.0,0.61,1.127719630065053,125,nested_validation
2017-01-11,-0.01230388629977841,0.0073762746915782,-0.0056448749110219465,0.0488312348209019,0.03316805154141552,55.79742719731073,0.019494097348964713,-1.0338383196918433,-0.016356189414351685,0.0,0.5255916053932814,0.0,0.61,1.127719630065053,125,nested_validation
2017-01-12,-0.016356189414351685,0.016709367558069177,-0.01650569289512538,0.028193124258393043,0.0335302582410543,53.18388060516773,0.029775770365842474,-0.8744519624011446,-9.661107828273785e-05,0.0,0.5863434627061821,0.0,0.61,1.127719630065053,125,nested_validation
2017-01-13,-9.661107828273785e-05,0.0032005588262391527,-0.009063374024492865,0.024282565071550355,0.031435279806057786,53.16829813957033,0.01875666986494384,-1.1366556652583084,-0.022430367936342566,0.0,0.5273400554496248,0.0,0.61,1.127719630065053,125,nested_validation
2017-01-17,-0.022430367936342566,-0.0575126964965178,-0.026036951555882704,-0.0031250957849561223,0.03160618657912007,49.53952215217049,0.02601122866376556,-0.8556853273090417,0.018197676085104586,1.0,0.5932145990350972,0.0,0.61,1.127719630065053,125,nested_validation
2017-01-18,0.018197676085104586,-0.03306105567670359,-0.009210235732936778,0.010201770005640931,0.03163084056926239,52.319008804677175,0.04001939770766135,-0.6537600768559421,0.021466887334289586,1.0,0.5892138384613086,0.0,0.61,1.127719630065053,125,nested_validation
2017-01-19,0.021466887334289586,0.0,0.011309499295949266,0.02742484301640591,0.031848398692987105,55.49031166099206,0.03309239060200919,-0.6592174147007058,-0.010935833963800157,0.0,0.5752810288735655,0.0,0.61,1.127719630065053,125,nested_validation
2017-01-20,-0.010935833963800157,0.005510486003388104,-0.0019288456186284941,0.012686604045533123,0.03105722112283932,53.496387186361225,0.03538121620111199,-0.9113422214691943,0.010383431837964086,1.0,0.5817533651157043,0.0,0.61,1.127719630065053,125,nested_validation
2017-01-23,0.010383431837964086,0.016049297215354752,0.006512576678394,0.019885122138862066,0.031112040797637193,55.127086787852406,0.020934462908203135,-1.1103177547044758,0.02131503220059927,1.0,0.5274595428450016,0.0,0.61,1.127719630065053,125,nested_validation
2017-01-24,0.02131503220059927,0.061516629267921896,0.027917212784746903,0.03697792226708585,0.03135323030489859,58.3864865691492,0.024969776173975528,-0.9514258283560038,0.004286111391573755,1.0,0.44432424029079215,0.0,0.61,1.127719630065053,125,nested_validation
2017-01-25,0.004286111391573755,0.047013200701772506,0.03101958173742858,0.03609370129088041,0.03087133540542085,59.044429484447264,0.027553569306746427,-0.7545105902626559,0.017255621498225793,1.0,0.4972764023676546,0.0,0.61,1.127719630065053,125,nested_validation
2017-01-26,0.017255621498225793,0.04269661347149034,0.044325404728433826,0.047241191901865376,0.026892472075104926,61.68235160842975,0.029639745074552668,-0.7974219857234224,0.019334400252326578,1.0,0.5021684902943165,0.0,0.61,1.127719630065053,125,nested_validation
2017-01-27,0.019334400252326578,0.07460826469694681,0.056137787361925096,0.06053378588254921,0.022636389569902646,64.48983119922201,0.02719870265481007,-0.7436770720549758,-0.015657302753498192,0.0,0.4726499440835707,0.0,0.61,1.127719630065053,125,nested_validation
2017-01-30,-0.015657302753498192,0.0469122557077053,0.03316796662796673,0.039467309989344335,0.022507018114707424,60.54623439191143,0.028176646975715904,-0.7111149686506075,-0.007634820540001086,0.0,0.5303502709459849,0.0,0.61,1.127719630065053,125,nested_validation
2017-01-31,-0.007634820540001086,0.01723683267024745,0.017568478249940567,0.028141021293616175,0.020475702207865112,58.6910543291237,0.016944533418911955,-1.0574451511120297,0.043689108782380304,1.0,0.503820727274105,0.0,0.61,1.127719630065053,125,nested_validation
2017-02-01,0.043689108782380304,0.05714794944154167,0.05124764580347141,0.06851819845616247,0.019630236803860047,65.21008281029762,0.03738478493243186,-0.15635817065082638,0.012637266730770369,1.0,0.5304075072725465,0.0,0.61,1.127719630065053,125,nested_validation
2017-02-02,0.012637266730770369,0.05234848294656347,0.05457974271192767,0.07738755288573462,0.019286454362053583,66.90792964080956,0.031891848914973306,-0.5962447932769074,-0.008752819415369317,0.0,0.5058344775312248,0.0,0.61,1.127719630065053,125,nested_validation
2017-02-03,-0.008752819415369317,0.023351577710980287,0.03553498834110269,0.0649048880287999,0.01828181951711524,64.5292543260905,0.01748555814545263,-1.1781738042375183,0.025616108866301612,1.0,0.45359195817791687,0.0,0.61,1.127719630065053,125,nested_validation
2017-02-06,0.025616108866301612,0.06626062861041482,0.05043999991910719,0.08830629934374734,0.018717072558954953,68.07509360790465,0.028386342564270906,-0.24320979120362068,0.015514616833574468,1.0,0.5122358921631536,0.0,0.61,1.127719630065053,125,nested_validation
2017-02-07,0.015514616833574468,0.09113386495205855,0.05558365640434437,0.10109809645870094,0.017183028786165302,70.07616848746119,0.02535046109868617,1.6776182648343085,-0.004364805114645209,0.0,0.4853659385649208,0.0,0.61,1.127719630065053,125,nested_validation
2017-02-08,-0.004364805114645209,0.04089548231941231,0.04099582785288214,0.09331766021776278,0.01707669968747265,68.75029244613366,0.024702826047103995,-0.6265172879503648,-0.018801460425348027,0.0,0.5207641217285082,0.0,0.61,1.127719630065053,125,nested_validation
2017-02-09,-0.018801460425348027,0.008579439702962821,0.015425808460880264,0.0730716238320257,0.017470691466622345,63.225259802710426,0.02973017112464481,2.558898121536561,-0.02371529222869262,0.0,0.5009709849843897,0.0,0.61,1.127719630065053,125,nested_validation
2017-02-10,-0.02371529222869262,-0.006644656508571267,-0.010252894785894973,0.04621823156050486,0.017991259493480363,57.10826976855701,0.07129021587435415,3.911567199735715,-0.04611880326568207,0.0,0.48306314315362175,0.0,0.61,1.127719630065053,125,nested_validation
2017-02-13,-0.04611880326568207,-0.07612314623311534,-0.05454815666443058,-0.0010969771053835897,0.021145411846725297,47.67706124256898,0.053330877726161637,1.8728552116597885,0.003690984053732471,1.0,0.43965614512990875,0.0,0.61,1.127719630065053,125,nested_validation
2017-02-14,0.003690984053732471,-0.08687984088985556,-0.05072727032964297,0.0019619940709396655,0.02035312240495899,48.37794619325345,0.03548452142260365,0.7248758053637174,0.0020223531686593965,1.0,0.6173413439702913,1.0,0.61,1.127719630065053,125,nested_validation
2017-02-15,0.0020223531686593965,-0.08102202969769068,-0.0446808873405693,0.0018382249767356917,0.02008737309357762,48.78425630178346,0.018715552888767206,-0.7770431910687121,-0.01605493369387634,0.0,0.6096923139529226,0.0,0.61,-0.06973864963198184,188,nested_validation
2017-02-16,-0.01605493369387634,-0.07844966797957897,-0.053264261969211524,-0.01510920983001729,0.02003289732411598,45.70264875724504,0.035244778177584896,0.10408473848714368,-0.00018644839220571807,0.0,0.6593373774008251,1.0,0.61,-0.06973864963198184,188,nested_validation
2017-02-17,-0.00018644839220571807,-0.05623994403637622,-0.04742855865522788,-0.016944886542517357,0.019843788270132605,45.66715048500377,0.024433469585232136,-0.1762893921673319,0.03581073305961402,1.0,0.6244571868634117,1.0,0.61,-0.06973864963198184,188,nested_validation
2017-02-21,0.03581073305961402,0.024820280289411967,-0.007816352845246288,0.01578504163701533,0.021130742932273513,53.18672311056164,0.02710007973187564,-0.24750618404068978,-0.001532530871626303,0.0,0.5787481327105181,0.0,0.61,-0.06973864963198184,188,nested_validation
2017-02-22,-0.001532530871626303,0.019486802042669282,-0.0019995838169263314,0.013110365647370337,0.020723063905336417,52.8376349206684,0.01634170332635675,-0.636045399645987,-0.09272307547891134,0.0,0.5482915045973962,0.0,0.61,-0.06973864963198184,188,nested_validation
2017-02-23,-0.09272307547891134,-0.07690996371273051,-0.07963441058135645,-0.07918711409654122,0.0292034842873495,37.02704241583559,0.06677276756311488,2.4701739799311153,0.009652717387482301,1.0,0.4097801330130991,0.0,0.61,-0.06973864963198184,188,nested_validation
2017-02-24,0.009652717387482301,-0.05279227931939379,-0.058004678450308544,-0.06928461130353869,0.02898603345673117,38.88708998628529,0.06209344767649741,0.8585416644790037,0.029075456806256783,1.0,0.6041223192853316,0.0,0.61,-0.06973864963198184,188,nested_validation
2017-02-27,0.029075456806256783,-0.025070008020674273,-0.02238620226400656,-0.04254578642939422,0.029441845794595203,44.2776404520016,0.03313856126980696,-0.017921908887519766,-0.028062588778079878,0.0,0.5805369525085355,0.0,0.61,-0.06973864963198184,188,nested_validation
2017-02-28,-0.028062588778079878,-0.08518911584549316,-0.0437650087092486,-0.0688965334379853,0.029832336025622574,40.46028838775918,0.04355541972807119,-0.2818246141243883,0.012909228348235269,1.0,0.5678618516370868,0.0,0.61,-0.06973864963198184,188,nested_validation
2017-03-01,0.012909228348235269,-0.07195735924935565,-0.026049297743280908,-0.05739776024197352,0.030025753960399092,42.833386769268756,0.0317151672993722,-0.640944551093977,-0.03687142346015149,0.0,0.6352307117829158,1.0,0.61,-0.06973864963198184,188,nested_validation
2017-03-02,-0.03687142346015149,-0.014827376959619776,-0.05311159059070325,-0.09109147385643868,0.02894550284896533,38.1018723623286,0.03989903767514596,0.02938818823352843,-0.005757504611313635,0.0,0.5575592536058577,0.0,0.61,-0.06973864963198184,188,nested_validation
2017-03-03,-0.005757504611313635,-0.029863961883069168,-0.05067763024016947,-0.09449628633728557,0.02861273501468523,37.43217868350697,0.025906746293575988,0.2874223897610528,-0.007721094456902278,0.0,0.6264318291307868,1.0,0.61,-0.06973864963198184,188,nested_validation
2017-03-06,-0.007721094456902278,-0.06455302207074065,-0.04936624117702826,-0.09977377935863263,0.028611238061370857,36.510728302419245,0.02999899818795055,0.2770524226372968,0.010954897342130288,1.0,0.6459526682806559,1.0,0.61,-0.06973864963198184,188,nested_validation
2017-03-07,0.010954897342130288,-0.027000409056636032,-0.02741268901460603,-0.08817007770662733,0.027936276175015567,38.79507038523629,0.024103699192139005,-0.5581370481409366,-0.0018228130067591275,0.0,0.5872412607931772,0.0,0.61,-0.06973864963198184,188,nested_validation
2017-03-08,-0.0018228130067591275,-0.041151993237130924,-0.01737736471815532,-0.08740654342498877,0.02745446273958306,38.54384351653804,0.02871347340747456,-0.4365297939631622,-0.00020253357519495196,0.0,0.5825952431383178,0.0,0.61,-0.06973864963198184,188,nested_validation
2017-03-09,-0.00020253357519495196,-0.004646076132362009,-0.015662754237806498,-0.08501752679546226,0.02750439508678998,38.51405451028997,0.020803726588331246,-0.9145088814082952,0.005885863063104901,1.0,0.5325152880806368,0.0,0.61,-0.06973864963198184,188,nested_validation
2017-03-10,0.005885863063104901,0.007010307250481906,-0.00754927750054446,-0.07666225537206306,0.027580481817968978,39.965862269954094,0.017251768776305583,-0.7877650419762879,0.027542470962150345,1.0,0.5056964229255647,0.0,0.61,-0.06973864963198184,188,nested_validation
2017-03-13,0.027542470962150345,0.04279739659503656,0.02240588612307537,-0.048341518628790214,0.028329543934066417,46.383271086257274,0.02690232268610849,0.163046704791165,-0.0006876799872862494,0.0,0.5823069527550523,0.0,0.61,-0.06973864963198184,188,nested_validation
2017-03-14,-0.0006876799872862494,0.030788107792251163,0.02139518795769413,-0.04659029433875095,0.02671485682360908,46.24668389421252,0.02240122589027946,-0.6559670944031836,0.007565405229983613,1.0,0.5212377260863694,0.0,0.61,-0.06973864963198184,188,nested_validation
2017-03-15,0.007565405229983613,0.040483043559059295,0.0293703833533856,-0.03742601446772298,0.02677450746775593,48.05761619570263,0.026036099013618866,-0.26131456116944807,0.012286859469204048,1.0,0.5415578645146916,0.0,0.61,-0.06973864963198184,188,nested_validation
2017-03-16,0.012286859469204048,0.05348067770341314,0.037011235887905336,-0.022541854802738515,0.026954244022780037,50.96858788424578,0.013678856017036707,-0.6577790050591584,0.021770447726008113,1.0,0.5087205744585165,0.0,0.61,-0.06973864963198184,188,nested_validation
2017-03-17,0.021770447726008113,0.07011686241402648,0.05156191907548213,0.0016220539861029337,0.027227146115305325,55.75783481848617,0.02177815523950825,1.4911940934108776,0.03186579361338837,1.0,0.5278719079136109,0.0,0.61,-0.06973864963198184,188,nested_validation
2017-03-20,0.03186579361338837,0.07461931423620194,0.07254504126089056,0.03509883485882548,0.0281044044988233,61.771933629989704,0.031795389322193286,0.09135107267803014,-0.03234360902049482,0.0,0.5479883457130725,0.0,0.61,-0.06973864963198184,188,nested_validation
2017-03-21,-0.03234360902049482,0.040577831840844514,0.03061376378849001,0.005185543104324619,0.027868122940370332,53.55998421662933,0.04126147587836915,0.6364199050869748,0.02039447296903507,1.0,0.5779219721933946,0.0,0.61,-0.06973864963198184,188,nested_validation
2017-03-22,0.02039447296903507,0.05382723820508395,0.04198980168067856,0.029238184559759794,0.028289562859436596,57.29082023661606,0.027389698923248985,-0.5134912163394916,-0.009067855648495105,0.0,0.5390560366191736,0.0,0.61,-0.06973864963198184,188,nested_validation
2017-03-23,-0.009067855648495105,0.03159620730249846,0.024098789748922433,0.023600075468818593,0.019074850434744977,55.12699100954187,0.01736855697645426,-0.9091320614197381,0.003547860133295666,1.0,0.4817100395363536,0.0,0.61,-0.06973864963198184,188,nested_validation
2017-03-24,0.003547860133295666,0.013198383907120137,0.019590695440275363,0.030107819402021452,0.019020611937539622,55.82364687121427,0.026705099970307945,-1.3315203745901882,0.0072581784220524526,1.0,0.5047066318270863,0.0,0.61,-0.06973864963198184,188,nested_validation
2017-03-27,0.0072581784220524526,-0.010964056691246338,0.020793032437648407,0.03932016281119588,0.018100868911897702,57.28969979814104,0.04461892010587764,-0.8650017426968735,-0.005173142798272634,0.0,0.5001855785377689,0.0,0.61,-0.06973864963198184,188,nested_validation
2017-03-28,-0.005173142798272634,0.01680671808039813,0.009884122772279458,0.03412675423682954,0.016845769943025404,55.856567303188804,0.015043151792201968,-1.1876949168810556,-0.003250049576874914,0.0,0.5221037107702947,0.0,0.61,-0.06973864963198184,188,nested_validation
2017-03-29,-0.003250049576874914,-0.006754669213802189,0.0021005913242528873,0.031195849177754642,0.016743931416073814,54.9316557792283,0.011552039618263663,-1.5226903537065208,0.0191914959473245,1.0,0.5500723366585883,0.0,0.61,-0.06973864963198184,188,nested_validation
2017-03-30,0.0191914959473245,0.02157064971301703,0.01603005083845921,0.05080520441640268,0.0144913352047251,59.21261917973826,0.023766018176823913,-0.544769638253657,-0.004296164007808634,0.0,0.49781454294116967,0.0,0.61,-0.06973864963198184,188,nested_validation
2017-03-31,-0.004296164007808634,0.013585754167399378,0.008984975405774254,0.04568305016006624,0.014439939291524354,57.86217339674317,0.013678524983676364,-0.8956705898845034,-0.0050489551892342055,0.0,0.5050974579588792,0.0,0.61,-0.06973864963198184,188,nested_validation
2017-04-03,-0.0050489551892342055,0.0012013073887422454,0.004886582779280113,0.03997576459036045,0.014331864503682483,56.245630628157585,0.02057579999132384,-0.7886904709574699,-0.07012405165435087,0.0,0.5045064157893199,0.0,0.61,-0.06973864963198184,188,nested_validation
2017-04-04,-0.07012405165435087,-0.06416578075532686,-0.06111433892967999,-0.02980177246943927,0.021724610776516703,39.72818027339753,0.04048422202726483,2.7950828414807978,-0.007441825437360494,0.0,0.4840973408960599,0.0,0.61,-0.06973864963198184,188,nested_validation
2017-04-05,-0.007441825437360494,-0.0681013789341689,-0.06106857937503407,-0.033694617829106654,0.021798928097175586,38.525836999739845,0.02869145743130877,0.5192967477514276,0.007298064227416967,1.0,0.6241512110950861,1.0,0.61,-0.06973864963198184,188,nested_validation
2017-04-06,0.007298064227416967,-0.07897614845843814,-0.048563097485990525,-0.02672708771802923,0.02183977699683443,40.41612258728817,0.028185826787154936,0.009110717296089112,-0.004267657108225409,0.0,0.6414424009045563,1.0,0.61,-0.06973864963198184,188,nested_validation
2017-04-07,-0.004267657108225409,-0.07894977963921634,-0.0461929730436933,-0.030527963198058394,0.02184665048436036,39.64286471723335,0.020033909476317273,-0.8534212127672629,-0.025515956011790242,0.0,0.5645544507553735,0.0,0.61,-0.06973864963198184,188,nested_validation
2017-04-10,-0.025515956011790242,-0.09789657678673325,-0.06117676472952649,-0.053240131101285004,0.02166511593605277,35.311404601334786,0.030991048708106483,0.5452389469780623,0.0035799071313376007,1.0,0.6210309867796419,1.0,0.61,-0.06973864963198184,188,nested_validation
2017-04-11,0.0035799071313376007,-0.02639392781164185,-0.04907740305123909,-0.04881921976756365,0.021696032903010844,36.33560568859183,0.025988596341514184,-0.06538618506248901,-0.008255177133935976,0.0,0.6419015317307367,1.0,0.61,-0.06973864963198184,188,nested_validation
2017-04-12,-0.008255177133935976,-0.02719174920982803,-0.047670325157525895,-0.05499799669399197,0.021636186932765377,34.95625808289611,0.016442282220760586,-0.8795309057404442,-0.018703115866161912,0.0,0.5736835241468015,0.0,0.61,-0.06973864963198184,188,nested_validation
2017-04-13,-0.018703115866161912,-0.05230265076280083,-0.0525845919203598,-0.07161764176831287,0.021640040294812656,32.015410049195125,0.018012350527102507,-0.4853079061514624,0.03916633025497207,1.0,0.6117094072478065,1.0,0.61,-0.06973864963198184,188,nested_validation
2017-04-17,0.03916633025497207,-0.01096395670033623,-0.005910707414881755,-0.035506369931986415,0.02296458604998003,42.68608191849341,0.0346669203903503,-0.44750472391720014,0.0006044737103203524,1.0,0.5655176551785291,0.0,0.61,-0.06973864963198184,188,nested_validation
2017-04-18,0.0006044737103203524,0.015546530178354834,0.0038315258476830927,-0.03542962376955716,0.021554864317584178,42.84103489596758,0.019538749730941753,-0.953052242507774,0.00392797302376513,1.0,0.47493374605412914,0.0,0.61,-0.06973864963198184,188,nested_validation
2017-04-19,0.00392797302376513,0.015898746386368012,0.008896548274485161,-0.03193549602440382,0.020653209367819177,43.903017807321326,0.015750359302141366,-0.8210195250845868,0.015850772702225013,1.0,0.4999539953781071,0.0,0.61,-0.06973864963198184,188,nested_validation
2017-04-20,0.015850772702225013,0.040591796104779254,0.023614016520668413,-0.017449731734661023,0.02042040281937593,48.109241549898755,0.020146204313271233,-0.6476147932297215,0.004148018921344976,1.0,0.5466887744739845,0.0,0.61,-0.06973864963198184,188,nested_validation
2017-04-21,0.004148018921344976,0.0648237118236934,0.026904957781397787,-0.014375101100178256,0.020428349717811527,49.19973666551884,0.014063694525592283,-0.8878373358600581,0.012489763951801569,1.0,0.49428141746268306,0.0,0.61,-0.06973864963198184,188,nested_validation
2017-04-24,0.012489763951801569,0.037488491731753726,0.03698688504985559,-0.0032983098560915858,0.020649739947013315,52.45323508426319,0.013307346210175057,-0.720173004345965,0.017387457150097818,1.0,0.5158078009451216,0.0,0.61,-0.06973864963198184,188,nested_validation
2017-04-25,0.017387457150097818,0.05489012507757329,0.047662114672753386,0.013086951346108489,0.020990244430507263,56.666029681251516,0.025396199597825023,-0.6064311238849968,-0.006874403156104991,0.0,0.5533161081163845,0.0,0.61,-0.06973864963198184,188,nested_validation
2017-04-26,-0.006874403156104991,0.0435393904972865,0.0343558466703997,0.00539647725379977,0.021008714295740697,54.5715061672677,0.013939578747714584,-0.8592320784146947,0.015574076771271317,1.0,0.5037471032123648,0.0,0.61,-0.06973864963198184,188,nested_validation
2017-04-27,0.015574076771271317,0.043255152781571216,0.0418352497315615,0.02003910581185564,0.02132875536712994,58.30568782375173,0.022623945837366113,-0.8811717267062128,-0.012684768371772792,0.0,0.504237866810328,0.0,0.61,-0.06973864963198184,188,nested_validation
2017-04-28,-0.012684768371772792,0.0257668027093525,0.019759608955212782,0.006941345855409953,0.020981006116816886,54.327687257607465,0.01505278399743667,-0.6984699730777061,0.022435209047594107,1.0,0.522201926845294,0.0,0.61,-0.06973864963198184,188,nested_validation
2017-05-01,0.022435209047594107,0.03584266498534716,0.03513867951674876,0.029343477181000832,0.021643296518414953,59.52128950759658,0.02250569530676712,-0.8393322642061374,-0.029631868190725275,0.0,0.48541135341510044,0.0,0.61,-0.06973864963198184,188,nested_validation
2017-05-02,-0.029631868190725275,-0.012029581644547815,0.0003967423626112243,0.0007644129419985823,0.02252835655203365,51.074875052463696,0.029377741306891605,0.5668316745314659,0.007440553175856346,1.0,0.5643166332272233,0.0,0.61,-0.06973864963198184,188,nested_validation
2017-05-03,0.007440553175856346,0.0022110677163917902,0.0034071307232610426,0.008750472020738753,0.016288036906607274,52.83126789762837,0.019568298860027707,-0.8526311152230472,-0.003836548812852114,0.0,0.5143029110421294,0.0,0.61,-0.06973864963198184,188,nested_validation
2017-05-04,-0.003836548812852114,-0.01694415122495274,-0.002928102468882421,0.00624996871340211,0.01620420018493283,51.79114456172075,0.013673586445317425,-1.6486243181494529,9.592189329121759e-05,1.0,0.4853042794004627,0.0,0.61,-0.06973864963198184,188,nested_validation
2017-05-05,9.592189329121759e-05,-0.004218598216180203,-0.004915178778463147,0.007397445243248146,0.016162580894231542,51.816588460194026,0.013479717662441862,-1.375838940527927,-0.010494936527514986,0.0,0.47682482765791623,0.0,0.61,-0.06973864963198184,188,nested_validation
2017-05-08,-0.010494936527514986,-0.036290289636385364,-0.015188697337565227,-0.001658058210519675,0.016332604353244524,48.78262455820946,0.02033663764720378,-0.31047979872193865,0.0016544975127903427,1.0,0.5098957011311969,0.0,0.61,-0.06973864963198184,188,nested_validation
2017-05-09,0.0016544975127903427,-0.005218603085583418,-0.01185489653697358,0.0017160736184613778,0.015128261389184758,49.281505545455545,0.022051704269050027,3.0187771469301565,0.17825892492727702,1.0,0.45146030294078004,0.0,0.61,-0.06973864963198184,188,nested_validation
2017-05-10,0.17825892492727702,0.16345332294900672,0.1453040787526796,0.17509706111873347,0.0411545916846398,76.21144823994678,0.06430866119345093,4.097688985613622,0.0429547861327666,1.0,0.6826090860919014,1.0,0.61,-0.06973864963198184,188,nested_validation
2017-05-11,0.0429547861327666,0.21810252139412456,0.17142628339296295,0.21803637468278403,0.04144238841619717,79.53410524620803,0.0831620614624646,2.699483430445831,0.010988302897766422,1.0,0.6165302519999645,1.0,0.61,-0.06973864963198184,188,nested_validation
2017-05-12,0.010988302897766422,0.23136928558652192,0.15898030959220621,0.22415575695099155,0.04077108779697402,80.3237453021112,0.029869417679238806,0.7293128847065623,0.05019925433476402,1.0,0.6926881587764472,1.0,0.61,-0.06973864963198184,188,nested_validation
2017-05-15,0.05019925433476402,0.30689892681853426,0.1873860229624118,0.27528042742025804,0.04116071585936406,83.49181800926536,0.03745069380855113,0.8949544247931152,0.018613984046618626,1.0,0.6803172528100421,1.0,0.61,-0.06973864963198184,188,nested_validation
2017-05-16,0.018613984046618626,0.3290266513038633,0.17486949335819868,0.28743395934999816,0.04101024644358844,84.53599280887067,0.029822381379391822,0.8736400028986009,-0.06644250675391539,0.0,0.6993620032291487,1.0,0.61,-0.06973864963198184,188,nested_validation
2017-05-17,-0.06644250675391539,0.0530136991112129,0.07513866499440947,0.19182208819822177,0.04481651660159606,67.75504189328694,0.05723457005096845,1.0473419362036611,0.041888485549672616,1.0,0.5640751601481837,0.0,0.61,-0.06973864963198184,188,nested_validation
2017-05-18,0.041888485549672616,0.051937114453567856,0.09328289888509222,0.2291139535092499,0.04524475839710584,71.35868862905201,0.04794472688056467,0.7624108125858091,0.023094479718553274,1.0,0.5853087531815062,0.0,0.61,-0.06973864963198184,188,nested_validation
2017-05-19,0.023094479718553274,0.06453363676289792,0.08963098374782863,0.24394812226334106,0.04521207068088191,73.21077002646207,0.02205876681219077,0.455863614342628,0.02132374126911385,1.0,0.5510444583290738,0.0,0.61,-0.06973864963198184,188,nested_validation
2017-05-22,0.02132374126911385,0.035263995968263906,0.08146671463020994,0.25566722284881127,0.045222135748953216,74.86430617980906,0.015478772301920426,0.0832598030298632,-0.013462762478544055,0.0,0.571056683824771,0.0,0.61,-0.06973864963198184,188,nested_validation
2017-05-23,-0.013462762478544055,0.0026629308882646363,0.03923587936701578,0.2242411886654796,0.04567568994119182,71.78735703143414,0.029774501227917523,-0.23407439279568054,0.011238262542197175,1.0,0.49477301980333477,0.0,0.61,-0.06973864963198184,188,nested_validation
2017-05-24,0.011238262542197175,0.08609392295847051,0.03722174772434528,0.22322674542155063,0.045420678731354955,72.77956725158704,0.021577594896338762,-0.02805692972120743,-0.002237343019948934,0.0,0.4918676179919394,0.0,0.61,-0.06973864963198184,188,nested_validation
2017-05-25,-0.002237343019948934,0.04009591557125036,0.025769532292492903,0.20592283676415923,0.04558404016593925,72.2288329862042,0.025965586608332505,-0.46263139349580634,0.025893350565863837,1.0,0.46515418991003854,0.0,0.61,-0.06973864963198184,188,nested_validation
2017-05-26,0.025893350565863837,0.04294129710170269,0.041447525197868096,0.22066327147362164,0.04520458680908141,74.61739452825945,0.0576000729375281,-0.17513595475385302,0.02136217249005057,1.0,0.5495907175949635,0.0,0.61,-0.06973864963198184,188,nested_validation
2017-05-30,0.02136217249005057,0.04298054176604693,0.055402440531369335,0.23059096145670033,0.04519814542846067,76.4626004880843,0.02236483706072961,0.18404306383414504,-0.003589463670498283,0.0,0.5179739089819373,0.0,0.61,-0.06973864963198184,188,nested_validation
2017-05-31,-0.003589463670498283,0.05341872711595341,0.04576010111437645,0.21069118297762834,0.04421642039875523,75.44889884113215,0.034291643309299354,-0.054817678818131606,6.933865461178357e-05,1.0,0.49759067893548803,0.0,0.61,-0.06973864963198184,188,nested_validation
2017-06-01,6.933865461178357e-05,0.04178392845303769,0.03327586272295946,0.1958029021777965,0.044331365368167674,75.45564383525236,0.017387116002563815,-0.889582283401384,-0.004987682691337647,0.0,0.4356268859827422,0.0,0.61,-0.06973864963198184,188,nested_validation
2017-06-02,-0.004987682691337647,0.038912243842078365,0.020300795222657708,0.17604222322920782,0.044359610519128886,73.88313137637583,0.013227483719350928,-0.989531845113923,0.03042330135103133,1.0,0.4482604593614146,0.0,0.61,-0.06973864963198184,188,nested_validation
2017-06-05,0.03042330135103133,0.043499681056791584,0.042448660077480715,0.19665572650763052,0.04426312118865738,77.01413696916381,0.04067288003658249,-0.3484245231211096,-0.004526695034356321,0.0,0.529257462067883,0.0,0.61,-0.06973864963198184,188,nested_validation
2017-06-06,-0.004526695034356321,0.01704968542127827,0.03159762172905878,0.1771224871668402,0.04408411948253193,75.5192928556297,0.019614466774444214,-0.5587962146307889,0.01208092138028527,1.0,0.4595910045965736,0.0,0.61,-0.06973864963198184,188,nested_validation
2017-06-07,0.01208092138028527,0.033044658984122455,0.03529673057469296,0.1773934928597558,0.04393570940837832,76.80727643752047,0.014619062678570164,-0.8752523116421581,0.0725590707333883,1.0,0.46453085816535783,0.0,0.61,-0.06973864963198184,188,nested_validation
2017-06-08,0.0725590707333883,0.10792459746510108,0.09418298162581351,0.2444727964780964,0.028011066483267424,82.74879420296196,0.05133175421152986,0.7407537575200247,-0.06464936372835639,0.0,0.5227837476133727,0.0,0.61,-0.06973864963198184,188,nested_validation
2017-06-09,-0.06464936372835639,0.041492611853283456,0.015566053816770786,0.15086360115121034,0.03204754029526309,65.48406641971246,0.1721257190089157,4.105606121706841,0.00247329895972892,1.0,0.46210368262691,0.0,0.61,-0.06973864963198184,188,nested_validation
2017-06-12,0.00247329895972892,0.013242356881704387,0.012489836668122312,0.14032336896987596,0.032074739883688065,65.75936964639197,0.06394609924495841,0.9683696543391594,0.00953527957362077,1.0,0.4730280668571861,0.0,0.61,-0.06973864963198184,188,nested_validation
2017-06-13,0.00953527957362077,0.027555335665890857,0.017657782878742312,0.13825119783801032,0.03062737998790222,66.85955124164677,0.06023782268473676,0.8695422685028934,0.0021137913821467347,1.0,0.46758867429564316,0.0,0.61,-0.06973864963198184,188,nested_validation
2017-06-14,0.0021137913821467347,0.017435811234094434,0.014781799392246775,0.12700190600623507,0.030512861464016376,67.11421416735598,0.036646438068526584,0.15068757899424684,0.004284062156762358,1.0,0.4578527156648503,0.0,0.61,-0.06973864963198184,188,nested_validation
2017-06-15,0.004284062156762358,-0.04733026145472774,0.013698302106202265,0.1184733087718306,0.0256582503076651,67.65780508529963,0.04659710024683369,-0.1500852122503395,-0.004922360031632267,0.0,0.5079428647342296,0.0,0.61,-0.06973864963198184,188,nested_validation
2017-06-16,-0.004922360031632267,0.01350265701385589,0.0033815715616611897,0.10008005857961733,0.02469049004194288,66.29601472185851,0.029415651492853856,-0.19000367863881198,0.037594341755714744,1.0,0.506901603538389,0.0,0.61,-0.06973864963198184,188,nested_validation
2017-06-19,0.037594341755714744,0.04901010666639638,0.0347279311160138,0.12683781187558485,0.025359086915339744,71.06293220353571,0.027142132993311373,-0.38587234395016695,-0.0014622023729390365,0.0,0.4937806243426164,0.0,0.61,-0.06973864963198184,188,nested_validation
2017-06-20,-0.0014622023729390365,0.03758260141398484,0.026631376230686454,0.11075576641692653,0.025229743408082896,70.62878660714675,0.030683010281640034,0.05819388324071574,0.015150387472059546,1.0,0.4804257071198263,0.0,0.61,-0.06973864963198184,188,nested_validation
2017-06-21,0.015150387472059546,0.05108061471434966,0.03518322924026274,0.11272997518750061,0.02486642673865255,72.50067422197122,0.02458143910636528,-0.5454791251212745,-0.0068976541523582124,0.0,0.4851243120577698,0.0,0.61,-0.06973864963198184,188,nested_validation
2017-06-22,-0.0068976541523582124,0.039377864770760995,0.029091689672221088,0.09557355592034678,0.02505882527806477,70.27157046015073,0.018564161621090793,-0.8201148407051544,-0.028667114462797127,0.0,0.44628967301283456,0.0,0.61,-0.06973864963198184,188,nested_validation
2017-06-23,-0.028667114462797127,0.014576008946772578,-0.0031494133925291656,0.05746986099149742,0.026183474639250606,61.822720320516936,0.03965420240052133,0.038134099677299214,-0.010920955529544751,0.0,0.5674655401533173,0.0,0.61,-0.06973864963198184,188,nested_validation
2017-06-26,-0.010920955529544751,-0.03286300908917328,-0.01542688924747837,0.040107253001621324,0.025991927689933778,58.99608007621308,0.054354233060325025,-0.018520855189078162,-0.03660875493928073,0.0,0.549531932773414,0.0,0.61,-0.06973864963198184,188,nested_validation
2017-06-27,-0.03660875493928073,-0.06690431545802467,-0.04850311835094534,-0.0007956804636911619,0.027086841483059225,50.71644435773524,0.03711281704319714,-0.11350192638999379,0.035270643865122464,1.0,0.5564506677902734,0.0,0.61,-0.06973864963198184,188,nested_validation
2017-06-28,0.035270643865122464,-0.04841038131394515,-0.01496236112918381,0.03091349346719685,0.028067359856371387,56.77952587592083,0.040790802444498245,-0.1282191016212007,-0.033410134945030756,0.0,0.554807628559153,0.0,0.61,-0.06973864963198184,188,nested_validation
2017-06-29,-0.033410134945030756,-0.07381461240191722,-0.044342885778621555,-0.00781956501684955,0.029162996680705388,50.25067566965482,0.04526858109349151,-0.06886635287046211,-0.014453170970501361,0.0,0.5761330814514581,0.0,0.61,-0.06973864963198184,188,nested_validation
2017-06-30,-0.014453170970501361,-0.06026133220444063,-0.05380288257906718,-0.02471717102383797,0.029336215808345653,47.776821866844564,0.03064470321868371,-0.59292137339894,-0.03617892525875921,0.0,0.5760126381206164,0.0,0.61,-0.06973864963198184,188,nested_validation
2017-07-03,-0.03617892525875921,-0.08425930380969349,-0.07716880720290809,-0.060705261799955945,0.02955799147582014,42.2506994924355,0.05074282627514161,-0.61529099968046,0.026699316022372965,1.0,0.517298255292227,0.0,0.61,-0.06973864963198184,188,nested_validation
2017-07-05,0.026699316022372965,-0.024082530069927888,-0.043636434683866576,-0.03652524329726203,0.030231063244214904,46.9508050807261,0.021600839473382448,-0.45349831604242585,0.003005953972432529,1.0,0.5217282323201778,0.0,0.61,-0.06973864963198184,188,nested_validation
2017-07-06,0.003005953972432529,-0.054497450762158506,-0.03039645266475255,-0.03502642716347615,0.03009883010022511,47.482878965142056,0.039169242500216514,-0.5791738562497738,0.022860360345180242,1.0,0.5678610684260408,0.0,0.61,-0.06973864963198184,188,nested_validation
2017-07-07,0.022860360345180242,0.0005454362649515154,-0.0003882401043530104,-0.014775709983149143,0.025599352131773553,51.480472623586714,0.018056715031177093,-0.6714556700736592,0.047287984908751746,1.0,0.5529299316173817,0.0,0.61,-0.06973864963198184,188,nested_validation
2017-07-10,0.047287984908751746,0.06322620386027888,0.046974105466911276,0.02826087682717482,0.023898752198559452,58.6521316039065,0.034612855691204994,-0.02183105329989558,0.014183518535902717,1.0,0.5445973200093385,0.0,0.61,-0.06973864963198184,188,nested_validation
2017-07-11,0.014183518535902717,0.11878285367445818,0.05913286581762356,0.039590337336592674,0.024054988915951998,60.62115130025501,0.02591738995226932,-0.6406051997757113,0.04253256169809361,1.0,0.555279334970451,0.0,0.61,-0.06973864963198184,188,nested_validation
2017-07-12,0.04253256169809361,0.13603616582103584,0.09235718384972413,0.07957327176972395,0.025582988219017864,65.93431136569272,0.03962827650605551,1.3386532041489256,-0.011568202940647754,0.0,0.6605539120056544,1.0,0.61,-0.06973864963198184,188,nested_validation
2017-07-13,-0.011568202940647754,0.11952901621336265,0.07331399560450524,0.06325152490750141,0.02580287199705461,63.325243226523725,0.04700237649730393,2.2608574356277873,0.026894379772331778,1.0,0.5764658952241107,0.0,0.61,-0.06973864963198184,188,nested_validation
2017-07-14,0.026894379772331778,0.12394428341478236,0.08888710708718994,0.08690915700822122,0.02631629665395728,66.59635121118787,0.024249748298216245,0.20376268282208468,-0.004244025298822951,0.0,0.618449935076819,1.0,0.61,-0.06973864963198184,188,nested_validation
2017-07-17,-0.004244025298822951,0.06864038504080994,0.07035339894282333,0.07741895368198404,0.026304798398038818,65.57565346197387,0.03500765842606859,0.1483857334842507,0.010410532408020812,1.0,0.5176313802636653,0.0,0.61,-0.06973864963198184,188,nested_validation
2017-07-18,0.010410532408020812,0.06466480737191427,0.06304851216830754,0.08437945194105745,0.025232548306441997,66.90972665488614,0.03163421936852914,-0.5962889181306357,-0.005181527698173816,0.0,0.49078227974153055,0.0,0.61,-0.06973864963198184,188,nested_validation
2017-07-19,-0.005181527698173816,0.015937780838315874,0.04281158835287191,0.07460401160968044,0.02527837158348079,65.53426087626036,0.016898808282583364,-0.9312524997324015,0.014536774094086047,1.0,0.442095239725253,0.0,0.61,-0.06973864963198184,188,nested_validation
2017-07-20,0.014536774094086047,0.04276920463144385,0.042159438865088106,0.08589502522317027,0.025263741313225507,67.53988406513619,0.021492459880771794,-0.8779371517065668,0.0035822076412577175,1.0,0.43527908590726183,0.0,0.61,-0.06973864963198184,188,nested_validation
2017-07-21,0.0035822076412577175,0.019096648163912322,0.03218784322955748,0.08786661242209348,0.025166126479783883,68.04060470183121,0.019095839563041672,-1.2603155945270237,-0.011600532715092093,0.0,0.4439092895777796,0.0,0.61,-0.06973864963198184,188,nested_validation
2017-07-24,-0.011600532715092093,0.011567703080391567,0.012473846049259496,0.07142165828440028,0.02434357294249966,64.5552894204344,0.018417078547981355,-1.1191264934194163,-0.004815202279820685,0.0,0.4879984622573581,0.0,0.61,-0.06973864963198184,188,nested_validation
2017-07-25,-0.004815202279820685,-0.003675468850115937,0.001817345565044537,0.06274916877623493,0.024190399101864195,63.126592714895814,0.01421231403206471,-1.6905855609533589,0.011551576673946906,1.0,0.5426814294000172,0.0,0.61,-0.06973864963198184,188,nested_validation
2017-07-26,0.011551576673946906,0.013082967821913538,0.010481805623136164,0.07138515249686006,0.022306016043308514,65.1117829574487,0.024393217155281893,-0.8883462771307862,-0.03300243573809669,0.0,0.46987127366881387,0.0,0.61,-0.06973864963198184,188,nested_validation
2017-07-27,-0.03300243573809669,-0.03438811949052123,-0.02352137950844113,0.03381505007345287,0.02291405217421924,55.767472354743305,0.06912334604663252,-0.1392474219379777,0.016384054487117217,1.0,0.5620889107031126,0.0,0.61,-0.06973864963198184,188,nested_validation
2017-07-28,0.016384054487117217,-0.02207062789620684,-0.007186991476568982,0.04806904006489954,0.021430433645886374,58.82261763073371,0.03710686095579754,-1.3429801729796613,-0.01143631709246029,0.0,0.5021537198503411,0.0,0.61,-0.06973864963198184,188,nested_validation
2017-07-31,-0.01143631709246029,-0.02190815180628014,-0.017508637083265777,0.033690716808820076,0.02129653014604182,55.87407258121951,0.03556698877163036,-1.0406199727943228,0.012184165309994333,1.0,0.5162534823012599,0.0,0.61,-0.06973864963198184,188,nested_validation
2017-08-01,0.012184165309994333,-0.005200759468559135,-0.004653257613001727,0.04469720484489814,0.018978774663129055,58.24785620550478,0.021642592607409014,-1.5010925246739228,-0.0006081361848790934,0.0,0.48388808330549493,0.0,0.61,-0.06973864963198184,188,nested_validation
2017-08-02,-0.0006081361848790934,-0.017159094956319954,-0.004830991462957623,0.04245084643658914,0.018599811804953723,58.07787250986504,0.02822548925194667,-1.1668198982145332,0.012713333087044365,1.0,0.4882937793560028,0.0,0.61,-0.06973864963198184,188,nested_validation
2017-08-03,0.012713333087044365,0.029305683516172687,0.008443682373850736,0.054141902113431506,0.018612048453499067,60.660909967973815,0.01771985004720833,-1.2091113692881004,0.004385563897964628,1.0,0.4710902651893274,0.0,0.61,-0.06973864963198184,188,nested_validation
2017-08-04,0.004385563897964628,0.017154652119618197,0.013412633260552198,0.05679312582579654,0.01828904556090088,61.55215399535144,0.02146996219751738,-0.5715015415289617,0.03073967983558279,1.0,0.4643200897872712,0.0,0.61,-0.06973864963198184,188,nested_validation
2017-08-07,0.03073967983558279,0.06055045172755724,0.04065419708619,0.08504514794243945,0.016743547991728752,67.18805481761339,0.02535539652930067,0.018863761025165026,-0.011894766302826931,0.0,0.45076116793695953,0.0,0.61,-0.06973864963198184,188,nested_validation
2017-08-08,-0.011894766302826931,0.03532093058475838,0.02521168466258472,0.06807070511188673,0.017058762383432992,63.20830540130388,0.03435108989346058,0.18301063902280898,0.01062853922633411,1.0,0.47983298086510295,0.0,0.61,-0.06973864963198184,188,nested_validation
2017-08-09,0.01062853922633411,0.046961574925213245,0.0330918626113339,0.07369220963367384,0.014773635586711945,65.16996274182559,0.026378505685308345,-0.7127720111118939,-0.04282109245310417,0.0,0.44418340204735046,0.0,0.61,-0.06973864963198184,188,nested_validation
2017-08-10,-0.04282109245310417,-0.010450930397340241,-0.01292375875012175,0.024946902850913943,0.017610572577632436,52.820771850745714,0.050564534177534474,3.14749451336159,-0.05329633857040983,0.0,0.41159824767636893,0.0,0.61,-0.06973864963198184,188,nested_validation
2017-08-11,-0.05329633857040983,-0.0672807724143547,-0.060787345043181396,-0.03154286107624371,0.020280662884979886,42.49071895350863,0.03904842673392066,2.9505509285138394,0.07976405211290927,1.0,0.4563255888553861,0.0,0.61,-0.06973864963198184,188,nested_validation
2017-08-14,0.07976405211290927,-0.022918480423545717,0.010543593333813384,0.04057040088847552,0.027067099156329415,55.70775490296334,0.05552253310393808,1.8982906169887863,-0.00843245661970815,0.0,0.5503032444968592,0.0,0.61,-0.06973864963198184,188,nested_validation
2017-08-15,-0.00843245661970815,-0.0194947977113632,0.0005272420258772836,0.02595290387789695,0.02707235790888187,54.17711694776038,0.024434006456748578,0.1365926959549118,-0.010959395668967087,0.0,0.5094165253625266,0.0,0.61,-0.06973864963198184,188,nested_validation
2017-08-16,-0.010959395668967087,-0.04043927102666789,-0.010888363605108586,0.0101369955109194,0.027163922431777662,52.18708813434452,0.028458936162546095,-0.421898034303794,-0.022282764187976367,0.0,0.5206146379601239,0.0,0.61,-0.06973864963198184,188,nested_validation
2017-08-17,-0.022282764187976367,-0.01984983566971077,-0.03001804019593135,-0.015980883657805145,0.027388855758863937,48.341646900439606,0.02551549917206881,-0.6286959258481359,0.00018584112243003048,1.0,0.5690044771774136,0.0,0.61,-0.06973864963198184,188,nested_validation
2017-08-18,0.00018584112243003048,0.03552183906905615,-0.026498541670983977,-0.018736161203994794,0.027367582137493754,48.37505205230317,0.029226073491856915,-0.36386180237001975,-0.014551057322142014,0.0,0.5660676850660427,0.0,0.61,-0.06973864963198184,188,nested_validation
2017-08-21,-0.014551057322142014,-0.05492880649843557,-0.032969549723758984,-0.034080768770119785,0.02742881170763279,45.873263237362714,0.03506123859493305,-0.2829143247114163,0.022262777359587593,1.0,0.5814662312273305,0.0,0.61,-0.06973864963198184,188,nested_validation
2017-08-22,0.022262777359587593,-0.025672926144859942,-0.006850352801838433,-0.01393586684467607,0.027909564947137058,50.06628113168814,0.01894799303615301,-0.8533437003207359,0.0199937730101718,1.0,0.4954319355181865,0.0,0.61,-0.06973864963198184,188,nested_validation
2017-08-23,0.0199937730101718,0.004819765594614722,0.01683257830820506,0.005081572870948792,0.02815030032290062,53.618671622841156,0.0325694160441612,-0.40979121267572577,-0.003679158111840275,0.0,0.5519500788167386,0.0,0.61,-0.06973864963198184,188,nested_validation
2017-08-24,-0.003679158111840275,0.023939067589032748,0.012722031867237638,0.0004333338408613052,0.027138807000393474,52.85855889574053,0.01912948737592393,-0.7155409424798828,-0.008353624690511485,0.0,0.5626409081656331,0.0,0.61,-0.06973864963198184,188,nested_validation
2017-08-25,-0.008353624690511485,0.015196799599716648,-0.0006314714409261235,-0.007724616052947164,0.02699396018811466,51.09397602144572,0.018497124364343306,-1.0391932109151045,0.007081063704918122,1.0,0.5570534132196593,0.0,0.61,-0.06973864963198184,188,nested_validation
2017-08-28,0.007081063704918122,0.037481931872068275,0.008464265093033996,-0.0008726514794854534,0.026895421022398728,52.5285543089087,0.016790957846981775,-0.891663238656606,-0.0016367574514750682,0.0,0.5689700060796334,0.0,0.61,-0.06973864963198184,188,nested_validation
2017-08-29,-0.0016367574514750682,0.013226587653560218,0.00812822743317021,-0.0022836076379101344,0.02678042072175748,52.14510287677814,0.020157908091269786,-1.0656874441615118,0.005950584698302119,1.0,0.5573113863465248,0.0,0.61,-0.06973864963198184,188,nested_validation
2017-08-30,0.005950584698302119,-0.0007234306205908814,0.013708138255859925,0.0035064232992765287,0.026805454497548935,53.47271499368172,0.011226509842277636,-0.8534459503159291,0.022694050266248933,1.0,0.5738166190064132,0.0,0.61,-0.06973864963198184,188,nested_validation
2017-08-31,0.022694050266248933,0.025728017631400535,0.031593141290904514,0.02584773447849109,0.0271139178521563,58.257248448603704,0.020065996242937655,-0.17555924930298566,0.00601985466311783,1.0,0.4825837556895461,0.0,0.61,-0.06973864963198184,188,nested_validation
2017-09-01,0.00601985466311783,0.04059549544501406,0.032083816545426025,0.031501137906482235,0.027125587368113286,59.47472950775684,0.013492986974507175,-0.6694223606440243,-0.026692583307618478,0.0,0.4882688685072128,0.0,0.61,-0.06973864963198184,188,nested_validation
2017-09-05,-0.026692583307618478,0.005697902577263436,0.0003556151842660782,0.0039867152058514765,0.026903559789460994,52.16566603942794,0.03025730295769536,0.1079702680119991,-0.000602866832121185,0.0,0.5923106427902979,0.0,0.61,-0.06973864963198184,188,nested_validation
2017-09-06,-0.000602866832121185,0.006739388865084184,-0.0022087196201047155,0.0032589170179186944,0.026797789919149866,52.01433854622715,0.020505407720661423,-0.7492945378717883,0.004644035733249119,1.0,0.5378795586143803,0.0,0.61,-0.06973864963198184,188,nested_validation
2017-09-07,0.004644035733249119,0.005431815385225525,0.001954763005587834,0.008026426069479786,0.026700218992046262,53.14132837982278,0.017649099625698064,-0.8454268695272259,-0.01734889997072031,0.0,0.5502534568215033,0.0,0.61,-0.06973864963198184,188,nested_validation
2017-09-08,-0.01734889997072031,-0.03393524276833937,-0.014538952801714689,-0.009879586312119715,0.025254581433540414,48.534206221603384,0.02443641219426077,-0.3195649337168844,0.032439698761493,1.0,0.5380034719470528,0.0,0.61,-0.06973864963198184,188,nested_validation
2017-09-11,0.032439698761493,-0.008564689536522785,0.014260013202292088,0.021260573240643676,0.02301484473188216,56.07027278265473,0.024319598504232404,0.10521446665035766,0.0036092633146540543,1.0,0.48628713621002295,0.0,0.61,-0.06973864963198184,188,nested_validation
2017-09-12,0.0036092633146540543,0.022301530322011986,0.015093981449575189,0.023453376356774136,0.015187357365645795,56.85186320790376,0.017864482551432265,-0.7546154543611381,0.004480628434142986,1.0,0.4605637394675043,0.0,0.61,-0.06973864963198184,188,nested_validation
2017-09-13,0.004480628434142986,0.027501530219563808,0.016193863519381235,0.026794825569522507,0.015067174392202367,57.857883577840866,0.025004324196637145,0.8250989260208484,-0.005693451917802683,0.0,0.4703732553391844,0.0,0.61,-0.06973864963198184,188,nested_validation
2017-09-14,-0.005693451917802683,0.016928845763890754,0.008171269537164738,0.019892678936146657,0.014898103481222072,56.06120603385126,0.02809916275954832,0.23726696861195268,0.06322328549226541,1.0,0.4951381641107251,0.0,0.61,-0.06973864963198184,188,nested_validation
2017-09-15,0.06322328549226541,0.10031162482057399,0.06514728852864571,0.08138385864491471,0.019144582827241758,67.91019033501595,0.04141914958575966,3.8339269863827745,0.04130785552974259,1.0,0.49742138432829724,0.0,0.61,-0.06973864963198184,188,nested_validation
2017-09-18,0.04130785552974259,0.10976276854794298,0.09804849202191068,0.12145536889155162,0.02059509002177771,73.29727010077715,0.03380436185379864,3.304923591749056,-0.001066509999291143,0.0,0.553742034763295,0.0,0.61,-0.06973864963198184,188,nested_validation
2017-09-19,-0.001066509999291143,0.10459243052132039,0.08327959284726916,0.11688637506754396,0.02006770601395018,72.94273079222378,0.027915703235905795,0.816969178239745,-0.008059813904641056,0.0,0.5840400404983527,0.0,0.61,-0.06973864963198184,188,nested_validation
2017-09-20,-0.008059813904641056,0.0908021419973859,0.06224607757437117,0.1044410240526441,0.020110882465149395,70.18285850429265,0.028034864330280733,0.33585437493899567,-0.02733504308413981,0.0,0.5165788973391446,0.0,0.61,-0.06973864963198184,188,nested_validation
2017-09-21,-0.02733504308413981,0.06706027481768717,0.024902513017137196,0.07238132830357946,0.021188453846925224,61.722043820424034,0.028158927427685512,1.2465250895653879,-0.009736784292260658,0.0,0.5150877407127205,0.0,0.61,-0.06973864963198184,188,nested_validation
2017-09-22,-0.009736784292260658,-0.006163095265811935,0.006188835677086502,0.05892331276421481,0.0213466142628431,59.06525548538524,0.020726273621421088,-0.41514309812503747,-0.04469279834386908,0.0,0.5215029474438726,0.0,0.61,-0.06973864963198184,188,nested_validation
2017-09-25,-0.04469279834386908,-0.08824316716480407,-0.03985993245418051,0.008578571158407655,0.02375268611687836,48.78585263574775,0.0446783580070996,0.6048834676748169,0.005614165144374628,1.0,0.590098272868285,0.0,0.61,-0.06973864963198184,188,nested_validation
2017-09-26,0.005614165144374628,-0.08214551274520387,-0.035741859631078454,0.013502022253759627,0.0237404703532273,49.91237954497536,0.048441511078062445,1.191023422842181,0.021923814928543006,1.0,0.5629658259433474,0.0,0.61,-0.06973864963198184,188,nested_validation
2017-09-27,0.021923814928543006,-0.05440129121401316,-0.017554492131896082,0.03391467759872491,0.02409502626016909,54.17521948512696,0.020030796739457433,-0.016679924565760753,-0.00028469887073845346,0.0,0.5150212079290949,0.0,0.61,-0.06973864963198184,188,nested_validation
2017-09-28,-0.00028469887073845346,-0.028103674158378444,-0.021270438711881945,0.03146084170351049,0.024102078236655108,54.109406102305904,0.01377507792031269,-0.8325443821882774,0.017589039106919557,1.0,0.5199451350980624,0.0,0.61,-0.06973864963198184,188,nested_validation
2017-09-29,0.017589039106919557,-0.001284675996077289,-0.0033114761420934835,0.046032551893903095,0.02392086239581745,57.54030410174573,0.013872527832703955,-0.299877356759843,0.001286328511439061,1.0,0.5267936601591714,0.0,0.61,-0.06973864963198184,188,nested_validation
2017-10-02,0.001286328511439061,0.046783692477549765,0.002750543903182967,0.04378647526846979,0.023912901037168616,57.79319516926904,0.02782118446352626,-0.6479718820164827,0.002067248794023868,1.0,0.523610143039349,0.0,0.61,-0.06973864963198184,188,nested_validation
2017-10-03,0.002067248794023868,0.04309156648845747,0.009335536950964674,0.041821283404707144,0.022945498184804312,58.22437986414208,0.01672526842924951,-0.9134288886170533,0.008362362956566782,1.0,0.5028498679655122,0.0,0.61,-0.06973864963198184,188,nested_validation
2017-10-04,0.008362362956566782,0.02924920762113259,0.02063032142026966,0.046820420061728596,0.022935481737641088,60.00787983750182,0.020069711499676804,-0.81353839814246,-0.0005525755555190193,0.0,0.4579984944076886,0.0,0.61,-0.06973864963198184,188,nested_validation
2017-10-05,-0.0005525755555190193,0.028973417238371546,0.020060573141411853,0.04322905530346266,0.022963116789726394,59.824608717216286,0.013497891966640523,-0.8073495495810828,0.0029317020847634545,1.0,0.4973353762610703,0.0,0.61,-0.06973864963198184,188,nested_validation
2017-10-06,0.0029317020847634545,0.014152099806985952,0.021725024074149113,0.04305501770808795,0.022423680403445223,60.51327632471537,0.015664666843619928,-1.1001766689462344,0.022559120551256306,1.0,0.4696994033655837,0.0,0.61,-0.06973864963198184,188,nested_validation
2017-10-09,0.022559120551256306,0.035698231119905,0.036369748668958035,0.062189600839875014,0.021925166353981212,65.43725476386007,0.025352027181699176,-0.40560717404163765,0.019095323915357065,1.0,0.46774545087530867,0.0,0.61,-0.06973864963198184,188,nested_validation
2017-10-10,0.019095323915357065,0.053297795723743935,0.04623433308521108,0.07754166724130473,0.02213914146164949,69.03636356992692,0.030116988022561186,0.6851740674278577,0.010638438237867698,1.0,0.4818965911321147,0.0,0.61,-0.06973864963198184,188,nested_validation
2017-10-11,0.010638438237867698,0.05567529925299741,0.048533061549329126,0.0835994248155787,0.022163529756808006,70.88981837350188,0.01707343751794933,-0.5759934704747158,0.00047171739947993174,1.0,0.44805651249946316,0.0,0.61,-0.06973864963198184,188,nested_validation
2017-10-12,0.00047171739947993174,0.05675721786656762,0.04025894401054386,0.07893660103459954,0.02204186135340041,70.9736690744768,0.01654190305920611,-0.5822478523085477,0.018635533363404067,1.0,0.45958853493155166,0.0,0.61,-0.06973864963198184,188,nested_validation
2017-10-13,0.018635533363404067,0.0733038451367658,0.05059406797142674,0.09386382420476358,0.018064386968338713,74.14379163032034,0.017215637534159594,-0.210164058564926,0.017164392540070406,1.0,0.4586717168010867,0.0,0.61,-0.06973864963198184,188,nested_validation
2017-10-16,0.017164392540070406,0.06764140254395845,0.05781563670778089,0.10694156194729776,0.016248911939058485,76.71347018576452,0.024301567123101876,-0.2822517998055223,-0.0009095309589068901,0.0,0.43458925648661323,0.0,0.61,-0.06973864963198184,188,nested_validation
2017-10-17,-0.0009095309589068901,0.04668358749522472,0.04657306308206621,0.0994091083638915,0.01624706539880191,76.2734705174078,0.012895027341879356,-0.6384632708269095,-0.0008599354696605666,0.0,0.4987167596755152,0.0,0.61,-0.06973864963198184,188,nested_validation
2017-10-18,-0.0008599354696605666,0.03477511599127037,0.03650664543072746,0.09203422522363347,0.01608051216426558,75.83101920347649,0.02439510364149342,-0.2060049947726463,0.0011140858754723482,1.0,0.5033271664794902,0.0,0.61,-0.06973864963198184,188,nested_validation
2017-10-19,0.0011140858754723482,0.03543950949954677,0.028473059404004353,0.0869986155664102,0.01449697125355373,76.02489179715289,0.028058563122389506,-0.08726623793582661,-0.004550544909654897,0.0,0.502678770348041,0.0,0.61,-0.06973864963198184,188,nested_validation
2017-10-20,-0.004550544909654897,0.011870940832985788,0.015555483594937636,0.07550937913554412,0.014282631943504924,73.4310077152811,0.015490111574564262,-0.6844739551172722,-0.0014215840126218238,0.0,0.4662980742705276,0.0,0.61,-0.06973864963198184,188,nested_validation
2017-10-23,-0.0014215840126218238,-0.006618311955060019,0.008271713085821863,0.06860656539304144,0.008855747936002346,72.60143779339668,0.01551217043016035,-0.7206278317871221,0.01047671155543961,1.0,0.45906442576144524,0.0,0.61,-0.06973864963198184,188,nested_validation
2017-10-24,0.01047671155543961,0.004702869819646072,0.01376647363420358,0.07414518093481881,0.008879878981180984,74.85297647018243,0.014143352974505655,-0.8701517017573657,-0.02526656740701605,0.0,0.42734258380542456,0.0,0.61,-0.06973864963198184,188,nested_validation
2017-10-25,-0.02526656740701605,-0.019839648312303226,-0.013217485392201023,0.042629117475163625,0.01074984281738337,61.57358110343953,0.04156771339066934,1.9934388251682313,0.010482179875120679,1.0,0.4130417658783258,0.0,0.61,-0.06973864963198184,188,nested_validation
2017-10-26,0.010482179875120679,-0.010667632416323847,-0.0052358710739157655,0.04861078375767147,0.010744945963165097,64.32942872463013,0.01200872298385774,-1.3345135667435253,0.031529446245399884,1.0,0.4338273767554928,0.0,0.61,-0.06973864963198184,188,nested_validation
2017-10-27,0.031529446245399884,0.025190645358903696,0.022350283456170184,0.07748694074031248,0.011898959652794435,71.11107010785017,0.025364164108700443,0.30724550037112425,0.009808908929281435,1.0,0.41287860788673425,0.0,0.61,-0.06973864963198184,188,nested_validation
2017-10-30,0.009808908929281435,0.036720432226391875,0.029297516860057327,0.08491137405279758,0.0118692650635293,72.89217732728059,0.023891262417906914,-0.13972086628666627,0.014570348442685344,1.0,0.45959705402696216,0.0,0.61,-0.06973864963198184,188,nested_validation
2017-10-31,0.014570348442685344,0.04092038750946858,0.03953894638379474,0.09693180158675574,0.011943686272488513,75.34741834943304,0.014457704651935079,-0.7554188219207125,0.0018855983733396808,1.0,0.47467250689906565,0.0,0.61,-0.06973864963198184,188,nested_validation
2017-11-01,0.0018855983733396808,0.0699162565140059,0.03648709836927644,0.09486542007491128,0.011995849773809356,75.65915031369191,0.025917020942265098,-0.18395339582655706,-0.006081314427905937,0.0,0.471539905364677,0.0,0.61,-0.06973864963198184,188,nested_validation
2017-11-02,-0.006081314427905937,0.05237853821235783,0.026006138603343665,0.08340219054320497,0.01222567888969289,72.47032857721734,0.020200076186510603,-1.1862875704551898,0.013353386229917108,1.0,0.4300607744274826,0.0,0.61,-0.06973864963198184,188,nested_validation
2017-11-03,0.013353386229917108,0.033835106864685605,0.03363537584707954,0.09218293824732382,0.012279617546181388,74.95162073590525,0.016052474617886017,-1.1401159250274888,0.004504671346408307,1.0,0.44250390997446876,0.0,0.61,-0.06973864963198184,188,nested_validation
2017-11-06,0.004504671346408307,0.028404666531038902,0.03164385013401727,0.08975893721340955,0.011765392856473954,75.7560673909004,0.01564657373736525,-0.8303582419911538,0.011448360008347924,1.0,0.4547679107651511,0.0,0.61,-0.06973864963198184,188,nested_validation
2017-11-07,0.011448360008347924,0.025240107779980647,0.03664386807879083,0.09463436570428985,0.011461483009474726,77.72300688807393,0.013394350260936855,-0.5517902138969054,-0.0135354520571217,0.0,0.3922070103247559,0.0,0.61,-0.06973864963198184,188,nested_validation
2017-11-08,-0.0135354520571217,0.009459584104347218,0.014921179618711866,0.07364143920962696,0.01214690462937471,70.37048444415043,0.02275768903323797,0.2801927617741897,-0.018359294376032342,0.0,0.4726509481894068,0.0,0.61,-0.06973864963198184,188,nested_validation
2017-11-09,-0.018359294376032342,-0.003010374164867935,-0.008345887286492548,0.04861208921575888,0.013124113092136075,61.92880510304437,0.029027799337481622,2.971711654907546,0.052698312904438716,1.0,0.451861690890262,0.0,0.61,-0.06973864963198184,188,nested_validation
2017-11-10,0.052698312904438716,0.03569920558961481,0.03676210347827524,0.0968938736925693,0.016680278567247738,72.08882226528473,0.03257150284933047,3.1617242646903643,-0.016239624038935085,0.0,0.4789663249036653,0.0,0.61,-0.06973864963198184,188,nested_validation
2017-11-13,-0.016239624038935085,0.014310703510954648,0.015643226258373444,0.07297657966011628,0.01708638220921581,65.94099963086943,0.024267451840412388,0.16745588730016342,0.007289690374238766,1.0,0.48948117854008794,0.0,0.61,-0.06973864963198184,188,nested_validation
2017-11-14,0.007289690374238766,0.01014026506938337,0.019458140853974015,0.07450670385463498,0.017068442279996873,67.26847584747063,0.01666823994585549,-0.08079548497659442,-0.01960967591727536,0.0,0.46292349635886665,0.0,0.61,-0.06973864963198184,188,nested_validation
2017-11-15,-0.01960967591727536,0.003920256339235317,-0.001853873403098727,0.04833268411180347,0.01781599477043547,60.39898004182268,0.020001909347071415,-0.18827372009257076,0.007762501272292166,1.0,0.5140841766120249,0.0,0.61,-0.06973864963198184,188,nested_validation
2017-11-16,0.007762501272292166,0.030634918468734007,0.0031903844958676153,0.051075916698802404,0.01783589608743076,62.019981533193956,0.013940744108454967,-0.4263702851451003,-0.0011813091253844998,0.0,0.4968097297314865,0.0,0.61,-0.06973864963198184,188,nested_validation
2017-11-17,-0.0011813091253844998,-0.022115446167666697,0.0007385753785560389,0.04463514901882859,0.0177745157662027,61.603508160785935,0.021763772305380385,-0.11240067773209964,0.012869153427886859,1.0,0.49563977283457206,0.0,0.61,-0.06973864963198184,188,nested_validation
2017-11-20,0.012869153427886859,0.006819469855902094,0.011486076142697588,0.053101099097178306,0.01784115319074065,64.40447982178821,0.019011653464847303,-0.6360654921961824,0.009201882765403013,1.0,0.46683867054357325,0.0,0.61,-0.06973864963198184,188,nested_validation
2017-11-21,0.009201882765403013,0.00873076960207464,0.018858463902727163,0.05808637218744406,0.01782166813310946,66.3206981706087,0.009812538656806305,-0.619931756221367,-0.0044924446306445764,0.0,0.4461070058684869,0.0,0.61,-0.06973864963198184,188,nested_validation
2017-11-22,-0.0044924446306445764,0.02428499935672157,0.01145785153960488,0.049198416783554855,0.01663044511092207,64.478924714756,0.01577260975308029,-0.7265165167855069,0.009444659077636253,1.0,0.47086132487340915,0.0,0.61,-0.06973864963198184,188,nested_validation
2017-11-24,0.009444659077636253,0.025994736526331996,0.015380604690644839,0.05463515464971258,0.016616108391234584,66.57129919643728,0.011062024701291065,-1.4447887292867747,-0.01299760930360061,0.0,0.43990327717877753,0.0,0.61,-0.06973864963198184,188,nested_validation
2017-11-27,-0.01299760930360061,0.013856936244031504,0.003051507648732299,0.037617809346455644,0.015927101058948418,61.179843250143634,0.015644017873533464,-0.3429116304124064,-0.016017762885996434,0.0,0.4895984573851494,0.0,0.61,-0.06973864963198184,188,nested_validation
2017-11-28,-0.016017762885996434,-0.01505815152659884,-0.01219505228862272,0.018871744110692923,0.01637293430436312,55.31198587065312,0.030800635668244643,0.05131163355425871,-0.06781822772443713,0.0,0.48796717461610856,0.0,0.61,-0.06973864963198184,188,nested_validation
2017-11-29,-0.06781822772443713,-0.09022678853668575,-0.07152056792818706,-0.0500437110470523,0.022033970277387516,38.671159171731,0.0961714652218646,2.8413042332036462,0.0218410898935677,1.0,0.4915009502723827,0.0,0.61,-0.06973864963198184,188,nested_validation
2017-11-30,0.0218410898935677,-0.06616113062775719,-0.04713183079986483,-0.029806650427993242,0.022644015086898422,44.10767871225312,0.03004328430034677,0.8479506032262889,-0.015096712245471267,0.0,0.5947110949065308,0.0,0.61,-0.06973864963198184,188,nested_validation
2017-12-01,-0.015096712245471267,-0.08886439250855793,-0.055335592178782145,-0.044456032298019865,0.022823809754937755,41.32150347151059,0.03874953264264965,0.7306086593045836,-0.05574637565280338,0.0,0.6139437809376216,1.0,0.61,-0.06973864963198184,188,nested_validation
2017-12-04,-0.05574637565280338,-0.12832723835800774,-0.09740673017338808,-0.09625293593043927,0.0253650710110017,33.125998253067735,0.08464587446200621,1.84172116138934,0.0057858645598491965,1.0,0.5254829640425718,0.0,0.61,-0.06973864963198184,188,nested_validation
2017-12-05,0.0057858645598491965,-0.10901222693536627,-0.08053964646355016,-0.08973949814901783,0.025391108115524082,34.49714771570066,0.0645573603042898,0.954983168543862,0.008096423076935144,1.0,0.5994203420018753,0.0,0.61,-0.06973864963198184,188,nested_validation
2017-12-06,0.008096423076935144,-0.036452316763148085,-0.06084215683705074,-0.08099100767341039,0.025291945974616096,36.47144084054477,0.028003839690406068,-0.5998019423078746,0.01442476291439898,1.0,0.5411011223952629,0.0,0.61,-0.06973864963198184,188,nested_validation
2017-12-07,0.01442476291439898,-0.043445561358204765,-0.03632511571474073,-0.06750276018020218,0.02556960977053378,39.97101094650616,0.018126021714110194,-0.3751542397765858,-0.002604363901241191,0.0,0.5505425758088988,0.0,0.61,-0.06973864963198184,188,nested_validation
2017-12-08,-0.002604363901241191,-0.03131278506808133,-0.02638785346371686,-0.06931895515365816,0.025354016871737668,39.54138052147527,0.018956648732005074,-0.5353158995805026,0.016554114220010074,1.0,0.5249360802205902,0.0,0.61,-0.06973864963198184,188,nested_validation
2017-12-11,0.016554114220010074,0.042858558697242755,-0.00036980805779718295,-0.05282903250429383,0.022430589586072535,43.674796318386186,0.01726088818210068,-0.7524096584865178,-0.019624081176768282,0.0,0.5329712405508916,0.0,0.61,-0.06973864963198184,188,nested_validation
2017-12-12,-0.019624081176768282,0.01651201683262782,-0.009883718116818874,-0.06947573217286185,0.022527855014905562,40.115518796661945,0.0206979912672133,-0.45278750046847266,-0.024417759614320356,0.0,0.5303414298748431,0.0,0.61,-0.06973864963198184,188,nested_validation
2017-12-13,-0.024417759614320356,-0.016273594411060133,-0.028901011810084865,-0.08916426042094705,0.022715354925056365,36.23610364722201,0.035825535277753805,-0.12599676792945283,0.0015569491679070513,1.0,0.5787893084551786,0.0,0.61,-0.06973864963198184,188,nested_validation
2017-12-14,0.0015569491679070513,-0.028752004469049464,-0.02011094440754646,-0.08467331120145483,0.02258104432807738,36.64653582347413,0.025419689337524885,-0.5007298483868501,0.027296681483242713,1.0,0.5238344699927924,0.0,0.61,-0.06973864963198184,188,nested_validation
2017-12-15,0.027296681483242713,0.000365157610737743,0.009884581908314205,-0.05749234849891027,0.02354094768764798,43.52114745268842,0.035289235239430616,0.23301667292027578,0.03309705039986843,1.0,0.5889433243911744,0.0,0.61,-0.06973864963198184,188,nested_validation
2017-12-18,0.03309705039986843,0.016644642123577746,0.03716294273483878,-0.0245952203880323,0.024937246438804843,50.69754305615297,0.03041936609333766,-0.4020499532061028,-0.00904509530741282,0.0,0.5734776648129349,0.0,0.61,-0.06973864963198184,188,nested_validation
2017-12-19,-0.00904509530741282,0.02761499451257854,0.02329293761101292,-0.031289276282213785,0.024699182448693683,48.81174785235514,0.01412474766120973,-0.7447536636860568,0.0035185825231820456,1.0,0.5707794264655945,0.0,0.61,-0.06973864963198184,188,nested_validation
2017-12-20,0.0035185825231820456,0.05704132361527092,0.022869156956608627,-0.025460585836170946,0.02457773163322717,49.59017146818817,0.017886142143216217,-0.99147512224598,-0.0046239698140845276,0.0,0.5584017662669803,0.0,0.61,-0.06973864963198184,188,nested_validation
2017-12-21,-0.0046239698140845276,0.05051799332705209,0.016079825515979307,-0.027860755221752354,0.024577796574031578,48.541791168597996,0.012251761831568618,-0.9355161686406851,-0.0031652822684750115,0.0,0.551976897280786,0.0,0.61,-0.06973864963198184,188,nested_validation
2017-12-22,-0.0031652822684750115,0.019367458520444858,0.010881652377197515,-0.029347031233185605,0.024377560616328602,47.80027108647405,0.022532930016413773,-0.4641753215935991,0.011112528567515323,1.0,0.5329681491936161,0.0,0.61,-0.06973864963198184,188,nested_validation
2017-12-26,0.011112528567515323,-0.0023248947181584434,0.02064625549847232,-0.015534741448052003,0.02454531592569248,50.64194005590186,0.03003446249843741,-0.8228974291811784,-0.0013672222667779899,0.0,0.5566772763071282,0.0,0.61,-0.06973864963198184,188,nested_validation
2017-12-27,-0.0013672222667779899,0.005405046127668678,0.015926444401370032,-0.014372310282060985,0.02438618062329191,50.27527451646308,0.018562623084791462,-0.862718646666086,0.0011665555544781991,1.0,0.5466932558651548,0.0,0.61,-0.06973864963198184,188,nested_validation
2017-12-28,0.0011665555544781991,0.003048597702949518,0.011265342010837065,-0.010480308962333429,0.019330391986305838,50.60345529025674,0.011296837656511995,-1.1756468767857515,-0.01975688083087268,0.0,0.556260471193663,0.0,0.61,-0.06973864963198184,188,nested_validation
2017-12-29,-0.01975688083087268,-0.012200960970587982,-0.012271349443109592,-0.02737553045447627,0.019152677883486024,45.16085022796111,0.025633089412855005,-0.9200696974565893,0.030232374095478187,1.0,0.5384345888676065,0.0,0.61,-0.06973864963198184,188,nested_validation
2018-01-02,0.030232374095478187,0.02089396667922605,0.013559678883309667,0.0040670104361872905,0.020085695806514755,53.27826869152821,0.025081515595434152,-0.5371616273927797,0.06581419295592772,1.0,0.5184819650084694,0.0,0.61,-0.06973864963198184,188,nested_validation
2018-01-03,0.06581419295592772,0.07612481148001149,0.0723226857603565,0.06992311571407361,0.02049617643870855,65.58290155094492,0.04683018079640043,2.3490983115187776,0.00527133817680725,1.0,0.5328495478874882,0.0,0.61,-0.06973864963198184,188,nested_validation
2018-01-04,0.00527133817680725,0.08327851178420898,0.06854847455002666,0.07562467353452806,0.020497633780736137,66.39648470103313,0.02509486512511265,0.892921776382461,0.008474050666557709,1.0,0.49043585761238395,0.0,0.61,-0.06973864963198184,188,nested_validation
2018-01-05,0.008474050666557709,0.0911853404591838,0.06766855372290692,0.08483061535427616,0.020499106600559775,67.72431131891149,0.027065931212900265,0.8208746643035835,0.030640542413749694,1.0,0.49621667251955215,0.0,0.61,-0.06973864963198184,188,nested_validation
2018-01-08,0.030640542413749694,0.14728665692449305,0.0863234632228791,0.11674496018034208,0.02110063513932151,72.05982520228571,0.028918926860399437,2.2760456238630873,-0.000270262864777715,0.0,0.5914110032734402,0.0,0.61,-0.06973864963198184,188,nested_validation
2018-01-09,-0.000270262864777715,0.11331833165589655,0.07203917069142407,0.11551164494695731,0.021050786285668765,71.96518637490864,0.023339625274835612,0.14526640682515726,0.007840089904314729,1.0,0.5285774427572623,0.0,0.61,-0.06973864963198184,188,nested_validation
2018-01-10,0.007840089904314729,0.05276027930939553,0.06692108097262128,0.12246329505912956,0.020951374084048603,73.06981781122012,0.03496063961667469,0.5599437265809472,0.001788190929720379,1.0,0.5813340707571212,0.0,0.61,-0.06973864963198184,188,nested_validation
2018-01-11,0.001788190929720379,0.04911258845274635,0.05528366594724621,0.12196128403174367,0.02008303772608611,73.3299610441802,0.013655910848308663,-0.39968322492424907,-0.0049090273569433185,0.0,0.5073029723370927,0.0,0.61,-0.06973864963198184,188,nested_validation
2018-01-12,-0.0049090273569433185,0.03519021175161052,0.0376036107316422,0.111526336224407,0.018911899323060095,71.29035552649397,0.016369170581359026,-0.5968471627136863,-0.012870915679653927,0.0,0.4890231709612032,0.0,0.61,-0.06973864963198184,188,nested_validation
2018-01-16,-0.012870915679653927,-0.00851332373307212,0.011720999450768543,0.09369439729014539,0.019458248014220393,66.12288530676582,0.049157186898591616,1.1615389309526336,0.02094409503696326,1.0,0.5435092788545152,0.0,0.61,-0.06973864963198184,188,nested_validation
2018-01-17,0.02094409503696326,0.012526115651223302,0.02100446845714954,0.11162232140113648,0.019199147785040227,69.89740676076907,0.03657879101665287,0.3390682737735712,-0.001246017898660412,0.0,0.5123137016315881,0.0,0.61,-0.06973864963198184,188,nested_validation
2018-01-18,-0.001246017898660412,0.0033977613296480857,0.014216456038040004,0.10336376861198682,0.01841488904218206,69.39168430441788,0.0176439094697768,-0.3423005976682686,0.025262996865065723,1.0,0.48202331646738883,0.0,0.61,-0.06973864963198184,188,nested_validation
2018-01-19,0.025262996865065723,0.026910284172738663,0.0321335313168285,0.12343785648964345,0.01848683552718779,73.56295089930451,0.017774042635057108,0.6722033114129794,0.01555773727397658,1.0,0.48333046773769145,0.0,0.61,-0.06973864963198184,188,nested_validation
2018-01-22,0.01555773727397658,0.04803149988170041,0.03966201896262289,0.1327258288196964,0.01852081091039138,75.80495537222016,0.02422012055743008,0.2966351806108739,0.022337079565299733,1.0,0.4931117052534121,0.0,0.61,-0.06973864963198184,188,nested_validation
2018-01-23,0.022337079565299733,0.08541170541966436,0.05494856468573128,0.14931477738973498,0.018476195724624906,78.64827524243458,0.01979823188443984,-0.1739068842557055,-0.013017325719517858,0.0,0.36222876508248464,-1.0,0.61,-0.06973864963198184,188,nested_validation
2018-01-24,-0.013017325719517858,0.04930578757268145,0.03488232776063693,0.1263506680451898,0.018949709181402548,73.13394855894683,0.02943173224707764,0.38806288435316105,0.002332680116293284,1.0,0.5070711544022193,0.0,0.61,-0.06973864963198184,188,nested_validation
2018-01-25,0.002332680116293284,0.05306562093140821,0.03156022851285667,0.12153327966153027,0.019012342138047873,73.48800566444146,0.016924037006840108,-0.5985129189937707,0.029532333098925,1.0,0.48547862695148175,0.0,0.61,-0.06973864963198184,188,nested_validation
2018-01-26,0.029532333098925,0.05745073111857124,0.05317606864032465,0.1451471166163465,0.019342554822178042,77.53407185016462,0.023589339604154387,-0.04279588169360309,0.014466080570999296,1.0,0.3677714137904225,-1.0,0.61,-0.06973864963198184,188,nested_validation
2018-01-29,0.014466080570999296,0.056314042246707885,0.05748608174298009,0.15076066240643415,0.019229725475112928,79.25360671578639,0.030382824234400634,-0.503890861602014,-0.016730799664650187,0.0,0.3744519527168218,-1.0,0.61,-0.06973864963198184,188,nested_validation
2018-01-30,-0.016730799664650187,0.015947757724442457,0.02981870489540195,0.12170287606859187,0.01899427747470391,72.26482304812481,0.033001014182684,0.15026341838841947,0.012689351748718991,1.0,0.4895013801403713,0.0,0.61,-0.06973864963198184,188,nested_validation
2018-01-31,0.012689351748718991,0.04240885173649289,0.03364167272744867,0.12652391920085493,0.018511238633660044,74.09914876837875,0.019609452906762626,-0.5449862204563476,-0.02156222613551506,0.0,0.4720172142320616,0.0,0.61,-0.06973864963198184,188,nested_validation
2018-02-01,-0.02156222613551506,0.017558557734895786,0.004569616218282668,0.09510661576243784,0.014956681449655097,66.00887973470479,0.03675679028030969,-0.14123593200309084,-0.029023056894055932,0.0,0.5278815879946666,0.0,0.61,-0.06973864963198184,188,nested_validation
2018-02-02,-0.029023056894055932,-0.04031581519471761,-0.025973404094955188,0.05731964833629788,0.016828129572975168,57.15786269648298,0.0291195754564604,1.4702830573065935,-0.08487480459408159,0.0,0.4967042841054196,0.0,0.61,-0.06973864963198184,188,nested_validation
2018-02-05,-0.08487480459408159,-0.13429222132928775,-0.10114913798061587,-0.034881806974844,0.02571084412230488,40.53650892553816,0.13210106894525034,3.2748588549417286,0.05559186163816188,1.0,0.48242742215260714,0.0,0.61,-0.06973864963198184,188,nested_validation
2018-02-06,0.05559186163816188,-0.07061658657671133,-0.045830537006013805,0.014237719918094083,0.02769856644561415,49.93434637682758,0.09619647229292504,2.5730961260503107,0.014274321527365297,1.0,0.5294230592649795,0.0,0.61,-0.06973864963198184,188,nested_validation
2018-02-07,0.014274321527365297,-0.06916199971796011,-0.02933637710219983,0.023571645287368437,0.027841198036076393,52.14212688088199,0.03614509154898632,0.9698720114402948,-0.04930035423488821,0.0,0.5747760925046179,0.0,0.61,-0.06973864963198184,188,nested_validation
2018-02-08,-0.04930035423488821,-0.09555070258825993,-0.06975925455642662,-0.02979596366663051,0.029939750079349223,44.70497664477444,0.0814177934260485,2.1379568640321414,0.06693598538736567,1.0,0.5127438662394298,0.0,0.61,-0.06973864963198184,188,nested_validation
2018-02-09,0.06693598538736567,-0.006166408771650089,-0.0026944792555353425,0.029800626960522658,0.03340283848847771,53.85425975715865,0.09208027892918913,3.0090035510810473,-0.017450606400771784,0.0,0.5034368732244744,0.0,0.61,-0.06973864963198184,188,nested_validation
2018-02-12,-0.017450606400771784,0.06705683255373662,-0.01210857152915401,0.007266604182139869,0.033649467539725204,51.31102963562251,0.0458273077827403,1.1135516001394488,0.020172702977402146,1.0,0.5470073369409516,0.0,0.61,-0.06973864963198184,188,nested_validation
2018-02-13,0.020172702977402146,0.03125298011249478,0.012244676745819305,0.021699294297269356,0.03370502139049687,53.96991735865186,0.03976276168137247,-0.29399105343834064,0.03778498178462453,1.0,0.5303541314642805,0.0,0.61,-0.06973864963198184,188,nested_validation
2018-02-14,0.03778498178462453,0.055157202017867,0.052498275108811,0.053813768835223375,0.03433859794718254,58.62012252163476,0.04987161225787906,0.03695022536781394,0.021042363645453088,1.0,0.566058358252894,0.0,0.61,-0.06973864963198184,188,nested_validation
2018-02-15,0.021042363645453088,0.13322878404861416,0.0718416410129572,0.07068706151754478,0.034505469827278035,61.06807830987174,0.027789025417568152,-0.1520532027688685,-0.01079095999167723,0.0,0.568841050648236,1.0,0.55,0.7445829594859368,251,nested_validation
2018-02-16,-0.01079095999167723,0.05067236735063729,0.055538802229260886,0.05451480171666234,0.03435697099828195,59.09669283323616,0.026779849782220057,-0.34907730865398434,0.021489169647929796,1.0,0.5048953097216988,0.0,0.55,0.7445829594859368,251,nested_validation
2018-02-20,0.021489169647929796,0.09231195000339576,0.061957229799372904,0.07197092460542942,0.03448514940823565,61.71837463676028,0.029187456342255665,-0.21972234937832316,-0.03039164259289384,0.0,0.5262100622319492,0.0,0.55,0.7445829594859368,251,nested_validation
2018-02-21,-0.03039164259289384,0.0381720590326422,0.022736391696061453,0.03649097387467237,0.03497885508507272,56.12198940149251,0.043931964095311665,0.37358890150219176,0.0032729281276719924,1.0,0.5631535409177295,1.0,0.55,0.7445829594859368,251,nested_validation
2018-02-22,0.0032729281276719924,0.0036471329300604705,0.020250840886628874,0.03686325186700756,0.03482861906759996,56.56488102454147,0.02531484445755121,-0.7692705435383778,0.015610396708627627,1.0,0.5142417401645203,0.0,0.55,0.7445829594859368,251,nested_validation
2018-02-23,0.015610396708627627,-0.0016922910120091839,0.023863469337393584,0.04969471614516907,0.03495546312318946,58.71246775401884,0.01386571778794712,-1.1532679497046137,0.002642948764931541,1.0,0.495693134496683,0.0,0.55,0.7445829594859368,251,nested_validation
2018-02-26,0.002642948764931541,0.01186518180834728,0.02034873090981071,0.04908988304519468,0.034407972825723915,59.08705848507617,0.015897484926779185,-0.965718442635804,-0.00210878559964911,0.0,0.5039080686908265,0.0,0.55,0.7445829594859368,251,nested_validation
2018-02-27,-0.00210878559964911,-0.011510444665623565,0.01059793702158629,0.043441707008467834,0.03428006624696315,58.62878611500018,0.015362116783279776,-1.0100816322719797,-0.016500212783011947,0.0,0.5076877692187138,0.0,0.55,0.7445829594859368,251,nested_validation
2018-02-28,-0.016500212783011947,0.002651493163015939,-0.009945963148435766,0.02303941978903623,0.03427431961598124,55.0393238380181,0.027148742450406955,-0.782341043793551,-0.0404544798084866,0.0,0.5164184202234274,0.0,0.55,0.7445829594859368,251,nested_validation
2018-03-01,-0.0404544798084866,-0.041048829680498944,-0.046463727516052544,-0.019401363672719718,0.035269974110508986,47.48927050592462,0.06877395787848882,0.774208644695247,0.018646967873108045,1.0,0.6140422864866957,1.0,0.55,0.7445829594859368,251,nested_validation
2018-03-02,0.018646967873108045,-0.03818166380530319,-0.024755797476121,-0.002834145865932669,0.035253959432072116,50.70981459014691,0.06320287823061524,0.3122798728090895,-0.0037626521810785185,0.0,0.601063401772045,1.0,0.55,0.7445829594859368,251,nested_validation
2018-03-05,-0.0037626521810785185,-0.044326447899987964,-0.02519452142719436,-0.007378804975754716,0.034644922747370806,50.03059362241337,0.032802915325458884,-0.6197866602706005,0.02762569302139406,1.0,0.5537793018729503,1.0,0.55,0.7445829594859368,251,nested_validation
2018-03-06,0.02762569302139406,-0.015849942251333515,0.004546448918268053,0.018810652422460494,0.02888464276881047,54.79960045978623,0.02304264014357735,-0.49675061516551766,-0.001321327160764496,0.0,0.5008536522638539,0.0,0.55,0.7445829594859368,251,nested_validation
2018-03-07,-0.001321327160764496,-0.0006610206512931427,0.0030193970128882253,0.017025405390246995,0.026646111786005944,54.52415885025949,0.024809807355737706,-0.6065238094349098,-0.0027288230135316116,0.0,0.5187881344284435,0.0,0.55,0.7445829594859368,251,nested_validation
2018-03-08,-0.0027288230135316116,0.03862916263173166,0.0006848692640857301,0.013464991690640193,0.02657176540055898,53.922161042007865,0.014760796907624668,-1.0816291356682228,0.01720679505048084,1.0,0.5092758739080483,0.0,0.55,0.7445829594859368,251,nested_validation
2018-03-09,0.01720679505048084,0.03716073879110171,0.01815692278814618,0.029587266252621536,0.023836699545891654,57.12772902812899,0.013858811891256656,-0.6923659198415262,0.018056990850794152,1.0,0.5025320047773366,0.0,0.55,0.7445829594859368,251,nested_validation
2018-03-12,0.018056990850794152,0.0598766880943884,0.03517563372832311,0.04721441672045357,0.01963455516737826,60.30252013327621,0.025344307512010444,-0.2590504071083627,-0.008207670712782056,0.0,0.4901887373023585,0.0,0.55,0.7445829594859368,251,nested_validation
2018-03-13,-0.008207670712782056,0.022918730410208976,0.025977631026951276,0.03847216419142563,0.019231161692100148,58.156335792929845,0.034152867244499896,-0.06842129280207081,0.004157975327009122,1.0,0.5489320555975947,0.0,0.55,0.7445829594859368,251,nested_validation
2018-03-14,0.004157975327009122,0.028531027234764528,0.027375601583078613,0.04189167781829539,0.018886587840462713,58.94691389605491,0.017407757297291486,-0.7247369569860818,0.0024123000301654596,1.0,0.47949525940793486,0.0,0.55,0.7445829594859368,251,nested_validation
2018-03-15,0.0024123000301654596,0.033833300766074714,0.022618671063724838,0.04386684129106233,0.017178068057929978,59.42784108529044,0.01997269555544322,-1.216661004739014,0.004572200882412503,1.0,0.48334516432205193,0.0,0.55,0.7445829594859368,251,nested_validation
2018-03-16,0.004572200882412503,0.020992190918823317,0.021454407589515112,0.047159387187905466,0.016621380257899637,60.37757003879598,0.011058784075923523,-1.1135216380378952,-0.037847282120829884,0.0,0.4432389153441247,-1.0,0.55,0.7445829594859368,251,nested_validation
2018-03-19,-0.037847282120829884,-0.03507326185639148,-0.01934440292299311,0.0064578037229310326,0.01851666798691614,49.91421345810396,0.05124475864956867,0.6683435518867633,0.03560138486220854,1.0,0.5429157857929344,0.0,0.55,0.7445829594859368,251,nested_validation
2018-03-20,0.03560138486220854,0.007549097531594606,0.01251124569187545,0.037089984228792394,0.019575267360676604,57.151730098875916,0.04018752512384252,-0.20243959805431944,-0.004086535357396115,0.0,0.5267409892406911,0.0,0.55,0.7445829594859368,251,nested_validation
2018-03-21,-0.004086535357396115,-0.0007232555281487807,0.005632001186305802,0.029554827544545192,0.018310128735654782,56.11370067775942,0.018788258142470024,-0.790766639254462,-0.02699551275650791,0.0,0.5105178550540993,0.0,0.55,0.7445829594859368,251,nested_validation
2018-03-22,-0.02699551275650791,-0.0300390803864633,-0.021780706582077314,-5.9854183251495385e-05,0.01933481269003872,49.71606329327111,0.031176337677608638,-0.10432460944877305,-0.03671724945798449,0.0,0.5411683904053735,0.0,0.55,0.7445829594859368,251,nested_validation
2018-03-23,-0.03671724945798449,-0.0699059542531002,-0.05296370551876006,-0.03883937950874761,0.020563865082529057,42.766844261117754,0.042838097324636025,0.9322657093816711,0.04940567233100124,1.0,0.5515817416617398,1.0,0.55,0.7445829594859368,251,nested_validation
2018-03-26,0.04940567233100124,0.014439755010556388,-0.0040370902854555135,0.006910377864446815,0.023468021845807055,52.11064190413126,0.03529936861985525,0.1256516198173527,-0.07755241132387569,0.0,0.5697094674519315,1.0,0.55,0.7445829594859368,251,nested_validation
2018-03-27,-0.07755241132387569,-0.09640183998866114,-0.0728956175143799,-0.07087584263690216,0.02891135960561106,40.40787977207637,0.13369099785068064,3.2552928282015667,-0.01849071480777842,0.0,0.6067573603021266,1.0,0.55,0.7445829594859368,251,nested_validation
2018-03-28,-0.01849071480777842,-0.10947083695468707,-0.07967566252849878,-0.08665927971621801,0.02895786819224409,38.367057319753194,0.05597462842892971,1.1712238886645507,0.04626171316564309,1.0,0.6502273300481906,1.0,0.55,0.7445829594859368,251,nested_validation
2018-03-29,0.04626171316564309,-0.042423154294669696,-0.029940794332480203,-0.04313260075982228,0.029661961607678797,45.62901137825919,0.06390601998717516,1.1143292709997705,-0.04551133197992119,0.0,0.608479455039395,1.0,0.55,0.7445829594859368,251,nested_validation
2018-04-02,-0.04551133197992119,-0.051165145986610816,-0.06253302968300523,-0.08348778565642634,0.030947064252208337,40.35800937430402,0.07758426546496969,1.133341826394415,0.019452098399032502,1.0,0.6196993337007781,1.0,0.55,0.7445829594859368,251,nested_validation
2018-04-03,0.019452098399032502,-0.0782480898835961,-0.037911788108880407,-0.06328558604510404,0.03132583416575272,43.23876443990176,0.03993785776012007,0.04552593078199662,0.003949663542104798,1.0,0.5736439835357474,1.0,0.55,0.7445829594859368,251,nested_validation
2018-04-04,0.003949663542104798,0.003192518892870977,-0.024390341332356846,-0.05662064437954473,0.030633625986779496,43.843408918765164,0.055958306088306584,0.5250596430365998,-0.02148150005834648,0.0,0.6203131398406234,1.0,0.55,0.7445829594859368,251,nested_validation
2018-04-05,-0.02148150005834648,0.00013566203552861644,-0.0340259188837041,-0.0743151290125239,0.030895039150116772,41.25896167647335,0.04806211728961791,0.1304549128938397,-0.03220708145199713,0.0,0.6073689927887203,1.0,0.55,0.7445829594859368,251,nested_validation
2018-04-06,-0.03220708145199713,-0.07487371550978039,-0.05374127319631705,-0.10063133982273476,0.03149995339665951,37.74376915784226,0.03981333354699212,-0.08650220416301099,0.005414086750052727,1.0,0.5556435347593179,1.0,0.55,0.7445829594859368,251,nested_validation
2018-04-09,0.005414086750052727,-0.02551488601891172,-0.041181964467448706,-0.09188395005563466,0.031179994388483543,38.659398731939284,0.03421389009506901,-0.7960991618661576,0.05802890300080121,1.0,0.5831642110238852,1.0,0.55,0.7445829594859368,251,nested_validation
2018-04-10,0.05802890300080121,0.011360335375420139,0.02199496295968606,-0.03665954167448271,0.03382614984311681,47.6026443290414,0.028914939499782653,0.3102192074150053,-0.007327429773646865,0.0,0.5278414977304899,0.0,0.55,0.7445829594859368,251,nested_validation
2018-04-11,-0.007327429773646865,0.0,0.014178936574436474,-0.04104041581530127,0.03382120847108703,46.624614937620116,0.01794555018879585,-0.9460677347363673,0.03695177301770247,1.0,0.5131271296815068,0.0,0.55,0.7445829594859368,251,nested_validation
2018-04-12,0.03695177301770247,0.05971606370194671,0.04544507835111311,-0.004564384931492693,0.03495053592822891,51.94710331704885,0.03030692541567351,-0.40000112369448715,-0.01321369448412224,0.0,0.5274815566862766,0.0,0.55,0.7445829594859368,251,nested_validation
2018-04-13,-0.01321369448412224,0.08051348522489188,0.031672258693533184,-0.017619118612865248,0.035010878491038566,49.95776378704243,0.03438442937771741,-0.8316990495956322,-4.3349144933979566e-05,0.0,0.5631681469602998,1.0,0.55,0.7445829594859368,251,nested_validation
2018-04-16,-4.3349144933979566e-05,0.07464840619228696,0.026850088682018436,-0.016959484608289777,0.034974807336743775,49.951094849343804,0.02229041185102137,-1.4697452612203215,0.026134915223320787,1.0,0.5147261291830649,0.0,0.55,0.7445829594859368,251,nested_validation
2018-04-17,0.026134915223320787,0.04225342810144772,0.04801978308382715,0.008462403022348353,0.03459448799696954,53.942792933200515,0.02967920907260092,-0.968837202445652,-0.004925339157339947,0.0,0.5077928915840686,0.0,0.55,0.7445829594859368,251,nested_validation
2018-04-18,-0.004925339157339947,0.044775495553039724,0.03821779070391851,0.004318292238823629,0.033615783029020824,53.06144703506938,0.027414597184851047,-1.1380368416275854,-0.031010608288557173,0.0,0.5126645360522756,0.0,0.55,0.7445829594859368,251,nested_validation
2018-04-19,-0.031010608288557173,-0.023699656769208155,0.0026485784931964407,-0.025058782414337566,0.03420049875327041,47.79290026647889,0.027506076634378984,-0.8180692808289636,-0.0014408307678540622,0.0,0.5656526495371,1.0,0.55,0.7445829594859368,251,nested_validation
2018-04-20,-0.0014408307678540622,-0.012051895929040102,-0.005093853037093754,-0.024737923662801697,0.03377330155736355,47.56392119199356,0.020331347092162787,-1.1086432520083769,-0.021118629711638248,0.0,0.526595150376852,0.0,0.55,0.7445829594859368,251,nested_validation
2018-04-23,-0.021118629711638248,-0.03287408203164244,-0.02968006213982155,-0.04241453967323683,0.03314176334029864,44.22424696512851,0.03872604312918293,-0.8646971343903004,-0.011970407149522355,0.0,0.5769391767336308,1.0,0.55,0.7445829594859368,251,nested_validation
2018-04-24,-0.011970407149522355,-0.06878811666060314,-0.03849898416636344,-0.05000895240920922,0.03106867501306422,42.44352611183153,0.04629286716308879,-0.8600370631893949,-0.02052476598793429,0.0,0.585012618311223,1.0,0.55,0.7445829594859368,251,nested_validation
2018-04-25,-0.02052476598793429,-0.08338638974458612,-0.05429546483926717,-0.0653527563797407,0.026517308803777024,39.538939430589686,0.05206315149696833,-0.03537189707932777,0.03950909335780817,1.0,0.5813008121025047,1.0,0.55,0.7445829594859368,251,nested_validation
2018-04-26,0.03950909335780817,-0.01667841659944891,-0.012890027524983472,-0.02512859236089815,0.02766408899457947,46.9152568525477,0.022289353654221633,-1.095041727044243,0.004928616971878297,1.0,0.5200825634017269,0.0,0.55,0.7445829594859368,251,nested_validation
2018-04-27,0.004928616971878297,-0.01040616390796667,-0.00577207240605071,-0.017060485093312483,0.025698047081635384,47.80453493450728,0.025096134317528464,-0.8863653878555953,-0.006318273554922649,0.0,0.5295676815218476,0.0,0.55,0.7445829594859368,251,nested_validation
2018-04-30,-0.006318273554922649,0.004556161118546065,-0.009185601906124163,-0.01964060507666021,0.02362617864152766,46.71872917077124,0.021698486766061943,-1.3277195204361556,0.009959900906412855,1.0,0.5297873345918599,0.0,0.55,0.7445829594859368,251,nested_validation
2018-05-01,0.009959900906412855,0.026853292937502715,0.005288834256643948,-0.00787828012405778,0.023347234146938498,48.68488062053952,0.022233030400183786,-1.6442616433033364,-0.003653959204903856,0.0,0.53193778204263,0.0,0.55,0.7445829594859368,251,nested_validation
2018-05-02,-0.003653959204903856,0.044540155145040616,0.006095086513745018,-0.00814302317682869,0.023352555232126527,47.978423418229696,0.015686427205966417,-1.4602953507778194,0.029516932011437236,1.0,0.5297585037436587,0.0,0.55,0.7445829594859368,251,nested_validation
2018-05-03,0.029516932011437236,0.03449963329711858,0.03397623991205845,0.023461567460755228,0.023619445158795705,53.79042977267084,0.03553805012792877,-0.06772568022077234,0.02605255156020192,1.0,0.5316441336406742,0.0,0.55,0.7445829594859368,251,nested_validation
2018-05-04,0.02605255156020192,0.05624516050805739,0.056063280741357246,0.05055454018446137,0.022692532799155247,58.344617450856234,0.033715374852726174,-0.3330093315439171,0.04024143326134855,1.0,0.5203339698818745,0.0,0.55,0.7445829594859368,251,nested_validation
2018-05-07,0.04024143326134855,0.10573632421829071,0.08665579013709057,0.09032122436638046,0.02390407470768884,64.34261104202817,0.03257203523793613,1.918094426847069,0.006915884891340429,1.0,0.5100932843667726,0.0,0.55,0.7445829594859368,251,nested_validation
2018-05-08,0.006915884891340429,0.10240363835982547,0.08038583093860918,0.09691273056195682,0.020908729271566128,65.30444877177712,0.015175760951334242,0.6916588113396414,0.021485771168910928,1.0,0.5514301483954673,1.0,0.55,0.7445829594859368,251,nested_validation
2018-05-09,0.021485771168910928,0.13021940627250994,0.08528042926668378,0.11555156600248462,0.02100673019945633,68.19468314987213,0.022519361699620866,1.4172337653582907,0.017007053709233277,1.0,0.561738886480609,1.0,0.55,0.7445829594859368,251,nested_validation
2018-05-10,0.017007053709233277,0.11648587087583206,0.08762746152178424,0.12816344210601005,0.019979765209882525,70.34569204386769,0.012685961538912783,3.3237043503797468,-0.02152777813841722,0.0,0.550727476930885,1.0,0.55,0.7445829594859368,251,nested_validation
2018-05-11,-0.02152777813841722,0.06471194783520007,0.051811684166534144,0.10022790404786308,0.020443349673269582,64.31542686745021,0.03634146345118832,3.126029642594518,0.0032609832142274087,1.0,0.5386465692161783,0.0,0.55,0.7445829594859368,251,nested_validation
2018-05-14,0.0032609832142274087,0.026861574121427312,0.04212419003581758,0.09838575241455905,0.020415572639765893,64.79710816443688,0.016016619986319168,0.07543887269648135,-0.03837726126468188,0.0,0.505901000731963,0.0,0.55,0.7445829594859368,251,nested_validation
2018-05-15,-0.03837726126468188,-0.019328770133300588,-0.00534670636982626,0.053180944536973085,0.021884922565733142,55.3049063998067,0.04642455238357991,1.7460646143460417,0.0018323396993549235,1.0,0.5247362915523358,0.0,0.55,0.7445829594859368,251,nested_validation
2018-05-16,0.0018323396993549235,-0.038196928020899135,-0.011412658999515601,0.052136992163746454,0.02182902393608704,55.62631555800531,0.024429894567448374,0.05657542572213924,0.006910383256805819,1.0,0.5026863890788957,0.0,0.55,0.7445829594859368,251,nested_validation
2018-05-17,0.006910383256805819,-0.04774554287316335,-0.010434625508118245,0.055445932291548594,0.02046283990359851,56.8877789936428,0.024504475119922445,-0.0922081297275379,-0.007145219995615348,0.0,0.47129113107864035,0.0,0.55,0.7445829594859368,251,nested_validation
2018-05-18,-0.007145219995615348,-0.03374835951898281,-0.020198259632010163,0.043209216359522795,0.020577993776070495,55.13054171032228,0.02695779907756419,-0.2618780340056607,-0.0069121908972484825,0.0,0.5311350970548252,0.0,0.55,0.7445829594859368,251,nested_validation
2018-05-21,-0.0069121908972484825,-0.04354625492065589,-0.025246626808376638,0.031792452334358456,0.01993915683185328,53.42361362312943,0.03905996075035085,0.3423498413868259,-0.006305580860212934,0.0,0.531264404678986,0.0,0.55,0.7445829594859368,251,nested_validation
2018-05-22,-0.006305580860212934,-0.011646968851168227,-0.02840728562096484,0.023155495789989322,0.01974158874807047,51.857174489759245,0.02286775009096644,-0.18691939107748048,0.020573043624225962,1.0,0.5089873565828172,0.0,0.55,0.7445829594859368,251,nested_validation
2018-05-23,0.020573043624225962,0.006841585366963443,-0.005198088648592725,0.04106644297237838,0.019123392143586642,56.32806169307527,0.02965182064573542,-0.46818805904445526,0.0006059356134393568,1.0,0.46883577476103205,0.0,0.55,0.7445829594859368,251,nested_validation
2018-05-24,0.0006059356134393568,0.0005375684796022906,0.0003411253878751186,0.03976808246784347,0.017627382115553293,56.45895507626644,0.0167952029283027,-0.5082036565523841,0.006419401744554687,1.0,0.501014638378976,0.0,0.55,0.7445829594859368,251,nested_validation
2018-05-25,0.006419401744554687,0.014207154331014715,0.008837679127625453,0.043824911687793566,0.017630275138164207,57.89947276448417,0.012756694982826725,-1.071917795623684,-0.0027680646255701102,0.0,0.4721908832958109,0.0,0.55,0.7445829594859368,251,nested_validation
2018-05-29,-0.0027680646255701102,0.018439411010295448,0.008744529484138841,0.038436267453405115,0.01753275384917217,57.017863708007575,0.018665300931653854,-0.8322718647024029,0.01769986480088903,1.0,0.4958330869838763,0.0,0.55,0.7445829594859368,251,nested_validation
2018-05-30,0.01769986480088903,0.043042640604053606,0.023450460917988192,0.05452627316582115,0.01771789052794199,61.086732779247676,0.017352432101358593,-0.722800915671795,-0.003162089928135936,0.0,0.47177448202599237,0.0,0.55,0.7445829594859368,251,nested_validation
2018-05-31,-0.003162089928135936,0.01878493898219813,0.017607523029235406,0.048865008242828356,0.017705377070559927,59.97508989100287,0.015583474808196749,-0.3479767014459935,0.021531002777957164,1.0,0.49781296722354634,0.0,0.55,0.7445829594859368,251,nested_validation
2018-06-01,0.021531002777957164,0.040090172656763734,0.03531373290218687,0.06719877724011569,0.01724594773104394,64.67414318102549,0.016380750689268572,-0.6583544895843008,0.02806503784326364,1.0,0.4753482634683897,0.0,0.55,0.7445829594859368,251,nested_validation
2018-06-04,0.02806503784326364,0.0624599852300769,0.05627817158055071,0.09168055089709304,0.017372629180264967,69.76436501013188,0.030356765286586877,0.25926489196809677,0.0008306022230224475,1.0,0.4768756507402303,0.0,0.55,0.7445829594859368,251,nested_validation
2018-06-05,0.0008306022230224475,0.06629403766178932,0.04838304155208051,0.08641822864501614,0.015425555342184425,69.90645063723625,0.012902288516144982,-0.781430802138799,0.00030188572712086525,1.0,0.4432921507741517,-1.0,0.55,0.7445829594859368,251,nested_validation
2018-06-06,0.00030188572712086525,0.04806532210884673,0.03940869526218016,0.08023976901260688,0.015416392414939768,69.96174749702814,0.01700924850102468,-0.8276790139792302,-0.008485746041536957,0.0,0.4717418723759684,0.0,0.55,0.7445829594859368,251,nested_validation
2018-06-07,-0.008485746041536957,0.04246808377860889,0.024420237711849646,0.06437005059714651,0.014999269264038457,66.27422294227404,0.023697264242575875,-0.7746100565608472,-0.0023585037157676236,0.0,0.4702302763477769,0.0,0.55,0.7445829594859368,251,nested_validation
2018-06-08,-0.0023585037157676236,0.01808894306804265,0.01622672350233456,0.056555692585745554,0.014587519383852521,65.25349910507506,0.018301034410086948,-0.741350177013345,-0.006328944048699103,0.0,0.46944153441321834,0.0,0.55,0.7445829594859368,251,nested_validation
2018-06-11,-0.006328944048699103,-0.015971287932273093,0.00537765971100268,0.04503740514059351,0.013791798217447165,62.47920201289136,0.012853928360917123,-1.3710199960749179,0.007520452332751448,1.0,0.48124671847919276,0.0,0.55,0.7445829594859368,251,nested_validation
2018-06-12,0.007520452332751448,-0.00939374666526871,0.007501223679150515,0.04760103679554306,0.013853042588216537,64.40360157981375,0.012986503572301812,-0.9271597313323561,-0.0006852249589353043,0.0,0.4498538312705579,-1.0,0.55,0.7445829594859368,251,nested_validation
2018-06-13,-0.0006852249589353043,-0.010371289577356557,0.003188756516650626,0.0419777246891917,0.01044030211157751,64.0786904586061,0.013871963552195433,-0.8871695566374375,0.01718713272255612,1.0,0.4745794746175625,0.0,0.55,0.7445829594859368,251,nested_validation
2018-06-14,0.01718713272255612,0.015252767568281422,0.014720220159561537,0.05420152227512398,0.01085270626025264,68.38412400880632,0.020905944509167655,0.05919220646188179,-0.006181799683387834,0.0,0.44042420865501014,-1.0,0.55,0.7445829594859368,251,nested_validation
2018-06-15,-0.006181799683387834,0.01136197931737537,0.0055268120387483854,0.04323269838333599,0.011060801161810475,65.30038570821954,0.015569634370184778,0.12857373625718346,-0.0006407114077895404,0.0,0.47397581949828055,0.0,0.55,0.7445829594859368,251,nested_validation
2018-06-18,-0.0006407114077895404,0.017151482984683275,0.004791137202149409,0.03899865545337633,0.010835762479202272,64.97536568486802,0.012901242744553005,-0.5870922446500875,-0.018559730513326822,0.0,0.46897856985931746,0.0,0.55,0.7445829594859368,251,nested_validation
2018-06-19,-0.018559730513326822,-0.009178004021739294,-0.012022574940955266,0.01816627581615382,0.011678512136519794,56.247411500540274,0.033132163783161736,1.99235550450535,0.008225031622619339,1.0,0.4560010019291362,0.0,0.55,0.7445829594859368,251,nested_validation
2018-06-20,0.008225031622619339,-0.000343472169199055,-0.0028209733745342414,0.024927658807981423,0.011511435524341586,58.83730549514954,0.015897213319460504,-0.3793191481268817,-0.019823675664984552,0.0,0.4444022674389764,-1.0,0.55,0.7445829594859368,251,nested_validation
2018-06-21,-0.019823675664984552,-0.03671642166362743,-0.020432605446433993,0.004415152413217216,0.01195975725969851,50.94555571513567,0.02932595764871573,-0.4474741187389899,-0.02395848500171749,0.0,0.49782336494044555,0.0,0.55,0.7445829594859368,251,nested_validation
2018-06-22,-0.02395848500171749,-0.05394692623573616,-0.039756557661679626,-0.01849636471781524,0.013230553646378799,43.50180429539382,0.032516437819026786,0.3904903186349694,-0.04714104940204844,0.0,0.5503556520083255,1.0,0.55,0.7445829594859368,251,nested_validation
2018-06-25,-0.04714104940204844,-0.09796691803719992,-0.07743363190746899,-0.06290203506868597,0.016760073294379188,33.40667871831053,0.04708930326978031,2.4081177230774538,0.012002375519725605,1.0,0.561118045038869,1.0,0.55,0.7445829594859368,251,nested_validation
2018-06-26,0.012002375519725605,-0.06987755635787207,-0.05888443911300423,-0.05001502453283535,0.017030411101591893,37.21341327940378,0.02372004324027802,0.5320206226377149,-0.02591007079337937,0.0,0.5690564454876621,1.0,0.55,0.7445829594859368,251,nested_validation
2018-06-27,-0.02591007079337937,-0.1013683683069121,-0.07365702296352605,-0.07345455023658687,0.017261449304521576,32.80189164221113,0.046368589370391185,0.257991197488819,0.021805383868424455,1.0,0.5761927448791632,1.0,0.55,0.7445829594859368,251,nested_validation
2018-06-28,0.021805383868424455,-0.06320259265452055,-0.043667550343501005,-0.05263048895482447,0.01811376734096574,39.16834303141497,0.026280881669236464,-0.7923261858352358,-0.016441008280840275,0.0,0.5241485829916772,0.0,0.55,0.7445829594859368,251,nested_validation
2018-06-29,-0.016441008280840275,-0.0559873742507111,-0.04867844332665339,-0.06690245869549527,0.017514309071520986,36.31384226447825,0.030181516946780076,-0.2507117894993256,0.022541027149256543,1.0,0.5917084658077377,1.0,0.55,0.7445829594859368,251,nested_validation
2018-07-02,0.022541027149256543,0.013047775192531086,-0.018225994394946876,-0.045424805937299695,0.017043232408869714,42.40893635676411,0.03768989728080797,-0.5144098139350832,-0.02229190255302249,0.0,0.5355461192168115,0.0,0.55,0.7445829594859368,251,nested_validation
2018-07-03,-0.02229190255302249,-0.02128192891077152,-0.03094880261867905,-0.0658145702525631,0.017435387454247518,38.40604492510229,0.031160313683309765,-1.7548308843634566,0.024869231565402883,1.0,0.5245062961610555,0.0,0.55,0.7445829594859368,251,nested_validation
2018-07-05,0.024869231565402883,0.02973863845750291,0.0011714416375385728,-0.042604757294383844,0.018623101028121376,44.553555174100204,0.02237050432722891,-0.8580857552179509,0.01895091140024019,1.0,0.46922276299852284,0.0,0.55,0.7445829594859368,251,nested_validation
2018-07-06,0.01895091140024019,0.026862003983553873,0.024276384705183895,-0.024434307778345765,0.019258967846054763,48.84743110763878,0.027453234946748315,-0.9013577616626172,0.007763138687042037,1.0,0.48702827774797897,0.0,0.55,0.7445829594859368,251,nested_validation
2018-07-09,0.007763138687042037,0.05213178349795733,0.03295521871358509,-0.017062471040230176,0.019398007426634688,50.56821858884751,0.01865597459664071,-0.7885249476008648,0.01604799246883215,1.0,0.5026660914103644,0.0,0.55,0.7445829594859368,251,nested_validation
2018-07-10,0.01604799246883215,0.0454508504329294,0.04342197619116295,-0.0018092187559050066,0.01977813277139006,54.03713176956583,0.02377094826065625,-0.30375958386891544,-0.022586058455892344,0.0,0.5092094702296752,0.0,0.55,0.7445829594859368,251,nested_validation
2018-07-11,-0.022586058455892344,0.04513631326215428,0.017532588109561598,-0.024218531950643274,0.02019568914924665,48.76688636599795,0.015351717534561729,-0.25618341481775253,0.014947581782182695,1.0,0.5653833770983578,1.0,0.55,0.7445829594859368,251,nested_validation
2018-07-12,0.014947581782182695,0.03501846002142983,0.02619942537975617,-0.009403873292459175,0.020559388850380007,52.02627181490811,0.016757534551193026,-0.4826033962629687,-0.007602704217549716,0.0,0.5193139797268175,0.0,0.55,0.7445829594859368,251,nested_validation
2018-07-13,-0.007602704217549716,0.008046127952009208,0.014890409494112022,-0.016564120132365745,0.020110051208923806,50.249063260769894,0.01748759978542713,-1.3246892103494035,-0.004492383764511332,0.0,0.533854196451302,0.0,0.55,0.7445829594859368,251,nested_validation
2018-07-16,-0.004492383764511332,-0.004212835964266581,0.005705086260652914,-0.019768019764358602,0.020100891768467886,49.1879698983172,0.010636581072154268,-1.5864771565132112,0.022119343842220696,1.0,0.5217639110703601,0.0,0.55,0.7445829594859368,251,nested_validation
2018-07-17,0.022119343842220696,0.0017374476943634587,0.023203426476263056,0.003388212955705683,0.020839451598258462,54.28385777721792,0.035949413645726805,-0.09527208998141631,-0.007844106797174177,0.0,0.5278157149419529,0.0,0.55,0.7445829594859368,251,nested_validation
2018-07-18,-0.007844106797174177,0.016846261269610974,0.009129120442656236,-0.002724586877473456,0.020541840613969214,52.23880690556867,0.017123550041833385,-0.7941283063577124,0.0013109952031322702,1.0,0.5420303414353688,0.0,0.55,0.7445829594859368,251,nested_validation
2018-07-19,0.0013109952031322702,0.0031841644990187046,0.006698506766628087,0.0003161716119943758,0.020434157466897515,52.55797453538338,0.012141402476079519,-1.1098210256377716,-0.004523053376697894,0.0,0.5266138997240007,0.0,0.55,0.7445829594859368,251,nested_validation
2018-07-20,-0.004523053376697894,0.006297289624266789,0.0007221012335063559,-0.002623546390769671,0.020026912759108294,51.28300039451547,0.012156733893057383,-1.1332199216910483,-0.005899267357733162,0.0,0.5184574654964075,0.0,0.55,0.7445829594859368,251,nested_validation
2018-07-23,-0.005899267357733162,0.0048751577152919,-0.005244896209397387,-0.006813531569691111,0.019368699479387273,49.60059032812054,0.026502594356630917,-0.33381331871890313,-0.002806678650180472,0.0,0.5369366431837546,0.0,0.55,0.7445829594859368,251,nested_validation
2018-07-24,-0.002806678650180472,-0.0196303375912652,-0.006237395143729119,-0.008032868398570203,0.016125718256498688,48.78540189606321,0.027542172220902727,0.45836768395294536,0.012705655367512003,1.0,0.5296412015169998,0.0,0.55,0.7445829594859368,251,nested_validation
2018-07-25,0.012705655367512003,0.0006753054372088396,0.004646859567133621,0.006003149192345347,0.016148028828684644,52.574626490594845,0.022352865627150255,0.09503399777456704,0.011791683474735581,1.0,0.46419390397470106,0.0,0.55,0.7445829594859368,251,nested_validation
2018-07-26,0.011791683474735581,0.011149339965563332,0.01503178313376563,0.018891171507924298,0.014918054081235152,55.87871300829615,0.02334795678901693,0.33617404158147735,-0.011065530408469026,0.0,0.440611505514033,-1.0,0.55,0.7445829594859368,251,nested_validation
2018-07-27,-0.011065530408469026,0.004503860776060353,0.002721571137444201,0.009620104836671306,0.014676652836541825,52.162734346071616,0.026823291964811254,-0.16615057488403948,-0.03130722677147435,0.0,0.4860771769689013,0.0,0.55,0.7445829594859368,251,nested_validation
2018-07-30,-0.03130722677147435,-0.02116998945610593,-0.027095393879962848,-0.01922089558438267,0.015933416377261915,43.45523449885526,0.04141242708764741,0.7463358018585285,0.0029903083388609364,1.0,0.529119026186327,0.0,0.55,0.7445829594859368,251,nested_validation
2018-07-31,0.0029903083388609364,-0.01547975395801282,-0.020740172665298262,-0.013615847194420216,0.015203616364392021,44.380365791033476,0.02344194247637189,-0.2844853923418,0.0065750385778917675,1.0,0.5175352055735634,0.0,0.55,0.7445829594859368,251,nested_validation
2018-08-01,0.0065750385778917675,-0.021439744719509712,-0.012235456912805476,-0.005300456576088797,0.014300147248484368,46.46076591527046,0.01813610237200896,-0.3758698904623967,0.016837963011508306,1.0,0.47720009733619045,0.0,0.55,0.7445829594859368,251,nested_validation
2018-08-02,0.016837963011508306,-0.016559205896772622,0.004964361041238874,0.013041367423739514,0.013757515282261382,51.49703699745422,0.03818525315558811,-0.6256174617457497,0.005905084915849068,1.0,0.4865827381524022,0.0,0.55,0.7445829594859368,251,nested_validation
2018-08-03,0.005905084915849068,0.0003171351795590027,0.010408552498489376,0.019711813253208144,0.01322280404744284,53.188124263377574,0.008449002443766798,-1.5868115220702392,0.00765595805166619,1.0,0.4378276541627846,-1.0,0.55,0.7445829594859368,251,nested_validation
2018-08-06,0.00765595805166619,0.0405523289343912,0.016262390771961455,0.02709216237664558,0.01322010097676881,55.37340187336138,0.017556947905798353,-1.5238004650467964,0.011494625508277734,1.0,0.4565779402665378,0.0,0.55,0.7445829594859368,251,nested_validation
2018-08-07,0.011494625508277734,0.04937513306625707,0.024566491558652537,0.03640770890972278,0.012996973019367955,58.52768783642554,0.010819220908015298,-0.5200669723434509,0.005720956657324194,1.0,0.41567492949350715,-1.0,0.55,0.7445829594859368,251,nested_validation
2018-08-08,0.005720956657324194,0.04848473513794027,0.027743773580847675,0.040039491049387976,0.011863986010242486,60.058268637747005,0.017993969878917836,-0.36721407410369544,-0.007584700587328075,0.0,0.4438720101801552,-1.0,0.55,0.7445829594859368,251,nested_validation
2018-08-09,-0.007584700587328075,0.023301971604062555,0.019291939528308655,0.029287277032080894,0.011670681911518566,57.0356961407461,0.012087634213874937,-1.3933005488941321,-0.006511752220713762,0.0,0.4803670486259302,0.0,0.55,0.7445829594859368,251,nested_validation
2018-08-10,-0.006511752220713762,0.010670388253438245,0.011540958175143778,0.020682698110964903,0.01163236969822079,54.51812146824063,0.013344328716440187,-0.3488783632655321,0.005220352957446828,1.0,0.45940490773041204,0.0,0.55,0.7445829594859368,251,nested_validation
2018-08-13,0.005220352957446828,0.008227496980343307,0.012004241899860046,0.023384503369820786,0.011589184814625317,56.17726703409878,0.023153225960197987,1.832142147878666,0.02073230561392636,1.0,0.4368256526524929,-1.0,0.55,0.7445829594859368,251,nested_validation
2018-08-14,0.02073230561392636,0.017435339371145053,0.026266163493274375,0.04193849643257641,0.011469957538303663,62.1183861619088,0.019049118514254,2.856785191614611,-0.008988717791030387,0.0,0.447601169822236,-1.0,0.55,0.7445829594859368,251,nested_validation
2018-08-15,-0.008988717791030387,0.0025543303642896475,0.012031575351399093,0.029530928262164302,0.011519535510529838,58.348361801693684,0.02987494749049088,3.166512115179698,-0.006330212669656277,0.0,0.44525035483700826,-1.0,0.55,0.7445829594859368,251,nested_validation
2018-08-16,-0.006330212669656277,0.0038216347831108166,0.0029532556969116275,0.02102432299193957,0.011645911641840924,55.80291112913249,0.027152009258168592,3.3521379592546783,-0.04902132947797577,0.0,0.47115988040372564,0.0,0.55,0.7445829594859368,251,nested_validation
2018-08-17,-0.04902132947797577,-0.03913008953945385,-0.0435000456108805,-0.028705349276073933,0.015963702721441292,40.98581379103064,0.037742083182743136,3.4288897477771796,0.012335755722005848,1.0,0.5108363305246932,0.0,0.55,0.7445829594859368,251,nested_validation
2018-08-20,0.012335755722005848,-0.03232861919799335,-0.029353490192034593,-0.01654031565138525,0.01618247204803662,44.765476329343734,0.058424787404973096,1.8310437110595286,0.022110845271163804,1.0,0.5156213506516172,0.0,0.55,0.7445829594859368,251,nested_validation
2018-08-21,0.022110845271163804,-0.03102174043431294,-0.006479223671975731,0.005195500737841252,0.016876776882353714,50.909374560382744,0.022895938217928753,1.0038384962153737,0.03750202236343769,1.0,0.4760233043829455,0.0,0.55,0.7445829594859368,251,nested_validation
2018-08-22,0.03750202236343769,0.014435377248932513,0.02900407980025954,0.040787483095066746,0.018517562447180804,59.35082634827857,0.04246249293416661,1.1792817886433238,0.015295864790296765,1.0,0.5174256934774062,0.0,0.55,0.7445829594859368,251,nested_validation
2018-08-23,0.015295864790296765,0.03651339383575336,0.04051486860548725,0.05453429287705669,0.018622790653689488,62.30474321145219,0.03290362235412035,0.9715810121172815,0.020161850188939345,1.0,0.47705176655212433,0.0,0.55,0.7445829594859368,251,nested_validation
2018-08-24,0.020161850188939345,0.11191917797762008,0.05432764101759768,0.07256011848248844,0.01873055890974793,65.87837573006007,0.021343008294184847,0.217050835201956,0.013518526626902894,1.0,0.47089876627544736,0.0,0.55,0.7445829594859368,251,nested_validation
2018-08-27,0.013518526626902894,0.1132182980026466,0.06045650099739408,0.0831191736155854,0.01696562378214443,68.105726606813,0.02446535822136371,0.08842814654198479,-0.005509488583088862,0.0,0.4840733758143554,0.0,0.55,0.7445829594859368,251,nested_validation
2018-08-28,-0.005509488583088862,0.08313598238516695,0.04939059468172946,0.07424325811971588,0.017148211397016253,66.1839197981441,0.02569435957838961,-0.06541397208909207,0.015534229676321898,1.0,0.4704557407818901,0.0,0.55,0.7445829594859368,251,nested_validation
2018-08-29,0.015534229676321898,0.06020194833018766,0.05777805443744022,0.08710840217709515,0.017277673440176635,68.83913295874196,0.02305289873629014,-0.31126207600047706,-0.0024416293125645305,0.0,0.48027116624486715,0.0,0.55,0.7445829594859368,251,nested_validation
2018-08-30,-0.0024416293125645305,0.041679932769498995,0.0470384096689902,0.08080916086544732,0.017200722050842172,67.92236758661753,0.01943777808062954,-0.6234514185472925,0.010330872544458414,1.0,0.4745800281763151,0.0,0.55,0.7445829594859368,251,nested_validation
2018-08-31,0.010330872544458414,0.03164159215730611,0.04369672878330588,0.08775328206444488,0.017235003114290222,69.75333485850746,0.016388805002760232,-0.8162921570477014,0.010759405955689472,1.0,0.4733944829761553,0.0,0.55,0.7445829594859368,251,nested_validation
2018-09-04,0.010759405955689472,0.028833134721724774,0.04099286845382921,0.09458898738906041,0.01726710410962494,71.59087060957272,0.021924558413844428,-0.5251112411908269,-0.018611185341958936,0.0,0.47845173973242594,0.0,0.55,0.7445829594859368,251,nested_validation
2018-09-05,-0.018611185341958936,0.01527899861700055,0.012244504641101495,0.0701098243486995,0.017994705584450182,64.24238011117464,0.03329502468482702,-0.5605787281706405,-0.020472678413388734,0.0,0.50728357796872,0.0,0.55,0.7445829594859368,251,nested_validation
2018-09-06,-0.020472678413388734,-0.02071885996849243,-0.012086256478406221,0.04539088408622449,0.018773515482635627,57.39335831189229,0.023723943030756728,-0.887957425626019,-0.0031531691997477296,0.0,0.5124659824935143,0.0,0.55,0.7445829594859368,251,nested_validation
2018-09-07,-0.0031531691997477296,-0.021417363045979965,-0.017040725305444426,0.03981478289556617,0.01867433293975004,56.416156486201885,0.03582729718477717,-1.0528887210324398,0.010556904208119722,1.0,0.5145831387041853,0.0,0.55,0.7445829594859368,251,nested_validation
2018-09-10,0.010556904208119722,-0.02119843411143818,-0.00761772920211512,0.04773999180089339,0.018604406138168886,58.92951741121218,0.01794489273775929,-1.3667793444419996,-0.007024988659697251,0.0,0.49567859684122445,0.0,0.55,0.7445829594859368,251,nested_validation
2018-09-11,-0.007024988659697251,-0.03842052791076478,-0.01353831788806592,0.03658406499755906,0.01875428932418016,56.5671463901007,0.0160557080028306,-1.2027917776479464,-0.016862322547193,0.0,0.4891298844861408,0.0,0.55,0.7445829594859368,251,nested_validation
2018-09-12,-0.016862322547193,-0.03670696592816425,-0.028053040014071273,0.016083834148887588,0.018803277811166405,51.289520202745074,0.03750934117247476,-0.43396509176131315,0.011707689758978734,1.0,0.5093443349784679,0.0,0.55,0.7445829594859368,251,nested_validation
2018-09-13,0.011707689758978734,-0.005059942092119352,-0.014119258637909415,0.024743981077805843,0.01876788777829947,54.41589219300888,0.017837371505797943,-0.8453957384462206,0.018758844590946566,1.0,0.4781894989845892,0.0,0.55,0.7445829594859368,251,nested_validation
2018-09-14,0.018758844590946566,0.016810158304638723,0.0048785579546886115,0.040568093954470585,0.018971828735876457,59.008759699831096,0.02025827417617729,-0.43069804965277975,-0.00904399350731988,0.0,0.48527074074962256,0.0,0.55,0.7445829594859368,251,nested_validation
2018-09-17,-0.00904399350731988,-0.0029120283688242043,-0.0017601165432094001,0.02832267032206004,0.014992775585764952,56.02305091300109,0.015441913668190154,-1.2971731917008238,-0.010623216404581304,0.0,0.4830845629772104,0.0,0.55,0.7445829594859368,251,nested_validation
2018-09-18,-0.010623216404581304,-0.006525160182454304,-0.007779823659475826,0.015222581133244928,0.015321653910933595,52.68167469950612,0.02763628742482101,-0.7208583048771985,0.0035422984028645743,1.0,0.46388953740693656,0.0,0.55,0.7445829594859368,251,nested_validation
2018-09-19,0.0035422984028645743,0.014094004350449385,-0.001911891347058381,0.01689254874401591,0.014787205710519776,53.66355123204137,0.01636148597592429,-1.1132664301993083,-0.02095750114000383,0.0,0.4593332566722602,0.0,0.55,0.7445829594859368,251,nested_validation
2018-09-20,-0.02095750114000383,-0.01864823392344639,-0.02051452657881858,-0.005410768266272181,0.01354129859751682,47.37754524247185,0.01750036047513519,0.4790336090485533,-0.0106277734745438,0.0,0.5469157140698959,0.0,0.55,0.7445829594859368,251,nested_validation
2018-09-21,-0.0106277734745438,-0.046955825745302215,-0.02791710436606476,-0.016853825018092405,0.013328191933707389,44.58516366015009,0.024634662545528978,0.8247503910181427,0.008540443396541919,1.0,0.49897877015026704,0.0,0.55,0.7445829594859368,251,nested_validation
2018-09-24,0.008540443396541919,-0.030044131342147562,-0.01633761055327143,-0.00981829601829265,0.012649796910745035,47.24729496070407,0.026947670737495658,-0.6103721799682862,0.01019957323852072,1.0,0.4983216676754943,0.0,0.55,0.7445829594859368,251,nested_validation
2018-09-25,0.01019957323852072,-0.00963008145636235,-0.004687042775194494,-0.001261011526194733,0.012477478449432408,50.34168449980153,0.016802660865434953,-0.6956814718923504,-0.005551405766036188,0.0,0.47471019381226065,0.0,0.55,0.7445829594859368,251,nested_validation
2018-09-26,-0.005551405766036188,-0.018604422718656366,-0.009742398882578218,-0.007498835030359863,0.012478193905490523,48.65185649742454,0.014835902773237314,-0.7721305147338138,0.0017982825430391536,1.0,0.5023263661214827,0.0,0.55,0.7445829594859368,251,nested_validation
2018-09-27,0.0017982825430391536,0.004206053323102088,-0.006509424938345942,-0.006755716515501442,0.011898845482518315,49.24291895525413,0.011480897874747117,-1.371668758188,0.05093496958838384,1.0,0.4783661966300161,0.0,0.55,0.7445829594859368,251,nested_validation
2018-09-28,0.05093496958838384,0.06669181710896877,0.04231648172662039,0.040778408309178005,0.016563080542802432,62.45078330475335,0.03672335116181504,3.3434362733797816,0.029677735240461134,1.0,0.47251520683955867,0.0,0.55,0.7445829594859368,251,nested_validation
2018-10-01,0.029677735240461134,0.08904786281182586,0.06714274059649927,0.06578842457462541,0.01762748443766367,67.95041496797477,0.03269280890827244,2.1241196653002308,-0.009953147746510571,0.0,0.5108446518436769,0.0,0.55,0.7445829594859368,251,nested_validation
2018-10-02,-0.009953147746510571,0.06732217780858218,0.05053164380299213,0.05018091176312023,0.01767187070652674,64.44041777227176,0.02506277878611315,0.28124891489614257,0.0008725713442134797,1.0,0.4950885357477468,0.0,0.55,0.7445829594859368,251,nested_validation
2018-10-03,0.0008725713442134797,0.07421690648461365,0.04579177292295444,0.046805984822443136,0.017111832904210325,64.61128562744472,0.024727082115172654,-0.1831557668218305,-0.02594766043755914,0.0,0.4902047417469608,0.0,0.55,0.7445829594859368,251,nested_validation
2018-10-04,-0.02594766043755914,0.04446524733776713,0.013845083820935189,0.017586466139274393,0.01750234686235412,55.988230020314354,0.03605571050424647,0.3392133599526752,-0.033764023912499774,0.0,0.5453141293277912,0.0,0.55,0.7445829594859368,251,nested_validation
2018-10-05,-0.033764023912499774,-0.039712325733960774,-0.022660560215720826,-0.01714924413313157,0.019094542039651816,47.36057551089623,0.049136597147557436,0.5609134604227272,-0.015156122418439444,0.0,0.5841368183080593,1.0,0.55,0.7445829594859368,251,nested_validation
2018-10-08,-0.015156122418439444,-0.08152482631171287,-0.03749763457302968,-0.031304412871909215,0.019193159155024873,44.18056151745566,0.04169017630397929,0.35779493312491806,-0.0008653526255738564,0.0,0.551516569399545,1.0,0.55,0.7445829594859368,251,nested_validation
2018-10-09,-0.0008653526255738564,-0.07309399883809675,-0.03732994392891198,-0.030940680712735813,0.019150988136969548,44.001650079226195,0.022444782136747582,-0.7333430849386515,-0.07475344655066174,0.0,0.504237711825242,0.0,0.55,0.7445829594859368,251,nested_validation
2018-10-10,-0.07475344655066174,-0.1431310963045529,-0.10238428293435986,-0.1002574892079624,0.024835835924329346,31.968568253346675,0.07126872646964201,2.1484456577863136,-0.04298077515280585,0.0,0.6457640586422457,1.0,0.55,0.7445829594859368,251,nested_validation
2018-10-11,-0.04298077515280585,-0.1581150409446619,-0.13071594132573494,-0.1343472622533879,0.025935476438984063,27.63838952311751,0.05656444928706222,2.0347968037322817,0.04852621220842268,1.0,0.6500862313861937,1.0,0.55,0.7445829594859368,251,nested_validation
2018-10-12,0.04852621220842268,-0.08641525561081176,-0.0767640476073691,-0.08884390561775712,0.02812126473841867,37.490634882172515,0.04011520837865615,1.1879727966900382,-0.04526647006272633,0.0,0.61572598953637,1.0,0.55,0.7445829594859368,251,nested_validation
2018-10-15,-0.04526647006272633,-0.11434694598556094,-0.10037031316358735,-0.12520684077020017,0.02943919930784174,32.7883326549875,0.04528846885478296,0.16994570655708258,0.04439610508356839,1.0,0.672941050147424,1.0,0.55,0.7445829594859368,251,nested_validation
2018-10-16,0.04439610508356839,-0.07422627921198133,-0.0456021990127492,-0.08206295128641106,0.031482821311699175,40.33480381841749,0.03392586859118297,-0.12277125060723763,-0.011268087596909449,0.0,0.5438508130730519,0.0,0.55,0.7445829594859368,251,nested_validation
2018-10-17,-0.011268087596909449,-0.010704748918168416,-0.04008176426709531,-0.08839420360075356,0.03146225362962567,39.08214469277921,0.03620509655864274,-0.6804777338898368,-0.014522925728261749,0.0,0.5603267258298023,1.0,0.55,0.7445829594859368,251,nested_validation
2018-10-18,-0.014522925728261749,0.018712857918516068,-0.03893146389534807,-0.09789022567116845,0.03133115297257429,37.48452958212746,0.04308435795694789,0.560521728263698,-0.04325134166321898,0.0,0.5956338038800739,1.0,0.55,0.7445829594859368,251,nested_validation
2018-10-19,-0.04325134166321898,-0.07045513150201543,-0.06523794735778543,-0.1322572272654151,0.03242305711219453,33.19558203071044,0.06479900139058253,1.0536789846191652,0.008945445149238784,1.0,0.6106040775968073,1.0,0.55,0.7445829594859368,251,nested_validation
2018-10-22,0.008945445149238784,-0.01767348508802513,-0.04339503678936385,-0.11966038562202819,0.03243251751622708,34.78568956491969,0.03568025537783317,-0.526167530855331,-0.043940841754979254,0.0,0.5763587876728771,1.0,0.55,0.7445829594859368,251,nested_validation
2018-10-23,-0.043940841754979254,-0.10076047162837753,-0.0682833439693682,-0.15278002835303728,0.033185051832383364,30.86464819488593,0.03383701565956805,1.0241070207284408,-0.09793723548152389,0.0,0.6171874920629956,1.0,0.55,0.7445829594859368,251,nested_validation
2018-10-24,-0.09793723548152389,-0.1795849969526473,-0.14281286423167505,-0.2289786767484019,0.0383907598405581,24.52159398672488,0.11303343422134107,2.2377731535536296,0.042274701946270365,1.0,0.6403062451416865,1.0,0.55,0.7445829594859368,251,nested_validation
2018-10-25,0.042274701946270365,-0.13230066421855602,-0.09597042293790203,-0.18975282280812278,0.04018078425216109,30.510029438070504,0.07731910701873826,2.2388454716666493,-0.04594883283904594,0.0,0.6253481264006786,1.0,0.55,0.7445829594859368,251,nested_validation
2018-10-26,-0.04594883283904594,-0.13474708656903023,-0.11902039016514354,-0.21905293531044456,0.0381252047894193,27.817448565094168,0.05910529778117898,0.7141933095620128,-0.06389660106778028,0.0,0.6929657533857564,1.0,0.55,0.7445829594859368,251,nested_validation
2018-10-29,-0.06389660106778028,-0.19721507531169857,-0.15666775538111877,-0.2603780895303056,0.03790698581155092,24.70265425433618,0.15149230864398222,1.1490380101708577,0.09363255780094248,1.0,0.6626895392151465,1.0,0.55,0.7445829594859368,251,nested_validation
2018-10-30,0.09363255780094248,-0.0816972747141439,-0.05940124485790654,-0.1837510637317309,0.045424030797538484,35.389991484669935,0.08758620417500783,1.2638519711881875,0.03857126836571623,1.0,0.5842937416003279,1.0,0.55,0.7445829594859368,251,nested_validation
2018-10-31,0.03857126836571623,0.05726881061643829,-0.00831156565949187,-0.1452618740589976,0.046846741590466444,39.552555614800696,0.04069637629998772,0.8577589386753193,0.03453027396795605,1.0,0.5743289074394007,1.0,0.55,0.7445829594859368,251,nested_validation
2018-11-01,0.03453027396795605,0.04941297170732217,0.036373579049160165,-0.10995366518046923,0.04792753754387702,43.21564033361688,0.05180876738462817,-0.13393510120427954,-0.014625758143924195,0.0,0.5595760336531231,1.0,0.55,0.7445829594859368,251,nested_validation
2018-11-02,-0.014625758143924195,0.0838669318619274,0.02817767279321659,-0.11714330627264757,0.04765644195978363,42.01417536249556,0.05485765971914446,-0.7586374701547177,-0.014656648978844444,0.0,0.5255560047399722,0.0,0.55,0.7445829594859368,251,nested_validation
2018-11-05,-0.014656648978844444,0.14087938994779692,0.022623450566157333,-0.12361130886999094,0.04765395691232196,40.807710767846984,0.047457197239590826,-1.1408363554066416,-0.0033526107846624242,0.0,0.5387954736758754,0.0,0.55,0.7445829594859368,251,nested_validation
2018-11-06,-0.0033526107846624242,0.03970429308307022,0.024140514513541156,-0.11958431476517184,0.04763280030528964,40.525245459600804,0.02506402034481018,-1.598396170219428,0.012934604643083158,1.0,0.5236309892933334,0.0,0.55,0.7445829594859368,251,nested_validation
2018-11-07,0.012934604643083158,0.014039661155892169,0.03019896620787721,-0.10155920897145465,0.04548332033808343,42.18245998560171,0.029140708159060967,-0.5365454789962016,-0.03648437627498036,0.0,0.5030829886443556,0.0,0.55,0.7445829594859368,251,nested_validation
2018-11-08,-0.03648437627498036,-0.05556842444729637,-0.006501511340698429,-0.12682687043588547,0.04523983459772082,38.851469572723474,0.036895004346836145,-0.332813756798519,-0.0015533097128691553,0.0,0.5738230962733831,1.0,0.55,0.7445829594859368,251,nested_validation
2018-11-09,-0.0015533097128691553,-0.043039141111436474,-0.01156297200555445,-0.11880129636962755,0.04353015394813341,38.716408213436004,0.04025862487087358,-0.8067942644152561,-0.07842644743976246,0.0,0.5485758410586437,0.0,0.55,0.7445829594859368,251,nested_validation
2018-11-12,-0.07842644743976246,-0.10497207143777154,-0.09079549202682313,-0.17616596381776595,0.04550213872202874,32.569594316748535,0.07497105618144863,0.25594318229863977,0.05154576477689288,1.0,0.6634715379647351,1.0,0.55,0.7445829594859368,251,nested_validation
2018-11-13,0.05154576477689288,-0.05567120546251958,-0.04223455569647272,-0.12261998475551128,0.045951826147231215,38.8974883472281,0.055039894411107626,0.34848222857934086,-0.010637083792567559,0.0,0.5843312323819074,1.0,0.55,0.7445829594859368,251,nested_validation
2018-11-14,-0.010637083792567559,-0.07764638927361522,-0.04617042445342079,-0.12039584009512971,0.04595072975488645,38.06275813028449,0.07125101623214741,-0.383096948735685,0.026370686429268764,1.0,0.5118845018298279,0.0,0.55,0.7445829594859368,251,nested_validation
2018-11-15,0.026370686429268764,-0.017476535656126724,-0.013516112023849058,-0.08675783835479023,0.046580127127712985,41.38529873506659,0.04842143554864669,1.3072514982309122,-0.1875585744632865,0.0,0.4987155274435234,0.0,0.55,0.7445829594859368,251,nested_validation
2018-11-16,-0.1875585744632865,-0.20051538879331654,-0.17831829275627575,-0.2460889473183413,0.060644435146844845,29.10934425452926,0.055038657360256496,3.7330501005455243,-0.11999030971514946,0.0,0.5884780728166581,1.0,0.55,0.7445829594859368,251,nested_validation
2018-11-19,-0.11999030971514946,-0.23657292123787288,-0.2518367836139508,-0.32404339281613115,0.06453661705877303,24.964419583436168,0.11879743450409437,2.3735487176750736,0.030269417693172818,1.0,0.6343113360300623,1.0,0.55,0.7445829594859368,251,nested_validation
2018-11-20,0.030269417693172818,-0.2520196474241553,-0.2036708240549886,-0.29072013446613953,0.06523806200616193,27.434683439322157,0.14052852927466059,1.9864951729178684,-0.029313056476414245,0.0,0.591241070440907,1.0,0.55,0.7445829594859368,251,nested_validation
2018-11-21,-0.029313056476414245,-0.26613909783403056,-0.1973977033866512,-0.3003060737803154,0.0626575199804824,26.497398027665426,0.08078223306888671,0.4921045184990386,0.0020038840196925367,1.0,0.6307492281656875,1.0,0.55,0.7445829594859368,251,nested_validation
2018-11-23,0.0020038840196925367,-0.283561500710132,-0.16763310003472942,-0.2885694441915596,0.06145825166973843,26.676413657750686,0.04689650700010117,-0.788910633358762,0.05551742774684243,1.0,0.5591118536808874,1.0,0.55,0.7445829594859368,251,nested_validation
2018-11-26,0.05551742774684243,-0.06920880922623907,-0.09405703066122961,-0.23741266225444557,0.0629327913577172,31.65286107921557,0.0451486423366832,0.07012205536588632,0.004442917123461898,1.0,0.5415546266251375,0.0,0.55,0.7445829594859368,251,nested_validation
2018-11-27,0.004442917123461898,0.06240491350838462,-0.07032578534220235,-0.22349436772143727,0.06179979211047406,32.0722451679801,0.0420217200517701,-0.09471263069636504,0.04124127777886799,1.0,0.5335709916746036,0.0,0.55,0.7445829594859368,251,nested_validation
2018-11-28,0.04124127777886799,0.0737190007414783,-0.008455280788172592,-0.17962455032748825,0.058485825195070194,36.01451991017742,0.044667967386209054,0.0501502488726815,-0.015946516429174995,0.0,0.5122060173888017,0.0,0.55,0.7445829594859368,251,nested_validation
2018-11-29,-0.015946516429174995,0.08850431141104953,0.000315699246287382,-0.18073409040927135,0.0574212242528139,35.13051651262788,0.03406197864874974,-0.4810359287905129,0.03857389775402287,1.0,0.4632325803901165,0.0,0.55,0.7445829594859368,251,nested_validation
2018-11-30,0.03857389775402287,0.12823132071014465,0.0651445125318264,-0.13778057435980118,0.05759397111548926,38.970648456412405,0.049807263610092765,-0.10913641112454205,0.04044552491999931,1.0,0.5164071469463462,0.0,0.55,0.7445829594859368,251,nested_validation
2018-12-03,0.04044552491999931,0.11212112453058642,0.10406978591003901,-0.09351808037639786,0.058730920976079806,42.932460712492464,0.04316638274421541,0.19607349454113088,-0.07604095378384568,0.0,0.499035738998541,0.0,0.55,0.7445829594859368,251,nested_validation
2018-12-04,-0.07604095378384568,0.023009228280331584,0.011866804877066706,-0.15130595266629698,0.06048597074062308,37.7676311869094,0.07599772201077348,-0.025242220400520085,0.007510597246061179,1.0,0.5573081809452138,1.0,0.55,0.7445829594859368,251,nested_validation
2018-12-06,0.007510597246061179,-0.010130830798814494,0.013358332660268202,-0.13519157729963494,0.06061698361768585,38.49481840842505,0.048518518295375915,-0.3513268698653919,-0.06747128897174481,0.0,0.47155207329623666,0.0,0.55,0.7445829594859368,251,nested_validation
2018-12-07,-0.06747128897174481,-0.061960111057973055,-0.0568525810211723,-0.18589092517882166,0.061473361813010795,34.55871636680958,0.08976355518111787,-0.4050024201220599,0.02879237673844859,1.0,0.5893132145453669,1.0,0.55,0.7445829594859368,251,nested_validation
2018-12-10,0.02879237673844859,-0.07079478031643971,-0.03402064630711632,-0.1537741776388134,0.06204397008935633,37.30595126815558,0.04747798482448305,-0.5476592363034762,-0.02416707530341511,0.0,0.4766789391338587,0.0,0.55,0.7445829594859368,251,nested_validation
2018-12-11,-0.02416707530341511,-0.1284992578185562,-0.054534691907509925,-0.16649917176809892,0.06203091414633529,35.9042705675524,0.07348672179559251,-0.4889718523573521,0.00479111146456912,1.0,0.5800320433065919,1.0,0.55,0.7445829594859368,251,nested_validation
2018-12-12,0.00479111146456912,-0.052256479370157094,-0.04716202418917714,-0.15672967242771874,0.06034748548944755,36.40210626865648,0.05345866411175059,-0.5384198925940091,-6.725066540980151e-05,0.0,0.5300935308906065,0.0,0.55,0.7445829594859368,251,nested_validation
2018-12-13,-6.725066540980151e-05,-0.05938479770055072,-0.04045949702624174,-0.1481172231047998,0.058743478233570276,36.39781235799644,0.039895215602519185,-0.9502629282435848,-0.016387890677467265,0.0,0.5026930742662588,0.0,0.55,0.7445829594859368,251,nested_validation
2018-12-14,-0.016387890677467265,-0.007858425962641413,-0.04950128503526141,-0.15169600662907434,0.05874742857289951,35.30500230060716,0.03475587631368716,-0.9371628491731552,-0.01959700795729058,0.0,0.46738029453679225,0.0,0.55,0.7445829594859368,251,nested_validation
2018-12-17,-0.01959700795729058,-0.05452393533483546,-0.05596606928453374,-0.1562133393293671,0.058063280213668036,34.011490695188584,0.04812647961330155,-0.4546745890144707,0.023401615007505594,1.0,0.5358936708084681,0.0,0.55,0.7445829594859368,251,nested_validation
2018-12-18,0.023401615007505594,-0.00843504349873625,-0.01897415453691287,-0.1248500378284283,0.04298963087245197,36.92513022496595,0.041377418778673875,-0.6512669442250307,-0.0573703375342457,0.0,0.4699934378163602,0.0,0.55,0.7445829594859368,251,nested_validation
2018-12-19,-0.0573703375342457,-0.06977825580355457,-0.06362802782435573,-0.16291823309492992,0.036218665552941225,32.98948943310549,0.08165479261456304,0.03681195742743978,-0.024619193166314002,0.0,0.6110420696044511,1.0,0.55,0.7445829594859368,251,nested_validation
2018-12-20,-0.024619193166314002,-0.09261854260464208,-0.07213443806541842,-0.1708744039395873,0.03578676332202131,31.525726590130375,0.06743154969179586,0.42038304481240013,-0.04093253041328715,0.0,0.5778110358672427,1.0,0.55,0.7445829594859368,251,nested_validation
2018-12-21,-0.04093253041328715,-0.11526095495769029,-0.0989504832478042,-0.19090818330301007,0.036280441783152415,29.25847130999773,0.06976925968389411,1.411338999028742,-0.019217654759633884,0.0,0.6320046451398895,1.0,0.55,0.7445829594859368,251,nested_validation
2018-12-24,-0.019217654759633884,-0.11491861758361799,-0.10077066095976572,-0.19324062412529575,0.03637631321679538,28.272498047910133,0.04312246835044064,-1.7555937776598662,0.04737172210622287,1.0,0.584604379596388,1.0,0.55,0.7445829594859368,251,nested_validation
2018-12-26,0.04737172210622287,-0.09418824622550193,-0.04800740709852447,-0.14188236731223525,0.0357266804507054,34.05813087024626,0.06521412495511957,0.14854609562656557,-0.014500093535922631,0.0,0.5435830670708736,0.0,0.55,0.7445829594859368,251,nested_validation
2018-12-27,-0.014500093535922631,-0.05299245911300754,-0.04976113213825095,-0.14361752488928547,0.035681388956457234,33.135359715366874,0.05489062190662018,-0.2899559447757881,0.018906531196994925,1.0,0.5525557692670271,1.0,0.55,0.7445829594859368,251,nested_validation
2018-12-28,0.018906531196994925,-0.010732873004860255,-0.020986766027345616,-0.11481595906159858,0.03447670102166181,35.55174770110398,0.052974200915099114,-0.2948782295353442,-0.0011221344992312643,0.0,0.47522889573062316,0.0,0.55,0.7445829594859368,251,nested_validation
2018-12-31,-0.0011221344992312643,0.0303310951093001,-0.012719902032421126,-0.10323897868774634,0.0344642569242732,35.468271578387856,0.03333330952124117,-1.5832538189047785,0.020374157787246272,1.0,0.5141734845023956,0.0,0.55,0.7445829594859368,251,nested_validation
2019-01-02,0.020374157787246272,0.07192307091999006,0.012908364395689986,-0.07124979431371636,0.03345908634363184,38.29792288425526,0.06188514714182641,-1.109301490065547,-0.06041680700257135,0.0,0.4867326060818143,0.0,0.55,0.7445829594859368,251,nested_validation
2019-01-03,-0.06041680700257135,-0.03839211966000666,-0.03468618003800428,-0.12010784763372062,0.0333033406832922,33.50991180019054,0.05836391538936355,0.5883983462892457,0.06406767547967518,1.0,0.5753963076796568,1.0,0.55,0.7445829594859368,251,nested_validation
2019-01-04,0.06406767547967518,0.03827088693246039,0.028959667755358964,-0.06193695958134138,0.03414438443258737,41.37436619758214,0.058961705765398435,-0.3914772803494121,0.05294067825129378,1.0,0.4793935191856886,0.0,0.55,0.7445829594859368,251,nested_validation
2019-01-07,0.05294067825129378,0.07295185419109962,0.07668170403844576,-0.011019367992882945,0.03643724145827666,47.27908348151507,0.058995862090980955,0.7535728086643356,-0.024895404386573228,0.0,0.5754384018744285,1.0,0.55,0.7445829594859368,251,nested_validation
2019-01-08,-0.024895404386573228,0.047415625101649095,0.041851432375551445,-0.03458949302524961,0.03383272711264019,44.86929420542997,0.07065728983528982,1.358969900937582,0.01966667529693167,1.0,0.5677838611180137,1.0,0.55,0.7445829594859368,251,nested_validation
2019-01-09,0.01966667529693167,0.04668939324916033,0.05021247692461328,-0.015087400210103352,0.03347219956109801,47.10577871823484,0.0324730176326738,-0.13900473511545092,0.0185859863888429,1.0,0.47934146473763584,0.0,0.55,0.7445829594859368,251,nested_validation
2019-01-10,0.0185859863888429,0.13469797673185213,0.06025862998108544,0.0049923947468693,0.03339094888929517,49.242605129901094,0.04282859951318801,-0.8942412719403006,0.02478849222686974,1.0,0.49414440496692946,0.0,0.55,0.7445829594859368,251,nested_validation
2019-01-11,0.02478849222686974,0.09281153398792963,0.07271063399995059,0.03103343402377967,0.033829474671611216,52.07509984925306,0.043942771340456814,1.8823824317319335,0.010817567714441534,1.0,0.5404867146964786,0.0,0.55,0.7445829594859368,251,nested_validation
2019-01-14,0.010817567714441534,0.049093381585867624,0.07134970519131945,0.044470770970451934,0.03390266206482601,53.32942848907511,0.037822404716085646,0.6608715274658584,-0.0037887995461479695,0.0,0.5549838956588607,1.0,0.55,0.7445829594859368,251,nested_validation
2019-01-15,-0.0037887995461479695,0.07180150904773086,0.05499169909429291,0.042320216025723,0.033688366608524374,52.80252114502319,0.02815773124915169,-0.3430588874688188,-0.006872605407061139,0.0,0.4712701119961045,0.0,0.55,0.7445829594859368,251,nested_validation
2019-01-16,-0.006872605407061139,0.04390529374845431,0.038515271690825026,0.0386699173035876,0.03339862693146122,51.80641246262302,0.024724474683003064,-1.4443654112982731,0.0193495378729176,1.0,0.47532950403935037,0.0,0.55,0.7445829594859368,251,nested_validation
2019-01-17,0.0193495378729176,0.044687825068270515,0.04136776399557074,0.06329894684991477,0.033282453055536086,54.39692121100346,0.04561036067960306,-1.1925674077020816,0.03433958353442934,1.0,0.4891445264672218,0.0,0.55,0.7445829594859368,251,nested_validation
2019-01-18,0.03433958353442934,0.054424379372701503,0.06200976293471028,0.09985843982913756,0.031004977710644286,58.719771001524485,0.04033647997852126,0.10157307385748991,-0.0519978628729143,0.0,0.5081871633661005,0.0,0.55,0.7445829594859368,251,nested_validation
2019-01-22,-0.0519978628729143,-0.0111009177012934,0.003142027831930738,0.04499228175189862,0.032905584328940536,50.625405759475115,0.05800900211639162,0.22428554451373517,0.003495366133567268,1.0,0.5767758865117316,1.0,0.55,0.7445829594859368,251,nested_validation
2019-01-23,0.003495366133567268,-0.0038702172708018345,0.0002678944264489225,0.04823257974681483,0.03115779205384034,51.08812117545814,0.043874320940635224,-0.27172667884661017,0.05727133153843256,1.0,0.49028143536335184,0.0,0.55,0.7445829594859368,251,nested_validation
2019-01-24,0.05727133153843256,0.060467637389928,0.04685107173559677,0.10671728042641648,0.03230519140342586,58.04945826092174,0.03826654350589159,0.7254263099270574,0.014635123258794902,1.0,0.5233816208898691,0.0,0.55,0.7445829594859368,251,nested_validation
2019-01-25,0.014635123258794902,0.055563054671474266,0.05176413439761696,0.1197840759682216,0.03125433893175471,59.717566623560785,0.059818873927049244,3.2285183623644027,-0.13824558888947047,0.0,0.535324361366,0.0,0.55,0.7445829594859368,251,nested_validation
2019-01-28,-0.13824558888947047,-0.12056336908219112,-0.08715099436549056,-0.03256565907963627,0.044773672806596054,42.34005528474894,0.07709580491779743,4.072001883324225,-0.04644570011871496,0.0,0.6089802976905151,1.0,0.55,0.7445829594859368,251,nested_validation
2019-01-29,-0.04644570011871496,-0.11541277382967663,-0.1185649409894709,-0.07375678259665053,0.04590736066512044,38.818112312612755,0.05387542520396018,0.8582616936441991,0.043996677734543965,1.0,0.6582225282960793,1.0,0.55,0.7445829594859368,251,nested_validation
2019-01-30,0.043996677734543965,-0.07971062303309862,-0.07202788713411701,-0.030945362086859163,0.04687901334962639,43.39812029207661,0.047383361795248324,0.3960196136091586,0.04629157553455121,1.0,0.51583726122766,0.0,0.55,0.7445829594859368,251,nested_validation
2019-01-31,0.04629157553455121,-0.08926782231642483,-0.025721068364514932,0.013873185078010275,0.04770385243073609,48.0027003793876,0.06128699261209231,0.05736988060640039,0.006817369371932669,1.0,0.5113263308047884,0.0,0.55,0.7445829594859368,251,nested_validation
2019-02-01,0.006817369371932669,-0.09628500500482684,-0.014409765081992432,0.021315787753594995,0.045366170588384894,48.69527852940796,0.02908861600259357,-0.4369404529531921,0.03074695438361208,1.0,0.49510560833109535,0.0,0.55,0.7445829594859368,251,nested_validation
2019-02-04,0.03074695438361208,0.08093613065660388,0.021284111063500255,0.05008261187120522,0.043834647407291365,51.83261926023791,0.041560522614540574,-0.6507676976007595,0.005161546911175208,1.0,0.49312634479196127,0.0,0.55,0.7445829594859368,251,nested_validation
2019-02-05,0.005161546911175208,0.1394374010355155,0.025726901200998187,0.05183772714680335,0.04246883147073099,52.37530829899645,0.020873606384167583,-0.5949778072808338,0.02034027881318501,1.0,0.47616420713983454,0.0,0.55,0.7445829594859368,251,nested_validation
2019-02-06,0.02034027881318501,0.11361836704844919,0.043941127232967725,0.06738484599083816,0.04211616875886182,54.55925019735848,0.029607847256032858,-0.21960026486237613,-0.03647061836826393,0.0,0.47103407389254043,0.0,0.55,0.7445829594859368,251,nested_validation
2019-02-07,-0.03647061836826393,0.025530589814543037,0.013070602141799448,0.02361497826793557,0.042937644926348044,50.03832227983487,0.03751183763962811,-0.3712714256025275,0.005087643236920902,1.0,0.5183474384272775,0.0,0.55,0.7445829594859368,251,nested_validation
2019-02-08,0.005087643236920902,0.023768714108562072,0.02667702582687448,0.02524673090101981,0.04278753039013567,50.63048520994607,0.030168019040789095,-0.7612952517959413,-0.011608569342813402,0.0,0.46867984170624133,0.0,0.55,0.7445829594859368,251,nested_validation
2019-02-11,-0.011608569342813402,-0.018300059295408788,0.008858856870005205,0.009786324608057395,0.04255150577427384,49.1905706235335,0.02785933626613973,-0.6355419008499573,0.03222961987634898,1.0,0.5008454572195017,0.0,0.55,0.7445829594859368,251,nested_validation
2019-02-12,0.03222961987634898,0.008136214263359642,0.027521669129084048,0.0381509911089466,0.04307270808968531,53.129802649854035,0.028974048412236574,-0.4025673927038332,0.011311700444807116,1.0,0.44590364254254844,-1.0,0.55,0.7445829594859368,251,nested_validation
2019-02-13,0.011311700444807116,-0.0007843752747342947,0.02831777557365256,0.0452571051581816,0.04311068203635724,54.50592114953465,0.026295161200776494,-0.36901907484796853,0.010792744551873401,1.0,0.4628996927060106,0.0,0.55,0.7445829594859368,251,nested_validation
2019-02-14,0.010792744551873401,0.04822948108207381,0.03193363009778705,0.05214776862992454,0.04310139504490181,55.85282226855252,0.029573592855187892,0.08904346782476635,0.01818420855049019,1.0,0.463709791009314,0.0,0.55,0.7445829594859368,251,nested_validation
2019-02-15,0.01818420855049019,0.061888196274699325,0.041924658261951686,0.06419147643637224,0.043079839775670106,58.12650246868318,0.047349620066800824,1.4638835384029543,-0.0044488442575891796,0.0,0.5481151269569758,0.0,0.55,0.7445829594859368,251,nested_validation
2019-02-19,-0.0044488442575891796,0.06958031836393697,0.03219014902466655,0.05459479175408766,0.04248515435835794,57.3343564992487,0.023940245824417616,-0.606531021056179,0.012193271138727368,1.0,0.5010998955235542,0.0,0.52,-0.21545035956908562,314,nested_validation
2019-02-20,0.012193271138727368,0.04881896464091251,0.03888851984730435,0.06383675358704255,0.040760633232646636,58.977132436721476,0.024534783760432624,-0.6130974277288456,-0.017533621056329052,0.0,0.4945639911284292,0.0,0.52,-0.21545035956908562,314,nested_validation
2019-02-21,-0.017533621056329052,0.018903835390208235,0.018823845801782646,0.041470856713024196,0.041032137014100835,55.62027659481671,0.0312640124679895,-0.7874980638142848,0.021955376305736074,1.0,0.4935341053091091,0.0,0.52,-0.21545035956908562,314,nested_validation
2019-02-22,0.021955376305736074,0.030156041510960963,0.03323838296392623,0.06041131999870153,0.039386151089436994,58.73222069681841,0.016583952786320914,-0.8392458523112191,-0.00314088523620637,0.0,0.4759975246815793,-1.0,0.52,-0.21545035956908562,314,nested_validation
2019-02-25,-0.00314088523620637,0.008580206789041922,0.023007899731531944,0.05393080098081704,0.039274470869905743,58.09088854227373,0.04373307865159644,-0.2623020565426997,-0.010019593105110358,0.0,0.5458113214637481,1.0,0.52,-0.21545035956908562,314,nested_validation
2019-02-26,-0.010019593105110358,0.0029365520233430864,0.0058519797024711995,0.04146410914277321,0.023370514002988545,55.9968406872243,0.031890541256612545,-0.7207763439247146,-0.010757486498671365,0.0,0.5120150353837011,0.0,0.52,-0.21545035956908562,314,nested_validation
2019-02-27,-0.010757486498671365,-0.019804316136430966,-0.007662363544092332,0.029130324904465432,0.020414567476144462,53.77785713434794,0.028826970186402453,-0.6006854782314447,-0.006376694471617039,0.0,0.5084487917006154,0.0,0.52,-0.21545035956908562,314,nested_validation
2019-02-28,-0.006376694471617039,-0.008673175653765686,-0.014958192469230358,0.021542126192664712,0.01894097185112054,52.46495569745757,0.016465688836205365,-1.198266095947056,0.014196587833176233,1.0,0.5095717364851057,0.0,0.52,-0.21545035956908562,314,nested_validation
2019-03-01,0.014196587833176233,-0.01619942906522165,-0.002298526310742788,0.03427215553937124,0.01668817422776723,55.07763474654532,0.027037351846745036,-0.9633744901280981,0.0021095074897596877,1.0,0.4692371232394793,-1.0,0.52,-0.21545035956908562,314,nested_validation
2019-03-04,0.0021095074897596877,-0.011017814848190532,5.995554454640839e-05,0.03526396597832959,0.016686085293951356,55.474809715476276,0.02819239548467638,-0.6920357129850416,-0.0016584947471488531,0.0,0.5095557266510934,0.0,0.52,-0.21545035956908562,314,nested_validation
2019-03-05,-0.0016584947471488531,-0.0026651471926134596,-0.0016249046669339906,0.03360350731478956,0.015565077051387684,55.06176008317516,0.026194725033255487,-0.8356507110497142,-0.02855865168426097,0.0,0.47837659076376393,-1.0,0.52,-0.21545035956908562,314,nested_validation
2019-03-06,-0.02855865168426097,-0.020611931947478457,-0.026201113017666366,0.003326951861420291,0.016957822230926033,48.391228080729256,0.029990093829510647,-0.6380830036901355,-0.018349109034365707,0.0,0.5532165591897605,1.0,0.52,-0.21545035956908562,314,nested_validation
2019-03-07,-0.018349109034365707,-0.032412822590133894,-0.04016619496282525,-0.015110008362628102,0.016835153023714074,44.7474088444932,0.02740187636033254,-0.4044282059235149,0.009245645947302483,1.0,0.5569700075894949,1.0,0.52,-0.21545035956908562,314,nested_validation
2019-03-08,0.009245645947302483,-0.03713623414795386,-0.02603956115794248,-0.004463079059563002,0.014857148989705107,46.878134447205014,0.041622464373167724,-0.47069889670720005,0.06970245007908615,1.0,0.512124579875716,0.0,0.52,-0.21545035956908562,314,nested_validation
2019-03-11,0.06970245007908615,0.027809557464790746,0.04009046106878311,0.06465743111297506,0.021068810302640604,59.633397645388946,0.07676551366019779,1.1496716477994695,0.008564193367543327,1.0,0.5598108210841081,1.0,0.52,-0.21545035956908562,314,nested_validation
2019-03-12,0.008564193367543327,0.038333988726016566,0.045232236669134895,0.0679770506801105,0.020755301540067387,60.960210492125775,0.031996029917158476,0.05637384566256445,0.037533725951505614,1.0,0.5001025520930736,0.0,0.52,-0.21545035956908562,314,nested_validation
2019-03-13,0.037533725951505614,0.10897743232033541,0.07521811217606977,0.09911679329947565,0.021125956912573456,66.24206871234773,0.03599812409734056,0.7405024607992066,-0.018147507408729058,0.0,0.5623523799843193,1.0,0.52,-0.21545035956908562,314,nested_validation
2019-03-14,-0.018147507408729058,0.10920518299545567,0.04815310915394688,0.07257271572201929,0.021705676935837904,61.73017374573311,0.02548930244218056,-0.19024832774621234,0.02567071181965419,1.0,0.5393477384900411,1.0,0.52,-0.21545035956908562,314,nested_validation
2019-03-15,0.02567071181965419,0.12725705002090493,0.06604315577056052,0.09391531348582416,0.022166388545744098,65.26851936404194,0.025734659412879037,0.3887019994237601,-0.005064575432560892,0.0,0.5618678639647374,1.0,0.52,-0.21545035956908562,314,nested_validation
2019-03-18,-0.005064575432560892,0.04846723645091089,0.052602063729221715,0.08270945165066923,0.022054784904408417,63.979433279442425,0.03190301569930213,-0.16742027629565065,0.04001177342644291,1.0,0.5323349842986611,1.0,0.52,-0.21545035956908562,314,nested_validation
2019-03-19,0.04001177342644291,0.08115901509450141,0.08178486502947213,0.1196485506162166,0.023310642080816527,69.13899242423764,0.030846271882785912,2.1251007583087844,-0.007455419063919444,0.0,0.5171146590301646,0.0,0.52,-0.21545035956908562,314,nested_validation
2019-03-20,-0.007455419063919444,0.034278206790931964,0.05914573558161185,0.10552353722145802,0.02344590229533793,67.13221041451712,0.03457572376168056,1.1512100263844922,0.0547017603308082,1.0,0.568565855514373,1.0,0.52,-0.21545035956908562,314,nested_validation
2019-03-21,0.0547017603308082,0.11101723894924476,0.09404079751325556,0.15838596638929925,0.025181226704094194,73.22676477309346,0.05365877786376327,1.584083534801702,-0.03501120249294298,0.0,0.5413349307075418,1.0,0.52,-0.21545035956908562,314,nested_validation
2019-03-22,-0.03501120249294298,0.0452859549057254,0.03913604711397323,0.11078014763437594,0.026697863761413188,64.52831498785957,0.044281650596940905,1.0281780850675362,-0.02095785993715793,0.0,0.6031590154067475,1.0,0.52,-0.21545035956908562,314,nested_validation
2019-03-25,-0.02095785993715793,0.028588361614986235,0.00988500554300753,0.08168759255598657,0.027274367290648516,60.0880681220968,0.042237267888307846,-0.22182638669895263,0.017781237466883315,1.0,0.5421959550637835,1.0,0.52,-0.21545035956908562,314,nested_validation
2019-03-26,0.017781237466883315,0.00660200420565471,0.01934152311161541,0.09398231404609292,0.02718333504129971,62.40236182036832,0.04042517902893566,0.7451212594338685,-0.0020924072199904886,0.0,0.49510876278094146,0.0,0.52,-0.21545035956908562,314,nested_validation
2019-03-27,-0.0020924072199904886,0.012040972463973398,0.01260999479333913,0.08598696708922282,0.02697533276862102,61.939123868379745,0.03439084740637866,-0.5647954228252462,0.004249829181760756,1.0,0.5067118506828725,0.0,0.52,-0.21545035956908562,314,nested_validation
2019-03-28,0.004249829181760756,-0.03637026887760986,0.010138629193290782,0.08514341369203327,0.02681489091912725,62.5460021032423,0.02702398201658124,-0.6030077014234624,0.013032305692163071,1.0,0.47849342681727874,-1.0,0.52,-0.21545035956908562,314,nested_validation
2019-03-29,0.013032305692163071,0.011605576017368335,0.017648528104579064,0.09366352249111287,0.026801167049382887,64.42712833928347,0.014646942383856594,-0.7991951564425805,0.015148229681762215,1.0,0.4895742959448295,0.0,0.52,-0.21545035956908562,314,nested_validation
2019-04-01,0.015148229681762215,0.04891257240910485,0.02531809361179871,0.10460112404217048,0.026826392395415115,66.55709292449781,0.017171369011257355,-0.6683819193493094,0.003949692161467899,1.0,0.4720872570220457,-1.0,0.52,-0.21545035956908562,314,nested_validation
2019-04-02,0.003949692161467899,0.03465795537292826,0.025164005170366766,0.10305465983290274,0.026754046143825146,67.11830011880723,0.017868834860080743,-0.9950530890872948,0.030710679988861456,1.0,0.4652801839511881,-1.0,0.52,-0.21545035956908562,314,nested_validation
2019-04-03,0.030710679988861456,0.06866909566987611,0.04829670480819348,0.1300656380932379,0.02578346080284648,71.18351110118195,0.03287036662513977,1.1283449130322016,-0.001908823392326564,0.0,0.5057824207689722,0.0,0.52,-0.21545035956908562,314,nested_validation
2019-04-04,-0.001908823392326564,0.06211538613899448,0.0437896174329222,0.12060163283426362,0.025082055127121704,70.58148214758276,0.022522032378929573,-1.024226799268436,0.014288988549986614,1.0,0.45990790636688966,-1.0,0.52,-0.21545035956908562,314,nested_validation
2019-04-05,0.014288988549986614,0.0634329573470318,0.05086775110128117,0.12945972995353117,0.02507861664788683,72.45586276918146,0.016339370823648162,-0.9020246358426873,0.004398902168452068,1.0,0.463816486333756,-1.0,0.52,-0.21545035956908562,314,nested_validation
2019-04-08,0.004398902168452068,0.052172346519236745,0.04513152902346951,0.1270365855431188,0.021359377361830488,73.03362451540002,0.021116881412028596,-1.1881223620138648,-0.013191468575475707,0.0,0.4753467720987545,-1.0,0.52,-0.21545035956908562,314,nested_validation
2019-04-09,-0.013191468575475707,0.034207845453626984,0.024428034871363247,0.10517225447558043,0.02189950890767354,68.38103200052427,0.017594852194594657,-1.001350382717596,0.01500570070259366,1.0,0.4861169374253072,0.0,0.52,-0.21545035956908562,314,nested_validation
2019-04-10,0.01500570070259366,0.01844957971923078,0.031093731862604113,0.11376733280294404,0.02090207619436981,70.64192713354797,0.021290916651343084,-0.8768871190890453,-0.0029153132154156047,0.0,0.4506918270433273,-1.0,0.52,-0.21545035956908562,314,nested_validation
2019-04-11,-0.0029153132154156047,0.017422560182998925,0.020262261894070877,0.102576521541617,0.02024806605774249,69.58527464594431,0.020465710144338636,-1.2634744165039025,-0.00798782417486621,0.0,0.4755580986160636,-1.0,0.52,-0.21545035956908562,314,nested_validation
2019-04-12,-0.00798782417486621,-0.004923075125177423,0.006510043052937453,0.08677110545467848,0.020067291716052968,66.65206402137696,0.01894640391343253,-0.551574933685416,-0.02794564395784005,0.0,0.5066065924372748,0.0,0.52,-0.21545035956908562,314,nested_validation
2019-04-15,-0.02794564395784005,-0.03696742665357511,-0.022870116330035994,0.05080714526137964,0.02127212339595467,57.5803831310076,0.03681647701438275,-0.7412956940796451,0.019003522469019485,1.0,0.5162458176481789,0.0,0.52,-0.21545035956908562,314,nested_validation
2019-04-16,0.019003522469019485,-0.0055481349803587765,-0.0070380833562214695,0.06437952077507725,0.01998158426118442,61.32729858215145,0.02130593950478856,-0.977303107264912,-0.004887937326630842,0.0,0.4622843890785368,-1.0,0.52,-0.21545035956908562,314,nested_validation
2019-04-17,-0.004887937326630842,-0.02503892742270064,-0.011197783132537942,0.052187146915693594,0.019918032947420616,59.83547394311417,0.021730983289186042,-1.183005279960126,-0.005286233207047353,0.0,0.475150957197836,-1.0,0.52,-0.21545035956908562,314,nested_validation
2019-04-18,-0.005286233207047353,-0.02735724073015966,-0.015405959755186216,0.03941534941721181,0.016190179357783722,58.194788227644615,0.02012882538340218,-0.920759504376296,0.011648024464940177,1.0,0.4919529365185956,0.0,0.52,-0.21545035956908562,314,nested_validation
2019-04-22,0.011648024464940177,-0.008104789533438739,-0.0026301256492295977,0.04417624755261018,0.014092008109612232,60.7360500753298,0.026635480347842494,-1.7049294420707946,0.01167313943902104,1.0,0.48923468776360296,0.0,0.52,-0.21545035956908562,314,nested_validation
2019-04-23,0.01167313943902104,0.03232266316155652,0.009610697005995483,0.05063543600641074,0.01306336588360214,63.17978887019248,0.017412321930688562,-0.9864845874001431,0.0026219896631780593,1.0,0.47015429615716176,-1.0,0.52,-0.21545035956908562,314,nested_validation
2019-04-24,0.0026219896631780593,0.015727011429343074,0.011235197008381492,0.047875999500902156,0.012719595948752759,63.73218470611259,0.021813035740262193,-1.2026138136966227,-0.022283270163808044,0.0,0.4693664511874896,-1.0,0.52,-0.21545035956908562,314,nested_validation
2019-04-25,-0.022283270163808044,-0.0020286867460536095,-0.008576648750456162,0.021113509841173883,0.013907000387418168,56.02000525877045,0.03611359679051925,0.6246597353123414,-0.04718887323560972,0.0,0.48692923220688006,0.0,0.52,-0.21545035956908562,314,nested_validation
2019-04-26,-0.04718887323560972,-0.04406855197576243,-0.04857308860979981,-0.029286629915629803,0.017677220339824214,44.11643710627517,0.04261894421629115,3.020353186979923,0.006962810711876877,1.0,0.5190956477956689,0.0,0.52,-0.21545035956908562,314,nested_validation
2019-04-29,0.006962810711876877,-0.0484957272965838,-0.0364507930113922,-0.02421553341087468,0.017508949792390902,45.85825501412218,0.027602789474686206,-0.4507954973621006,0.009312737480759337,1.0,0.5240441291804558,1.0,0.52,-0.21545035956908562,314,nested_validation
2019-04-30,0.009312737480759337,-0.05071574526585476,-0.025540270938950393,-0.017276139421612435,0.017303008295237298,48.19999851251599,0.026353550982532038,-0.612811977710926,-0.002928295967056682,0.0,0.510855078289957,0.0,0.52,-0.21545035956908562,314,nested_validation
2019-05-01,-0.002928295967056682,-0.05597076541540191,-0.024328155061607126,-0.020997230817658696,0.01728543756136503,47.497849853747354,0.024103804064881378,-0.6370773735059116,0.015071845333706868,1.0,0.5276017316538893,1.0,0.52,-0.21545035956908562,314,nested_validation
2019-05-02,0.015071845333706868,-0.019902730559491766,-0.007422871950773513,-0.007818881554527701,0.016171689925917523,51.40979962674433,0.031388113321016806,-0.25157429415645405,-0.0009829117226609618,0.0,0.4991704472399255,0.0,0.52,-0.21545035956908562,314,nested_validation
2019-05-03,-0.0009829117226609618,0.0276264548568248,-0.006627698069156307,-0.008627656492893987,0.01617128279629674,51.13816142823734,0.018578227502984757,-0.6902220715343502,-0.01726665227989188,0.0,0.5172587849117972,0.0,0.52,-0.21545035956908562,314,nested_validation
2019-05-06,-0.01726665227989188,0.002899784822492979,-0.01919081164491443,-0.02615857103998942,0.016114539342262202,46.49511053855235,0.03525164062731992,0.06226437204360504,-0.037476108670532526,0.0,0.5381732008956253,1.0,0.52,-0.21545035956908562,314,nested_validation
2019-05-07,-0.037476108670532526,-0.04359177522097468,-0.04681972134369594,-0.06254098053135071,0.017679958247273933,38.47158657053052,0.03887703215641337,1.1098907495326713,0.004679213244972669,1.0,0.5344447878044095,1.0,0.52,-0.21545035956908562,314,nested_validation
2019-05-08,0.004679213244972669,-0.03629452232427954,-0.03317648546163865,-0.057652584175760246,0.017692545319137352,39.81575967800192,0.032371188990369906,-0.010478877440457428,-0.02144634316140026,0.0,0.4940993715291854,0.0,0.52,-0.21545035956908562,314,nested_validation
2019-05-09,-0.02144634316140026,-0.07096475620901455,-0.04503519929659272,-0.07681039209237583,0.017511394391313533,35.92391370740465,0.03601850842168595,1.7447231373565804,-0.008049780777531379,0.0,0.5377943961385444,1.0,0.52,-0.21545035956908562,314,nested_validation
2019-05-10,-0.008049780777531379,-0.07753658615293613,-0.04776939215706377,-0.08284386456080395,0.01750366783557049,34.58667309924513,0.04495917424299778,0.9598959459459862,-0.06142637885633029,0.0,0.5708949135741624,1.0,0.52,-0.21545035956908562,314,nested_validation
2019-05-13,-0.06142637885633029,-0.11898804623288473,-0.0956101353481591,-0.13587804301124828,0.021258157254862232,26.53493895649825,0.04177978194834495,1.4567370559567758,0.02265690697996159,1.0,0.6247468286966757,1.0,0.52,-0.21545035956908562,314,nested_validation
2019-05-14,0.02265690697996159,-0.06394743261136149,-0.06500100770074502,-0.11303625026410968,0.021833601277308896,32.40190817106691,0.030671481101369982,0.49324374684971195,-0.015181599491600029,0.0,0.5351359915766285,1.0,0.52,-0.21545035956908562,314,nested_validation
2019-05-15,-0.015181599491600029,-0.08245161236088405,-0.06796106076473873,-0.12275316035643247,0.02111362006350504,30.59861521777225,0.022809835980928075,0.2983284586416662,0.0038226561435783513,1.0,0.5672213270852199,1.0,0.52,-0.21545035956908562,314,nested_validation
2019-05-16,0.0038226561435783513,-0.058757940166717204,-0.05165879297852716,-0.11478819793640516,0.021262410452232372,31.614969878504454,0.0265933994231636,1.9188709328006566,-0.022847753914453373,0.0,0.5521104867806118,1.0,0.52,-0.21545035956908562,314,nested_validation
2019-05-17,-0.022847753914453373,-0.07279944592662502,-0.0585679796074815,-0.12992801127752673,0.02151181113826002,28.882060243763547,0.05602758971959425,2.627073150922616,-0.03053743859197877,0.0,0.5387823433316637,1.0,0.52,-0.21545035956908562,314,nested_validation
2019-05-20,-0.03053743859197877,-0.04228479914489747,-0.07162698599505724,-0.15032650440438533,0.021507755159074923,25.75118520671434,0.026490966866118123,0.23655301345948954,0.021812258034296317,1.0,0.5982483833118498,1.0,0.52,-0.21545035956908562,314,nested_validation
2019-05-21,0.021812258034296317,-0.04307581041087394,-0.04078488747712561,-0.125800350632142,0.02213570632896334,31.30446813345155,0.019734281209939968,-0.8988830163026612,-0.018444443975763614,0.0,0.45018119242686255,-1.0,0.52,-0.21545035956908562,314,nested_validation
2019-05-22,-0.018444443975763614,-0.046246237377055466,-0.04565433646780692,-0.13590642443363754,0.022009284645039175,29.2675771785498,0.018331161458124103,-1.097273787757379,-0.03206314484158024,0.0,0.5090023912337871,0.0,0.52,-0.21545035956908562,314,nested_validation
2019-05-23,-0.03206314484158024,-0.08034211826284976,-0.06281415477129271,-0.15646351543553627,0.022358477932953296,26.14193474115065,0.03244635323158467,0.31308739456918255,-0.014729824700689509,0.0,0.5965595065617965,1.0,0.52,-0.21545035956908562,314,nested_validation
2019-05-24,-0.014729824700689509,-0.0727018374215278,-0.06250204234738188,-0.1614641692525559,0.020841095580453516,24.870037197761846,0.03182913415506792,-0.8735223383622713,-0.012538799818350488,0.0,0.574502126754058,1.0,0.52,-0.21545035956908562,314,nested_validation
2019-05-28,-0.012538799818350488,-0.055486005342918254,-0.06512740335822043,-0.16446775552345672,0.02047992551489525,23.82312203844242,0.0274192840090384,-0.4764554725621878,-0.020860818202017684,0.0,0.595908208521874,1.0,0.52,-0.21545035956908562,314,nested_validation
2019-05-29,-0.020860818202017684,-0.09493093995136004,-0.07148757207055378,-0.17478445782298668,0.020039943346742552,22.171855480203547,0.027647108710170926,0.23754294039681043,-0.007632966762130433,0.0,0.6075453458028972,1.0,0.52,-0.21545035956908562,314,nested_validation
2019-05-30,-0.007632966762130433,-0.08496193365372906,-0.06602391093482829,-0.17315162416904606,0.01995437845368737,21.594358181733824,0.030048178685012555,-0.7660634627645476,-0.026238406006647952,0.0,0.586881080449088,1.0,0.52,-0.21545035956908562,314,nested_validation
2019-05-31,-0.026238406006647952,-0.07945552305257875,-0.07528984866074051,-0.186527684351946,0.019095202731002965,19.7085255710209,0.03292485713541449,-0.7911657003503978,-0.012402009837830352,0.0,0.5974071734191707,1.0,0.52,-0.21545035956908562,314,nested_validation
2019-06-03,-0.012402009837830352,-0.07728063014596032,-0.07246636232189962,-0.18811539318638937,0.01884446696410614,18.890804402311133,0.036403012578549096,-0.3096205268675445,0.06891893561138906,1.0,0.5886588960584497,1.0,0.52,-0.21545035956908562,314,nested_validation
2019-06-04,0.06891893561138906,-0.0011635834289452918,-0.002610594402000954,-0.12414286037010591,0.026288134059263984,34.8637563727539,0.05412588514146763,0.6328110767950419,-0.012027848349258852,0.0,0.45149098524901926,-1.0,0.52,-0.21545035956908562,314,nested_validation
2019-06-05,-0.012027848349258852,0.007847078302728683,-0.005168180144089041,-0.12590228800541436,0.02558219622625605,33.53692078147215,0.04508777408179502,-0.1601407589893745,0.017695386860771878,1.0,0.5066404153258257,0.0,0.52,-0.21545035956908562,314,nested_validation
2019-06-06,0.017695386860771878,0.03357053176507452,0.01834910312109983,-0.10169571071866657,0.02610071782253209,37.27367296533962,0.02378634034352704,-0.7952609002386054,0.011962595964111422,1.0,0.4480191377032711,-1.0,0.52,-0.21545035956908562,314,nested_validation
2019-06-07,0.011962595964111422,0.07411785891828115,0.0317384252689068,-0.08308284074329864,0.02632369978692638,39.78213235174594,0.024948447513272826,-1.0499679317260466,0.020137539963179574,1.0,0.44797461407991157,-1.0,0.52,-0.21545035956908562,314,nested_validation
2019-06-10,0.020137539963179574,0.10950808035512938,0.04994986355536368,-0.058794429229585,0.026997433289716127,43.89803781844415,0.023108563125168166,-0.6646752221317946,0.01563010846954671,1.0,0.4841563363992746,0.0,0.52,-0.21545035956908562,314,nested_validation
2019-06-11,0.01563010846954671,0.05419576214579336,0.06067096050634202,-0.03831537172361932,0.024161482108295145,46.987731313544714,0.021227177371342096,-0.7013202354192508,-0.03018241258162324,0.0,0.5105472720810164,0.0,0.52,-0.21545035956908562,314,nested_validation
2019-06-12,-0.03018241258162324,0.03482430046503171,0.02431871186086454,-0.06042970302540229,0.024194082073408656,42.09168144799556,0.02503421192483001,-0.7898166405253594,0.014090519547370173,1.0,0.5242298131635178,1.0,0.52,-0.21545035956908562,314,nested_validation
2019-06-13,0.014090519547370173,0.031158759337477804,0.03213513106112598,-0.040613149014069205,0.024405377106114307,44.891486829568294,0.017671663304213242,-1.0074804139770648,-0.024416700666324287,0.0,0.4875450766521331,0.0,0.52,-0.21545035956908562,314,nested_validation
2019-06-14,-0.024416700666324287,-0.005910624974371448,0.0005395430032282267,-0.05623310447440433,0.024765427036831808,41.128353616752754,0.01832130767845635,-0.4267408576214329,0.0026964927526818006,1.0,0.5190794234007303,0.0,0.52,-0.21545035956908562,314,nested_validation
2019-06-17,0.0026964927526818006,-0.022906332947143504,-0.0045095472136037484,-0.04584972536569776,0.024455054733806325,41.695440290421345,0.01978905405741275,-1.5057389593902166,0.05412651960844084,1.0,0.49353116612738973,0.0,0.52,-0.21545035956908562,314,nested_validation
2019-06-18,0.05412651960844084,0.014129394149169139,0.04230433108844567,0.01173352512671988,0.02663177607177301,51.76615260005323,0.05265563486899758,1.5748062495836366,0.001570034025049738,1.0,0.5220265728544844,1.0,0.52,-0.21545035956908562,314,nested_validation
2019-06-19,0.001570034025049738,0.047332637581469994,0.03558128820288853,0.01776567358302028,0.02619415504231665,52.03893907618849,0.0175679237578754,-0.9144860888430201,0.006400112138904568,1.0,0.524030144919241,1.0,0.52,-0.21545035956908562,314,nested_validation
2019-06-20,0.006400112138904568,0.03939013686784598,0.034985325384483845,0.02875189338470774,0.02588848817143869,53.20262805210725,0.02472417708612099,-0.7503618530080446,-0.01518500280995927,0.0,0.4953827676960093,0.0,0.52,-0.21545035956908562,314,nested_validation
2019-06-21,-0.01518500280995927,0.049225622679260894,0.015001580737111775,0.01725836434432826,0.025058518708990847,50.07813923206103,0.026225667275113797,0.18870691320477254,0.005930493003845294,1.0,0.550584429119043,1.0,0.52,-0.21545035956908562,314,nested_validation
2019-06-24,0.005930493003845294,0.052609693484133135,0.018140610579222116,0.026955096146463298,0.024777991038983333,51.26367303879607,0.02050312349270441,-1.3604451627584844,-0.007729697170401284,0.0,0.5063468243097703,0.0,0.52,-0.21545035956908562,314,nested_validation
2019-06-25,-0.007729697170401284,-0.009157515833255636,0.009779066149784743,0.020570782979261848,0.02465016352197675,49.6005143217876,0.029772921881745372,-0.9733274388578081,0.05135990617172581,1.0,0.524204551342535,1.0,0.52,-0.21545035956908562,314,nested_validation
2019-06-26,0.05135990617172581,0.04009907025478543,0.05247843865211288,0.0736129477514853,0.026118221564913304,59.0366797517271,0.03535104179909228,1.7491367595430605,0.02492783286362088,1.0,0.5287438747832514,1.0,0.52,-0.21545035956908562,314,nested_validation
2019-06-27,0.02492783286362088,0.05924718527114958,0.06814727489211814,0.09942910271974137,0.0261865887886542,62.85814112385365,0.016786140330520453,0.3399820901779812,0.0061264300310552855,1.0,0.5013503809585685,0.0,0.52,-0.21545035956908562,314,nested_validation
2019-06-28,0.0061264300310552855,0.08216933340592636,0.06108874088870553,0.10511697291531741,0.02497008733026766,63.77487882907202,0.018388847324079256,-0.1393820614015871,0.011812737191928324,1.0,0.4975194966666507,0.0,0.52,-0.21545035956908562,314,nested_validation
2019-07-01,0.011812737191928324,0.08849738918733552,0.059156576765087676,0.11571428328754574,0.024436776889470505,65.55125589386509,0.05590665114494861,2.406870979539691,-0.023710781816218107,0.0,0.5067003744551841,0.0,0.52,-0.21545035956908562,314,nested_validation
2019-07-02,-0.023710781816218107,0.07096651190143066,0.027917139402461988,0.08666893534640518,0.021679425778558976,59.201748913895536,0.028663019468288902,-0.10106018430303355,0.003205219695714412,1.0,0.5268608376230686,1.0,0.52,-0.21545035956908562,314,nested_validation
2019-07-03,0.003205219695714412,0.021913798074147506,0.02495784499803544,0.08824048518625816,0.021276832985690008,59.75578437226186,0.018801828757708347,-1.3618383569635055,-0.01548380066145183,0.0,0.5033234560385962,0.0,0.52,-0.21545035956908562,314,nested_validation
2019-07-05,-0.01548380066145183,-0.018378995796621167,0.0052069903317659705,0.06943498096690792,0.021692799765981895,55.800919878560336,0.018099039040590414,-0.006860365142076556,-0.01884776733657678,0.0,0.514689974268639,0.0,0.52,-0.21545035956908562,314,nested_validation
2019-07-08,-0.01884776733657678,-0.042744916388163356,-0.01709953617875748,0.04693580049723933,0.022276899708872592,51.40968665633394,0.016474768092013745,-0.5968671772270454,0.0006359438054481803,1.0,0.5349021966861349,1.0,0.52,-0.21545035956908562,314,nested_validation
2019-07-09,0.0006359438054481803,-0.05331904922363262,-0.01932552254206088,0.04474313372202898,0.02197939870217804,51.54563001806532,0.021867641207727308,-0.4504218200488142,0.017481493099179346,1.0,0.5318100762267044,1.0,0.52,-0.21545035956908562,314,nested_validation
2019-07-10,0.017481493099179346,-0.01337602695601492,-0.0074906050198274565,0.05904617066931994,0.022035601493471776,55.25400024629514,0.02417837796484513,0.49016783659526497,0.03886043703015418,1.0,0.4858779173096542,0.0,0.52,-0.21545035956908562,314,nested_validation
2019-07-11,0.03886043703015418,0.021689871322426946,0.026609897351312695,0.09390421236063706,0.021937085619220833,62.28482974993789,0.038609585539388626,2.1002069074680727,0.007998555970362364,1.0,0.47460501695255014,-1.0,0.52,-0.21545035956908562,314,nested_validation
2019-07-12,0.007998555970362364,0.0460588821539647,0.03203046572787516,0.09580535602955886,0.02187445342566689,63.60180612097912,0.018316396382125486,0.6548323550221998,-0.002028596852975073,0.0,0.4925316688235779,0.0,0.52,-0.21545035956908562,314,nested_validation
2019-07-15,-0.002028596852975073,0.06399069955101977,0.0280126404079315,0.08605358449960998,0.020816683054591875,62.99617961315812,0.017815414666185393,-0.9778016875953441,-0.0011361178290890672,0.0,0.49738173906153643,0.0,0.52,-0.21545035956908562,314,nested_validation
2019-07-16,-0.0011361178290890672,0.062106440735562485,0.026270774300099387,0.07705733187655328,0.020877639285872877,62.63717667002229,0.01993058292171843,-0.6212986047448988,0.015741686239741925,1.0,0.5042943785768417,0.0,0.52,-0.21545035956908562,314,nested_validation
2019-07-17,0.015741686239741925,0.060290329009131005,0.037658425303433773,0.08776886172141274,0.018060441428391034,65.56225420305685,0.02368749109319591,-0.4950945925587133,0.0027689997928006527,1.0,0.47677069504203035,-1.0,0.52,-0.21545035956908562,314,nested_validation
2019-07-18,0.0027689997928006527,0.023454387915635255,0.03582600712117334,0.08408714083881663,0.018049627471497135,66.07332217088864,0.028558001589942934,0.22464796893524516,-0.01022466371125652,0.0,0.5102375019719338,0.0,0.52,-0.21545035956908562,314,nested_validation
2019-07-19,-0.01022466371125652,0.004951748170135772,0.020137280954149794,0.06741338984054024,0.018367045465124427,62.381735324291796,0.02244124094521798,-0.5691859054894859,0.01709839103962363,1.0,0.5062465239505937,0.0,0.52,-0.21545035956908562,314,nested_validation
2019-07-22,0.01709839103962363,0.02421252043202804,0.02878841065084936,0.07977524202433606,0.017969411375944988,65.7888171190274,0.01657718872486632,-0.7468667278108384,0.025332511576287464,1.0,0.4800391808242705,0.0,0.52,-0.21545035956908562,314,nested_validation
2019-07-23,0.025332511576287464,0.05135285668759737,0.043353185203317546,0.10083110553882402,0.01844400579461809,70.17278322685722,0.0197540773295991,0.10232508999989999,0.0170784128494037,1.0,0.48885244588316196,0.0,0.52,-0.21545035956908562,314,nested_validation
2019-07-24,0.0170784128494037,0.05273644796746413,0.049576619921144705,0.11314167164148303,0.018230570321894176,72.7703123573196,0.025467365024331882,-0.4400122773917166,-0.029553524355436456,0.0,0.4860403855175711,0.0,0.52,-0.21545035956908562,314,nested_validation
2019-07-25,-0.029553524355436456,0.018803309559527026,0.014327158166975273,0.0741808455937023,0.017208583443409108,62.46043310238497,0.029184481367377092,-0.14441994286558835,0.009747693077003294,1.0,0.5147186562154832,0.0,0.52,-0.21545035956908562,314,nested_validation
2019-07-26,0.009747693077003294,0.03936141244364144,0.0197639187518186,0.07867926854797136,0.016611016750671784,64.2083849828938,0.014165716097360089,-1.0876358613288504,-0.0014279423624949938,0.0,0.4836111091307421,0.0,0.52,-0.21545035956908562,314,nested_validation
2019-07-29,-0.0014279423624949938,0.02042956059738521,0.013849043393297844,0.07050358012456903,0.016636171184754273,63.73563781484491,0.024024715013294867,-1.199113702670474,0.0036035384472326015,1.0,0.48334183458700636,0.0,0.52,-0.21545035956908562,314,nested_validation
2019-07-30,0.0036035384472326015,-0.0011955085894158612,0.012587282518630616,0.06773144188947433,0.016521145867640964,64.44604554121787,0.02034769731545968,-1.631033841665388,-0.03835857741506843,0.0,0.5322073132605677,1.0,0.52,-0.21545035956908562,314,nested_validation
2019-07-31,-0.03835857741506843,-0.055636458438420466,-0.025697384432219472,0.023486084352464687,0.017945909914756426,52.59287029069652,0.04267432620749292,-0.05674140421580284,-0.022522411199398462,0.0,0.5464799924056903,1.0,0.52,-0.21545035956908562,314,nested_validation
2019-08-01,-0.022522411199398462,-0.04879432227965286,-0.04473944036549904,-0.0019466715976369509,0.01872742006835041,47.302645805336574,0.06039293323424191,0.4688075685359193,-0.022616903792522347,0.0,0.5758742034052019,1.0,0.52,-0.21545035956908562,314,nested_validation
2019-08-02,-0.022616903792522347,-0.07928252097571598,-0.06240717935937301,-0.02591271680403351,0.019099104121607192,42.7563507448463,0.029158153865377685,0.5208472817673341,-0.06452031478656683,0.0,0.5456524696952504,1.0,0.52,-0.21545035956908562,314,nested_validation
2019-08-05,-0.06452031478656683,-0.13745583920513538,-0.11230032591911943,-0.08858304763889058,0.023497698955877905,33.18066122911591,0.03282710193190039,1.8117287448119808,0.010345682028195524,1.0,0.6402763810968418,1.0,0.52,-0.21545035956908562,314,nested_validation
2019-08-06,0.010345682028195524,-0.131661323388663,-0.09063767867272765,-0.07909630044199722,0.023642913453413975,35.513682482640604,0.03413190126731946,-0.25576208502349035,0.010108259127965091,1.0,0.5804023480369616,1.0,0.52,-0.21545035956908562,314,nested_validation
2019-08-07,0.010108259127965091,-0.08789695580330281,-0.06766101443616934,-0.07023904941196579,0.023403192369303914,37.82163942340425,0.033595438327036264,-0.11846262933199994,0.02839696782023693,1.0,0.5065312130222637,0.0,0.52,-0.21545035956908562,314,nested_validation
2019-08-08,0.02839696782023693,-0.04038310879080731,-0.03232110799993848,-0.04364406042125202,0.02259391650924264,43.9517764831079,0.027865536382439656,-0.6637972817017312,-0.025780262693241074,0.0,0.47429528462812226,-1.0,0.52,-0.21545035956908562,314,nested_validation
2019-08-09,-0.025780262693241074,-0.04348896630549692,-0.04507066689393058,-0.066597623926817,0.023026181184425922,39.98789799174114,0.029835259537284196,-0.20848664572578995,-0.01770670414159481,0.0,0.531395009291534,1.0,0.52,-0.21545035956908562,314,nested_validation
2019-08-12,-0.01770670414159481,0.004377102639418817,-0.048202576370510286,-0.08075437308774958,0.023215313909793936,37.547730740630655,0.023836252896915468,-0.9719978426457148,0.030373097946497563,1.0,0.5032009227902459,0.0,0.52,-0.21545035956908562,314,nested_validation
2019-08-13,0.030373097946497563,0.024286207346036592,-0.007189150837142777,-0.050890743678364214,0.024439327625444988,43.77371000766503,0.05177825277815323,-0.0823321151109745,-0.03832113384134295,0.0,0.4894398149540207,0.0,0.52,-0.21545035956908562,314,nested_validation
2019-08-14,-0.03832113384134295,-0.024822943876455228,-0.03377012184284589,-0.08500597809971988,0.025183692065647852,38.41252540678879,0.03091888779726468,0.7019819920380423,-0.008662657512030325,0.0,0.5372115113040308,1.0,0.52,-0.21545035956908562,314,nested_validation
2019-08-15,-0.008662657512030325,-0.05996472031436395,-0.032075546850217074,-0.09034770567537254,0.025112143812860442,37.341818945803674,0.02850035561661095,1.345184767855434,0.07252821640689877,1.0,0.5039610520975792,0.0,0.52,-0.21545035956908562,314,nested_validation
2019-08-16,0.07252821640689877,0.03489420638101115,0.039228395046857045,-0.02423900496071385,0.030398853427288066,49.83931535740706,0.029205289150807272,3.7379543564089612,0.07031825458572527,1.0,0.4817937860785661,0.0,0.52,-0.21545035956908562,314,nested_validation
2019-08-19,0.07031825458572527,0.1276328214035476,0.09800939946098186,0.04149386559566981,0.034081682701867386,58.99751161949763,0.04655112527767572,2.116385234394769,-0.017039406256993517,0.0,0.4923864168680087,0.0,0.52,-0.21545035956908562,314,nested_validation
2019-08-20,-0.017039406256993517,0.07574492177637171,0.06863669037602116,0.0215544994343968,0.03378275478717826,56.13489369405257,0.02120693908107995,0.21168824834870628,0.020015203216827704,1.0,0.5413235587639199,1.0,0.52,-0.21545035956908562,314,nested_validation
2019-08-21,0.020015203216827704,0.14100061216710613,0.07812492674686955,0.039645507671277835,0.03387032868038043,58.63082641493245,0.0221339559646727,0.0019595226975641007,0.0014604146168044618,1.0,0.5290429237875737,1.0,0.52,-0.21545035956908562,314,nested_validation
2019-08-22,0.0014604146168044618,0.15265197543263587,0.07078643063850576,0.04006923102253679,0.0332573160890744,58.81863778982227,0.020002355822390544,-0.6350300098667171,-0.052717884955730376,0.0,0.6022821463834833,1.0,0.52,-0.21545035956908562,314,nested_validation
2019-08-23,-0.052717884955730376,0.01804930116965786,0.00913191592442697,-0.013730116801182302,0.03507825070959275,49.98421463932185,0.05509729662325071,0.7017026521587575,0.018530071620557864,1.0,0.6364035091254008,1.0,0.52,-0.21545035956908562,314,nested_validation
2019-08-26,0.018530071620557864,-0.031209807745514073,0.01896896369036538,0.0049156903696456755,0.03539482200085454,52.540277725854814,0.01613781789864217,-0.6664999860216867,-0.022060734700476092,0.0,0.49428685235695125,0.0,0.52,-0.21545035956908562,314,nested_validation
2019-08-27,-0.022060734700476092,-0.036158748505804916,-0.007026667679166598,-0.016201829590202443,0.03562820674073181,49.253268343153714,0.04004936944328536,-0.8642323370558295,-0.002598565510132267,0.0,0.5054294656711235,0.0,0.52,-0.21545035956908562,314,nested_validation
2019-08-28,-0.002598565510132267,-0.05752713897886341,-0.016433654162901545,-0.017098758993265628,0.03471513285126691,48.87395655193063,0.026919738384924598,-1.0111688038526876,0.03585185223992671,1.0,0.5179046209678478,0.0,0.52,-0.21545035956908562,314,nested_validation
2019-08-29,0.03585185223992671,-0.025161409751616404,0.007533077460597504,0.018763592022469355,0.03528460962113162,54.1111764832055,0.0211976093042061,-0.43074935375692003,0.0030536906309999168,1.0,0.4805249748866776,0.0,0.52,-0.21545035956908562,314,nested_validation
2019-08-30,0.0030536906309999168,0.03223256323430701,0.005690408786814372,0.022033234410056002,0.034855723734535486,54.55351493734371,0.024356812096263964,-0.749411232425224,-0.01993925651282691,0.0,0.5026993435133946,0.0,0.52,-0.21545035956908562,314,nested_validation
2019-09-03,-0.01993925651282691,-0.006754300572124339,-0.010535949565685931,0.003078724693746482,0.031783514893053984,51.08058200388376,0.016202646238583265,-0.6464474941918575,0.027959092206469638,1.0,0.5298929397618432,1.0,0.52,-0.21545035956908562,314,nested_validation
2019-09-04,0.027959092206469638,0.04404842279151322,0.016481605204843097,0.03253838421512256,0.032166473648553844,55.292729741589,0.014517708414802903,-0.9592383356547111,0.06506257705753216,1.0,0.49422199439850506,0.0,0.52,-0.21545035956908562,314,nested_validation
2019-09-05,0.06506257705753216,0.11487397681547762,0.07698627000824909,0.0994362124953938,0.03467592580377958,63.40913464656102,0.0400022157247908,1.3645171127476086,-0.00606463079764441,0.0,0.516536330650426,0.0,0.52,-0.21545035956908562,314,nested_validation
2019-09-06,-0.00606463079764441,0.06975980721954267,0.06576776461691924,0.09155748229393024,0.03449699576450508,62.201817031831744,0.02222218663403948,-0.26022360123877675,0.010355855818102722,1.0,0.5328287017576389,1.0,0.52,-0.21545035956908562,314,nested_validation
2019-09-09,0.010355855818102722,0.07754758856744459,0.06522583930994719,0.10160436952323493,0.03368457896631467,63.473000301890465,0.022936370212897995,-0.07401276276371996,0.01484754861240134,1.0,0.5013471470459604,0.0,0.52,-0.21545035956908562,314,nested_validation
2019-09-10,0.01484754861240134,0.1157946444012301,0.06974535858189346,0.11602320476999184,0.03316039408348019,65.29383961646573,0.029806720347591978,-0.4276910037627337,0.006278118260092835,1.0,0.4922703577177202,0.0,0.52,-0.21545035956908562,314,nested_validation
2019-09-11,0.006278118260092835,0.09226110615230643,0.0623840916888061,0.12096869612880057,0.032839844307502655,66.07534730987689,0.019909974968442958,-0.385662444535848,-0.0003254388634196248,0.0,0.4869864128890962,0.0,0.52,-0.21545035956908562,314,nested_validation
2019-09-12,-0.0003254388634196248,0.025203274868590864,0.048114304584228273,0.11704500719425126,0.031103811884569395,65.99187166765799,0.02414932944693927,-0.5318778336923597,-0.012644368705070241,0.0,0.5092084879515243,0.0,0.52,-0.21545035956908562,314,nested_validation
2019-09-13,-0.012644368705070241,0.018416547019391327,0.026141650355492985,0.09910443358340237,0.031240464408867546,62.6796605468077,0.01593937076156405,-0.5066877896952524,-0.00950884139509145,0.0,0.5075631551080814,0.0,0.52,-0.21545035956908562,314,nested_validation
2019-09-16,-0.00950884139509145,-0.001606632167377331,0.00915585209523706,0.08446490493369962,0.028070653823652876,60.26111927981827,0.01720212349577091,-1.0396661557716889,0.0047720486350784075,1.0,0.49757496408864615,0.0,0.52,-0.21545035956908562,314,nested_validation
2019-09-17,0.0047720486350784075,-0.011518773521722592,0.004465523646865588,0.08302936436577846,0.023958397979857913,61.06534097768213,0.014524796111102974,-1.1647000113486616,-0.006019554966392615,0.0,0.5021887120065155,0.0,0.52,-0.21545035956908562,314,nested_validation
2019-09-18,-0.006019554966392615,-0.023598951847336735,-0.00775679747389435,0.07058028640392666,0.023609291403978012,59.42387135829475,0.027336404152759484,-0.7723177714385447,-0.0168910188142658,0.0,0.5007818709231735,0.0,0.52,-0.21545035956908562,314,nested_validation
2019-09-19,-0.0168910188142658,-0.03977886704781275,-0.023008643948427943,0.047677289883405694,0.023713064480567505,54.9843973559024,0.02514985848495247,-0.8016003878679793,-0.024019240040948464,0.0,0.5129672740178518,0.0,0.52,-0.21545035956908562,314,nested_validation
2019-09-20,-0.024019240040948464,-0.05084113427466541,-0.043326985571637944,0.019577583418175504,0.024381254381895454,49.42523817596552,0.03225428430021933,0.10351430277193492,0.012450022498768476,1.0,0.5484949579750387,1.0,0.52,-0.21545035956908562,314,nested_validation
2019-09-23,0.012450022498768476,-0.02979859374813565,-0.028369795815059273,0.02806046095490089,0.021167987427299587,52.065544133235136,0.023564440273770693,-0.7195145564354041,-0.013212159925797717,0.0,0.5035879373475218,0.0,0.52,-0.21545035956908562,314,nested_validation
2019-09-24,-0.013212159925797717,-0.04716402948034104,-0.03549875380256717,0.010273776405310686,0.021205588701336837,49.099616998855076,0.03587778774094318,-0.052464441026227736,0.033038108030163826,1.0,0.5412934027571197,1.0,0.52,-0.21545035956908562,314,nested_validation
2019-09-25,0.033038108030163826,-0.00972310555321565,-0.0002241370092520567,0.03912136544120015,0.021430947038623572,55.79173186736798,0.046625219316198965,-0.1485592687175822,-0.004993511332523126,0.0,0.49186646295297415,0.0,0.52,-0.21545035956908562,314,nested_validation
2019-09-26,-0.004993511332523126,0.0022611474504212747,-0.001334374012026851,0.028452364873204905,0.021480387411744194,54.58500879022827,0.016352821007896295,-0.8615826894181607,-0.03146492758505204,0.0,0.4977138781565416,0.0,0.52,-0.21545035956908562,314,nested_validation
2019-09-27,-0.03146492758505204,-0.00538503129374146,-0.02718042076765559,-0.008343166279596748,0.021656130973531716,47.629273785982846,0.048789079074678304,0.3866146135043603,0.013448963543759795,1.0,0.5520163978538404,1.0,0.52,-0.21545035956908562,314,nested_validation
2019-09-30,0.013448963543759795,-0.004403687331941408,-0.010656504451737048,0.0021646553498353427,0.02180811624168612,50.444563321695,0.016889793334218032,-1.236340868635824,-0.0004025169994508193,0.0,0.48643942706350335,0.0,0.52,-0.21545035956908562,314,nested_validation
2019-10-01,-0.0004025169994508193,0.008520299715878643,-0.007064829767620906,0.0011101909690600653,0.021226306535644474,50.35613958270612,0.04132183209390366,0.4236587510116695,-0.0055173653976208215,0.0,0.5286659542160435,1.0,0.52,-0.21545035956908562,314,nested_validation
2019-10-02,-0.0055173653976208215,-0.02912010997938641,-0.008616989709061107,-0.005431093182242108,0.02051048828600611,49.08651858339145,0.020053172962033648,-0.29441134919016787,0.04779306253999893,1.0,0.5300012092338107,1.0,0.52,-0.21545035956908562,314,nested_validation
2019-10-03,0.04779306253999893,0.02238651195687158,0.036169949661866596,0.04006006951066854,0.018027947498957846,58.73787330237981,0.05272733699381008,2.025711851212629,0.003639665396837133,1.0,0.48998966025472573,0.0,0.52,-0.21545035956908562,314,nested_validation
2019-10-04,0.003639665396837133,0.059442952549084715,0.03445510840859445,0.0417222684000218,0.01797265826207973,59.39924618039183,0.024014961947887548,-0.6049529107646382,0.012969282268344706,1.0,0.4943857040434461,0.0,0.52,-0.21545035956908562,314,nested_validation
2019-10-07,0.012969282268344706,0.05894150159793732,0.04224848516667201,0.05081107713853772,0.018048953629324925,61.75989217257505,0.022296928633831276,2.323082973164366,-0.03851790246998199,0.0,0.47176193713034453,-1.0,0.52,-0.21545035956908562,314,nested_validation
2019-10-08,-0.03851790246998199,0.018563285155263065,-0.0005527807184577682,0.008048201907822072,0.019704601749361308,51.97001476964223,0.02335945198190781,1.6495526568693262,0.019635305640812506,1.0,0.5495372551846388,1.0,0.52,-0.21545035956908562,314,nested_validation
2019-10-09,0.019635305640812506,0.04432500924366778,0.017648496825852567,0.024138731809699943,0.020176152490199717,55.67841760027092,0.01958940336958249,-0.23251863000878317,0.012838441965799863,1.0,0.4909700658555783,0.0,0.52,-0.21545035956908562,314,nested_validation
2019-10-10,0.012838441965799863,0.009486083735067208,0.027421421252636025,0.033030854085209116,0.020394065105609337,58.0063089384316,0.025514891919513113,-0.007363494634860256,0.0161724086431283,1.0,0.49091079487268485,0.0,0.52,-0.21545035956908562,314,nested_validation
2019-10-11,0.0161724086431283,0.022091832924098442,0.03576376346816157,0.04600042090934431,0.020476834902741384,60.832858275755584,0.019839747445271633,1.5596025799289268,0.002903220645904314,1.0,0.4989552611711375,0.0,0.52,-0.21545035956908562,314,nested_validation
2019-10-14,0.002903220645904314,0.01193511884194165,0.03161261121591474,0.04531004256399762,0.020327064057422763,61.3440064116273,0.015976000516997695,-1.3335487835178965,0.052752879894091054,1.0,0.49113331863350584,0.0,0.52,-0.21545035956908562,314,nested_validation
2019-10-15,0.052752879894091054,0.10799526414849714,0.07276112261781953,0.09387357265785834,0.02315541338827898,69.22574879518098,0.049345715381066975,2.926808622354644,-0.010999621198235388,0.0,0.5197658253366845,0.0,0.52,-0.21545035956908562,314,nested_validation
2019-10-16,-0.010999621198235388,0.0747055637355949,0.048831314000270076,0.07675305797540122,0.02329174628940345,66.04249305069678,0.028165434237817248,0.7496398305552485,0.00041207448416780146,1.0,0.5453249761739014,1.0,0.52,-0.21545035956908562,314,nested_validation
2019-10-17,0.00041207448416780146,0.061520157538321074,0.04195955442225929,0.07430796602202738,0.022813120275748482,66.10468335765324,0.029389110491722627,-0.7375691242424498,-0.019558608838889047,0.0,0.5134872255026155,0.0,0.52,-0.21545035956908562,314,nested_validation
2019-10-18,-0.019558608838889047,0.024194606299273502,0.01693370075694345,0.05100241147801077,0.022549126629536197,60.44403477275185,0.04262692444560334,-0.32293384195234237,0.028977718532336993,1.0,0.5520098490327094,1.0,0.52,-0.21545035956908562,314,nested_validation
2019-10-21,0.028977718532336993,0.05082265928333607,0.039917857351055686,0.07838201208831297,0.023097006854722626,65.1168841751261,0.02219281552043266,-0.7390630209984369,-0.002040472755061251,0.0,0.49703351464742157,0.0,0.52,-0.21545035956908562,314,nested_validation
2019-10-22,-0.002040472755061251,-0.0038702298471351426,0.027773711691716052,0.07373399465994557,0.022758330117056014,64.52213236199088,0.03696127714834372,-0.14395447330817976,-0.002658381709030655,0.0,0.5261070646149675,1.0,0.52,-0.21545035956908562,314,nested_validation
2019-10-23,-0.002658381709030655,0.004531139002933671,0.017354817711663806,0.06877542022952787,0.02199841127633401,63.70739772374372,0.023732601640442816,-0.5666321065018675,0.009073157436156443,1.0,0.5170919376464077,0.0,0.52,-0.21545035956908562,314,nested_validation
2019-10-24,0.009073157436156443,0.013227882819471626,0.019234609412341896,0.07599875779893206,0.021899673391071843,65.31302108163491,0.014375649032363984,-0.9925124825687194,0.03901198957987462,1.0,0.4870435616430413,0.0,0.52,-0.21545035956908562,314,nested_validation
2019-10-25,0.03901198957987462,0.07375711380290895,0.04892295991330009,0.11339115219589235,0.02133546684748721,71.25504267850135,0.027329617792669694,0.6784051812788583,0.01100042054469208,1.0,0.4944466729548618,0.0,0.52,-0.21545035956908562,314,nested_validation
2019-10-28,0.01100042054469208,0.05499747377035202,0.04955692476704554,0.12023619613255776,0.021316584175376536,72.72900108086164,0.01827942568691847,-0.2112654650827969,-0.018714421364665612,0.0,0.49340030960901243,0.0,0.52,-0.21545035956908562,314,nested_validation
2019-10-29,-0.018714421364665612,0.037370532816671576,0.026502506530371894,0.0949513953801866,0.02207514990319986,66.42046481261292,0.02143699338988836,-1.2049009263028923,0.00039400838589842557,1.0,0.5055116325448963,0.0,0.52,-0.21545035956908562,314,nested_validation
2019-10-30,0.00039400838589842557,0.040545432450928454,0.022360969766497485,0.09086607334612062,0.021931847330000257,66.48514443785996,0.019556713369462075,-1.1749366534210697,-0.00975403701898614,0.0,0.4854608634992573,0.0,0.52,-0.21545035956908562,314,nested_validation
2019-10-31,-0.00975403701898614,0.021131031174077775,0.008969069366809634,0.07558639380517862,0.02026759898485866,63.236548677004166,0.025818282670747296,-1.0328632626883807,0.007810649056800623,1.0,0.49828930900314217,0.0,0.52,-0.21545035956908562,314,nested_validation
2019-11-01,0.007810649056800623,-0.00953334742969858,0.010711407243036764,0.07823738063147934,0.02027010980615887,64.70907994906469,0.026161245189144373,-0.4038114276294138,0.03904422062928181,1.0,0.48954258558394365,0.0,0.52,-0.21545035956908562,314,nested_validation
2019-11-04,0.03904422062928181,0.017940873382365163,0.0426366154425859,0.1132931835464599,0.021504095632902887,71.00911521560337,0.028883602074688,0.46727429337957677,-0.004227816389055783,0.0,0.4975114830812265,0.0,0.52,-0.21545035956908562,314,nested_validation
2019-11-05,-0.004227816389055783,0.03296861621511482,0.03107860538996654,0.10138664970492539,0.01904142646383629,69.50570151047945,0.018415136272918475,-0.15803289312690394,-0.00944653558495756,0.0,0.5115052963630173,0.0,0.52,-0.21545035956908562,314,nested_validation
2019-11-06,-0.00944653558495756,0.02280764663395929,0.015077035492231605,0.085393290470958,0.019252717899775274,66.14991139072657,0.026778391503346745,-0.4423891869424633,0.003419686235374586,1.0,0.5116552236014066,0.0,0.52,-0.21545035956908562,314,nested_validation
2019-11-07,0.003419686235374586,0.03641455378926595,0.01286370034154749,0.08325350107259522,0.019222975774176164,66.76947774726581,0.024767243772232647,-0.3229886340294515,-0.002687782434372954,0.0,0.5110944708294041,0.0,0.52,-0.21545035956908562,314,nested_validation
2019-11-08,-0.002687782434372954,0.02561815349363994,0.008552700327877139,0.07363943572266352,0.019196703292792258,65.74740505439834,0.013957114122200997,-1.0593808375403884,0.0019251638070683086,1.0,0.5005873030718071,0.0,0.52,-0.21545035956908562,314,nested_validation
2019-11-11,0.0019251638070683086,-0.011021267391033929,0.009813002241005453,0.06942340511491474,0.019205100366432793,66.14606478095727,0.023201065579147605,-0.5804737108507944,0.006869157827142258,1.0,0.5100778979274272,0.0,0.52,-0.21545035956908562,314,nested_validation
2019-11-12,0.006869157827142258,0.0,0.013460789279601926,0.07024347962947908,0.015902242070550424,67.5979655628507,0.01693628367399327,-0.030379472123691555,-0.004961560430307821,0.0,0.4647637437794302,-1.0,0.52,-0.21545035956908562,314,nested_validation
2019-11-13,-0.004961560430307821,0.004527746674732436,0.0057239189322007,0.05853237495375496,0.0156819322436722,65.4011887585886,0.017068561486775352,0.37319002720435224,0.005848965087522862,1.0,0.48816611219253475,0.0,0.52,-0.21545035956908562,314,nested_validation
2019-11-14,0.005848965087522862,0.006959708140974241,0.007346387791802966,0.05961842242836113,0.01566979600431162,66.76554009196326,0.016016037038875754,2.948522879312553,-0.02669306195053034,0.0,0.44383668779050395,-1.0,0.52,-0.21545035956908562,314,nested_validation
2019-11-15,-0.02669306195053034,-0.017277786226071012,-0.020295451546439858,0.0274901140411421,0.016270955584387684,55.873531268550146,0.05455704423836221,3.958171358389537,0.039619915353945157,1.0,0.4581349840989983,-1.0,0.52,-0.21545035956908562,314,nested_validation
2019-11-18,0.039619915353945157,0.019694505743370172,0.017651227496385813,0.063214646670533,0.0172371973669494,64.80603928104591,0.04512899221947697,1.2106334753649248,-0.02020909647621061,0.0,0.5094821713452243,0.0,0.52,-0.21545035956908562,314,nested_validation
2019-11-19,-0.02020909647621061,-0.007728667291185043,-0.0021396296573438223,0.03640564268445612,0.01800090998997885,58.09062351303253,0.03043412792285426,0.3441930229965784,0.015337119535798749,1.0,0.5176473616142879,0.0,0.52,-0.21545035956908562,314,nested_validation
2019-11-20,0.015337119535798749,0.012513563984732912,0.01144200147085317,0.04700220863327109,0.018133196472799155,61.30179322562605,0.03783501208553455,0.5947779080252162,-0.004735149073749834,0.0,0.4969972666917896,0.0,0.52,-0.21545035956908562,314,nested_validation
2019-11-21,-0.004735149073749834,0.0018593211281834332,0.005766301973224808,0.037389857949484906,0.01819472715972025,59.75611456400252,0.01869824224997801,-0.38448993763982225,0.003377830385129732,1.0,0.5066216727908437,0.0,0.52,-0.21545035956908562,314,nested_validation
2019-11-22,0.003377830385129732,0.032812356191816994,0.007663998998391985,0.03664721382090108,0.01626698250514551,60.5172826986163,0.014320263441837636,-0.6643658634990007,0.04893572051180661,1.0,0.5037209901185643,0.0,0.52,-0.21545035956908562,314,nested_validation
2019-11-25,0.04893572051180661,0.04206716031091551,0.05043481948280659,0.08123227587135862,0.01919377931299577,69.5369643105897,0.026626314099040628,0.7509401528897297,-0.019031845252274193,0.0,0.5014941734249729,0.0,0.52,-0.21545035956908562,314,nested_validation
2019-11-26,-0.019031845252274193,0.04331923852014152,0.02683973336125267,0.05710131801645035,0.019212311652355058,63.19458105966241,0.01820278543207589,0.08471636385720774,0.006456382990675191,1.0,0.5538499531451886,1.0,0.52,-0.21545035956908562,314,nested_validation
2019-11-27,0.006456382990675191,0.03419375387914636,0.028683960165915234,0.05976343911011672,0.01920808063639566,64.35958523822609,0.013150602850308267,-0.8037389587491406,-0.00687315850453829,0.0,0.45992482905100046,-1.0,0.52,-0.21545035956908562,314,nested_validation
2019-11-29,-0.00687315850453829,0.031972118103504865,0.018203846552911296,0.04864456396998107,0.01911614235767808,62.09182639691442,0.010888625235822458,-1.1535601319878046,-0.03455778440485191,0.0,0.487894399488532,0.0,0.52,-0.21545035956908562,314,nested_validation
2019-12-02,-0.03455778440485191,-0.007044586831414179,-0.019383361091740325,0.009329122466869233,0.02084469751503798,52.20083131110394,0.0399522328786626,0.007878241525388328,-0.007598386305450622,0.0,0.5375535425688011,1.0,0.52,-0.21545035956908562,314,nested_validation
2019-12-03,-0.007598386305450622,-0.06056154339521225,-0.024794576173006178,-0.0002360942975307978,0.019090609848420717,50.366679337104145,0.035875898346386034,0.4634799599517292,0.008475537570443281,1.0,0.5225773947999474,1.0,0.52,-0.21545035956908562,314,nested_validation
2019-12-04,0.008475537570443281,-0.03421869715790882,-0.017259916531123354,0.005984649155198918,0.019165916712076746,52.36207385203267,0.01742907940780201,-0.5123918349977165,-0.0032472641625398424,0.0,0.4969667903942542,0.0,0.52,-0.21545035956908562,314,nested_validation
2019-12-05,-0.0032472641625398424,-0.043530179650676404,-0.019399974804759412,0.0005081282437229273,0.01905765144128186,51.50054917874869,0.0163840640176141,-0.9292357431915071,0.016431836439581238,1.0,0.49464043868147023,0.0,0.52,-0.21545035956908562,314,nested_validation
2019-12-06,0.016431836439581238,-0.021085388717547837,-0.004290204097292749,0.01444340712047909,0.019366392932351834,55.47935657540938,0.011170355358205292,-0.6740105791461374,0.0,0.0,0.4756507541591963,-1.0,0.52,-0.21545035956908562,314,nested_validation
2019-12-09,0.0,0.013954637025064276,-0.004960525725838383,0.013186982752901422,0.019348722887665693,55.47935657540938,0.016354816304977246,-0.7853032488908713,0.008530893353842828,1.0,0.47949256752272407,-1.0,0.52,-0.21545035956908562,314,nested_validation
2019-12-10,0.008530893353842828,0.03043421311274308,0.006865088732016966,0.02063749562017314,0.019413385460901177,57.60778122133788,0.02243206998305938,-0.565906794149876,0.015702518382206376,1.0,0.49791203850725435,0.0,0.52,-0.21545035956908562,314,nested_validation
2019-12-11,0.015702518382206376,0.037818555130488596,0.022434866665317355,0.03426824104918258,0.019627566637694997,61.30597327677964,0.014999550236400198,-0.6626507223566859,0.030965416699984205,1.0,0.4928138894821791,0.0,0.52,-0.21545035956908562,314,nested_validation
2019-12-12,0.030965416699984205,0.073440784940626,0.051211919961066776,0.06271770394215315,0.020527925032282977,67.43407021283394,0.04007670934643414,0.16488271100324797,-0.0003568972861767161,0.0,0.5044629327365161,0.0,0.52,-0.21545035956908562,314,nested_validation
2019-12-13,-0.0003568972861767161,0.0557104159550732,0.04727463873614535,0.058469876575451885,0.020542062964756004,67.29768197998158,0.031965779956907206,0.4373129493775356,0.005178528196687848,1.0,0.5176884629030214,0.0,0.52,-0.21545035956908562,314,nested_validation
2019-12-16,0.005178528196687848,0.06117744211163356,0.04492984505409847,0.06015888353668419,0.01933680776978193,68.29920388924687,0.014612501973849607,-0.08924601265002788,0.013946286668587105,1.0,0.5013169563416893,0.0,0.52,-0.21545035956908562,314,nested_validation
2019-12-17,0.013946286668587105,0.06687552559488541,0.0494547741142799,0.07192497395483577,0.017794592645660988,70.89752032439806,0.016119848565093773,0.020821866366372718,0.005344070376603227,1.0,0.4891878914676973,0.0,0.52,-0.21545035956908562,314,nested_validation
2019-12-18,0.005344070376603227,0.055995199455764144,0.04540836541001925,0.07428142871098697,0.016918020349068284,71.8625052125355,0.01128494513474437,0.2706594517723732,0.02592481681100489,1.0,0.4760416817457525,-1.0,0.52,-0.21545035956908562,314,nested_validation
2019-12-19,0.02592481681100489,0.050832223861318804,0.059613982450483105,0.09734090263710593,0.017388731198389067,76.03594176614985,0.02250916067666891,1.2877750496674478,0.01660584528817277,1.0,0.5044643308278598,0.0,0.52,-0.21545035956908562,314,nested_validation
2019-12-20,0.01660584528817277,0.06866358432766861,0.0641836024085134,0.11018512047114903,0.017373896496346235,78.3124270674247,0.012658206666803663,2.2859051621850335,-0.0022978075226791628,0.0,0.37716944076245,-1.0,0.52,-0.21545035956908562,314,nested_validation
2019-12-23,-0.0022978075226791628,0.06071505826650281,0.04930615769814484,0.10231830131867015,0.017472089258398157,77.20141269513572,0.014320369080985624,0.15967433241315965,-0.0008372571058823386,0.0,0.45424298290625964,-1.0,0.52,-0.21545035956908562,314,nested_validation
2019-12-24,-0.0008372571058823386,0.04524961625808688,0.03719876888408202,0.0962353973901644,0.014538504698085729,76.77499072627458,0.010435024491309806,-1.5201572236360894,0.0023886324440178797,1.0,0.4548944416428449,-1.0,0.52,-0.21545035956908562,314,nested_validation
2019-12-26,0.0023886324440178797,0.042176866882092545,0.029894887102846823,0.0938730527187226,0.013563192051047153,77.16223001855427,0.009699416567753407,-1.0392953143311778,-0.009699371296353676,0.0,0.40629224287134535,-1.0,0.52,-0.21545035956908562,314,nested_validation
2019-12-27,-0.009699371296353676,0.0059883429877682914,0.01431528702208884,0.0785847836398823,0.01392910261183476,71.90679661137942,0.019124457174238094,-0.4631773686372497,-0.019209181471272485,0.0,0.47938219132327303,-1.0,0.52,-0.21545035956908562,314,nested_validation
2019-12-30,-0.019209181471272485,-0.0294526291360776,-0.0087048187978499,0.054236168857769274,0.014659803361434512,62.86363540964098,0.022124652685956894,-0.5075519502381783,0.012827341568220962,1.0,0.500636057467571,0.0,0.52,-0.21545035956908562,314,nested_validation
2019-12-31,0.012827341568220962,-0.014739146701356454,-0.0003186971481943246,0.06273404792111381,0.011867020253919338,65.88935794516098,0.023586922608581706,-0.6799476875153281,0.019591946406332106,1.0,0.4794573383388419,-1.0,0.52,-0.21545035956908562,314,nested_validation
2020-01-02,0.019591946406332106,0.0054058142950415,0.014259817175850786,0.07904116997697552,0.011793846209529632,69.96601102510573,0.013296584016479988,-0.5466021194615802,-0.016005995362117553,0.0,0.452501868314612,-1.0,0.52,-0.21545035956908562,314,nested_validation
2020-01-03,-0.016005995362117553,-0.013044181195220217,-0.0047346298725454705,0.05729470401981884,0.01283426540475611,63.19134849375084,0.015800444490516107,-0.7973622516687093,0.0041937742782169884,1.0,0.49451311647675555,0.0,0.52,-0.21545035956908562,314,nested_validation
2020-01-06,0.0041937742782169884,0.0008020393047847296,-0.0012344326582011123,0.057617906895862436,0.012664955045007342,64.15501865454648,0.025309984390250617,-0.3234896676662806,0.01210663882277574,1.0,0.47704855615067343,-1.0,0.52,-0.21545035956908562,314,nested_validation
2020-01-07,0.01210663882277574,0.03275680093254918,0.010618828252282553,0.06568274357734549,0.012529054935997272,66.8633848862924,0.022423211191898523,0.1216003350622098,0.001875432971339741,1.0,0.47465499599156874,-1.0,0.52,-0.21545035956908562,314,nested_validation
2020-01-08,0.001875432971339741,0.021589391027216687,0.011849304406354566,0.06301562586364962,0.012488918173710641,67.2808023305524,0.01618270809702736,-0.26500540165676206,0.010982641108572277,1.0,0.4857586487734403,0.0,0.52,-0.21545035956908562,314,nested_validation
2020-01-09,0.010982641108572277,0.012963219559988914,0.02107095663196823,0.07122066923477921,0.01252182308367951,69.69298025671502,0.020862479159221944,-0.472745682398201,0.005349300962370629,1.0,0.44770477718589397,-1.0,0.52,-0.21545035956908562,314,nested_validation
2020-01-10,0.005349300962370629,0.03494722517135629,0.024325144974838286,0.07262005808496164,0.012341797811959562,70.83326454160039,0.01964634732420022,0.06872781205422138,0.03135267654939344,1.0,0.45853459321446177,-1.0,0.52,-0.21545035956908562,314,nested_validation
2020-01-13,0.03135267654939344,0.06293786927234901,0.04979009654704525,0.10081424749511081,0.0123812797046476,76.45476436255109,0.02476389199341243,0.14640198470770002,-0.018652294617964804,0.0,0.47050037556189306,-1.0,0.52,-0.21545035956908562,314,nested_validation
2020-01-14,-0.018652294617964804,0.030634123877872232,0.02382796791478592,0.0754984771746392,0.013444626982722441,67.81786216457618,0.018319355006412026,0.607841657025167,-0.006915327938756488,0.0,0.5266502501799689,1.0,0.52,-0.21545035956908562,314,nested_validation
2020-01-15,-0.006915327938756488,0.021591025434059885,0.012442791210052428,0.0624665537973037,0.013694813417276066,64.94327335561974,0.01694019544945453,-0.3510665937924558,0.013682473718510169,1.0,0.5001347341636114,0.0,0.52,-0.21545035956908562,314,nested_validation
2020-01-16,0.013682473718510169,0.024319187770716955,0.022493053090373083,0.07063146697505074,0.013685778291603598,67.8287793400132,0.009601105684493768,-0.11523309387839413,0.0014060005848703927,1.0,0.4641384693759062,-1.0,0.52,-0.21545035956908562,314,nested_validation
2020-01-17,0.0014060005848703927,0.020301481451181713,0.018404717204571375,0.06604485743614008,0.013699539166904551,68.12310903064493,0.010550404909892489,-0.38315125573316866,-0.005375483985548546,0.0,0.46688703181031777,-1.0,0.52,-0.21545035956908562,314,nested_validation
2020-01-21,-0.005375483985548546,-0.01603312789908895,0.008447841511265874,0.05442228359894852,0.01289647678682672,65.64678792389186,0.010970446866833407,-0.6753944850268931,0.008752072627209229,1.0,0.4865458522306968,0.0,0.52,-0.21545035956908562,314,nested_validation
2020-01-22,0.008752072627209229,0.011444380197433546,0.01307917360493005,0.05796064275788426,0.01258184889787013,67.6947538971865,0.018351910746057708,-0.4147693072104638,0.010995072380404647,1.0,0.45064255926015806,-1.0,0.52,-0.21545035956908562,314,nested_validation
2020-01-23,0.010995072380404647,0.029685900039142066,0.019066595652661222,0.06349146336717593,0.0126734583741941,70.12535889193066,0.019971493110206424,-0.23131097191928074,-0.009412300547893993,0.0,0.4569388215724434,-1.0,0.52,-0.21545035956908562,314,nested_validation
2020-01-24,-0.009412300547893993,0.0062265189772705565,0.006448938846504548,0.048118214291086314,0.012936332226157799,65.53006445733611,0.044714181739984975,2.2332480673234425,-0.04104115794424856,0.0,0.4813559368305086,0.0,0.52,-0.21545035956908562,314,nested_validation
2020-01-27,-0.04104115794424856,-0.03642496957211516,-0.033256511603369066,0.0019076039366348052,0.01604603221644742,50.221637977219096,0.04171527017569043,3.0813606488923115,0.03234811418928141,1.0,0.5039372988578238,0.0,0.52,-0.21545035956908562,314,nested_validation
2020-01-28,0.03234811418928141,0.00012099996100767285,-0.00037084797461628405,0.030891765187754716,0.017298577884797245,58.17483334675716,0.034520339949095334,0.428853981298933,-0.009799501639490393,0.0,0.48559849320190296,0.0,0.52,-0.21545035956908562,314,nested_validation
2020-01-29,-0.009799501639490393,-0.018271843543284483,-0.009471920293387837,0.017750189337752298,0.016824771150418017,55.2042649572829,0.019956082976886884,-0.42383370067433684,0.0010994876140852927,1.0,0.49319239593041253,0.0,0.52,-0.21545035956908562,314,nested_validation
2020-01-30,0.0010994876140852927,-0.02788096474980639,-0.008478838619494833,0.015969121586326462,0.016672698770750047,55.47627819720737,0.028273858366731953,0.045969306726457805,-0.03815957477192777,0.0,0.49203302248884917,0.0,0.52,-0.21545035956908562,314,nested_validation
2020-01-31,-0.03815957477192777,-0.056092270523335874,-0.04148190014203823,-0.02389449222769291,0.018349200262175853,45.20518375168962,0.0410269140021561,1.239570475390503,0.016495446909083222,1.0,0.5516529140831978,1.0,0.52,-0.21545035956908562,314,nested_validation
2020-02-03,0.016495446909083222,0.0005412821038863758,-0.022122538813263648,-0.009268416519346068,0.018348588035087716,49.399957631809635,0.023550949214037168,-0.7053688919765507,0.028294265920732586,1.0,0.5025711908627564,0.0,0.52,-0.21545035956908562,314,nested_validation
2020-02-04,0.028294265920732586,-0.0033876663664209605,0.005877319552406446,0.017132529907921912,0.019282187964161288,55.7593426208939,0.015700258915656844,-0.44202518522143036,0.014688830079338633,1.0,0.4956403398650221,0.0,0.52,-0.21545035956908562,314,nested_validation
2020-02-05,0.014688830079338633,0.021259234399134685,0.02038251349101694,0.030462788331167223,0.019356128333487377,58.74046266173762,0.0198995272398073,-1.366325706092659,0.013917543950772826,1.0,0.4718203314199395,-1.0,0.52,-0.21545035956908562,314,nested_validation
2020-02-06,0.013917543950772826,0.0343354157006448,0.03399888508653426,0.042600678783202284,0.019517124328314463,61.43129076447278,0.02112089537436627,-1.1174374766039636,-0.010461896329237552,0.0,0.46975600236879994,-1.0,0.52,-0.21545035956908562,314,nested_validation
2020-02-07,-0.010461896329237552,0.06412069919938057,0.022719591253633986,0.02986727928129085,0.019637829936720128,58.30996215931333,0.01176523032149802,-1.4418255300232197,0.045232171497390894,1.0,0.5168490358496104,0.0,0.52,-0.21545035956908562,314,nested_validation
2020-02-10,0.045232171497390894,0.09420380833144226,0.05917561860165743,0.07296891799174277,0.021790922589714153,66.21830545671403,0.04068903900878521,2.7380331393029365,0.01870930324077258,1.0,0.4812537783846122,0.0,0.52,-0.21545035956908562,314,nested_validation
2020-02-11,0.01870930324077258,0.0840044879474704,0.07040392872235168,0.08845132964140356,0.0211602505782184,68.95978826932458,0.028631162455996364,2.8805359607868475,0.0173577213476086,1.0,0.4869098416532021,0.0,0.52,-0.21545035956908562,314,nested_validation
2020-02-12,0.0173577213476086,0.08685569713287378,0.0773607887509955,0.10134511315486261,0.020744532814642388,71.32805848235532,0.015961010417494134,0.5410220390208273,-0.006457879219345042,0.0,0.5210303256450126,1.0,0.52,-0.21545035956908562,314,nested_validation
2020-02-13,-0.006457879219345042,0.06501452781288508,0.05994095474139183,0.08902807890659337,0.020731530792392223,69.17665575169771,0.016138573341494662,1.6508512467482572,0.07020500249498518,1.0,0.5377400338653496,1.0,0.52,-0.21545035956908562,314,nested_validation
2020-02-14,0.07020500249498518,0.15183424586387773,0.1111453363653574,0.15774153194488671,0.025099462088314595,77.18210894630576,0.030953426836570878,3.4319595857684577,0.023396025987876712,1.0,0.5336670740348021,1.0,0.52,-0.21545035956908562,314,nested_validation
2020-02-18,0.023396025987876712,0.12777105599909078,0.11313784620539624,0.17535846055692628,0.025270231836444158,79.25182931663885,0.04197999988294923,1.1686665089882662,0.06113246115790605,1.0,0.5134211871300496,0.0,0.52,-0.21545035956908562,314,nested_validation
2020-02-19,0.06113246115790605,0.17473598451286732,0.15197091942699803,0.2345486220598123,0.027437617100394916,83.54903189194502,0.04423260974694566,1.3686185770366115,-0.0190659968044542,0.0,0.6366287688252289,1.0,0.58,0.3194649892444966,377,nested_validation
2020-02-20,-0.0190659968044542,0.13267776693104683,0.10653872974080403,0.20021755388838036,0.028277724673774575,77.80575622185826,0.06469062799838192,1.674374165988025,-0.0473922314224704,0.0,0.5559241095121439,0.0,0.58,0.3194649892444966,377,nested_validation
2020-02-21,-0.0473922314224704,0.08601096773407457,0.03926344003174731,0.1354359978553934,0.031007028930658247,65.9088488298853,0.04944402670768091,1.3306929312046094,-0.07069742266286094,0.0,0.6105058562528057,1.0,0.58,0.3194649892444966,377,nested_validation
2020-02-24,-0.07069742266286094,-0.05697245950183727,-0.04155663110945007,0.05107012966488389,0.03531124058520256,53.41069634148374,0.0507538452325565,1.5158074516281854,-0.041093382731616446,0.0,0.6188373793450077,1.0,0.58,0.3194649892444966,377,nested_validation
2020-02-25,-0.041093382731616446,-0.11639743961568882,-0.08064566221670477,0.00559232466014703,0.03531464622715109,48.10433913353669,0.07948865442358222,1.9688663155470172,0.021370075233474894,1.0,0.6317768794803997,1.0,0.58,0.3194649892444966,377,nested_validation
2020-02-26,0.021370075233474894,-0.14950748694331284,-0.06091992507575428,0.025027341549207938,0.03496873088881318,50.73291356204345,0.05025217052217392,0.7682607557082944,-0.05566572186188534,0.0,0.5382267249464034,0.0,0.58,0.3194649892444966,377,nested_validation
2020-02-27,-0.05566572186188534,-0.18124029673466968,-0.10699422260737435,-0.03270712322838343,0.03725644652261595,44.303428715297706,0.07169441043408802,1.2120365904357469,0.06916074036717834,1.0,0.6826125009982252,1.0,0.58,0.3194649892444966,377,nested_validation
2020-02-28,0.06916074036717834,-0.08106383403409434,-0.04504825419670366,0.03094816894480701,0.04001201508106881,51.99103208775056,0.11356312951792027,1.762018863505129,0.023549434199001684,1.0,0.5172237954577584,0.0,0.58,0.3194649892444966,377,nested_validation
2020-03-02,0.023549434199001684,0.012131694969111706,-0.01798074060694488,0.05152697817252472,0.03888604675013778,54.45562817321455,0.060015208833736566,0.8544559459563658,-0.03812896230343876,0.0,0.49630454115668377,0.0,0.58,0.3194649892444966,377,nested_validation
2020-03-03,-0.03812896230343876,0.015260658539224092,-0.045076471145431785,0.009288591254946521,0.04013617043155943,49.88513994969159,0.06999135025416259,-0.014231530889304476,0.07002891558099544,1.0,0.5948867827620422,1.0,0.58,0.3194649892444966,377,nested_validation
2020-03-04,0.07002891558099544,0.0636284416698254,0.032925515032172115,0.07497371579913925,0.04227408197732536,56.785520677741914,0.06217711130707577,-0.2801567688962941,-0.039436184873165914,0.0,0.5039760133116509,0.0,0.58,0.3194649892444966,377,nested_validation
2020-03-05,-0.039436184873165914,0.081908194439543,0.005044117388381508,0.029555789373472363,0.04347399816348811,52.12779825275254,0.042811667314686525,-0.5959786192637981,-0.026528629649922975,0.0,0.5735080789356471,0.0,0.58,0.3194649892444966,377,nested_validation
2020-03-06,-0.026528629649922975,-0.014922066561908975,-0.01149246555095329,0.00056806609772031,0.043963279543809644,49.31311666939542,0.039054332478883486,-0.821506273783086,-0.07743198004771601,0.0,0.5161798550946031,0.0,0.58,0.3194649892444966,377,nested_validation
2020-03-09,-0.07743198004771601,-0.11210795669886964,-0.07855880346494726,-0.07634163236345959,0.04730441061025982,42.32071592227445,0.08645696245568023,-0.5601024119615472,0.06372228704237282,1.0,0.6434879188384183,1.0,0.58,0.3194649892444966,377,nested_validation
2020-03-10,0.06372228704237282,-0.01809024501998424,-0.019543079070573066,-0.02006833417572007,0.04835022204509688,48.31308481885768,0.057798333166643706,-0.7493485140744981,-0.05596008276512898,0.0,0.47827387652710174,0.0,0.58,0.3194649892444966,377,nested_validation
2020-03-11,-0.05596008276512898,-0.13370378096732805,-0.06704491173650384,-0.07474890014201008,0.04969031343675498,43.7414475292222,0.05692376006858312,-1.0935677956996723,-0.12236744644083997,0.0,0.5789242604243108,0.0,0.58,0.3194649892444966,377,nested_validation
2020-03-12,-0.12236744644083997,-0.20849635300086777,-0.1698040683292943,-0.18500350450212844,0.055798468272404346,36.1391115296173,0.09393923254944901,0.39048959306875203,0.11340174572756356,1.0,0.6561432757300616,1.0,0.58,0.3194649892444966,377,nested_validation
2020-03-13,0.11340174572756356,-0.09472269122650179,-0.06517106168557607,-0.09203149022953483,0.06194290659710255,44.57634930268671,0.08889714635804422,-0.6257783670198249,-0.18452082361895583,0.0,0.4769439535124991,0.0,0.58,0.3194649892444966,377,nested_validation
2020-03-16,-0.18452082361895583,-0.19980448249957472,-0.21322617662769217,-0.25584034754248797,0.07093363158330948,35.440860069753285,0.1634420107728296,-0.036283065552690744,0.10626284790616958,1.0,0.66211821950607,1.0,0.58,0.3194649892444966,377,nested_validation
2020-03-17,0.10626284790616958,-0.16780292858853207,-0.11233218901923225,-0.1743741857633726,0.07542818510217426,41.5038673833396,0.1374326947851435,0.5327456256918006,-0.06650738676850976,0.0,0.5265104450644494,0.0,0.58,0.3194649892444966,377,nested_validation
2020-03-18,-0.06650738676850976,-0.17710066626111842,-0.14275830651289456,-0.22494884985252195,0.07432126858859119,38.78770410396818,0.144265789723884,0.7122922765645788,0.05004458519136468,1.0,0.6560609176710538,1.0,0.58,0.3194649892444966,377,nested_validation
2020-03-19,0.05004458519136468,-0.015441045291800792,-0.07630853605786214,-0.1822409328155491,0.0758230498000567,41.675085772132526,0.10959287865888594,0.08791094439835002,-0.0339013457758679,0.0,0.4528997559828594,0.0,0.58,0.3194649892444966,377,nested_validation
2020-03-20,-0.0339013457758679,-0.14569823085165845,-0.08366166564482158,-0.20504472567246135,0.0755951883929868,40.22170868213301,0.12243008536207547,0.30655671111796884,0.033730261517538995,1.0,0.5920133988088327,1.0,0.58,0.3194649892444966,377,nested_validation
2020-03-23,0.033730261517538995,0.08294315393280138,-0.03873258549901737,-0.1741090180563607,0.07515466344471966,42.30453203383654,0.08444221685771987,-0.5748009141731285,0.17156398864636957,1.0,0.4328655151833695,0.0,0.58,0.3194649892444966,377,nested_validation
2020-03-24,0.17156398864636957,0.14686776592031348,0.13227600689123742,-0.03070546976993671,0.08440826416484656,51.81165829701224,0.09876396640347423,2.046588531372148,-0.014286621016176726,0.0,0.6062770744095326,1.0,0.58,0.3194649892444966,377,nested_validation
2020-03-25,-0.014286621016176726,0.21102500948510494,0.1165308121501396,-0.04180640319287754,0.08433824186669084,50.9299301013834,0.0739353458364246,0.26909199716998733,0.04730869941994187,1.0,0.7321779217766575,1.0,0.58,0.3194649892444966,377,nested_validation
2020-03-26,0.04730869941994187,0.20786969004532718,0.14799311118853864,0.005503706478659387,0.08396567324239093,53.699664912466076,0.04750427918885042,-0.23160901505596934,-0.01753217504943927,0.0,0.7214586396144486,1.0,0.58,0.3194649892444966,377,nested_validation
2020-03-27,-0.01753217504943927,0.22833532788177457,0.12191319278499235,-0.009817137574251622,0.0827438040674696,52.46195138606244,0.057136082109948805,-0.4946164216574779,0.050884165829933714,1.0,0.7471796789690506,1.0,0.58,0.3194649892444966,377,nested_validation
2020-03-30,0.050884165829933714,0.24871854337078014,0.1438673170671132,0.04384292786850086,0.08334259850158618,55.60419854958199,0.04657560218218678,-0.6657055718784702,-0.007492619117291044,0.0,0.7060565573086898,1.0,0.58,0.3194649892444966,377,nested_validation
2020-03-31,-0.007492619117291044,0.05786997803898819,0.11308641729859104,0.040491917951479994,0.08288009356442282,54.99838434424247,0.06695755903374132,1.572087948015505,-0.0778832733791891,0.0,0.6247145208768272,1.0,0.58,0.3194649892444966,377,nested_validation
2020-04-01,-0.0778832733791891,-0.010382102812312888,0.009242403597719218,-0.031440594651684806,0.08317212686720638,49.05975510904418,0.08330932178519103,-0.38395241202534514,0.05101441575958576,1.0,0.6409538634071223,1.0,0.58,0.3194649892444966,377,nested_validation
2020-04-02,0.05101441575958576,-0.00688051515850685,0.042334956777402066,0.025193052124987236,0.08359920247472663,52.40276246517943,0.053587483218214514,-0.3139649185905525,-0.04524999200819202,0.0,0.49981431822375877,0.0,0.58,0.3194649892444966,377,nested_validation
2020-04-03,-0.04524999200819202,-0.03489884145880329,-0.020087480446729034,-0.014608438609314267,0.0839968431762047,49.1635566516816,0.07068176665942809,-0.4747864381435905,0.10040573323970858,1.0,0.6454042628904361,1.0,0.58,0.3194649892444966,377,nested_validation
2020-04-06,0.10040573323970858,0.01058031184274566,0.054695607028370175,0.08501969601540682,0.08481863210243865,55.44672066221207,0.06315207125695269,-0.047737010157538506,-0.03491046892657712,0.0,0.509231523109185,0.0,0.58,0.3194649892444966,377,nested_validation
2020-04-07,-0.03491046892657712,-0.01733679965085677,0.01395104327123664,0.04754533111818482,0.08430893493081722,52.759881042982,0.08087871021024634,0.305274604741485,0.03057554089944481,1.0,0.5665642590311974,0.0,0.58,0.3194649892444966,377,nested_validation
2020-04-08,0.03057554089944481,0.0982434544192361,0.0363006148438938,0.07965319081182276,0.08337714851941604,54.75560916838829,0.02753326910485291,-1.6044646762932377,-0.014984224750660302,0.0,0.522341893525295,0.0,0.58,0.3194649892444966,377,nested_validation
2020-04-09,-0.014984224750660302,0.02927905787614815,0.01851479817178081,0.06199360943593013,0.07813213484757564,53.525687941049924,0.047537554530259506,-1.5315128470866253,0.026240997678459443,1.0,0.564387167202597,0.0,0.58,0.3194649892444966,377,nested_validation
2020-04-13,0.026240997678459443,0.10635072888465102,0.03835599362925901,0.08989365595346976,0.07476278177411078,55.387266835589315,0.04891605206478529,-2.1158295255244135,0.0522510500486173,1.0,0.5160968434114329,0.0,0.58,0.3194649892444966,377,nested_validation
2020-04-14,0.0522510500486173,0.057935887668926433,0.08494630909142131,0.1456818410843066,0.06067350803255052,59.00126293203538,0.040253552760036684,-1.1392190806623443,-0.010952586837802869,0.0,0.4777306641470456,0.0,0.58,0.3194649892444966,377,nested_validation
2020-04-15,-0.010952586837802869,0.08419863577486009,0.06604107165183137,0.13085986970692676,0.057681719177836724,57.88738270119895,0.031298950346995674,-1.8699482237953178,0.04935197557599991,1.0,0.5336857547585896,0.0,0.58,0.3194649892444966,377,nested_validation
2020-04-16,0.04935197557599991,0.10395204933178359,0.09715007841202095,0.1850492004265789,0.055009642559252475,61.386112080310966,0.04224631696277607,0.389178510031727,-0.008075975631302357,0.0,0.49976916651332687,0.0,0.58,0.3194649892444966,377,nested_validation
2020-04-17,-0.008075975631302357,0.11169443880841823,0.073561313424789,0.1724880062529781,0.05489708841222671,60.45726769686639,0.04077721062924033,-0.7734731466982211,-0.01802816827514564,0.0,0.5192089848488797,0.0,0.58,0.3194649892444966,377,nested_validation
2020-04-20,-0.01802816827514564,0.06373905044190376,0.037765239791499816,0.14812508644411637,0.054260687481607006,58.351808414087905,0.028670961728307128,-1.176461286770707,-0.06110431389939264,0.0,0.4922023849833866,0.0,0.58,0.3194649892444966,377,nested_validation
2020-04-21,-0.06110431389939264,-0.050853876030330536,-0.02603755227754523,0.0745214138415693,0.05678119956705967,51.876334004926484,0.06552628200564385,0.4570720911463416,0.06174150516729471,1.0,0.622496012717145,1.0,0.58,0.3194649892444966,377,nested_validation
2020-04-22,0.06174150516729471,0.01890750723999579,0.02405986978968122,0.13707552617442742,0.04539390684924267,56.77684231807444,0.04357853400576352,-0.9914288429779156,-0.007478505861148621,0.0,0.4825608798899708,0.0,0.58,0.3194649892444966,377,nested_validation
2020-04-23,-0.007478505861148621,-0.036274172047918274,0.01023360058445233,0.122987911357201,0.04525107911638602,55.98723251608694,0.0357029672263889,-1.2677996421636843,0.019647134574063196,1.0,0.47369559606870554,0.0,0.58,0.3194649892444966,377,nested_validation
2020-04-24,0.019647134574063196,-0.009339168277768928,0.020412418937384214,0.1340978309647074,0.044453487019592834,57.64144545281818,0.0313201284396032,-1.554619142986895,0.025864240409062544,1.0,0.5113668221217331,0.0,0.58,0.3194649892444966,377,nested_validation
2020-04-27,0.025864240409062544,0.034941623378965,0.036856102424300374,0.1549512076161459,0.044265661281801434,59.824235572494736,0.03197794388999983,-0.6638826490789962,-0.019254217216009728,0.0,0.4835135813524676,0.0,0.58,0.3194649892444966,377,nested_validation
2020-04-28,-0.019254217216009728,0.08107284715734964,0.01426914426810888,0.11894403262196795,0.043588854499322996,57.391907133964885,0.04482426449144084,-0.8337701087448006,0.024368676957611246,1.0,0.49648557393819925,0.0,0.58,0.3194649892444966,377,nested_validation
2020-04-29,0.024368676957611246,0.04301956431747511,0.03265145798652824,0.13442066923916407,0.04366398935427251,59.58824902134242,0.022884156979530775,-1.217177101566616,-0.02070636471014209,0.0,0.4698044959654149,0.0,0.58,0.3194649892444966,377,nested_validation
2020-04-30,-0.02070636471014209,0.02911869098122466,0.012116448690232762,0.09848040045298823,0.03969235059337986,56.84169738276211,0.02306007156146397,-1.1197266576736447,-0.0325030910833094,0.0,0.509013708855367,0.0,0.58,0.3194649892444966,377,nested_validation
2020-05-01,-0.0325030910833094,-0.023515960893033316,-0.017534845833785728,0.05356235494406403,0.03955452521313209,52.81195045499703,0.028502714454300554,-1.2287548592582698,0.03009405234536988,1.0,0.5084272009299341,0.0,0.58,0.3194649892444966,377,nested_validation
2020-05-04,0.03009405234536988,-0.019489751886487383,0.010542881807485971,0.0738603742516315,0.03806733442329816,55.83261630353024,0.03762575722802247,-1.2635639040873254,0.0084107998410754,1.0,0.46029920011900494,0.0,0.58,0.3194649892444966,377,nested_validation
2020-05-05,0.0084107998410754,0.008168621174986734,0.010547839530192338,0.07221329029087475,0.03187476576489402,56.69213557021395,0.030571277332667797,-0.8211768458511454,0.01378776081861699,1.0,0.47530081960797466,0.0,0.58,0.3194649892444966,377,nested_validation
2020-05-06,0.01378776081861699,-0.002244961233936693,0.020394868587725767,0.08060540006630279,0.030563988814779616,58.142269887367476,0.022129702528160954,-1.1191483480738336,0.023775159183019534,1.0,0.4693408430511938,0.0,0.58,0.3194649892444966,377,nested_validation
2020-05-07,0.023775159183019534,0.04307511744017689,0.03724092877726748,0.0984247985271347,0.03034198712197313,60.62442969067698,0.01997570315456088,-0.6261646203393195,0.025027152096006144,1.0,0.48784332570350214,0.0,0.58,0.3194649892444966,377,nested_validation
2020-05-08,0.025027152096006144,0.10509946563971573,0.05497704849418472,0.11849225817917386,0.03013682449358376,63.15986507771403,0.020351989746093698,-0.8336841034089393,0.0323839343746386,1.0,0.4764203122351533,0.0,0.58,0.3194649892444966,377,nested_validation
2020-05-11,0.0323839343746386,0.10755608346132273,0.07983093047418799,0.14516472898882382,0.030340339418992637,66.26280189532288,0.04137998105776188,0.2289374661503541,-0.032608001969943845,0.0,0.4734170352558411,0.0,0.58,0.3194649892444966,377,nested_validation
2020-05-12,-0.032608001969943845,0.06250438083254428,0.03741821747959895,0.10176017141534976,0.029986850549001097,60.55315806909044,0.048670270563614434,0.45138541891640654,-0.002883757390672481,0.0,0.5379068977069604,0.0,0.58,0.3194649892444966,377,nested_validation
2020-05-13,-0.002883757390672481,0.04503172845193526,0.030064483344917736,0.09246388423478158,0.029820813819698925,60.07621832489909,0.062178644401028035,1.4063694405836542,0.032197962681543624,1.0,0.529945331628213,0.0,0.58,0.3194649892444966,377,nested_validation
2020-05-14,0.032197962681543624,0.053629414007714704,0.05314233840458349,0.11742038174621938,0.028778286994861287,63.521058595642025,0.043397077876965846,1.435131876079615,0.05731272675252996,1.0,0.4858658504698578,0.0,0.58,0.3194649892444966,377,nested_validation
2020-05-15,0.05731272675252996,0.08681588232389204,0.09312637619145092,0.17004451269865983,0.03078197200175697,68.84083718829228,0.07378613547470653,3.2442293025019118,0.03056264542479248,1.0,0.47582129212521246,0.0,0.58,0.3194649892444966,377,nested_validation
2020-05-18,0.03056264542479248,0.08489856678740737,0.10563918339916589,0.19128948317424244,0.03054826750021044,71.37548424705835,0.026970665379733486,1.6730084229145235,0.006314063535866721,1.0,0.48141917781545385,0.0,0.58,0.3194649892444966,377,nested_validation
2020-05-19,0.006314063535866721,0.12854839350671798,0.09243949206125568,0.18751851067273462,0.02582267860555387,71.89959299468117,0.03688035267375384,1.358287497860035,0.0186817175001317,1.0,0.5177177736671623,0.0,0.58,0.3194649892444966,377,nested_validation
2020-05-20,0.0186817175001317,0.15295646249929384,0.0921810437927848,0.19628990969735693,0.023419204275844468,73.4578715189549,0.017196225235965396,0.5688720588928213,-0.021711168105190692,0.0,0.5729491529466321,0.0,0.58,0.3194649892444966,377,nested_validation
2020-05-21,-0.021711168105190692,0.09274041579560421,0.05366976969929671,0.15948483692718063,0.024193091505049877,68.60730546890159,0.03589636361047851,1.3989303964531625,0.028602896456022764,1.0,0.5152797690877726,0.0,0.58,0.3194649892444966,377,nested_validation
2020-05-22,0.028602896456022764,0.06306859675679921,0.06823943532274623,0.17990445245931252,0.024431845522344564,71.24289541566799,0.04207176364323478,2.3463010162339515,-0.034178071056006565,0.0,0.49421305669399723,0.0,0.58,0.3194649892444966,377,nested_validation
2020-05-26,-0.034178071056006565,-0.003714167908520083,0.023825905191298347,0.12987151480408987,0.026100283327593076,64.11769462219999,0.05847270108168248,0.992581276991759,-0.02208122290658454,0.0,0.5266920147112846,0.0,0.58,0.3194649892444966,377,nested_validation
2020-05-27,-0.02208122290658454,-0.03182648652343856,-0.00720833392261333,0.09815489846490966,0.02625676437128917,60.079918811588286,0.07460187644032754,2.2969506642849264,-0.004486572270703149,0.0,0.5395876134601384,0.0,0.58,0.3194649892444966,377,nested_validation
2020-05-28,-0.004486572270703149,-0.053846047808702835,-0.01973335274191379,0.0863895339877776,0.026123449033554038,59.281079513762876,0.0449216873528318,0.5006144186676169,0.04577583655017148,1.0,0.5132706441648387,0.0,0.58,0.3194649892444966,377,nested_validation
2020-05-29,0.04577583655017148,0.011424140395888127,0.015230576382187389,0.12885634794566392,0.026636687503282172,64.4512809898919,0.0439975303643551,0.47646628040552763,-0.007802581975547507,0.0,0.4701541924399166,0.0,0.58,0.3194649892444966,377,nested_validation
2020-06-01,-0.007802581975547507,-0.02437332804914294,0.0036869822350620307,0.11297874286244536,0.025163528071939528,62.91769079557257,0.017175289380943527,-0.9805699550708381,0.002157228533322897,1.0,0.4957005789417401,0.0,0.58,0.3194649892444966,377,nested_validation
2020-06-02,0.002157228533322897,0.012330836921965904,0.004993119773573307,0.10768465980196273,0.024858295360725625,63.17653770355825,0.020311013302974974,-1.0070860772924635,-0.006317101966206384,0.0,0.49517097900777857,0.0,0.58,0.3194649892444966,377,nested_validation
2020-06-03,-0.006317101966206384,0.028649682738940863,-0.0009459277539378697,0.0914099218665192,0.02511020923034793,61.81290427900935,0.018957777875168624,-1.1130930179670893,0.0001145491899141593,1.0,0.4856546757666045,0.0,0.58,0.3194649892444966,377,nested_validation
2020-06-04,0.0001145491899141593,0.03340395525689477,0.0014445715877775545,0.0842626741855872,0.025162770461409478,61.82889187696192,0.030314255061441413,-0.9105713751581572,0.017509920266283174,1.0,0.4925658127438181,0.0,0.58,0.3194649892444966,377,nested_validation
2020-06-05,0.017509920266283174,0.005472434307730811,0.017251192576733354,0.0950181638535561,0.025009708622675455,64.2902773891813,0.03239905325372923,-0.7039650039577939,-0.012892674044332808,0.0,0.479641616935955,0.0,0.58,0.3194649892444966,377,nested_validation
2020-06-08,-0.012892674044332808,0.00031423980905720406,0.006628742416127542,0.0740069319386687,0.025101526151132092,61.110874667195596,0.023168598782243054,-1.1376853718490947,0.027370862113278438,1.0,0.49625854790150326,0.0,0.58,0.3194649892444966,377,nested_validation
2020-06-09,0.027370862113278438,0.02548150497389501,0.03026791179887578,0.09617256940088015,0.02486404268508353,65.01542784132846,0.03963072581514075,-0.7820568931825657,0.03545777870040068,1.0,0.4688803317836843,0.0,0.58,0.3194649892444966,377,nested_validation
2020-06-10,0.03545777870040068,0.06859321352887138,0.05662541579832325,0.1255562734224509,0.02397789609717568,69.4165605779914,0.036992596736079915,-0.09336076026843808,-0.06090680461979037,0.0,0.475837887679059,0.0,0.58,0.3194649892444966,377,nested_validation
2020-06-11,-0.06090680461979037,0.0033936775215093196,-0.011222810562625418,0.05136693098770939,0.028401149232592956,55.93743257023363,0.05402862264226835,-0.29949315138877847,0.015489148903911287,1.0,0.5598826720396445,0.0,0.58,0.3194649892444966,377,nested_validation
2020-06-12,0.015489148903911287,0.0014009409709017095,0.0034039722627754454,0.060767854167485424,0.027876312750093484,58.033276255874235,0.05418418272538935,-0.34847075484853257,0.027008390025156537,1.0,0.4856752248624749,0.0,0.58,0.3194649892444966,377,nested_validation
2020-06-15,0.027008390025156537,0.04187978461259223,0.026221542839305556,0.08040437057585748,0.025776909900651047,61.523223650525004,0.04779947219018597,-1.0114092995171255,-0.011472875406304706,0.0,0.4674214343809756,0.0,0.58,0.3194649892444966,377,nested_validation
2020-06-16,-0.011472875406304706,0.0024874810415096427,0.011649411622088435,0.060558240203828495,0.025252815570252253,59.209879495152485,0.04719639087598062,-0.3363473998612253,0.018470568820451838,1.0,0.5174347992374974,0.0,0.58,0.3194649892444966,377,nested_validation
2020-06-17,0.018470568820451838,-0.013958834388026475,0.02495538516947593,0.07222293936555224,0.02549134377626589,61.67941119117509,0.02476723986251225,-0.8457572363129119,-0.001948860336309144,0.0,0.473666132676993,0.0,0.58,0.3194649892444966,377,nested_validation
2020-06-18,-0.001948860336309144,0.04794658712855959,0.017857930260631427,0.06282625361848204,0.02524155024506909,61.25026898445473,0.018225234730296844,-1.3974071947658044,0.00469161558332698,1.0,0.5141006768508972,0.0,0.58,0.3194649892444966,377,nested_validation
2020-06-19,0.00469161558332698,0.03680393907079682,0.018794431674543866,0.06111228788720657,0.024666078267368975,61.93553612880241,0.023511902432715285,-0.17681402174198896,0.028667712563538617,1.0,0.501733391708634,0.0,0.58,0.3194649892444966,377,nested_validation
2020-06-22,0.028667712563538617,0.03847908813549061,0.03974568589941141,0.08441748301133267,0.024669442282129465,65.92007387094844,0.027081678891310065,-0.6656862428692719,-0.008056151899686226,0.0,0.4852675274510569,0.0,0.58,0.3194649892444966,377,nested_validation
2020-06-23,-0.008056151899686226,0.04206846451504398,0.02684174790292504,0.07004516289472851,0.023319414659024915,63.83969039013071,0.024867689039193553,-0.7011318932013497,-0.022697965427774025,0.0,0.5057093265501489,0.0,0.58,0.3194649892444966,377,nested_validation
2020-06-24,-0.022697965427774025,-5.394194788310713e-05,0.004967752116198376,0.040117616254730315,0.023354710849193418,58.30186551011017,0.04461053988982392,-0.2164717048329346,0.027556485712445067,1.0,0.5287030901695194,0.0,0.58,0.3194649892444966,377,nested_validation
2020-06-25,0.027556485712445067,0.029507423497636243,0.02492389281975793,0.06194834195555354,0.023791542332446958,62.46253978845528,0.034009494134551004,-0.7479537535235598,-0.03530028915398453,0.0,0.4693524210457245,0.0,0.58,0.3194649892444966,377,nested_validation
2020-06-26,-0.03530028915398453,-0.011472278301674521,-0.013626518242977892,0.020168266134985124,0.02355937584084699,54.72227127375342,0.04096122456994285,1.5138593731920655,0.004915310110983784,1.0,0.5274798161870291,0.0,0.58,0.3194649892444966,377,nested_validation
2020-06-29,0.004915310110983784,-0.034297830221420855,-0.009058454358230605,0.022474328505480035,0.02346155844982368,55.51963093683885,0.03309788979857684,-1.1065886905447717,0.03236372338717186,1.0,0.4702727107050178,0.0,0.58,0.3194649892444966,377,nested_validation
2020-06-30,0.03236372338717186,0.005052745258685487,0.018304019443906583,0.052634891183724,0.024347023023959972,60.47892724092973,0.027348519893287473,-0.8191262683160608,0.0033955776890339795,1.0,0.4533769580606544,0.0,0.58,0.3194649892444966,377,nested_validation
2020-07-01,0.0033955776890339795,0.031887220390575344,0.01855118392116717,0.05337416848418042,0.024232967066359263,60.9863164669766,0.017077675624434067,-1.2017845305652655,0.008630974492525256,1.0,0.49446062463248436,0.0,0.58,0.3194649892444966,377,nested_validation
2020-07-02,0.008630974492525256,0.012881945801068495,0.023031552672241773,0.0599416791725671,0.024227221227349847,62.31518474664408,0.016567427393611025,-0.7794181817134679,0.0236154773889381,1.0,0.4860057074855073,0.0,0.58,0.3194649892444966,377,nested_validation
2020-07-06,0.0236154773889381,0.07474027910773429,0.04078836612952608,0.08073018677583121,0.024421717740684003,65.77941165361965,0.019945622848677458,-1.1419280590322827,0.0033031384684176768,1.0,0.4850270628804513,0.0,0.58,0.3194649892444966,377,nested_validation
2020-07-07,0.0033031384684176768,0.07301608823944128,0.04042929361573755,0.08093752270629428,0.0240738074917721,66.25767437429903,0.022209813665556515,-0.7150649864648657,0.03487235320567694,1.0,0.49688316044504416,0.0,0.58,0.3194649892444966,377,nested_validation
2020-07-08,0.03487235320567694,0.07562350275209151,0.06808857329844176,0.11253230687085858,0.0244587756350764,70.89730673772728,0.0254013815208976,-0.5881843263429253,0.02868058451120703,1.0,0.4750343646275819,0.0,0.58,0.3194649892444966,377,nested_validation
2020-07-09,0.02868058451120703,0.10272861285015988,0.08428526940532488,0.13624217739498268,0.024098179412449912,74.1546876925729,0.032020189691260525,0.7832794255722045,-0.002831153261446784,0.0,0.47184481241318255,0.0,0.58,0.3194649892444966,377,nested_validation
2020-07-10,-0.002831153261446784,0.09019715530216188,0.07029130731982591,0.12493246365893818,0.01876146581285437,73.25802074737473,0.026385452149515518,0.9166955094367735,-0.040747160648554215,0.0,0.5097848489598987,0.0,0.58,0.3194649892444966,377,nested_validation
2020-07-13,-0.040747160648554215,0.021648011169246972,0.0173569369806168,0.0745544252960475,0.021576332655714774,61.72280859197493,0.07632620239479047,0.5682375508459083,0.03230611981916787,1.0,0.615200748626083,1.0,0.58,0.3194649892444966,377,nested_validation
2020-07-14,0.03230611981916787,0.051181296852181646,0.03786077200914395,0.10307945285929132,0.021861344040318764,66.09535860389799,0.05948255286955609,1.4344156602472504,-0.014430844053743286,0.0,0.47652960448791504,0.0,0.58,0.3194649892444966,377,nested_validation
2020-07-15,-0.014430844053743286,0.001101111915773334,0.015474510299343658,0.08177164876553045,0.021991517666323155,62.547202403878416,0.036886720677982696,-0.08078814587086065,-0.00904418048865352,0.0,0.5231361895133663,0.0,0.58,0.3194649892444966,377,nested_validation
2020-07-16,-0.00904418048865352,-0.035612232106430386,0.00028399858470695705,0.06683754265146624,0.02204598783162799,60.390694446698696,0.030711139566781256,-0.7419254430871768,0.00658608727350285,1.0,0.4834665806849961,0.0,0.58,0.3194649892444966,377,nested_validation
2020-07-17,0.00658608727350285,-0.02650457535509776,0.001050048619595012,0.06848381057053121,0.021991878533730476,61.42429859435638,0.015757431396026023,-1.7030707565028722,0.03031399010718161,1.0,0.5409513521666677,0.0,0.58,0.3194649892444966,377,nested_validation
2020-07-20,0.03031399010718161,0.045611661671087766,0.02464420614855123,0.0947936434295682,0.022654067452919247,65.86822736382913,0.03563021489258993,-1.3419419653249571,-0.01733932066353594,0.0,0.4573577670019578,0.0,0.58,0.3194649892444966,377,nested_validation
2020-07-21,-0.01733932066353594,-0.004673666024737733,0.002414175102474214,0.0701500367582426,0.022632796255877087,61.380495487821534,0.026455979598562246,-1.300885024837466,0.010674585571911699,1.0,0.5180572214272018,0.0,0.58,0.3194649892444966,377,nested_validation
2020-07-22,0.010674585571911699,0.020680308459362085,0.010929027408204561,0.07639580104044708,0.02248901333144793,63.021853324328966,0.029792825993988737,-0.2575612362190141,-0.029601335541858842,0.0,0.49736549773348754,0.0,0.58,0.3194649892444966,377,nested_validation
2020-07-23,-0.029601335541858842,-0.0004934744153367587,-0.015379502261728795,0.04180085232449304,0.0229631624078619,55.856660917911846,0.05091437779972214,0.27706445832133897,0.0063919463046619995,1.0,0.5258329492428975,0.0,0.58,0.3194649892444966,377,nested_validation
2020-07-24,0.0063919463046619995,-0.000686249944119699,-0.006335613579214305,0.04345821371544201,0.022374628682825838,56.960883736023305,0.05765358604743913,0.9161270970765852,0.022266796498671138,1.0,0.4895092017044694,0.0,0.58,0.3194649892444966,377,nested_validation
2020-07-27,0.022266796498671138,-0.00849131839855255,0.012147289791040627,0.06130103939188958,0.020802189773540366,60.67485334288263,0.021494024150475768,-1.101014227538902,-0.01976668019631611,0.0,0.47468253707486513,0.0,0.58,0.3194649892444966,377,nested_validation
2020-07-28,-0.01976668019631611,-0.010940534186595241,-0.006300899437101326,0.036656699333989406,0.02158964845942301,55.95589863352697,0.016910530215106242,-1.2691726148466156,0.024472310758167914,1.0,0.5181190480417084,0.0,0.58,0.3194649892444966,377,nested_validation
2020-07-29,0.024472310758167914,0.00256210147573932,0.015663389795257388,0.057031066925607776,0.021162644068383016,60.01975128325635,0.01617214051703903,-1.0284671168131951,0.014189801074184105,1.0,0.474415437040988,0.0,0.58,0.3194649892444966,377,nested_validation
2020-07-30,0.014189801074184105,0.047804676058533335,0.025306704667688473,0.06707959003734998,0.02125007575407511,62.24806169857639,0.030879046174763492,-0.7197175426087079,7.049839112927003e-05,1.0,0.480658102861292,0.0,0.58,0.3194649892444966,377,nested_validation
2020-07-31,7.049839112927003e-05,0.04122310244044036,0.021301995940307572,0.062183018662165246,0.021271464616992326,62.2594758846135,0.031418626439439594,0.18982130647831283,0.03725960930939198,1.0,0.5142797223325437,0.0,0.58,0.3194649892444966,377,nested_validation
2020-08-03,0.03725960930939198,0.05649393303237149,0.054288430040690505,0.09536927602459855,0.022055507179692218,67.80092639734579,0.03483118875531786,0.4527876898311489,0.019754436383562002,1.0,0.4868367856320599,0.0,0.58,0.3194649892444966,377,nested_validation
2020-08-04,0.019754436383562002,0.09908973043055491,0.06593673363305386,0.11074210916814309,0.02224993347080752,70.37691705432582,0.028656649125904873,-0.7386563591259379,0.005254690215706681,1.0,0.48410364237227316,0.0,0.58,0.3194649892444966,377,nested_validation
2020-08-05,0.005254690215706681,0.0784723948913455,0.06298017229430486,0.10985644056892774,0.021290808181149368,71.05340665977594,0.01820715901078294,-1.321254585501314,0.0043191924106760204,1.0,0.4789632449936213,0.0,0.58,0.3194649892444966,377,nested_validation
2020-08-06,0.0043191924106760204,0.0679761554763032,0.055584513220638954,0.10703013064982692,0.020599583599488786,71.62991778515635,0.015813132833024934,-1.2611311984817073,-0.01199738828913921,0.0,0.4811731259406446,0.0,0.58,0.3194649892444966,377,nested_validation
2020-08-07,-0.01199738828913921,0.05508884878917386,0.033250281473984566,0.08769560763295003,0.02084706067524226,67.58595371638282,0.04172060063386416,-0.05062217881611094,-0.0030805739910927388,0.0,0.5238082184135154,0.0,0.58,0.3194649892444966,377,nested_validation
2020-08-10,-0.0030805739910927388,0.014055266476264983,0.023049711543906115,0.07733461991828161,0.01830715439865899,66.5593342139764,0.04941784012455078,1.0452987667434768,-0.02821321214378314,0.0,0.5050111795755903,0.0,0.58,0.3194649892444966,377,nested_validation
2020-08-11,-0.02821321214378314,-0.03364430204156288,-0.0115605334553891,0.041412702353221365,0.01861376762666179,57.910180519661864,0.031428621654998525,0.28913534181509765,0.05440072846780941,1.0,0.5049052622604178,0.0,0.58,0.3194649892444966,377,nested_validation
2020-08-12,0.05440072846780941,0.013599997894816251,0.033037882875418534,0.09128410342505866,0.021345728634442552,66.65424026695943,0.04447017715613196,1.8131280020488525,0.00024043903111858889,1.0,0.48042658504844854,0.0,0.58,0.3194649892444966,377,nested_validation
2020-08-13,0.00024043903111858889,0.009483553194591376,0.025608817218234492,0.08494708001760043,0.0211165867204333,66.6889710628501,0.031984635200608715,0.49085084511698573,0.010574178751872942,1.0,0.5039362041825695,0.0,0.58,0.3194649892444966,377,nested_validation
2020-08-14,0.010574178751872942,0.03254586641892043,0.027710115170973326,0.08969782829963213,0.021137073830781807,68.25527644111467,0.02285107217848195,0.3125776326019456,0.06684539894999264,1.0,0.4953555889487702,0.0,0.58,0.3194649892444966,377,nested_validation
2020-08-17,0.06684539894999264,0.10497075095015429,0.08363068315566968,0.1534893014199703,0.024436219995146488,76.0144548492928,0.04802624123376384,2.9086624854916594,-0.00618057531033156,0.0,0.45878095577860106,0.0,0.58,0.3194649892444966,377,nested_validation
2020-08-18,-0.00618057531033156,0.13002297389813,0.06724959943054443,0.1378878261637586,0.023966501925775388,74.09069260119823,0.033419651396572915,1.4146438222419515,-0.009970893287264415,0.0,0.5365936985009297,0.0,0.58,0.3194649892444966,377,nested_validation
2020-08-19,-0.009970893287264415,0.061034581262990883,0.048831969766366834,0.11988167878983114,0.024309726012147106,70.98869310084547,0.01787700323849347,2.21531700904953,0.00020592843414668494,1.0,0.48845701275568276,0.0,0.58,0.3194649892444966,377,nested_validation
2020-08-20,0.00020592843414668494,0.06099797312820798,0.04179708766289525,0.11451867328556409,0.022836349905406856,71.01541455309992,0.0408739116224082,3.221606791741956,0.04468334625020298,1.0,0.4801905722161677,0.0,0.58,0.3194649892444966,377,nested_validation
2020-08-21,0.04468334625020298,0.09680905789737904,0.07466339814201772,0.1565185428341731,0.024079265958472314,76.14979805726085,0.04836997524890555,2.7598036210753216,0.0028973532757894382,1.0,0.46787580974662224,0.0,0.58,0.3194649892444966,377,nested_validation
2020-08-24,0.0028973532757894382,0.031064953082067248,0.06375939867214875,0.150539430266734,0.02400676414763211,76.4540701869247,0.03183905053092451,0.2122496543400707,0.0023389192073752785,1.0,0.5005091968656672,0.0,0.58,0.3194649892444966,377,nested_validation
2020-08-25,0.0023389192073752785,0.039903734048664985,0.04957063952102647,0.14503820603443662,0.023088445933566345,76.7130923177839,0.01470588235294116,-0.7970407140261493,0.0018040685924793909,1.0,0.48057810238305243,0.0,0.58,0.3194649892444966,377,nested_validation
2020-08-26,0.0018040685924793909,0.05227188236269131,0.04005357907515217,0.13842811529948862,0.022975178286666575,76.92444621558053,0.014933854662360947,-0.6500266193896237,-0.011332758163133838,0.0,0.4641219460952185,0.0,0.58,0.3194649892444966,377,nested_validation
2020-08-27,-0.011332758163133838,0.04013254673135602,0.018437958222367046,0.11725001115219524,0.023426384982348936,72.4669742708708,0.022449719370955957,-0.6715291439231684,0.04113789479266572,1.0,0.5060312064980821,0.0,0.58,0.3194649892444966,377,nested_validation
2020-08-28,0.04113789479266572,0.03660253979951622,0.04696197789578194,0.15319157723431576,0.02433640479397161,77.50491589800029,0.038447631236982194,0.39494666574122617,0.017246352140999344,1.0,0.4399234224497109,0.0,0.58,0.3194649892444966,377,nested_validation
2020-08-31,0.017246352140999344,0.05143377713270203,0.05629153537504905,0.1633396649034864,0.023639498820588124,79.2864791273006,0.040169692630870245,0.1903273231663418,0.033693510654705605,1.0,0.4332207016467091,0.0,0.58,0.3194649892444966,377,nested_validation
2020-09-01,0.033693510654705605,0.08432412578043169,0.07855594931000254,0.1904675462785821,0.024116118814176076,82.28858921826598,0.040319081028091584,0.19533415985058294,0.03802199578124754,1.0,0.4123567219847002,-1.0,0.58,0.3194649892444966,377,nested_validation
2020-09-02,0.03802199578124754,0.12352537627217397,0.10057005133435593,0.2220098890449591,0.024791187302790996,85.01661114706312,0.057627346910232254,1.7837428953015877,-0.09277511581592579,0.0,0.4270626387858631,0.0,0.58,0.3194649892444966,377,nested_validation
2020-09-03,-0.09277511581592579,0.030973957903804195,-0.008216579258317092,0.09961865946783544,0.03377398783832286,59.86541948184593,0.07727322785507156,1.8507603746992767,-0.030194842443566072,0.0,0.6355568941170144,1.0,0.58,0.3194649892444966,377,nested_validation
2020-09-04,-0.030194842443566072,-0.03966240525651976,-0.03774386643596772,0.05916452340171108,0.034524500466837506,54.718039754165325,0.11647851699927708,2.9656262075305038,-0.05620931508238036,0.0,0.5600983812687726,0.0,0.58,0.3194649892444966,377,nested_validation
2020-09-08,-0.05620931508238036,-0.10900867386992652,-0.08623486901741417,-0.004531929171867288,0.03711522854916458,46.881004742023805,0.07099385943578793,0.620578705970034,0.06732168577976583,1.0,0.7210887789213313,1.0,0.58,0.3194649892444966,377,nested_validation
2020-09-09,0.06732168577976583,-0.0800228941961868,-0.024485316493625287,0.05512979140846874,0.0387775176987925,54.76742053114329,0.04541882315315711,0.35876910451853966,-0.0317146208412582,0.0,0.4549383161112048,0.0,0.58,0.3194649892444966,377,nested_validation
2020-09-10,-0.0317146208412582,-0.14182899367160018,-0.05209674098654138,0.01646692824883389,0.038245492489429635,50.69216177947177,0.07295880356374057,0.18944880871877814,-0.011960131391305362,0.0,0.640867911183765,1.0,0.58,0.3194649892444966,377,nested_validation
2020-09-11,-0.011960131391305362,-0.06538369579767322,-0.06010524221987279,3.3955501516080844e-05,0.03840444987686503,49.251000955211445,0.06220971614930557,-0.07430051400425033,0.05818153873433429,1.0,0.5489142478746419,0.0,0.58,0.3194649892444966,377,nested_validation
2020-09-14,0.05818153873433429,0.01978599639429568,-0.0033294352428006047,0.05170223134164842,0.040183402157902275,55.76105771848068,0.05311808114253777,1.7061003347220154,0.009225322066289898,1.0,0.46074565918907806,0.0,0.58,0.3194649892444966,377,nested_validation
2020-09-15,0.009225322066289898,0.09048951965399032,0.008829493915807785,0.05570013795177031,0.03772242679106566,56.76325108319451,0.036255847228879125,0.07762602802415057,-0.03667928503514162,0.0,0.5018176937674764,0.0,0.58,0.3194649892444966,377,nested_validation
2020-09-16,-0.03667928503514162,-0.01576894976391574,-0.018212683405126495,0.013436217828049601,0.038680009655023107,51.70191087907617,0.04626629388944298,-0.5165411844680386,-0.004075064955819219,0.0,0.5715231058715284,0.0,0.58,0.3194649892444966,377,nested_validation
2020-09-17,-0.004075064955819219,0.01232577282790892,-0.00755260993698037,0.0061013648655992014,0.03861161351361389,51.17597397922592,0.04453005208461254,0.2622410068916802,-0.022004509489293556,0.0,0.5211444990016272,0.0,0.58,0.3194649892444966,377,nested_validation
2020-09-18,-0.022004509489293556,0.0020345050929946318,-0.02296269616070523,-0.018301578979917466,0.038967615862557224,48.32875357343611,0.05281286686740179,-0.021757259525129625,0.026909079479578768,1.0,0.54996528242926,0.0,0.58,0.3194649892444966,377,nested_validation
2020-09-21,0.026909079479578768,-0.027578639802596894,0.004175642411726299,0.004552256254246156,0.03815498097075003,51.783820401387665,0.049371869021083564,0.10787754765933863,0.009626759436074384,1.0,0.46706487603049235,0.0,0.58,0.3194649892444966,377,nested_validation
2020-09-22,0.009626759436074384,-0.02719184186498602,0.00798198576122311,0.010233723791253091,0.03820787495675424,53.026497829306194,0.038970494295763124,-0.1882930201607868,-0.04067206867111506,0.0,0.49805517018827394,0.0,0.58,0.3194649892444966,377,nested_validation
2020-09-23,-0.04067206867111506,-0.03122394917297089,-0.02843299072685046,-0.03414106285536789,0.03923640358985103,47.41310205870893,0.05342818146899545,-0.2662315845859814,0.018496997670534254,1.0,0.5780456543724689,0.0,0.58,0.3194649892444966,377,nested_validation
2020-09-24,0.018496997670534254,-0.009267200304935996,-0.01074929438989325,-0.01865011634691638,0.03947933966773911,49.90474639605065,0.04498704646405217,-0.023476127171979794,0.04257774413064852,1.0,0.4783507230972482,0.0,0.58,0.3194649892444966,377,nested_validation
2020-09-25,0.04257774413064852,0.0561561657129277,0.02554352361394563,0.019261034288461598,0.040501362678578644,55.25725049313178,0.04953876571817172,-0.7125167078356063,0.012525518230538601,1.0,0.4367891840909678,0.0,0.58,0.3194649892444966,377,nested_validation
2020-09-28,0.012525518230538601,0.041362950615655425,0.037044456807718396,0.0280274699244083,0.03958173907748584,56.78245035491948,0.023149227973744572,-0.7883152797159444,0.014633592556819064,1.0,0.47356305796622433,0.0,0.58,0.3194649892444966,377,nested_validation
2020-09-29,0.014633592556819064,0.04652716646386734,0.05025864746586839,0.04062975829561766,0.039530125118118466,58.58110789542613,0.03852330121477879,-0.6188303288057809,0.02304222788657362,1.0,0.4950176290265435,0.0,0.58,0.3194649892444966,377,nested_validation
2020-09-30,0.02304222788657362,0.11603284857967044,0.06585950983281474,0.06106440412759584,0.039145807403881495,61.348805823368764,0.03490262520688637,-0.3638242955515389,0.006208162594114386,1.0,0.4995695955373586,0.0,0.58,0.3194649892444966,377,nested_validation
2020-10-01,0.006208162594114386,0.10256717941478288,0.06283983710512486,0.06353815057519596,0.038191584430364266,62.10054983809359,0.022182235466667654,-1.024877872036129,-0.04056348190546355,0.0,0.49770479233542164,0.0,0.58,0.3194649892444966,377,nested_validation
2020-10-02,-0.04056348190546355,0.014642046157539834,0.012824725166504125,0.017945793323085324,0.03336899528503356,54.584022161962025,0.035866725288794456,-0.8129751255835004,0.04442198869118741,1.0,0.5374582663861844,0.0,0.58,0.3194649892444966,377,nested_validation
2020-10-05,0.04442198869118741,0.046605191254321054,0.04866680423113601,0.060512599624378716,0.03386996856938758,60.05481146227196,0.030896112028648566,-1.3693658328095624,0.0068902325664992325,1.0,0.47346690298509636,0.0,0.58,0.3194649892444966,377,nested_validation
2020-10-06,0.0068902325664992325,0.03861783421915965,0.047049172176146126,0.06500479435084938,0.030877966749293193,60.87699745052121,0.034725020487700174,0.7099698994805861,0.016561707704636497,1.0,0.4993482732252239,0.0,0.58,0.3194649892444966,377,nested_validation
2020-10-07,0.016561707704636497,0.03203864945776269,0.049666307095619366,0.07924640773986025,0.027799072376940556,62.868958199171345,0.01831500005292889,-1.5747181542323514,-0.008969447414628018,0.0,0.5565757227831502,0.0,0.58,0.3194649892444966,377,nested_validation
2020-10-08,-0.008969447414628018,0.01647141325582613,0.028723622157217132,0.06662708953631569,0.02671457662096531,61.02671239804159,0.023593167133221408,-1.604047265527744,-0.00549175299230531,0.0,0.5837763652576616,1.0,0.58,0.3194649892444966,377,nested_validation
2020-10-09,-0.00549175299230531,0.053628024643189054,0.016357511706571293,0.057676322257555146,0.026531060116932032,59.88011494895015,0.011879881277410598,-1.5906019065583414,0.03365943944082561,1.0,0.5930531285089625,1.0,0.58,0.3194649892444966,377,nested_validation
2020-10-12,0.03365943944082561,0.042770609125736936,0.041408015536302134,0.09025469794688767,0.024613616976972577,64.28496413249144,0.030542650479900735,-1.2347734371832209,0.0015641601570195451,1.0,0.47583306518523966,0.0,0.58,0.3194649892444966,377,nested_validation
2020-10-13,0.0015641601570195451,0.0372547429557728,0.03528764663940431,0.08951700004003804,0.024609412903738484,64.48666109947946,0.023143197295007318,-1.6869026808491103,-0.010738084224779176,0.0,0.562295636307663,0.0,0.58,0.3194649892444966,377,nested_validation
2020-10-14,-0.010738084224779176,0.00939923900960249,0.019985119473485913,0.07706476425375519,0.02301392209168491,61.89823604174548,0.02715450623246722,-1.8804683131592577,-0.0088860623726571,0.0,0.5743075502438341,0.0,0.58,0.3194649892444966,377,nested_validation
2020-10-15,-0.0088860623726571,0.00948416958786824,0.008327520610712513,0.06851859757078294,0.023145147908248682,59.782703172451605,0.017036500467245752,-1.7285300067451947,-0.011345779961266844,0.0,0.5921511328132745,1.0,0.58,0.3194649892444966,377,nested_validation
2020-10-16,-0.011345779961266844,0.003541989046592864,-0.008474852362872709,0.054255873936792876,0.022610973025901853,57.12210684043107,0.023820764048407248,-1.6586610148794931,-0.022716391330338426,0.0,0.5796989074198319,0.0,0.58,0.3194649892444966,377,nested_validation
2020-10-19,-0.022716391330338426,-0.05119123467054698,-0.029990744337160757,0.028017610492533818,0.022957888000997153,52.17241176115824,0.04272932818979341,-1.194888156274224,0.010946064363477337,1.0,0.516539037652539,0.0,0.58,0.3194649892444966,377,nested_validation
2020-10-20,0.010946064363477337,-0.042303503558869804,-0.01873123537808752,0.034719286461016186,0.02297573054965639,54.185670164265176,0.021453985171170063,-1.4408931501231013,-0.00884883137601622,0.0,0.51605066776496,0.0,0.58,0.3194649892444966,377,nested_validation
2020-10-21,-0.00884883137601622,-0.0404745330857329,-0.02433247836147656,0.023468455648087083,0.020820328250633416,52.24992878989722,0.02321670532674155,-1.3433703767244756,-0.012107521790387765,0.0,0.51359192948251,0.0,0.58,0.3194649892444966,377,nested_validation
2020-10-22,-0.012107521790387765,-0.0435933191653064,-0.03281202240460501,0.008407846931833829,0.020947716224802602,49.65900398344352,0.0284409933915887,-0.8486707474658002,0.01715798794459711,1.0,0.5114882306922173,0.0,0.58,0.3194649892444966,377,nested_validation
2020-10-23,0.01715798794459711,-0.016019276085753487,-0.014987009598719125,0.022044130471123857,0.01928376039801042,53.16074892343704,0.022221816775798025,-1.0848267469394475,-0.03303840180343243,0.0,0.4885500265513923,0.0,0.58,0.3194649892444966,377,nested_validation
2020-10-26,-0.03303840180343243,-0.026412021085734927,-0.039982417053034736,-0.012388548286023648,0.020654450477443655,46.3589735277124,0.04978599159525632,-0.38656530300649405,0.01944269904082052,1.0,0.5667268467456436,0.0,0.58,0.3194649892444966,377,nested_validation
2020-10-27,0.01944269904082052,-0.018229367554860487,-0.015191055295391664,0.005790947429402671,0.020843335923349807,50.25907983166255,0.018698615007313346,-0.8418518392588211,-0.05745789637747267,0.0,0.49894495591075194,0.0,0.58,0.3194649892444966,377,nested_validation
2020-10-28,-0.05745789637747267,-0.06637838255859663,-0.06164823424064858,-0.05226651144232597,0.02374206827468754,40.66611735481021,0.051556191523061165,0.08981337742923756,0.03144047591866683,1.0,0.5659662093339198,0.0,0.58,0.3194649892444966,377,nested_validation
2020-10-29,0.03144047591866683,-0.025222737633405323,-0.025293805904487376,-0.023838182855760448,0.024851150583996902,46.353405154870465,0.03399493023693773,-0.2581229891516173,-0.03762262415639517,0.0,0.4762700713776894,0.0,0.58,0.3194649892444966,377,nested_validation
2020-10-30,-0.03762262415639517,-0.0777208703988731,-0.05290998256619428,-0.06137241134371052,0.02462968282421537,41.115080527185874,0.05078182421897456,0.5592659804665452,0.003729740246302793,1.0,0.5435879962847855,0.0,0.58,0.3194649892444966,377,nested_validation
2020-11-02,0.003729740246302793,-0.042651752752500105,-0.04274475611114126,-0.05802088852675302,0.022301620874027133,41.79094698029601,0.03511313366949478,-0.31897585199377076,0.034874526588328125,1.0,0.508332775984213,0.0,0.58,0.3194649892444966,377,nested_validation
2020-11-03,0.034874526588328125,-0.028159880802921533,-0.004619776002122156,-0.026097721858243883,0.023758212095616772,47.84172517572288,0.038576729232888886,-0.6108843465808834,0.05950695392130534,1.0,0.47811063772736273,0.0,0.58,0.3194649892444966,377,nested_validation
2020-11-04,0.05950695392130534,0.09244070947241356,0.05244382214380039,0.027576067963596795,0.02708237556628174,56.450405716897876,0.0355583280484895,1.5195821059836552,0.02651463890501904,1.0,0.48043749575776,0.0,0.58,0.3194649892444966,377,nested_validation
2020-11-05,0.02651463890501904,0.08722355442801599,0.07380305853666869,0.05009709236777149,0.02760988070107124,59.82180569908476,0.02457624127852705,0.15567771376314715,0.028389872612529343,1.0,0.4874043725879209,0.0,0.58,0.3194649892444966,377,nested_validation
2020-11-06,0.028389872612529343,0.1617996439904552,0.09621007082553223,0.07542114027496072,0.02816106905539298,63.194425071276676,0.047641080532234245,1.1246337469938525,-0.06395065663485588,0.0,0.5339003748965616,0.0,0.58,0.3194649892444966,377,nested_validation
2020-11-09,-0.06395065663485588,0.08346076665245006,0.02233948601640834,0.005173105490667851,0.030798134224832,52.252202264563664,0.07928760598723401,3.1600847847332707,-0.06314753279565677,0.0,0.6136720801644644,1.0,0.58,0.3194649892444966,377,nested_validation
2020-11-10,-0.06314753279565677,-0.019163322433155328,-0.03769516544774343,-0.05724495170365973,0.03356471199480259,44.570324565298165,0.07660528698501214,2.829923656213979,0.050743810529439326,1.0,0.6176813343019691,1.0,0.58,0.3194649892444966,377,nested_validation
2020-11-11,0.050743810529439326,-0.02727578683719567,0.00514447221686809,-0.009131649615500836,0.035639912178612024,50.473467389881655,0.03627594236816415,0.5895461252155089,0.0028879785128346214,1.0,0.4543542559134913,0.0,0.58,0.3194649892444966,377,nested_validation
2020-11-12,0.0028879785128346214,-0.04966438585821653,0.004790028855888417,-0.005884023268666438,0.0356155455559888,50.810834556942154,0.03344045271492538,0.19273853097537086,-0.011871328400558934,0.0,0.5222856819717033,0.0,0.58,0.3194649892444966,377,nested_validation
2020-11-13,-0.011871328400558934,-0.08686978257576561,-0.012762624061590233,-0.018253028039157293,0.03562319238516534,49.31933018516354,0.045837402006682175,-0.03506435174886239,0.016413429646429334,1.0,0.5359762534238212,0.0,0.58,0.3194649892444966,377,nested_validation
2020-11-16,0.016413429646429334,-0.008473407321321291,-0.0034727852395821657,-0.001826597797234486,0.035465028621148774,51.41752607474163,0.03651428929081309,0.5446657667139204,-0.006881189388831532,0.0,0.4902446680891097,0.0,0.58,0.3194649892444966,377,nested_validation
2020-11-17,-0.006881189388831532,0.05107660478158671,-0.013260328463611581,-0.007927718265977268,0.03542031421734394,50.458875136665206,0.021792139672958632,-0.46562104124786385,0.0004841030934072954,1.0,0.5245493456306337,0.0,0.58,0.3194649892444966,377,nested_validation
2020-11-18,0.0004841030934072954,0.0008009789631844288,-0.010122852670802929,-0.006136819788076009,0.035364614611676046,50.52827627681607,0.03133200507205968,1.3284987847578351,0.0008565420152792935,1.0,0.510872695154409,0.0,0.58,0.3194649892444966,377,nested_validation
2020-11-19,0.0008565420152792935,-0.001226230135950912,-0.0039906492924277615,-0.004306667600461611,0.03525033019536008,50.66004283408555,0.028831293899067256,1.6332002385609474,-0.02622713522344844,0.0,0.5145940784579928,0.0,0.58,0.3194649892444966,377,nested_validation
2020-11-20,-0.02622713522344844,-0.015736691892645815,-0.01939993412531693,-0.028801993935864245,0.03551845583865798,46.56666362296657,0.03281699035836407,-0.5081283248951882,0.00399229847627125,1.0,0.54839456124263,0.0,0.58,0.3194649892444966,377,nested_validation
2020-11-23,0.00399229847627125,-0.027764930894001894,-0.011851726586376787,-0.02229830969279567,0.03477017671502832,47.24708413281456,0.027929955598986294,-0.3258152622988142,-0.01386988322135485,0.0,0.5233453205609765,0.0,0.58,0.3194649892444966,377,nested_validation
2020-11-24,-0.01386988322135485,-0.03460666338222507,-0.026931105320085025,-0.032763067100388565,0.034625527450449445,45.090269596346815,0.02137712694887671,-0.5414713426432278,0.021377037149939326,1.0,0.5339805265076927,0.0,0.58,0.3194649892444966,377,nested_validation
2020-11-25,0.021377037149939326,-0.014446523647663634,-0.004760191949034653,-0.009966664055291452,0.03239633106299735,48.907828652969435,0.018851835120969218,-1.3028956970203946,0.0020023472651147234,1.0,0.49561454928658405,0.0,0.58,0.3194649892444966,377,nested_validation
2020-11-27,0.0020023472651147234,-0.013318237724763704,-0.0012991344189183796,-0.006227999648948046,0.03172720087875844,49.271202511436925,0.017871654148293416,-1.9347451973594614,0.010575892399604658,1.0,0.5392504832354338,0.0,0.58,0.3194649892444966,377,nested_validation
2020-11-30,0.010575892399604658,0.023972672163663722,0.008469385381028705,0.00531161714367645,0.030476716013239525,51.24739040606188,0.03285083050400103,-0.8072655229786708,-0.0008580691699806575,0.0,0.4912587053512425,0.0,0.58,0.3194649892444966,377,nested_validation
2020-12-01,-0.0008580691699806575,0.01902577772309222,0.008554633789006783,0.004719693272054348,0.030493793488893167,51.07171417980391,0.022442185365650832,-0.718525867528834,0.0115384453063343,1.0,0.5133985704563598,0.0,0.58,0.3194649892444966,377,nested_validation
2020-12-02,0.0115384453063343,0.04528168584113246,0.01925325641202802,0.01656939697005466,0.029710846666708274,53.38385590992834,0.032430136290684974,-0.844592337536488,-0.010671741019613656,0.0,0.4872093921842146,0.0,0.58,0.3194649892444966,377,nested_validation
2020-12-03,-0.010671741019613656,0.012482827382656048,0.008594575110891789,0.006034929007438183,0.02675953416788511,50.95769668681422,0.024708821786489,-1.407440343087525,0.012111776557818699,1.0,0.5235441671661291,0.0,0.58,0.3194649892444966,377,nested_validation
2020-12-04,0.012111776557818699,0.02269799661997296,0.019873896104737998,0.017707228366754757,0.026194936970186846,53.512420545185456,0.012630711037658487,-1.2832679104005784,0.003577331888388935,1.0,0.48452324320021195,0.0,0.58,0.3194649892444966,377,nested_validation
2020-12-07,0.003577331888388935,0.015615486669088519,0.019512503447312035,0.02129547974739432,0.02530804277532653,54.279167013461446,0.01699522789605164,-1.023998916275308,-0.018869390372621586,0.0,0.5095295433889989,0.0,0.58,0.3194649892444966,377,nested_validation
2020-12-08,-0.018869390372621586,-0.002692799855907091,-0.0013254820071154638,0.0014914714336951018,0.021505012732507673,49.61413688259915,0.023764063123951174,-0.571511787160557,-0.03140444984833124,0.0,0.5606915151386624,0.0,0.58,0.3194649892444966,377,nested_validation
2020-12-09,-0.03140444984833124,-0.04503153520650571,-0.032520585851620654,-0.02883774988613763,0.017674593219074154,43.100175931251606,0.0422055695775328,0.7438707487583414,0.003209477221464363,1.0,0.5379287244462462,0.0,0.58,0.3194649892444966,377,nested_validation
2020-12-10,0.003209477221464363,-0.03163241762059166,-0.027533986331676696,-0.026571281308692685,0.013501541393898564,43.88556448873653,0.016901515101390152,-1.1029577157224677,0.0031606789687594894,1.0,0.4973335968392436,0.0,0.58,0.3194649892444966,377,nested_validation
2020-12-11,0.0031606789687594894,-0.040196642375923575,-0.02267206119626708,-0.023477729677464754,0.013506184898844364,44.697719789110465,0.015138454899980098,-0.9893559569834637,0.02270740931450721,1.0,0.4812915306785274,0.0,0.58,0.3194649892444966,377,nested_validation
2020-12-14,0.02270740931450721,-0.0219009794889915,0.0001874998776674186,-0.0032442968596742006,0.01426827202212941,50.28261638049432,0.02338684920842618,-0.3562865722144888,0.0038885836743374202,1.0,0.48557218838462024,0.0,0.58,0.3194649892444966,377,nested_validation
2020-12-15,0.0038885836743374202,0.0007866748413525304,0.0042696009054983275,-0.0013216609637659582,0.013808670651589462,51.21189510131677,0.02075141868018128,-1.0054766864467757,-0.008832098395235133,0.0,0.48399213015033204,0.0,0.58,0.3194649892444966,377,nested_validation
2020-12-16,-0.008832098395235133,0.024109214936191004,-0.002365533056320701,-0.010701253318524118,0.013860444190147519,48.964587721923714,0.01697190965598731,-0.659446184425486,0.007457143766142593,1.0,0.5230133841650391,0.0,0.58,0.3194649892444966,377,nested_validation
2020-12-17,0.007457143766142593,0.028445372587361906,0.005488677693479493,-0.002208463626854895,0.013969658182507191,50.90618408677609,0.015066070068477258,-0.5052547136420891,-0.005190735839539551,0.0,0.4832689004629206,0.0,0.58,0.3194649892444966,377,nested_validation
2020-12-18,-0.005190735839539551,0.019883460129846098,0.0024320574276939233,-0.00519583132426793,0.014008607504132981,49.48443290985032,0.02520338692338097,1.1882830521899916,0.004539430676610001,1.0,0.541073471964899,0.0,0.58,0.3194649892444966,377,nested_validation
2020-12-21,0.004539430676610001,0.001765647793663394,0.009074656567423345,0.002389121563050267,0.01273185599762399,50.77255582385722,0.030189965190680824,0.6151866980369316,-0.00405021973702524,0.0,0.4966301195351276,0.0,0.58,0.3194649892444966,377,nested_validation
2020-12-22,-0.00405021973702524,-0.006156367329750112,0.005533740450179625,-0.0007981315714046255,0.012758673465722525,49.552919941241626,0.02133186681791463,-1.1534698995191426,-0.020258745487133578,0.0,0.5160207470310624,0.0,0.58,0.3194649892444966,377,nested_validation
2020-12-23,-0.020258745487133578,-0.01761386150068389,-0.015422397569872515,-0.02163709758303589,0.013190145433541816,43.89597498111138,0.020754425549624034,-1.1531946887782332,-0.0011912682137623642,0.0,0.5096025824404851,0.0,0.58,0.3194649892444966,377,nested_validation
2020-12-24,-0.0011912682137623642,-0.026047054020744254,-0.016755286998381136,-0.021771938463952534,0.012272199273994373,43.58725459969419,0.01491097131186126,-2.1043124465426026,-0.007215234349208122,0.0,0.5333327255628654,0.0,0.58,0.3194649892444966,377,nested_validation
2020-12-28,-0.007215234349208122,-0.0280291086302642,-0.023012350979125906,-0.027481015365383388,0.012330200454705743,41.6776152083301,0.023197647898996285,-0.4358302452750966,0.0033527401185129424,1.0,0.5162198611591523,0.0,0.58,0.3194649892444966,377,nested_validation
2020-12-29,0.0033527401185129424,-0.029177325060909087,-0.017015729317041428,-0.02336184710217737,0.012080648357071608,42.92002498715384,0.01778922325340718,-0.9808246219345633,0.01564542616930309,1.0,0.49458240152445304,0.0,0.58,0.3194649892444966,377,nested_validation
2020-12-30,0.01564542616930309,-0.00997858630684656,-5.593999817699036e-06,-0.007169198140209998,0.012656472416988774,48.45645371265546,0.024114214428308984,-0.09584997227936481,-0.006903384017343028,0.0,0.5009738354174904,0.0,0.58,0.3194649892444966,377,nested_validation
2020-12-31,-0.006903384017343028,0.003516909347543562,-0.0054904680426859365,-0.013120521801151863,0.01239116864954765,46.289594232212174,0.01807736924690781,-0.5414447871330407,0.004481103066030556,1.0,0.5154657872241812,0.0,0.58,0.3194649892444966,377,nested_validation
2021-01-04,0.004481103066030556,0.009216019011102139,0.0007022110668382098,-0.007920062001100847,0.012285102569806762,47.90677819156106,0.052617573716041074,3.274417138886035,0.022209689075159522,1.0,0.4908594738760932,0.0,0.58,0.3194649892444966,377,nested_validation
2021-01-05,0.022209689075159522,0.03912794464241509,0.021892307324523186,0.014194370788739974,0.01299986501411481,55.14735335884276,0.02659502604564829,0.7365885405471522,-0.058952858428421906,0.0,0.4786867641713991,0.0,0.58,0.3194649892444966,377,nested_validation
2021-01-06,-0.058952858428421906,-0.02539920116489547,-0.033060412188638644,-0.04446414284169453,0.01814731500828627,39.2188813755797,0.05224142381091428,2.5842372172464985,0.057830207920828824,1.0,0.5486807598496932,0.0,0.58,0.3194649892444966,377,nested_validation
2021-01-07,0.057830207920828824,0.015080794052321433,0.022342649402331327,0.01026441887440055,0.022174915653336947,52.77820151189284,0.03681430179875952,1.43413157342462,-0.005039838656276441,0.0,0.501538240612593,0.0,0.58,0.3194649892444966,377,nested_validation
2021-01-08,-0.005039838656276441,0.016985592713821385,0.01510981096666697,0.00435460930977305,0.02100847992096775,51.63460553927458,0.02854612169320643,0.1566689796867853,0.025966831742756824,1.0,0.5277637566390326,0.0,0.58,0.3194649892444966,377,nested_validation
2021-01-11,0.025966831742756824,0.03873879090390453,0.036494190083903755,0.029420444723870842,0.021673722054981838,56.80202933877289,0.04393791073667225,1.709584060468879,-0.010039592919219298,0.0,0.5119971064737211,0.0,0.58,0.3194649892444966,377,nested_validation
2021-01-12,-0.010039592919219298,0.005968038929651698,0.021542842760943648,0.01850199928032281,0.02184931990284274,54.32269116193144,0.03036764703282265,-0.008846474908259832,0.003485632099229141,1.0,0.5159688338372432,0.0,0.58,0.3194649892444966,377,nested_validation
2021-01-13,0.003485632099229141,0.07271403187207981,0.020553702716369582,0.021706891654213356,0.021334912424793333,55.04893070936587,0.017736048625603823,-0.5927151725448861,-0.024498085662490565,0.0,0.52366738527276,0.0,0.58,0.3194649892444966,377,nested_validation
2021-01-14,-0.024498085662490565,-0.010772632703791807,-0.004856935211274838,-0.0028566937711517193,0.02203230092449003,49.117468035575186,0.03176072763974029,-0.08325982586965762,-0.025813815412704555,0.0,0.5552605292623221,0.0,0.58,0.3194649892444966,377,nested_validation
2021-01-15,-0.025813815412704555,-0.03142691328049385,-0.029114443256904377,-0.026928193368991105,0.022660693350799246,43.883328073250446,0.03707371380782024,-0.14520600131725023,0.01288923206827719,1.0,0.5438994533697767,0.0,0.58,0.3194649892444966,377,nested_validation
2021-01-19,0.01288923206827719,-0.043772937237307796,-0.01594480008358523,-0.013463489290217567,0.02279509400198067,46.85028856993671,0.019193488927523126,-0.5347825422767369,0.026141448049381788,1.0,0.5109271794806584,0.0,0.58,0.3194649892444966,377,nested_validation
2021-01-20,0.026141448049381788,-0.008824781446791552,0.010077440561380824,0.012818232132327134,0.023514284230978323,52.416107323003324,0.027963243680612225,-0.2575807117451168,0.03754002170406423,1.0,0.4902807221134413,0.0,0.58,0.3194649892444966,377,nested_validation
2021-01-21,0.03754002170406423,0.02481184072253395,0.0381652036973823,0.05014779540157477,0.02485066966803577,59.196868330924204,0.05381288164164434,0.33024250946487793,-0.011177278246402467,0.0,0.4844481289192549,0.0,0.58,0.3194649892444966,377,nested_validation
2021-01-22,-0.011177278246402467,0.03880599180245525,0.023737159391321816,0.03746068835052241,0.024989585636791455,56.517499541442334,0.015642693397506572,-0.38811120114313846,-0.0043207059266487935,0.0,0.5459591805966506,0.0,0.58,0.3194649892444966,377,nested_validation
2021-01-25,-0.0043207059266487935,0.061724784195348326,0.016456769493223167,0.031099360358123995,0.024519230375798146,55.48373596662743,0.04335964102882909,-0.3898055253950867,-0.015966904113155156,0.0,0.5352362917670891,0.0,0.58,0.3194649892444966,377,nested_validation
2021-01-26,-0.015966904113155156,0.031477375110563255,0.00161595460658992,0.013454683042966042,0.024846353035692936,51.73413022366909,0.01914737922615896,-1.1383947466851787,-0.038518134613845345,0.0,0.525594157996569,0.0,0.58,0.3194649892444966,377,nested_validation
2021-01-27,-0.038518134613845345,-0.03351843684888156,-0.032876340240519775,-0.02534765492037816,0.026318647369543056,44.11290964107935,0.03398425557961556,0.48436300494056733,0.010315323706083124,1.0,0.5835810526106933,1.0,0.58,0.3194649892444966,377,nested_validation
2021-01-28,0.010315323706083124,-0.05887858501375964,-0.019370588698672475,-0.014655056826728852,0.026401115536384332,46.30629115343463,0.029059117067526393,-0.7263484218944112,-0.004693115499562639,0.0,0.5056135172523349,0.0,0.58,0.3194649892444966,377,nested_validation
2021-01-29,-0.004693115499562639,-0.05270722154783436,-0.02242661478882968,-0.01836347747189293,0.026199243238144373,45.42380839907543,0.03258339855250146,-0.38776230948045826,0.01903427967481619,1.0,0.5476458905138812,0.0,0.58,0.3194649892444966,377,nested_validation
2021-02-01,0.01903427967481619,-0.03048720619468559,-0.006641307722968781,0.0003351234078960985,0.026478435859252487,49.599407239703936,0.0278008625503701,-0.8673817828512191,0.024155653806649635,1.0,0.49567461091485665,0.0,0.58,0.3194649892444966,377,nested_validation
2021-02-02,0.024155653806649635,0.009043306941550089,0.013312232308994476,0.023943026999925232,0.026949160177209584,54.452674924868,0.021133381586564238,-0.7762955444440595,-0.0019362699222709168,0.0,0.48527632457496633,0.0,0.58,0.3194649892444966,377,nested_validation
2021-02-03,-0.0019362699222709168,0.047434759813778093,0.010106291172599091,0.021295720571970822,0.026555959013021897,53.99301784204729,0.030689908863683744,-0.49761120484489246,0.009885189278180606,1.0,0.5362949607453832,0.0,0.58,0.3194649892444966,377,nested_validation
2021-02-04,0.009885189278180606,0.04698882205493593,0.0216415453949379,0.030530586346733335,0.02277807543429233,56.02975806385193,0.024571390085360575,-0.9154833888394025,-0.0053610191318113065,0.0,0.492011627006441,0.0,0.58,0.3194649892444966,377,nested_validation
2021-02-05,-0.0053610191318113065,0.04628623710544533,0.017088461560509804,0.024200637359006905,0.01923565432737994,54.60396938506598,0.014090256003776856,-1.2401285437273488,0.062376016430137016,1.0,0.5354580073358035,0.0,0.58,0.3194649892444966,377,nested_validation
2021-02-08,0.062376016430137016,0.09078705868115344,0.07421580712399511,0.08419302190699529,0.02333418768986244,65.53450364249213,0.051701151516100344,1.922045878096099,-0.012154893102633513,0.0,0.48517836793371905,0.0,0.58,0.3194649892444966,377,nested_validation
2021-02-09,-0.012154893102633513,0.052114153332179614,0.05466195661419704,0.06762238683997235,0.023055956907080056,62.195777045542954,0.02529228538291586,0.4377787800020221,0.035125292108815875,1.0,0.5489196598929108,0.0,0.58,0.3194649892444966,377,nested_validation
2021-02-10,0.035125292108815875,0.0911827947249173,0.07700241465462154,0.10000638183577104,0.023906748384801835,67.31497578945306,0.038166480400593276,2.6879688813992946,0.032951091676775235,1.0,0.47954517941685687,0.0,0.58,0.3194649892444966,377,nested_validation
2021-02-11,0.032951091676775235,0.11610554446851973,0.09492126152108749,0.1297784263388131,0.024674381093121457,71.36932152917517,0.022769371612668562,1.9205305839101436,-0.018982506509579555,0.0,0.4334461462103411,0.0,0.58,0.3194649892444966,377,nested_validation
2021-02-12,-0.018982506509579555,0.10082058391633542,0.05914545152246786,0.10338582975035182,0.024357420155478374,66.11383965555163,0.03450584675887459,0.9804093883770632,0.02466368545293829,1.0,0.5356660747598295,0.0,0.58,0.3194649892444966,377,nested_validation
2021-02-16,0.02466368545293829,0.061743543805183876,0.06942052157218548,0.12431079865492278,0.02346966191183906,69.22462587392332,0.027559929958024077,0.3715292398309176,-0.027673891691767816,0.0,0.5078705875067699,0.0,0.58,0.3194649892444966,377,nested_validation
2021-02-17,-0.027673891691767816,0.045063604366007315,0.030129680710531792,0.08842722643557188,0.024771008074970992,62.1592997907798,0.029753154079756736,-0.17689031246439785,-0.00516577840270771,0.0,0.5463103210705111,0.0,0.58,0.3194649892444966,377,nested_validation
2021-02-18,-0.00516577840270771,0.004385696393383487,0.015693702125708864,0.0790639692595907,0.02450413650854616,60.943502505517664,0.02011262990427751,-0.6143921548626902,0.006575001743415632,1.0,0.5232899847557595,0.0,0.61,1.8794632036981977,440,nested_validation
2021-02-19,0.006575001743415632,-0.021260984915455805,0.013608616319493949,0.08010168984856714,0.02338375779807211,61.95814316629404,0.022125064769860397,-0.1601586410195698,-0.038237460472884566,0.0,0.4941994317395663,0.0,0.61,1.8794632036981977,440,nested_validation
2021-02-22,-0.038237460472884566,-0.040471217966949746,-0.030185620099428156,0.03627243893464516,0.024950643041636973,53.23901653520513,0.05630151141675518,0.399471699341871,-0.014889417075563016,0.0,0.568504144594968,0.0,0.61,1.8794632036981977,440,nested_validation
2021-02-23,-0.014889417075563016,-0.07751004429953812,-0.04270649481611666,0.018722020063907774,0.02520234642274502,50.379643132437785,0.0600516745541597,1.0309179153798502,0.025243944153587217,1.0,0.5560279797106066,0.0,0.61,1.8794632036981977,440,nested_validation
2021-02-24,0.025243944153587217,-0.027304489159522438,-0.020104392765419754,0.04224255131863086,0.02532738581039029,54.75084171853498,0.0517794718687117,1.4868033585255684,-0.08217807965962143,0.0,0.475802986906452,0.0,0.61,1.8794632036981977,440,nested_validation
2021-02-25,-0.08217807965962143,-0.1026029842111108,-0.09168778199300032,-0.04300049443922738,0.030302586068627072,41.58409268464006,0.0870561508679458,3.387459040581952,0.0305842402605756,1.0,0.6631986816246035,1.0,0.61,1.8794632036981977,440,nested_validation
2021-02-26,0.0305842402605756,-0.08119790365641288,-0.053988097074490815,-0.01416326243270516,0.03089840332037669,46.33185691203416,0.03598379383028478,1.0429854137551307,0.009278428899065716,1.0,0.4772406390756689,0.0,0.61,1.8794632036981977,440,nested_validation
2021-03-01,0.009278428899065716,-0.03580447547606003,-0.03778014404536334,-0.006543282590826038,0.030875271916147532,47.76139110677176,0.026857144077628792,0.010334273448081806,-0.03146274991624465,0.0,0.5336735623912138,0.0,0.61,1.8794632036981977,440,nested_validation
2021-03-02,-0.03146274991624465,-0.05202593693269397,-0.05542064040143779,-0.03905712585042165,0.03157203041410655,43.49164794270729,0.03912353515625,-0.6236197967550953,-0.04486702139436871,0.0,0.550207179136914,0.0,0.61,1.8794632036981977,440,nested_validation
2021-03-03,-0.04486702139436871,-0.11685282740600256,-0.08424331093464332,-0.08168797179589371,0.03262250526241125,38.387262109691875,0.05097717586841907,0.11150767669871059,-0.03393292889024235,0.0,0.7040811621213954,1.0,0.61,1.8794632036981977,440,nested_validation
2021-03-04,-0.03393292889024235,-0.07043034876488774,-0.09948270533978232,-0.11073271690017095,0.03334153102180612,35.17565469266752,0.0720479075597551,1.3414290403057831,0.007376646545936172,1.0,0.6070635416777126,0.0,0.61,1.8794632036981977,440,nested_validation
2021-03-05,0.007376646545936172,-0.09136320796509145,-0.07626394789970059,-0.10114454547467944,0.03329407949446479,36.37947632688159,0.06987524900836714,1.026519176970643,-0.06967474963910891,0.0,0.4806569513413285,0.0,0.61,1.8794632036981977,440,nested_validation
2021-03-08,-0.06967474963910891,-0.16244345778886016,-0.12265914608158002,-0.15948931346350836,0.03624204620223885,30.563528521206976,0.07804108846662228,0.9406046836330405,0.08033330293906005,1.0,0.6314563809187519,1.0,0.61,1.8794632036981977,440,nested_validation
2021-03-09,0.08033330293906005,-0.06576621026508589,-0.04043418073229499,-0.08948475482238405,0.03812920723124077,41.38765488751776,0.04452785457884777,0.7430913864864283,-0.004153305806195551,0.0,0.39824146558293044,0.0,0.61,1.8794632036981977,440,nested_validation
2021-03-10,-0.004153305806195551,-0.025943348255173637,-0.029349663170724738,-0.09114615438023976,0.03810821865521003,41.00318394262808,0.04190636801176814,-0.2854426341704476,0.042126978670194104,1.0,0.501070765885269,0.0,0.61,1.8794632036981977,440,nested_validation
2021-03-11,0.042126978670194104,0.0507455909560901,0.013983331157904066,-0.05304343586531557,0.038513992295322194,46.41767717899397,0.023992797771571817,-0.826873013186626,-0.010582045271767537,0.0,0.47304936983053947,0.0,0.61,1.8794632036981977,440,nested_validation
2021-03-12,-0.010582045271767537,0.03201375285810326,0.009982424916896937,-0.0626303840904271,0.03749003954357643,45.24700918779557,0.023238170888854034,-1.120702715572722,0.026077157609848856,1.0,0.5191138182902322,0.0,0.61,1.8794632036981977,440,nested_validation
2021-03-15,0.026077157609848856,0.1382317503863706,0.04160382847779176,-0.03866771418182646,0.038098184592777584,48.647686773742144,0.033317529432416136,-1.1772244528987554,0.0075809122738375034,1.0,0.49590538317071264,0.0,0.61,1.8794632036981977,440,nested_validation
2021-03-16,0.0075809122738375034,0.06158033110087224,0.050415597433632,-0.03151831570383146,0.037599967675349254,49.65221898788996,0.029775230994929548,-0.8121535036599806,0.0037617931874347477,1.0,0.5016123376974776,0.0,0.61,1.8794632036981977,440,nested_validation
2021-03-17,0.0037617931874347477,0.07001788826639199,0.0498789165611746,-0.02737704826857812,0.037333159336152846,50.1769924403547,0.03476060121599968,-0.9819200008675475,-0.04637872276311339,0.0,0.5086227314753866,0.0,0.61,1.8794632036981977,440,nested_validation
2021-03-18,-0.04637872276311339,-0.020856530768463943,-0.0016142005541393,-0.0706718361896197,0.03841756198137795,44.05706470596959,0.03670662316607441,-0.6818515858369008,0.00968748547001308,1.0,0.5656147222707218,0.0,0.61,1.8794632036981977,440,nested_validation
2021-03-19,0.00968748547001308,-0.0007974864026744077,0.0049933199837850495,-0.059806021353190464,0.038477970887908,45.483405431080186,0.024054649883869246,-0.6598479605114654,0.026506830467028397,1.0,0.49125617575831343,0.0,0.61,1.8794632036981977,440,nested_validation
2021-03-22,0.026506830467028397,-0.0003790673824923818,0.018902121902034885,-0.033941563184331724,0.038413249286943285,49.32729180571682,0.03698929288334209,-0.6562942215859487,-0.008758949553232975,0.0,0.5067897052985082,0.0,0.61,1.8794632036981977,440,nested_validation
2021-03-23,-0.008758949553232975,-0.016589842834318747,0.005699638062244938,-0.03920511701419038,0.038345367431705475,48.08870720692708,0.024730777579360527,-1.0764448029631057,-0.032725818480496716,0.0,0.5180502307574876,0.0,0.61,1.8794632036981977,440,nested_validation
2021-03-24,-0.032725818480496716,-0.052337654883447327,-0.02851894026578694,-0.06695498083988294,0.03827880278258122,43.71113845349941,0.041327220806046665,-0.8419240351961825,-0.008522667694697561,0.0,0.5031876229931055,0.0,0.61,1.8794632036981977,440,nested_validation
2021-03-25,-0.008522667694697561,-0.01471815248838404,-0.033394964942051186,-0.06981821253875498,0.0340937377211635,42.65770601381852,0.035320395472910306,-0.46902658073092995,0.024251648537261916,1.0,0.5305952888960538,0.0,0.61,1.8794632036981977,440,nested_validation
2021-03-26,0.024251648537261916,-0.0005060267555594411,-0.009825286321863969,-0.04155525328018561,0.03381432061969244,46.57001213452379,0.037599544645893816,0.1880076099217434,0.008489465199402968,1.0,0.4855860728038586,0.0,0.61,1.8794632036981977,440,nested_validation
2021-03-29,0.008489465199402968,-0.018049259264340756,0.0004556783690676802,-0.02856513735936783,0.03380077639097192,47.941462673529394,0.027996076370250613,-0.5824186084907803,-0.005907969508522681,0.0,0.521248585417459,0.0,0.61,1.8794632036981977,440,nested_validation
2021-03-30,-0.005907969508522681,-0.015224999751012325,-0.002220869597245323,-0.028343208168759793,0.033168062627636635,47.029083112350634,0.020995616213608088,-1.1750343710434963,0.03701912086810499,1.0,0.5189471689096024,0.0,0.61,1.8794632036981977,440,nested_validation
2021-03-31,0.03701912086810499,0.05578182951893651,0.034659894457993,0.01157865932555402,0.03260715456218207,53.02591321266059,0.03655909215451825,-0.15562673443449587,0.0347237435527159,1.0,0.4684554938017822,0.0,0.61,1.8794632036981977,440,nested_validation
2021-04-01,0.0347237435527159,0.10183308424682869,0.0616237752633908,0.049387497671816494,0.03218864822297619,58.00606636618857,0.025974285128363875,-0.11045746610300951,0.012724676898477671,1.0,0.4815567095688769,0.0,0.61,1.8794632036981977,440,nested_validation
2021-04-05,0.012724676898477671,0.08943300782915786,0.0657793756736218,0.065260021169679,0.0322206605106463,59.748651902326856,0.020089375048962035,-0.5627459659668587,-0.009008110762343757,0.0,0.5005505184442135,0.0,0.61,1.8794632036981977,440,nested_validation
2021-04-06,-0.009008110762343757,0.07053103862915644,0.05077240322875998,0.05697693919265334,0.027420850625947634,57.893827338413026,0.020253892097578337,-1.327001335096433,0.020343934574910794,1.0,0.5240833224350641,0.0,0.61,1.8794632036981977,440,nested_validation
2021-04-07,0.020343934574910794,0.0988015380219911,0.06350089628006961,0.07846252883208948,0.02229555444526684,60.82498962607097,0.03761442186677703,-0.4686702498669956,0.012267236129660297,1.0,0.5042059618995152,0.0,0.61,1.8794632036981977,440,nested_validation
2021-04-08,0.012267236129660297,0.07257501194137372,0.06316462773795539,0.09218363407262187,0.022195300039280313,62.552269242866494,0.015541020817170289,-0.5424540439303147,0.005797308027852832,1.0,0.509579632264977,0.0,0.61,1.8794632036981977,440,nested_validation
2021-04-09,0.005797308027852832,0.04259041738478753,0.05472291090306136,0.09545930389289747,0.020697262854723696,63.38400221059781,0.01618054220889785,-1.524548597373951,0.056180474353926924,1.0,0.4917015361626432,0.0,0.61,1.8794632036981977,440,nested_validation
2021-04-12,0.056180474353926924,0.08732774732289017,0.09497215081276877,0.15262077873932522,0.02310006742117827,70.30664417737404,0.07977185807289192,4.1407675589553055,0.03093577276307169,1.0,0.44996186048120357,0.0,0.61,1.8794632036981977,440,nested_validation
2021-04-13,0.03093577276307169,0.1311546376987831,0.10707677435025631,0.1827727086971831,0.02330610729897518,73.45045539209025,0.036624269584111115,2.2380155482416417,-0.0256704191671161,0.0,0.47129312426165276,0.0,0.61,1.8794632036981977,440,nested_validation
2021-04-14,-0.0256704191671161,0.08014306417706618,0.0606450599349162,0.1470016433420691,0.024499799344217015,66.92276789072457,0.03227073487792314,0.39710377514003226,0.056310244306125634,1.0,0.5459007021311598,0.0,0.61,1.8794632036981977,440,nested_validation
2021-04-15,0.056310244306125634,0.1271393000615686,0.09908819327960994,0.20155512334772463,0.026699915276401406,72.53987167019184,0.036112118726794686,1.5155559444859281,-0.01392744243916555,0.0,0.4445942600950903,0.0,0.61,1.8794632036981977,440,nested_validation
2021-04-16,-0.01392744243916555,0.10503490461545506,0.06849276222615663,0.17448240350372535,0.02408801230377972,69.23198802038283,0.01888457895032714,-0.035019385737373926,-0.03461134600374005,0.0,0.5468612921152082,0.0,0.61,1.8794632036981977,440,nested_validation
2021-04-19,-0.03461134600374005,0.010043439629161321,0.022079248009471142,0.12578706575362353,0.02610811437614956,61.79545287946942,0.037398089218238804,0.338872198342534,-0.012400708839810703,0.0,0.5265864191661559,0.0,0.61,1.8794632036981977,440,nested_validation
2021-04-20,-0.012400708839810703,-0.032414810531550486,0.0006844666033305469,0.10218213775890117,0.02620444040323698,59.418079803346195,0.03519811689675436,-0.08279055605648103,0.012474018507806717,1.0,0.5284187212111462,0.0,0.61,1.8794632036981977,440,nested_validation
2021-04-21,0.012474018507806717,0.005465588135302957,0.005098845515009609,0.10830775138148252,0.025958222213393955,61.02236519587264,0.01694281344130375,-0.7677230099806394,-0.03321829120058539,0.0,0.48224614133817056,0.0,0.61,1.8794632036981977,440,nested_validation
2021-04-22,-0.03321829120058539,-0.07975356229268415,-0.031667591180426946,0.06538809990886696,0.02599746112463577,54.73908995929852,0.044107047078479136,-0.42214071812420206,0.027945677511548084,1.0,0.5503360644587945,0.0,0.61,1.8794632036981977,440,nested_validation
2021-04-23,0.027945677511548084,-0.04067571840089934,-0.010191377314635264,0.0892435895696877,0.026024608832685633,58.483380137824795,0.02847969063099843,-0.6909126095142943,0.013936842646497638,1.0,0.4580881446804559,0.0,0.61,1.8794632036981977,440,nested_validation
2021-04-26,0.013936842646497638,0.007567500542097871,0.0018559746129382937,0.09757929153889733,0.025843318645357313,60.296711999773606,0.022871178363287017,-0.8017415834414835,-0.006218348816641739,0.0,0.48055265540001396,0.0,0.61,1.8794632036981977,440,nested_validation
2021-04-27,-0.006218348816641739,0.013874861322681342,-0.002451377529831378,0.08513556886220908,0.026076089955328206,59.04036216043433,0.0205438251529829,-0.9413786743424012,-0.006826281357467656,0.0,0.5018634312779671,0.0,0.61,1.8794632036981977,440,nested_validation
2021-04-28,-0.006826281357467656,-0.005452142127966186,-0.00925931989893547,0.0727195659837725,0.026103067760664185,57.629620538747325,0.02073415710120689,-0.6938027294723172,0.0031418623140744284,1.0,0.5020391159618338,0.0,0.61,1.8794632036981977,440,nested_validation
2021-04-29,0.0031418623140744284,0.031952281705010854,-0.000881876655289604,0.07111708264570127,0.02531316523468242,58.1222211793459,0.02381766569700423,-0.8415978321223466,-0.020571195504339168,0.0,0.5035317704433921,0.0,0.61,1.8794632036981977,440,nested_validation
2021-04-30,-0.020571195504339168,-0.016753694598269586,-0.015639761354903414,0.04352272301970661,0.025180264311720862,53.705774201781956,0.024517808158425105,-0.646874932469532,-0.011509583911696097,0.0,0.5499984646776788,0.0,0.61,1.8794632036981977,440,nested_validation
2021-05-03,-0.011509583911696097,-0.04142989122775098,-0.023607529241309932,0.026774588728756266,0.02533698447979691,51.40083923994607,0.0309535104059403,-0.6176163833267596,-0.03272276582892486,0.0,0.5368140563725937,0.0,0.61,1.8794632036981977,440,nested_validation
2021-05-04,-0.03272276582892486,-0.06699520717834873,-0.05043357618429911,-0.009486273107710663,0.02641571156351225,45.49178231911784,0.04370697542379351,0.41873860266860097,0.0074733208355568514,1.0,0.5863131089919503,0.0,0.61,1.8794632036981977,440,nested_validation
2021-05-05,0.0074733208355568514,-0.05356191033298907,-0.03759334389460156,-0.005259768292815936,0.02611810068118397,46.94286133282709,0.029463678652021565,-0.21162485281580276,0.004461137833111639,1.0,0.5458419090776976,0.0,0.61,1.8794632036981977,440,nested_validation
2021-05-06,0.004461137833111639,-0.05231720841306153,-0.031189576459991764,-0.00511150473680011,0.026011482561152828,47.84214978031952,0.024323456284410412,-0.7318757619844101,0.019916558252327743,1.0,0.5169323700550471,0.0,0.61,1.8794632036981977,440,nested_validation
2021-05-07,0.019916558252327743,-0.013141775416724122,-0.008899190455582406,0.009454610611282055,0.026320538344401234,51.78847211741674,0.02018598009112921,-0.549105944565988,-0.03689496749045296,0.0,0.48548249104261915,0.0,0.61,1.8794632036981977,440,nested_validation
2021-05-10,-0.03689496749045296,-0.03848524274950149,-0.03766003556211306,-0.03092949433988912,0.024447848780631075,44.879367516998144,0.038974449891210586,-0.228830994660421,0.002838749208504465,1.0,0.5913772018086317,0.0,0.61,1.8794632036981977,440,nested_validation
2021-05-11,0.002838749208504465,-0.0031355825996106645,-0.02787529685353729,-0.031157698612281126,0.02324071369107314,45.460027389545246,0.042271713110759696,0.051347474343004865,-0.03828716005661703,0.0,0.5526597156774096,0.0,0.61,1.8794632036981977,440,nested_validation
2021-05-12,-0.03828716005661703,-0.04841419611833464,-0.055349553636341975,-0.07011331580681945,0.023971854911314608,39.41243143304693,0.04004794399436134,0.26964571300390505,-0.006777881415320874,0.0,0.5862487777388125,0.0,0.61,1.8794632036981977,440,nested_validation
2021-05-13,-0.006777881415320874,-0.05906158780282822,-0.05093865532614017,-0.07707509371231624,0.019424819620727486,38.47402366769344,0.045498680198893915,0.3601804573723813,0.042278898396506115,1.0,0.5336143956658885,0.0,0.61,1.8794632036981977,440,nested_validation
2021-05-14,0.042278898396506115,-0.03843089536232891,-0.005519375256765824,-0.03898785282806705,0.022238862554285643,46.90826536640174,0.040686666932710905,0.029055538924126566,-0.0054416071420532175,0.0,0.4674387297092684,0.0,0.61,1.8794632036981977,440,nested_validation
2021-05-17,-0.0054416071420532175,-0.007027695786838151,-0.006273513656688157,-0.044599774385189694,0.02119954185035407,45.99732025498073,0.02229001273293762,-0.5209441077383675,-0.010571181527842866,0.0,0.5403598692271776,0.0,0.61,1.8794632036981977,440,nested_validation
2021-05-18,-0.010571181527842866,-0.020305692706202527,-0.01445884924425156,-0.055027183054184414,0.02116624002793637,44.21090049868448,0.0285571900780448,-0.957147712655167,0.0035672711714100913,1.0,0.5135816742846595,0.0,0.61,1.8794632036981977,440,nested_validation
2021-05-19,0.0035672711714100913,0.022331304852790224,-0.00820411682790434,-0.05149047041591126,0.02091283403035184,44.97925088449989,0.03812453013789146,1.625273982911958,0.03887116795541057,1.0,0.5267637033733875,0.0,0.61,1.8794632036981977,440,nested_validation
2021-05-20,0.03887116795541057,0.06931822886025296,0.02969833278004863,-0.015274877305333723,0.021790360337636455,52.657828450661036,0.02828057923615607,1.1794139439250222,0.025953682833679492,1.0,0.4915639669818026,0.0,0.61,1.8794632036981977,440,nested_validation
2021-05-21,0.025953682833679492,0.052569496233832114,0.05508823933404905,0.008941231433231556,0.021663981226979778,57.12726937822836,0.02351292993907315,3.6213626831864905,0.041372955493132135,1.0,0.4957696171732626,0.0,0.61,1.8794632036981977,440,nested_validation
2021-05-24,0.041372955493132135,0.10211468228140719,0.08842790913938825,0.049735081651644863,0.023348580347496987,63.23970147388,0.03644633789256686,2.11875998658063,0.0022900388002504712,1.0,0.4656488307626004,0.0,0.61,1.8794632036981977,440,nested_validation
2021-05-25,0.0022900388002504712,0.11644066459667424,0.08081202504471219,0.052213885968603435,0.023296054003347288,63.56218129620485,0.021472703165648553,1.056520840947968,0.0033389090906865704,1.0,0.5320041597815655,0.0,0.61,1.8794632036981977,440,nested_validation
2021-05-26,0.0033389090906865704,0.1161866181361173,0.07007090487727718,0.054727109908143445,0.023227753384755814,64.05838607500709,0.013216529083452855,0.48168429710480204,-0.013503300606298896,0.0,0.5266896300734744,0.0,0.61,1.8794632036981977,440,nested_validation
2021-05-27,-0.013503300606298896,0.05991430762852601,0.04266795737462403,0.041999775848174714,0.023455982115116458,60.46049548252102,0.01872417119217606,1.871087980434825,0.0488445616076727,1.0,0.5462344773651061,0.0,0.61,1.8794632036981977,440,nested_validation
2021-05-28,0.0488445616076727,0.08356290924934484,0.07905706301994431,0.09208269616234999,0.02511345257319992,67.47963628700788,0.04780078095095857,1.9860330668043353,0.0012310417682124264,1.0,0.4420845393552433,0.0,0.61,1.8794632036981977,440,nested_validation
2021-06-01,0.0012310417682124264,0.04179469490387744,0.06552892751128758,0.09121955863091369,0.024865345304921897,67.64315643346828,0.029819583778277817,0.7354883360416385,0.03158719774687735,1.0,0.5311245284241563,0.0,0.61,1.8794632036981977,440,nested_validation
2021-06-02,0.03158719774687735,0.07224658366342851,0.0796467238974492,0.12165700908242427,0.023931269939860136,71.59474616225967,0.0407223898683985,1.427068989159068,0.011413569016596403,1.0,0.45833705460415664,0.0,0.61,1.8794632036981977,440,nested_validation
2021-06-03,0.011413569016596403,0.08087579802096534,0.07193838920062645,0.1304054325801205,0.02394129056606494,72.92220187824921,0.03983562615684591,1.2019557751072547,0.03585806812173309,1.0,0.49250138113735525,0.0,0.61,1.8794632036981977,440,nested_validation
2021-06-04,0.03585806812173309,0.1349596169005518,0.08995683793736542,0.16388950666713997,0.024655214916352416,76.65544182209638,0.032170342530099136,1.2975896310642039,0.0023180731840262148,1.0,0.4698682748643252,0.0,0.61,1.8794632036981977,440,nested_validation
2021-06-07,0.0023180731840262148,0.08461308566994785,0.07497157862877346,0.16055853029932865,0.02459579402576255,76.885261249682,0.0351750432750234,0.9390493435273063,-0.009194456879354385,0.0,0.49484480423605653,0.0,0.61,1.8794632036981977,440,nested_validation
2021-06-08,-0.009194456879354385,0.07331935646453336,0.053231846675346306,0.14491293364781477,0.02267662669751773,73.77566918491476,0.021223609384806053,-0.6954848736229026,-0.005429188015737441,0.0,0.49586213849224675,0.0,0.61,1.8794632036981977,440,nested_validation
2021-06-09,-0.005429188015737441,0.03480549798301169,0.03678919920782486,0.13378810462949442,0.022885094799736643,71.94239621036694,0.01839183748278447,-0.3596067439789436,0.0038454791307558356,1.0,0.5018799431336184,0.0,0.61,1.8794632036981977,440,nested_validation
2021-06-10,0.0038454791307558356,0.027062373643962356,0.030140248049753904,0.1328408700876944,0.020116160855738925,72.46154227133967,0.018134863619914624,-0.9703272716170459,0.022969989654256118,1.0,0.4694174060544831,0.0,0.61,1.8794632036981977,440,nested_validation
2021-06-11,0.022969989654256118,0.014283730633035008,0.039418595726638195,0.15260770821691394,0.01976255352076108,75.40070442930312,0.02779767729398916,-0.1722001024944466,0.010855383846265498,1.0,0.4906629190633555,0.0,0.61,1.8794632036981977,440,nested_validation
2021-06-14,0.010855383846265498,0.022922959576160418,0.039920381306197905,0.15760281270810195,0.0186354487601173,76.6956538828518,0.020908723116108415,-0.8528550650872959,-0.012778227854178592,0.0,0.45413963303759186,0.0,0.61,1.8794632036981977,440,nested_validation
2021-06-15,-0.012778227854178592,0.019223019020252474,0.017659321509938986,0.13562401835508742,0.019043094502285838,71.84891612465856,0.016204287725342607,-1.4216144113826445,0.001222704472952918,1.0,0.4988772578775869,0.0,0.61,1.8794632036981977,440,nested_validation
2021-06-16,0.001222704472952918,0.026039790498791016,0.012901208999677394,0.1286965426881641,0.01852156748587851,72.0287374188051,0.02078863103333799,-1.0824886600014603,0.047556744575662835,1.0,0.4752876668677712,0.0,0.61,1.8794632036981977,440,nested_validation
2021-06-17,0.047556744575662835,0.07071748101184183,0.05096204585405184,0.17197051868768454,0.019921091777444094,77.93868236815445,0.05781927855198418,2.191083168729968,-0.0009912746696646435,0.0,0.41719275504761183,0.0,0.61,1.8794632036981977,440,nested_validation
2021-06-18,-0.0009912746696646435,0.045637816077156224,0.04366193693286258,0.16079714803454337,0.01936245012534768,77.55336715608722,0.042438487719033774,2.530368105563744,-0.01134756128116432,0.0,0.439627200482325,0.0,0.61,1.8794632036981977,440,nested_validation
2021-06-21,-0.01134756128116432,0.02267089180240034,0.02714710314439328,0.13906866726226474,0.019763105624069202,73.10237261843125,0.03873344328532745,0.9030169622859034,0.024935798464564174,1.0,0.5011275168409094,0.0,0.61,1.8794632036981977,440,nested_validation
2021-06-22,0.024935798464564174,0.061739151860132235,0.044413098766129755,0.15645333305576892,0.018782640596303475,76.28656913581035,0.030590291186835334,0.38870854961370316,0.009027596776802316,1.0,0.49190883296308185,0.0,0.61,1.8794632036981977,440,nested_validation
2021-06-23,0.009027596776802316,0.07001579171061478,0.044032664884777084,0.15567903923488036,0.018706064523667916,77.35768614359952,0.012856044350555564,-0.923231449992495,0.007779012414120823,1.0,0.41339842082998773,0.0,0.61,1.8794632036981977,440,nested_validation
2021-06-24,0.007779012414120823,0.02938524659534636,0.041990329602557,0.15197772370207097,0.018650914155793587,78.27646919760113,0.017273743240906966,-0.9606471411795082,-0.009085850182530053,0.0,0.41876471347554006,0.0,0.61,1.8794632036981977,440,nested_validation
2021-06-25,-0.009085850182530053,0.02104454205581363,0.025812333863643788,0.12938763605994597,0.018391956756824198,74.44706800120737,0.02369818771313074,-1.0771985408849818,0.050128870282114546,1.0,0.478267526587373,0.0,0.61,1.8794632036981977,440,nested_validation
2021-06-28,0.050128870282114546,0.08453518088344403,0.06593777662826739,0.17267508630004103,0.01852736016561334,80.16127999251879,0.038016029172269,0.08686492428546967,0.0020890116436087514,1.0,0.42664444077690605,0.0,0.61,1.8794632036981977,440,nested_validation
2021-06-29,0.0020890116436087514,0.06035986754714551,0.055563092382673984,0.1617983812900905,0.01850661038358728,80.36817806290527,0.022057975472831382,-0.5544824733754384,-0.0012110562786606938,0.0,0.432820155602659,0.0,0.61,1.8794632036981977,440,nested_validation
2021-06-30,-0.0012110562786606938,0.0496003433949499,0.04224183955170435,0.14710441279545394,0.018024484205384637,79.8472029852839,0.01493562883287425,-0.6975181011876616,0.010473718057958825,1.0,0.4260034966612737,0.0,0.61,1.8794632036981977,440,nested_validation
2021-07-01,0.010473718057958825,0.052406875317404955,0.04469480382012114,0.14565133503876737,0.018019349979963583,80.99333267114898,0.021620833018382822,0.13069594115302413,0.013605853803948964,1.0,0.41957688244713526,0.0,0.61,1.8794632036981977,440,nested_validation
2021-07-02,0.013605853803948964,0.07650674844207161,0.048888741163870764,0.14848434323738613,0.016980672955552757,82.40768029859001,0.010616522274093761,-0.526955231621169,0.0103236490364782,1.0,0.40086533513890943,0.0,0.61,1.8794632036981977,440,nested_validation
2021-07-06,0.0103236490364782,0.03570167155408388,0.04753604859040683,0.14809044690379825,0.016940131307744334,83.42899651270288,0.02375770309091184,0.062448217796411284,-0.01578620470219383,0.0,0.4215117867539599,0.0,0.61,1.8794632036981977,440,nested_validation
2021-07-07,-0.01578620470219383,0.017226874172189266,0.023308776392110042,0.12010176051628396,0.01733561500622277,76.08047401457102,0.026654522602714736,-0.11701198325371619,-0.023022031130095044,0.0,0.5065325137835365,0.0,0.61,1.8794632036981977,440,nested_validation
2021-07-08,-0.023022031130095044,-0.0049867375325103325,-0.004477941994928125,0.08583976285110051,0.018403565960200974,66.96330646215995,0.02171805749871137,0.31275561223657605,0.007410947700240644,1.0,0.5239322664737601,0.0,0.61,1.8794632036981977,440,nested_validation
2021-07-09,0.007410947700240644,-0.008002646874198938,-0.0013199880343761627,0.08529372715353967,0.01838912193871637,68.25186601855773,0.016259160272847406,-0.8186820833062566,0.023054791630671145,1.0,0.4762726524310725,0.0,0.61,1.8794632036981977,440,nested_validation
2021-07-12,0.023054791630671145,0.001244854290856301,0.014220238963835286,0.10033265793774393,0.018392765243300933,71.9450145294647,0.016818978697020516,-0.6474932255324477,-0.012797146767743572,0.0,0.48476395798141114,0.0,0.61,1.8794632036981977,440,nested_validation
2021-07-13,-0.012797146767743572,-0.02166817743730698,-6.905795582379248e-05,0.07851988836339152,0.018874586489315923,67.16676808051827,0.017148147394627698,-0.8035243596476523,-0.02017289404764755,0.0,0.5059268515412193,0.0,0.61,1.8794632036981977,440,nested_validation
2021-07-14,-0.02017289404764755,-0.026028650540669163,-0.019343497827279954,0.050087601477561305,0.019306864830446486,60.439554202271374,0.033515562365779704,-0.36954240443757935,-0.04411215299451532,0.0,0.5361328367066185,0.0,0.61,1.8794632036981977,440,nested_validation
2021-07-15,-0.04411215299451532,-0.04705386820889512,-0.057776668647210094,-0.00010032461949827098,0.02214711226052333,49.09383728828076,0.05211892825030158,0.5093101861323939,-0.042456930979672736,0.0,0.6358778822395718,1.0,0.61,1.8794632036981977,440,nested_validation
2021-07-16,-0.042456930979672736,-0.09422568244928564,-0.08849310652290965,-0.044559664410832256,0.021859262083721395,41.3947697643251,0.05968832529511327,1.389350743375745,0.03407026028863114,1.0,0.6493926256359006,1.0,0.61,1.8794632036981977,440,nested_validation
2021-07-19,0.03407026028863114,-0.08447299990697377,-0.049291451702004885,-0.014091840611039408,0.023165228291346936,48.12649796320975,0.06264728065148883,2.1926395718768985,-0.008932477882572676,0.0,0.49437311547936097,0.0,0.61,1.8794632036981977,440,nested_validation
2021-07-20,-0.008932477882572676,-0.08088892526698599,-0.04772501777581184,-0.024600286658777004,0.023108622963862367,46.56486219522473,0.03621318526000279,0.03433691407673551,0.04287539001068752,1.0,0.5511929767213398,0.0,0.61,1.8794632036981977,440,nested_validation
2021-07-21,0.04287539001068752,-0.021747495346443824,-0.001984860493609908,0.013754658151888588,0.024344500680025076,54.18145657175665,0.04044306303880634,-0.3885588072610942,0.00947970344385074,1.0,0.4646208882170989,0.0,0.61,1.8794632036981977,440,nested_validation
2021-07-22,0.00947970344385074,0.0330982357234737,0.009077966802355286,0.01939692317717201,0.024351537433671484,55.74774963675706,0.031183018542283125,-0.7593203611695822,-0.001837169430625618,0.0,0.4870467849727915,0.0,0.61,1.8794632036981977,440,nested_validation
2021-07-23,-0.001837169430625618,0.0769231093500593,0.009783965770819192,0.013774115323679226,0.024321396504331592,55.34911123621042,0.023008525920309348,-1.629386283502968,-0.013498514485236979,0.0,0.5433244522907185,0.0,0.61,1.8794632036981977,440,nested_validation
2021-07-26,-0.013498514485236979,0.02738303958425048,0.0024600326119570415,-0.0024418450132791536,0.02443350564340761,52.390246731503126,0.027366013310315428,-1.4875491587835719,-0.004457211140091566,0.0,0.5402711584736364,0.0,0.61,1.8794632036981977,440,nested_validation
2021-07-27,-0.004457211140091566,0.03202229275947044,0.0034243350161402564,-0.008919484436447855,0.021685664748851564,51.42585036492249,0.045866332278240975,-1.052081266577595,0.015358300390471591,1.0,0.5175845838198136,0.0,0.61,1.8794632036981977,440,nested_validation
2021-07-28,0.015358300390471591,0.004791570669430589,0.02064003917356194,0.0033431860950350334,0.021993614147922055,54.518725002929706,0.03337943191074484,-1.268818039941663,0.008152350984460766,1.0,0.48494056707179295,0.0,0.61,1.8794632036981977,440,nested_validation
2021-07-29,0.008152350984460766,0.0034703825782262943,0.0252277794999054,0.008320900154105804,0.022085341197041575,56.1396860023971,0.0267013278587845,-1.2514102614835447,-0.00828997054029701,0.0,0.4772336618503644,0.0,0.61,1.8794632036981977,440,nested_validation
2021-07-30,-0.00828997054029701,-0.00301673014518522,0.009684428627808828,-0.0014748354992304424,0.021992780745793805,54.01433842339905,0.01882140941312076,-1.1706340245027884,0.01287238832362414,1.0,0.5054300128825863,0.0,0.61,1.8794632036981977,440,nested_validation
2021-08-02,0.01287238832362414,0.023634369014268186,0.01756913492697154,0.009463760766579288,0.02196807259780982,56.730863674041586,0.03037976615036565,-0.8953777289399162,0.003291211983337483,1.0,0.48478342376592914,0.0,0.61,1.8794632036981977,440,nested_validation
2021-08-03,0.003291211983337483,0.03160143211146571,0.014629343963010522,0.010397179480125196,0.021830445918426724,57.43217190776486,0.050567791153656505,-0.32507260267086235,0.023164106641223592,1.0,0.5135178111202767,0.0,0.61,1.8794632036981977,440,nested_validation
2021-08-04,0.023164106641223592,0.039532111265773606,0.03355973617310193,0.0313702302072727,0.02224185192651901,62.10312496289376,0.024168968847297603,-0.7024088651913983,0.01790484720999408,1.0,0.4781923924789953,0.0,0.61,1.8794632036981977,440,nested_validation
2021-08-05,0.01790484720999408,0.049588163787538164,0.04650103637944536,0.047031957760762966,0.021909122215831266,65.34212521763632,0.01894658933757257,-0.7438460937913424,-0.01313200467872011,0.0,0.48925241043457446,0.0,0.61,1.8794632036981977,440,nested_validation
2021-08-06,-0.01313200467872011,0.04446353907933309,0.028544095874385222,0.03125836256325609,0.022114485729547488,61.1407576921805,0.017676550334254554,-0.895414368364622,-0.003486096634655045,0.0,0.5143057947655734,0.0,0.61,1.8794632036981977,440,nested_validation
2021-08-09,-0.003486096634655045,0.027594838450837544,0.019803031540029936,0.025475475065987796,0.021541732515154274,60.05139459979085,0.017984713956444416,-1.0105728856850447,-0.017688748862901615,0.0,0.5111288574111192,0.0,0.61,1.8794632036981977,440,nested_validation
2021-08-10,-0.017688748862901615,0.006106661121069168,-0.0018872496746581424,0.007419237277910273,0.02170934862511643,54.74040348056217,0.029845565615526648,-0.7687367405570235,-0.011888140555188609,0.0,0.5075691857118567,0.0,0.61,1.8794632036981977,440,nested_validation
2021-08-11,-0.011888140555188609,-0.028361220583012825,-0.014719798165723885,-0.004007247468538533,0.02140781805253228,51.50202643923496,0.03142288948173537,-0.667074500150786,0.010457378538429207,1.0,0.5106203613463772,0.0,0.61,1.8794632036981977,440,nested_validation
2021-08-12,0.010457378538429207,-0.03547018503054411,-0.005624941389132165,0.006573621713159339,0.01896671274319386,54.04672075071111,0.020547524504949406,-0.7847912004665399,0.014217622128348095,1.0,0.4587827827042192,0.0,0.61,1.8794632036981977,440,nested_validation
2021-08-13,0.014217622128348095,-0.008739628756787132,0.005053326214004894,0.020925998415076474,0.016029971822837673,57.35701391076448,0.017981022126491414,-0.5305107265650301,-0.011789328700727797,0.0,0.48172302302753556,0.0,0.61,1.8794632036981977,440,nested_validation
2021-08-16,-0.011789328700727797,-0.016999086926450357,-0.007783529393846522,0.009804060015109917,0.015017386558675553,53.84411132764695,0.04180458692948999,-0.2301857678987457,-0.024661696867038452,0.0,0.477453785384826,0.0,0.61,1.8794632036981977,440,nested_validation
2021-08-17,-0.024661696867038452,-0.023976930503978644,-0.030531933521226406,-0.013033696965928265,0.016008147493821085,47.38348432940528,0.02585056299033994,-0.20911168102714586,-0.021481973369022023,0.0,0.5736899484747887,0.0,0.61,1.8794632036981977,440,nested_validation
2021-08-18,-0.021481973369022023,-0.03345339013927806,-0.04548949554820514,-0.032056192145608176,0.013863736496247938,42.696243159928684,0.03329835859835527,1.631947095503448,0.03981087322160892,1.0,0.5239814513720212,0.0,0.61,1.8794632036981977,440,nested_validation
2021-08-19,0.03981087322160892,-0.005375490589838439,-0.0032974194149142377,0.006657182126049488,0.01634872753202049,51.9740855962855,0.0875341791898034,4.167867408515084,0.051419092435128766,1.0,0.4619725762700764,0.0,0.61,1.8794632036981977,440,nested_validation
2021-08-20,0.051419092435128766,0.03110730496203784,0.04558337706130233,0.05704669041233745,0.019716774643424192,61.08637200206253,0.04477321326028788,2.6193788605977155,0.05486173679029127,1.0,0.47657712874142316,0.0,0.61,1.8794632036981977,440,nested_validation
2021-08-23,0.05486173679029127,0.10065158586009382,0.09380905910524784,0.11231652819403459,0.02226647038446005,68.34289537128186,0.04768189128929419,1.7277442144403152,-0.0075144040605151785,0.0,0.4575656620579781,0.0,0.61,1.8794632036981977,440,nested_validation
2021-08-24,-0.0075144040605151785,0.12000199480033857,0.07563966465208205,0.10108932201614063,0.022353083366754532,66.41579875008014,0.019455779407460915,0.10568165320941864,0.01927260211569526,1.0,0.5413632233734437,0.0,0.61,1.8794632036981977,440,nested_validation
2021-08-25,0.01927260211569526,0.1666492762993621,0.08293257719662739,0.11784549976305159,0.022446038640093945,68.82550575373037,0.03367393928684079,0.3554555848297157,-0.006527904114719707,0.0,0.5623459193699384,0.0,0.61,1.8794632036981977,440,nested_validation
2021-08-26,-0.006527904114719707,0.11465799361876305,0.06463659987218962,0.10479995160260969,0.02262827402850834,67.03715285740503,0.02492292991142256,-0.2950926844966917,0.025738442843591836,1.0,0.54262636749234,0.0,0.61,1.8794632036981977,440,nested_validation
2021-08-27,0.025738442843591836,0.08743274960856318,0.07929227896721924,0.124835744127193,0.022765676155940686,70.29332066490221,0.024518479989059604,0.058926861279887645,0.002297394899108518,1.0,0.5008476683581148,0.0,0.61,1.8794632036981977,440,nested_validation
2021-08-30,0.002297394899108518,0.03324537619219581,0.06783142304626022,0.12016833443554842,0.022763184682113847,70.57987126995565,0.021685414247242043,-0.2029550660726253,-0.013180985899749809,0.0,0.5121544364260435,0.0,0.61,1.8794632036981977,440,nested_validation
2021-08-31,-0.013180985899749809,0.027346076990113488,0.03941780077323975,0.09857473279157025,0.02318429141258676,66.60133186782488,0.025686792482089885,-0.20645872891243394,0.002501411163144729,1.0,0.530887935154194,0.0,0.61,1.8794632036981977,440,nested_validation
2021-09-01,0.002501411163144729,0.010442044451820065,0.025802285691722604,0.09588281470057991,0.02287205241803991,66.97675576923191,0.015150846790208615,-0.5381635003970376,-0.002005277026855379,0.0,0.506578501469103,0.0,0.61,1.8794632036981977,440,nested_validation
2021-09-02,-0.002005277026855379,0.015041924589251243,0.011714292908991064,0.08871342389671644,0.022737117189029023,66.331441635473,0.013305962534004226,-0.6107662915086847,0.019959000446189812,1.0,0.5163927661745858,0.0,0.61,1.8794632036981977,440,nested_validation
2021-09-03,0.019959000446189812,0.009322750880748298,0.022527116989375928,0.10455731767701204,0.022607600113157298,69.4773537838251,0.03440875909117594,-0.09927436224376647,-0.007923678156220637,0.0,0.4730295228668704,0.0,0.61,1.8794632036981977,440,nested_validation
2021-09-07,-0.007923678156220637,-0.0009699642611445958,0.011220727069300107,0.08988267135580275,0.02272125419424717,66.75730735023207,0.016635813158617854,-0.6095389609319939,-0.014252846114944706,0.0,0.5213967630184388,0.0,0.61,1.8794632036981977,440,nested_validation
2021-09-08,-0.014252846114944706,-0.0020550878084137914,-0.005631738994380409,0.06897741568033133,0.022555438788317728,62.086071788399664,0.028336152362477447,-0.29815138248605627,-0.007251992653264927,0.0,0.5231629521244208,0.0,0.61,1.8794632036981977,440,nested_validation
2021-09-09,-0.007251992653264927,-0.011764161139136475,-0.01270185821315184,0.0567122630247936,0.02239400771596861,59.824963438738166,0.01835232841108321,-0.6517859237662912,0.013572754879391136,1.0,0.5192084527935296,0.0,0.61,1.8794632036981977,440,nested_validation
2021-09-10,0.013572754879391136,0.0036615410958493744,-0.001141998315672299,0.0662797805115789,0.022433897994498388,62.553751837099824,0.015837662726668353,-0.37550767480800645,-0.014503087968691486,0.0,0.4888724279564813,0.0,0.61,1.8794632036981977,440,nested_validation
2021-09-13,-0.014503087968691486,-0.030249893337034983,-0.01352436337132934,0.04642003427479002,0.02280074359881142,57.96189595532747,0.049927811436307847,-0.10850991337013012,0.0040630488709607615,1.0,0.5318376357458584,0.0,0.61,1.8794632036981977,440,nested_validation
2021-09-14,0.0040630488709607615,-0.018532922014157904,-0.0075628498046653725,0.046559327945660645,0.02247948051124772,58.85980581312097,0.01456700820343389,-0.7181914171596143,0.004450631373638547,1.0,0.5049351144207185,0.0,0.61,1.8794632036981977,440,nested_validation
2021-09-15,0.004450631373638547,8.934570078844573e-05,-0.002950097023798226,0.047063101363453264,0.021381454976268983,59.87493340405877,0.01794910629261995,-0.9060897138633417,-0.004430911022030193,0.0,0.485501839754592,0.0,0.61,1.8794632036981977,440,nested_validation
2021-09-16,-0.004430911022030193,0.0029312891364547955,-0.006485619057834846,0.03922275273091547,0.020545806407576306,58.325067138747485,0.015736011705128075,-0.9111041922893612,-0.015376746418975351,0.0,0.5045371310509007,0.0,0.61,1.8794632036981977,440,nested_validation
2021-09-17,-0.015376746418975351,-0.025714272336320954,-0.019590482851009283,0.02122829339951471,0.019782346053020088,53.201197190772476,0.022420056180562985,0.0977610694714051,-0.03593582682101926,0.0,0.5067317675328551,0.0,0.61,1.8794632036981977,440,nested_validation
2021-09-20,-0.03593582682101926,-0.04690318862173526,-0.04744498140412112,-0.01661771644022847,0.018723564665076294,43.68986204491835,0.0365177794101215,0.9302018207758943,0.006299417850839983,1.0,0.560610081638361,0.0,0.61,1.8794632036981977,440,nested_validation
2021-09-21,0.006299417850839983,-0.044780337724886765,-0.03528128123744423,-0.011887418795760163,0.01415962721625375,45.46431406881002,0.02235707745643414,-0.7645366201007276,0.03271184143152239,1.0,0.5062457796731401,0.0,0.61,1.8794632036981977,440,nested_validation
2021-09-22,0.03271184143152239,-0.017904289580977673,-0.0019198063368894847,0.017268060615742264,0.015915846070385424,53.67869657704032,0.03482065263644158,0.41645117987059355,0.02465721668433818,1.0,0.44280187233637797,0.0,0.61,1.8794632036981977,440,nested_validation
2021-09-23,0.02465721668433818,0.010790178498451874,0.021273124170488877,0.03788154541249722,0.016273099591231834,58.87190375835869,0.02868963827484138,0.1534942530137219,-0.01783659765493173,0.0,0.4558285203476246,0.0,0.61,1.8794632036981977,440,nested_validation
2021-09-24,-0.01783659765493173,0.00826495531199023,0.004869303650032686,0.015961838608452572,0.01670661341276427,54.03608511322551,0.01304289275717989,-0.4463391745918345,-0.01906623593933998,0.0,0.4915309947149522,0.0,0.61,1.8794632036981977,440,nested_validation
2021-09-27,-0.01906623593933998,0.025907989634447404,-0.012077785923671147,-0.005658962989493421,0.01612268530943897,49.44412604632196,0.021883611577870533,0.17347208250210108,-0.04436745246546314,0.0,0.5481927404801865,0.0,0.61,1.8794632036981977,440,nested_validation
2021-09-28,-0.04436745246546314,-0.025746166320726238,-0.049218033724884536,-0.05086828440455671,0.018521113224616755,40.90010270750689,0.0371033179610806,1.9344442937012876,-0.008792670912926015,0.0,0.5726730951677772,0.0,0.61,1.8794632036981977,440,nested_validation
2021-09-29,-0.008792670912926015,-0.06490126132817409,-0.049615337474980814,-0.06073894213079467,0.01844156034222391,39.50771067905461,0.026807093585397783,-0.3882716658510114,0.009699180012587627,1.0,0.544903443496728,0.0,0.61,1.8794632036981977,440,nested_validation
2021-09-30,0.009699180012587627,-0.07855191541717932,-0.03356590344788968,-0.054053029105521566,0.01863755767580553,41.83918688680492,0.018246778656035533,-0.3604707950227863,0.0012551707204917495,1.0,0.490942249025731,0.0,0.61,1.8794632036981977,440,nested_validation
2021-10-01,0.0012551707204917495,-0.060640360823688066,-0.027097007517410288,-0.05422965466214713,0.01866692393935889,42.15291749738984,0.03162665697574441,-0.030246990354515908,-0.04869341456436804,0.0,0.521437886171299,0.0,0.61,1.8794632036981977,440,nested_validation
2021-10-04,-0.04869341456436804,-0.08901187462275584,-0.06843669622989756,-0.09880268917937796,0.02025397305879694,34.392471273822224,0.050020246004664405,1.810717182571828,0.03643837617148149,1.0,0.5282886161148901,0.0,0.61,1.8794632036981977,440,nested_validation
2021-10-05,0.03643837617148149,-0.011981063418761484,-0.030854593774743755,-0.0638222177267953,0.02236039833184544,42.50707688423102,0.03882453754420492,0.5406048707892754,0.012175380878326703,1.0,0.4869741594358777,0.0,0.61,1.8794632036981977,440,nested_validation
2021-10-06,0.012175380878326703,0.008919540950310889,-0.013251899122889044,-0.050846471717637565,0.022546870724374925,45.04217618082389,0.030917843771014374,0.8157857179918254,0.01811604787164245,1.0,0.5005500627744986,0.0,0.61,1.8794632036981977,440,nested_validation
2021-10-07,0.01811604787164245,0.017329909726178316,0.011407604282795969,-0.03197361373432328,0.023011508951131094,48.71020630466687,0.016607372185020595,0.036035098688755776,-0.011577806539155855,0.0,0.5001466665088249,0.0,0.61,1.8794632036981977,440,nested_validation
2021-10-08,-0.011577806539155855,0.004290904306929466,0.005730949167321642,-0.04137135260981417,0.02279714189066932,46.53391152136321,0.02069030621686159,-1.6888349905944267,-0.006528646666085325,0.0,0.5271020249127797,0.0,0.61,1.8794632036981977,440,nested_validation
2021-10-11,-0.006528646666085325,0.04880409651096196,0.003841827250231411,-0.04479166959857983,0.02267122456163788,45.318570920538505,0.026673112052010575,-1.325387669567122,-0.0011600007693270964,0.0,0.5377855559900745,0.0,0.61,1.8794632036981977,440,nested_validation
2021-10-12,-0.0011600007693270964,0.01075713427540026,0.002813579169534508,-0.042935580787170746,0.022616799368849097,45.09468388900516,0.02559137635908164,-1.2751425208400273,0.012965438304004318,1.0,0.5318099521665554,0.0,0.61,1.8794632036981977,440,nested_validation
2021-10-13,0.012965438304004318,0.0115460846831823,0.013740085255596446,-0.02835845496541567,0.022839582822290518,48.173034267863535,0.013228923928859328,-1.0015996365738524,0.03854039016256117,1.0,0.48606690100373223,0.0,0.61,1.8794632036981977,440,nested_validation
2021-10-14,0.03854039016256117,0.0318386274829916,0.047586063589171834,0.010174933618740889,0.024557880361494654,56.14601838425845,0.029108774566673577,-0.05196462239188377,0.005334185390331703,1.0,0.5063962394505669,0.0,0.61,1.8794632036981977,440,nested_validation
2021-10-15,0.005334185390331703,0.04949347847275476,0.04752221673940915,0.016403824842173176,0.024358239982420083,57.16604926957976,0.012304414314310836,-0.2835161576611765,0.016466907185082924,1.0,0.5270276885258717,0.0,0.61,1.8794632036981977,440,nested_validation
2021-10-18,0.016466907185082924,0.07378575798306142,0.05221778264965016,0.03413608521421363,0.02311575531486124,60.25575823886063,0.029115347985121613,-0.8646021021248779,0.0030600342816839987,1.0,0.48675227462824316,0.0,0.61,1.8794632036981977,440,nested_validation
2021-10-19,0.0030600342816839987,0.07832243406677364,0.046326506598917794,0.03789950047333934,0.023102235982817198,60.83049595142638,0.015343160157379758,-1.3029506973842653,-0.008389315041444245,0.0,0.5164741338558164,0.0,0.61,1.8794632036981977,440,nested_validation
2021-10-20,-0.008389315041444245,0.05558986221820805,0.030760063901889234,0.029569364400965137,0.022146767472196235,58.33235570294341,0.020404479054718472,-1.405319639114817,0.026647839084778413,1.0,0.5133302103376914,0.0,0.61,1.8794632036981977,440,nested_validation
2021-10-21,0.026647839084778413,0.04350207394099459,0.05030747573534833,0.056160623160404155,0.022258784049441413,63.4270365788552,0.027674963644633208,-0.6283593878992347,0.001498538061011745,1.0,0.4992347598093168,0.0,0.61,1.8794632036981977,440,nested_validation
2021-10-22,0.001498538061011745,0.039520804825493805,0.042735476191525734,0.057336498510776046,0.02184817456204271,63.70296797202516,0.025037329094184133,0.41154220962451254,0.019361074113038557,1.0,0.5324442853308387,0.0,0.61,1.8794632036981977,440,nested_validation
2021-10-25,0.019361074113038557,0.04248061267853975,0.051007970206962794,0.0761154108269031,0.021627703845434953,67.15595015263742,0.025252485333027708,0.09480324957345418,0.06695142527717413,1.0,0.49748423729675656,0.0,0.61,1.8794632036981977,440,nested_validation
2021-10-26,0.06695142527717413,0.10888295566248729,0.10116138775490446,0.14377955298959177,0.022855562922203348,75.87005325446552,0.05401145134597844,3.2767509048617995,-0.010761870438708354,0.0,0.4418983491611232,0.0,0.61,1.8794632036981977,440,nested_validation
2021-10-27,-0.010761870438708354,0.10622981135767251,0.07252981139278436,0.127799719113737,0.022936822883839726,72.3258641469979,0.033045706004493476,0.16411736049461698,0.020040023698036258,1.0,0.5354607051451147,0.0,0.61,1.8794632036981977,440,nested_validation
2021-10-28,0.020040023698036258,0.09910978237550605,0.07890286301479321,0.14564677302989115,0.023061392936019286,74.67294076105844,0.017120405999663267,0.003553420185894719,0.025099263512689207,1.0,0.5133735933506217,0.0,0.61,1.8794632036981977,440,nested_validation
2021-10-29,0.025099263512689207,0.12501075699431974,0.08853638298372446,0.16784456245173707,0.023215664233844833,77.31943913271823,0.027731045857758978,0.7133319461489871,0.010169287789841608,1.0,0.48235463708982534,0.0,0.61,1.8794632036981977,440,nested_validation
2021-11-01,0.010169287789841608,0.1148663059727939,0.08298376155339748,0.17131360769351822,0.018800905969006063,78.33214416271824,0.025825679543270332,0.44429422007343783,0.02222489122911897,1.0,0.464507604074437,0.0,0.61,1.8794632036981977,440,nested_validation
2021-11-02,0.02222489122911897,0.06813118325606116,0.08829259917328747,0.18808712395661598,0.018187433713769005,80.41162765796922,0.03325632704647334,0.8079809546411651,0.007461921174342745,1.0,0.4588813865858572,0.0,0.61,1.8794632036981977,440,nested_validation
2021-11-03,0.007461921174342745,0.08780834643586366,0.07646735217800638,0.18864892801064004,0.018227238205387315,81.08265747110093,0.020640641972914868,0.1288376637575642,0.12042257954392976,1.0,0.46484312833852454,0.0,0.61,1.8794632036981977,440,nested_validation
2021-11-04,0.12042257954392976,0.19486001063414338,0.17236770496074683,0.31742556881020256,0.02973263082547912,88.17526036194484,0.1425119846915451,4.093964715947419,-0.001644171177194509,0.0,0.5284094375041704,0.0,0.61,1.8794632036981977,440,nested_validation
2021-11-05,-0.001644171177194509,0.1636877507415262,0.1389590806392229,0.3005581873563079,0.029316257517044118,87.6339782372722,0.06688625023615878,2.1971910635450356,0.035358918304449816,1.0,0.4976740223933993,0.0,0.61,1.8794632036981977,440,nested_validation
2021-11-08,0.035358918304449816,0.19270552511842154,0.14573073061577468,0.3288393028574681,0.028955400479062695,89.17102247798329,0.03872876121164829,0.711422566086069,-0.004772217914056354,0.0,0.5766465539584787,0.0,0.61,1.8794632036981977,440,nested_validation
2021-11-09,-0.004772217914056354,0.16120599745717112,0.1156153653104941,0.3038281269036436,0.029100733595609163,87.53372097709824,0.07652414466235112,1.164726232282255,-0.03907751541351623,0.0,0.5403939925267497,0.0,0.61,1.8794632036981977,440,nested_validation
2021-11-10,-0.03907751541351623,0.10756439398981033,0.0528328228156727,0.2371942976087631,0.031838425603382056,75.38564693331689,0.07033505988993204,1.0170150009079404,0.03160335120229818,1.0,0.5486668594790661,0.0,0.61,1.8794632036981977,440,nested_validation
2021-11-11,0.03160335120229818,0.019764472238068542,0.0653589062533333,0.25924028118717746,0.0316467033563118,77.94705021627928,0.026752212624878362,-0.1814828573980534,0.0,0.0,0.4556348363395749,0.0,0.61,1.8794632036981977,440,nested_validation
2021-11-12,0.0,0.021443900858981957,0.047645698276923776,0.24268053998566952,0.03176910929423768,77.94705021627928,0.034550877443150954,0.09892837617241393,-0.01201058472921579,0.0,0.4847986977681714,0.0,0.61,1.8794632036981977,440,nested_validation
2021-11-15,-0.01201058472921579,-0.025288965497833438,0.020297189264898208,0.21076845882299722,0.03239691994871181,74.42557327066342,0.04652787266877045,-0.051310587717088664,0.005928458000546977,1.0,0.5094504913666319,0.0,0.61,1.8794632036981977,440,nested_validation
2021-11-16,0.005928458000546977,-0.014808885381164538,0.013254916038027753,0.2021876621539529,0.03234712379358166,75.01830961561589,0.022646758113478577,-0.563060483666906,-0.031188845455419112,0.0,0.4729874484144286,0.0,0.61,1.8794632036981977,440,nested_validation
2021-11-17,-0.031188845455419112,-0.006720982690218258,-0.02703965354156579,0.15161209154578947,0.03355877022352533,66.26541140746582,0.05840543931693463,0.04830014805267159,0.08249867618284701,1.0,0.511475480329605,0.0,0.61,1.8794632036981977,440,nested_validation
2021-11-18,0.08249867618284701,0.042283567676376865,0.0467059999702919,0.22952087852363467,0.03662349348822863,74.48216014247197,0.04543012504138366,1.3667584498789322,0.041357687604474336,1.0,0.4617389681047969,0.0,0.61,1.8794632036981977,440,nested_validation
2021-11-19,0.041357687604474336,0.08539000586361345,0.0784734568970129,0.26054768640259507,0.036784946507374815,77.66190355469455,0.03586480347688515,0.30210648555081565,-0.031196137162522453,0.0,0.47748226226491425,0.0,0.61,1.8794632036981977,440,nested_validation
2021-11-22,-0.031196137162522453,0.06431305246085262,0.04090860825860232,0.20395285311166322,0.0384057160590141,70.25626656807053,0.08596194124356193,1.0975752489253858,-0.006571517197685672,0.0,0.558122583883829,0.0,0.61,1.8794632036981977,440,nested_validation
2021-11-23,-0.006571517197685672,0.05108757240498507,0.03041315072920292,0.17963413740425782,0.03693161665096182,68.81409423690096,0.04662009185626552,0.1753789590222659,0.029232048994550786,1.0,0.5120914468802787,0.0,0.61,1.8794632036981977,440,nested_validation
2021-11-24,0.029232048994550786,0.11663971945866991,0.04958157284543119,0.1967226970750977,0.0366592400544704,71.58949640721123,0.05897655806987561,-0.2681854852540384,-0.03583895749392618,0.0,0.47636008672715263,0.0,0.61,1.8794632036981977,440,nested_validation
2021-11-26,-0.03583895749392618,-0.005430177694640381,0.008360511000308435,0.14025069286358605,0.03828097104711542,63.86572355941949,0.04317045017314347,-0.9282795952720353,0.059454470596224995,1.0,0.49916097572030227,0.0,0.61,1.8794632036981977,440,nested_validation
2021-11-29,0.059454470596224995,0.011853522669456051,0.058198133762705995,0.1914919308916796,0.03955936107092772,69.52858811485501,0.04122721336680165,-0.23637038333556232,-0.020972755038445867,0.0,0.46692284166768094,0.0,0.61,1.8794632036981977,440,nested_validation
2021-11-30,-0.020972755038445867,0.022531189855407474,0.027369646158266425,0.15217012986610468,0.04029231663773651,65.40329877650075,0.04556862468577138,0.42186215254048964,-0.03786140173379593,0.0,0.5192821854999936,0.0,0.61,1.8794632036981977,440,nested_validation
2021-12-01,-0.03786140173379593,-0.009675338766455988,-0.015353980911816278,0.09675387420670711,0.041679872927105156,58.76673555243526,0.06072856168314625,-0.23980760338147084,0.021981984394753296,1.0,0.5389776221844064,0.0,0.61,1.8794632036981977,440,nested_validation
2021-12-02,0.021981984394753296,-0.01665133390353879,-0.0026708269345617763,0.1079443402740039,0.0417625247727471,61.13893298220787,0.045228196699976755,-0.3624633775705298,-0.04460569161811567,0.0,0.47045218751714324,0.0,0.61,1.8794632036981977,440,nested_validation
2021-12-03,-0.04460569161811567,-0.02559253348222812,-0.044255252966657,0.04887303498961315,0.03494261339023098,54.177858906567025,0.06512893509881824,0.1694401420501419,-0.021372777034072254,0.0,0.5818068040511527,0.0,0.61,1.8794632036981977,440,nested_validation
2021-12-06,-0.021372777034072254,-0.0999314274837041,-0.056028637223957234,0.017974814994765165,0.035310463434723244,51.29846688566713,0.07334284605213358,1.0771588048530685,0.07956831653475027,1.0,0.5626253184201708,0.0,0.61,1.8794632036981977,440,nested_validation
2021-12-07,0.07956831653475027,-0.007499006184030099,0.01756286217311609,0.08759143628645472,0.03861521052726236,59.70170742196475,0.05544769316501322,0.5688196514130659,-0.018533892753558545,0.0,0.42752479098521284,0.0,0.61,1.8794632036981977,440,nested_validation
2021-12-08,-0.018533892753558545,0.012438424769722456,-0.0015593640021118738,0.0590137341766237,0.03887479528248824,57.036574426422355,0.027304762857942512,-0.2085980051365927,-0.041978383067076575,0.0,0.5110962980683982,0.0,0.61,1.8794632036981977,440,nested_validation
2021-12-09,-0.041978383067076575,-0.050924662515126395,-0.03688547056795255,0.007804152940392939,0.03903517959465013,51.529658463066674,0.05828148074563141,-0.06247446064235083,-0.009576787786181762,0.0,0.5834178542565475,0.0,0.61,1.8794632036981977,440,nested_validation
2021-12-10,-0.009576787786181762,-0.016127439594336934,-0.0421723099994189,-0.007598793986401398,0.038527181944184224,50.38465331541884,0.04781774443107304,-0.12330516346524038,-0.06745483900011584,0.0,0.5453852719497718,0.0,0.61,1.8794632036981977,440,nested_validation
2021-12-13,-0.06745483900011584,-0.06245649649293328,-0.09177113495314682,-0.07716651446251033,0.04127081527236494,43.17689348406126,0.07734105529258939,0.6549030551148463,0.00624983990666661,1.0,0.7225243975916092,1.0,0.61,1.8794632036981977,440,nested_validation
2021-12-14,0.00624983990666661,-0.12612941130237965,-0.07313640892370277,-0.07394117621323648,0.041262411410550134,43.92333290110912,0.050393460911266875,1.0742617953965183,0.07488432448374938,1.0,0.5213122079740857,0.0,0.61,1.8794632036981977,440,nested_validation
2021-12-15,0.07488432448374938,-0.04295238471989138,-0.0005382114698688767,-0.00897822747216881,0.04453560195102547,52.094233332639654,0.08739619449533367,1.2449732748928715,-0.06802583529765316,0.0,0.4533121937947497,0.0,0.61,1.8794632036981977,440,nested_validation
2021-12-16,-0.06802583529765316,-0.06897335502033641,-0.05695731702809459,-0.07818511153855023,0.04656111038535996,45.17282660261229,0.10804239720276133,1.191146937028778,-0.020643170678426026,0.0,0.6597355740925905,1.0,0.61,1.8794632036981977,440,nested_validation
2021-12-17,-0.020643170678426026,-0.07937607701752869,-0.06746539206533242,-0.09525921519793457,0.042635998796600065,43.415935045926375,0.04179708036598644,1.3314267012947916,-0.0029494497147900534,0.0,0.5066389672735828,0.0,0.61,1.8794632036981977,440,nested_validation
2021-12-20,-0.0029494497147900534,-0.015695295623848304,-0.06292983691541076,-0.0959374901256772,0.041267929691484906,43.162964946684774,0.036040212378409715,-0.8103414856495341,0.0489193947611144,1.0,0.45623835438203164,0.0,0.61,1.8794632036981977,440,nested_validation
2021-12-21,0.0489193947611144,0.026043686000004396,-0.00582313417807101,-0.049929320328807036,0.04266808721055288,48.50634083345366,0.05912301719388652,-0.19300583745802213,0.011177988358261004,1.0,0.45123105285781606,0.0,0.61,1.8794632036981977,440,nested_validation
2021-12-22,0.011177988358261004,-0.034767958984348035,0.013698748525601934,-0.03799625115805627,0.04278573866636057,49.726270499655904,0.03761907872854082,-1.2681939335025711,0.008163404764887527,1.0,0.4898815675845941,0.0,0.61,1.8794632036981977,440,nested_validation
2021-12-23,0.008163404764887527,0.044140125031570054,0.024977918189506454,-0.0303382738754846,0.042237066986588016,50.65595534513598,0.02118759353344443,-1.6061630044159687,0.04402819450828099,1.0,0.5011387334602652,0.0,0.61,1.8794632036981977,440,nested_validation
2021-12-27,0.04402819450828099,0.11308942452110093,0.06734867609257544,0.011737753879615509,0.0428069902170772,55.47713092921408,0.04676039805494203,-1.254613877096882,-0.020132382373856617,0.0,0.4831662188439372,0.0,0.61,1.8794632036981977,440,nested_validation
2021-12-28,-0.020132382373856617,0.09390670543068547,0.03812255557330668,-0.008561485621196185,0.04074687005195511,52.823697448575736,0.043466815235464494,-1.067328857586137,-0.01058646977882427,0.0,0.5000138172404003,0.0,0.61,1.8794632036981977,440,nested_validation
2021-12-29,-0.01058646977882427,0.0318486821375672,0.021314103758269365,-0.019035590172302386,0.040592586926693465,51.457997864972796,0.03939872456031354,-1.5593798175866627,-0.013832915700179194,0.0,0.5331096219457611,0.0,0.61,1.8794632036981977,440,nested_validation
2021-12-30,-0.013832915700179194,0.006326500396179213,0.01018854970102101,-0.03195809447999254,0.03990573131188472,49.6700848782513,0.03099438258566092,-1.651523715571158,-0.005914930314721123,0.0,0.5223090515535865,0.0,0.61,1.8794632036981977,440,nested_validation
2021-12-31,-0.005914930314721123,-0.007726183528974362,0.000714491290638497,-0.03784515508306341,0.039520540278241444,48.898541255187986,0.023766663117125553,-1.7520170219227726,0.024140679555904043,1.0,0.5210978990617623,0.0,0.61,1.8794632036981977,440,nested_validation
2022-01-03,0.024140679555904043,-0.026627838164090645,0.016845598997154765,-0.012949612483104556,0.0387901228785509,52.14633808958752,0.030742690686894572,-0.7672017646384602,-0.027588707071442342,0.0,0.4560834546594921,0.0,0.61,1.8794632036981977,440,nested_validation
2022-01-04,-0.027588707071442342,-0.03403473554459857,-0.016424237357270943,-0.036295687475312755,0.03898299408489305,48.27877047604559,0.0723454904392931,0.2726774973012332,-0.057562315636048966,0.0,0.581502862142304,0.0,0.61,1.8794632036981977,440,nested_validation
2022-01-05,-0.057562315636048966,-0.07989729349480823,-0.0684395063365475,-0.08741689190297586,0.03626102209945949,41.546118840071166,0.0682147302536144,0.09134322436617086,0.020794184740002386,1.0,0.5830701381342723,0.0,0.61,1.8794632036981977,440,nested_validation
2022-01-06,0.020794184740002386,-0.04758989919959189,-0.04513067487374678,-0.06476722559196801,0.036665900881036946,44.3894540890085,0.04872592859037671,-0.23478622738163463,-0.0330400258303446,0.0,0.4998018735798767,0.0,0.61,1.8794632036981977,440,nested_validation
2022-01-07,-0.0330400258303446,-0.07357783095922954,-0.06913100167975961,-0.09020889006063282,0.036269590571221484,40.91328850163387,0.050097320492605145,-0.5376992577372782,0.005615195028696451,1.0,0.5169993446282518,0.0,0.61,1.8794632036981977,440,nested_validation
2022-01-10,0.005615195028696451,-0.09033570407258829,-0.052427782052548944,-0.08090695256736968,0.03632372787277885,41.72098922343402,0.06660586818786789,0.8044741110583737,0.015218937154104273,1.0,0.5100211785999292,0.0,0.61,1.8794632036981977,440,nested_validation
2022-01-11,0.015218937154104273,-0.050290318104817655,-0.029600126720365494,-0.061087708419459985,0.033481662790612786,43.969132504932574,0.04407376270037275,-0.5449140281200778,0.006542836487898551,1.0,0.5129201005007551,0.0,0.61,1.8794632036981977,440,nested_validation
2022-01-12,0.006542836487898551,0.014309479464360786,-0.016381362155885926,-0.04994954791574646,0.033484481887246446,44.966973515630826,0.0352512408426967,-0.6219879956484843,-0.050858824773149625,0.0,0.5122255525509757,0.0,0.61,1.8794632036981977,440,nested_validation
2022-01-13,-0.050858824773149625,-0.056888346569347936,-0.05642614042665739,-0.09328386090502871,0.03049807739853517,39.099837523748434,0.0745813845362586,0.7333568089675991,0.01380991596418446,1.0,0.5985768738010887,0.0,0.61,1.8794632036981977,440,nested_validation
2022-01-14,0.01380991596418446,-0.011193873944552624,-0.03493528530626011,-0.0753104163935302,0.02726398882251797,41.228181590786896,0.03663430479363832,-0.4242318720079935,-0.03856433739782694,0.0,0.5042212815554822,0.0,0.61,1.8794632036981977,440,nested_validation
2022-01-18,-0.03856433739782694,-0.05463493621724935,-0.0579185456756095,-0.1060717364709649,0.02813485923758491,37.25825932465009,0.03350963342501309,-0.003250558513715138,-0.03227421753725568,0.0,0.5251238390299109,0.0,0.61,1.8794632036981977,440,nested_validation
2022-01-19,-0.03227421753725568,-0.09886024326274456,-0.07410275074562067,-0.1299482614075148,0.028842420362140544,34.38892482913293,0.05948056230833405,0.7738466016594887,-0.036582028726028115,0.0,0.5068314473808887,0.0,0.61,1.8794632036981977,440,nested_validation
2022-01-20,-0.036582028726028115,-0.1374691619688806,-0.09644641001533127,-0.1536718934596224,0.026861849854153373,31.521363752683996,0.062153266324712825,0.1777944737722537,-0.03213240517389049,0.0,0.6133761949362296,1.0,0.61,1.8794632036981977,440,nested_validation
2022-01-21,-0.03213240517389049,-0.12045155193166879,-0.10947362062841737,-0.17269830412655007,0.026903911664984053,29.295160393019756,0.06674079871996945,2.793589816568642,-8.554273014904634e-05,0.0,0.5676385240189041,0.0,0.61,1.8794632036981977,440,nested_validation
2022-01-24,-8.554273014904634e-05,-0.1325067991109934,-0.0962067751877067,-0.1657632968829248,0.026668588733489696,29.289420403254653,0.10662325432754388,3.148682324733086,-0.0448401777738191,0.0,0.5671273109363678,0.0,0.61,1.8794632036981977,440,nested_validation
2022-01-25,-0.0448401777738191,-0.1381694233174876,-0.11944882134659618,-0.19563496974666272,0.02435818258246981,26.372658983974915,0.04224157044412667,1.2549381853884887,0.02006814574625615,1.0,0.6435181893917938,1.0,0.61,1.8794632036981977,440,nested_validation
2022-01-26,0.02006814574625615,-0.09155472114560337,-0.08354064992022237,-0.17414757635586942,0.02555474817987157,29.600132029670206,0.0771561575149054,1.6375125924790512,-0.0363605794502333,0.0,0.4956733508191088,0.0,0.61,1.8794632036981977,440,nested_validation
2022-01-27,-0.0363605794502333,-0.09134590777996154,-0.09480553459142527,-0.1979777677588216,0.02600195070053109,27.224793466720513,0.10572373206167474,0.4234959241931143,0.04083132737388917,1.0,0.6267635547076956,1.0,0.61,1.8794632036981977,440,nested_validation
2022-01-28,0.04083132737388917,-0.022846048380185002,-0.0431023499163099,-0.15740910513929451,0.028729112626715035,33.44853351768772,0.06838880316212348,0.16504127878247996,0.07206668796175131,1.0,0.3906438914331412,0.0,0.61,1.8794632036981977,440,nested_validation
2022-01-31,0.07206668796175131,0.047663820565281956,0.03652348623970614,-0.09233223675503355,0.03413345265506549,43.078986705099005,0.05950341945561049,0.2226255585116548,0.00620764288436404,1.0,0.39682073780686244,0.0,0.61,1.8794632036981977,440,nested_validation
2022-02-01,0.00620764288436404,0.10365545000551113,0.04857285606755268,-0.08311430621009464,0.033492712656587514,43.8865099310512,0.05093761844481508,-0.16148258435096038,0.02451491954867424,1.0,0.5060699560057726,0.0,0.61,1.8794632036981977,440,nested_validation
2022-02-02,0.02451491954867424,0.10846660518415874,0.0734790277948385,-0.057741687398031316,0.034001996441666384,47.098166973649434,0.050075267804829286,0.01595333068287947,-0.05126382595072532,0.0,0.4930070840095971,0.0,0.61,1.8794632036981977,440,nested_validation
2022-02-03,-0.05126382595072532,0.09132352167975166,0.019324044355585768,-0.10030583440834606,0.033556927781835375,41.60423881447681,0.05415896860449026,-0.9303855979488316,0.01549187531044982,1.0,0.5637834438177693,0.0,0.61,1.8794632036981977,440,nested_validation
2022-02-04,0.01549187531044982,0.06475481709139141,0.030968433378138593,-0.08051732897612451,0.033360482797598755,43.63433550374377,0.04124348243473023,-1.2572882650431467,0.016818086724893266,1.0,0.5092073603283844,0.0,0.61,1.8794632036981977,440,nested_validation
2022-02-07,0.016818086724893266,0.009883030695016837,0.04231555498110495,-0.05922942019838695,0.033167451922800364,45.86851998944797,0.03963116777895246,-1.0767996982009649,0.01536719369316919,1.0,0.5019282991378289,0.0,0.61,1.8794632036981977,440,nested_validation
2022-02-08,0.01536719369316919,0.019076038714797905,0.046057637247959526,-0.03764886107158194,0.03338046704124575,47.93346733149887,0.04978492949958356,-0.7689875958513795,0.06360506454361481,1.0,0.48932813808603925,0.0,0.61,1.8794632036981977,440,nested_validation
2022-02-09,0.06360506454361481,0.05795866438878994,0.09465542961843054,0.028313532350630277,0.03629730803207441,55.599217285774664,0.05137613722225335,-0.01969976936866271,-0.032990003020703096,0.0,0.43727527634222585,0.0,0.61,1.8794632036981977,440,nested_validation
2022-02-10,-0.032990003020703096,0.07833624651239446,0.041970848198761734,-0.0002504971182980542,0.03688361350515907,51.127197489446125,0.05130881684186515,-0.14792686808000205,-0.07260679636180245,0.0,0.5471246568638232,0.0,0.61,1.8794632036981977,440,nested_validation
2022-02-11,-0.07260679636180245,-0.015214468410599591,-0.03798802679816882,-0.0660451870712716,0.03855088425131969,43.16895540239619,0.09933607955226477,0.49563149350422336,0.013278173655514758,1.0,0.6524611572173087,1.0,0.61,1.8794632036981977,440,nested_validation
2022-02-14,0.013278173655514758,-0.018642864521290825,-0.024355966636416704,-0.04727328009700382,0.038538466048898073,44.739990105218205,0.04615324638720253,-0.7221977685173661,0.09181208703515598,1.0,0.4854329798255124,0.0,0.61,1.8794632036981977,440,nested_validation
2022-02-15,0.09181208703515598,0.05524148196739209,0.057325972199313346,0.04515808062646065,0.04299002524763313,54.27695477462834,0.06646535662523022,1.0640621548800466,0.0006037292848999343,1.0,0.458825991957114,0.0,0.61,1.8794632036981977,440,nested_validation
2022-02-16,0.0006037292848999343,-0.007264446784326917,0.05263363417821054,0.0496245547829024,0.04226877201705471,54.33788463830488,0.03885182373712683,1.1749196982447143,-0.07559124358581848,0.0,0.5166443950643613,0.0,0.61,1.495399016798746,503,nested_validation
2022-02-17,-0.07559124358581848,-0.05099901649114791,-0.0290912145369423,-0.025735836409098933,0.04490021661714865,46.05716131102269,0.06610351874574959,1.5229103414114329,-0.03529596755594144,0.0,0.6045432709011186,0.0,0.61,1.495399016798746,503,nested_validation
2022-02-18,-0.03529596755594144,-0.012818864756818149,-0.060841452078255864,-0.05443977453205162,0.0450246654152985,43.01038079269304,0.07977327060913898,1.1603100713691195,-0.010659036909621555,0.0,0.5724671173592433,0.0,0.61,1.495399016798746,503,nested_validation
2022-02-22,-0.010659036909621555,-0.03613957106888377,-0.06588708265621579,-0.05968341017858325,0.04510314430927465,42.13586517402283,0.04548949139760474,0.46680110086878746,-0.04288158912647155,0.0,0.5205968416057357,0.0,0.61,1.495399016798746,503,nested_validation
2022-02-23,-0.04288158912647155,-0.15504822395987783,-0.09612114816057027,-0.09391890219061039,0.04500541390317631,38.758022107377606,0.08281592726055138,-0.0037792968188041995,0.06079431315784811,1.0,0.6633133597111897,1.0,0.61,1.495399016798746,503,nested_validation
2022-02-24,0.06079431315784811,-0.10422076923843071,-0.0295847525085301,-0.03352882555695613,0.04670454887304942,45.18000286545341,0.12253663241154708,1.3198798722499574,0.017222381482070448,1.0,0.47048834432350284,0.0,0.61,1.495399016798746,503,nested_validation
2022-02-25,0.017222381482070448,-0.014281641022021563,-0.0061015930082947145,-0.011733117369615353,0.04588883899309823,46.979333960784516,0.034606886178492696,-0.27080476225136396,0.009438400030288063,1.0,0.5082497662558726,0.0,0.61,1.495399016798746,503,nested_validation
2022-02-28,0.009438400030288063,0.031427183574990636,0.0014827002289088398,0.0005827264545170685,0.04519769837704591,48.00392002804696,0.039286453726205366,-0.6384025329653261,-0.03723605677177466,0.0,0.5159982588688526,0.0,0.61,1.495399016798746,503,nested_validation
2022-03-01,-0.03723605677177466,0.003719586531186758,-0.03267007351699769,-0.03208782096297769,0.043238560361013326,44.32999134239374,0.05303066308578718,-1.0492418638079526,0.03182369084397818,1.0,0.5496680335348182,0.0,0.61,1.495399016798746,503,nested_validation
2022-03-02,0.03182369084397818,0.08206219479342036,0.007541258613126267,0.0010243105014662301,0.04381365756760855,47.86564248780929,0.04104044217099113,-1.130091708053352,-0.020891720670922376,0.0,0.4985402704034672,0.0,0.61,1.495399016798746,503,nested_validation
2022-03-03,-0.020891720670922376,-0.001261563594391113,-0.0019136466592739598,-0.018064251041857604,0.04366653291784427,45.746221692038134,0.03613900335607775,-1.1951927562944076,-0.03280755835547233,0.0,0.5197421320553037,0.0,0.61,1.495399016798746,503,nested_validation
2022-03-04,-0.03280755835547233,-0.05038240953371631,-0.028250207324422516,-0.04869053569656534,0.04280555211185963,42.6213270988482,0.0522322946976609,-0.7471083881644144,-0.06906173566907137,0.0,0.5201918233877688,0.0,0.61,1.495399016798746,503,nested_validation
2022-03-07,-0.06906173566907137,-0.12423051132166629,-0.08651366305553831,-0.11191183013726869,0.04506077884950939,37.06925434140128,0.07975838701473575,-0.6670781668777036,0.007586876949043253,1.0,0.6700609607533995,1.0,0.61,1.495399016798746,503,nested_validation
2022-03-08,0.007586876949043253,-0.08345773620701047,-0.07215210655342275,-0.10286796739411463,0.04487709260601259,37.95934788504823,0.0800873653268593,0.038564958701953096,0.06972223271985167,1.0,0.4972502620730861,0.0,0.61,1.495399016798746,503,nested_validation
2022-03-09,0.06972223271985167,-0.04979344290419385,-0.010153418034850703,-0.04124253272314715,0.04764474585479705,45.62806927339696,0.042278594565672414,-0.48982637345279806,-0.015468807356532,0.0,0.43428285979973347,0.0,0.61,1.495399016798746,503,nested_validation
2022-03-10,-0.015468807356532,-0.04453060538286602,-0.020891992312151775,-0.05592900231405895,0.04515215592279046,44.23069850526649,0.03998588134436669,-0.9297638227883386,-0.024627053563151424,0.0,0.49731942005665225,0.0,0.61,1.495399016798746,503,nested_validation
2022-03-11,-0.024627053563151424,-0.0364492540146818,-0.03645694516437792,-0.0793829400690712,0.04494928412382147,42.056579570595204,0.04972854804598174,-1.2770721704462396,-0.034841626021608785,0.0,0.5110050542341543,0.0,0.61,1.495399016798746,503,nested_validation
2022-03-14,-0.034841626021608785,-0.001030350912433975,-0.057491624100736716,-0.1095966141731789,0.04288874648239839,39.19361378443166,0.051711145685220734,-1.0413416461233165,0.07702740492922455,1.0,0.46948505950900093,0.0,0.61,1.495399016798746,503,nested_validation
2022-03-15,0.07702740492922455,0.06781629790346289,0.017355059938862105,-0.03899351709781573,0.04634732207899224,47.418752203784585,0.07469636682998369,-0.3117599278645971,0.066295337784261,1.0,0.46801978259002613,0.0,0.61,1.495399016798746,503,nested_validation
2022-03-16,0.066295337784261,0.06439550870090271,0.08347666013414656,0.02491367694729396,0.04405081835233025,53.67429776584434,0.05817273106610407,0.9828339860096863,0.01102220708888435,1.0,0.4242382768110976,0.0,0.61,1.495399016798746,503,nested_validation
2022-03-17,0.01102220708888435,0.09303545125155277,0.09034551046017669,0.03689262626841483,0.04415116077978448,54.70314321903959,0.03779370460988269,-0.37453194631905995,0.06811768205532709,1.0,0.47790175220329884,0.0,0.61,1.495399016798746,503,nested_validation
2022-03-18,0.06811768205532709,0.19696829490718026,0.14685945245546916,0.10365873357649003,0.04334503752966161,60.59221478189964,0.07352662306339525,1.7147834385406622,0.010622613164574357,1.0,0.4960476310406503,0.0,0.61,1.495399016798746,503,nested_validation
2022-03-21,0.010622613164574357,0.253352049454759,0.1326143007774625,0.11164252445943634,0.04236740786473833,61.490313429270365,0.04432563052414251,0.734285242107904,-0.007855275841659903,0.0,0.5812055179585397,0.0,0.61,1.495399016798746,503,nested_validation
2022-03-22,-0.007855275841659903,0.15457287130154063,0.10036168299862291,0.10016514373382002,0.04231315025339028,60.38277488205582,0.043960200529043925,0.38692900624831067,-0.03355451001288656,0.0,0.5037932573080538,0.0,0.61,1.495399016798746,503,nested_validation
2022-03-23,-0.03355451001288656,0.04645655363130485,0.05200513587044475,0.062470676194418706,0.04180697721836521,55.79602970967354,0.04045403438004359,0.006272846346247844,0.09815085677832469,1.0,0.5322306435642195,0.0,0.61,1.495399016798746,503,nested_validation
2022-03-24,0.09815085677832469,0.13663889170189214,0.12979603984883492,0.1644211104325426,0.04486175994305738,64.09853183317553,0.08571936552436472,2.911785756501173,-0.016269881856519897,0.0,0.4576204599152075,0.0,0.61,1.495399016798746,503,nested_validation
2022-03-25,-0.016269881856519897,0.04683775018945724,0.08701800620483602,0.1425264278988838,0.04516758268440356,61.82223238695061,0.03925321086775485,0.5330491796283716,0.019030587769755636,1.0,0.5172974517782124,0.0,0.61,1.495399016798746,503,nested_validation
2022-03-28,0.019030587769755636,0.055547020202500796,0.07853879261302654,0.1574657402425732,0.045232680295141235,63.4314596803245,0.03699637232683766,-0.6443009358162118,0.015486141024738886,1.0,0.47662163310695393,0.0,0.61,1.495399016798746,503,nested_validation
2022-03-29,0.015486141024738886,0.08038005355006272,0.07195762067470746,0.16837261289889183,0.044019821614204833,64.75802903490413,0.033710203749375056,-0.18354232438975482,-0.0337101994861555,0.0,0.4958520155666786,0.0,0.61,1.495399016798746,503,nested_validation
2022-03-30,-0.0337101994861555,0.08020600979569692,0.0235917894206219,0.12714902594918165,0.04477851460402913,59.610248055383074,0.03586132218727218,-0.4220643533471893,-0.014590222851813883,0.0,0.5066327254934965,0.0,0.61,1.495399016798746,503,nested_validation
2022-03-31,-0.014590222851813883,-0.030692771565372978,-0.00065202045942514,0.10953012211664781,0.04459804152479337,57.54979418852181,0.0358425111294628,-0.003770055728978219,-0.021036311954365727,0.0,0.49453131246580984,0.0,0.61,1.495399016798746,503,nested_validation
2022-04-01,-0.021036311954365727,-0.03538931898468911,-0.02260175551304522,0.08294693412228238,0.04413066102328244,54.65902716811834,0.04600928782820687,-0.09310549493456424,0.024258801225175874,1.0,0.5014606988250296,0.0,0.61,1.495399016798746,503,nested_validation
2022-04-04,0.024258801225175874,-0.030440310974278018,-0.001179090286762885,0.10366659755762675,0.04045262004201211,57.26858876456427,0.034539461759612665,-1.0707381860429908,-0.052229501734154304,0.0,0.4616595062064939,0.0,0.61,1.495399016798746,503,nested_validation
2022-04-05,-0.052229501734154304,-0.09509344102018558,-0.051293218344196645,0.04245530837349176,0.04289934613200085,50.3821547494423,0.05780727945044596,-0.6836555527336041,-0.05877161815940146,0.0,0.5860493655198754,0.0,0.61,1.495399016798746,503,nested_validation
2022-04-06,-0.05877161815940146,-0.11856284132090267,-0.10302363904071132,-0.021465244462535726,0.043136791167550745,44.26835848130712,0.05314045149155261,1.3642270749002405,-0.008153206925444634,0.0,0.6866495410197819,1.0,0.61,1.495399016798746,503,nested_validation
2022-04-07,-0.008153206925444634,-0.11280500822436978,-0.09725871883896786,-0.030044963099450817,0.04300220830369028,43.52564727381208,0.051387949099130865,0.1714219907479448,-0.044985162970251014,0.0,0.610011811210729,1.0,0.61,1.495399016798746,503,nested_validation
2022-04-08,-0.044985162970251014,-0.13450887828567049,-0.12291151982309523,-0.07239767844681899,0.04390445009604491,39.60919625474651,0.037242098722103684,-0.16435825639501125,-0.05199182020605697,0.0,0.6642885814580846,1.0,0.61,1.495399016798746,503,nested_validation
2022-04-11,-0.05199182020605697,-0.1989400901971452,-0.14814639585023937,-0.11771809231753882,0.044797491123821816,35.782064756402235,0.03011360372888969,0.18768831149077375,-0.018843835226640238,0.0,0.683071926767003,1.0,0.61,1.495399016798746,503,nested_validation
2022-04-12,-0.018843835226640238,-0.1707223739355067,-0.1403007871425873,-0.132050448628531,0.0415619409510856,34.546920345951634,0.06710383244566487,0.8679253743066874,0.032505540803111854,1.0,0.5939161170000152,0.0,0.61,1.495399016798746,503,nested_validation
2022-04-13,0.032505540803111854,-0.09030182228328987,-0.09244750303078975,-0.10139875647423147,0.0393616277762582,38.42122949071399,0.047065717152977644,-0.33486620788516885,-0.042561901154601345,0.0,0.4872661299080871,0.0,0.61,1.495399016798746,503,nested_validation
2022-04-14,-0.042561901154601345,-0.12186065440981808,-0.10912384609018377,-0.13678482705649508,0.0400559342683811,35.37281184212259,0.07592437503330998,0.0862089530115779,0.02469666643778723,1.0,0.6217173237893538,1.0,0.61,1.495399016798746,503,nested_validation
2022-04-18,0.02469666643778723,-0.05778797856929052,-0.06786770857740343,-0.11408368242030531,0.03699527926942146,38.30161195361419,0.04632047133215639,-0.22659142164150844,0.019051618757903288,1.0,0.40021416790196374,0.0,0.61,1.495399016798746,503,nested_validation
2022-04-19,0.019051618757903288,0.012821098084638605,-0.02865289830156703,-0.09823976521789013,0.0372633472960994,40.59344203030134,0.04770700141646259,-0.31341512540137206,-0.03225517605895689,0.0,0.43732779055906223,0.0,0.61,1.495399016798746,503,nested_validation
2022-04-20,-0.03225517605895689,-0.0010230680494160982,-0.04132021074872827,-0.12728838703882173,0.03761775864993486,37.972676277885306,0.06842934965734432,-0.6889637214529546,-0.060469228481924375,0.0,0.49513009898179994,0.0,0.61,1.495399016798746,503,nested_validation
2022-04-21,-0.060469228481924375,-0.09097866257042408,-0.08198583527172443,-0.176905109531875,0.03890334161803384,33.71932066410399,0.11851558893391949,0.9950851817943549,-0.03309726148696279,0.0,0.6741948117085973,1.0,0.61,1.495399016798746,503,nested_validation
2022-04-22,-0.03309726148696279,-0.08199264099958725,-0.09300905491355316,-0.2007323794223893,0.029955966185266525,31.74982448649095,0.050525241705012526,1.1098144057668555,0.01983110276682787,1.0,0.5720566594171757,0.0,0.61,1.495399016798746,503,nested_validation
2022-04-25,0.01983110276682787,-0.08635161219752552,-0.060982694957198436,-0.18242869140810325,0.03105506515759869,34.14952751118808,0.04265897925895004,1.2389528408938464,-0.055974295831137444,0.0,0.4397738488372229,0.0,0.61,1.495399016798746,503,nested_validation
2022-04-26,-0.055974295831137444,-0.1536173960360654,-0.10026043863972833,-0.2254957485992647,0.031140083258017592,30.793207482498204,0.05950606898880375,1.2540188889215376,-0.019853118468062703,0.0,0.6343258506935849,1.0,0.61,1.495399016798746,503,nested_validation
2022-04-27,-0.019853118468062703,-0.14277064641921478,-0.10488165755030177,-0.23608754048305947,0.030081315859242203,29.73926363134119,0.04762415735899924,-0.6421640704966189,0.07423271080747074,1.0,0.5662236249763338,0.0,0.61,1.495399016798746,503,nested_validation
2022-04-28,0.07423271080747074,-0.019868385158999358,-0.026984110151220375,-0.17399602986379092,0.036408196631758004,38.100866682080934,0.07820245259469133,0.17124155017787984,-0.062430256457022715,0.0,0.40319283093255814,0.0,0.61,1.495399016798746,503,nested_validation
2022-04-29,-0.062430256457022715,-0.04960270546130985,-0.0754006155076381,-0.21880171099767087,0.03778184310032231,34.147079657621006,0.08686040783753955,-0.6977463802501322,0.053162047773290366,1.0,0.6406461421160831,1.0,0.61,1.495399016798746,503,nested_validation
2022-05-02,0.053162047773290366,-0.018541052337947006,-0.0152008854082758,-0.1691998308663184,0.040858797013092446,39.54133864273411,0.060564101772907324,0.17244409282003217,0.0035327687785153827,1.0,0.37373900076490413,-1.0,0.61,1.495399016798746,503,nested_validation
2022-05-03,0.0035327687785153827,0.04332563280879631,0.001384594702012576,-0.1577483369754774,0.04011374215065943,39.91230599275986,0.035302589944452026,-1.1975046397534563,0.03734298504188183,1.0,0.4795738691893473,0.0,0.61,1.495399016798746,503,nested_validation
2022-05-04,0.03734298504188183,0.104208508644142,0.04490729947540384,-0.1184809034577392,0.04078335932526853,43.848263582192395,0.08109571149526977,1.1058315577531879,-0.0732762197399408,0.0,0.4547805478933514,0.0,0.61,1.495399016798746,503,nested_validation
2022-05-05,-0.0732762197399408,-0.047416567163703016,-0.024950499918503954,-0.17498020149109728,0.04173968790229768,38.342623895536406,0.07562084734904957,0.9071482168458628,-0.008968402727687175,0.0,0.6062879853531078,0.0,0.61,1.495399016798746,503,nested_validation
2022-05-06,-0.008968402727687175,0.0069013931821964025,-0.029476841729206726,-0.17091499590422032,0.04173633206401347,37.763443291776845,0.0814992996685351,0.9363158488307649,-0.09236954497010219,0.0,0.5319967804472041,0.0,0.61,1.495399016798746,503,nested_validation
2022-05-09,-0.09236954497010219,-0.13223765364841078,-0.10539929518000091,-0.2353417872790956,0.04477484939390726,32.38600489564749,0.08424775411115218,1.0039961270528643,0.038053069878180024,1.0,0.7067651331834149,1.0,0.61,1.495399016798746,503,nested_validation
2022-05-10,0.038053069878180024,-0.10238768919187435,-0.06547272182708319,-0.19335738261896807,0.04529135548680524,36.05274717996948,0.0666666883472429,2.266369633219589,-0.05484506809179979,0.0,0.40381933365710243,0.0,0.61,1.495399016798746,503,nested_validation
2022-05-11,-0.05484506809179979,-0.18215796054420363,-0.10827272326182136,-0.22332421549020975,0.046315501490962904,33.155708930324835,0.0712567363646072,1.061419794371556,-0.02736015565747485,0.0,0.7145613318675895,1.0,0.61,1.495399016798746,503,nested_validation
2022-05-12,-0.02736015565747485,-0.1416366225869009,-0.11556439848930644,-0.23078502336081552,0.045285910177714155,31.855914662117186,0.07548684855049763,1.3949838238164873,0.09465218182697699,1.0,0.5857253250532178,0.0,0.61,1.495399016798746,503,nested_validation
2022-05-13,0.09465218182697699,-0.05188760230069778,-0.027378014645111137,-0.14499288623102247,0.05062135546158624,40.332192513135304,0.07539812106870569,0.8351357944261469,-0.024963194403777478,0.0,0.38373370485752045,-1.0,0.61,1.495399016798746,503,nested_validation
2022-05-16,-0.024963194403777478,0.018525192137202273,-0.039688446896991136,-0.15346258111522015,0.05018165162977842,38.83050218081101,0.0395041247077219,-1.011337697809852,0.05288440974422293,1.0,0.46212120884527236,0.0,0.61,1.495399016798746,503,nested_validation
2022-05-17,0.05288440974422293,0.033077524503490885,0.01917566167602236,-0.0951119723724776,0.05169017994601716,43.50934404086974,0.04054571765762864,-0.26694883555147925,-0.06816312513622724,0.0,0.4291012781347925,0.0,0.61,1.495399016798746,503,nested_validation
2022-05-18,-0.06816312513622724,0.018520561472175068,-0.0318599612025845,-0.14401814824572023,0.05308512540457191,39.13460984610925,0.0740346989265113,-0.8950001541268561,0.010981336990315338,1.0,0.5818098167969836,0.0,0.61,1.495399016798746,503,nested_validation
2022-05-19,0.010981336990315338,0.058670673403592444,-0.011510480458662542,-0.12386952040413024,0.051988531001714355,40.10817932815481,0.05565294275682034,0.17377702829956304,-0.02511104986516266,0.0,0.45302262413986605,0.0,0.61,1.495399016798746,503,nested_validation
2022-05-20,-0.02511104986516266,-0.0571559090026067,-0.025185071755146726,-0.1347824402275729,0.05181563870035331,38.572121585465446,0.09913739719466433,1.6049634024174178,0.01222006452613944,1.0,0.49578512675752223,0.0,0.61,1.495399016798746,503,nested_validation
2022-05-23,0.01222006452613944,-0.021200326849314832,-0.012973062548436998,-0.1146946849205619,0.051649036507960565,39.75101033244008,0.043555452112604684,0.3285656433755208,-0.044028980791740224,0.0,0.429856175993375,0.0,0.61,1.495399016798746,503,nested_validation
2022-05-24,-0.044028980791740224,-0.11129454241811554,-0.048421399293893996,-0.14506946343387905,0.05114367634477533,36.96476106204668,0.050575734991642765,-0.2924307151129141,0.05082344932813565,1.0,0.5259144210202364,0.0,0.61,1.495399016798746,503,nested_validation
2022-05-25,0.05082344932813565,0.0021845663807409377,-0.002086927081913492,-0.09438331522388166,0.05250294918507405,41.81164675375043,0.06544919211006009,1.9194153095234123,0.05160530956277354,1.0,0.39449688390772925,0.0,0.61,1.495399016798746,503,nested_validation
2022-05-26,0.05160530956277354,0.04245506084742767,0.0391720043427215,-0.040220656715514,0.051057248831408684,46.53543180515477,0.11595987419683487,3.083435698548555,0.05377883035384268,1.0,0.480617680423486,0.0,0.61,1.495399016798746,503,nested_validation
2022-05-27,0.05377883035384268,0.12681252009709398,0.08805837082346701,0.015850174460084965,0.050666775528779615,51.20997836601931,0.041518266074057966,0.7266926046044465,-0.0073896056758256945,0.0,0.4419890908164182,0.0,0.61,1.495399016798746,503,nested_validation
2022-05-31,-0.0073896056758256945,0.10498285807701402,0.07129334729303016,0.01402207374579545,0.04930995276353985,50.52118177039005,0.04552272607014068,0.009717616806127038,-0.01885190668070036,0.0,0.5088244688677314,0.0,0.61,1.495399016798746,503,nested_validation
2022-06-01,-0.01885190668070036,0.13408440482921002,0.05023576554972098,0.0019395432227193865,0.04944753509449534,48.733613912434535,0.05081876481266553,-1.182314273083317,0.06943238636731497,1.0,0.5120038166432189,0.0,0.61,1.495399016798746,503,nested_validation
2022-06-02,0.06943238636731497,0.15416780256845475,0.10632379410794379,0.07521127833317331,0.05119276514764952,54.93833581834614,0.07252958327857176,-0.17273888662200718,-0.04450767025809166,0.0,0.42183865275634974,0.0,0.61,1.495399016798746,503,nested_validation
2022-06-03,-0.04450767025809166,0.04868097618082845,0.04764219021830596,0.030113034641556125,0.0495052915152599,50.43216153132823,0.04326930571590211,-0.638464588589286,0.0035253425704659946,1.0,0.5592608196725629,0.0,0.61,1.495399016798746,503,nested_validation
2022-06-06,0.0035253425704659946,-0.0013294008614460617,0.03916928249265639,0.03512867369637962,0.0494557072692853,50.76132918973194,0.04114770286622142,-1.992625623485909,0.007452497874475439,1.0,0.4807463011946816,0.0,0.61,1.495399016798746,503,nested_validation
2022-06-07,0.007452497874475439,0.013603318491294258,0.035299569219583216,0.044715749646432545,0.044519323947442874,51.49719328186608,0.04290395483072838,-1.9432053093830082,-0.01448058002375796,0.0,0.4666648798235488,0.0,0.61,1.495399016798746,503,nested_validation
2022-06-08,-0.01448058002375796,0.018119243493702974,0.006553899626284165,0.029845481641791016,0.04412878407088632,49.924309213786564,0.03458818280557182,-1.842595759978007,-0.03217494333761306,0.0,0.5038508751834261,0.0,0.61,1.495399016798746,503,nested_validation
2022-06-09,-0.03217494333761306,-0.07861279770059226,-0.03146015022491033,-0.0026230644461209263,0.0428791888743236,46.570014413915025,0.04942376893689206,-1.4345882756206096,-0.05950804316123315,0.0,0.5050311601337925,0.0,0.61,1.495399016798746,503,nested_validation
2022-06-10,-0.05950804316123315,-0.09307775068080792,-0.08480733686480246,-0.05710509574097933,0.04462957198257705,41.23000551225314,0.04878054535964494,-0.8749184355717086,-0.07817850577590546,0.0,0.5199618311341235,0.0,0.61,1.495399016798746,503,nested_validation
2022-06-13,-0.07817850577590546,-0.1669164817790435,-0.14173252963636918,-0.12613308183778793,0.04282148852057114,35.772040059434914,0.04512049044226005,0.0774987444210893,0.012079105507870391,1.0,0.6021467848301253,0.0,0.61,1.495399016798746,503,nested_validation
2022-06-14,0.012079105507870391,-0.16309064326776046,-0.1176588282749298,-0.10945527722983728,0.04272902824864701,37.05021576440104,0.041298324325138046,-0.8019659461300228,0.04363475794473137,1.0,0.48276644878526637,0.0,0.61,1.495399016798746,503,nested_validation
2022-06-15,0.04363475794473137,-0.11373872880558011,-0.06988620201029849,-0.06521560365013568,0.042163854281633065,41.62421514925647,0.05699766229485649,-0.16662748149132614,-0.056029463536166,0.0,0.46186980268803857,0.0,0.61,1.495399016798746,503,nested_validation
2022-06-16,-0.056029463536166,-0.13558290120984695,-0.10184777110913568,-0.10965332400253347,0.041312710491279256,37.673671095565965,0.034677288124569494,-0.28791409766893367,0.0178834225107678,1.0,0.5563096376560953,0.0,0.61,1.495399016798746,503,nested_validation
2022-06-17,0.0178834225107678,-0.06445150477327166,-0.07061144799365571,-0.08859884399111018,0.04145860685802476,39.535703152857934,0.04200250705842096,0.27201448715468024,0.04319889461705162,1.0,0.4687016176705581,0.0,0.61,1.495399016798746,503,nested_validation
2022-06-21,0.04319889461705162,0.05873334717872458,-0.01772327784326877,-0.04538290287240809,0.04229278610510412,43.968261165466835,0.0362791158219786,-0.6325378839868606,-0.012434957860868123,0.0,0.4795299641841847,0.0,0.61,1.495399016798746,503,nested_validation
2022-06-22,-0.012434957860868123,0.03308924858792128,-0.014974007770802156,-0.05619040938364406,0.042293231752826885,42.950039177407724,0.029462123042169695,-0.8615908658422532,-0.008251608532308885,0.0,0.49075937885057497,0.0,0.61,1.495399016798746,503,nested_validation
2022-06-23,-0.008251608532308885,-0.018272827030646477,-0.00863938588965596,-0.06151261972839006,0.041164660096342336,42.2593687265722,0.04511552419523117,-0.6366898573988604,0.05553114078187216,1.0,0.497917475164515,0.0,0.61,1.495399016798746,503,nested_validation
2022-06-24,0.05553114078187216,0.09774994323734942,0.05234037390543067,-0.01035046922855165,0.041460818564451475,48.241712640028645,0.0484643203508292,-0.5047635420042608,-0.01500620498149674,0.0,0.4888059775223253,0.0,0.61,1.495399016798746,503,nested_validation
2022-06-27,-0.01500620498149674,0.062279686119227406,0.03721793420435193,-0.026509118379863583,0.039934632379391356,46.753735771962205,0.04173338636989123,-0.8673103632555981,-0.05258160426471159,0.0,0.491500368506789,0.0,0.61,1.495399016798746,503,nested_validation
2022-06-28,-0.05258160426471159,-0.03525270086227161,-0.019340639100525525,-0.0746346731061589,0.039226222637813765,41.94496143150748,0.07865097871853909,-0.46582665255942957,-0.0275309633282107,0.0,0.5924259926636821,0.0,0.61,1.495399016798746,503,nested_validation
2022-06-29,-0.0275309633282107,-0.04999991231767187,-0.0446156473263325,-0.09711650969375873,0.039472526265422844,39.76031114608641,0.04182213525853395,-0.13725598741990366,-0.024643100653580996,0.0,0.49400927421859847,0.0,0.61,1.495399016798746,503,nested_validation
2022-06-30,-0.024643100653580996,-0.06570139374826722,-0.060256741878453424,-0.1141961624762895,0.03956969878766535,37.90940863412014,0.04650701927933203,2.0496059112844223,-0.0419552776403026,0.0,0.47882566090507217,0.0,0.61,1.495399016798746,503,nested_validation
2022-07-01,-0.0419552776403026,-0.15199105526677403,-0.09362682614596807,-0.14735545732568334,0.035855131378867075,34.996060270181076,0.04620254340735111,0.9385713184315232,0.030365776221960905,1.0,0.5675170192775515,0.0,0.61,1.495399016798746,503,nested_validation
2022-07-05,0.030365776221960905,-0.11292903670849763,-0.06073460058375413,-0.11774108503494696,0.03639979004153528,38.52398546123384,0.06121354102835857,1.6918766712607225,0.01109324451631144,1.0,0.3870431025599763,-1.0,0.61,1.495399016798746,503,nested_validation
2022-07-06,0.01109324451631144,-0.053310066146093016,-0.04167723988532834,-0.10520984954606205,0.03658203847061523,39.84736570476626,0.03502978735205995,0.27390422482578114,0.04811626700457983,1.0,0.4591526562767868,0.0,0.61,1.495399016798746,503,nested_validation
2022-07-07,0.04811626700457983,0.02033183789341897,0.007637595832264754,-0.060235808543041336,0.0385755052531083,45.39862779416858,0.03506115290794888,-0.20474657686558353,-0.0012612257626076762,0.0,0.5032457529060711,0.0,0.61,1.495399016798746,503,nested_validation
2022-07-08,-0.0012612257626076762,0.044791880567939035,0.008847575658860851,-0.06084116012783125,0.03857280213056989,45.27500724714467,0.040914301363125585,-0.6088581870084234,-0.04331351391464244,0.0,0.5366592678919319,0.0,0.61,1.495399016798746,503,nested_validation
2022-07-11,-0.04331351391464244,0.0433106613740919,-0.02255885724286777,-0.09827661668593057,0.039004734806401146,41.13737671540516,0.03227298750304002,-1.0668855836892162,-0.004619908715178256,0.0,0.5322976408008347,0.0,0.61,1.495399016798746,503,nested_validation
2022-07-12,-0.004619908715178256,0.007885437698447184,-0.015728073036211043,-0.09749182384106969,0.03716750370593173,40.7283475573808,0.0367325228050014,-0.7780309917372366,0.0054370604783333665,1.0,0.4838669882031429,0.0,0.61,1.495399016798746,503,nested_validation
2022-07-13,0.0054370604783333665,0.0022471985392609195,-0.005065177152257627,-0.08594270717025976,0.0332154845194811,41.462616874990076,0.06001054299439904,0.122713287637603,0.013716698772150426,1.0,0.49306470009182185,0.0,0.61,1.495399016798746,503,nested_validation
2022-07-14,0.013716698772150426,-0.03064692969561922,0.00970828058864548,-0.0672274223366145,0.03324966132337298,43.37869507680067,0.048464734460760224,-0.766836458169883,0.02537077538161614,1.0,0.4991158055643995,0.0,0.61,1.495399016798746,503,nested_validation
2022-07-15,0.02537077538161614,-0.004798516934018671,0.031240816764098733,-0.03859550817099355,0.03224883074636126,46.88903779404554,0.02138052857468287,-1.5248695528656617,0.02150753642010983,1.0,0.5092259597036881,0.0,0.61,1.495399016798746,503,nested_validation
2022-07-18,0.02150753642010983,0.06263214751594859,0.04265567615101373,-0.010906015734509111,0.030090397179529344,49.80227739239061,0.055586520076085555,1.8951181263377668,0.05533801739589905,1.0,0.5380514964296911,0.0,0.61,1.495399016798746,503,nested_validation
2022-07-19,0.05533801739589905,0.12664108273764518,0.08609081716911482,0.0475265764938122,0.03211606088735917,56.54843717609693,0.055202430163226894,2.0731669774460886,0.04796389299144077,1.0,0.45640466175547945,0.0,0.61,1.495399016798746,503,nested_validation
2022-07-20,0.04796389299144077,0.1742944650440179,0.11903635574554161,0.09997395903822048,0.032422892308520905,61.628287203728064,0.0635705070996174,2.211446294096778,0.013646289264942046,1.0,0.4835153234745737,0.0,0.61,1.495399016798746,503,nested_validation
2022-07-21,0.013646289264942046,0.17421290232072328,0.11889418641503302,0.11699008235039021,0.03225399044390578,63.01658813176987,0.03318554286737178,0.23073322655603093,-0.040498775113251284,0.0,0.5430859939485823,0.0,0.61,1.495399016798746,503,nested_validation
2022-07-22,-0.040498775113251284,0.09878177251077336,0.06381399069623117,0.07469955801046835,0.03367321821428587,56.4052360837777,0.04792423996800046,-0.0010999331327275635,-0.017033123342629075,0.0,0.5621895476400426,0.0,0.61,1.495399016798746,503,nested_validation
2022-07-25,-0.017033123342629075,0.05732561781979051,0.03380647090096378,0.05863634537403173,0.03176259453241714,53.94558272149911,0.02790180784695135,-0.5527103057401748,-0.028841665253867443,0.0,0.5173951241044134,0.0,0.61,1.495399016798746,503,nested_validation
2022-07-26,-0.028841665253867443,-0.02701260699386998,-0.004779531454873642,0.029044174946915913,0.03223353971084723,50.03469498611696,0.026673922428263636,-1.325859597358558,0.07602947042453212,1.0,0.5208717303294621,0.0,0.61,1.495399016798746,503,nested_validation
2022-07-27,0.07602947042453212,-0.0009549792430841864,0.05422199789601234,0.10238052174130696,0.0339806509236161,58.35786565824396,0.05750425320496737,0.27867631875551635,0.010905190361863992,1.0,0.4393673402224825,0.0,0.61,1.495399016798746,503,nested_validation
2022-07-28,0.010905190361863992,-0.003656593444728684,0.049474188395535856,0.10947966384064611,0.033108788377648364,59.47976111508837,0.038923425527864576,-0.6418747187439525,0.00995321445743591,1.0,0.4816286150281849,0.0,0.61,1.495399016798746,503,nested_validation
2022-07-29,0.00995321445743591,0.04873261237653814,0.0452742165147304,0.1167654176883215,0.032257940410231174,60.53619799142631,0.03039145749767165,-0.9300144676625013,0.015305891423987417,1.0,0.4954921025335856,0.0,0.61,1.495399016798746,503,nested_validation
2022-08-01,0.015305891423987417,0.08323528000782865,0.0471712304151477,0.12729690954285333,0.030018845139972092,62.185175929798525,0.04641835589050713,-0.4684940422053216,0.004609595455206783,1.0,0.5008348578875845,0.0,0.61,1.495399016798746,503,nested_validation
2022-08-02,0.004609595455206783,0.12054699784453038,0.04291361008866268,0.12642000737993908,0.02977449883046635,62.69842580917441,0.045665589651927824,-0.26773435373624055,0.019809580169296792,1.0,0.5076981361999869,0.0,0.61,1.495399016798746,503,nested_validation
2022-08-03,0.019809580169296792,0.06200117639988312,0.057110576467327645,0.14334167032394673,0.029833899853239785,64.91260306715633,0.04398461319932154,-0.9359037733815609,0.017043519564994947,1.0,0.4821579467178128,0.0,0.61,1.495399016798746,503,nested_validation
2022-08-04,0.017043519564994947,0.06844976613609899,0.06816467051218456,0.15616965739788102,0.028678902467555046,66.77607942956693,0.026749931557800418,-0.9570745790436823,-0.011761640077947222,0.0,0.5016686032098363,0.0,0.61,1.495399016798746,503,nested_validation
2022-08-05,-0.011761640077947222,0.04547718590378236,0.04589169756750611,0.13627208880545894,0.028975810397458918,64.1989656601785,0.029648729045306386,-1.1175661622004973,-0.06298388963413293,0.0,0.5187159984312398,0.0,0.61,1.495399016798746,503,nested_validation
2022-08-08,-0.06298388963413293,-0.03513909011414795,-0.024116033026627126,0.06329063835677684,0.03101481103469291,52.62433201908711,0.056033259239058636,3.111613503531805,-0.039734687158067716,0.0,0.48723746241338406,0.0,0.61,1.495399016798746,503,nested_validation
2022-08-09,-0.039734687158067716,-0.07772883349709081,-0.06572613557273888,0.020599958747269387,0.03266062085152272,47.206191677269636,0.04231531979569053,0.8745728040976588,0.05917106375509551,1.0,0.5509795691740306,0.0,0.61,1.495399016798746,503,nested_validation
2022-08-10,0.05917106375509551,-0.042132029850734165,-0.012102539232787257,0.07645679671333117,0.034591901460691,54.431320589245665,0.04426151238822782,0.36859339399827035,-0.008564782276466287,0.0,0.43510097853285035,0.0,0.61,1.495399016798746,503,nested_validation
2022-08-11,-0.008564782276466287,-0.06625034104585559,-0.020339056543580813,0.062182670089194536,0.0347955810616616,53.22859824464115,0.04631597970611593,-0.24517144886977568,0.04274868954789457,1.0,0.5084836800439473,0.0,0.61,1.495399016798746,503,nested_validation
2022-08-12,0.04274868954789457,-0.014745558635241074,0.018503763917899763,0.09988441637233847,0.03542082966016935,58.155870399016024,0.04088948163831558,-0.5011508293921489,0.017264606952582806,1.0,0.4540056078336524,0.0,0.61,1.495399016798746,503,nested_validation
2022-08-15,0.017264606952582806,0.0696341940715024,0.032765047535505465,0.10907371380149122,0.03535931704848126,60.06392068700128,0.028951171693550812,-0.5751190142195302,-0.008039093829693478,0.0,0.4747747564407489,0.0,0.61,1.495399016798746,503,nested_validation
2022-08-16,-0.008039093829693478,0.10493973929116418,0.022503926806733965,0.09185445765682854,0.03387496114775379,58.69854663088892,0.033953109673406874,-0.5470502037266738,-0.028815384630970886,0.0,0.5073313460381871,0.0,0.61,1.495399016798746,503,nested_validation
2022-08-17,-0.028815384630970886,0.013151239144473026,-0.0039496618135062,0.05388071854834586,0.03322917755101421,53.99836000591165,0.029615451033099503,-0.5018912000248106,0.02388922664278792,1.0,0.504550531537537,0.0,0.61,1.495399016798746,503,nested_validation
2022-08-18,0.02388922664278792,0.046316108380454635,0.022299907244031303,0.0730639768272141,0.03348253413705728,56.984928956713844,0.036328726388395294,-0.6849599844633841,-0.04921972640221384,0.0,0.4906367102438102,0.0,0.61,1.495399016798746,503,nested_validation
2022-08-19,-0.04921972640221384,-0.04596694700516657,-0.021945691391479727,0.01635377290402551,0.0340912254744941,49.66033378417643,0.04201915854608914,-0.4445573275135689,-0.045660954024433265,0.0,0.572235507638087,0.0,0.61,1.495399016798746,503,nested_validation
2022-08-22,-0.045660954024433265,-0.1049811549506845,-0.06270636176818578,-0.03350636662773898,0.03543834939657373,44.25684008399533,0.03475407699399892,-0.6563845507693926,0.008629916294595308,1.0,0.550548866597237,0.0,0.61,1.495399016798746,503,nested_validation
2022-08-23,0.008629916294595308,-0.08994116890208625,-0.055111528945908095,-0.029020251043365697,0.034814394576499264,45.41061786812513,0.028810945012939876,-0.9391187727502932,0.0023864353133202787,1.0,0.5170666427320654,0.0,0.61,1.495399016798746,503,nested_validation
2022-08-24,0.0023864353133202787,-0.06070317301822492,-0.04827679773925897,-0.03046188721407339,0.03046914530670023,45.74791035804837,0.029671331781642298,0.23323069390091944,0.04012287030705686,1.0,0.5329875631476333,0.0,0.61,1.495399016798746,503,nested_validation
2022-08-25,0.04012287030705686,-0.045810731934341486,-0.009932255149345037,0.003653037595346298,0.031688325626240924,51.21829268310712,0.06218948885122624,1.8237909995465336,-0.0922792838320875,0.0,0.48718030260550954,0.0,0.61,1.495399016798746,503,nested_validation
2022-08-26,-0.0922792838320875,-0.08902467813009896,-0.08896336057441867,-0.08980990136160949,0.037443119314448894,40.65698047368423,0.103751552946578,1.5907941218621544,-0.028228848199003398,0.0,0.6203594789879583,1.0,0.61,1.495399016798746,503,nested_validation
2022-08-29,-0.028228848199003398,-0.07238466085095929,-0.09835838482276171,-0.11500812043994924,0.03747619530252299,38.29559197116462,0.036136900099097376,-0.1837653903211244,-0.021074611577772795,0.0,0.5383614227568853,0.0,0.61,1.495399016798746,503,nested_validation
2022-08-30,-0.021074611577772795,-0.09970327915827193,-0.09983943779603843,-0.13118700093970426,0.03749708447015407,36.633240812574144,0.0554046660493803,0.02392595669551519,-0.024178847798889014,0.0,0.5344243796325423,0.0,0.61,1.495399016798746,503,nested_validation
2022-08-31,-0.024178847798889014,-0.12356297680739103,-0.10471840035835345,-0.14786548142022315,0.03707354819306306,34.80582965791319,0.03849213815754973,0.2590635747076775,-0.07665293408487439,0.0,0.5872743614655103,0.0,0.61,1.495399016798746,503,nested_validation
2022-09-01,-0.07665293408487439,-0.22196158076460692,-0.14893221529255718,-0.20704662904729476,0.03916265364500436,29.845721900422305,0.0796440865898218,2.9685826002627813,-0.020807977743232953,0.0,0.6302345826600496,1.0,0.61,1.495399016798746,503,nested_validation
2022-09-02,-0.020807977743232953,-0.16070108398447736,-0.14469435807806585,-0.21810123287473715,0.03917315734341677,28.740169836531592,0.04250017662576225,0.7527282492124523,-0.013336300802106349,0.0,0.6059043817825784,0.0,0.61,1.495399016798746,503,nested_validation
2022-09-06,-0.013336300802106349,-0.14783869466188804,-0.13679259508071961,-0.2232492584960687,0.037634766092042936,28.038220739072855,0.03178614521233563,-0.1788786461105143,0.01879497607455005,1.0,0.6205550131221272,1.0,0.61,1.495399016798746,503,nested_validation
2022-09-07,0.01879497607455005,-0.1131319435050353,-0.10060203643402754,-0.2043435252051291,0.03772687173470448,30.57730992739296,0.03587579035047652,-0.264704314087995,0.020125456103086803,1.0,0.5280134050237918,0.0,0.61,1.495399016798746,503,nested_validation
2022-09-08,0.020125456103086803,-0.07286629461304495,-0.06266467514847107,-0.1823299412757593,0.03499855695578664,33.34051703085001,0.045675478871989354,0.34777769145024234,0.028377446498608405,1.0,0.42972154047488126,0.0,0.61,1.495399016798746,503,nested_validation
2022-09-09,0.028377446498608405,0.032594814782539006,-0.012778240835797372,-0.15320119920829334,0.036096385829464284,37.211808101108055,0.024188473672338087,-0.4083489361276152,0.008201910520782674,1.0,0.4516514673538061,0.0,0.61,1.495399016798746,503,nested_validation
2022-09-12,0.008201910520782674,0.06318683301590267,0.007417429154430444,-0.14009353887687837,0.03429841277340128,38.35772075145558,0.024060666967134894,-0.4238432040669325,-0.09472611180837531,0.0,0.48678276338262444,0.0,0.61,1.495399016798746,503,nested_validation
2022-09-13,-0.09472611180837531,-0.02451536528516418,-0.07081072909068398,-0.21330270095390824,0.03800138590694057,31.214195733436426,0.0626761085583684,0.7718769330674803,-0.00022832496408775604,0.0,0.5607688823683326,0.0,0.61,1.495399016798746,503,nested_validation
2022-09-14,-0.00022832496408775604,-0.04272996027290776,-0.05541261250698759,-0.2049200382555333,0.03813777952418239,31.200541407330334,0.028717233972598486,0.04283542825361091,-0.015158530562260464,0.0,0.49520316794284064,0.0,0.61,1.495399016798746,503,nested_validation
2022-09-15,-0.015158530562260464,-0.07583991073517127,-0.055041429100653017,-0.20743878165368068,0.03804645819236884,30.25452709293579,0.03426404541581689,-0.3417225083804866,0.02080597051566868,1.0,0.5148159161936526,0.0,0.61,1.495399016798746,503,nested_validation
2022-09-16,0.02080597051566868,-0.08264408165907089,-0.030171723683344087,-0.18088738254408732,0.037888200215995184,33.20285227484956,0.04508260865983685,0.41923064730377885,0.013941434674027198,1.0,0.4368140144087665,0.0,0.61,1.495399016798746,503,nested_validation
2022-09-19,0.013941434674027198,-0.07742172848209683,-0.014761710904738212,-0.1597307527352877,0.03767817100551193,35.22004491650756,0.03385144744414996,-0.19882097015689537,-0.01539376876426346,0.0,0.46577803120093736,0.0,0.61,1.495399016798746,503,nested_validation
2022-09-20,-0.01539376876426346,0.003427058692475393,-0.02788846656083188,-0.16460200576549655,0.03695890277651284,33.982723078083495,0.032331485504852014,-0.5080930605406259,0.006451079243180224,1.0,0.4840463149457042,0.0,0.61,1.495399016798746,503,nested_validation
2022-09-21,0.006451079243180224,0.010130884260724615,-0.018336391981842115,-0.15236973264840226,0.03690099824613718,34.9974699353143,0.06945181380790427,1.084290847181013,-0.0527863305242644,0.0,0.47994264689106975,0.0,0.61,1.495399016798746,503,nested_validation
2022-09-22,-0.0527863305242644,-0.028463147396070476,-0.06021340049742041,-0.18753920226721088,0.037763910551380134,30.79889683649087,0.057399866663255174,0.711928177855347,-0.003582497374149507,0.0,0.5079669770528128,0.0,0.61,1.495399016798746,503,nested_validation
2022-09-23,-0.003582497374149507,-0.05167450784837724,-0.05028568512710141,-0.1808765924291652,0.03572617119215697,30.545205770690586,0.02828380452053526,0.15863032662504845,-0.02301044851056744,0.0,0.4621081504532499,0.0,0.61,1.495399016798746,503,nested_validation
2022-09-26,-0.02301044851056744,-0.08623509646681726,-0.05582570502278594,-0.18825799087158857,0.03135957447452037,28.904249730663565,0.03639194143622216,-0.5013946741493737,0.0151290561143691,1.0,0.47169595622487775,0.0,0.61,1.495399016798746,503,nested_validation
2022-09-27,0.0151290561143691,-0.05790835502848668,-0.03619794783215402,-0.16373927113405362,0.03177093344095795,31.451735167382324,0.03850799025873896,-0.48430104478177893,0.026021207668575075,1.0,0.44131210007888855,0.0,0.61,1.495399016798746,503,nested_validation
2022-09-28,0.026021207668575075,-0.039589675799240776,-0.008099636663893461,-0.12998782499359596,0.0327023827083293,35.778563277832106,0.03682473778449197,-0.562588884759666,-0.04051503237437293,0.0,0.44002804685874225,0.0,0.61,1.495399016798746,503,nested_validation
2022-09-29,-0.04051503237437293,-0.027147412966373907,-0.043002164638861196,-0.15345958355053757,0.03326791520818154,32.273841108342054,0.045335506441242485,-0.6074028647851588,-0.006628424631946905,0.0,0.5248088138063225,0.0,0.61,1.495399016798746,503,nested_validation
2022-09-30,-0.006628424631946905,-0.030121305139941268,-0.04139541731153973,-0.14599936177496575,0.029535664834282143,31.74810774936188,0.04596758937151577,-0.34039204204635803,0.030727254212091104,1.0,0.5109833942028529,0.0,0.61,1.495399016798746,503,nested_validation
2022-10-03,0.030727254212091104,0.0232252766141563,-0.00510490726005941,-0.10861311699879239,0.030402989245070882,36.84963908242649,0.04579610806062888,-0.45718866564862226,0.052349723744621324,1.0,0.4724088689838578,0.0,0.61,1.495399016798746,503,nested_validation
2022-10-04,0.052349723744621324,0.060742799831851935,0.0470525081726747,-0.05326662658836012,0.03266354382890895,44.67061247682431,0.025898121188417212,-0.06912331889350096,0.0031896974732050776,1.0,0.5095468686732676,0.0,0.61,1.495399016798746,503,nested_validation
2022-10-05,0.0031896974732050776,0.03713864831138025,0.050826822078708256,-0.04113028566551458,0.03237712208317549,45.13977405485669,0.052994157670692425,-0.9448342868779755,-0.0059807202978260365,0.0,0.5501309032348913,0.0,0.61,1.495399016798746,503,nested_validation
2022-10-06,-0.0059807202978260365,0.07446791448640622,0.03983519290542481,-0.03734512972249615,0.03200975749925839,44.377517230133066,0.04211732256773279,0.6041401831614445,-0.0802741331509701,0.0,0.5439394488818758,0.0,0.61,1.495399016798746,503,nested_validation
2022-10-07,-0.0802741331509701,-0.005190043125266164,-0.04029248089063864,-0.10182048962155221,0.03533202685609868,35.71259012362616,0.0536601318338627,0.836209257061523,-0.03362029777145625,0.0,0.5575379085350544,0.0,0.61,1.495399016798746,503,nested_validation
2022-10-10,-0.03362029777145625,-0.0672953043882768,-0.06842702130123313,-0.12203709736220425,0.03554388137369989,33.03670392856077,0.06135386448933635,1.036743199388267,-0.007197973560270299,0.0,0.521031537454616,0.0,0.61,1.495399016798746,503,nested_validation
2022-10-11,-0.007197973560270299,-0.12007283227273913,-0.06898625657781676,-0.11905529625175659,0.02978457517965387,32.49421176337391,0.048593104077258094,0.7156139548783007,-0.007422949876006224,0.0,0.5301095693377764,0.0,0.61,1.495399016798746,503,nested_validation
2022-10-12,-0.007422949876006224,-0.12938149717191094,-0.06662675396476114,-0.11672171914559959,0.029758689952738043,31.91635047207818,0.033912990404212036,-1.291532533365938,0.04000013301398897,1.0,0.5208238049115718,0.0,0.61,1.495399016798746,503,nested_validation
2022-10-13,0.04000013301398897,-0.08910885610092034,-0.0272389355866951,-0.07397086956638355,0.031311264233105957,38.24252208967411,0.10576925913779071,2.3169180171530184,-0.06128746653467587,0.0,0.4793114412548532,0.0,0.61,1.495399016798746,503,nested_validation
2022-10-14,-0.06128746653467587,-0.0703045720241895,-0.08003294855281795,-0.12461151194088038,0.033194604110838445,32.983309945119615,0.08078734914986914,0.9049669898975743,0.058875644412198946,1.0,0.5980723777564085,0.0,0.61,1.495399016798746,503,nested_validation
2022-10-17,0.058875644412198946,0.018680176264865844,-0.020862758307038654,-0.06882516662411553,0.035973726182955544,40.879114633449575,0.03625502798891411,-0.4177877773609357,0.006645380988547389,1.0,0.4366808085575739,0.0,0.61,1.495399016798746,503,nested_validation
2022-10-18,0.006645380988547389,0.032884368517028584,-0.004517037290656667,-0.05896638344900307,0.03598360801874829,41.76225918804412,0.07303414348499067,0.3039997293126267,0.007019573333993723,1.0,0.5090007979526835,0.0,0.61,1.495399016798746,503,nested_validation
2022-10-19,0.007019573333993723,0.04791338461576844,0.012221425526196983,-0.048211852742732764,0.035992191192021426,42.741706959484496,0.042818086717653366,-1.0039193614325752,0.011866180738334453,1.0,0.5100065155717061,0.0,0.61,1.495399016798746,503,nested_validation
2022-10-20,0.011866180738334453,0.01956536405700282,0.03234884204434452,-0.03234242082325489,0.03434135490410332,44.45428420607709,0.05445305050641563,0.49263381270686957,0.022305771209824465,1.0,0.5112594418367334,0.0,0.61,1.495399016798746,503,nested_validation
2022-10-21,0.022305771209824465,0.1103586227333806,0.05190306673262968,-0.0057056800724315515,0.03470128835616561,47.660935791906404,0.04901332267609014,0.026357384225413574,0.010669341671248889,1.0,0.5112869928476279,0.0,0.61,1.495399016798746,503,nested_validation
2022-10-24,0.010669341671248889,0.05980850931734971,0.05485707438461929,0.010021015512753584,0.03433921584114908,49.205147311453786,0.051273903454308434,-1.0194481747327637,0.05254360371366684,1.0,0.530142674900804,0.0,0.61,1.495399016798746,503,nested_validation
2022-10-25,0.05254360371366684,0.10813071684474695,0.09492779949476104,0.06272198096917858,0.03597841183089627,56.141216597574925,0.04796023290912172,-1.1034620998176727,-0.02752424736071235,0.0,0.4239543211324106,0.0,0.61,1.495399016798746,503,nested_validation
2022-10-26,-0.02752424736071235,0.07011847775564117,0.05265734386720733,0.03411224203145413,0.03622884952692314,51.930674109560485,0.05272947862352603,-0.7852516723951805,0.021712127766280842,1.0,0.5123737007073611,0.0,0.61,1.495399016798746,503,nested_validation
2022-10-27,0.021712127766280842,0.08053124779003484,0.06494236917060969,0.05586791444717032,0.035161590643772236,54.73524734209702,0.05434127022097566,-0.2538379985865704,0.04993934064147987,1.0,0.4895119968582958,0.0,0.61,1.495399016798746,503,nested_validation
2022-10-28,0.04993934064147987,0.10973868855752977,0.09505116136938518,0.10671708479314956,0.03641369158866157,60.55896960721227,0.05703343444092094,-0.9200284164826088,-0.024360237614872826,0.0,0.4374700699565119,0.0,0.61,1.495399016798746,503,nested_validation
2022-10-31,-0.024360237614872826,0.07127538728292993,0.0549394300485051,0.07942616531302593,0.03661480344443187,56.54630946935249,0.04008300930639759,-1.2350646873208402,0.0034082887213033874,1.0,0.5150091650681722,0.0,0.61,1.495399016798746,503,nested_validation
2022-11-01,0.0034082887213033874,0.021265626725749165,0.04565438213961803,0.082046517660044,0.034929937043180495,56.96548874978254,0.029978596374234934,-1.6123223739575256,-0.023923956351368236,0.0,0.5059823444918514,0.0,0.61,1.495399016798746,503,nested_validation
2022-11-02,-0.023923956351368236,0.025046547169342626,0.01151623092379439,0.056277831408911405,0.035381678505021705,53.0815220344901,0.07557300900374181,0.7293674257366357,0.015281056621829991,1.0,0.520736792897202,0.0,0.61,1.495399016798746,503,nested_validation
2022-11-03,0.015281056621829991,0.01859448783475104,0.017420723132722582,0.06996795894402608,0.03548515551523838,55.13531659694905,0.06147081725223266,-0.9324464316338487,0.05476484895050593,1.0,0.47525056077758243,0.0,0.61,1.495399016798746,503,nested_validation
2022-11-04,0.05476484895050593,0.023275935585410412,0.05956491153408128,0.12366741093608824,0.031905658667743635,61.70409869357572,0.03758127553871198,0.22249406025560692,0.010242964382117137,1.0,0.49424347210466796,0.0,0.61,1.495399016798746,503,nested_validation
2022-11-07,0.010242964382117137,0.05956865884543605,0.05695314631458093,0.1289846405289563,0.030408454214823823,62.85939483716958,0.032025679387103545,-1.613677735770771,0.0210476093000882,1.0,0.5137985967411034,0.0,0.61,1.495399016798746,503,nested_validation
2022-11-08,0.0210476093000882,0.07819524530948185,0.06860847384339275,0.14614490827221127,0.030200642995692775,65.20596453979653,0.046226556622501455,0.22530281110094935,-0.05656762380009128,0.0,0.5100121567933591,0.0,0.61,1.495399016798746,503,nested_validation
2022-11-09,-0.05656762380009128,0.042136326271666524,0.001708779095042745,0.07837588115593097,0.033506675210099486,54.94658637358322,0.03281073005444088,-1.1311707393309718,0.143292630242984,1.0,0.5389498565677457,0.0,0.61,1.495399016798746,503,nested_validation
2022-11-10,0.143292630242984,0.17353394290571256,0.12420497308928669,0.22164677642747854,0.04408130548955617,67.9320251137612,0.07784125918433789,1.5951303473858431,0.0366348873593092,1.0,0.46137807273647885,0.0,0.61,1.495399016798746,503,nested_validation
2022-11-11,0.0366348873593092,0.1533625034308228,0.1450150668893293,0.25283589799861717,0.040664315880200586,70.59947970398213,0.05555212878429469,1.1601312317440169,-0.001959857297561096,0.0,0.4771348832576883,0.0,0.61,1.495399016798746,503,nested_validation
2022-11-14,-0.001959857297561096,0.13943092710947558,0.1207786150311434,0.23839758628089203,0.039887548573370214,70.25048813106649,0.037925804314107636,-0.3623249456022471,0.02276784079889671,1.0,0.5208569579462113,0.0,0.61,1.495399016798746,503,nested_validation
2022-11-15,0.02276784079889671,0.14135060740026462,0.12219147497301308,0.2554648098340835,0.03984006071669813,71.97995541285349,0.03696143095320279,-0.07722829121476103,-0.04536188604576108,0.0,0.49379901356405054,0.0,0.61,1.495399016798746,503,nested_validation
2022-11-16,-0.04536188604576108,0.1549071440582379,0.052220897532181176,0.1904406340936804,0.04209797855871745,63.83610328303191,0.030735347042746462,1.1224503613339756,-0.014644925088637906,0.0,0.5289302508454563,0.0,0.61,1.495399016798746,503,nested_validation
2022-11-17,-0.014644925088637906,-0.0046348718198993,0.021569145227567033,0.1656022181502339,0.04258527605433014,61.52566625702641,0.046628876579323554,1.7490841609814702,-0.01709519141674709,0.0,0.46670231296069953,0.0,0.61,1.495399016798746,503,nested_validation
2022-11-18,-0.01709519141674709,-0.05622588751906421,-0.0040268861978577375,0.13628980993114181,0.04304188155347843,58.885679708745315,0.05723933418445472,-0.7348910861051905,-0.005970444287445198,0.0,0.4597818636215291,0.0,0.61,1.495399016798746,503,nested_validation
2022-11-21,-0.005970444287445198,-0.06001840849588225,-0.016432384725222238,0.11947009409134801,0.04321122289921391,57.96618562941886,0.025918933389054072,-1.5777408680193084,0.04707161676694538,1.0,0.4738401455818458,0.0,0.61,1.495399016798746,503,nested_validation
2022-11-22,0.04707161676694538,-0.03768186142948127,0.020455986978297203,0.15958838806506614,0.04296209376416047,62.86069797608796,0.058361442682437606,-0.8092403031030622,0.029991507844603138,1.0,0.4200782064181259,0.0,0.61,1.495399016798746,503,nested_validation
2022-11-23,0.029991507844603138,0.03827774743547807,0.03303150751945072,0.1800915394744953,0.04224373564002622,65.7278592082054,0.028996919768614814,-1.1963869619236573,-0.015073671460958282,0.0,0.44193043552669137,0.0,0.61,1.495399016798746,503,nested_validation
2022-11-25,-0.015073671460958282,0.0378259734212083,0.014162016161348046,0.15049532726149417,0.04263701503293547,63.015753673608245,0.01936070177297835,-2.8133711841420204,-0.027227926980555872,0.0,0.4776940501718773,0.0,0.61,1.495399016798746,503,nested_validation
2022-11-28,-0.027227926980555872,0.027127057251404185,-0.01036716600669052,0.10716516618201855,0.04247284744811584,58.39890377862711,0.039931761097317844,-1.5415269231609672,-0.0118783798011729,0.0,0.4671297551135073,0.0,0.61,1.495399016798746,503,nested_validation
2022-11-29,-0.0118783798011729,0.021022409372703832,-0.018094778391492983,0.08452789265947991,0.04208837115067428,56.50683883224936,0.026344376498596257,-1.4292174444077153,0.0823788696256953,1.0,0.4676360212874019,0.0,0.61,1.495399016798746,503,nested_validation
2022-11-30,0.0823788696256953,0.05545128300933477,0.06105256880051546,0.16056279553736896,0.04504999082951903,64.89947916538449,0.0787685491144235,0.4007033194274697,0.012527827190604857,1.0,0.4674324245938189,0.0,0.61,1.495399016798746,503,nested_validation
2022-12-01,0.012527827190604857,0.03755592755062853,0.06612951356277419,0.16159405303836682,0.04428295529857777,66.06041464541397,0.03676680200474756,-0.1993764284316902,-0.015115422000970824,0.0,0.4843206288312706,0.0,0.61,1.495399016798746,503,nested_validation
2022-12-02,-0.015115422000970824,0.03751194606793962,0.042213494624709025,0.132051139400593,0.044732620114885,63.30571887745057,0.02891685740907105,-0.8616173944169387,-0.015761981851932894,0.0,0.48692826437559716,0.0,0.61,1.495399016798746,503,nested_validation
2022-12-05,-0.015761981851932894,0.04974097214080064,0.01820925968055076,0.10397043802889994,0.04403557325048369,60.51475514008519,0.031487098009926995,-0.9035964222952092,-0.037507608655747204,0.0,0.4589348992993184,0.0,0.61,1.495399016798746,503,nested_validation
2022-12-06,-0.037507608655747204,0.0225135022999865,-0.0240133056699815,0.054639474574249336,0.04518113051846718,54.45892498908346,0.04716330069015671,-0.8678952401583456,0.008319533805743795,1.0,0.4843024532250432,0.0,0.61,1.495399016798746,503,nested_validation
2022-12-07,0.008319533805743795,-0.0474496806226965,-0.016410611458486435,0.056762033971716086,0.04506231175347733,55.483157049939464,0.03219609057444443,-0.6556909440542332,0.06507433426220777,1.0,0.4581580858012211,0.0,0.61,1.495399016798746,503,nested_validation
2022-12-08,0.06507433426220777,0.0019842122038309373,0.043430565495290896,0.11510990373290708,0.04441949244373306,62.62306179331691,0.07105837126497022,0.33634098347639335,-0.009785176158444875,0.0,0.46865823157097036,0.0,0.61,1.495399016798746,503,nested_validation
2022-12-09,-0.009785176158444875,0.007407002143568819,0.028624630684559005,0.09512166161174473,0.03281317799029562,60.93738090870969,0.035762591687590106,0.0703893328910531,0.031409906766157736,1.0,0.509246479094233,0.0,0.61,1.495399016798746,503,nested_validation
2022-12-12,0.031409906766157736,0.05568931802851784,0.050056581722413895,0.12060572190498653,0.03257518471865811,64.23299079301808,0.04225829644994918,0.09057139954852515,0.03062452360229062,1.0,0.5086166753953562,0.0,0.61,1.495399016798746,503,nested_validation
2022-12-13,0.03062452360229062,0.13041859888949325,0.06664782774996136,0.14376840263649315,0.03304245496032812,67.22735490484666,0.05970564646736805,1.5688795545243441,-0.02202301752488678,0.0,0.47501227111626804,0.0,0.61,1.495399016798746,503,nested_validation
2022-12-14,-0.02202301752488678,0.09640181828380112,0.03855352904120135,0.10890698129171539,0.033328928554950864,63.016512520875544,0.047074841149606486,0.3628575547534548,-0.040851213041965484,0.0,0.5033140906077527,0.0,0.61,1.495399016798746,503,nested_validation
2022-12-15,-0.040851213041965484,-0.012639362158737732,-0.0028002817115313494,0.055359893063500865,0.03301128586185404,56.14608320332421,0.03657379330830269,0.3059988373466157,-0.02247513087470221,0.0,0.5307481329778204,0.0,0.61,1.495399016798746,503,nested_validation
2022-12-16,-0.02247513087470221,-0.025292739467523973,-0.02346040028314622,0.024933400482144874,0.03327220923217173,52.87034210549512,0.03807860426870413,0.46304858830984136,-0.01912971174271061,0.0,0.5075974828193993,0.0,0.61,1.495399016798746,503,nested_validation
2022-12-19,-0.01912971174271061,-0.07305389900455772,-0.04012757231935349,0.0009895172808271901,0.033337552468816305,50.24376028284224,0.028546745590737777,-0.6619323838929966,-0.010397413395266786,0.0,0.5322543950052114,0.0,0.61,1.495399016798746,503,nested_validation
2022-12-20,-0.010397413395266786,-0.10994912484515695,-0.0506571875248879,-0.013040050285114568,0.03341251690429777,48.850410420048526,0.028473687006502282,-0.18953683756773623,0.025862573022966684,1.0,0.570002978332771,0.0,0.61,1.495399016798746,503,nested_validation
2022-12-21,0.025862573022966684,-0.0663687415251355,-0.028289781117277757,0.008560295935936102,0.03231577636800301,52.353122292204255,0.03181634709145791,-0.8565279540098142,-0.0704199188702257,0.0,0.4525879586511612,0.0,0.61,1.495399016798746,503,nested_validation
2022-12-22,-0.0704199188702257,-0.09515079120218894,-0.08687726571272103,-0.06544515680668073,0.03523688904397675,43.41067380097369,0.08188281761617218,1.2872047081766638,-0.008670806755219806,0.0,0.5741885691029917,0.0,0.61,1.495399016798746,503,nested_validation
2022-12-23,-0.008670806755219806,-0.08237277178598812,-0.08501768987523928,-0.07253141773674143,0.035155390369434936,42.515521667153216,0.029988120778089253,-0.8578209717316386,-0.07135331443955784,0.0,0.5254918903199896,0.0,0.61,1.495399016798746,503,nested_validation
2022-12-27,-0.07135331443955784,-0.131229180593314,-0.13248342894183274,-0.13483641151113734,0.03789968284871294,35.994779033101864,0.07393248383089514,0.2757561399448965,-0.006019649907963998,0.0,0.5982863488404535,0.0,0.61,1.495399016798746,503,nested_validation
2022-12-28,-0.006019649907963998,-0.1273859477405367,-0.11578138732579168,-0.13606600819551218,0.03786769412181019,35.534948801644006,0.02693076749922011,-1.0356034695726013,0.04039637239720584,1.0,0.5401962114553297,0.0,0.61,1.495399016798746,503,nested_validation
2022-12-29,0.04039637239720584,-0.11502328055665745,-0.06191373476589945,-0.09735348841602287,0.03394477645862533,40.95352974039514,0.031226418144041004,-0.9010508451535051,0.0007532852899334586,1.0,0.45844713937867726,0.0,0.61,1.495399016798746,503,nested_validation
2022-12-30,0.0007532852899334586,-0.047265128237625964,-0.046892251893221104,-0.0942625456277345,0.033706336168636775,41.05704247653602,0.02709729709623346,-1.276752551271857,-0.02045988869658355,0.0,0.5105861521288589,0.0,0.61,1.495399016798746,503,nested_validation
2023-01-03,-0.02045988869658355,-0.058595238909377234,-0.052451110063810424,-0.11029778325161743,0.03378790010579008,39.05298764676176,0.06287115603118273,-0.2722368184192638,0.03031777808328151,1.0,0.5072087575746798,0.0,0.61,1.495399016798746,503,nested_validation
2023-01-04,0.03031777808328151,0.044472646923352066,-0.013899994283861239,-0.08207637225536135,0.034712624289749805,43.37356855262073,0.04149430663077529,0.02448840815176132,-0.03281581117789023,0.0,0.49733214003258835,0.0,0.61,1.495399016798746,503,nested_validation
2023-01-05,-0.03281581117789023,0.016315292015487648,-0.034511302231113095,-0.11026423139848684,0.03450954347975766,39.97049815574173,0.029162310283831122,-0.4912960345828476,0.04164049932283742,1.0,0.5061253545040665,0.0,0.61,1.495399016798746,503,nested_validation
2023-01-06,0.04164049932283742,0.01753062230043878,0.016994434657717328,-0.07094580737925782,0.03589293626111703,45.610597126917924,0.06568408497360634,-0.3273283592340983,0.05175319472582718,1.0,0.49877460827958175,0.0,0.61,1.495399016798746,503,nested_validation
2023-01-09,0.05175319472582718,0.0693855303465678,0.06751559453090805,-0.02105502378490054,0.03472023662027979,51.91001480328288,0.058548755225589624,0.8601085090498756,0.0179806316700033,1.0,0.48935030669233615,0.0,0.61,1.495399016798746,503,nested_validation
2023-01-10,0.0179806316700033,0.11135189372940135,0.08151668500652276,-0.0027099191757608,0.03501827467119012,54.00630183976563,0.03080016084599044,-0.5223413300555204,0.005782641968843816,1.0,0.5070790405673987,0.0,0.61,1.495399016798746,503,nested_validation
2023-01-11,0.005782641968843816,0.08488707815142083,0.07404389853979554,0.0026840115466872927,0.034206386675998283,54.70247320101381,0.029060694241072892,-0.8148628452966652,0.03187282290583071,1.0,0.5141946448853498,0.0,0.61,1.495399016798746,503,nested_validation
2023-01-12,0.03187282290583071,0.15744808983024416,0.09016571277390306,0.03275267755748157,0.034270541136580936,58.45655218096501,0.06934767889956679,1.8292753994591657,0.02349986830413342,1.0,0.4915457335274118,0.0,0.61,1.495399016798746,503,nested_validation
2023-01-13,0.02349986830413342,0.1372906182893776,0.09912207443077103,0.0570751080758225,0.03450308529293776,61.09808295446016,0.044795547781740774,0.45179389012478877,0.047517499686944964,1.0,0.4538725808015705,0.0,0.61,1.495399016798746,503,nested_validation
2023-01-17,0.047517499686944964,0.13271044087340944,0.12868056894489777,0.1059971227348564,0.03485481070939117,65.92675061823019,0.04683089417824444,1.292347372107673,-0.018359525591310044,0.0,0.44440283229751165,0.0,0.61,1.495399016798746,503,nested_validation
2023-01-18,-0.018359525591310044,0.09227462679967458,0.0867417144775049,0.08455991723066059,0.03471696485068942,62.543070084060474,0.034010449201052916,0.34542241573055105,-0.03521909047766458,0.0,0.5452656651437693,0.0,0.61,1.495399016798746,503,nested_validation
2023-01-19,-0.03521909047766458,0.04774696233483344,0.03541330253562558,0.04602539778815529,0.035399847370493884,56.64705187688869,0.02779598092674049,0.46799553360657153,0.06406227908143491,1.0,0.5300523994931048,0.0,0.61,1.495399016798746,503,nested_validation
2023-01-20,0.06406227908143491,0.08043161511231767,0.0779504318255193,0.10876547185679653,0.037720377085399534,63.202925148611314,0.05779472485917011,1.7696761545591198,0.07590099012659501,1.0,0.46343694900460863,0.0,0.61,1.495399016798746,503,nested_validation
2023-01-23,0.07590099012659501,0.13574752714867966,0.1301700402557826,0.1853750198955133,0.040516892413989314,69.47084560513723,0.07435002275740202,2.388915357139354,0.0037513632492891524,1.0,0.44424405481331747,0.0,0.61,1.495399016798746,503,nested_validation
2023-01-24,0.0037513632492891524,0.08829506812362786,0.11062427852026246,0.18470975056934136,0.03630781389139584,69.76576802577954,0.03503769352683588,0.6526487221640846,0.0030108111567606066,1.0,0.5344229481529356,0.0,0.61,1.495399016798746,503,nested_validation
2023-01-25,0.0030108111567606066,0.11198727794319119,0.09246660339093937,0.18264757799485665,0.0360618386229376,70.01705646571227,0.04088396819328581,0.04427188202211341,0.024788892518448513,1.0,0.5319845445521578,0.0,0.61,1.495399016798746,503,nested_validation
2023-01-26,0.024788892518448513,0.1811512850334085,0.09599497948738867,0.20638458628271072,0.030518860478656557,72.0807323833477,0.04484397971055751,0.5135222647160889,0.02843149965348757,1.0,0.5056828147384007,0.0,0.61,1.495399016798746,503,nested_validation
2023-01-27,0.02843149965348757,0.14159970827382962,0.10361453561283529,0.23493344746576472,0.030111843761969164,74.31818894161793,0.060053993935633654,1.0427191012248438,-0.05907173946325195,0.0,0.4282268605910149,0.0,0.61,1.495399016798746,503,nested_validation
2023-01-30,-0.05907173946325195,-0.0016149835414104308,0.02584159862038038,0.158499306788769,0.034148920429738015,62.74687363909426,0.05166473944366398,0.3204135895572085,0.019569967882515638,1.0,0.525875670881221,0.0,0.61,1.495399016798746,503,nested_validation
2023-01-31,0.019569967882515638,0.014119050229633556,0.03574243841551006,0.1750496914488271,0.034022898927656794,64.59731513355199,0.03772326800263417,0.35705943666200335,0.07196584212196355,1.0,0.48362784868800485,0.0,0.61,1.495399016798746,503,nested_validation
2023-02-01,0.07196584212196355,0.08383775089881063,0.08968018315998716,0.24866841703085196,0.03512490515345012,70.51159568820273,0.07549058465793415,2.193698006545209,0.036575445744818635,1.0,0.46028008480697535,0.0,0.61,1.495399016798746,503,nested_validation
2023-02-02,0.036575445744818635,0.09630345133036378,0.10120822344717739,0.28045718996846714,0.03524469831985014,73.14390783448678,0.057533680180443046,0.8945661219561177,-0.02805292530273773,0.0,0.4344618207850588,0.0,0.61,1.495399016798746,503,nested_validation
2023-02-03,-0.02805292530273773,0.03609130297941876,0.05289937110487819,0.2323853604974344,0.034900543097352354,67.95049476219808,0.045308116798796615,-0.8304902654933604,-0.0005211112570718823,0.0,0.5395809090514109,0.0,0.61,1.495399016798746,503,nested_validation
2023-02-06,-0.0005211112570718823,0.10056358977607571,0.042487570340071557,0.220838176128608,0.034825340324425844,67.85681456942746,0.03717579641683651,-0.5841502805739613,0.05140099914812968,1.0,0.5125472465506745,0.0,0.61,1.495399016798746,503,nested_validation
2023-02-07,0.05140099914812968,0.1349232464347696,0.08053966916545519,0.26688371193685323,0.03480848566797017,71.9609185004317,0.05001583650737334,1.8861420835691216,0.001443108804144888,1.0,0.46339954771014563,0.0,0.61,1.495399016798746,503,nested_validation
2023-02-08,0.001443108804144888,0.060258657042558283,0.06711184645697599,0.25202262607797765,0.035000822443875805,72.07426669489666,0.03918040271212027,0.5728585823995945,0.005944902045910361,1.0,0.5004816851313927,0.0,0.61,1.495399016798746,503,nested_validation
2023-02-09,0.005944902045910361,0.028928280406680384,0.06053569824550875,0.24031298732424755,0.03499814331274297,72.56696522912313,0.04029187549061692,0.02580073654320398,-0.04799222665456804,0.0,0.5086499825192257,0.0,0.61,1.495399016798746,503,nested_validation
2023-02-10,-0.04799222665456804,0.00782002092779921,0.005342293618569416,0.16519700213654653,0.037582740984586215,62.86672296385705,0.059581393246236465,0.40098867871702465,0.024594429457689193,1.0,0.5101393448414281,0.0,0.61,1.495399016798746,503,nested_validation
2023-02-13,0.024594429457689193,0.03314516291313829,0.017436745339872495,0.17839011685745265,0.037598155276843674,65.30352371982207,0.04984397086382286,-0.6874330340310373,0.05429597234990213,1.0,0.4653745443024169,0.0,0.61,1.495399016798746,503,nested_validation
2023-02-14,0.05429597234990213,0.03598986970207774,0.055749688172315404,0.22393206866980098,0.03793245614120501,70.08548680696835,0.0732663147179123,1.8497964708669568,-0.009011527272001052,0.0,0.5061113490537043,0.0,0.61,1.495399016798746,503,nested_validation
2023-02-15,-0.009011527272001052,0.025174580275159952,0.037552156280856064,0.19497098586577333,0.03758902767208239,68.31133157314042,0.03290276945949752,-1.3930643709128119,-0.03347376325227047,0.0,0.4766478443975636,0.0,0.61,1.495399016798746,503,nested_validation
2023-02-16,-0.03347376325227047,-0.014997613619237904,0.001483934685295285,0.14049645149329004,0.037475834153891045,62.08138470743713,0.02831556987478093,-1.430552490158325,-0.027906626789962252,0.0,0.49925073453583174,0.0,0.61,1.495399016798746,503,nested_validation
2023-02-17,-0.027906626789962252,0.0057841114385335235,-0.02773866187335905,0.0951898795063757,0.03673268324734293,57.528605651161115,0.03576769086327579,-0.7031678439043642,-0.0342714569306235,0.0,0.4957162639387016,0.0,0.52,0.32121436809590737,566,nested_validation
2023-02-21,-0.0342714569306235,-0.05200106827052298,-0.059203383606242,0.04729527086739993,0.03460342150699325,52.57196662507123,0.04241101048473799,-1.2694733495843433,0.004792802254404149,1.0,0.5082549691297757,0.0,0.52,0.32121436809590737,566,nested_validation
2023-02-22,0.004792802254404149,-0.09651319161967653,-0.048544805100301125,0.043276169873739834,0.034603380055047095,53.15895128059479,0.03290934634847145,0.011925374575650134,0.14021417437018213,1.0,0.5068344597050994,0.0,0.52,0.32121436809590737,566,nested_validation
2023-02-23,0.14021417437018213,0.03953627476197319,0.07765456327103792,0.17429890318655716,0.045536028741519574,66.34478528591215,0.03646893534012267,3.7416705061071824,-0.015973589990860404,0.0,0.4778761422823114,-1.0,0.52,0.32121436809590737,566,nested_validation
2023-02-24,-0.015973589990860404,0.05835838659731252,0.055877336843290326,0.14178227814785327,0.04579307278320641,63.83118824716498,0.022631643181797605,0.2557663566960384,0.009232767215545223,1.0,0.4814429749654586,0.0,0.52,0.32121436809590737,566,nested_validation
2023-02-27,0.009232767215545223,0.09879358572748687,0.05493020494409451,0.13930785076051277,0.045579503825304256,64.65150315605203,0.018126832802923407,-0.6046454512322926,-0.012126998153729751,0.0,0.46657198301189823,-1.0,0.52,0.32121436809590737,566,nested_validation
2023-02-28,-0.012126998153729751,0.12398926772123064,0.035499404307234084,0.11411844907629165,0.04320213011268726,62.62389562730271,0.026662706716387985,-0.5719329187500236,-0.022312273850267017,0.0,0.4491447864192268,-1.0,0.52,0.32121436809590737,566,nested_validation
2023-03-01,-0.022312273850267017,0.09366877321324552,0.013629325936141967,0.08062379557732346,0.04372532924389211,59.001902640563024,0.03295449379422632,-0.530742045726861,0.02713909198363984,1.0,0.45384615295037034,-1.0,0.52,0.32121436809590737,566,nested_validation
2023-03-02,0.02713909198363984,-0.014790399996897907,0.03858736574726729,0.0995908423821148,0.04150410843183374,61.829221986006964,0.040662262491563246,-0.891704324613854,0.024706071226399784,1.0,0.4244345959249177,-1.0,0.52,0.32121436809590737,566,nested_validation
2023-03-03,0.024706071226399784,0.02593817430604828,0.05537046616735797,0.11427579942753674,0.04114885949065275,64.30782244085785,0.0322310790052726,-0.6887352093919953,-0.014064445518617519,0.0,0.4419392050628904,-1.0,0.52,0.32121436809590737,566,nested_validation
2023-03-06,-0.014064445518617519,0.0022553325718759343,0.030665269170429,0.0889286856625553,0.040687092239797086,61.7873720387607,0.03230872259310007,-0.5340388074625916,-0.011125087356039232,0.0,0.45414758356364304,-1.0,0.52,0.32121436809590737,566,nested_validation
2023-03-07,-0.011125087356039232,0.003271830074965898,0.007572967090295535,0.07005508957214923,0.040841394659534576,59.818296315066284,0.03795949734385643,-0.06304074133019721,0.03834571465128023,1.0,0.46929604340257813,-1.0,0.52,0.32121436809590737,566,nested_validation
2023-03-08,0.03834571465128023,0.06551711505187208,0.030907895289960186,0.10277825396437912,0.04020634044628563,64.02639663423494,0.03209135206969528,-0.025796524840972865,-0.030809330715217964,0.0,0.42928678746554605,-1.0,0.52,0.32121436809590737,566,nested_validation
2023-03-09,-0.030809330715217964,0.005403507598134016,0.00010132281861907622,0.062156006659797924,0.040961290957186966,58.520154699458516,0.04569896804922593,-0.08689610119652925,-0.020097203943156616,0.0,0.4760910628435028,-1.0,0.52,0.32121436809590737,566,nested_validation
2023-03-10,-0.020097203943156616,-0.038555800609579305,-0.018670216509364068,0.03585464402037508,0.041275904142183954,55.283199546188264,0.03923365863600778,-0.24210200812630575,4.352667248741504e-05,1.0,0.4675887827182458,-1.0,0.52,0.32121436809590737,566,nested_validation
2023-03-13,4.352667248741504e-05,-0.02479828069192702,-0.016395635314486845,0.031859100916113325,0.039650518665946786,55.28885196777599,0.0435861476955266,-0.5407130110435329,0.04776623848715533,1.0,0.4670255887916407,-1.0,0.52,0.32121436809590737,566,nested_validation
2023-03-14,0.04776623848715533,0.03327875360259447,0.02684513486983242,0.07326410127132688,0.04054597849292292,61.10024038761291,0.03154223442054504,-0.19879676321855322,0.006857128333271234,1.0,0.440376201006423,-1.0,0.52,0.32121436809590737,566,nested_validation
2023-03-15,0.006857128333271234,0.0019438265505700159,0.02716308396340028,0.07313395283616586,0.038995670645312265,61.90234795189374,0.0382201858696551,0.17506375221879736,0.05419336119709284,1.0,0.4382697927271135,-1.0,0.52,0.32121436809590737,566,nested_validation
2023-03-16,0.05419336119709284,0.0898191281819507,0.07268275115136569,0.12365666591700641,0.04039795534311364,67.62337064841759,0.06632474139038332,0.5121840806606246,0.0072041433103096075,1.0,0.46954367118532,-1.0,0.52,0.32121436809590737,566,nested_validation
2023-03-17,0.0072041433103096075,0.12018288526244292,0.07212963639734049,0.12511933036184897,0.039341554604161985,68.34086053166473,0.02841597237818157,1.9322296954089935,0.0068027554566065795,1.0,0.45994032367463406,-1.0,0.52,0.32121436809590737,566,nested_validation
2023-03-20,0.0068027554566065795,0.1277541281129786,0.06895373903149027,0.12489553656673613,0.038448721694456615,69.04351291328942,0.03451741390916728,-0.5627001726976539,0.01154431736807271,1.0,0.4782866771225883,-1.0,0.52,0.32121436809590737,566,nested_validation
2023-03-21,0.01154431736807271,0.08876697661894917,0.0684572499199223,0.12951969411277897,0.03706325190564801,70.25808372580168,0.03858924777776292,0.08541156144656573,0.010267589826912005,1.0,0.48849926131006755,0.0,0.52,0.32121436809590737,566,nested_validation
2023-03-22,0.010267589826912005,0.09245488600034601,0.06945301583328511,0.13411086317709198,0.03702465365968634,71.34728176145396,0.051080594270099235,1.4343833983528715,0.02731599896334891,1.0,0.49331075645905914,0.0,0.52,0.32121436809590737,566,nested_validation
2023-03-23,0.02731599896334891,0.06460202069514964,0.08224606022527059,0.15684563770504623,0.02321201574553962,74.09339297027692,0.029752492211127732,0.39012620921544944,-0.015152046588374879,0.0,0.5232348023078072,1.0,0.52,0.32121436809590737,566,nested_validation
2023-03-24,-0.015152046588374879,0.04097181116983872,0.04990982876130734,0.13217878838324282,0.02317158143544745,69.9775932094949,0.030322278465072582,-0.5067317573396428,-0.009261045533628498,0.0,0.5305328493049393,1.0,0.52,0.32121436809590737,566,nested_validation
2023-03-27,-0.009261045533628498,0.02436283396904315,0.025848185024916592,0.11342490015614715,0.023442886356565808,67.54531862408777,0.023934274079189032,-1.239510106899688,-0.004560778186470049,0.0,0.47810791706861466,-1.0,0.52,0.32121436809590737,566,nested_validation
2023-03-28,-0.004560778186470049,0.008053651029319653,0.011985843630520243,0.10122095105326845,0.02320127361594946,66.33385140260975,0.02510413141393828,-1.1974214015236921,0.021734330489742604,1.0,0.48282671062332366,0.0,0.52,0.32121436809590737,566,nested_validation
2023-03-29,0.021734330489742604,0.01949526304080007,0.023175422425423253,0.1189082683949827,0.022416239314943732,69.15965747413985,0.0178253411743103,-0.8514209383275095,0.014786427943070057,1.0,0.45195732107373754,-1.0,0.52,0.32121436809590737,566,nested_validation
2023-03-30,0.014786427943070057,0.007061076952004086,0.03110283450093143,0.1282438244038837,0.022073923786708655,70.98289271794438,0.014498092790635622,-1.0642644390932305,0.014388524860543095,1.0,0.4929008434255319,0.0,0.52,0.32121436809590737,566,nested_validation
2023-03-31,0.014388524860543095,0.03726793232909098,0.03791912260798358,0.13546587340699867,0.0218039721952899,72.69926014875169,0.026244737744888686,-0.5262325445203824,0.006768236428710717,1.0,0.4949875192395546,0.0,0.52,0.32121436809590737,566,nested_validation
2023-04-03,0.006768236428710717,0.05405001209171734,0.03694284918257651,0.1329917199735795,0.02122404221461296,73.50459226226738,0.023743949718293637,-0.7832075592748331,-0.01830868102549721,0.0,0.4816593797079683,0.0,0.52,0.32121436809590737,566,nested_validation
2023-04-04,-0.01830868102549721,0.03949264200204761,0.013246371862025041,0.10212473782078746,0.021616218672576442,67.65164404587554,0.02524317254207138,-0.9405120901206929,-0.020835424817071457,0.0,0.4906872303954445,0.0,0.52,0.32121436809590737,566,nested_validation
2023-04-05,-0.020835424817071457,-0.0038169993526188106,-0.009375083200482526,0.07038026116613816,0.021376257308269947,61.73722304736736,0.022432153635755046,0.18549852078304688,0.005803251157344036,1.0,0.5138087484417778,0.0,0.52,0.32121436809590737,566,nested_validation
2023-04-06,0.005803251157344036,-0.012635493332568304,-0.0030604507470677333,0.07178783171854808,0.019686562918259994,62.695098751567535,0.024152082778519463,-0.669608303658745,0.02004644373204023,1.0,0.48937453797863983,0.0,0.52,0.32121436809590737,566,nested_validation
2023-04-10,0.02004644373204023,-0.007128305368185317,0.01393370537081684,0.08710089692499556,0.018811491038216537,65.8901388591699,0.034519005329358414,-0.6501723057147573,-0.014866251828689947,0.0,0.4867017244411728,0.0,0.52,0.32121436809590737,566,nested_validation
2023-04-11,-0.014866251828689947,-0.028464170209148043,-0.003477121977295994,0.06579760737899809,0.01945089719419236,61.59271173957493,0.02443967203629271,-1.1789852949515827,-0.024807646230299407,0.0,0.49946249013907884,0.0,0.52,0.32121436809590737,566,nested_validation
2023-04-12,-0.024807646230299407,-0.03489590433064882,-0.028501403926846414,0.0349149693769073,0.018559451912848527,55.217050189605445,0.03849784583713888,-0.2084734842558995,-0.001207640604540261,0.0,0.521089493318552,1.0,0.52,0.32121436809590737,566,nested_validation
2023-04-13,-0.001207640604540261,-0.01554996860897595,-0.02781741503250801,0.028617581837836692,0.018602197385363707,54.926377649568686,0.02108599444740484,-0.80841067614673,0.011147402029506814,1.0,0.4987890448190713,0.0,0.52,0.32121436809590737,566,nested_validation
2023-04-14,0.011147402029506814,-0.010319274148796631,-0.014717809709693164,0.03545818650439281,0.014850814423429557,57.16521844679145,0.024777641123343873,-0.44579083755287363,0.009118745112560056,1.0,0.4738445152440916,-1.0,0.52,0.32121436809590737,566,nested_validation
2023-04-17,0.009118745112560056,-0.020921666586970256,-0.002887805380976105,0.04071719211831448,0.014887338872056233,58.98013052435053,0.02122064799133998,-1.0181809270175777,0.02462797557955798,1.0,0.4722757453943617,-1.0,0.52,0.32121436809590737,566,nested_validation
2023-04-18,0.02462797557955798,0.01832979791932776,0.02279456174344774,0.060737411350463066,0.015631078651986728,63.51712903035533,0.027216549115658233,1.4552101123677499,0.009542079125844483,1.0,0.46888742292807706,-1.0,0.52,0.32121436809590737,566,nested_validation
2023-04-19,0.009542079125844483,0.054198976697535484,0.030732751505575084,0.06454241296804764,0.01558511669505105,65.16439204818047,0.027496317917755135,-0.6341543828180362,-0.029608718545795942,0.0,0.49116564701886145,0.0,0.52,0.32121436809590737,566,nested_validation
2023-04-20,-0.029608718545795942,0.024222388449603116,-0.000608350832240534,0.02920073160804515,0.017051438190906213,56.550557270473824,0.03800179616168612,0.22069803339990832,0.0005533379883204681,1.0,0.5192689443328802,0.0,0.52,0.32121436809590737,566,nested_validation
2023-04-21,0.0005533379883204681,0.01349133424932214,-0.00035759151599068506,0.024991991128683777,0.01597613916179206,56.662437439929114,0.016999168528486902,-0.8310786672610134,-0.0028392310607339155,0.0,0.4804951817671422,0.0,0.52,0.32121436809590737,566,nested_validation
2023-04-24,-0.0028392310607339155,0.0014815432455472788,-0.0012187886849672758,0.016858718108732296,0.015613695162462643,55.8670841371738,0.025700750666746756,-0.8312710128079043,-0.0296208143084129,0.0,0.48052309361609674,0.0,0.52,0.32121436809590737,566,nested_validation
2023-04-25,-0.0296208143084129,-0.051541761906235606,-0.027470126232675085,-0.017295449231967908,0.016839732120753317,48.27541948316872,0.03894666321554378,-0.25568991359965637,0.027247561467068193,1.0,0.5449669439840966,1.0,0.52,0.32121436809590737,566,nested_validation
2023-04-26,0.027247561467068193,-0.034907576038026966,-0.002675015935257097,0.0058483819289019134,0.017844409410337,54.25147849442054,0.023185933169066496,0.12770147502751966,0.010016329677549507,1.0,0.49257246792662407,0.0,0.52,0.32121436809590737,566,nested_validation
2023-04-27,0.010016329677549507,0.004501098143557147,0.004478927821483847,0.012149034769961098,0.017345425196313023,56.30450851790715,0.031954780158557995,-0.30379906113630123,0.019209637714524552,1.0,0.4853076178608332,0.0,0.52,0.32121436809590737,566,nested_validation
2023-04-28,0.019209637714524552,0.02323100773532949,0.020045098666972683,0.028777170738771618,0.0175518979263632,60.04487670995177,0.024757658332135103,-1.4611992134934582,0.04183941252506518,1.0,0.4860340701932506,0.0,0.52,0.32121436809590737,566,nested_validation
2023-05-01,0.04183941252506518,0.06907775073262568,0.055321403365960364,0.06761838665993736,0.019522116303346666,66.83233577426722,0.044206153049983286,2.1517053114704634,-0.024213196076829258,0.0,0.5229501745079207,1.0,0.52,0.32121436809590737,566,nested_validation
2023-05-02,-0.024213196076829258,0.07503538504824836,0.02773159195379038,0.038814032399957954,0.020310732532305618,60.19288831568324,0.026692672238117263,0.027724827036681624,-0.014462922462784134,0.0,0.5273681691960406,1.0,0.52,0.32121436809590737,566,nested_validation
2023-05-03,-0.014462922462784134,0.03138451856379665,0.013343836071241233,0.02177924513246099,0.02014796049253645,56.65972797657674,0.0321919450503577,-0.22714879660501763,-0.008632508545579731,0.0,0.5175222109603711,0.0,0.52,0.32121436809590737,566,nested_validation
2023-05-04,-0.008632508545579731,0.012341140286262542,0.0029219220109752975,0.01160295492135166,0.019661382057494646,54.62842162541958,0.022458438249502208,-0.9177224235838233,0.04056311017176051,1.0,0.5067991310886993,0.0,0.52,0.32121436809590737,566,nested_validation
2023-05-05,0.04056311017176051,0.03355071077747507,0.037709215665270746,0.05072263429846302,0.021426901506983363,61.544676610494356,0.035704262538423064,-0.37119930283432523,0.016422726399427878,1.0,0.5087634735082525,0.0,0.52,0.32121436809590737,566,nested_validation
2023-05-08,0.016422726399427878,0.008336235595458152,0.04676352631072889,0.06489369206916518,0.02129847144711991,64.03220497965566,0.029844566555647344,-0.5503426086086324,-0.019896504294094286,0.0,0.509728610620644,0.0,0.52,0.32121436809590737,566,nested_validation
2023-05-09,-0.019896504294094286,0.012796919758155445,0.017424155564265353,0.04111982741858844,0.021536357961753606,58.97328867721068,0.01830523346946661,-0.9425141399396147,0.010990074695822694,1.0,0.5063836755582739,0.0,0.52,0.32121436809590737,566,nested_validation
2023-05-10,0.010990074695822694,0.03895394389089435,0.021588191422442726,0.04940700190578573,0.02064061348813495,60.77983435246776,0.02257228395636884,-0.18651372908356562,-0.010628364931523748,0.0,0.5090996055119122,0.0,0.52,0.32121436809590737,566,nested_validation
2023-05-11,-0.010628364931523748,0.03686228476197306,0.005920399699182344,0.036253182422141705,0.020872592030992072,58.0867099899327,0.02463435141801744,-0.7793902990736291,-0.008328015354301832,0.0,0.5133044644878662,0.0,0.52,0.32121436809590737,566,nested_validation
2023-05-12,-0.008328015354301832,-0.011854956529782523,-0.004527764877024665,0.026435958745786525,0.02097368833747635,56.014579162143534,0.025899829065489467,-1.2689809155169374,0.021630173069709713,1.0,0.5055931460564159,0.0,0.52,0.32121436809590737,566,nested_validation
2023-05-15,0.021630173069709713,-0.006792385138248869,0.016850899818683596,0.04715123250113762,0.021327624691001947,59.97501329010019,0.028218128014303314,-0.9914416617938975,0.008980087173571016,1.0,0.4678421961842533,-1.0,0.52,0.32121436809590737,566,nested_validation
2023-05-16,0.008980087173571016,0.022470290347139876,0.022380860513242284,0.054967482773984555,0.02082744914030118,61.55611659603352,0.03553213056259685,1.2818184029977076,0.03303317626085844,1.0,0.5148697557886781,0.0,0.52,0.32121436809590737,566,nested_validation
2023-05-17,0.03303317626085844,0.044763700561018416,0.04744345045948872,0.08625321843486211,0.02180614242657154,66.79844825096373,0.025482109900016845,0.9408461057708374,0.04970529587103867,1.0,0.5255358388469188,1.0,0.52,0.32121436809590737,566,nested_validation
2023-05-18,0.04970529587103867,0.10847526909018468,0.08402043082552169,0.13372053592715205,0.02251350851837426,72.96884541795028,0.04760399785770992,3.4387810479586522,-0.013069198926777936,0.0,0.4911331677177491,0.0,0.52,0.32121436809590737,566,nested_validation
2023-05-19,-0.013069198926777936,0.10317564903670084,0.060475964311817565,0.11328978512552745,0.022933031726570963,69.14905643153091,0.021238471046296194,0.7604800708919638,-0.002814624677584532,0.0,0.5205470533516461,1.0,0.52,0.32121436809590737,566,nested_validation
2023-05-22,-0.002814624677584532,0.07677969252396966,0.05027698092848354,0.10543656053901174,0.02293248317189807,68.33029364783415,0.026943807305421823,-0.21235650171330056,-0.015653147871762307,0.0,0.5219100246544123,1.0,0.52,0.32121436809590737,566,nested_validation
2023-05-23,-0.015653147871762307,0.05049119823634962,0.02651585447502436,0.08362596641659037,0.021987687163564463,63.81742306015425,0.02140900657888602,-0.3495169276211588,-0.004887831366984119,0.0,0.5046729103287783,0.0,0.52,0.32121436809590737,566,nested_validation
2023-05-24,-0.004887831366984119,0.011929334342016373,0.015881298671240884,0.073222184520227,0.021701834619938635,62.452104368892215,0.026229634956157828,2.437417501549517,0.24369623988698397,1.0,0.4830750508944982,0.0,0.52,0.32121436809590737,566,nested_validation
2023-05-25,0.24369623988698397,0.19893908614434697,0.22512959548890632,0.3169939014233212,0.056099623912688815,82.47963181095105,0.07490787927838946,3.870538929999138,0.025434482553164495,1.0,0.5047739278877257,0.0,0.52,0.32121436809590737,566,nested_validation
2023-05-26,0.025434482553164495,0.24571396502800869,0.21473171119566992,0.33172995054359267,0.05612176869840028,83.69533276139228,0.041596029564736986,0.8063906357691832,0.029913172181923464,1.0,0.5215038647357427,1.0,0.52,0.32121436809590737,566,nested_validation
2023-05-30,0.029913172181923464,0.2865985132789366,0.20899285916270638,0.3513743143794197,0.05593350127866822,85.0432206740302,0.04958735534041444,1.4125196282973003,-0.05676750567289057,0.0,0.49712028139145426,0.0,0.52,0.32121436809590737,566,nested_validation
2023-05-31,-0.05676750567289057,0.23285965943185927,0.11147987700763684,0.2602706125938352,0.057584350441865106,72.43848272024901,0.06536447630943322,1.4889135761244958,0.05117105105890296,1.0,0.6043785620730946,1.0,0.52,0.32121436809590737,566,nested_validation
2023-06-01,0.05117105105890296,0.30231186479545147,0.13633446974935381,0.30757137703886617,0.05761009360427984,75.73197412450807,0.04299721058059101,0.27898786548525145,-0.01113924099299124,0.0,0.5251381391374647,1.0,0.52,0.32121436809590737,566,nested_validation
2023-06-02,-0.01113924099299124,0.03546594239320644,0.09964364226851385,0.2759142346927155,0.0576739475934502,73.56567718079855,0.036666955401690626,-0.24085154596648425,-0.003966184257616412,0.0,0.4622113726651111,-1.0,0.52,0.32121436809590737,566,nested_validation
2023-06-05,-0.003966184257616412,0.005777659344234687,0.07159020192480936,0.2545028552631652,0.05767418162962528,72.77633375604748,0.02190390500292985,-0.5295156433076263,-0.013198930735840775,0.0,0.46774526130799093,-1.0,0.52,0.32121436809590737,566,nested_validation
2023-06-06,-0.013198930735840775,-0.036324132470092474,0.03624748440372971,0.22278671342881107,0.05805399530215266,70.09171824562944,0.026181017622374094,-0.5631622258475408,-0.030400905206658946,0.0,0.4602421491388259,-1.0,0.52,0.32121436809590737,566,nested_validation
2023-06-07,-0.030400905206658946,-0.009386069234435412,-0.013219903464551153,0.1717278729525007,0.058420119451930215,64.28704907369473,0.05718483371990971,-0.1951954250894088,0.027618356700076063,1.0,0.48062659160868304,0.0,0.52,0.32121436809590737,566,nested_validation
2023-06-08,0.027618356700076063,-0.031581911781102145,-0.006823316422039372,0.18975861582643172,0.0584728028385591,66.88829000936246,0.035289467779872914,-0.5191594962920231,0.006751500515406628,1.0,0.4613937334450291,-1.0,0.52,0.32121436809590737,566,nested_validation
2023-06-09,0.006751500515406628,-0.014061024709216108,-0.002161028282733124,0.18371544874881374,0.05819886818774137,67.52814411576375,0.029507278278964513,-0.5096328129305879,0.01836475013759964,1.0,0.4706821503577275,-1.0,0.52,0.32121436809590737,566,nested_validation
2023-06-12,0.01836475013759964,0.00804358482002443,0.014753616235638312,0.1912262156694038,0.057910712427024544,69.27890841680106,0.023099103002144305,-0.6720560036152439,0.03900503076183015,1.0,0.4451037952139063,-1.0,0.52,0.32121436809590737,566,nested_validation
2023-06-13,0.03900503076183015,0.061371322424889074,0.05186003008074458,0.2227913029511841,0.058085413389251904,72.70660081403116,0.033177321493283576,0.04642407861257261,0.04814501168058971,1.0,0.463289530543812,-1.0,0.52,0.32121436809590737,566,nested_validation
2023-06-14,0.04814501168058971,0.14735158388074665,0.08808611546867628,0.2631008821410241,0.058371092776925856,76.35089125508885,0.05693424582523256,0.44561232131493245,-0.008000627939466098,0.0,0.4683009813699823,-1.0,0.52,0.32121436809590737,566,nested_validation
2023-06-15,-0.008000627939466098,0.10758244373650316,0.07155180827270513,0.23503155205579662,0.058634289923096876,74.48534919025046,0.02677425055637896,-0.18887750066173595,0.0009141995659478486,1.0,0.5012454945309393,0.0,0.52,0.32121436809590737,566,nested_validation
2023-06-16,0.0009141995659478486,0.1011605093791994,0.06352974033721992,0.2183653134503365,0.058319977826180286,74.561224443839,0.024829039163103916,0.13996338562246508,0.02614083057445371,1.0,0.511602296901175,0.0,0.52,0.32121436809590737,566,nested_validation
2023-06-20,0.02614083057445371,0.10956880581096695,0.07885795431077791,0.23247436147162914,0.05794901154487899,76.69712008352708,0.030040219421727812,-0.5899597590373497,-0.017416911802427548,0.0,0.4576439244527836,-1.0,0.52,0.32121436809590737,566,nested_validation
2023-06-21,-0.017416911802427548,0.049314980681116394,0.04871674067108733,0.1954291433873354,0.058304066864638765,72.23177007925071,0.035660353414058966,-0.2668069538061656,-0.0004647466904115216,0.0,0.49011646122241775,0.0,0.52,0.32121436809590737,566,nested_validation
2023-06-22,-0.0004647466904115216,0.0006509627279167596,0.034244720618548774,0.17909364834706554,0.05796147770476268,72.11322310410469,0.02770476434170971,-0.7748586188096215,-0.01896575541127732,0.0,0.4577368669644693,-1.0,0.52,0.32121436809590737,566,nested_validation
2023-06-23,-0.01896575541127732,-0.010409795645660802,0.005687199337363946,0.14281842072952688,0.05832611947986846,67.26390227669127,0.01881112381602408,-0.910190490150748,-0.037361406048053825,0.0,0.4494007625735577,-1.0,0.52,0.32121436809590737,566,nested_validation
2023-06-26,-0.037361406048053825,-0.04825236436710734,-0.036162732113178886,0.08827900290547719,0.028395562011079876,59.00576040496324,0.06556412351950702,0.1851507138863982,0.030615968221176182,1.0,0.5284811077586838,1.0,0.52,0.32121436809590737,566,nested_validation
2023-06-27,0.030615968221176182,-0.04410166541088756,-0.012263097511030718,0.10820236821399787,0.028614662099875603,62.87753306532882,0.03562892312322743,-0.5075006173632968,-0.01812481100878338,0.0,0.47143240532612074,-1.0,0.52,0.32121436809590737,566,nested_validation
2023-06-28,-0.01812481100878338,-0.044790339661992196,-0.03038291004967908,0.07656180563765713,0.028357724264609786,59.20351295015546,0.0322737467615153,0.3361574529111036,-0.007174822530415237,0.0,0.5075955589808694,0.0,0.52,0.32121436809590737,566,nested_validation
2023-06-29,-0.007174822530415237,-0.051202849118511584,-0.0323767095761468,0.05811416775180467,0.025125594204771316,57.79007121440308,0.024496595815700555,-1.127788287569692,0.0362550810201161,1.0,0.5113059644753393,0.0,0.52,0.32121436809590737,566,nested_validation
2023-06-30,0.0362550810201161,0.0022034132667159145,0.003539500533258355,0.08510652900028393,0.02391005540763639,62.612561166912954,0.024797877938158654,0.06424688812754491,0.002623952646152228,1.0,0.4954589435342953,0.0,0.52,0.32121436809590737,566,nested_validation
2023-07-03,0.002623952646152228,0.043832185700940274,0.006839145363241705,0.07805538217694341,0.02367922289562397,62.954408124824894,0.016410043502103334,-2.326893424892278,-0.0022632865010707715,0.0,0.4954108005453179,0.0,0.52,0.32121436809590737,566,nested_validation
2023-07-05,-0.0022632865010707715,0.010531300231275464,0.008128618489973372,0.0656330096350275,0.023653228203922436,62.42284376752404,0.025805208764906017,-1.2272696324144372,-0.005057182443698238,0.0,0.5000458803489437,0.0,0.52,0.32121436809590737,566,nested_validation
2023-07-06,-0.005057182443698238,0.023980308651971205,0.005286346185313429,0.050604733279669745,0.02341999746901688,61.18254315639737,0.019784817481556884,-1.3085620217630882,0.009500626793537803,1.0,0.5093826431615173,0.0,0.52,0.32121436809590737,566,nested_validation
2023-07-07,0.009500626793537803,0.0411790382300945,0.016103618876886827,0.05026200959353622,0.022014139834515046,62.67535653053412,0.024327704793057944,-0.8294646171788952,-0.007599293684562913,0.0,0.4922656926543548,0.0,0.52,0.32121436809590737,566,nested_validation
2023-07-10,-0.007599293684562913,-0.0028837186272718807,0.008451823752941623,0.03237833668956269,0.021664639647993176,60.647200136813595,0.027548661808188206,-0.8086460015646788,0.00533403384531228,1.0,0.507128760807859,0.0,0.52,0.32121436809590737,566,nested_validation
2023-07-11,0.00533403384531228,-0.00018852460124385573,0.009551527242687818,0.03414833704550513,0.02166043944442014,61.57984861510072,0.01629520333178129,-1.1394676746322987,0.035302389819626745,1.0,0.5069658881244038,0.0,0.52,0.32121436809590737,566,nested_validation
2023-07-12,0.035302389819626745,0.037455268353749016,0.040173953292193865,0.06635661290217465,0.02249236789210238,67.15717722706123,0.02637695172829198,0.15840322475707985,0.047264520794350284,1.0,0.508833653201964,0.0,0.52,0.32121436809590737,566,nested_validation
2023-07-13,0.047264520794350284,0.0920126014142324,0.07693651150395153,0.1114748629286475,0.023168131400422145,73.00654236101764,0.03617021894455095,0.1915694464706677,-0.011049065595758245,0.0,0.507243574682707,0.0,0.52,0.32121436809590737,566,nested_validation
2023-07-14,-0.011049065595758245,0.06978327094261605,0.05356941138763527,0.09246930980725043,0.021298534387547245,69.73213588827598,0.06659481756923537,2.337687236070546,0.02181678917164742,1.0,0.5285848605835947,1.0,0.52,0.32121436809590737,566,nested_validation
2023-07-17,0.02181678917164742,0.10149307640322713,0.06627932231316813,0.1103497445009467,0.02151713588122291,72.34089316202468,0.026559854154597135,0.43993638048518213,0.022233850883722983,1.0,0.5243262784220204,1.0,0.52,0.32121436809590737,566,nested_validation
2023-07-18,0.022233850883722983,0.1200093414789154,0.07742310403827624,0.12769666581174732,0.021838071364568303,74.77870842459885,0.04552151371532846,0.9480816517426975,-0.008779935778511883,0.0,0.5205892303787777,1.0,0.52,0.32121436809590737,566,nested_validation
2023-07-19,-0.008779935778511883,0.07232026343802334,0.056554432339515515,0.11084110847286355,0.021518075896688915,72.01925629432574,0.022856176504359033,-0.14389038534928292,-0.033073666966009996,0.0,0.5198819041092165,0.0,0.52,0.32121436809590737,566,nested_validation
2023-07-20,-0.033073666966009996,-0.009940010783793696,0.013835402959237575,0.06832876449412328,0.022537618979457247,62.713499128671415,0.04448597331974619,0.7219019196555927,-0.02660343024345413,0.0,0.5223777746284587,1.0,0.52,0.32121436809590737,566,nested_validation
2023-07-21,-0.02660343024345413,-0.025511818807454567,-0.01708973790752022,0.0343774224909954,0.023443318039116368,56.5890269039382,0.03985652419240831,2.879848238871352,0.00683814961688145,1.0,0.49271146049796755,0.0,0.52,0.32121436809590737,566,nested_validation
2023-07-24,0.00683814961688145,-0.03979667629966266,-0.015678759701647893,0.0365289065765253,0.022973364975933462,57.70204559243552,0.023962168381621615,-0.537908098982366,0.02391734975984039,1.0,0.5059782922512351,0.0,0.52,0.32121436809590737,566,nested_validation
2023-07-25,0.02391734975984039,-0.03821533440328906,0.0006352436662364624,0.05567118540402127,0.02141491069929042,61.450407604499006,0.027583753978044634,-0.669194831267517,-0.004969462044500328,0.0,0.49456306873951905,0.0,0.52,0.32121436809590737,566,nested_validation
2023-07-26,-0.004969462044500328,-0.034518016987796885,-0.007706606567776331,0.04561626435288746,0.020772663627442553,60.22758482689522,0.03130776085107724,-0.5408144715053759,0.009856622234376111,1.0,0.508977450714879,0.0,0.52,0.32121436809590737,566,nested_validation
2023-07-27,0.009856622234376111,0.008348144923856271,0.002242545147072894,0.05198745752898315,0.020146749958003623,61.84146138302812,0.035838788738083244,0.03362633978637394,0.018518504640055777,1.0,0.5090231774120629,0.0,0.52,0.32121436809590737,566,nested_validation
2023-07-28,0.018518504640055777,0.05509026498961944,0.017955252028690083,0.06840538491371628,0.020102757773454206,64.7629866294761,0.013818179859834568,-0.6871142508762017,-0.0004493351703532822,0.0,0.5029409705712289,0.0,0.52,0.32121436809590737,566,nested_validation
2023-07-31,-0.0004493351703532822,0.04745353185808576,0.016904420670490472,0.06461963251572045,0.0189933327551902,64.63128873523733,0.013353603717046235,-1.0559090518086316,-0.004750730988651308,0.0,0.504364565034536,0.0,0.52,0.32121436809590737,566,nested_validation
2023-08-01,-0.004750730988651308,0.018126474905057588,0.01425187635112568,0.05650099590766722,0.01911037035833828,63.16932131332251,0.018771391386364952,-1.1594745913845241,-0.048121743358262914,0.0,0.49536430498705214,0.0,0.52,0.32121436809590737,566,nested_validation
2023-08-02,-0.048121743358262914,-0.026027426289136013,-0.028607019146430934,0.005309388830281092,0.02230441497147179,50.71479953042087,0.055411214601339534,0.48214314362447486,0.005556932658129954,1.0,0.5508461616931356,1.0,0.52,0.32121436809590737,566,nested_validation
2023-08-03,0.005556932658129954,-0.030174331533435517,-0.021050219577694484,0.009772206499364389,0.022244327917894394,51.83882914424578,0.029608015534725973,-0.7311652180257174,0.0037065590786571345,1.0,0.5030789668164954,0.0,0.52,0.32121436809590737,566,nested_validation
2023-08-04,0.0037065590786571345,-0.04427815482180131,-0.01822268072050326,0.012248265609860587,0.022195940582950824,52.619358609054785,0.027954268712805957,-0.5076535927532049,0.016495292485256385,1.0,0.5046090476213225,0.0,0.52,0.32121436809590737,566,nested_validation
2023-08-07,0.016495292485256385,-0.02807652405040184,-0.0037901616095198376,0.02645885793017655,0.022255466843057264,56.04601868284964,0.021511795013419547,-0.7320671062498451,-0.01657972335625224,0.0,0.49301242051281124,0.0,0.52,0.32121436809590737,566,nested_validation
2023-08-08,-0.01657972335625224,-0.03962827870812746,-0.018121029099695596,0.006383523200100605,0.02269554476117899,51.9148845545721,0.026553841686310586,-0.5698164432365537,-0.047241673452775745,0.0,0.5030055745399971,0.0,0.52,0.32121436809590737,566,nested_validation
2023-08-09,-0.047241673452775745,-0.03874035607296644,-0.05850852561287101,-0.0416477459771577,0.023893690637517694,42.46854155723966,0.051182059502606646,0.7631709489467682,-0.0039008991441841223,0.0,0.5578981513836456,1.0,0.52,0.32121436809590737,566,nested_validation
2023-08-10,-0.0039008991441841223,-0.047781546815475084,-0.0548371187667982,-0.04629614423814865,0.02114062833122287,41.82377583440808,0.04102581409245698,0.21257341873626914,-0.036165947530404474,0.0,0.5244273264472459,1.0,0.52,0.32121436809590737,566,nested_validation
2023-08-11,-0.036165947530404474,-0.08560867489833035,-0.07688586216214555,-0.0808105026081326,0.022249191255882896,36.33712289487603,0.033753558508941184,0.5657084242345014,0.07093376692266018,1.0,0.5355635311853131,1.0,0.52,0.32121436809590737,566,nested_validation
2023-08-14,0.07093376692266018,-0.03663838536985908,-0.004713369132963718,-0.016678973978635936,0.027235120539714427,49.75581486381262,0.07974307006373216,1.432382466670577,0.004274113532238166,1.0,0.5036909758897913,0.0,0.52,0.32121436809590737,566,nested_validation
2023-08-15,0.004274113532238166,-0.016209900770484342,0.005411551899977107,-0.013604537561575425,0.026691197699664118,50.48114355168969,0.03545749933129958,1.2756518828230388,-0.010332359012485415,0.0,0.5247529914948338,1.0,0.52,0.32121436809590737,566,nested_validation
2023-08-16,-0.010332359012485415,0.021901566853521626,-0.0031908252935102244,-0.02464951654537384,0.026708612734734637,48.645118107856156,0.02918182875635756,0.37273872250953716,-0.0032654123119191247,0.0,0.5443986013888487,1.0,0.52,0.32121436809590737,566,nested_validation
2023-08-17,-0.0032654123119191247,0.02255351502720071,-0.003771720922748689,-0.028735594741919224,0.02584014461026878,48.05639204201363,0.02447860789606402,-0.04066992117164156,-0.0010383343336027862,0.0,0.5340051258631795,1.0,0.52,0.32121436809590737,566,nested_validation
2023-08-18,-0.0010383343336027862,0.05982120053475182,-0.0016372140689649983,-0.030320625296960668,0.025222030433652492,47.85869586841706,0.04429661832931255,1.1084498845645325,0.08471339946681389,1.0,0.5323179606113314,1.0,0.52,0.32121436809590737,566,nested_validation
2023-08-21,0.08471339946681389,0.07345784843673853,0.07908097641847234,0.04807891928397945,0.031368441806085924,61.691041875590145,0.06053183217800803,1.6944822381416822,-0.02765771885321655,0.0,0.5104758421799268,0.0,0.52,0.32121436809590737,566,nested_validation
2023-08-22,-0.02765771885321655,0.039326254654467485,0.04682134202346111,0.01662394566237091,0.031666157383904506,56.02286723260533,0.062494528714309765,1.839992141541965,0.03170722970500606,1.0,0.540758579413992,1.0,0.52,0.32121436809590737,566,nested_validation
2023-08-23,0.03170722970500606,0.08347526638265435,0.06883609095936838,0.04636278118344417,0.03235209520623779,60.391588518995995,0.04227864275607097,1.731774446239131,0.0009973908029454748,1.0,0.5168075572886126,0.0,0.52,0.32121436809590737,566,nested_validation
2023-08-24,0.0009973908029454748,0.08810903930221103,0.0584369624862342,0.04648763802634326,0.03230639277769424,60.52863182468699,0.06587788228524662,2.880321660966804,-0.024277401464683157,0.0,0.5290898320540429,1.0,0.52,0.32121436809590737,566,nested_validation
2023-08-25,-0.024277401464683157,0.0627961170156377,0.0209116949285586,0.020667189334845126,0.032549191048681106,55.49077670024685,0.06043291648094567,1.5981331126299918,0.017753818162276946,1.0,0.5224481550430695,1.0,0.52,0.32121436809590737,566,nested_validation
2023-08-28,0.017753818162276946,-0.00281050593419907,0.0319806772284581,0.038500767777606804,0.03278509469221456,58.16631720610577,0.04466743023058244,0.4684716084447399,0.04161415507208743,1.0,0.508441379137504,0.0,0.52,0.32121436809590737,566,nested_validation
2023-08-29,0.04161415507208743,0.06823153990905495,0.06357368570645483,0.08068670057960436,0.03394079738242308,63.76255121653428,0.05514107944264943,0.4659753191081038,0.009839333327483324,1.0,0.5116905838724176,0.0,0.52,0.32121436809590737,566,nested_validation
2023-08-30,0.009839333327483324,0.04558948027299703,0.06067717356333735,0.08956038948152978,0.03186669613290282,65.00420848956648,0.030488772800180152,0.5786724215514557,0.0018472121480752612,1.0,0.5244018187049005,1.0,0.52,0.32121436809590737,566,nested_validation
2023-08-31,0.0018472121480752612,0.04647715916880957,0.049059574183085486,0.08849557134218622,0.03187869502599634,65.24732832220403,0.015925424078326086,-0.5056847374023767,-0.017141226002213905,0.0,0.5184412982463193,0.0,0.52,0.32121436809590737,566,nested_validation
2023-09-01,-0.017141226002213905,0.05413081466116498,0.019784257391715965,0.0665443478235439,0.03226440522548544,61.00429664423181,0.03417924477186558,-0.8903698604723198,0.0008041527880842114,1.0,0.4901578174001823,0.0,0.52,0.32121436809590737,566,nested_validation
2023-09-05,0.0008041527880842114,0.03657532702723598,0.017223395571738243,0.06433179955910528,0.032156911416115194,61.12981367488442,0.020412810461768658,-1.3690381701035705,-0.03054970687674463,0.0,0.49634952089852485,0.0,0.52,0.32121436809590737,566,nested_validation
2023-09-06,-0.03054970687674463,-0.03523944088361497,-0.016730381601210764,0.03077284050910123,0.032739414340292254,54.01153948857239,0.04183927075174286,-0.9716033932020574,-0.017424209140534885,0.0,0.5100454137721723,0.0,0.52,0.32121436809590737,566,nested_validation
2023-09-07,-0.017424209140534885,-0.06128595106288215,-0.03210141804418076,0.012226579969559337,0.031046066615431342,50.509274307092845,0.025778017639457806,-1.0944338784177086,-0.014467698726918887,0.0,0.5108931890034117,0.0,0.52,0.32121436809590737,566,nested_validation
2023-09-08,-0.014467698726918887,-0.0765727491492657,-0.04292519678207507,-0.0021819504919052823,0.03127592272192973,47.786777734799195,0.02929428433240202,-0.8676028673413813,-0.008645709084758146,0.0,0.5138899305009389,0.0,0.52,0.32121436809590737,566,nested_validation
2023-09-11,-0.008645709084758146,-0.06859093931128402,-0.049530600983172524,-0.009675357561976905,0.030055325958026045,46.20712413925644,0.04097122199497373,-0.8372873465675734,-0.00681730818686066,0.0,0.526896845689386,1.0,0.52,0.32121436809590737,566,nested_validation
2023-09-12,-0.00681730818686066,-0.0756839332681668,-0.052099296686017094,-0.015091643245749298,0.026107353722716137,44.95609177275864,0.02545135130149034,-1.3518106081095826,0.013706230569396682,1.0,0.5317740680693847,1.0,0.52,0.32121436809590737,566,nested_validation
2023-09-13,0.013706230569396682,-0.03348839800461045,-0.032371685007678286,-0.0008479299800641105,0.02623633222937653,47.98447956120999,0.031373022622324394,-1.0031634800279738,0.002110672862678964,1.0,0.5156242054755671,0.0,0.52,0.32121436809590737,566,nested_validation
2023-09-14,0.002110672862678964,-0.0142728929256567,-0.022680436532222403,0.0002973162837778265,0.026081973447119346,48.46117003317821,0.01877973209998055,-1.0749180454703704,-0.0368796041231747,0.0,0.5297417283626481,1.0,0.52,0.32121436809590737,566,nested_validation
2023-09-15,-0.0368796041231747,-0.036689228383903316,-0.04759227034113933,-0.03616222415721537,0.027458338927873097,41.3205585806454,0.04079727343870709,-0.42413726952593195,0.001503304867928934,1.0,0.5446738236669975,1.0,0.52,0.32121436809590737,566,nested_validation
2023-09-18,0.001503304867928934,-0.0268273106502549,-0.03667430678263439,-0.03421122193038584,0.027454447331762,41.68385107019442,0.05099396351873597,-0.43372152988317203,-0.010144159054795043,0.0,0.5304009771915997,1.0,0.52,0.32121436809590737,566,nested_validation
2023-09-19,-0.010144159054795043,-0.030087134278778627,-0.035832922927551025,-0.04268120841581924,0.01970691606281358,39.8866207019681,0.022150751189441344,-0.9602416813713243,-0.02943455590992816,0.0,0.5113648107476482,0.0,0.52,0.32121436809590737,566,nested_validation
2023-09-20,-0.02943455590992816,-0.07136418534329281,-0.05410785114456751,-0.06920692140575446,0.019818831772704184,35.19316894332586,0.03977367760347509,-0.8947921200389,-0.028930564491779553,0.0,0.5115402769803131,0.0,0.52,0.32121436809590737,566,nested_validation
2023-09-21,-0.028930564491779553,-0.10012947596360322,-0.07060045050722286,-0.09511601305591899,0.01878217539657536,31.397649816543407,0.027305726370768894,-0.42604140233931886,0.014457331765486359,1.0,0.5385572630108113,1.0,0.52,0.32121436809590737,566,nested_validation
2023-09-22,0.014457331765486359,-0.05216393022464605,-0.048622877044197876,-0.08151067620959251,0.019281400228522937,35.05785671653578,0.021244957283825847,-0.16607784686112392,0.01470787465369705,1.0,0.5178750670614855,0.0,0.52,0.32121436809590737,566,nested_validation
2023-09-25,0.01470787465369705,-0.03966694946783522,-0.02806115327770986,-0.06894043848906595,0.01931113995182221,38.69327983919331,0.03218703888349429,-0.5418387299656836,-0.007365650180450545,0.0,0.5021305324550921,0.0,0.52,0.32121436809590737,566,nested_validation
2023-09-26,-0.007365650180450545,-0.03697131057492131,-0.028603408149972975,-0.07454772306935209,0.01865435675870564,37.54315239415288,0.02779702071146459,-0.623252919217494,0.013289854517401611,1.0,0.5127450777773626,0.0,0.52,0.32121436809590737,566,nested_validation
2023-09-27,0.013289854517401611,0.005421330983489625,-0.008762257969997078,-0.06123397639800965,0.015907237936819002,40.92974082235123,0.029269098480866854,-0.07393608449400302,0.014622840172786145,1.0,0.4891139148643321,0.0,0.52,0.32121436809590737,566,nested_validation
2023-09-28,0.014622840172786145,0.05051545142997704,0.011616576441033422,-0.04723035310296997,0.01618874336955282,44.540419366229514,0.03088949489102906,-0.21476065370361455,0.009515287122990657,1.0,0.5116221693094937,0.0,0.52,0.32121436809590737,566,nested_validation
2023-09-29,0.009515287122990657,0.04539774554326104,0.02220473667603584,-0.03827687827611015,0.01647112253174924,46.85035459613948,0.019241862800690616,-0.6727411715666203,0.029494975693145742,1.0,0.511266238994331,0.0,0.52,0.32121436809590737,566,nested_validation
2023-10-02,0.029494975693145742,0.06063208290861932,0.050340523977079776,-0.010994393388558787,0.017982428051544243,53.39226969762768,0.029342127018630575,0.1285236573449143,-0.028248238485530264,0.0,0.5325479813306644,1.0,0.52,0.32121436809590737,566,nested_validation
2023-10-03,-0.028248238485530264,0.03831898933638267,0.020677445661125615,-0.03648770464951778,0.01870878516175521,47.22078095733396,0.04329348897062677,0.8605827434876054,0.012041477977909887,1.0,0.5468843431461372,1.0,0.52,0.32121436809590737,566,nested_validation
2023-10-04,0.012041477977909887,0.03703977681785453,0.02862041871675114,-0.023715996811865758,0.01812555912570509,49.80880064671516,0.019322942994611358,-1.3781471773425207,0.014690826275779001,1.0,0.5291612196579368,1.0,0.52,0.32121436809590737,566,nested_validation
2023-10-05,0.014690826275779001,0.037109264996400215,0.03485886126359872,-0.007595947143187787,0.018211802744251136,52.881004719569596,0.022645923823342733,-0.6539875610767694,0.02403334953407965,1.0,0.5152304509345765,0.0,0.52,0.32121436809590737,566,nested_validation
2023-10-06,0.02403334953407965,0.0520241625005744,0.04963776049852875,0.017306953892921584,0.01876981857212587,57.5283806466392,0.038525423895532665,0.25661435151181433,-0.010685661542408575,0.0,0.5407082438437227,1.0,0.52,0.32121436809590737,566,nested_validation
2023-10-09,-0.010685661542408575,0.010964223176428645,0.031205249639925325,0.006989441332124091,0.018824081962911243,54.874576551497235,0.02732311850856656,-0.21667352302732967,0.011596202481743312,1.0,0.513630038663291,0.0,0.52,0.32121436809590737,566,nested_validation
2023-10-10,0.011596202481743312,0.05241648074434968,0.034008618502344934,0.01944758469755059,0.01890440066015388,57.15951473277807,0.025568749968244167,-1.1926906028425739,0.022009685967530723,1.0,0.4943329849749156,0.0,0.52,0.32121436809590737,566,nested_validation
2023-10-11,0.022009685967530723,0.06278236653069635,0.04651705997184763,0.04341356446221667,0.019262202920431144,61.21977115458406,0.017284150041173903,-0.9334800269375019,0.002969609695842257,1.0,0.5109281119147883,0.0,0.52,0.32121436809590737,566,nested_validation
2023-10-12,0.002969609695842257,0.05050561978886803,0.04065284850735629,0.04831539188576106,0.019264208122485724,61.757997469947405,0.0272446338678813,1.2663256693911444,-0.031611439570680244,0.0,0.5274394108693127,1.0,0.52,0.32121436809590737,566,nested_validation
2023-10-13,-0.031611439570680244,-0.006577641897006603,0.0033923129504942473,0.01812461928822784,0.018764955289807532,53.259046802809806,0.040386318141113396,1.2093038126117974,0.013946288634278714,1.0,0.5208365550901294,1.0,0.52,0.32121436809590737,566,nested_validation
2023-10-16,0.013946288634278714,0.018156589760193853,0.014446052177155666,0.03418428586894273,0.018946038811613587,56.04231842037084,0.02848464455082984,-1.06416726519164,-0.04679468061970504,0.0,0.49572490595258756,0.0,0.52,0.32121436809590737,566,nested_validation
2023-10-17,-0.04679468061970504,-0.04061296894890942,-0.03391975591859431,-0.010802585629325012,0.02166272931697936,46.00532573374591,0.0517547928765577,3.983542374077626,-0.03964707244388077,0.0,0.547936598201566,1.0,0.52,0.32121436809590737,566,nested_validation
2023-10-18,-0.03964707244388077,-0.09849176912931945,-0.06844297876978123,-0.04654034094366333,0.02247261460189583,39.80504429193279,0.0330363312946575,1.741886755948522,-0.0022510990796071884,0.0,0.5514792251915227,1.0,0.52,0.32121436809590737,566,nested_validation
2023-10-19,-0.0022510990796071884,-0.1031843459397711,-0.06520110640862187,-0.045710969868365314,0.02147318129944549,39.49249615681092,0.03360967333467745,0.4618081341537544,-0.01695937036894135,0.0,0.5706755000002197,1.0,0.52,0.32121436809590737,566,nested_validation
2023-10-20,-0.01695937036894135,-0.08961520070052142,-0.07204038481517605,-0.058919414933488845,0.021619297369645383,37.132281564748304,0.03363379976356189,0.22606628211365934,0.038369489907380316,1.0,0.541462770624724,1.0,0.52,0.32121436809590737,566,nested_validation
2023-10-23,0.038369489907380316,-0.06768651331490871,-0.031444583401727955,-0.021176223986721365,0.02299707479596994,45.00449012632459,0.05358933067084171,0.20961986144050024,0.01600946582644558,1.0,0.5202588572520161,1.0,0.52,0.32121436809590737,566,nested_validation
2023-10-24,0.01600946582644558,-0.00625887379065726,-0.011180549668273199,-0.004593608570202967,0.02312816208439981,48.0402232317443,0.023040028069211592,-0.5529256238592397,-0.043148863412466376,0.0,0.5043270278718631,0.0,0.52,0.32121436809590737,566,nested_validation
2023-10-25,-0.043148863412466376,-0.00988241009800983,-0.04295150067959019,-0.044854328852071745,0.02498600076967434,41.31483535371566,0.05014483961726482,-0.5560527579579522,-0.03477815337185308,0.0,0.5496287678375594,1.0,0.52,0.32121436809590737,566,nested_validation
2023-10-26,-0.03477815337185308,-0.04216068028476827,-0.062013754284095945,-0.07436569611054544,0.025797326862023164,37.011410935187264,0.058919789666640986,0.7768845249164011,0.004314822849454947,1.0,0.5077743909458124,0.0,0.52,0.32121436809590737,566,nested_validation
2023-10-27,0.004314822849454947,-0.021431874022257325,-0.04696917962045488,-0.06794707842038239,0.025696157837294786,37.846327782485034,0.029407454125675206,-0.43777072244211485,0.01632103313163591,1.0,0.5197188572867998,0.0,0.52,0.32121436809590737,566,nested_validation
2023-10-30,0.01632103313163591,-0.04221052481800247,-0.020036848194165957,-0.05069231848085398,0.02500842661522158,41.043403911303166,0.031218869058690805,-0.6883241695427448,-0.009256345649222286,0.0,0.48701071386503475,0.0,0.52,0.32121436809590737,566,nested_validation
2023-10-31,-0.009256345649222286,-0.06602853944018217,-0.021752677038240797,-0.05749410343073469,0.024419162272359247,39.77345282590851,0.04043654057273988,0.5366070545505957,0.03788637760458302,1.0,0.5287965489739151,1.0,0.52,0.32121436809590737,566,nested_validation
2023-11-01,0.03788637760458302,0.013069033333183988,0.014995448022037339,-0.021850777444400005,0.025821443473923362,46.94276859098985,0.03572359150248595,-0.2742895356770836,0.02790307466121078,1.0,0.5216979509078478,1.0,0.52,0.32121436809590737,566,nested_validation
2023-11-02,0.02790307466121078,0.07885744385603077,0.039813472993045274,0.0035184527850071756,0.026393704923793917,51.67796931152589,0.022755432629155498,-0.5626852962723582,0.034454914574043816,1.0,0.5158564587095792,0.0,0.52,0.32121436809590737,566,nested_validation
2023-11-03,0.034454914574043816,0.11123460445923605,0.06641863606327347,0.03539188733340426,0.02697894442712159,56.93191237035316,0.03524049544529144,-0.4054149543138772,0.01657599783692376,1.0,0.5231267060740247,1.0,0.52,0.32121436809590737,566,nested_validation
2023-11-06,0.01657599783692376,0.11151338015529588,0.07701111843392394,0.049713706384395984,0.02711658498836078,59.30341136910841,0.022644382095077627,-0.6336549114563941,0.004459019274718257,1.0,0.5208034168383511,1.0,0.52,0.32121436809590737,566,nested_validation
2023-11-07,0.004459019274718257,0.12690062140556901,0.0760078905355972,0.051143359524040255,0.027020205635457865,59.952828010982294,0.023065988822949853,-1.1691889435512914,0.013469698314185763,1.0,0.5217645379977206,1.0,0.52,0.32121436809590737,566,nested_validation
2023-11-08,0.013469698314185763,0.10038984753019209,0.07839402290479436,0.06197731385457117,0.02674358810848879,61.93754083848383,0.01930265920610822,-1.1034727744597739,0.008072958935570806,1.0,0.5141216042802029,0.0,0.52,0.32121436809590737,566,nested_validation
2023-11-09,0.008072958935570806,0.07916133040854123,0.07067834314219335,0.06741815950763241,0.02679393822724099,63.132731288412344,0.03152288643634251,0.7041752337603149,0.029499439223062307,1.0,0.5206427006318752,1.0,0.52,0.32121436809590737,566,nested_validation
2023-11-10,0.029499439223062307,0.07399169246953652,0.0829138567534069,0.09489370844303258,0.02645531863918172,67.21643407480727,0.024599135172164593,-0.39064788322433086,0.005896355182418711,1.0,0.4981224405244662,0.0,0.52,0.32121436809590737,566,nested_validation
2023-11-13,0.005896355182418711,0.0627088690368689,0.07139460757925464,0.0981671414010088,0.026353182946742635,68.00188354441647,0.020917361745270355,-0.7449017823682255,0.021308303987821908,1.0,0.49367521156123323,0.0,0.52,0.32121436809590737,566,nested_validation
2023-11-14,0.021308303987821908,0.08053526509479036,0.0732325886648888,0.11640717539387224,0.023990502148216217,70.74569930452158,0.015989986035208292,-0.3791022330211141,-0.015466506988301765,0.0,0.5048666297508208,0.0,0.52,0.32121436809590737,566,nested_validation
2023-11-15,-0.015466506988301765,0.0496842289766215,0.041854895512969614,0.09516210722447349,0.02217910163252753,66.21298249011164,0.036000619864890684,0.6907764198463878,0.012109446090286413,1.0,0.5219208395439461,1.0,0.52,0.32121436809590737,566,nested_validation
2023-11-16,0.012109446090286413,0.053887334386021335,0.041215228893437095,0.10447182162957014,0.022079688942598808,67.91926174802272,0.02415116624655907,-1.502542943522756,-0.0036783794275838666,0.0,0.4959581214715436,0.0,0.52,0.32121436809590737,566,nested_validation
2023-11-17,-0.0036783794275838666,0.01992356371620918,0.02809758797820172,0.09752160924365438,0.02150057797108915,66.80230562052655,0.014402188316725573,-1.5446196468506752,0.022536436813358707,1.0,0.5080335568405643,0.0,0.52,0.32121436809590737,566,nested_validation
2023-11-20,0.022536436813358707,0.03679569101850877,0.041153331514222735,0.11799468288575743,0.02068107954991258,70.0410906426908,0.0271181846312254,-0.050391704405625945,-0.009224696244699793,0.0,0.5076251424968224,0.0,0.52,0.32121436809590737,566,nested_validation
2023-11-21,-0.009224696244699793,0.005799680361061821,0.023119627044763114,0.10429678395573339,0.02093581781821703,67.09078264620533,0.02592900373648461,2.060266252763701,-0.02458743360473903,0.0,0.48368695611244067,0.0,0.52,0.32121436809590737,566,nested_validation
2023-11-22,-0.02458743360473903,-0.0035182607151188483,-0.0063961378771087984,0.07563077793021744,0.01901733870822238,59.91349882564061,0.054294286872973226,3.6400839750530047,-0.019295547040843797,0.0,0.4937117113255381,0.0,0.52,0.32121436809590737,566,nested_validation
2023-11-24,-0.019295547040843797,-0.034438337885060344,-0.027207130719811512,0.054231117227162784,0.017520923487624174,55.057992135231736,0.024614921265978345,-1.138875419455846,0.009753721141008365,1.0,0.501657939303992,0.0,0.52,0.32121436809590737,566,nested_validation
2023-11-27,0.009753721141008365,-0.021420933582167012,-0.017532730384791972,0.06234074682971924,0.017493481570858827,56.92180967863297,0.018199874414366702,-0.3278418467873538,-0.008726669201761905,0.0,0.5120777158038813,0.0,0.52,0.32121436809590737,566,nested_validation
2023-11-28,-0.008726669201761905,-0.05134008364486797,-0.024519107330686962,0.05173756168913912,0.017813680843018067,54.71416573665443,0.01777466602552587,-0.287513306674698,0.006670691928045702,1.0,0.5194459566474822,0.0,0.52,0.32121436809590737,566,nested_validation
2023-11-29,0.006670691928045702,-0.03612036878395597,-0.014965816351642625,0.055501893784630996,0.017389502967553313,56.10341923788215,0.018737026146287195,-0.3908441517959321,-0.028458620528412415,0.0,0.512162326986689,0.0,0.52,0.32121436809590737,566,nested_validation
2023-11-30,-0.028458620528412415,-0.03994578415475469,-0.03883300354274688,0.022047123563082582,0.017787150006001593,49.13231715347422,0.03609150542699205,0.716478128013321,-0.00010688330965635817,0.0,0.5295523984318959,1.0,0.52,0.32121436809590737,566,nested_validation
2023-12-01,-0.00010688330965635817,-0.021161167182764173,-0.03354330624828017,0.01847775678289576,0.01702809601789176,49.108339350066316,0.021661509708166018,-0.5020056790371265,-0.026836462578629483,0.0,0.5391007697898393,1.0,0.52,0.32121436809590737,566,nested_validation
2023-12-04,-0.026836462578629483,-0.05663109611179773,-0.05205873716190901,-0.011812334673018787,0.01674161983800727,43.3839999278944,0.023445426985845137,0.027735213483655513,0.023293920191347794,1.0,0.5183201821168757,0.0,0.52,0.32121436809590737,566,nested_validation
2023-12-05,0.023293920191347794,-0.026157938629282618,-0.022158490116167995,0.008582005685727534,0.017119926494737748,48.81184486393415,0.028540104618678588,-0.47494263413246307,-0.022828004799209545,0.0,0.5167236367672695,0.0,0.52,0.32121436809590737,566,nested_validation
2023-12-06,-0.022828004799209545,-0.05469465064341683,-0.035494900124789175,-0.015752137272094457,0.01786378611430081,44.23214804004555,0.04340378349439787,-0.4237638377998379,0.024020395101339354,1.0,0.539431899680928,1.0,0.52,0.32121436809590737,566,nested_validation
2023-12-07,0.024020395101339354,-0.003632806802289168,-0.007877847553347195,0.0043988250469497725,0.01841091989715988,49.48066952661452,0.021997628790239306,-0.6604085250707038,0.019529593080989116,1.0,0.5135488984592181,0.0,0.52,0.32121436809590737,566,nested_validation
2023-12-08,0.019529593080989116,0.015934425473898006,0.012070665111765244,0.018756025533436915,0.018820707812712507,53.41194919724394,0.025070556962978763,-0.5286999387077973,-0.01850286807929269,0.0,0.5036113086322858,0.0,0.52,0.32121436809590737,566,nested_validation
2023-12-11,-0.01850286807929269,0.024634284453664,-0.003235096696105222,-0.004456640369454923,0.01804892824992402,49.412130453498875,0.03648093248557561,0.6288067325713773,0.02209026725920471,1.0,0.5329198317104398,1.0,0.52,0.32121436809590737,566,nested_validation
2023-12-12,0.02209026725920471,0.023429054913527425,0.01913183419141884,0.012849907695346552,0.018719185529925773,53.77997980414673,0.03399288417342934,-0.4487959017934014,0.00904374375693151,1.0,0.5137651925168988,0.0,0.52,0.32121436809590737,566,nested_validation
2023-12-13,0.00904374375693151,0.05680953825059909,0.028453651090580845,0.01674338625670302,0.018177279269579318,55.51097308590564,0.020504076596656855,0.1325727871080634,0.0054482758291853894,1.0,0.5234597147949253,1.0,0.52,0.32121436809590737,566,nested_validation
2023-12-14,0.0054482758291853894,0.03764273953620667,0.030565476381989143,0.01795766917013708,0.01793992604524729,56.57561711293063,0.025811733677789543,-0.27970667456211495,0.011168516269892903,1.0,0.5306340550985568,1.0,0.52,0.32121436809590737,566,nested_validation
2023-12-15,0.011168516269892903,0.029133118327938856,0.03736766050330265,0.025449359457331733,0.017908297797870912,58.76584558338356,0.026263047918965204,0.367325103905559,0.024279087807155486,1.0,0.5168445325762256,0.0,0.52,0.32121436809590737,566,nested_validation
2023-12-18,0.024279087807155486,0.0739914538621742,0.05234733948660897,0.046631965990559854,0.01867525137692127,63.16402589924572,0.025620487248602775,-0.20677532185386846,-0.009445598409596134,0.0,0.5334700739764611,1.0,0.52,0.32121436809590737,566,nested_validation
2023-12-19,-0.009445598409596134,0.040854214125746635,0.035794566097460345,0.033967515212161015,0.01812057858707814,60.39932518478237,0.016228536079550594,0.19294302019915344,-0.03009826339372146,0.0,0.5219086662333838,1.0,0.52,0.32121436809590737,566,nested_validation
2023-12-20,-0.03009826339372146,0.00047824098863813447,-0.0008224130639296057,0.0013440487295353076,0.019156712490389586,52.57679249632016,0.03951281358007161,-0.2854307563084578,0.018270271918988668,1.0,0.5242568851382652,1.0,0.52,0.32121436809590737,566,nested_validation
2023-12-21,0.018270271918988668,0.013236856625340243,0.012399278115802659,0.01792977968242404,0.018869241535652437,56.175513121431244,0.013798785043490582,-1.7135271573703454,-0.0032659243061899934,0.0,0.498843810270095,0.0,0.52,0.32121436809590737,566,nested_validation
2023-12-22,-0.0032659243061899934,-0.0012271095297846646,0.006339401579871229,0.013282993161030765,0.018346126896749172,55.3521329179454,0.018758966452226956,-2.3142695127306148,0.009195024487822057,1.0,0.4842753806669292,0.0,0.52,0.32121436809590737,566,nested_validation
2023-12-26,0.009195024487822057,-0.01593555540242264,0.010072161338622987,0.021929858971899252,0.018333601244204818,57.245964066978964,0.01298726431883593,-2.0521611204194303,0.002800561322009898,1.0,0.4861097525044255,0.0,0.52,0.32121436809590737,566,nested_validation
2023-12-27,0.002800561322009898,-0.003769630587604267,0.009260049416130345,0.02422452751974924,0.018191954665699995,57.83795383268444,0.01204041570527957,-1.8793230936609993,0.0021246755761523684,1.0,0.49427524846675114,0.0,0.52,0.32121436809590737,566,nested_validation
2023-12-28,0.0021246755761523684,0.02932802166099857,0.008450946934234649,0.02649260965316569,0.018158213650960695,58.31089427232761,0.009531120071453148,-1.5294881390583461,0.0,0.0,0.5097331063154927,0.0,0.52,0.32121436809590737,566,nested_validation
2023-12-29,0.0,0.010859346528079294,0.006049880129411989,0.026040104053622448,0.01681331484362646,58.31089427232761,0.02516057940693561,0.2379993998114536,-0.02734144613481082,0.0,0.5014897540711155,0.0,0.52,0.32121436809590737,566,nested_validation
2024-01-02,-0.02734144613481082,-0.013557362859589084,-0.020019585229549497,-0.0011112115891368513,0.018066691443552895,49.93370147903355,0.035293077854418105,0.48775425223514485,-0.01243551235915108,0.0,0.5349867043287573,1.0,0.52,0.32121436809590737,566,nested_validation
2024-01-03,-0.01243551235915108,-0.03470023742035078,-0.027242615775062595,-0.012355455818381378,0.017182460007001382,46.734968012181334,0.018163055953490652,-0.5865441251365392,0.009018458920019734,1.0,0.5305577413503875,1.0,0.52,0.32121436809590737,566,nested_validation
2024-01-04,0.009018458920019734,-0.028714864748450197,-0.015235724453141808,-0.00178586447974316,0.016584427486848078,49.24281270129349,0.02066753942097492,-0.718333903129653,0.022896859673395165,1.0,0.5165082874754467,0.0,0.52,0.32121436809590737,566,nested_validation
2024-01-05,0.022896859673395165,-0.008581927069053363,0.005278639506605121,0.02166687707666437,0.016199162107276326,55.077882438108354,0.025276516407619173,0.6202180576322123,0.06428086570546876,1.0,0.49896013644696213,0.0,0.52,0.32121436809590737,566,nested_validation
2024-01-08,0.06428086570546876,0.05514728493499543,0.06279814402979289,0.08467614000691692,0.020500030755315483,66.85999957034306,0.0535089185789553,2.6202623245114585,0.0169750891267324,1.0,0.5133437477100914,0.0,0.52,0.32121436809590737,566,nested_validation
2024-01-09,0.0169750891267324,0.1032221943398679,0.07144660419830506,0.09900638917386173,0.020422855631039055,69.29730989800332,0.04958604001684948,2.8300558554242516,0.022769936980857164,1.0,0.5088930681340252,0.0,0.52,0.32121436809590737,566,nested_validation
2024-01-10,0.022769936980857164,0.14255069750059501,0.08475230965223934,0.11931429829395834,0.019939866523366597,72.2911063453176,0.02044158403360693,0.9945139080674544,0.008684493293112716,1.0,0.5063442626193506,0.0,0.52,0.32121436809590737,566,nested_validation
2024-01-11,0.008684493293112716,0.1421725352810732,0.08249526700308252,0.12363146559008031,0.019674767810719182,73.38147924671428,0.0325781500826163,1.320993657324339,-0.002043042825409236,0.0,0.5185700304743951,0.0,0.52,0.32121436809590737,566,nested_validation
2024-01-12,-0.002043042825409236,0.11432449625608543,0.06932944134349572,0.11632186449605153,0.019771478962146573,72.65089576114346,0.011698033272862481,-0.3965061504771494,0.03056113771221214,1.0,0.52644372968553,1.0,0.52,0.32121436809590737,566,nested_validation
2024-01-16,0.03056113771221214,0.07901923039934089,0.08742896037155501,0.1429625592336583,0.020440504116820923,76.42432391905668,0.034319420376025964,0.274807939044879,-0.0058351046636442305,0.0,0.49188759034350094,0.0,0.52,0.32121436809590737,566,nested_validation
2024-01-17,-0.0058351046636442305,0.05481742052994987,0.06488922583055112,0.1292030817752856,0.02064033658238664,74.2533888429636,0.03088146842396036,0.45489659793279225,0.01880359582832858,1.0,0.5179511805121102,0.0,0.52,0.32121436809590737,566,nested_validation
2024-01-18,0.01880359582832858,0.050726798003634554,0.06560402726678505,0.1415433307074907,0.02044564842010191,76.55147411920443,0.026143906547496147,0.5459065335016288,0.0417462347832982,1.0,0.49140459816367466,0.0,0.52,0.32121436809590737,566,nested_validation
2024-01-19,0.0417462347832982,0.0851665638604413,0.08678219659706854,0.17904434594788587,0.021432697059300638,80.7391500843776,0.0382411034055396,0.8714429796114307,0.0027399322873018495,1.0,0.47707650244907496,-1.0,0.52,0.32121436809590737,566,nested_validation
2024-01-22,0.0027399322873018495,0.09036751429299872,0.06914095396034314,0.1713246445775014,0.019519817952466708,80.9891433744024,0.02113859256891807,0.2191442193034254,0.003671191231984894,1.0,0.5043461276054777,0.0,0.52,0.32121436809590737,566,nested_validation
2024-01-23,0.003671191231984894,0.06191706819117315,0.05860872064262823,0.16549670907024017,0.01950715907806254,81.33958396063153,0.02213018787477682,-0.8830231836309941,0.024869251635551315,1.0,0.4612241758952076,-1.0,0.52,0.32121436809590737,566,nested_validation
2024-01-24,0.024869251635551315,0.09471392128354417,0.06938956186522582,0.18383812845145675,0.019494962993873797,83.5587031707359,0.04743977251816535,0.8767174016937962,0.0041557216388299345,1.0,0.48558762876070516,0.0,0.52,0.32121436809590737,566,nested_validation
2024-01-25,0.0041557216388299345,0.07897464449053593,0.06040403908074654,0.1774077180890723,0.019557840133643884,83.91156922146976,0.030332591302896346,0.2547828295289552,-0.009510435089148617,0.0,0.48684398511026944,0.0,0.52,0.32121436809590737,566,nested_validation
2024-01-26,-0.009510435089148617,0.02588623840198756,0.0392146688734516,0.15635953966609795,0.020008055110347492,79.67943216416418,0.019825975644590783,-0.5264314214381605,0.023496350119529552,1.0,0.435717285359167,-1.0,0.52,0.32121436809590737,566,nested_validation
2024-01-29,0.023496350119529552,0.0471217778743529,0.04977024636292171,0.17287992836966093,0.020086391058809425,82.06345920793208,0.025326133256386017,-0.9489466452203998,0.0049467226142638765,1.0,0.4607052530924942,-1.0,0.52,0.32121436809590737,566,nested_validation
2024-01-30,0.0049467226142638765,0.048452529120791565,0.04375094988590833,0.16813615465108533,0.019968753397221192,82.53883460247562,0.019641917723126203,-0.43851164582867774,-0.01986493882190088,0.0,0.4896781377336718,0.0,0.52,0.32121436809590737,566,nested_validation
2024-01-31,-0.01986493882190088,0.0026889597206576354,0.013789706222921305,0.1360263855506716,0.019284735297510725,74.01358953870094,0.02550100335211247,-0.09301782719209006,0.024379521495106138,1.0,0.48749972631386496,0.0,0.52,0.32121436809590737,566,nested_validation
2024-02-01,0.024379521495106138,0.02288321884054123,0.028473198864830573,0.15452036630101573,0.018560530280300212,77.0802579433694,0.024449844602548673,-0.8503880230024837,0.04970886143642739,1.0,0.42682408591851906,-1.0,0.52,0.32121436809590737,566,nested_validation
2024-02-02,0.04970886143642739,0.0840392640867178,0.0679752357831207,0.19978163604629096,0.020037408080136744,81.88799986970535,0.043984275791065265,0.008370984652215151,0.04794441343954148,1.0,0.43118894041194283,-1.0,0.52,0.32121436809590737,566,nested_validation
2024-02-05,0.04794441343954148,0.10993350451725381,0.10196323157870246,0.24138031451213382,0.021157561741645955,85.25936224629473,0.03305832505454769,1.635788963708615,-0.0159956169747425,0.0,0.36156567260243316,-1.0,0.52,0.32121436809590737,566,nested_validation
2024-02-06,-0.0159956169747425,0.08680331875740777,0.0701343837019337,0.20766116148499325,0.01947311813676327,79.6753192681098,0.05062801067978809,1.6036761832286255,0.027497972834753304,1.0,0.4722368880999705,-1.0,0.52,0.32121436809590737,566,nested_validation
2024-02-07,0.027497972834753304,0.13932074376676828,0.08469549313379021,0.22548963803415023,0.019697789877700714,81.84182689930603,0.03737575119590554,0.1833507925214715,-0.006533676591676696,0.0,0.45503605624297194,-1.0,0.52,0.32121436809590737,566,nested_validation
2024-02-08,-0.006533676591676696,0.1049389086193433,0.0643928140988479,0.20320569378554065,0.02008710066273566,79.61066864980447,0.019227135013916014,-0.5615781831423685,0.03578376009008988,1.0,0.4542625636333771,-1.0,0.52,0.32121436809590737,566,nested_validation
2024-02-09,0.03578376009008988,0.09028114316713864,0.08408570182998898,0.230167446493321,0.020677782986467018,82.41909176863784,0.02735224494022328,-0.273003967323176,0.0015943264990372352,1.0,0.4256168715271887,-1.0,0.52,0.32121436809590737,566,nested_validation
2024-02-12,0.0015943264990372352,0.042058522647100416,0.07008084724691677,0.21641377133020745,0.020551258303242108,82.53862347107267,0.04652031903895481,1.3932913043538633,-0.0016610796615806889,0.0,0.47066790735250075,-1.0,0.52,0.32121436809590737,566,nested_validation
2024-02-13,-0.0016610796615806889,0.05723876679343132,0.05370490841511888,0.19917926266469888,0.020468965362342235,81.91275501085723,0.05309996518919421,1.161793878560529,0.02456759885838844,1.0,0.47105923841857666,-1.0,0.52,0.32121436809590737,566,nested_validation
2024-02-14,0.02456759885838844,0.054223573526948954,0.0604242091656535,0.21136562028148376,0.02017041955930818,83.85897485413835,0.031096028058827135,0.1916351180659188,-0.016806537570708935,0.0,0.4576782349255051,-1.0,0.52,0.32121436809590737,566,nested_validation
2024-02-15,-0.016806537570708935,0.043322456945053656,0.028389846680046738,0.17490052628873864,0.021222408414591307,77.55962116162912,0.021676856098785426,-0.5964440579148792,-0.0006195739939653944,0.0,0.4287374806691684,-1.0,0.52,0.32121436809590737,566,nested_validation
2024-02-16,-0.0006195739939653944,0.006654170164553497,0.018450710761416245,0.158797994039924,0.02027436169186838,77.33287018362938,0.026179898967494952,0.15633049229239793,-0.04353211077735586,0.0,0.4496048932273133,-1.0,0.52,0.32121436809590737,566,nested_validation
2024-02-20,-0.04353211077735586,-0.0387002363722071,-0.02604850497754896,0.09648052549444253,0.023395630016393255,63.331637456550936,0.06079018474026708,1.8796355876238993,-0.028508673708402266,0.0,0.5291600161378543,1.0,0.52,0.32121436809590737,566,nested_validation
2024-02-21,-0.028508673708402266,-0.06455176362953952,-0.05281705362102185,0.05675769238257722,0.024701555367013822,56.43873996357368,0.03912733259533075,1.4759075932584198,0.16400885410159205,1.0,0.5339392315171486,0.0,0.55,0.20320873067108933,629,nested_validation
2024-02-22,0.16400885410159205,0.06276055469858166,0.08962077596112383,0.21397845013107353,0.042287017670696245,73.68028490701565,0.05545080872765103,2.519718021294483,0.0035522056577403927,1.0,0.44914193667288277,-1.0,0.55,0.20320873067108933,629,nested_validation
2024-02-23,0.0035522056577403927,0.0847668739767562,0.07974550920241574,0.20312371340108015,0.0422937131734389,73.9601100052136,0.06120503717946766,1.9146607806253377,0.0034892072831747,1.0,0.49951816936287863,0.0,0.55,0.20320873067108933,629,nested_validation
2024-02-26,0.0034892072831747,0.08922670699516932,0.07328093132549385,0.1925940728767288,0.04203847479808129,74.25072883102317,0.0270698223849777,-0.3102780119776689,-0.004943588607771665,0.0,0.49799176182440436,0.0,0.55,0.20320873067108933,629,nested_validation
2024-02-27,-0.004943588607771665,0.13317135940242042,0.05870427147571067,0.17255926670774868,0.042169684369310484,73.00323150061065,0.029453258529375685,-1.1171081125565294,-0.013189320004137084,0.0,0.4836804152559437,0.0,0.55,0.20320873067108933,629,nested_validation
2024-02-28,-0.013189320004137084,0.1510402300679916,0.037019235631559955,0.14499281993142588,0.04251487341068029,69.65729291846954,0.023280051122630062,-1.094088366829156,0.018657599920955725,1.0,0.45178397514268376,0.0,0.55,0.20320873067108933,629,nested_validation
2024-02-29,0.018657599920955725,0.007308384332264328,0.049066574738524826,0.1532865579707512,0.04191670557702238,71.61318312244413,0.020730096569048412,-0.32142040834313784,0.04003180765008563,1.0,0.4590637652954597,0.0,0.55,0.20320873067108933,629,nested_validation
2024-03-01,0.04003180765008563,0.0439245252134548,0.07731824623964156,0.18496047474249688,0.04225782504951987,75.35274738983618,0.034820616640238194,-0.5787496841023703,0.035950941433603,1.0,0.4752884802030959,0.0,0.55,0.20320873067108933,629,nested_validation
2024-03-04,0.035950941433603,0.07769429589423549,0.09790138985071661,0.21257402474779985,0.04178437233151454,78.2365669328702,0.04664638534417272,0.36717687126921483,0.008576479904120804,1.0,0.4228474011724011,-1.0,0.55,0.20320873067108933,629,nested_validation
2024-03-05,0.008576479904120804,0.09233718502951538,0.08425157180444987,0.20790140425334513,0.04103905441362951,78.89381891412664,0.03117584572867418,-0.2751259118458967,0.03182723271291832,1.0,0.4823136307009472,0.0,0.55,0.20320873067108933,629,nested_validation
2024-03-06,0.03182723271291832,0.1421676697126435,0.08958284624751323,0.22974019014560376,0.040753975995754324,81.18421299579688,0.030372044383638663,0.2286737100031788,0.04474624422777085,1.0,0.46459185810450093,0.0,0.55,0.20320873067108933,629,nested_validation
2024-03-07,0.04474624422777085,0.1714195067147819,0.11891007053363478,0.26644182519617354,0.041210699372347004,83.9116860235855,0.03415382662274997,0.3813305556445722,-0.05547693682817778,0.0,0.4303603790361502,-1.0,0.55,0.20320873067108933,629,nested_validation
2024-03-08,-0.05547693682817778,0.06384509839311114,0.0458317472179508,0.18222744297499238,0.04378083970332973,69.79821653417592,0.1244630842355657,3.0677926618616334,-0.02003929046646058,0.0,0.5272265531261151,0.0,0.55,0.20320873067108933,629,nested_validation
2024-03-11,-0.02003929046646058,0.006347265839045102,0.01675175859814071,0.14577107899857578,0.04398022599707373,65.7358355900559,0.05399068006692413,0.4085396870908282,0.07157171944983687,1.0,0.465088523270601,0.0,0.55,0.20320873067108933,629,nested_validation
2024-03-12,0.07157171944983687,0.06920326966310197,0.07271759957315371,0.21188380546739816,0.04594300262572431,71.9002430974506,0.06321192248403185,0.3335013142031239,-0.011151708806153793,0.0,0.48496847116443026,0.0,0.55,0.20320873067108933,629,nested_validation
2024-03-13,-0.011151708806153793,0.024667495318370536,0.04462678504834372,0.18374113675089698,0.04614170269999358,69.64724395090882,0.033766836410229234,0.14026795424070013,-0.032391650626166,0.0,0.48291324881048997,0.0,0.55,0.20320873067108933,629,nested_validation
2024-03-14,-0.032391650626166,-0.050987903254072875,0.0006278510233921342,0.13240918476665464,0.047065910335970795,63.49315736679657,0.04600660918074408,-0.0776381140666882,-0.0012166420644260656,0.0,0.48281418148870814,0.0,0.55,0.20320873067108933,629,nested_validation
2024-03-15,-0.0012166420644260656,0.0035302743443417217,-0.006874345476492794,0.11911276565410645,0.04674702656783915,63.27433018760238,0.03744428783847366,0.08962581947269016,0.007035797708569325,1.0,0.47900928702706874,0.0,0.55,0.20320873067108933,629,nested_validation
2024-03-18,0.007035797708569325,0.03125656010238842,-0.003517040210792466,0.11641434201127154,0.04668516222205797,64.0451247139531,0.060143571134453205,0.20058979651240863,0.01066092849067446,1.0,0.48719738372543264,0.0,0.55,0.20320873067108933,629,nested_validation
2024-03-19,0.01066092849067446,-0.027362617333454686,0.0032253584800852053,0.11886938516520651,0.04498612911421368,65.24382911230704,0.061902910798522816,0.23038214685808808,0.010894961193721464,1.0,0.49247706347852566,0.0,0.55,0.20320873067108933,629,nested_validation
2024-03-20,0.010894961193721464,-0.005677374413832759,0.012256141592055014,0.12070233905829042,0.04394706302737305,66.48660703150266,0.024200018252058992,-0.8608732349690641,0.01176250611428098,1.0,0.4508985209109405,0.0,0.55,0.20320873067108933,629,nested_validation
2024-03-21,0.01176250611428098,0.03969581515105225,0.025580357819458,0.12397012397832241,0.02780875230183753,67.83826247419884,0.024531130366984972,-0.7699210866326822,0.031213408041631974,1.0,0.47174151109358897,0.0,0.55,0.20320873067108933,629,nested_validation
2024-03-22,0.031213408041631974,0.07345427449312547,0.0496323563661909,0.14746264425934275,0.0282368486617849,71.19709591903606,0.041828847297859885,-0.04033236398626883,0.007561785408766175,1.0,0.49300555123032086,0.0,0.55,0.20320873067108933,629,nested_validation
2024-03-25,0.007561785408766175,0.0740149534147605,0.04681585479030659,0.1455111358609773,0.02820815552780376,71.98426385861244,0.034272928377875524,-0.2831728990392868,-0.02569411427776158,0.0,0.506068293688984,0.0,0.55,0.20320873067108933,629,nested_validation
2024-03-26,-0.02569411427776158,0.035380968005188196,0.019191112872111393,0.1070385314347928,0.029091923971733213,65.39493882549954,0.04184268994255352,-0.5988643072306142,-0.024967391745010836,0.0,0.49182306388939595,0.0,0.55,0.20320873067108933,629,nested_validation
2024-03-27,-0.024967391745010836,-0.0013500467154724527,-0.005556818688142506,0.07165484143610334,0.02964040562354048,59.812607232169896,0.04561769268849549,-0.18027138554069397,0.0011745466013006745,1.0,0.5138479688992913,0.0,0.55,0.20320873067108933,629,nested_validation
2024-03-28,0.0011745466013006745,-0.01180078511417526,-0.007027850103047184,0.06596896101250915,0.029570265574397032,59.98135373702018,0.023318896286137866,-1.2112383581232276,7.747818980519128e-05,1.0,0.49314639501581864,0.0,0.55,0.20320873067108933,629,nested_validation
2024-04-01,7.747818980519128e-05,-0.04163796643316875,-0.009699951916383176,0.05867913062965169,0.02861231267487575,59.993301356042785,0.03343178212806944,-1.0707813110211484,-0.010081533556875022,0.0,0.48449694323915066,0.0,0.55,0.20320873067108933,629,nested_validation
2024-04-02,-0.010081533556875022,-0.05841975320560011,-0.02075364433499227,0.04115786718531922,0.027880614234019725,57.58402586981645,0.02765727906830166,-1.1050085987085532,-0.005455385232115306,0.0,0.5012378552413906,0.0,0.55,0.20320873067108933,629,nested_validation
2024-04-03,-0.005455385232115306,-0.03886081615219372,-0.025632873243243592,0.027696780068893423,0.027903072966293647,56.280192160566315,0.022188740305139756,-1.4093232007720184,-0.03438472731433728,0.0,0.49935564757842316,0.0,0.55,0.20320873067108933,629,nested_validation
2024-04-04,-0.03438472731433728,-0.04814396232237417,-0.05451048517968571,-0.014635440456232662,0.02810711600317088,48.81825560829636,0.05534026540577311,-0.9236511643770323,0.02448059831913585,1.0,0.5263683360139341,0.0,0.55,0.20320873067108933,629,nested_validation
2024-04-05,0.02448059831913585,-0.025985981860968455,-0.027696978562090413,0.005843477972851563,0.026765440487723682,53.393245078487446,0.02903145408670805,-1.048768630891425,-0.009942461689322335,0.0,0.48450124362266345,0.0,0.55,0.20320873067108933,629,nested_validation
2024-04-08,-0.009942461689322335,-0.035744787669540146,-0.029692931663420907,-0.007303459408433799,0.023924421168812018,51.33704122016775,0.024078127630914235,-2.1589546272811906,-0.0204170418541727,0.0,0.5020303266924256,0.0,0.55,0.20320873067108933,629,nested_validation
2024-04-09,-0.0204170418541727,-0.04581235190395949,-0.03918074084670642,-0.029879768543669583,0.02394042162545905,47.34497483990982,0.054045494805416615,-0.16762228953237382,0.01974142278356239,1.0,0.5400042069801391,0.0,0.55,0.20320873067108933,629,nested_validation
2024-04-10,0.01974142278356239,-0.021637988458616975,-0.014084305858714896,-0.013844805092723456,0.018165294778324008,51.214595263951736,0.04240629867038037,-0.7287520914823697,0.041096377557059416,1.0,0.5007789905027609,0.0,0.55,0.20320873067108933,629,nested_validation
2024-04-11,0.041096377557059416,0.05483951524733932,0.026007901005229206,0.021683191097368493,0.020364921886373785,58.23193822022069,0.04207861772367628,-0.6529031286298809,-0.02681631256451522,0.0,0.5161180214237736,0.0,0.55,0.20320873067108933,629,nested_validation
2024-04-12,-0.02681631256451522,0.0020224988011765532,0.0009534899609779934,-0.009095222864738739,0.01995282149080256,52.68745416250093,0.029993472457794695,-0.6253712322614119,-0.024777038202064894,0.0,0.5193906396759445,0.0,0.55,0.20320873067108933,629,nested_validation
2024-04-15,-0.024777038202064894,-0.012991355293928586,-0.018990135355337,-0.03499360618756553,0.020691557434799526,48.23976045740951,0.05446446131822175,-0.38541823342768644,0.01644152078068739,1.0,0.5388193743390838,0.0,0.55,0.20320873067108933,629,nested_validation
2024-04-16,0.01644152078068739,0.024146612092628805,-0.0005384991785147841,-0.019927301540429543,0.020970269926916724,51.11569063612519,0.023497033730887032,-1.0956129800132437,-0.03866612880409681,0.0,0.5080033898706062,0.0,0.55,0.20320873067108933,629,nested_validation
2024-04-17,-0.03866612880409681,-0.03451325475463851,-0.03373835633421507,-0.05714320062681455,0.022380960961247896,44.719327485871894,0.05741660459773701,0.5585427864700098,0.00756829454087482,1.0,0.5479488495716502,0.0,0.55,0.20320873067108933,629,nested_validation
2024-04-18,0.00756829454087482,-0.06560636048762636,-0.025042046217112035,-0.04857375625493776,0.022290460403447995,46.08643659429297,0.04473789279272652,-0.09142061037726527,-0.10004597960108774,0.0,0.5288650901505125,0.0,0.55,0.20320873067108933,629,nested_validation
2024-04-19,-0.10004597960108774,-0.13591717229633582,-0.11048841864848635,-0.13844555146507664,0.030423087288432387,34.01905807569632,0.11440938371510674,3.449322514471092,0.04354323994321607,1.0,0.5276609609858014,0.0,0.55,0.20320873067108933,629,nested_validation
2024-04-22,0.04354323994321607,-0.07538293403307894,-0.06343079550105257,-0.09820832442086436,0.03133477401930196,40.58180102446596,0.04619075712805553,1.0461233736325553,0.03653256897756263,1.0,0.48267132355948905,0.0,0.55,0.20320873067108933,629,nested_validation
2024-04-23,0.03653256897756263,-0.05710689389087087,-0.02585262131476662,-0.06407797179370589,0.03266122320175039,45.67640028355196,0.030391970192200562,-0.2572466926963153,-0.03331594756824141,0.0,0.5101899544088109,0.0,0.55,0.20320873067108933,629,nested_validation
2024-04-24,-0.03331594756824141,-0.05185934238470491,-0.05004162259431755,-0.09104941858173099,0.03292600428302884,42.009666568260066,0.06148577324831392,0.37972692883649317,0.037087174639051534,1.0,0.5296156041003427,0.0,0.55,0.20320873067108933,629,nested_validation
2024-04-25,0.037087174639051534,-0.024081522717298798,-0.005342194974228831,-0.054370234990859245,0.03398504445974772,46.945396533822176,0.061719409436583446,-0.31511822248129073,0.0617557422837578,1.0,0.5231971283370641,0.0,0.55,0.20320873067108933,629,nested_validation
2024-04-26,0.0617557422837578,0.15137776349555088,0.05665727803243681,0.004107884076927526,0.03687135430950742,54.19569128078004,0.056351515469839596,0.7435741723372546,0.00025087684943270183,1.0,0.4922147529160635,0.0,0.55,0.20320873067108933,629,nested_validation
2024-04-29,0.00025087684943270183,0.10361178477283906,0.054691829922035584,0.004390440091002201,0.036871575046466945,54.224748621783036,0.031063024114960782,-0.6389767977853028,-0.015440383968252536,0.0,0.5074767128259439,0.0,0.55,0.20320873067108933,629,nested_validation
2024-04-30,-0.015440383968252536,0.04827540164594524,0.03967273334630739,-0.010342608903015749,0.036957636580896534,52.03624814219165,0.029154385082830383,-0.8144262353726208,-0.038899739237810205,0.0,0.48864990723853785,0.0,0.55,0.20320873067108933,629,nested_validation
2024-05-01,-0.038899739237810205,0.04222031938778659,0.0004263360632321689,-0.046525815580489294,0.0378651540278494,46.9721213730898,0.05714048151704055,0.7747773037549214,0.03342933709912055,1.0,0.5264037232554992,0.0,0.55,0.20320873067108933,629,nested_validation
2024-05-02,0.03342933709912055,0.038544377092518456,0.03244451149579164,-0.012931001846644752,0.03791324150764425,51.19668959303637,0.03538928785621458,-0.7403812280249313,0.03463183068783815,1.0,0.4763558336718712,0.0,0.55,0.20320873067108933,629,nested_validation
2024-05-03,0.03463183068783815,0.012013429577126145,0.05226288818238545,0.022290097599670045,0.038294501805267944,55.30228847865197,0.025239582352330665,-0.5678002267863541,0.03774129133033566,1.0,0.4863658446607797,0.0,0.55,0.20320873067108933,629,nested_validation
2024-05-06,0.03774129133033566,0.04994471643047205,0.07588285871984879,0.061748335221201156,0.0390051015306846,59.444989383516514,0.034349912486356216,-0.8316161723302236,-0.01721292901061322,0.0,0.46057898521470386,0.0,0.55,0.20320873067108933,629,nested_validation
2024-05-07,-0.01721292901061322,0.04805445577834133,0.047419295718853505,0.045258361707875894,0.038912712821165325,56.763481263515104,0.030589445158998772,-0.26444498631456087,-0.0015682033416463126,0.0,0.4917711739336553,0.0,0.55,0.20320873067108933,629,nested_validation
2024-05-08,-0.0015682033416463126,0.08876350990553061,0.03295063461490777,0.04448282301625217,0.038751181292853466,56.51764855716228,0.019621311605722256,-1.1611136630510062,-0.018415538110280405,0.0,0.4608614156922589,0.0,0.55,0.20320873067108933,629,nested_validation
2024-05-09,-0.018415538110280405,0.03414264103988551,0.006893766468568874,0.025841837004527912,0.03796289487758584,53.58731049707698,0.032012301664502085,-0.6854353535515728,0.012743888859896302,1.0,0.47877583924379924,0.0,0.55,0.20320873067108933,629,nested_validation
2024-05-10,0.012743888859896302,0.012265048163367265,0.017252187040587508,0.039106429380269425,0.03755868941796309,55.28333818003108,0.024188384709666735,-0.9826575441384102,0.005796955784022284,1.0,0.48657141703434265,0.0,0.55,0.20320873067108933,629,nested_validation
2024-05-13,0.005796955784022284,-0.01889506335044,0.020098789847779353,0.045115576055259954,0.03707020352372682,56.07958005235106,0.02731226798240291,-1.2417015084287437,0.01058621133651294,1.0,0.49352528957391995,0.0,0.55,0.20320873067108933,629,nested_validation
2024-05-14,0.01058621133651294,0.00885649610151984,0.025166797510525196,0.05540499013311018,0.03698748378271302,57.573902414883705,0.029740824742233624,-1.1300020111586542,0.03583787146355433,1.0,0.478902520638081,0.0,0.55,0.20320873067108933,629,nested_validation
2024-05-15,0.03583787146355433,0.04665313047072672,0.048273992855671244,0.09084832265278986,0.036359546895183274,62.2997696328773,0.0344816715945046,-0.16820737512813702,-0.002863773032883543,0.0,0.5289905075287422,0.0,0.55,0.20320873067108933,629,nested_validation
2024-05-16,-0.002863773032883543,0.06323581309720816,0.035473801765332436,0.08420239912813887,0.036417131808424506,61.68725463450995,0.01818590062293079,-0.829185539182695,-0.019924013834574872,0.0,0.4856260130426586,0.0,0.55,0.20320873067108933,629,nested_validation
2024-05-17,-0.019924013834574872,0.028939201223659117,0.010750157666762794,0.060784231652963205,0.0279392694360484,57.46620714310114,0.03172610242358828,-0.5622558229765444,0.02488151903558755,1.0,0.5125232345347779,0.0,0.55,0.20320873067108933,629,nested_validation
2024-05-20,0.02488151903558755,0.04846287859695275,0.0329187766644643,0.08400867619861851,0.02710649257619334,60.98505346095588,0.018569260703771913,-0.9946905430622918,0.0063937194922083496,1.0,0.4973686879649348,0.0,0.55,0.20320873067108933,629,nested_validation
2024-05-21,0.0063937194922083496,0.04411325258952825,0.03407757207577933,0.0867830421015896,0.026371884949448362,61.87951091045702,0.023273868112401435,-0.7813817248257201,-0.004571007537395144,0.0,0.49459009635929635,0.0,0.55,0.20320873067108933,629,nested_validation
2024-05-22,-0.004571007537395144,0.003381544230994349,0.024311557913403448,0.07857480078775159,0.02483740270934937,60.79947191492235,0.029183740735247023,2.002871976346611,0.0931965430508428,1.0,0.4963196152727193,0.0,0.55,0.20320873067108933,629,nested_validation
2024-05-23,0.0931965430508428,0.1000435104545776,0.1018815567062652,0.17323778538163226,0.030387590993886614,71.62431758976089,0.04624324786589882,3.3887606954527776,0.02572259125388454,1.0,0.4461496880710755,-1.0,0.55,0.20320873067108933,629,nested_validation
2024-05-24,0.02572259125388454,0.1512775498664638,0.11066355553220131,0.19518359148268227,0.028381266002374127,73.96076427489963,0.032638593546949105,0.20629753917550114,0.06980441312308194,1.0,0.4853230837434698,0.0,0.55,0.20320873067108933,629,nested_validation
2024-05-28,0.06980441312308194,0.20174067021488074,0.15975918592870508,0.26540207638329494,0.031091354919768874,79.11559525348915,0.04438942338092137,1.772670155917163,0.008112287625387848,1.0,0.49367211475579076,0.0,0.55,0.20320873067108933,629,nested_validation
2024-05-29,0.008112287625387848,0.2037928225486798,0.1418805080714498,0.26284879898449875,0.030407882606549627,79.65485319956217,0.0399825465760179,0.9610487438188499,-0.0376660754926903,0.0,0.5256023176751511,0.0,0.55,0.20320873067108933,629,nested_validation
2024-05-30,-0.0376660754926903,0.1637702739108453,0.08179747593353448,0.2036047588061396,0.030300007120601356,70.48108697391343,0.05571039122154265,0.4595614555710508,-0.00784593960867408,0.0,0.5613455020841512,1.0,0.55,0.20320873067108933,629,nested_validation
2024-05-31,-0.00784593960867408,0.056204769364762264,0.05749670601986212,0.18343567533137728,0.03036867139124638,68.77127800774689,0.05269399046626682,1.285645385991492,0.04895415083477905,1.0,0.5346129062975535,0.0,0.55,0.20320873067108933,629,nested_validation
2024-06-03,0.04895415083477905,0.08012671886489664,0.08568100243368448,0.22427773428557463,0.031037273576022616,73.1187157233316,0.026060883895210562,0.007376872907720275,0.012495646211820421,1.0,0.4972680570820813,0.0,0.55,0.20320873067108933,629,nested_validation
2024-06-04,0.012495646211820421,0.022264992359817937,0.0772226924908721,0.2235459684980683,0.03053440768052406,74.15611822521895,0.021943200038265973,-0.2572451075263861,0.05155584418414483,1.0,0.503271606036706,0.0,0.55,0.20320873067108933,629,nested_validation
2024-06-05,0.05155584418414483,0.06631844509396823,0.10510011062566882,0.26884166096963646,0.03089591730372336,77.97930360148935,0.04068110975909438,0.6123263618630185,-0.01177723890660931,0.0,0.3920176095768913,-1.0,0.55,0.20320873067108933,629,nested_validation
2024-06-06,-0.01177723890660931,0.09500468722961286,0.06699990937405409,0.23625243146920738,0.0312585681425519,75.10508650302442,0.06005882927844282,1.417818449185157,-0.0009090419290537222,0.0,0.5061292981540645,0.0,0.55,0.20320873067108933,629,nested_validation
2024-06-07,-0.0009090419290537222,0.10266069124880772,0.05020377065493431,0.2192432402466622,0.030543291936044697,74.87837341937289,0.030358663838608704,-0.3455753285103655,0.0074614065884961445,1.0,0.5036931575207672,0.0,0.55,0.20320873067108933,629,nested_validation
2024-06-10,0.0074614065884961445,0.059043515020461124,0.04414224026746494,0.21443644931600891,0.030593333282081633,75.53068567212472,0.050004074982432985,-1.0204582730698997,-0.007144092913996869,0.0,0.4977407701496881,0.0,0.55,0.20320873067108933,629,nested_validation
2024-06-11,-0.007144092913996869,0.0385008702834595,0.030481825752807223,0.19261437110248059,0.03093222991783237,73.54682486182267,0.034157677261792654,-1.5756791334809543,0.035480962166403396,1.0,0.4807877393982261,0.0,0.55,0.20320873067108933,629,nested_validation
2024-06-12,0.035480962166403396,0.02262555652104048,0.05768343145297994,0.21937191804702638,0.03122445313327193,76.78483855441316,0.034424901466854646,-1.061195343343456,0.03522343696849162,1.0,0.47204318151755587,0.0,0.55,0.20320873067108933,629,nested_validation
2024-06-13,0.03522343696849162,0.07126245724417424,0.07753467219475896,0.24351954295712885,0.031205570104283632,79.5552587033263,0.020368793898744797,-1.2210675004084004,0.01751432935910735,1.0,0.4542884403826149,0.0,0.55,0.20320873067108933,629,nested_validation
2024-06-14,0.01751432935910735,0.09101668065841095,0.07648879975092959,0.24692710972757825,0.03089338804800205,80.82383405581265,0.034273497469827253,-0.8987794380444053,-0.006824345733164261,0.0,0.48156800014333045,0.0,0.55,0.20320873067108933,629,nested_validation
2024-06-17,-0.006824345733164261,0.07554611873240691,0.05536821093805422,0.22216346401979337,0.030227924551183897,78.73785026809438,0.031684181034156524,-0.9919331176347653,0.03511968392191123,1.0,0.47704242855212564,0.0,0.55,0.20320873067108933,629,nested_validation
2024-06-18,0.03511968392191123,0.12132984305172645,0.07583007137948217,0.24821765254183203,0.030426119708456163,81.38263335216209,0.041599050844359824,-0.9410529279294257,-0.03540332389068834,0.0,0.4549454301215983,0.0,0.55,0.20320873067108933,629,nested_validation
2024-06-20,-0.03540332389068834,0.04456873564040653,0.0309115143445029,0.18934182474561378,0.03254832897326835,71.40192233923396,0.08594578941190757,0.40576683949955117,-0.032191459436149095,0.0,0.5485361855172077,0.0,0.55,0.20320873067108933,629,nested_validation
2024-06-21,-0.032191459436149095,-0.023454736960772604,-0.006645915198653984,0.13857276377129146,0.033965024907803835,63.98941777767995,0.05001186573688169,1.174718350070076,-0.06684051336499319,0.0,0.5011296555276329,0.0,0.55,0.20320873067108933,629,nested_validation
2024-06-24,-0.06684051336499319,-0.10441312712764639,-0.07102404712771515,0.05319473011397813,0.03345826904470895,52.25070518696478,0.05435609292836315,0.25593843795461674,0.0675641068775783,1.0,0.5620112696253057,1.0,0.55,0.20320873067108933,629,nested_validation
2024-06-25,0.0675641068775783,-0.03733403455700912,-0.011609221214578747,0.11237738372225281,0.03578793740512942,59.751085792247856,0.05694345716320835,-0.18768530057250318,0.0024586547866736197,1.0,0.45682525777924354,0.0,0.55,0.20320873067108933,629,nested_validation
2024-06-26,0.0024586547866736197,-0.06770893867022953,-0.013424832577670909,0.10342815253476934,0.03297911949459065,60.01386195276494,0.043670858990743536,-0.4827098165944807,-0.019066470619531484,0.0,0.508556203819422,0.0,0.55,0.20320873067108933,629,nested_validation
2024-06-27,-0.019066470619531484,-0.05191922815993788,-0.03132049846568352,0.07220554050273464,0.03341160648698103,56.903610350680246,0.02814747603269267,-1.2025713029370544,-0.003629303545987006,0.0,0.49007785193611575,0.0,0.55,0.20320873067108933,629,nested_validation
2024-06-28,-0.003629303545987006,-0.023939282058217715,-0.030237326181296598,0.059482793758720565,0.03206489922121391,56.31671788907758,0.04014893190638807,-0.6563494921858857,0.006151741640830988,1.0,0.5119001211054409,0.0,0.55,0.20320873067108933,629,nested_validation
2024-07-01,0.006151741640830988,0.052408731165207945,-0.018431120003159718,0.05695149859949877,0.031905012842634424,57.121064304907904,0.04835071890009069,-0.8080177526556789,-0.013113386419303596,0.0,0.5048784558323066,0.0,0.55,0.20320873067108933,629,nested_validation
2024-07-02,-0.013113386419303596,-0.027123446628305792,-0.024904013261282776,0.03423869579649508,0.03064861631627934,54.7908243624144,0.01940168678844103,-1.2104744042483262,0.04573239277367591,1.0,0.48965337861126046,0.0,0.55,0.20320873067108933,629,nested_validation
2024-07-03,0.04573239277367591,0.014873302926680543,0.025640962974285086,0.07144722541555093,0.03195344842834812,60.72881329419974,0.05394448265353543,-1.1206471019642106,-0.019098788484478435,0.0,0.49234836724948206,0.0,0.55,0.20320873067108933,629,nested_validation
2024-07-05,-0.019098788484478435,0.014839866880954844,0.01004992761881307,0.042148333543692296,0.030525550085735882,57.19565594333893,0.025192766051104813,-1.0274109422437891,0.01883466374940168,1.0,0.49153275067018476,0.0,0.55,0.20320873067108933,629,nested_validation
2024-07-08,0.01883466374940168,0.037720236266369334,0.027729210076389732,0.05211675848951103,0.030572044800882905,59.64169352440863,0.029095190684282988,-0.8076800602388251,0.024805290676270353,1.0,0.5010731001498594,0.0,0.55,0.20320873067108933,629,nested_validation
2024-07-09,0.024805290676270353,0.05695904937093621,0.04213604068436472,0.07013803212314773,0.030904128077358445,62.72009279179067,0.03935160020998555,-0.3285383363025486,0.026868693543193434,1.0,0.5194467674394585,0.0,0.55,0.20320873067108933,629,nested_validation
2024-07-10,0.026868693543193434,0.09977999824945494,0.06270195875625184,0.09046796914323196,0.03127952121137754,65.83537202804143,0.01986515352325225,-0.6224051332443824,-0.05566673698191693,0.0,0.5186506059402664,0.0,0.55,0.20320873067108933,629,nested_validation
2024-07-11,-0.05566673698191693,-0.0068598414607004,0.0027549224448075726,0.02603086057122228,0.03394391975896113,55.25619375400043,0.07142849871063825,0.44312224807197875,0.014442780820002499,1.0,0.5672981920620123,1.0,0.55,0.20320873067108933,629,nested_validation
2024-07-12,0.014442780820002499,0.027100234299876735,0.013051315444833511,0.03683466161155047,0.033245927594532314,57.07613146474475,0.03636642485666544,-0.6397737013872759,-0.006190206951636412,0.0,0.506985891006034,0.0,0.55,0.20320873067108933,629,nested_validation
2024-07-15,-0.006190206951636412,0.001872342596849208,0.0029281992809346846,0.025494154183618667,0.03240007359845658,56.00940963982055,0.03277794304304273,-0.9972725519692747,-0.016194382569455712,0.0,0.49301529462338456,0.0,0.55,0.20320873067108933,629,nested_validation
2024-07-16,-0.016194382569455712,-0.038209845750651006,-0.01489819706634199,0.00441312149433859,0.032325636566453604,53.224229951446986,0.035295911946305866,-0.8802150098558124,-0.06623929452935118,0.0,0.4646088659575515,0.0,0.55,0.20320873067108933,629,nested_validation
2024-07-17,-0.06623929452935118,-0.12541704835914336,-0.07678225990152199,-0.0628632699582139,0.035264672144792696,43.788105409292925,0.043478238378654936,0.5902535929393669,0.026273374993369236,1.0,0.5657248534748966,1.0,0.55,0.20320873067108933,629,nested_validation
2024-07-18,0.026273374993369236,-0.04952919414961121,-0.04716571477392739,-0.039427269080608895,0.03481655181216061,47.50054596104327,0.04822862452641543,-0.015401274291004064,-0.026096232021033616,0.0,0.5152628235850559,0.0,0.55,0.20320873067108933,629,nested_validation
2024-07-19,-0.026096232021033616,-0.08751176835872831,-0.06622642556017588,-0.06338011897090423,0.03446786240622156,44.28953290988581,0.035868699369056255,-0.829122810817872,0.04757065986620179,1.0,0.473248787984042,0.0,0.55,0.20320873067108933,629,nested_validation
2024-07-22,0.04757065986620179,-0.038150050817549075,-0.01818352335636786,-0.019486926769135993,0.035634702088326656,50.66563305086814,0.03407802374351064,-0.39456490083034135,-0.007689785302985808,0.0,0.4895291140382028,0.0,0.55,0.20320873067108933,629,nested_validation
2024-07-23,-0.007689785302985808,-0.029835251325007195,-0.018879649381819297,-0.02746733041262117,0.03231161150715491,49.62976696590257,0.02112736801252867,-1.4813368114805168,-0.0680317233646005,0.0,0.5262040345672045,0.0,0.55,0.20320873067108933,629,nested_validation
2024-07-24,-0.0680317233646005,-0.031697560651454015,-0.07025383348609326,-0.09182200701462162,0.03214959816691236,41.590542896666825,0.05698025826552228,0.9817761757460765,-0.01724295810093901,0.0,0.5368349544843014,0.0,0.55,0.20320873067108933,629,nested_validation
2024-07-25,-0.01724295810093901,-0.07275579378255781,-0.07490263810352937,-0.10543610598714048,0.03222628293891844,39.944595182979796,0.09200208687181508,2.64284462415712,0.006946787374578323,1.0,0.504394097286623,0.0,0.55,0.20320873067108933,629,nested_validation
2024-07-26,0.006946787374578323,-0.04129585975427763,-0.055890197010972975,-0.09630817788154855,0.03217251084992511,40.94116877521293,0.040863216141440034,0.25187398078363404,-0.013001759491782505,0.0,0.5085703246507307,0.0,0.55,0.20320873067108933,629,nested_validation
2024-07-29,-0.013001759491782505,-0.09672985714268911,-0.05486666524400763,-0.10375476382754778,0.03223076409721538,39.60721462181795,0.04462761798521643,-0.34391829490031134,-0.07043644006539551,0.0,0.5338955340393603,0.0,0.55,0.20320873067108933,629,nested_validation
2024-07-30,-0.07043644006539551,-0.15384624975018202,-0.10427011186970914,-0.1605567828678982,0.035149764942454705,33.350099653442896,0.09110186679282074,2.424782025571898,0.1281210479716477,1.0,0.5518484365083027,1.0,0.55,0.20320873067108933,629,nested_validation
2024-07-31,0.1281210479716477,0.024245008556664338,0.011338855116625135,-0.04942681680774641,0.04600101199394482,48.23971158194466,0.06374978036640262,1.9242047858433877,-0.06674073974423766,0.0,0.4778271101363211,0.0,0.55,0.20320873067108933,629,nested_validation
2024-08-01,-0.06674073974423766,-0.02734236616700969,-0.046367489700507525,-0.10648886975504834,0.04677419433608216,42.264292171254155,0.1222416098839955,2.0666510863734953,-0.017763993635633746,0.0,0.49428757216817976,0.0,0.55,0.20320873067108933,629,nested_validation
2024-08-02,-0.017763993635633746,-0.05121168090033856,-0.05450675513157677,-0.11669777867326969,0.046757744899045155,40.90873957249602,0.06851867907274879,1.4780639115749876,-0.06357781558907782,0.0,0.4786664218206048,0.0,0.55,0.20320873067108933,629,nested_validation
2024-08-05,-0.06357781558907782,-0.09982977289058814,-0.09622565081759038,-0.16688325293755324,0.047927515497945876,36.479245287084325,0.12663018026030629,1.8384320843427187,0.03782991798024993,1.0,0.532761523799537,0.0,0.55,0.20320873067108933,629,nested_validation
2024-08-06,0.03782991798024993,0.005013140828096896,-0.046298950559040875,-0.13204070893946607,0.04849463419662724,40.35451384167297,0.06868101710038219,0.5437375021193182,-0.05122318044729246,0.0,0.453170703722913,0.0,0.55,0.20320873067108933,629,nested_validation
2024-08-07,-0.05122318044729246,-0.15475987875768837,-0.0822717384939049,-0.17024136893556951,0.04848529395002881,36.94362423831501,0.10221413644760097,0.5006936249760491,0.06126787626792507,1.0,0.587905750372713,1.0,0.55,0.20320873067108933,629,nested_validation
2024-08-08,0.06126787626792507,-0.038824229655713194,-0.019393495203604894,-0.11409497728369034,0.050159420087845095,42.847359553931675,0.07602175158744028,0.32253311172301236,-0.0020958084704209012,0.0,0.43822728511548065,-1.0,0.55,0.20320873067108933,629,nested_validation
2024-08-09,-0.0020958084704209012,-0.023491987864035502,-0.01379273512352297,-0.11114062524340951,0.04991175312589755,42.6910938681083,0.030262512352699934,-0.5796784766189782,0.04076368623788951,1.0,0.4595409238820387,0.0,0.55,0.20320873067108933,629,nested_validation
2024-08-12,0.04076368623788951,0.08531610556705882,0.02889825370776311,-0.07109241756911677,0.051089703559278464,46.75039559201334,0.044120323855280814,-0.3403972048868433,0.06530904763760659,1.0,0.46472834285170594,0.0,0.55,0.20320873067108933,629,nested_validation
2024-08-13,0.06530904763760659,0.11405255020736682,0.08340557628316558,-0.008127600812223634,0.05338314191622537,52.75913991395946,0.040037898659515465,-0.526712065500853,0.016704093500759187,1.0,0.42634160631442586,-1.0,0.55,0.20320873067108933,629,nested_validation
2024-08-14,0.016704093500759187,0.193812669985733,0.10041476726341059,0.009760149211840874,0.051481820890287154,54.27321653149233,0.03836381020537463,-0.24665049667048186,0.04048101432124951,1.0,0.49828832775372567,0.0,0.55,0.20320873067108933,629,nested_validation
2024-08-15,0.04048101432124951,0.17042967713716695,0.1305788530608485,0.05226197399177779,0.05191709176257693,57.85716330372878,0.04696399653590961,-0.4482048632641319,0.013999619829759391,1.0,0.4557951357175107,0.0,0.55,0.20320873067108933,629,nested_validation
2024-08-16,0.013999619829759391,0.18930780903466782,0.1284317747246464,0.06737414984265855,0.0515642860098957,59.09939978411639,0.030663024873001404,-0.6665753265809312,0.04350635010992465,1.0,0.5189745813982454,0.0,0.55,0.20320873067108933,629,nested_validation
2024-08-19,0.04350635010992465,0.19244192257427395,0.1468295892767144,0.11323940771503871,0.051400154994904926,62.81872127199334,0.05061539870042084,-0.5528750154991292,-0.021154026576649665,0.0,0.4887403129149473,0.0,0.55,0.20320873067108933,629,nested_validation
2024-08-20,-0.021154026576649665,0.09566043491455134,0.10024549701071139,0.0909760577783516,0.051634609373317784,59.84511855852381,0.03135564238242879,-0.8920923760906984,0.009823159114038305,1.0,0.44499988219040537,-1.0,0.55,0.20320873067108933,629,nested_validation
2024-08-21,0.009823159114038305,0.08824513324421579,0.08333676673792789,0.10371475634588956,0.048985781459119346,60.75448937327113,0.020933871139348293,-1.285212627164129,-0.03704273960519633,0.0,0.4837119975719299,0.0,0.55,0.20320873067108933,629,nested_validation
2024-08-22,-0.03704273960519633,0.007162588959338523,0.0269561382337713,0.06394503431097709,0.04966265067233175,55.59158968590819,0.06182319102915379,0.061888349042163275,0.045498621215537716,1.0,0.5527570458791472,1.0,0.55,0.20320873067108933,629,nested_validation
2024-08-23,0.045498621215537716,0.038449204027952266,0.05218210752134267,0.1123116308959009,0.050401336314353645,59.92901637812371,0.03385641994378185,-0.5571440395435856,-0.022493747667447717,0.0,0.4692089313500149,0.0,0.55,0.20320873067108933,629,nested_validation
2024-08-26,-0.022493747667447717,-0.027231037396030944,0.014130013816069154,0.0879089267201536,0.0506411089026999,56.838836024750044,0.05448356642523401,-0.5302507965989087,0.014550200603235641,1.0,0.5099101766101306,0.0,0.55,0.20320873067108933,629,nested_validation
2024-08-27,0.014550200603235641,0.008251525721518993,0.018949455151743066,0.10312453456394777,0.047380546603066315,58.30291258228503,0.04146531230149742,-0.7892128154573407,-0.020966454792122224,0.0,0.4634753791729467,0.0,0.55,0.20320873067108933,629,nested_validation
2024-08-28,-0.020966454792122224,-0.022490168917866038,-0.008344670869103288,0.07764246473560976,0.039576814249349626,55.34708151615165,0.04529896038339274,1.031157134172814,-0.06384849712502938,0.0,0.48031930847419346,0.0,0.55,0.20320873067108933,629,nested_validation
2024-08-29,-0.06384849712502938,-0.04970102508244567,-0.06778185866463882,0.009847384183571117,0.03932130591458977,47.59898559138636,0.06565185356856348,1.224501087296106,0.015137391035805248,1.0,0.5166059638261301,0.0,0.55,0.20320873067108933,629,nested_validation
2024-08-30,0.015137391035805248,-0.07729766206652033,-0.04974564516052782,0.024711434983869518,0.03904360969729309,49.29557706827241,0.037949222376361065,-0.30831453861794345,-0.09525010340697915,0.0,0.5158291609842632,0.0,0.55,0.20320873067108933,629,nested_validation
2024-09-03,-0.09525010340697915,-0.1459749307593724,-0.12493215158291004,-0.06875146471814775,0.042341612187415584,40.31628620043948,0.08259257563838254,2.122329906928641,-0.016574017217923842,0.0,0.5805844531653322,1.0,0.55,0.20320873067108933,629,nested_validation
2024-09-04,-0.016574017217923842,-0.17217458284555953,-0.12451053582978844,-0.07985396286709245,0.041860373057574174,39.10852499118847,0.08615002330625257,0.3974875834406149,0.009415358048675104,1.0,0.5943816604431992,1.0,0.55,0.20320873067108933,629,nested_validation
2024-09-05,0.009415358048675104,-0.1464851291879723,-0.10048153140899097,-0.06929831957428834,0.04006627077559396,40.18656460665217,0.04561141154189832,-0.6548948372485256,-0.040854417889891304,0.0,0.5646816501588978,1.0,0.55,0.20320873067108933,629,nested_validation
2024-09-06,-0.040854417889891304,-0.12552079968836827,-0.12182411459157239,-0.10487383091307179,0.03904542661807195,37.08926490762898,0.07001852036787887,1.178144190046223,0.035398153798957166,1.0,0.5438318043746733,0.0,0.55,0.20320873067108933,629,nested_validation
2024-09-09,0.035398153798957166,-0.10806738325894638,-0.0726013862634538,-0.07141239576176683,0.0398047377879091,41.14873153764183,0.026862032286662636,-1.1954033325550968,0.015309419741446506,1.0,0.4994484495752779,0.0,0.55,0.20320873067108933,629,nested_validation
2024-09-10,0.015309419741446506,0.0009258812429411289,-0.043100399280034285,-0.05623870420165156,0.038930146361071505,42.92480850130224,0.041165630346443195,-1.1976952644728436,0.08149874798231838,1.0,0.4626286535850296,0.0,0.55,0.20320873067108933,629,nested_validation
2024-09-11,0.08149874798231838,0.10074383465544212,0.045426133689035586,0.016776733162573443,0.04041258808963109,51.45277806649795,0.0835685909368199,1.4496988373028308,0.019161595389011854,1.0,0.4896062803424405,0.0,0.55,0.20320873067108933,629,nested_validation
2024-09-12,0.019161595389011854,0.11137187848093255,0.07164850355500607,0.03562025148108483,0.0404633768708474,53.36104239731706,0.04540879377056173,0.25941303751315486,-0.0003356945474648487,0.0,0.511192796908048,0.0,0.55,0.20320873067108933,629,nested_validation
2024-09-13,-0.0003356945474648487,0.1583213411221025,0.06982600797656735,0.03231159484386015,0.039451406987100875,53.32074187377278,0.019815286654805135,-1.557350706130648,-0.019479452527636387,0.0,0.524673710900564,0.0,0.55,0.20320873067108933,629,nested_validation
2024-09-16,-0.019479452527636387,0.09692862729065288,0.051422866917352206,0.009426520624626455,0.039499828351469354,50.91841242108257,0.03271107839317292,-1.3162330140508893,-0.010190078878690834,0.0,0.491812555306815,0.0,0.55,0.20320873067108933,629,nested_validation
2024-09-17,-0.010190078878690834,0.06937926206846279,0.03363670451332745,-0.005201641196958984,0.03808549345975915,49.68196034611638,0.034345543269143276,-1.4153829345591369,-0.019205821441112936,0.0,0.4983216543342444,0.0,0.55,0.20320873067108933,629,nested_validation
2024-09-18,-0.019205821441112936,-0.030196792307803477,0.007327104720039168,-0.02685608797085315,0.03804683045805048,47.37092734584953,0.03951658833027712,-0.38036705753478794,0.039693120658917724,1.0,0.5177944241963632,0.0,0.55,0.20320873067108933,629,nested_validation
2024-09-19,0.039693120658917724,-0.010659616696346186,0.03747590832927217,0.006309409351614281,0.03916995259119008,52.22243129397059,0.020446284940629268,-0.6416597717057803,-0.015864918505927417,0.0,0.48439976784922123,0.0,0.55,0.20320873067108933,629,nested_validation
2024-09-20,-0.015864918505927417,-0.0260284643181673,0.009308655724080683,-0.01275702541007373,0.038530688745734815,50.15341625542097,0.027844856525289657,0.5647643003545673,0.002241276763623734,1.0,0.4969998894114417,0.0,0.55,0.20320873067108933,629,nested_validation
2024-09-23,0.002241276763623734,-0.004452810326546985,0.0030189143702161747,-0.013767169977902394,0.03695938618490392,50.44736415463848,0.018320980683641273,-1.6272591001245256,0.03965255345552654,1.0,0.5084573008442861,0.0,0.55,0.20320873067108933,629,nested_validation
2024-09-24,0.03965255345552654,0.045678726534635894,0.03141961916334357,0.02191257731852736,0.03792690835111843,55.46261141665591,0.0531149636175662,0.23647869531545132,0.02184163226641722,1.0,0.5189558581495317,0.0,0.55,0.20320873067108933,629,nested_validation
2024-09-25,0.02184163226641722,0.08944167910787293,0.048036052065624,0.042065500875565265,0.038114265838481834,58.07923713400071,0.026961394004201545,-0.6343169773066907,0.004291102015554049,1.0,0.49628860326568996,0.0,0.55,0.20320873067108933,629,nested_validation
2024-09-26,0.004291102015554049,0.05234569966136937,0.04817511197166158,0.0447829120414025,0.03785466807377685,58.605032109294534,0.047323404336195043,-0.33607786564572867,-0.0212834429241624,0.0,0.5155460068671969,0.0,0.55,0.20320873067108933,629,nested_validation
2024-09-27,-0.0212834429241624,0.0465516161282602,0.023876364441823394,0.02296264759059108,0.03531048787220311,54.91049562359216,0.03929156987736613,-0.6757446898841705,0.00032950814347754154,1.0,0.5286077852032011,0.0,0.55,0.20320873067108933,629,nested_validation
2024-09-30,0.00032950814347754154,0.04455532582824584,0.020204130299456224,0.02419996024241544,0.03518711560440924,54.956831765441684,0.02758562587922752,-1.1825214821280066,-0.03656127955795141,0.0,0.49842221906043355,0.0,0.55,0.20320873067108933,629,nested_validation
2024-10-01,-0.03656127955795141,-0.0320179148293297,-0.01825873448910087,-0.009629740563940059,0.028878822356337753,48.94464345289377,0.05683761987930686,-0.042831564913302554,0.01581203773712825,1.0,0.5509918419419344,1.0,0.55,0.20320873067108933,629,nested_validation
2024-10-02,0.01581203773712825,-0.03772969961172268,-0.007300084696290066,0.00841699684002295,0.028562251863270476,51.33363719444384,0.03567520335048861,-1.1832581228061174,0.03365579876819558,1.0,0.4737294860773449,0.0,0.55,0.20320873067108933,629,nested_validation
2024-10-03,0.03365579876819558,-0.00959365866874784,0.021859538721239913,0.04402114111974709,0.02918709967892756,56.115081419238834,0.032722867907139644,-0.29238370655451307,0.016849832251814023,1.0,0.5060596187497665,0.0,0.55,0.20320873067108933,629,nested_validation
2024-10-04,0.016849832251814023,0.02899508010037688,0.03142494090273784,0.06125479622579766,0.02706356837318642,58.39327212189211,0.025696438773008527,-0.742896785060414,0.022414342575867385,1.0,0.4973202260391298,0.0,0.55,0.20320873067108933,629,nested_validation
2024-10-07,0.022414342575867385,0.05171278040888483,0.04465892156672546,0.08554594509103608,0.02660170026652638,61.318439320261994,0.04455059808192304,0.9226597639558545,0.04047905042831612,1.0,0.5221598703943108,0.0,0.55,0.20320873067108933,629,nested_validation
2024-10-08,0.04047905042831612,0.13581184964319948,0.0763634652265015,0.12743050794715827,0.02742964911754364,66.06281312728535,0.030551565785544032,-0.10130813363114934,-0.0018057634698258607,0.0,0.49950785552037397,0.0,0.55,0.20320873067108933,629,nested_validation
2024-10-09,-0.0018057634698258607,0.1161128240044671,0.06652422242288991,0.12400841885505054,0.02219571134111792,65.66025735108934,0.02367131197984655,-0.7220199936113516,0.016283345136615557,1.0,0.5176168039035183,0.0,0.55,0.20320873067108933,629,nested_validation
2024-10-10,0.016283345136615557,0.09735453105459357,0.07458571720033458,0.13934694413649007,0.022122910799611206,67.57550412057603,0.0296713899001552,-0.7229799902643621,-7.414020320539727e-05,0.0,0.5080553003860782,0.0,0.55,0.20320873067108933,629,nested_validation
2024-10-11,-7.414020320539727e-05,0.07909067609005893,0.0631502219147313,0.13376238492409454,0.02211897800745018,67.55672799656219,0.015726966388669047,-1.994861940757071,0.02425811501449293,1.0,0.496062468330994,0.0,0.55,0.20320873067108933,629,nested_validation
2024-10-14,0.02425811501449293,0.0810366558797595,0.07484274749316633,0.15520565433543076,0.02160298966197481,70.4496397918875,0.023900940658376984,-0.7586679232735379,-0.04686024223529539,0.0,0.5005761609758557,0.0,0.55,0.20320873067108933,629,nested_validation
2024-10-15,-0.04686024223529539,-0.009707099921097084,0.012962262949293812,0.09386988235539206,0.024487050540535037,59.20141021220862,0.07469605908165755,1.774264251911361,0.03130697962149487,1.0,0.5421068167033024,0.0,0.55,0.20320873067108933,629,nested_validation
2024-10-16,0.03130697962149487,0.023143534940768706,0.03128351218955694,0.11896382359228208,0.024277857200036772,63.22769222907212,0.03713522871206703,-0.21215150232911206,0.008915205722090702,1.0,0.5013989055402933,0.0,0.55,0.20320873067108933,629,nested_validation
2024-10-17,0.008915205722090702,0.015725658575295176,0.02946356235758185,0.11979068945589799,0.023258715857307724,64.34069129047737,0.029358098937311634,0.5243012496190267,0.007814422641110985,1.0,0.4951681403267875,0.0,0.55,0.20320873067108933,629,nested_validation
2024-10-18,0.007814422641110985,0.023738868366553145,0.027404953189795078,0.1178218030982019,0.022618107068902986,65.33979353602962,0.011739095052083334,-1.6738966202319443,0.041376725815984505,1.0,0.48722215619048426,0.0,0.55,0.20320873067108933,629,nested_validation
2024-10-21,0.041376725815984505,0.04084880090507004,0.0573286451065429,0.15248256847674102,0.02362127099226504,70.14658719421686,0.03973284007449858,-0.10125834998152106,-0.0008350095735782936,0.0,0.517562525667703,0.0,0.55,0.20320873067108933,629,nested_validation
2024-10-22,-0.0008350095735782936,0.09110932968594088,0.04819396076350557,0.14069555377723986,0.02279379839332284,69.92710576908478,0.01838567767239214,-0.7507374051521024,-0.028066017478545646,0.0,0.48891613013625845,0.0,0.55,0.20320873067108933,629,nested_validation
2024-10-23,-0.028066017478545646,0.02829347335279886,0.013662192316729938,0.10206786529200196,0.023944358426584225,62.81841786516289,0.03561182322196165,0.453391837658961,0.006090604017658929,1.0,0.4960906229566204,0.0,0.55,0.20320873067108933,629,nested_validation
2024-10-24,0.006090604017658929,0.025414619430273566,0.015704697802570777,0.1026068657394843,0.023939588850164104,63.657604329240044,0.020582574704599368,-1.6154480277791243,0.00804784385484969,1.0,0.4730155353263651,0.0,0.55,0.20320873067108933,629,nested_validation
2024-10-25,0.00804784385484969,0.025652117048560852,0.018911119241282304,0.10498990790541773,0.02307514318661096,64.79516322979839,0.023526932238317002,-0.9084569772200123,-0.007206288747798162,0.0,0.4664668935453931,0.0,0.55,0.20320873067108933,629,nested_validation
2024-10-28,-0.007206288747798162,-0.0221973023831058,0.00978758100111432,0.09029134926740201,0.02325765627263831,62.88186059074793,0.02198972561870468,-1.3832904851509586,0.005194810562067387,1.0,0.4921288093018875,0.0,0.55,0.20320873067108933,629,nested_validation
2024-10-29,0.005194810562067387,-0.016296400678911138,0.008042907021466261,0.08872984068865475,0.02096091048568181,63.70781477367486,0.023787614940542073,-1.481027328141926,-0.013522072664613694,0.0,0.49420282183703296,0.0,0.55,0.20320873067108933,629,nested_validation
2024-10-30,-0.013522072664613694,-0.0015763362310396989,-0.008150308904207093,0.06688923861951723,0.021500065898832476,59.94892467986945,0.025261980515093176,-1.0425887833558818,-0.04722271577640458,0.0,0.4781751020949706,0.0,0.55,0.20320873067108933,629,nested_validation
2024-10-31,-0.04722271577640458,-0.05448338045142376,-0.05217473410984075,0.012659434393155422,0.023816210795666495,49.18278955595012,0.041428142720485096,0.4819365044548183,0.01988561048511084,1.0,0.5696411072438908,1.0,0.55,0.20320873067108933,629,nested_validation
2024-11-01,0.01988561048511084,-0.043379934166129175,-0.03152893168888515,0.02772740973275467,0.023906032245965155,52.84208183675213,0.020236265567853354,-0.5397587577377828,0.004800597219035252,1.0,0.4879620536891611,0.0,0.55,0.20320873067108933,629,nested_validation
2024-11-04,0.004800597219035252,-0.031810533681546405,-0.02151865534651487,0.02751626580487221,0.023545076826125923,53.725608147172636,0.024917304767415292,-0.7907986173745877,0.02837199934443646,1.0,0.4907668161777166,0.0,0.55,0.20320873067108933,629,nested_validation
2024-11-05,0.02837199934443646,-0.00948659229010973,0.008913075459404451,0.05162817005428999,0.02272649453990544,58.67688442277515,0.021728205321719412,-1.1506857237172936,0.04074053522301546,1.0,0.5040560306493738,0.0,0.55,0.20320873067108933,629,nested_validation
2024-11-06,0.04074053522301546,0.04499799287965822,0.04545565219835823,0.08844519997721312,0.024139619746657494,64.68581685732481,0.031110492138648,0.301109020461405,0.022457204493246063,1.0,0.5206848953195424,0.0,0.55,0.20320873067108933,629,nested_validation
2024-11-07,0.022457204493246063,0.12142233467653041,0.06247241784334556,0.10604293411985455,0.024321175027696477,67.59685283464304,0.018538382699600373,-0.2853506396424431,-0.008396310365899273,0.0,0.517282483449458,0.0,0.55,0.20320873067108933,629,nested_validation
2024-11-08,-0.008396310365899273,0.09032475139482221,0.048992573446053456,0.08967825492904824,0.02447978563689849,65.37817712750581,0.023775720717554676,-0.8571396844307462,-0.01605354625846167,0.0,0.48928083533005273,0.0,0.55,0.20320873067108933,629,nested_validation
2024-11-11,-0.01605354625846167,0.06769559605237463,0.02868789137330552,0.06593798983476984,0.024458988775558244,61.27202617432914,0.036348609245255084,-0.6852654971831015,0.020859120452204394,1.0,0.4966131684866092,0.0,0.55,0.20320873067108933,629,nested_validation
2024-11-12,0.020859120452204394,0.0598954345232543,0.04493587692713796,0.07990725849121905,0.02189731548135621,64.354425354517,0.024546493724798286,-0.30863427392680065,-0.013621835583439657,0.0,0.5142257172062622,0.0,0.55,0.20320873067108933,629,nested_validation
2024-11-13,-0.013621835583439657,0.004532520638790949,0.025693191150828465,0.05815374662693085,0.021510436982586204,60.87586617238437,0.023449838205932827,-0.3925602742680404,0.003350017072413447,1.0,0.5124779673038011,0.0,0.55,0.20320873067108933,629,nested_validation
2024-11-14,0.003350017072413447,-0.014239698929733424,0.019124259158894485,0.05561223602827936,0.021480790520317625,61.420639113449894,0.0235077478698154,-0.23545489891333632,-0.03257045489359167,0.0,0.5065653205629705,0.0,0.55,0.20320873067108933,629,nested_validation
2024-11-15,-0.03257045489359167,-0.03827138844122313,-0.018553537557211452,0.017070356337115067,0.0228536901208222,53.58258270275671,0.03634317380887584,1.1822317471054617,-0.012889058384981333,0.0,0.5060407360049403,0.0,0.55,0.20320873067108933,629,nested_validation
2024-11-18,-0.012889058384981333,-0.035178355769288405,-0.03394140244149624,0.000990274378491307,0.021136993942612245,50.90433806091992,0.03139500069135444,0.4849025163164489,0.048947717364517196,1.0,0.5196731872737284,0.0,0.55,0.20320873067108933,629,nested_validation
2024-11-19,0.048947717364517196,-0.008631611253681948,0.008409756014310155,0.04646861525299428,0.02377939616230294,59.14771022644323,0.04176586367645187,0.6737301919155391,-0.007618549024332788,0.0,0.5144989962492617,0.0,0.55,0.20320873067108933,629,nested_validation
2024-11-20,-0.007618549024332788,-0.002597953232871486,0.0005349843534134813,0.03524376082695202,0.02291170837495067,57.45164479426799,0.033107148202492796,2.7656862043509682,0.005346563963976703,1.0,0.5052424576298978,0.0,0.55,0.20320873067108933,629,nested_validation
2024-11-21,0.005346563963976703,-0.0006132420929622073,0.007411296104205656,0.03786721837500928,0.022906422708659852,58.34744697236267,0.08311176514344054,3.2814146457464104,-0.032181153402513485,0.0,0.5288740326335262,0.0,0.55,0.20320873067108933,629,nested_validation
2024-11-22,-0.032181153402513485,-0.00021108076040310397,-0.0211897073024514,0.0027762775900876946,0.024063196832389114,51.30795435847913,0.04269107213016248,0.31517590928319367,-0.04177525283899508,0.0,0.517990064865906,0.0,0.55,0.20320873067108933,629,nested_validation
2024-11-25,-0.04177525283899508,-0.029468275586824744,-0.05606557700782222,-0.03865088683410656,0.02573345894979057,44.10795208432065,0.04580205507904406,1.9168543464960572,0.006616518544318772,1.0,0.539996059679463,0.0,0.55,0.20320873067108933,629,nested_validation
2024-11-26,0.006616518544318772,-0.06863492870721788,-0.042263079789689684,-0.033501447865340706,0.02575324363404936,45.36112837277478,0.02651186774289483,-0.6449997764413438,-0.011539548948013012,0.0,0.5122429987790014,0.0,0.55,0.20320873067108933,629,nested_validation
2024-11-27,-0.011539548948013012,-0.07231484671643418,-0.0460213843089774,-0.044568974012456186,0.025709493979797767,43.51643783610782,0.04004727586524928,-0.08342705908732619,0.021501605049072836,1.0,0.5130017989308943,0.0,0.55,0.20320873067108933,629,nested_validation
2024-11-29,0.021501605049072836,-0.05740775666159925,-0.019628565874268422,-0.02432874254123174,0.023843576280869697,47.73241394466391,0.02386982315918835,-1.3563321486536437,0.002748551936289756,1.0,0.4898289608434474,0.0,0.55,0.20320873067108933,629,nested_validation
2024-12-02,0.002748551936289756,-0.02338850871018472,-0.014593070104491734,-0.02179203204061697,0.023502109865987043,48.275327415660286,0.018971287105173498,-0.8267076992233022,0.011757913774784523,1.0,0.4942252328676535,0.0,0.55,0.20320873067108933,629,nested_validation
2024-12-03,0.011757913774784523,0.031171870611103047,-0.0030847031043594875,-0.009486578053522488,0.023600343042705897,50.64366771148407,0.018465681158745532,-0.9123965497621335,0.03479244724653863,1.0,0.49563616655485854,0.0,0.55,0.20320873067108933,629,nested_validation
2024-12-04,0.03479244724653863,0.06003512148253587,0.032973380940255925,0.024601963628168022,0.023999853898349358,56.99266173962147,0.03789444690043358,0.09349173797208091,-0.00048214946633451383,0.0,0.5231092044286983,0.0,0.55,0.20320873067108933,629,nested_validation
2024-12-05,-0.00048214946633451383,0.0718931900480182,0.03307823101951346,0.022781832902156074,0.022305177091302513,56.87966816714128,0.017854655876748105,-0.7915200783369128,-0.01806156791968716,0.0,0.49939658714752855,0.0,0.55,0.20320873067108933,629,nested_validation
2024-12-06,-0.01806156791968716,0.030378330480207216,0.017477041501023027,0.003827579200287534,0.02201736609678603,52.669109066029804,0.030819989570375936,-0.5188968742773615,-0.025484530835496955,0.0,0.5150169247524753,0.0,0.55,0.20320873067108933,629,nested_validation
2024-12-09,-0.025484530835496955,0.001367312080300831,-0.006230828666570987,-0.021128975211027856,0.022574927942775585,47.43034181685806,0.02031548242221766,-0.520492240932647,-0.02694329324042477,0.0,0.5343793211882134,0.0,0.55,0.20320873067108933,629,nested_validation
2024-12-10,-0.02694329324042477,-0.0369364393561421,-0.03235460617096553,-0.046283350011235846,0.023014638004774234,42.71609681041049,0.05945075592400671,-0.21237152596905914,0.031391104575241746,1.0,0.531782415113445,0.0,0.55,0.20320873067108933,629,nested_validation
2024-12-11,0.031391104575241746,-0.04010201057064533,-0.0036917661797776224,-0.01589803670942036,0.02367387592397964,48.91516793038105,0.03560398781136966,-0.6047032722963849,-0.01414119297900751,0.0,0.5075554443230619,0.0,0.55,0.20320873067108933,629,nested_validation
2024-12-12,-0.01414119297900751,-0.053219623626122425,-0.01919018477109813,-0.02935948627762508,0.02368597468941198,46.40256687340774,0.019222363914685014,-0.9734130934380283,-0.022498773267581207,0.0,0.4887099288354117,0.0,0.55,0.20320873067108933,629,nested_validation
2024-12-13,-0.022498773267581207,-0.05749795596558194,-0.03851716803350003,-0.05153267922137306,0.024014712523413216,42.69782513996287,0.052588549850151406,0.14044167327197285,-0.01675976572571225,0.0,0.536201135411942,0.0,0.55,0.20320873067108933,629,nested_validation
2024-12-16,-0.01675976572571225,-0.049059804689499664,-0.05012758288818975,-0.066683519045171,0.023316351326390074,40.182119233986846,0.03015148278438681,0.25306945626970956,-0.01219701520667582,0.0,0.5070816493727832,0.0,0.55,0.20320873067108933,629,nested_validation
2024-12-17,-0.01219701520667582,-0.03464869337799725,-0.055007992095310265,-0.07683774870883797,0.023302699127693276,38.43696755744057,0.03627575542357549,0.5596147089994755,-0.01135037289796248,0.0,0.5150003158942245,0.0,0.55,0.20320873067108933,629,nested_validation
2024-12-18,-0.01135037289796248,-0.0746534412788481,-0.05462077913458763,-0.0849425747132645,0.020012505789590563,36.852515648505765,0.06531687169147285,0.7918565950626036,0.013730184094926656,1.0,0.5364493788027914,0.0,0.55,0.20320873067108933,629,nested_validation
2024-12-19,0.013730184094926656,-0.04849281596565813,-0.03142616233558715,-0.06909229861142685,0.020479946832022183,40.036077555415524,0.03428218532774153,-0.19037488991327173,0.030762309782726316,1.0,0.5081312257665531,0.0,0.55,0.20320873067108933,629,nested_validation
2024-12-20,0.030762309782726316,0.0033519303792892696,0.004129840408049867,-0.037216002708476914,0.02184286161217961,46.61866070180559,0.052412752179248547,1.790003225393571,0.036896902320644465,1.0,0.5351371444660799,0.0,0.55,0.20320873067108933,629,nested_validation
2024-12-23,0.036896902320644465,0.05810611921877329,0.04051204356183602,0.00020219783170083439,0.02256411947647417,53.4258172887673,0.03343594351090675,-0.7423493540613754,0.003937848278998013,1.0,0.5037823563356992,0.0,0.55,0.20320873067108933,629,nested_validation
2024-12-24,0.003937848278998013,0.0753893204742575,0.04061693726362159,0.005347949505418059,0.020492790090310166,54.12302215441279,0.023177863155803148,-2.079542915078159,-0.002068167912958385,0.0,0.5001165467426367,0.0,0.55,0.20320873067108933,629,nested_validation
2024-12-26,-0.002068167912958385,0.08548590458018168,0.03798715140800479,0.0052747819268907925,0.02047673407180369,53.666838722873116,0.022296938035333464,-1.635663895711484,-0.020867604398359774,0.0,0.4985069637420221,0.0,0.55,0.20320873067108933,629,nested_validation
2024-12-27,-0.020867604398359774,0.0484391515798861,0.01657567576022423,-0.01351775020575885,0.020866388996394005,49.17262975356222,0.03145754128454261,-0.4935992736755124,0.0035032412984734584,1.0,0.5471629785180754,0.0,0.55,0.20320873067108933,629,nested_validation
2024-12-30,0.0035032412984734584,0.02071260942438924,0.017690480411210574,-0.007856922648682763,0.02033700281882766,49.91509758298121,0.045457849663921523,-0.5892897993744982,-0.023274261745943603,0.0,0.535692063391489,0.0,0.55,0.20320873067108933,629,nested_validation
2024-12-31,-0.023274261745943603,-0.03851937955065132,-0.007677545353583226,-0.02915481086272309,0.02093881538069959,45.17697321488787,0.031573502905237714,-0.8113822962757182,0.029935005783648938,1.0,0.48517280756620856,0.0,0.55,0.20320873067108933,629,nested_validation
2025-01-02,0.029935005783648938,-0.013621659865772351,0.016081127837798137,0.0003486813910360542,0.02186291620285277,51.416148920998985,0.03072807515739791,0.01734249680504652,0.044537892653272904,1.0,0.5098671788285785,0.0,0.55,0.20320873067108933,629,nested_validation
2025-01-03,0.044537892653272904,0.03244482201543186,0.049340229980564976,0.04553980093352883,0.022734389027520736,59.09781666299007,0.035785963350600566,0.6564851284236259,0.03433219443429869,1.0,0.5276942567581028,0.0,0.55,0.20320873067108933,629,nested_validation
2025-01-06,0.03433219443429869,0.09065017477168813,0.07078355443597628,0.08051013346960789,0.0239300483667737,64.02945661488343,0.02904367630738713,1.2541467586755468,-0.06216953442159834,0.0,0.5237733645306352,0.0,0.55,0.20320873067108933,629,nested_validation
2025-01-07,-0.06216953442159834,0.019274197725357434,0.00031402850489614664,0.014930275129731552,0.027432238357384613,51.50369745511246,0.09362073949706108,2.359545553911399,-0.00021394647499739516,0.0,0.5543265147998548,1.0,0.55,0.20320873067108933,629,nested_validation
2025-01-08,-0.00021394647499739516,0.04333907430893502,-0.00021399008370126538,0.015161662663103703,0.026824675301257272,51.46870261590796,0.04560701849840927,0.25586679248513394,-0.02997647612121257,0.0,0.5221727078449906,0.0,0.55,0.20320873067108933,629,nested_validation
2025-01-10,-0.02997647612121257,-0.017352124378436473,-0.027192184211120685,-0.015245373694522946,0.02698932185194376,46.68354125511833,0.041939495214886414,-0.07146826868896164,-0.019718868886623886,0.0,0.5354779257724099,0.0,0.55,0.20320873067108933,629,nested_validation
2025-01-13,-0.019718868886623886,-0.0778016022438226,-0.041779536823050134,-0.03380474298942482,0.02637265453258893,43.88011282818231,0.02987323511191431,-0.1353113732336412,-0.011033635871778857,0.0,0.5368706981774887,0.0,0.55,0.20320873067108933,629,nested_validation
2025-01-14,-0.011033635871778857,-0.11824924203137122,-0.04876038763758961,-0.04363989947969982,0.026309036106902828,42.37687872349892,0.04804191025316314,-0.32640481799737,0.03400127995976865,1.0,0.5523315743913778,1.0,0.55,0.20320873067108933,629,nested_validation
2025-01-15,0.03400127995976865,-0.02782918042361404,-0.015528620884056044,-0.010643577223597211,0.026952246484209266,48.20091167994166,0.0378743647538114,-0.46241771614339033,-0.019597860309961135,0.0,0.52163932906812,0.0,0.55,0.20320873067108933,629,nested_validation
2025-01-16,-0.019597860309961135,-0.046677688394988315,-0.034319731718954305,-0.0288455867650661,0.027053189560075432,45.26458266381192,0.03938005703681805,-0.029348922606121524,0.030995050791199574,1.0,0.5361406529623504,0.0,0.55,0.20320873067108933,629,nested_validation
2025-01-17,0.030995050791199574,0.013244071796768786,-0.0039563743807060625,0.0018722174173775308,0.027634538360135748,50.31838020099156,0.02207532595978514,-0.11932619952464228,0.02265626248404251,1.0,0.5131922062789394,0.0,0.55,0.20320873067108933,629,nested_validation
2025-01-21,0.02265626248404251,0.05704410965343065,0.02129911336081247,0.02564041590713928,0.02773800417986249,53.78175902574196,0.03365763993137165,-0.11427894396006287,0.04430876492878277,1.0,0.5137591457231413,0.0,0.55,0.20320873067108933,629,nested_validation
2025-01-22,0.04430876492878277,0.11619613029053322,0.06838010276069517,0.07056289915193648,0.02900108155504714,59.81540215396096,0.028013836350091997,0.5784649612468447,0.0010199494888094573,1.0,0.5075937168099305,0.0,0.55,0.20320873067108933,629,nested_validation
2025-01-23,0.0010199494888094573,0.08059304724120642,0.06399741296077499,0.07041332028547154,0.028468678725694054,59.950753687522884,0.02384183180092459,-0.815452272822317,-0.031245750648081327,0.0,0.4987030056740057,0.0,0.55,0.20320873067108933,629,nested_validation
2025-01-24,-0.031245750648081327,0.06775481606559919,0.028885573485267102,0.03601079884709013,0.028508272425636697,53.94964043322243,0.04971249881242056,0.6519800913701339,-0.16968171201672888,0.0,0.5353455586968808,0.0,0.55,0.20320873067108933,629,nested_validation
2025-01-27,-0.16968171201672888,-0.14007700601364648,-0.1347805045508853,-0.13629919805009771,0.046919177076684186,34.425847445521256,0.09880085398709627,4.11208387937937,0.08925857438565088,1.0,0.5677183255141384,1.0,0.55,0.20320873067108933,629,nested_validation
2025-01-28,0.08925857438565088,-0.08407298828267629,-0.054623558264672134,-0.056840132385472586,0.05142673107375138,43.96442599159146,0.09884486748607577,2.036741269694392,-0.04101099861365198,0.0,0.47289519589444995,0.0,0.55,0.20320873067108933,629,nested_validation
2025-01-29,-0.04101099861365198,-0.15890399486450857,-0.0880070334670191,-0.09250311770424868,0.05196782873986586,40.76819248904481,0.055295040474031665,1.1895182456817166,0.007679951098945592,1.0,0.5433918018798821,0.0,0.55,0.20320873067108933,629,nested_validation
2025-01-30,0.007679951098945592,-0.1533080017463474,-0.07308258183537297,-0.08338172750834771,0.05200460927623056,41.58946016914681,0.05535500554684196,0.661653783277887,-0.03674290905346167,0.0,0.5241908766070029,0.0,0.55,0.20320873067108933,629,nested_validation
2025-01-31,-0.03674290905346167,-0.1581125226432436,-0.09808607667401736,-0.11447143704692453,0.052342939875542234,38.79662036290686,0.07212456112872073,0.5653900631385319,-0.02840003830894633,0.0,0.6050579459177343,1.0,0.55,0.20320873067108933,629,nested_validation
2025-02-03,-0.02840003830894633,-0.014862309326273082,-0.10962194232775535,-0.13670657740339487,0.05198737293139594,36.81439643884825,0.04765984385443332,0.4083766364456429,0.017058031680128094,1.0,0.5045690057640689,0.0,0.55,0.20320873067108933,629,nested_validation
2025-02-04,0.017058031680128094,-0.08016129120155924,-0.07884014878815226,-0.11975273224940719,0.05095873982745992,38.78016829434914,0.03792667460706691,-0.31994791657145183,0.05208597095662815,1.0,0.49841634901995346,0.0,0.55,0.20320873067108933,629,nested_validation
2025-02-05,0.05208597095662815,0.009135036659113194,-0.013833075390826455,-0.0725625009047407,0.05184277715226263,44.5497069227301,0.03396617641252588,-0.28315999866807695,0.030842089922108906,1.0,0.4597691235496448,0.0,0.55,0.20320873067108933,629,nested_validation
2025-02-06,0.030842089922108906,0.03233062151214683,0.03169331985627344,-0.04253092938359693,0.050896483610827735,47.847211704710894,0.02766556878005096,-0.31899776524244333,0.009014443987759968,1.0,0.4774459783072908,0.0,0.55,0.20320873067108933,629,nested_validation
2025-02-07,0.009014443987759968,0.08136915665272726,0.05177031001059196,-0.031538699913040924,0.05096040618698821,48.83447054718813,0.041358558754213307,-0.4656848836255095,0.028727697886095305,1.0,0.49410697378300455,0.0,0.55,0.20320873067108933,629,nested_validation
2025-02-10,0.028727697886095305,0.14495105696815247,0.06886781367898287,-0.0020670662102607595,0.05097954814094026,51.982215694608264,0.03773297154876295,-0.5398932828448109,-0.005764600074434356,0.0,0.4720463156026872,0.0,0.55,0.20320873067108933,629,nested_validation
2025-02-11,-0.005764600074434356,0.1192585246482274,0.059475989442574484,-0.006054841311040726,0.05079305623062834,51.28087188873802,0.026054151924451565,-0.7671257547804412,-0.012500168292961633,0.0,0.4775771617361316,0.0,0.55,0.20320873067108933,629,nested_validation
2025-02-12,-0.012500168292961633,0.05054875289498262,0.04005896513249807,-0.017039803773597595,0.05081173165090395,49.72327007610942,0.02409641357950782,-0.8653246305378403,0.031645476692271135,1.0,0.44826587400834994,-1.0,0.55,0.20320873067108933,629,nested_validation
2025-02-13,0.031645476692271135,0.051367498052691474,0.06399364854173406,0.014624148141872295,0.05073808320968652,53.523840404210596,0.03939686669790828,-0.6401858314507357,0.02631393464602727,1.0,0.4801383548697611,0.0,0.55,0.20320873067108933,629,nested_validation
2025-02-14,0.02631393464602727,0.06939312922114782,0.07609796426151694,0.040137206500699074,0.05079202288518466,56.557624218598136,0.0270075609302045,-0.6463638846914914,0.0039611041169134165,1.0,0.47761664312965296,0.0,0.55,0.20320873067108933,629,nested_validation
2025-02-18,0.0039611041169134165,0.04364751620285534,0.06165033170208223,0.0439731485823307,0.050395522729700805,57.0243610920324,0.039526614109586064,-0.5064623193917023,-0.00121945684839464,0.0,0.49524103103917516,0.0,0.55,0.20320873067108933,629,nested_validation
2025-02-19,-0.00121945684839464,0.048418546724397604,0.043992739603009534,0.04406579912036812,0.050173452964156845,56.82116263289546,0.029734967440134426,-0.8129841567884691,0.0063205125250109795,1.0,0.4705949446695806,0.0,0.55,0.20320873067108933,629,nested_validation
2025-02-20,0.0063205125250109795,0.06840027249080416,0.03869055346931294,0.053118214769638517,0.049198753962640174,57.662225812324145,0.027621228742544336,-0.9129591368123957,-0.04053975347917382,0.0,0.4553435015748761,0.0,0.55,0.20320873067108933,629,nested_validation
2025-02-21,-0.04053975347917382,-0.006356726233466059,-0.007647783445727141,0.011872664259742205,0.04993612733976702,50.78598089386399,0.055270462987303884,-0.42918529970087405,-0.030870884116102726,0.0,0.5387921529716998,0.0,0.55,0.20320873067108933,629,nested_validation
2025-02-24,-0.030870884116102726,-0.06172118013630268,-0.03859485529886686,-0.016940129756830236,0.04992566992706094,46.42952054014033,0.06532080585334088,-0.29227538267639225,-0.028016674607737935,0.0,0.5364596973177297,0.0,0.58,1.3886196994443265,692,nested_validation
2025-02-25,-0.028016674607737935,-0.09160687228173692,-0.060719807849021534,-0.042246656121970316,0.03297362344339161,42.94059409710476,0.045486809063959285,0.0001322983414841468,0.03672122462611371,1.0,0.5184919197085077,0.0,0.58,1.3886196994443265,692,nested_validation
2025-02-26,0.03672122462611371,-0.05709973800813739,-0.025129149249932148,-0.006588396971728083,0.027746627072674227,48.27339820144632,0.039914612150357,0.7497831149039264,-0.08478062880758996,0.0,0.5141231970672315,0.0,0.58,1.3886196994443265,692,nested_validation
2025-02-27,-0.08478062880758996,-0.14245951052706662,-0.10043794511215987,-0.0881400988551202,0.03234063165483553,38.90161615738854,0.12484387998425994,2.2512223837403593,0.03970030555524451,1.0,0.5707723243195368,0.0,0.58,1.3886196994443265,692,nested_validation
2025-02-28,0.03970030555524451,-0.0707430431182019,-0.05740676209731521,-0.049216207168483184,0.03349874708051239,43.926001463023695,0.06956448078280567,1.6043354800439156,-0.08693563240438495,0.0,0.5111457294814629,0.0,0.58,1.3886196994443265,692,nested_validation
2025-03-03,-0.08693563240438495,-0.12450116113243204,-0.12294598525053724,-0.12755478661405928,0.0378108173052823,36.55541908120548,0.10012272850592287,1.8174999057521846,0.016920938730529356,1.0,0.6219456278864344,1.0,0.58,1.3886196994443265,692,nested_validation
2025-03-04,0.016920938730529356,-0.08402430595258104,-0.09175619885108988,-0.10785158442598486,0.03750750405852682,38.52947640022246,0.07931715766602204,1.606648544004484,0.01129412598600199,1.0,0.5209439674142362,0.0,0.58,1.3886196994443265,692,nested_validation
2025-03-05,0.01129412598600199,-0.10648994451697724,-0.0654503066819736,-0.09229959563592172,0.03740065658345002,39.89646622185891,0.03213978299218729,0.2694775078012057,-0.05737431228014822,0.0,0.5428711493108686,0.0,0.58,1.3886196994443265,692,nested_validation
2025-03-06,-0.05737431228014822,-0.07973371516715988,-0.09783700784696292,-0.1362461173228915,0.03740850880115502,35.525606195493324,0.0463959235559091,0.6544867037407629,0.019173495603419077,1.0,0.5504364723029972,0.0,0.58,1.3886196994443265,692,nested_validation
2025-03-07,0.019173495603419077,-0.09790253846451191,-0.06393539891113975,-0.11169784409344463,0.036927763085434995,37.83596495854678,0.052533549295271174,0.8236913084392895,-0.0506700420206071,0.0,0.4883713429184606,0.0,0.58,1.3886196994443265,692,nested_validation
2025-03-10,-0.0506700420206071,-0.06207253765915699,-0.09382753982390046,-0.14873636164087023,0.03799720472984365,34.27362792993826,0.05973078322243558,1.0021141521913042,0.016638535688298095,1.0,0.5400359340524618,0.0,0.58,1.3886196994443265,692,nested_validation
2025-03-11,0.016638535688298095,-0.0623330038947012,-0.06459109880468206,-0.13234946368720357,0.037486628321012,36.28744905387852,0.06868334933780487,0.7936655043728931,0.06427599970802578,1.0,0.4784476611992021,0.0,0.58,1.3886196994443265,692,nested_validation
2025-03-12,0.06427599970802578,-0.013208468208781632,0.009009867800109594,-0.0733178483571797,0.040797355378291156,43.59666813119677,0.03352345735637033,0.38683135802817387,-0.0013824634742628517,0.0,0.4598071352659508,0.0,0.58,1.3886196994443265,692,nested_validation
2025-03-13,-0.0013824634742628517,0.045406826250924404,0.011635644762689967,-0.07259197018935204,0.04078069936254141,43.473721514589634,0.03434851321862885,0.030078620971138153,0.05269075080871022,1.0,0.4846313123247827,0.0,0.58,1.3886196994443265,692,nested_validation
2025-03-14,0.05269075080871022,0.0797868091880396,0.06796670965748275,-0.02295038641036007,0.04197800981299218,49.33068973612578,0.030656659683348932,-0.2849047354555249,-0.0175885256660947,0.0,0.49884591011206375,0.0,0.58,1.3886196994443265,692,nested_validation
2025-03-17,-0.0175885256660947,0.11741438502433943,0.04415977649573177,-0.03999932306472809,0.041459773805053626,47.46938855940915,0.0406592542456659,-0.6189358995361558,-0.034301003041780964,0.0,0.4760454571740694,0.0,0.58,1.3886196994443265,692,nested_validation
2025-03-18,-0.034301003041780964,0.061425386628800815,0.008828154792473342,-0.07262559716522432,0.04181033675561631,44.04083819916584,0.03881136373295306,-0.1046925537573273,0.01810613756470869,1.0,0.4995776183607552,0.0,0.58,1.3886196994443265,692,nested_validation
2025-03-19,0.01810613756470869,0.015379188284092349,0.02688702062026893,-0.05555138186753472,0.04218896911289908,46.17499551373398,0.04058880853744334,-0.5750424433682735,0.008594252615910847,1.0,0.4873198500390862,0.0,0.58,1.3886196994443265,692,nested_validation
2025-03-20,0.008594252615910847,0.025523362119277193,0.028549212952279968,-0.04582716232484818,0.04222918581687641,47.222519368961144,0.03146879073612692,-1.179166767583253,-0.0070024141076757696,0.0,0.47935962657127335,0.0,0.58,1.3886196994443265,692,nested_validation
2025-03-21,-0.0070024141076757696,-0.032629267352924374,0.016916760838192157,-0.049711835704281504,0.04154089193194654,46.42295492000621,0.02183517214494358,-0.9495115065193879,0.031520908262874014,1.0,0.4821472342401637,0.0,0.58,1.3886196994443265,692,nested_validation
2025-03-24,0.031520908262874014,0.015728300042102683,0.03604531915834941,-0.017532083738775572,0.04187787824248925,50.460692263731616,0.023721314520570427,-1.5600881955000838,-0.005930332935586535,0.0,0.49469063233671023,0.0,0.58,1.3886196994443265,692,nested_validation
2025-03-25,-0.005930332935586535,0.045568749922229035,0.019513463826071442,-0.019956799811752246,0.04148297469861239,49.678220970433436,0.019637109111275634,-2.2130405249914684,-0.057419847461616325,0.0,0.49170642364321593,0.0,0.58,1.3886196994443265,692,nested_validation
2025-03-26,-0.057419847461616325,-0.031994489151752625,-0.03741684265623069,-0.07144831425595133,0.04221178142862014,42.799081399094085,0.0538853475589525,-0.2832913455957782,-0.020481757950565505,0.0,0.5223916676751579,0.0,0.58,1.3886196994443265,692,nested_validation
2025-03-27,-0.020481757950565505,-0.05990039719042284,-0.05380965654603709,-0.08556586863304894,0.038381015114555696,40.755632002674446,0.03401232411157745,-1.0686094185509785,-0.015794677691941095,0.0,0.458778468849664,0.0,0.58,1.3886196994443265,692,nested_validation
2025-03-28,-0.015794677691941095,-0.06822428802439429,-0.05916771131498222,-0.09366031428899524,0.03718030469624034,39.23189681669836,0.03464943115895708,-1.0805306398627934,-0.011762543009884885,0.0,0.484843610408563,0.0,0.58,1.3886196994443265,692,nested_validation
2025-03-31,-0.011762543009884885,-0.10732235021913406,-0.06125489673422235,-0.09674266462027059,0.03226065773360235,38.107314985023336,0.06744784779336384,0.2058567476413431,0.016331513496370187,1.0,0.5624696355240986,0.0,0.58,1.3886196994443265,692,nested_validation
2025-04-01,0.016331513496370187,-0.08733114295159161,-0.041540421322548204,-0.07447374896601622,0.03224360153288396,40.62236072390813,0.033862874951143145,-1.179236469795485,0.0024510699831183924,1.0,0.49761855286464907,0.0,0.58,1.3886196994443265,692,nested_validation
2025-04-02,0.0024510699831183924,-0.029360134706220675,-0.03321839600992871,-0.06466120961435673,0.03211791404892291,41.016082585185416,0.04700237753550251,-1.1166684594094907,-0.07806547074373227,0.0,0.49685991558108916,0.0,0.58,1.3886196994443265,692,nested_validation
2025-04-03,-0.07806547074373227,-0.08642190735042454,-0.09544073640818351,-0.1282522328256538,0.03413861942861635,33.400962975832726,0.03958741314818948,1.2096009580264244,-0.07357568117034718,0.0,0.5400113277835218,0.0,0.58,1.3886196994443265,692,nested_validation
2025-04-04,-0.07357568117034718,-0.14005650752245857,-0.1442079181153999,-0.18303868498577558,0.036925318371192825,28.457033681377283,0.08503866875920207,3.2982892808893505,0.03530901116249785,1.0,0.5382633402828145,0.0,0.58,1.3886196994443265,692,nested_validation
2025-04-07,0.03530901116249785,-0.09909582908933035,-0.09445867869902058,-0.1461481462350216,0.036731347547301445,33.19170204435524,0.15495695768123904,3.070083849531563,-0.013723831195389558,0.0,0.4919705678582097,0.0,0.58,1.3886196994443265,692,nested_validation
2025-04-08,-0.013723831195389558,-0.12573771220659613,-0.08621639743129361,-0.1503573801291731,0.036478954901253496,32.266329363523695,0.11827621005917008,1.581950033770327,0.187227504566003,1.0,0.5464915007381431,0.0,0.58,1.3886196994443265,692,nested_validation
2025-04-09,0.187227504566003,0.035410370992578155,0.0842825675183223,0.01376904846959115,0.053900812940867515,51.75611071774683,0.15367794466396842,2.3036861116975937,-0.059127169778110056,0.0,0.4599435461834971,0.0,0.58,1.3886196994443265,692,nested_validation
2025-04-10,-0.059127169778110056,0.05667968308201976,0.023920320799131867,-0.042615579272241355,0.0554622070090997,46.368885988592524,0.10885933919953399,0.8578090154188825,0.031235575403224525,1.0,0.580129534772487,1.0,0.58,1.3886196994443265,692,nested_validation
2025-04-11,0.031235575403224525,0.17622741421185717,0.054638171269103974,-0.008599784465458393,0.05459220778350284,49.199307536399935,0.0366898015291388,-0.11464512375596392,-0.001983267984299708,0.0,0.5251280462035297,0.0,0.58,1.3886196994443265,692,nested_validation
2025-04-14,-0.001983267984299708,0.1338591931319968,0.0502201025593334,-0.009580670903043154,0.05449240925768977,49.01689505044167,0.047150223682327276,-0.49566268055800117,0.013458518216612925,1.0,0.5090913882980014,0.0,0.58,1.3886196994443265,692,nested_validation
2025-04-15,0.013458518216612925,0.16510901721431326,0.062288713316285715,0.004881414019803021,0.05408793563887335,50.359264713675344,0.027807511866700673,-0.7353420837580784,-0.06871652057100175,0.0,0.4820568307493852,0.0,0.58,1.3886196994443265,692,nested_validation
2025-04-16,-0.06871652057100175,-0.08606667610679175,-0.0051224252789241476,-0.06058096210205055,0.05591145828898226,43.915777140911835,0.06067570195140631,0.5006382423634194,-0.0287109750728749,0.0,0.5519457913833672,0.0,0.58,1.3886196994443265,692,nested_validation
2025-04-17,-0.0287109750728749,-0.05652137196554796,-0.03340101891542302,-0.08506573063842471,0.05606979793168793,41.68100543307063,0.04355107165218668,-0.31522733460614355,-0.04512747781521653,0.0,0.48625129009981727,0.0,0.58,1.3886196994443265,692,nested_validation
2025-04-21,-0.04512747781521653,-0.12638601822242823,-0.07930108882973719,-0.12219467326911448,0.05670783651851424,38.46303242359356,0.04540296522142488,-0.3558573281950484,0.020431219042711612,1.0,0.5988752350978751,1.0,0.58,1.3886196994443265,692,nested_validation
2025-04-22,0.020431219042711612,-0.10676549620811293,-0.061604499512310396,-0.10206939713035734,0.05637049651248314,40.59817697329544,0.02558397001630191,-0.7297812566658601,0.038628832694534765,1.0,0.5243262360012665,0.0,0.58,1.3886196994443265,692,nested_validation
2025-04-23,0.038628832694534765,-0.08458107231818812,-0.03124794154243915,-0.06567532503681373,0.057308646014548804,44.592519620840086,0.027066560543974258,-0.7335064728606071,0.036218369160263775,1.0,0.4696130576626775,0.0,0.58,1.3886196994443265,692,nested_validation
2025-04-24,0.036218369160263775,0.01856623605358876,0.011374663312694322,-0.029094721364096632,0.056777535998096214,48.24242674559251,0.03222775810711858,-0.9013696731047455,0.04303315272443453,1.0,0.4762933256356362,0.0,0.58,1.3886196994443265,692,nested_validation
2025-04-25,0.04303315272443453,0.09380248842958538,0.0514601370702894,0.014095637633193103,0.057415876127340004,52.39991811250847,0.05576069446801199,-0.6721673769837465,-0.020538693171568978,0.0,0.4768080921085411,0.0,0.58,1.3886196994443265,692,nested_validation
2025-04-28,-0.020538693171568978,0.12196883860284569,0.03201502071025675,-0.0028033052199035735,0.05749611115833372,50.236553479919316,0.04000741257438965,-0.9971612974821389,0.0026671088777265872,1.0,0.46557340975657996,0.0,0.58,1.3886196994443265,692,nested_validation
2025-04-29,0.0026671088777265872,0.10243711742587247,0.036430025804648825,0.003079236814457209,0.05742004135357169,50.516387441259,0.02531640608898777,-1.1933787500828816,-0.0009173429822770807,0.0,0.47667318760975075,0.0,0.58,1.3886196994443265,692,nested_validation
2025-04-30,-0.0009173429822770807,0.060461417786130456,0.03871822632715416,0.004163975733654679,0.057325831892399946,50.41110676843409,0.044436250635841314,-0.7137558188576285,0.024697079525506593,1.0,0.4738140419104079,0.0,0.58,1.3886196994443265,692,nested_validation
2025-05-01,0.024697079525506593,0.048670579576322925,0.05719318984392996,0.030836094965635885,0.057558376819620824,53.23431938651524,0.032613559445772794,-0.7147057541099772,0.02589380833985855,1.0,0.4786661227728005,0.0,0.58,1.3886196994443265,692,nested_validation
2025-05-02,0.02589380833985855,0.03143859978509189,0.07136513390711263,0.05884207844963907,0.054705683067372134,56.124417440609996,0.01772924698075865,-0.9814326813910871,-0.005938849150802561,0.0,0.4622544709998012,0.0,0.58,1.3886196994443265,692,nested_validation
2025-05-05,-0.005938849150802561,0.046813217004654906,0.04841390757821884,0.0538141471305289,0.05160296723221784,55.259086021261545,0.017659414094404743,-1.2842094958461836,-0.002460037893001199,0.0,0.4808401459379366,0.0,0.58,1.3886196994443265,692,nested_validation
2025-05-06,-0.002460037893001199,0.041460328735358765,0.03190981274736848,0.05378119010729665,0.05135836995264507,54.88384316878457,0.03452526102991451,-1.057714533160776,0.031002236780898418,1.0,0.46688226254283205,0.0,0.58,1.3886196994443265,692,nested_validation
2025-05-07,0.031002236780898418,0.07473382797963768,0.050204540448875346,0.08767224136027951,0.0513021119571937,58.68233117801613,0.0461302036434432,-0.5616045005635188,0.002648250050777179,1.0,0.48065147479660225,0.0,0.58,1.3886196994443265,692,nested_validation
2025-05-08,0.002648250050777179,0.05160833716159119,0.04275130534036342,0.0893346981397527,0.031596074121255056,59.0096496713849,0.024111798286015645,-0.6590959944817635,-0.006134461352112375,0.0,0.5012219721081737,0.0,0.58,1.3886196994443265,692,nested_validation
2025-05-09,-0.006134461352112375,0.01877726326375706,0.03118756849709059,0.08090662724809072,0.02843815690250177,57.86311479425508,0.025889449060924004,-1.591713693649778,0.054436384966563,1.0,0.4920322341721445,0.0,0.58,1.3886196994443265,692,nested_validation
2025-05-12,0.054436384966563,0.08065365359492827,0.07377632610497065,0.1350738354150678,0.02993988672779856,64.4276240502721,0.022113831062627126,-0.022282105774359226,0.056341411223286286,1.0,0.5037304590915933,0.0,0.58,1.3886196994443265,692,nested_validation
2025-05-13,0.056341411223286286,0.1443543605720956,0.11394031422252593,0.19112955338971038,0.03183677683581861,69.93285496020124,0.05195105349419576,1.620434667796873,0.041637736299942496,1.0,0.4959157653215609,0.0,0.58,1.3886196994443265,692,nested_validation
2025-05-14,0.041637736299942496,0.15615916546706976,0.13462206645025376,0.23124781967825014,0.03263652589543505,73.39449955370648,0.027781955573855203,0.7743861261907479,-0.003768108513396262,0.0,0.4656077255532231,0.0,0.58,1.3886196994443265,692,nested_validation
2025-05-15,-0.003768108513396262,0.14876042741260598,0.10876296483448056,0.21759534697567262,0.027469177405053505,72.54659880322559,0.026996954240269398,0.05781107212804901,0.004227404487880282,1.0,0.5224978913461065,0.0,0.58,1.3886196994443265,692,nested_validation
2025-05-16,0.004227404487880282,0.1607371998916436,0.09463671301193655,0.21049930443620357,0.025846386945206374,72.92310821944852,0.021344161890124485,0.1274145644974645,0.0012554795333701296,1.0,0.5192904365377098,0.0,0.58,1.3886196994443265,692,nested_validation
2025-05-19,0.0012554795333701296,0.10219497189162619,0.0770720950675885,0.1972974349504346,0.022181930148097866,73.04185511748108,0.02566936298245214,-0.49019291332292536,-0.008777675098432969,0.0,0.5143921259306982,0.0,0.58,1.3886196994443265,692,nested_validation
2025-05-20,-0.008777675098432969,0.03424920288607458,0.050229372469594136,0.1740892956568485,0.022869887241962497,70.7042641283128,0.014585553227032732,-1.0686762079930812,-0.01919925661810129,0.0,0.49869389222464633,0.0,0.58,1.3886196994443265,692,nested_validation
2025-05-21,-0.01919925661810129,-0.026156261738293107,0.018334678619069678,0.1397637685897588,0.02343772246238601,65.78832781874227,0.05166917603119849,1.2024191364700616,0.00781479967032861,1.0,0.511089255559917,0.0,0.58,1.3886196994443265,692,nested_validation
2025-05-22,0.00781479967032861,-0.014833654319303058,0.01417844960802861,0.14257773518126204,0.022829313417579104,66.78131131699459,0.02032671016353888,-0.49234613327658816,-0.011593744090047986,0.0,0.4932128920489623,0.0,0.58,1.3886196994443265,692,nested_validation
2025-05-23,-0.011593744090047986,-0.030354504536428406,-0.008660739619704372,0.12170210481254107,0.022138165423986722,63.79965662443282,0.02681079437638812,-0.204346603935056,0.0320663673247068,1.0,0.5010730368349027,0.0,0.58,1.3886196994443265,692,nested_validation
2025-05-27,0.0320663673247068,-0.0005163271992850715,0.013561472388430751,0.1496267515890619,0.021631464439472347,68.00525057114078,0.017343218476130122,-0.31151702330945225,-0.005092188504347228,0.0,0.49393732868044254,0.0,0.58,1.3886196994443265,692,nested_validation
2025-05-28,-0.005092188504347228,0.0031998761030169742,0.004732634377721645,0.13602974681256286,0.021851193434228134,66.63881569851074,0.018247954591038108,1.7502248758477188,0.032490175169429536,1.0,0.49661160986572944,0.0,0.58,1.3886196994443265,692,nested_validation
2025-05-29,0.032490175169429536,0.056069770334831626,0.034408449545148434,0.16411394133619406,0.022158193403963234,70.66788694350004,0.04008909931159492,2.418037056797291,-0.02916867471202156,0.0,0.49494149770923723,0.0,0.58,1.3886196994443265,692,nested_validation
2025-05-30,-0.02916867471202156,0.01731549791302478,0.004012285808789207,0.12058633059009516,0.023738656710310523,63.06486547560072,0.049581859736130246,1.625959255521047,0.01665055876714705,1.0,0.5178610100737286,0.0,0.58,1.3886196994443265,692,nested_validation
2025-06-02,0.01665055876714705,0.04638589973673746,0.01923022290111942,0.12805354796944757,0.023511356721160868,65.29338743744938,0.019799105575977766,-0.4374559120112703,0.027951549239128015,1.0,0.49943330677605235,0.0,0.58,1.3886196994443265,692,nested_validation
2025-06-03,0.027951549239128015,0.04221399009889826,0.04334582565644429,0.14568955524701077,0.023564428571715593,68.75796297576508,0.028678678776020716,-0.08769568108331022,0.004956913737993673,1.0,0.5043637201993444,0.0,0.58,1.3886196994443265,692,nested_validation
2025-06-04,0.004956913737993673,0.05274091010484061,0.042709064792371354,0.13812489277448203,0.023405677485892284,69.35846046366808,0.020081779455231805,-1.0433158980997836,-0.013599160107292785,0.0,0.4774533335071618,0.0,0.58,1.3886196994443265,692,nested_validation
2025-06-05,-0.013599160107292785,0.0057476021468430005,0.022377118704546284,0.11156994953907473,0.023564321028396843,65.61390237844509,0.03693119484303305,-0.021042334790891844,0.0123578487735585,1.0,0.5009551580626893,0.0,0.58,1.3886196994443265,692,nested_validation
2025-06-06,0.0123578487735585,0.048767641089990876,0.028334983885495824,0.11489290623038051,0.023523144698576203,67.31719533888744,0.01241892287937622,-1.2067543851198363,0.006421296156031264,1.0,0.49540016227610967,0.0,0.58,1.3886196994443265,692,nested_validation
2025-06-09,0.006421296156031264,0.03821522509391895,0.02649181008166357,0.11282477302202443,0.023257077043436724,68.20927862829848,0.021454094186618825,-0.795205412934183,0.00932472952767105,1.0,0.478472450736031,0.0,0.58,1.3886196994443265,692,nested_validation
2025-06-10,0.00932472952767105,0.01940242420478344,0.029793599450890884,0.11300382633204853,0.020946798105061386,69.51875258814728,0.019171953168366063,-1.177661017973089,-0.0077805123443444035,0.0,0.47804522547719625,0.0,0.58,1.3886196994443265,692,nested_validation
2025-06-11,-0.0077805123443444035,0.006481907067219961,0.015945620934353588,0.09480203704492518,0.018023110530318975,67.01519648014983,0.021844222754173415,-0.9043158444624644,0.015192891441814238,1.0,0.4770972905044029,0.0,0.58,1.3886196994443265,692,nested_validation
2025-06-12,0.015192891441814238,0.03586010483383473,0.027128963883462864,0.10128093036449926,0.01615306523223833,69.32050097133987,0.021724095837823202,-0.8989680828774229,-0.020896557247146452,0.0,0.47694892414762874,0.0,0.58,1.3886196994443265,692,nested_validation
2025-06-13,-0.020896557247146452,0.0018336856693803583,0.0008097259485289054,0.07004131975705086,0.01695448635960635,62.728093527134895,0.019229384405618805,-0.5444492583737589,0.01915899769365792,1.0,0.49210603170295075,0.0,0.58,1.3886196994443265,692,nested_validation
2025-06-16,0.01915899769365792,0.014513324432130492,0.014748271830551163,0.0823307843810972,0.017328604853382425,65.86627026673168,0.020595726568916426,-0.4670868172374771,-0.003939580081545602,0.0,0.49546225502002716,0.0,0.58,1.3886196994443265,692,nested_validation
2025-06-17,-0.003939580081545602,0.001180827521804373,0.008692133816678105,0.06998089223955062,0.01739874822647092,64.63801793750976,0.009991690883942705,-1.121449134956169,0.009436644684475581,1.0,0.48558757667729735,0.0,0.58,1.3886196994443265,692,nested_validation
2025-06-18,0.009436644684475581,0.018553483205492105,0.01567311972608265,0.07160550367827012,0.017222884047840437,66.2548820136509,0.017390698746205423,-0.75899774897387,-0.011204227907487208,0.0,0.48143175328845605,0.0,0.58,1.3886196994443265,692,nested_validation
2025-06-20,-0.011204227907487208,-0.007931018495102249,0.0015873478390939777,0.05267258191891133,0.016763472944720487,62.562721077473796,0.02467850470025848,0.592866608057437,0.002224579264125559,1.0,0.5139526936065568,0.0,0.58,1.3886196994443265,692,nested_validation
2025-06-23,0.002224579264125559,0.015496294032245839,0.002099130791585413,0.04816013713106271,0.01675293113608792,62.99867168562482,0.019074703717325666,-0.8282646205095178,0.02587200731515149,1.0,0.48392721336386596,0.0,0.58,1.3886196994443265,692,nested_validation
2025-06-24,0.02587200731515149,0.022185178110055492,0.024266453438835933,0.06719394541029877,0.016970083360916075,67.71748074894148,0.016632906121611758,-0.2788742200456136,0.043340310003842974,1.0,0.5044221638617121,0.0,0.58,1.3886196994443265,692,nested_validation
2025-06-25,0.043340310003842974,0.07070512921092686,0.06104577727553884,0.10512181899835649,0.017979752951135287,73.88194884029139,0.03363361106551463,0.9580689641932602,0.00460106130962723,1.0,0.5046309843202416,0.0,0.58,1.3886196994443265,692,nested_validation
2025-06-26,0.00460106130962723,0.06557604661872962,0.057067456786764614,0.10359412600898965,0.01778535257735204,74.46360254243723,0.01754613047179702,-0.08681962323725093,0.01761070038597934,1.0,0.5020620761404089,0.0,0.58,1.3886196994443265,692,nested_validation
2025-06-27,0.01761070038597934,0.09662846233605893,0.0664116491444462,0.11708611655202006,0.017004688658955415,76.61971065672839,0.02187012492571319,1.3627283679305262,0.0015214217990842105,1.0,0.49751072522623135,0.0,0.58,1.3886196994443265,692,nested_validation
2025-06-30,0.0015214217990842105,0.09585907141747385,0.0565914920454873,0.11270028982958746,0.014988654231595257,76.80512456310808,0.017089669310499704,0.09636241562222261,-0.029685420899917325,0.0,0.468212348178338,0.0,0.58,1.3886196994443265,692,nested_validation
2025-07-01,-0.029685420899917325,0.036511403033921974,0.019356546461546387,0.07514890933329221,0.016922621972540984,65.82035077880847,0.03724717117683487,0.5793034846884149,0.025766382486490436,1.0,0.5177195665051766,0.0,0.58,1.3886196994443265,692,nested_validation
2025-07-02,0.025766382486490436,0.019052500992879917,0.03657167988282395,0.09728778026458484,0.016784731595445506,69.74503767061574,0.029443592259538996,-0.4945796389502693,0.013290933350226908,1.0,0.4925309011357397,0.0,0.58,1.3886196994443265,692,nested_validation
2025-07-03,0.013290933350226908,0.027867379034853368,0.0408392285621193,0.10545146217866508,0.016868473871755506,71.6030327120752,0.02014554743851714,-1.1877681886595992,-0.006903408851184123,0.0,0.48394495723842035,0.0,0.58,1.3886196994443265,692,nested_validation
2025-07-07,-0.006903408851184123,0.0031061877448834707,0.024028202943259247,0.09114604718491504,0.016540401164623107,69.1945326091803,0.012449451164789228,-1.161675348033491,0.011122351368781036,1.0,0.46766123201917265,0.0,0.58,1.3886196994443265,692,nested_validation
2025-07-08,0.011122351368781036,0.012722309427199097,0.024918371604258693,0.09643256854888582,0.01651990135343494,70.88218582992525,0.011437511444091868,-1.1698141488707186,0.01799993945652001,1.0,0.48072287825646515,0.0,0.58,1.3886196994443265,692,nested_validation
2025-07-09,0.01799993945652001,0.062491764927731674,0.03345004683401509,0.10816954454879912,0.016718372592628303,73.4457935200622,0.02001470044884512,0.029838973623162245,0.007490217212359207,1.0,0.4902903250482994,0.0,0.58,1.3886196994443265,692,nested_validation
2025-07-10,0.007490217212359207,0.04356126044858111,0.03476326297830212,0.1092727581261077,0.016709313689090618,74.47116128147889,0.01761120830078093,-0.4089970263229706,0.004996949298580855,1.0,0.4923501306042611,0.0,0.58,1.3886196994443265,692,nested_validation
2025-07-11,0.004996949298580855,0.03501950786182939,0.03348226901740636,0.10730089453730618,0.01638413220903432,75.16529227412335,0.026800862345495818,0.24548907832205738,-0.005153967255895786,0.0,0.4988138466786414,0.0,0.58,1.3886196994443265,692,nested_validation
2025-07-14,-0.005153967255895786,0.036842800978658774,0.02409981426145058,0.0954915214030565,0.016496858087183593,72.95103552924691,0.02114951585176713,-1.1927602292974266,0.04040951035509699,1.0,0.48078845469080495,0.0,0.58,1.3886196994443265,692,nested_validation
2025-07-15,0.04040951035509699,0.06687495278993238,0.057096834353060455,0.13080523006543188,0.01684462822631288,78.31665029645214,0.018746321062984236,1.12338735766754,0.003925040155780657,1.0,0.47562515187633075,0.0,0.58,1.3886196994443265,692,nested_validation
2025-07-16,0.003925040155780657,0.05212430601188234,0.049501807953874266,0.12678414518681835,0.016730056090620383,78.77486479160328,0.016630718239600103,-0.6320707301715688,0.009511619418247186,1.0,0.46469461201874557,0.0,0.58,1.3886196994443265,692,nested_validation
2025-07-17,0.009511619418247186,0.05423526089432795,0.049362536231380316,0.12963105765819627,0.01647948474751509,79.88835493251551,0.019248565497425856,-0.623918084824354,-0.0034103329892442025,0.0,0.4709397031751976,0.0,0.58,1.3886196994443265,692,nested_validation
2025-07-18,-0.0034103329892442025,0.04541607647560575,0.03755824478040082,0.11835448911150959,0.01671073277274839,78.28744695886309,0.017342413025081126,-0.9546093017364023,-0.005974193271661488,0.0,0.4623327037416927,0.0,0.58,1.3886196994443265,692,nested_validation
2025-07-21,-0.005974193271661488,0.044554156706111625,0.023268060972233773,0.10417669644921701,0.016436408476164444,75.44497143633734,0.013887296154764042,-1.3935191646771783,-0.025382153858991896,0.0,0.48596617264064407,0.0,0.58,1.3886196994443265,692,nested_validation
2025-07-22,-0.025382153858991896,-0.021499599672935688,-0.00687328361412709,0.07033013356341278,0.01802393245569262,64.75219165710044,0.04077110464205931,0.31326584903715426,0.022450953030295873,1.0,0.5081407336026338,0.0,0.58,1.3886196994443265,692,nested_validation
2025-07-23,0.022450953030295873,-0.003442859937342946,0.01067602780498822,0.08781688667013632,0.017864745496567334,68.85076791846163,0.019264511708918165,-0.6234375337240523,0.017332282040708913,1.0,0.49489603752089123,0.0,0.58,1.3886196994443265,692,nested_validation
2025-07-24,0.017332282040708913,0.004277444640158334,0.022360827717138987,0.09971541417017882,0.016054404838081196,71.65271838711804,0.014561981692791213,-1.2071725366077781,-0.0013813991283150306,0.0,0.4849579068818387,0.0,0.58,1.3886196994443265,692,nested_validation
2025-07-25,-0.0013813991283150306,0.0063220298698143385,0.015819826607606835,0.09113550295341155,0.01613463059850023,71.09430112129057,0.010144060558132167,-1.251460477572572,0.018731927056198527,1.0,0.4545675832820286,0.0,0.58,1.3886196994443265,692,nested_validation
2025-07-28,0.018731927056198527,0.03133376798592025,0.027222030250875884,0.10422504974156754,0.01617754182897025,74.04420653585036,0.017142850236474612,-0.7362720708682999,-0.007015511649297035,0.0,0.48682849550366425,0.0,0.58,1.3886196994443265,692,nested_validation
2025-07-29,-0.007015511649297035,0.05076921993293215,0.01717209851997259,0.0888730295595832,0.016396808567706207,71.06433326016979,0.02484189360613157,-0.20543583003638224,0.021423315763210438,1.0,0.5074519359212076,0.0,0.58,1.3886196994443265,692,nested_validation
2025-07-30,0.021423315763210438,0.04971312075642964,0.03422812059064628,0.10430320217671141,0.0146144436815232,74.4253515170725,0.021476019477660473,0.6093871637143132,-0.0078095036466339085,0.0,0.48950738132236676,0.0,0.58,1.3886196994443265,692,nested_validation
2025-07-31,-0.0078095036466339085,0.023771092983252196,0.023276367402442766,0.08813834036560975,0.014399625890793268,71.11316649920542,0.041434815192528236,2.041050964526796,-0.023331592131278556,0.0,0.49564314445124213,0.0,0.58,1.3886196994443265,692,nested_validation
2025-08-01,-0.023331592131278556,0.0012680341956212704,-0.001350908705095577,0.056665312779867305,0.015664956256940206,62.2670496418923,0.03252356583457724,1.3135502888373247,0.03615015641036212,1.0,0.4990998824451796,0.0,0.58,1.3886196994443265,692,nested_validation
2025-08-04,0.03615015641036212,0.01838766675195891,0.02964819105828531,0.08689750532509466,0.016868607954731864,68.62703174068432,0.03155551486545129,-0.5149624896987779,-0.009666754097136132,0.0,0.48537846176995136,0.0,0.58,1.3886196994443265,692,nested_validation
2025-08-05,-0.009666754097136132,0.015668598486418217,0.013186280086895819,0.06905536669522006,0.017195526945799153,65.3408053229596,0.02445866007352741,-0.28247069214997383,0.006507379675917635,1.0,0.4999160574699056,0.0,0.58,1.3886196994443265,692,nested_validation
2025-08-06,0.006507379675917635,0.000836699050507983,0.014796041994104003,0.06927458286347332,0.01696080088412916,66.49275243258153,0.020343294692531787,-0.8321226231873,0.007524336767571027,1.0,0.4740614892779913,0.0,0.58,1.3886196994443265,692,nested_validation
2025-08-07,0.007524336767571027,0.0163041624865361,0.018382456897065635,0.07168696495658633,0.016961053973302425,67.83271363126157,0.028102017541571725,-0.32563799993300785,0.010676444440988364,1.0,0.4889726681748682,0.0,0.58,1.3886196994443265,692,nested_validation
2025-08-08,0.010676444440988364,0.05169233399687645,0.023948147801051922,0.07723630025581674,0.017006246189675858,69.69831517685445,0.015873066249119896,-1.1332441218860614,-0.0035030730919445308,0.0,0.4813131555386202,0.0,0.58,1.3886196994443265,692,nested_validation
2025-08-11,-0.0035030730919445308,0.011444308913069579,0.01733359321319128,0.06835816836182973,0.016959363530796447,68.28401084370003,0.019718754180116958,-0.652468158756036,0.00604207269907131,1.0,0.4868624867470417,0.0,0.58,1.3886196994443265,692,nested_validation
2025-08-12,0.00604207269907131,0.027488002819598734,0.019123896983132216,0.06954746580784588,0.01494194232840328,69.43212032053012,0.027407670415494554,-0.33316988711030165,-0.008571768446215433,0.0,0.4839441864344376,0.0,0.58,1.3886196994443265,692,nested_validation
2025-08-13,-0.008571768446215433,0.012094530202219511,0.009085601590824277,0.05457247740370463,0.01517641526680009,65.77251060717445,0.025441903245545194,0.9260314718594796,0.002367887932648305,1.0,0.5007345750073041,0.0,0.58,1.3886196994443265,692,nested_validation
2025-08-14,0.002367887932648305,0.006914691392730932,0.009147780652434045,0.05202512050651231,0.01510320438868152,66.29645667306724,0.019558276425842187,-0.8870285477518359,-0.008625370866016668,0.0,0.47210945132299725,0.0,0.58,1.3886196994443265,692,nested_validation
2025-08-15,-0.008625370866016668,-0.012315282265082161,-0.003275485556971769,0.03872651385912995,0.01525002600799421,62.53249037741439,0.021390970771025936,0.09016578345592442,0.008645039504274532,1.0,0.5025407342836766,0.0,0.58,1.3886196994443265,692,nested_validation
2025-08-18,0.008645039504274532,-0.00027459770638738057,0.004226321281262324,0.04294954029979148,0.015181457342634043,64.67838154317585,0.012911412419318397,-0.8468970032585919,-0.03499807468573979,0.0,0.47938187672393745,0.0,0.58,1.3886196994443265,692,nested_validation
2025-08-19,-0.03499807468573979,-0.041057064929050036,-0.0295167692651348,0.00345067564914614,0.01619518883995789,51.665973031191626,0.03991115082666698,1.1859411843857117,-0.0013664558234958157,0.0,0.5132043821170729,0.0,0.58,1.3886196994443265,692,nested_validation
2025-08-20,-0.0013664558234958157,-0.034087842735623264,-0.028685386966577076,-0.000304040859218091,0.015558360275908342,51.24762608494212,0.04104901481633695,1.9730969727652508,-0.002394569764917698,0.0,0.499896199056251,0.0,0.58,1.3886196994443265,692,nested_validation
2025-08-21,-0.002394569764917698,-0.03867709169692424,-0.027894352279698498,-0.004755076411883552,0.01514032195695338,50.47734151869494,0.01765914054942632,-0.6149589908842724,0.017202144384917073,1.0,0.5047183854997841,0.0,0.58,1.3886196994443265,692,nested_validation
2025-08-22,0.017202144384917073,-0.013632490649428619,-0.00857785189958693,0.009862858877301095,0.015562532270533856,55.625049550331994,0.04151918176064255,0.4467558862859172,0.010225218164484184,1.0,0.5000374814262988,0.0,0.58,1.3886196994443265,692,nested_validation
2025-08-25,0.010225218164484184,-0.012087212748526976,0.002816450715827701,0.01716103958014581,0.015194914620731583,58.43815928980019,0.02969799460761641,0.055562832223713235,0.010900419888796531,1.0,0.4970129359668465,0.0,0.58,1.3886196994443265,692,nested_validation
2025-08-26,0.010900419888796531,0.03490099371646038,0.014534054654529394,0.026106642593047846,0.015225568502084924,61.284624026356184,0.019695228843635202,0.23558319730535376,-0.0009353065749519995,0.0,0.48971327770893386,0.0,0.58,1.3886196994443265,692,nested_validation
2025-08-27,-0.0009353065749519995,0.03534780104469415,0.013579501294277652,0.02317733102824504,0.014554887101068508,60.895043892586195,0.018667396892685418,2.2138487803523637,-0.007874380116893676,0.0,0.4638430878836258,0.0,0.58,1.3886196994443265,692,nested_validation
2025-08-28,-0.007874380116893676,0.02966067322230126,0.006637589498291296,0.013755338860051092,0.014556801915935608,57.579506735815954,0.044735514461380285,2.9139410060774167,-0.033246505487318556,0.0,0.48961653864828597,0.0,0.58,1.3886196994443265,692,nested_validation
2025-08-29,-0.033246505487318556,-0.02140586362816177,-0.023408443207289298,-0.020273719363933962,0.015506301377845415,46.225806476398866,0.028705937594721412,1.756582272902197,-0.019519949164359285,0.0,0.528613329340769,0.0,0.58,1.3886196994443265,692,nested_validation
2025-09-02,-0.019519949164359285,-0.05021968237869123,-0.03640424911260287,-0.039289848716868914,0.01370457376816395,41.25344371797442,0.030214332468626884,1.3123210547457658,-0.0009368051517751885,0.0,0.5106079692540358,0.0,0.58,1.3886196994443265,692,nested_validation
2025-09-03,-0.0009368051517751885,-0.06134121634741374,-0.03457243881752137,-0.0408355325337576,0.013609024740377042,41.0297922979425,0.02068924440463356,-0.23971939784947371,0.0060954357886893185,1.0,0.5029045454928697,0.0,0.58,1.3886196994443265,692,nested_validation
2025-09-04,0.0060954357886893185,-0.05473556996769258,-0.026627878767043756,-0.03514811545360186,0.013596296692120395,43.186044769744,0.01427238084571331,-0.7755787151343135,-0.027030123061550726,0.0,0.4886908422878918,0.0,0.58,1.3886196994443265,692,nested_validation
2025-09-05,-0.027030123061550726,-0.07298652738028322,-0.04864423209879232,-0.06004474242511115,0.01443148463435636,36.73267394709623,0.029696990349652053,1.043453960349833,0.007723442803737823,1.0,0.5111797642475129,0.0,0.58,1.3886196994443265,692,nested_validation
2025-09-08,0.007723442803737823,-0.03370071744640024,-0.035981086708277044,-0.051861934086001704,0.014296662062892389,39.44200257294836,0.021448521553776457,-0.39954506156484143,0.014556416428491259,1.0,0.5005600692640308,0.0,0.58,1.3886196994443265,692,nested_validation
2025-09-09,0.014556416428491259,-0.0001172012939381073,-0.016852256968084678,-0.036977252264276284,0.014858192069464956,44.31906492134947,0.024830114609808475,-0.5801145760940387,0.03847516307429433,1.0,0.5001483993777333,0.0,0.58,1.3886196994443265,692,nested_validation
2025-09-10,0.03847516307429433,0.03932709942257828,0.023591143687170746,-0.00026684149904387944,0.017330319658417043,54.82572882954319,0.021541713336635803,0.9874018928835354,-0.0008458526038293002,0.0,0.5188712219306411,0.0,0.58,1.3886196994443265,692,nested_validation
2025-09-11,-0.0008458526038293002,0.03215653798811857,0.0253413126500861,-0.0007199916391624761,0.017253548295973604,54.57254988479245,0.02144834391280077,-0.7805503860437014,0.0036686942232229125,1.0,0.49933839138050423,0.0,0.58,1.3886196994443265,692,nested_validation
2025-09-12,0.0036686942232229125,0.06472279283321747,0.030498423436002398,0.002953597624092419,0.01726886479284173,55.53092444510537,0.012090929404548608,-1.3843929237142114,-0.00039368431381092694,0.0,0.5074038715615301,0.0,0.58,1.3886196994443265,692,nested_validation
2025-09-15,-0.00039368431381092694,0.05614654077111081,0.027960151017085044,0.001797868785991863,0.017180423138988706,55.395373649979,0.024416380290743733,-0.8472061131426146,-0.016146210499489166,0.0,0.492732147423872,0.0,0.58,1.3886196994443265,692,nested_validation
2025-09-16,-0.016146210499489166,0.024185308554254492,0.00896450824578543,-0.013430292465636096,0.017361882232727062,50.00614381204548,0.017840776704450747,-1.0156837278232562,-0.026246649910796838,0.0,0.5200845392383392,0.0,0.58,1.3886196994443265,692,nested_validation
2025-09-17,-0.026246649910796838,-0.03964590509373522,-0.017335780709733073,-0.037884303949532905,0.016614951444413467,42.82959431232515,0.028128448382074473,0.6176761532976157,0.03494053288969079,1.0,0.5173905205116267,0.0,0.58,1.3886196994443265,692,nested_validation
2025-09-18,0.03494053288969079,-0.005249208707937991,0.014312634420888815,-0.0036726832131421805,0.01840676604013957,52.37174523349642,0.023490690312132332,0.17989631719075022,0.0024397172760990404,1.0,0.5080805423711346,0.0,0.58,1.3886196994443265,692,nested_validation
2025-09-19,0.0024397172760990404,-0.006467265819480761,0.01116593939674293,-0.00047159558874010354,0.0184000786935538,52.982469086803945,0.016414836618157447,1.1286040761853806,0.039282324307458705,1.0,0.5148621442908897,0.0,0.58,1.3886196994443265,692,nested_validation
2025-09-22,0.039282324307458705,0.0329676724239818,0.041758635937264144,0.038611945505229395,0.0199565152326361,61.55196034476466,0.0535918321724351,1.6493739868191517,-0.028211967028401563,0.0,0.5262412886716281,0.0,0.58,1.3886196994443265,692,nested_validation
2025-09-23,-0.028211967028401563,0.020299594534041843,0.007976576283685866,0.009999997924425186,0.020877950412143884,53.68664876255963,0.034803517962151434,-0.06030654284451061,-0.008182508094013552,0.0,0.5319266689847725,0.0,0.58,1.3886196994443265,692,nested_validation
2025-09-24,-0.008182508094013552,0.03922721780699989,-7.348940152573924e-05,0.0029050522807472223,0.020786287776263766,51.682069450716384,0.02474998504040286,-1.0860859557815878,0.004068588702951903,1.0,0.4908335775993546,0.0,0.58,1.3886196994443265,692,nested_validation
2025-09-25,0.004068588702951903,0.008227403183933779,0.003699902380060349,0.007725923091481013,0.020817089957580324,52.62160047728288,0.040126003298213496,-0.0057028338612487555,0.0028138668279011902,1.0,0.5108842126953088,0.0,0.58,1.3886196994443265,692,nested_validation
2025-09-26,0.0028138668279011902,0.008603712925572049,0.006313857504083309,0.011291769678533736,0.020767529378392678,53.30068082972063,0.02716208277886522,-0.8842243831747156,0.02053993896073769,1.0,0.4848568758010694,0.0,0.58,1.3886196994443265,692,nested_validation
2025-09-29,0.02053993896073769,-0.009585415290749189,0.02461104021236138,0.03178838125747463,0.019791072748245826,58.04157813309079,0.020236417664382448,0.2644822985230083,0.026010326197546618,1.0,0.5085359186381921,0.0,0.58,1.3886196994443265,692,nested_validation
2025-09-30,0.026010326197546618,0.04567617283886127,0.04437675300781252,0.05770928546224874,0.019762572969377043,63.23596727252993,0.031461090783414906,1.3621590273524364,0.003537384261599996,1.0,0.5298507489545246,0.0,0.58,1.3886196994443265,692,nested_validation
2025-10-01,0.003537384261599996,0.058032490694226446,0.03822076101303118,0.059127232773600547,0.019723564764806842,63.90740585035129,0.022644762704404287,-0.24293639677649048,0.00881224740582276,1.0,0.5139634162667072,0.0,0.58,1.3886196994443265,692,nested_validation
2025-10-02,0.00881224740582276,0.06303109844759236,0.04007447419371157,0.06574775084295514,0.01974098986417141,65.5989284258294,0.015829347783501427,-1.1668094817915058,-0.006723594708770264,0.0,0.48357374677162634,0.0,0.58,1.3886196994443265,692,nested_validation
2025-10-03,-0.006723594708770264,0.05292092890456446,0.02688996988008774,0.05606961345589556,0.01855453075268794,63.14583392959519,0.02654299039091512,-1.0376794987685756,-0.011086219191363655,0.0,0.49180729487003155,0.0,0.58,1.3886196994443265,692,nested_validation
2025-10-06,-0.011086219191363655,0.020291295758502415,0.014434062362326472,0.0428825148614318,0.018916808632042748,59.2386874181766,0.021019694069245445,-0.5231139564697546,-0.0026948154076970043,0.0,0.5171406100178119,0.0,0.58,1.3886196994443265,692,nested_validation
2025-10-07,-0.0026948154076970043,-0.008253842019873336,0.008057235630047899,0.03905200713814461,0.018857591526794677,58.304771528147874,0.027345426622283356,-0.9273620866861991,0.021995264931179204,1.0,0.5030114830827968,0.0,0.58,1.3886196994443265,692,nested_validation
2025-10-08,0.021995264931179204,0.009987164768309187,0.023460951408962316,0.06044727842835251,0.017664335343639013,63.36747128271148,0.016181126368286444,-1.0630471795697853,0.0182962524780399,1.0,0.4869382656210222,0.0,0.58,1.3886196994443265,692,nested_validation
2025-10-09,0.0182962524780399,0.019482215426317007,0.03386073645394827,0.0776377278880731,0.017926145573454892,67.03227946618263,0.02201799518045125,0.2147692888399101,-0.04886532988389913,0.0,0.5078437028909253,0.0,0.58,1.3886196994443265,692,nested_validation
2025-10-10,-0.04886532988389913,-0.023771353579636334,-0.01927604571325192,0.024405308623741906,0.021352840840874333,51.84205808436786,0.07408818406917793,2.0201437036191354,0.02817208868258403,1.0,0.5191538952213641,0.0,0.58,1.3886196994443265,692,nested_validation
2025-10-13,0.02817208868258403,0.014983374588070308,0.004871786351445806,0.05049376369364156,0.02210648574479942,57.525983315115276,0.02203692510132294,-0.6634145817421054,-0.04402094463751838,0.0,0.5048746494593623,0.0,0.58,1.3886196994443265,692,nested_validation
2025-10-14,-0.04402094463751838,-0.027075299880261028,-0.03599434687053116,0.0025239462224970755,0.024069841151304477,47.77083130685163,0.028328645992870598,0.48559868290975694,-0.0011107984306079066,0.0,0.5434452653725859,0.0,0.58,1.3886196994443265,692,nested_validation
2025-10-15,-0.0011107984306079066,-0.049071937769506246,-0.03322918289371446,-0.0003005017168646873,0.02321662840346818,47.56130780759093,0.04215093006658521,0.6902708655669748,0.01101039928627312,1.0,0.5322371092796756,0.0,0.58,1.3886196994443265,692,nested_validation
2025-10-16,0.01101039928627312,-0.05587577529761523,-0.018850170377358033,0.008807374891929731,0.022130976646094334,49.90414209327845,0.01930583880957783,-0.11843778129783705,0.007755344299286593,1.0,0.516032942180982,0.0,0.58,1.3886196994443265,692,nested_validation
2025-10-17,0.007755344299286593,0.00032756981733172985,-0.008887638761966965,0.01359224243009427,0.022168900438544796,51.56372434527897,0.02374198272314024,-0.20707200471100615,-0.0031656380962610253,0.0,0.5014900098095022,0.0,0.58,1.3886196994443265,692,nested_validation
2025-10-20,-0.0031656380962610253,-0.03016148198376134,-0.010472844110573143,0.007718912782026299,0.020471635441082995,50.81793876370406,0.01899913070685096,-1.2539316010963861,-0.008103395546085634,0.0,0.49641446160447356,0.0,0.58,1.3886196994443265,692,nested_validation
2025-10-21,-0.008103395546085634,0.006276787647995885,-0.016423748137386673,-0.0023570306123148477,0.019536377586684778,48.87538368000636,0.016504692945092846,-1.2338717572116893,-0.004857566318624218,0.0,0.516795501438217,0.0,0.58,1.3886196994443265,692,nested_validation
2025-10-22,-0.004857566318624218,0.00250230940907592,-0.01648647779554291,-0.007742293961960578,0.019471972046765998,47.70764133298295,0.03705351663968094,-0.25969394493761805,0.01042824527236963,1.0,0.524649467945866,0.0,0.58,1.3886196994443265,692,nested_validation
2025-10-23,0.01042824527236963,0.0019250544730418095,-0.000554149990103725,0.001688174730835934,0.019569225148274097,50.43233533296531,0.017786591062953667,-1.4365515438555851,0.022507573914282597,1.0,0.49892681108123194,0.0,0.58,1.3886196994443265,692,nested_validation
2025-10-24,0.022507573914282597,0.016591936215932357,0.020205742190799736,0.022651668946363834,0.020101948483669356,55.83674418030387,0.021314299032460213,-0.8951294910496965,0.02807914078902063,1.0,0.49055471383977733,0.0,0.58,1.3886196994443265,692,nested_validation
2025-10-27,0.02807914078902063,0.04845599656289523,0.04703427018742312,0.04872968353958651,0.020504824164035505,61.58984683741983,0.018643308902856592,-0.2944048411804201,0.04981991068259206,1.0,0.5199116725951779,0.0,0.58,1.3886196994443265,692,nested_validation
2025-10-28,0.04981991068259206,0.10968217425471316,0.08671921949470685,0.09574638243921885,0.022419658169030944,69.41624886034633,0.05591200468898627,2.7756223510144022,0.0298959843276152,1.0,0.4886073984554334,0.0,0.58,1.3886196994443265,692,nested_validation
2025-10-29,0.0298959843276152,0.14843581829491725,0.10298390195626284,0.12101968148346676,0.02311821350167334,73.1306039515503,0.03579020431993829,2.39372501279947,-0.020044438573744494,0.0,0.4705836124791645,0.0,0.58,1.3886196994443265,692,nested_validation
2025-10-30,-0.020044438573744494,0.11380107627123115,0.06887162250608014,0.09329086712282919,0.023746390407135484,67.07301775323292,0.02341170099211087,0.03323182255772704,-0.0019715110218918586,0.0,0.5426778218149443,0.0,0.58,1.3886196994443265,692,nested_validation
2025-10-31,-0.0019715110218918586,0.08713640224473673,0.056043500560659654,0.08609834519682247,0.023662887094213752,66.50124090016894,0.02913721041250893,0.012176339062951003,0.021680040134361755,1.0,0.5183515811197048,0.0,0.58,1.3886196994443265,692,nested_validation
2025-11-03,0.021680040134361755,0.08036970988876813,0.06546906042503764,0.10504750236956095,0.023688889906886373,69.56747433378443,0.027938895218853933,-1.1973759791830397e-05,-0.039588157789888334,0.0,0.5103427293634677,0.0,0.58,1.3886196994443265,692,nested_validation
2025-11-04,-0.039588157789888334,-0.011640136766286835,0.014133237690350464,0.05748605247434657,0.02563077385292354,58.76128478696582,0.030399156830767247,0.11603606656327531,-0.01751466251475131,0.0,0.5455819819904052,0.0,0.58,1.3886196994443265,692,nested_validation
2025-11-05,-0.01751466251475131,-0.05713869306907304,-0.01116431221582559,0.03561334199768473,0.02568217568004818,54.861734298100416,0.04236465338881359,-0.2568994125046789,-0.03652480823530602,0.0,0.5122106529362168,0.0,0.58,1.3886196994443265,692,nested_validation
2025-11-06,-0.03652480823530602,-0.07299523135453279,-0.050129792907197435,-0.00404214942819936,0.026693680021448698,47.854551499118024,0.05976175098334734,0.685587096711557,0.0003722083359394279,1.0,0.5596372894830216,0.0,0.58,1.3886196994443265,692,nested_validation
2025-11-07,0.0003722083359394279,-0.07081830049026383,-0.05068239536693797,-0.0054199876864827745,0.024313569407080637,47.92487938626258,0.05001330835698316,1.4898867767502948,0.05793254216114918,1.0,0.5347984038493155,0.0,0.58,1.3886196994443265,692,nested_validation
2025-11-10,0.05793254216114918,-0.03784793783122553,0.0004976560694021082,0.0490193009261124,0.026686654812479338,57.529520102216225,0.030896805129283604,0.19286597485125714,-0.029590603550341266,0.0,0.49059147599044706,0.0,0.58,1.3886196994443265,692,nested_validation
2025-11-11,-0.029590603550341266,-0.02783226850535736,-0.02525181041221347,0.01680284785234587,0.025574005463774523,51.95332357606248,0.021329442115742163,-0.20971187613435244,0.003313345950255231,1.0,0.5139349493573185,0.0,0.58,1.3886196994443265,692,nested_validation
2025-11-12,0.003313345950255231,-0.007222986139063914,-0.015443987124076908,0.018998925999720306,0.025549256929849776,52.49217017855485,0.024561374777505352,-0.5660155763472283,-0.03581023089314139,0.0,0.50106265375905,0.0,0.58,1.3886196994443265,692,nested_validation
2025-11-13,-0.03581023089314139,-0.006486676614967601,-0.04290690693172294,-0.017141965329048214,0.026914777232147937,46.413510547071624,0.04061862524402746,0.4133630211239474,0.017713892457166258,1.0,0.5332760800505584,0.0,0.58,1.3886196994443265,692,nested_validation
2025-11-14,0.017713892457166258,0.010736107145722151,-0.019767522526156434,-0.00017873517135225114,0.02711301607264531,49.42187277620451,0.05484562641955388,0.0022672763053113833,-0.01877271712798112,0.0,0.513831775458391,0.0,0.58,1.3886196994443265,692,nested_validation
2025-11-17,-0.01877271712798112,-0.06254718085402378,-0.028008594981769996,-0.019130309525879685,0.027479165818135202,46.39646949192789,0.025080345780830564,-0.2982338551488867,-0.028081441428459142,0.0,0.5214208275865948,0.0,0.58,1.3886196994443265,692,nested_validation
2025-11-18,-0.028081441428459142,-0.061089272170448794,-0.046697941127194165,-0.04605944238888626,0.028162833037472534,42.303083843220044,0.028396609715160587,0.41944717475371107,0.028451613832612743,1.0,0.5130020921837624,0.0,0.58,1.3886196994443265,692,nested_validation
2025-11-19,0.028451613832612743,-0.03756462806094174,-0.015075992707101027,-0.01847257286686832,0.02877793641221045,47.239468121594285,0.026967610251334005,1.00689230374427,-0.03152470515111827,0.0,0.5089759950620714,0.0,0.58,1.3886196994443265,692,nested_validation
2025-11-20,-0.03152470515111827,-0.03328690007249924,-0.04236314947943853,-0.047421522697357665,0.02961240669680091,42.75083942941792,0.08940430663780144,2.4515932667223552,-0.009743098884977153,0.0,0.513775245405606,0.0,0.58,1.3886196994443265,692,nested_validation
2025-11-21,-0.009743098884977153,-0.05936793661112849,-0.04701016705617378,-0.055992381596178475,0.029219283467213704,41.48035185854168,0.06501567847357506,2.1361834211412636,0.02051656850567407,1.0,0.5033212227809035,0.0,0.58,1.3886196994443265,692,nested_validation
2025-11-24,0.02051656850567407,-0.021704122671417525,-0.018833198520006422,-0.03564576016904186,0.028879778315848266,45.14144132918111,0.03845524051002392,0.5455701754467966,-0.025910756942502222,0.0,0.5120584098424792,0.0,0.58,1.3886196994443265,692,nested_validation
2025-11-25,-0.025910756942502222,-0.01951919507139943,-0.03631042865056522,-0.06026720682445308,0.02672499584170075,41.53481586361815,0.04841975174735539,1.585730926210068,0.013721728427074753,1.0,0.5219332936122335,0.0,0.58,1.3886196994443265,692,nested_validation
2025-11-26,0.013721728427074753,-0.033562023829387555,-0.015865396513631724,-0.04744460128121741,0.025864661931527717,44.019518402182115,0.025907013820352848,-0.6310922609132968,-0.018084970501686226,0.0,0.5089353381496633,0.0,0.58,1.3886196994443265,692,nested_validation
2025-11-28,-0.018084970501686226,-0.020150561478255447,-0.02843341322728521,-0.06387840187453109,0.025817098937213616,41.482880865062086,0.01576267393295375,-1.5832010808275423,0.016497230579703537,1.0,0.5068334262663982,0.0,0.58,1.3886196994443265,692,nested_validation
2025-12-01,0.016497230579703537,0.0058139857656382965,-0.0068173105299570436,-0.04788107413908371,0.026287528932902586,44.56432500077148,0.03679418876916815,-0.486465501810707,0.008559284483354412,1.0,0.510173208955052,0.0,0.58,1.3886196994443265,692,nested_validation
2025-12-02,0.008559284483354412,-0.005971029659473159,0.004533836376085176,-0.03953169765395992,0.025758243556405356,46.17415320598654,0.031191466178188215,-0.5804618555426613,-0.010305283802814258,0.0,0.5079431730254659,0.0,0.58,1.3886196994443265,692,nested_validation
2025-12-03,-0.010305283802814258,0.009953889445505792,-0.004843071012701761,-0.049166215838436944,0.024626358356897665,44.48483753239786,0.018597897466441266,-0.8406867585450136,0.021160534523537944,1.0,0.49598528493455024,0.0,0.58,1.3886196994443265,692,nested_validation
2025-12-04,0.021160534523537944,0.01736504670817096,0.0179804524989291,-0.02957872851953891,0.02506187255949875,48.600356355391376,0.024866383668752583,-0.7988445800385712,-0.005289605770121497,0.0,0.5115212841616736,0.0,0.58,1.3886196994443265,692,nested_validation
2025-12-05,-0.005289605770121497,0.030622361696441613,0.011596129455332838,-0.03475616768989476,0.023856178680180872,47.62969847135216,0.020558083025678756,-1.0825811009080188,0.017214022376646154,1.0,0.4994120471824073,0.0,0.58,1.3886196994443265,692,nested_validation
2025-12-08,0.017214022376646154,0.031349113951524954,0.025211842490168834,-0.018019262193808117,0.02419322222006645,51.03864770778584,0.030180576725474594,-0.0773552743928238,-0.003125876875773148,0.0,0.5194247346173247,0.0,0.58,1.3886196994443265,692,nested_validation
2025-12-09,-0.003125876875773148,0.01939990977530237,0.02063672031208874,-0.01996343219965513,0.020154874187689156,50.38621797145313,0.012975043956564462,-0.9735759201408466,-0.006433489130266867,0.0,0.5064306305604162,0.0,0.58,1.3886196994443265,692,nested_validation
2025-12-10,-0.006433489130266867,0.023387914434990664,0.010740979894289238,-0.023294830804295175,0.019265704526170428,49.00217475008795,0.018718045838804064,-0.6736974097474677,-0.015507749510496383,0.0,0.5301051879077006,0.0,0.58,1.3886196994443265,692,nested_validation
2025-12-11,-0.015507749510496383,-0.013360351341858534,-0.005305350908038853,-0.033975031885272955,0.019427680038639455,45.76019992031594,0.025976965662367867,-0.3967738252454629,-0.03266449001911087,0.0,0.5239235594741225,0.0,0.58,1.3886196994443265,692,nested_validation
2025-12-12,-0.03266449001911087,-0.04051312498748938,-0.03675323156947763,-0.06087343789874855,0.019174418872552404,39.86959142935072,0.04685185696982342,-0.04281043968574449,0.0072562847968487,1.0,0.5160981814328071,0.0,0.58,1.3886196994443265,692,nested_validation
2025-12-15,0.0072562847968487,-0.04990575849672041,-0.027826763967899626,-0.04960709670021157,0.01873785178187987,41.609065360032076,0.019229675641011527,-0.6470994378149703,0.008111693749698334,1.0,0.4980874648924356,0.0,0.58,1.3886196994443265,692,nested_validation
2025-12-16,0.008111693749698334,-0.039195528496682286,-0.017920761452963396,-0.03685278289649119,0.018564934069505448,43.587937100268206,0.02020038021618851,-0.870379193785047,-0.03814991485334229,0.0,0.4758548788039414,0.0,0.58,1.3886196994443265,692,nested_validation
2025-12-17,-0.03814991485334229,-0.06986613114024198,-0.05085535293750443,-0.06893117696019646,0.01937707872206653,37.15808597153833,0.03404707640748803,0.2743101487321078,0.018719953397407174,1.0,0.5347562019872962,0.0,0.58,1.3886196994443265,692,nested_validation
2025-12-18,0.018719953397407174,-0.037528298402522364,-0.028101062129516685,-0.04786113833849426,0.01869740928983629,41.54124685589627,0.024864974086608437,-0.39729329426733545,0.03933619194605331,1.0,0.5070100738563987,0.0,0.58,1.3886196994443265,692,nested_validation
2025-12-19,0.03933619194605331,0.03411036075159002,0.010930927435614413,-0.009129117231040595,0.01969111567305937,49.638917542143936,0.02823360658190913,2.0034211663661314,0.01491798157342461,1.0,0.5239223812382674,0.0,0.58,1.3886196994443265,692,nested_validation
2025-12-22,0.01491798157342461,0.0419763231061383,0.027079028475347267,0.006469928227372357,0.019795850660217017,52.43564812835687,0.00985354420239118,-1.1227146065056706,0.030050626087284815,1.0,0.49911190043444925,0.0,0.58,1.3886196994443265,692,nested_validation
2025-12-23,0.030050626087284815,0.06465223113470686,0.055441219280896625,0.03857938329154886,0.020354315660102523,57.617672675430235,0.033983445412028974,-0.2072877898285457,-0.0031711040511147592,0.0,0.5122038225126375,0.0,0.58,1.3886196994443265,692,nested_validation
2025-12-24,-0.0031711040511147592,0.10336956301221267,0.04926732452392746,0.03614649726031782,0.019374818446272025,56.89211789892501,0.012300553081549802,-2.221058386814573,0.010179749413702144,1.0,0.47149505169673794,0.0,0.58,1.3886196994443265,692,nested_validation
2025-12-26,0.010179749413702144,0.09411971853227463,0.054317871584642186,0.04731927785909207,0.019293307430852634,58.685009559889764,0.024615559079696064,-0.6338865381181872,-0.012124095818556668,0.0,0.5056146960818688,0.0,0.58,1.3886196994443265,692,nested_validation
2025-12-29,-0.012124095818556668,0.039946953260643125,0.03398264311322641,0.03436175074314174,0.019009805931853543,55.684288345828314,0.015141806536196735,-1.0356359620411075,-0.00361277804937421,0.0,0.4845889541822941,0.0,0.58,1.3886196994443265,692,nested_validation
2025-12-30,-0.00361277804937421,0.020959205126100056,0.023919103874008085,0.031119596516192116,0.018813969346301,54.79605563216202,0.010984392082385558,-1.3370169350181043,-0.00554545018352981,0.0,0.505493650446058,0.0,0.58,1.3886196994443265,692,nested_validation
2025-12-31,-0.00554545018352981,-0.014322693466697123,0.013383208885880515,0.025418413011370822,0.018828828471883576,53.39327736355803,0.021823013755654822,-0.8248300989668576,0.012600536961681508,1.0,0.49842948456016445,0.0,0.58,1.3886196994443265,692,nested_validation
2026-01-02,0.012600536961681508,0.0012725091766865315,0.016262380670387877,0.03691392027259588,0.01876937534492011,56.12643406739094,0.02472861010332951,-0.2663552332800789,-0.0038655016095672234,0.0,0.5146682146387133,0.0,0.58,1.3886196994443265,692,nested_validation
2026-01-05,-0.0038655016095672234,-0.01264889811963621,0.004775001393501954,0.032601378389111924,0.018325659224186767,55.04652907153585,0.03976191356835049,0.3947077782241585,-0.004677830570294028,0.0,0.5259087782213181,0.0,0.58,1.3886196994443265,692,nested_validation
2026-01-06,-0.004677830570294028,-0.005206588648734023,-0.003252527664246996,0.026529522899691793,0.018314900123088645,53.70507827655348,0.028572904762715803,0.23607645150889053,0.009987097761727348,1.0,0.5187939385740069,0.0,0.58,1.3886196994443265,692,nested_validation
2026-01-07,0.009987097761727348,0.00837153294298365,0.003805843859838065,0.03484504112160325,0.018070480378032182,56.1504939264982,0.025434919058058978,-0.16488491469145683,-0.02152181842344114,0.0,0.5121689996180889,0.0,0.58,1.3886196994443265,692,nested_validation
2026-01-08,-0.02152181842344114,-0.007828418010947913,-0.015618998867548028,0.012111725564393883,0.01871941743758121,49.96435347178522,0.03156072497722182,0.17671297337724834,-0.0009728361331308166,0.0,0.5302861967588074,0.0,0.58,1.3886196994443265,692,nested_validation
2026-01-09,-0.0009728361331308166,-0.02112795180027016,-0.014610849404241844,0.009829114678987061,0.018660487029632473,49.70352801820889,0.014443352591852192,-0.5895825022169503,0.00043280183361904534,1.0,0.5273443231044891,0.0,0.58,1.3886196994443265,692,nested_validation
2026-01-12,0.00043280183361904534,-0.016904135536488285,-0.011238129185435097,0.00940413479813551,0.018298044399563392,49.828886815251096,0.02216930242566368,-0.4182826888490854,0.004704239730442428,1.0,0.5237503511538057,0.0,0.58,1.3886196994443265,692,nested_validation
2026-01-13,0.004704239730442428,-0.007637312395148199,-0.005305114087910678,0.012527882705904325,0.016563836768129538,51.25170587918393,0.025348510713918606,0.05356709293033071,-0.014369602734984444,0.0,0.506218033255458,0.0,0.58,1.3886196994443265,692,nested_validation
2026-01-14,-0.014369602734984444,-0.03156898520529505,-0.017283740593077246,-0.002606914268271532,0.01696048410387771,46.859600471633854,0.019984731212772035,0.04800678436040354,0.021349905289956617,1.0,0.5325221840710853,0.0,0.58,1.3886196994443265,692,nested_validation
2026-01-15,0.021349905289956617,0.010862524953539676,0.003401027713611171,0.01765276710663466,0.017435739855771352,53.186430272919964,0.01801654671053385,0.8915806372561116,-0.004383931622591319,0.0,0.5098327787418026,0.0,0.58,1.3886196994443265,692,nested_validation
2026-01-16,-0.004383931622591319,0.007411018604115638,0.0004082256776460902,0.0119710254154064,0.01483855536896908,51.79370526881037,0.023411913818278618,0.5912465834327042,-0.043816762744832816,0.0,0.49092795274334217,0.0,0.58,1.3886196994443265,692,nested_validation
2026-01-20,-0.043816762744832816,-0.03714719544390821,-0.03823408045682575,-0.0314386896863148,0.017787806325648806,40.44426233399493,0.026787241400939615,1.2043975301260046,0.02948288569987456,1.0,0.5259050282364252,0.0,0.58,1.3886196994443265,692,nested_validation
2026-01-21,0.02948288569987456,-0.013400715812080355,-0.007777700463419079,-0.0030471965588659833,0.01683789570463428,48.29461003173734,0.03807555480828308,1.2280532599120992,0.008291397296120495,1.0,0.509750521700996,0.0,0.58,1.3886196994443265,692,nested_validation
2026-01-22,0.008291397296120495,0.009282560263524697,0.0027667484972713208,0.005348333608956368,0.016620269029221132,50.33574065580559,0.01211861900856835,-0.41253437567245543,0.015310543910665775,1.0,0.49672837212190624,0.0,0.58,1.3886196994443265,692,nested_validation
2026-01-23,0.015310543910665775,0.003314554505971179,0.01666908664564226,0.020241345101977393,0.01558599994886231,53.97849151653199,0.014813229639370524,-0.2870434671315353,-0.006394170442939551,0.0,0.4964169609603483,0.0,0.58,1.3886196994443265,692,nested_validation
2026-01-26,-0.006394170442939551,0.0012887717463825332,0.00928803639433684,0.01322384204910243,0.015631592333891383,52.22914598528492,0.01678548615612861,-0.9914776173847162,0.010993714284356582,1.0,0.47984810106383047,0.0,0.58,1.3886196994443265,692,nested_validation
2026-01-27,0.010993714284356582,0.05868479489873657,0.018410475295734585,0.022956645758905436,0.015660241135814715,54.917122884744835,0.022809266678899275,-0.4038668400470399,0.015913472151403374,1.0,0.496538991856315,0.0,0.58,1.3886196994443265,692,nested_validation
2026-01-28,0.015913472151403374,0.0447304766686738,0.03143533436861112,0.03614313259470481,0.015802850801058553,58.58933976659041,0.013105731566579576,-0.3063048453660483,0.005169124688451543,1.0,0.49332418863154215,0.0,0.58,1.3886196994443265,692,nested_validation
2026-01-29,0.005169124688451543,0.04149536689936806,0.03156144474135325,0.03846152039445405,0.015790712910079843,59.75434835007265,0.038543443876529845,0.3688349172615971,-0.007168418675203347,0.0,0.494888413987296,0.0,0.58,1.3886196994443265,692,nested_validation
2026-01-30,-0.007168418675203347,0.01843667266409299,0.021932570506183247,0.02853731956159189,0.015830493885863436,57.333029201329,0.02626486759909208,0.5730756720846698,-0.02888086354036168,0.0,0.5004533882765714,0.0,0.58,1.3886196994443265,692,nested_validation
2026-02-02,-0.02888086354036168,-0.00461197722916129,-0.007252634366020971,-0.0037892351176669337,0.016902152119608757,48.81259883888865,0.029201002915373322,0.011872495318097179,-0.028392949431980563,0.0,0.5241168540688957,0.0,0.58,1.3886196994443265,692,nested_validation
2026-02-03,-0.028392949431980563,-0.04339066869500918,-0.03660933243443587,-0.03314705543083796,0.01794356777256407,42.3427616392386,0.05567266690030653,1.4008619625226302,-0.03410221846767858,0.0,0.5329618099847828,0.0,0.58,1.3886196994443265,692,nested_validation
2026-02-04,-0.03410221846767858,-0.09048668392606507,-0.06490231231175225,-0.06498263078965205,0.019264775657190276,36.296658734881234,0.044032367308366814,1.386246727320755,-0.013261404396442744,0.0,0.5354289695377192,0.0,0.58,1.3886196994443265,692,nested_validation
2026-02-05,-0.013261404396442744,-0.1071632920841149,-0.07083859451289087,-0.07542853774271674,0.019121693752676684,34.31467975851142,0.03368634151988465,1.225003110125068,0.07871772229137908,1.0,0.59101108106888,1.0,0.58,1.3886196994443265,692,nested_validation
2026-02-06,0.07871772229137908,-0.02992733303667916,0.0035289142024377274,-0.001968356365938506,0.025944209192649028,51.142660571324676,0.06687877488575053,1.8058603987922612,0.024971681890920472,1.0,0.49916319963409034,0.0,0.58,1.3886196994443265,692,nested_validation
2026-02-09,0.024971681890920472,0.0238671813621818,0.026605058149400618,0.0226917690788504,0.026484572255352282,55.35749052589246,0.05109454355351061,0.6341816123152206,-0.00789305562399889,0.0,0.5211353177278717,0.0,0.58,1.3886196994443265,692,nested_validation
2026-02-10,-0.00789305562399889,0.045469709338004316,0.018491004484376017,0.014981924686311876,0.0265669705612436,53.73999970825835,0.02312507035965937,-1.296668932994204,0.008008926267137229,1.0,0.4952966805275174,0.0,0.58,1.3886196994443265,692,nested_validation
2026-02-11,0.008008926267137229,0.09105002548279839,0.027463928853914688,0.022774974474702114,0.026597813393827132,55.16036421353005,0.023625309983037517,-1.0100031177830255,-0.016364060802846025,0.0,0.4823327857405348,0.0,0.58,1.3886196994443265,692,nested_validation
2026-02-12,-0.016364060802846025,0.0876193769135083,0.013703002679776866,0.006146514440949158,0.026660705618693843,51.643347627669186,0.037980132720609176,0.3954353139625895,-0.02209265226893986,0.0,0.5171081844783519,0.0,0.58,1.3886196994443265,692,nested_validation
2026-02-13,-0.02209265226893986,-0.014022891958102135,-0.004199722581635368,-0.01543013691290307,0.026714658380175272,47.3277677768657,0.032328667693434586,-0.43478433596372595,0.011815519283653098,1.0,0.5287809700276517,0.0,0.58,1.3886196994443265,692,nested_validation
2026-02-17,0.011815519283653098,-0.02667853444035262,0.007917555434842294,-0.0031025359734083713,0.02683884177406116,49.69542903967594,0.04308807465051287,-0.380783477823335,0.016272821632539847,1.0,0.5220776933566643,0.0,0.58,1.3886196994443265,692,nested_validation
2026-02-18,0.016272821632539847,-0.0029702364577567364,0.020072552665686416,0.013145283464807589,0.02506887843831609,52.874429125180626,0.01920417433982686,-0.22072539298571567,-0.00042553713701432017,0.0,0.5128451379583264,0.0,0.58,1.3886196994443265,692,nested_validation
2026-02-19,-0.00042553713701432017,-0.011312832276415441,0.012108663614505799,0.012594090006394998,0.02432676417783443,52.778970844992685,0.014741825990680362,-1.3867501743868145,0.010218296081220712,1.0,0.5195048303165188,0.0,0.58,1.3886196994443265,692,nested_validation
2026-02-20,0.010218296081220712,0.015406031982017954,0.01266505139795382,0.022810624018540615,0.024357170125099553,54.884376238879,0.023127169003582526,0.31516183512136775,0.009113883503194309,1.0,0.5145205974554229,0.0,0.58,1.3886196994443265,692,nested_validation
2026-02-23,0.009113883503194309,0.04780920875925432,0.01855795449021369,0.0309269729778634,0.02422008703203095,56.75530819593491,0.022813860859123666,0.028635954627870313,0.006786738276500115,1.0,0.5161274198641863,0.0,0.58,1.3886196994443265,692,nested_validation
2026-02-24,0.006786738276500115,0.04260153705655201,0.02394065476393692,0.036437957659507525,0.024180756584055434,58.159449798003855,0.03303090575251206,0.0700078113266293,0.014052276035389388,1.0,0.5168083084997932,0.0,0.58,1.3886196994443265,692,nested_validation
2026-02-25,0.014052276035389388,0.0403234634886942,0.03447357921771288,0.049006526065501044,0.024246923297525515,61.002122211586176,0.019635976910508765,2.387071894691559,-0.0545612407286622,0.0,0.4857740367841693,0.0,0.55,1.3387610755877097,755,nested_validation
2026-02-26,-0.0545612407286622,-0.016019155046749778,-0.019291700993686933,-0.008065397828666665,0.026956309682638686,47.3589810952546,0.053923879035245544,3.493814049606615,-0.041646346652961186,0.0,0.5290600590169855,0.0,0.55,1.3387610755877097,755,nested_validation
2026-02-27,-0.041646346652961186,-0.06653676612026327,-0.05524867085392471,-0.04836325641693462,0.028284104270880548,40.346302624486334,0.035047075848038574,2.073890169560965,0.029854947906472917,1.0,0.5092496111041129,0.0,0.55,1.3387610755877097,755,nested_validation
2026-03-02,0.029854947906472917,-0.04735060550102821,-0.026871942395683357,-0.019149718565733775,0.02919610882632657,46.236367457500286,0.048334105275779936,0.2045849369058856,-0.013316571281988043,0.0,0.4893253021298534,0.0,0.55,1.3387610755877097,755,nested_validation
2026-03-03,-0.013316571281988043,-0.06637291176531623,-0.0373048100745641,-0.031138487428399753,0.028668985478078883,44.08312976921796,0.022104946737462182,-0.3662017363136609,0.016606504566419655,1.0,0.5288146965767719,0.0,0.55,1.3387610755877097,755,nested_validation
2026-03-04,0.016606504566419655,-0.06402126086676974,-0.018725943171181814,-0.01592634999165876,0.028201663720541975,47.33320550402318,0.025349647944944428,-0.34806615701404164,0.00163899863585093,1.0,0.515906931775477,0.0,0.55,1.3387610755877097,755,nested_validation
2026-03-05,0.00163899863585093,-0.008383358714414535,-0.014708987278929442,-0.014316984460071236,0.02701961923974232,47.66191058799184,0.03370782589300215,0.03905730738915365,-0.03010799423668542,0.0,0.5172306784058245,0.0,0.55,1.3387610755877097,755,nested_validation
2026-03-06,-0.03010799423668542,0.003555472247451341,-0.03817133695276198,-0.04278971084834049,0.0277634479294063,42.41624184096433,0.033404492958921346,-0.12153742120685518,0.027162275767295796,1.0,0.5165460810819713,0.0,0.55,1.3387610755877097,755,nested_validation
2026-03-09,0.027162275767295796,0.0009315630593345059,-0.007266843427603309,-0.01590326562329558,0.022404603203069477,47.827107175652614,0.040240932653308206,-0.28843978153022887,0.01160697676597211,1.0,0.5193780481508938,0.0,0.55,1.3387610755877097,755,nested_validation
2026-03-10,0.01160697676597211,0.026215017892504466,0.008685547105298896,-0.004176840896021661,0.02182692597319338,50.04588929416152,0.02397579602822268,-0.23767100399856933,0.006873713447352436,1.0,0.523702323936758,0.0,0.55,1.3387610755877097,755,nested_validation
2026-03-11,0.006873713447352436,0.016390236752964915,0.020924773158363497,0.0031150725386048794,0.02183655182707399,51.379885290156864,0.017040252592304555,-0.8673778727346695,-0.015535083686109119,0.0,0.4888084020048632,0.0,0.55,1.3387610755877097,755,nested_validation
2026-03-12,-0.015535083686109119,-0.0010367700039656258,0.006025272087439637,-0.010980558036576604,0.021984268768480874,48.22395105908418,0.017418381850156095,-0.6916597024149067,-0.015780314308353027,0.0,0.5133315143400509,0.0,0.55,1.3387610755877097,755,nested_validation
2026-03-13,-0.015780314308353027,0.013720363093849608,-0.011516887624209327,-0.02443641356773185,0.021965030123641094,45.23191535815961,0.0341192449180824,-0.5636126634061784,0.01647717218041489,1.0,0.5113285706121485,0.0,0.55,1.3387610755877097,755,nested_validation
2026-03-16,0.01647717218041489,0.0031750896318769595,0.004357495331613892,-0.0069466130910087465,0.021771119332795394,48.75102597463918,0.04077066461594912,0.4192344691153297,-0.007040797336697047,0.0,0.52635110085161,0.0,0.55,1.3387610755877097,755,nested_validation
2026-03-17,-0.007040797336697047,-0.015317252637929157,-0.0037460023802180498,-0.01328426731761534,0.02166243556208087,47.32853377824527,0.020447432366649906,-0.24135369550054422,-0.0084097987720968,0.0,0.5314580509177182,0.0,0.55,1.3387610755877097,755,nested_validation
2026-03-18,-0.0084097987720968,-0.030263924301511258,-0.010699462186478104,-0.021594688844579824,0.021367826738339046,45.628029626592486,0.01690689110282304,-0.7089171910192671,-0.010199568445272478,0.0,0.5140146218789932,0.0,0.55,1.3387610755877097,755,nested_validation
2026-03-19,-0.010199568445272478,-0.0250082351187505,-0.018221689396828555,-0.03234012824394206,0.021441951014930082,43.59919691627572,0.023465515785702804,-0.5048249552226762,-0.03281811115811839,0.0,0.5122490313574545,0.0,0.55,1.3387610755877097,755,nested_validation
2026-03-20,-0.03281811115811839,-0.04188628771385505,-0.04776616887366503,-0.0642370809875229,0.022221948342183565,37.830004504630416,0.03786909902547832,0.7721641480415053,0.0170237820072745,1.0,0.5242665474047702,0.0,0.55,1.3387610755877097,755,nested_validation
2026-03-23,0.0170237820072745,-0.0413710627931998,-0.027803138249507642,-0.0466262607764214,0.022528323843382457,41.97823407563493,0.02055340823785222,-0.34592378754940617,-0.00250518750288653,0.0,0.5036511249998522,0.0,0.55,1.3387610755877097,755,nested_validation
2026-03-24,-0.00250518750288653,-0.03699226573597081,-0.02507975599306722,-0.046456101491072155,0.02239512576104805,41.531591112701136,0.012785419704235664,-0.969406968822007,0.019863034004328428,1.0,0.49111397320158234,0.0,0.55,1.3387610755877097,755,nested_validation
2026-03-25,0.019863034004328428,-0.00953439392608868,-0.0016315628215703981,-0.02577493369781536,0.022670331047308954,46.389884650888916,0.024457103740299288,-0.6176741066046318,-0.04163858095780393,0.0,0.5127189335692639,0.0,0.55,1.3387610755877097,755,nested_validation
2026-03-26,-0.04163858095780393,-0.04099453436437661,-0.036797798850832786,-0.06313926492217792,0.021374017655234324,38.94020528915996,0.03135946592457849,-0.010488678782405177,-0.021723974181843797,0.0,0.5308040384040512,0.0,0.55,1.3387610755877097,755,nested_validation
2026-03-27,-0.021723974181843797,-0.029994185702453935,-0.05092658165033681,-0.08023587490994522,0.019997330146095782,35.84099064013549,0.023639007956485377,0.6621876504878446,-0.014028147487508913,0.0,0.5214940854325004,0.0,0.55,1.3387610755877097,755,nested_validation
2026-03-30,-0.014028147487508913,-0.059610555238719054,-0.05457227557800115,-0.09020292054995493,0.018680196416821858,34.000048676361786,0.03136158341833288,0.26881377516766297,0.05588180888236938,1.0,0.525718591622963,0.0,0.55,1.3387610755877097,755,nested_validation
2026-03-31,0.05588180888236938,-0.004566143554454172,0.0025812034997001465,-0.037495613003355244,0.02274675527357584,45.779898445391986,0.04392195339104732,1.794287657653954,0.007740860269023653,1.0,0.5114053098321171,0.0,0.55,1.3387610755877097,755,nested_validation
2026-04-01,0.007740860269023653,-0.016397950127988725,0.013050090501407707,-0.027859614220815287,0.022477636208472877,47.262533162840114,0.014907511335348591,-0.5398395605521048,0.009331356375359201,1.0,0.5152781324473958,0.0,0.55,1.3387610755877097,755,nested_validation
2026-04-02,0.009331356375359201,0.03591439659904472,0.02319327089549117,-0.016884961476229532,0.022598267968603477,49.083983589336505,0.034500312289497,-1.3793660732722781,0.0014093304479019242,1.0,0.5169222585964275,0.0,0.55,1.3387610755877097,755,nested_validation
2026-04-06,0.0014093304479019242,0.06041067645709708,0.02172397362240175,-0.013281083325754284,0.021618469004250757,49.37105074899982,0.011427599562439302,-2.2400829019327566,0.00258955293576979,1.0,0.5288846024986421,0.0,0.55,1.3387610755877097,755,nested_validation
2026-04-07,0.00258955293576979,0.0782829786958541,0.022922440583059034,-0.008258077869988445,0.020730362797776822,49.930436214250804,0.025659696287565033,-1.273954603520138,0.0223470271240227,1.0,0.5011026294871336,0.0,0.55,1.3387610755877097,755,nested_validation
2026-04-08,0.0223470271240227,0.04403673630383853,0.04166551413083219,0.015933365576651815,0.02118523832771458,54.603848748203944,0.0272407260830343,-0.7290011135612103,0.010050504643715596,1.0,0.5038578538831063,0.0,0.55,1.3387610755877097,755,nested_validation
2026-04-09,0.010050504643715596,0.04642956730836101,0.04899613084107579,0.02837019712619493,0.0212517863309628,56.609282310891395,0.018813586237669225,-1.583493816109564,0.025664741901011867,1.0,0.48929597130642843,0.0,0.55,1.3387610755877097,755,nested_validation
2026-04-10,0.025664741901011867,0.0633632902530914,0.06535112537538534,0.05402632419362674,0.021672486647832688,61.351667360941086,0.030217869907724057,-0.2753697821283794,0.003604892099032586,1.0,0.5208894116932841,0.0,0.55,1.3387610755877097,755,nested_validation
2026-04-13,0.003604892099032586,0.06569468420990177,0.05619341754923668,0.05544146358568747,0.02129877521316047,61.99609430441513,0.02070676783846059,-1.0110597801586825,0.03803286541178319,1.0,0.4813789205832857,0.0,0.55,1.3387610755877097,755,nested_validation
2026-04-14,0.03803286541178319,0.10336887459606281,0.07752285308202489,0.09273180262040293,0.022482153321362486,68.06750968227362,0.02920966055075273,-0.12905975899892058,0.01200957407583192,1.0,0.5040148682369129,0.0,0.55,1.3387610755877097,755,nested_validation
2026-04-15,0.01200957407583192,0.09221216984380454,0.07602572902243132,0.10200879784382799,0.02240785942202422,69.77215209195533,0.02343233528302919,0.6073581132557825,-0.002614769796708716,0.0,0.5142151241755747,0.0,0.55,1.3387610755877097,755,nested_validation
2026-04-16,-0.002614769796708716,0.07851664985282869,0.06024727831306409,0.0960257998466254,0.022273383496219303,68.89939960240079,0.020368078752734876,-0.919884754092056,0.016788441530004805,1.0,0.47805137837386835,0.0,0.55,1.3387610755877097,755,nested_validation
2026-04-17,0.016788441530004805,0.06918295888331905,0.06422941745219735,0.11067242479958361,0.022128644825740913,71.3692269267884,0.012048754284157782,-0.10983869125472014,0.00188419663120043,1.0,0.5204816467286191,0.0,0.55,1.3387610755877097,755,nested_validation
2026-04-20,0.00188419663120043,0.06734982884766727,0.052669931123228375,0.10783362321985468,0.020272021559254023,71.64594916143105,0.02142928775300546,-1.3127196091435958,-0.010788787118989118,0.0,0.4727305854375022,0.0,0.55,1.3387610755877097,755,nested_validation
2026-04-21,-0.010788787118989118,0.017149315733751003,0.02962998701379549,0.09243948732032181,0.020563036837910262,67.60890505500058,0.018761256295739107,-1.5070173595246552,0.013107830909409257,1.0,0.48418890630825406,0.0,0.55,1.3387610755877097,755,nested_validation
2026-04-22,0.013107830909409257,0.018253150337087742,0.032267950514525356,0.10319356844936811,0.02049519978103172,69.81060524749353,0.017283950617284025,-1.3824216047518374,-0.014123474389033275,0.0,0.47696306783724474,0.0,0.55,1.3387610755877097,755,nested_validation
2026-04-23,-0.014123474389033275,0.0065036533999367485,0.009593262662241697,0.08493121553016247,0.020804303417082545,64.6450292034626,0.033109600433580445,-1.0863482545712961,0.043227788976992976,1.0,0.48167461266576983,0.0,0.55,1.3387610755877097,755,nested_validation
2026-04-24,0.043227788976992976,0.03267556754843026,0.042877802935855636,0.12670137093461542,0.019301185504180897,71.49828617375076,0.053488256403332,1.7887578514178295,0.04004417714781017,1.0,0.5156955971617726,0.0,0.55,1.3387610755877097,755,nested_validation
2026-04-27,0.04004417714781017,0.07200833641546223,0.07001189536249597,0.16418599198751704,0.018912658584076248,76.28291291767462,0.04362678048850233,1.0527199633732707,-0.01588104908680843,0.0,0.5131548577935141,0.0,0.55,1.3387610755877097,755,nested_validation
2026-04-28,-0.01588104908680843,0.06648985137442143,0.04442366648142948,0.13958293541729416,0.019049404001335674,70.9893670939265,0.030632822795830794,0.8681370489157001,-0.018389075111261644,0.0,0.5093589760670514,0.0,0.55,1.3387610755877097,755,nested_validation
2026-04-29,-0.018389075111261644,0.03333333081867118,0.020030145206864747,0.11320760385518991,0.017507842945296913,65.41837978528181,0.024563915840613782,-0.7125609486671971,-0.04626045560032954,0.0,0.487229716218029,0.0,0.55,1.3387610755877097,755,nested_validation
2026-04-30,-0.04626045560032954,-0.00035061739882602527,-0.02773513363743485,0.058113085281134236,0.02129484893064985,54.1231296695876,0.05812499713281231,2.230923016257686,-0.005612075634382929,0.0,0.513520969114624,0.0,0.55,1.3387610755877097,755,nested_validation
2026-05-01,-0.005612075634382929,-0.04715031064028319,-0.03166780498031618,0.048489221484322886,0.021447578887565693,52.98324039538441,0.029629654690022846,-0.5367577795509909,0.00015111067113049437,1.0,0.515669190116136,0.0,0.55,1.3387610755877097,755,nested_validation
2026-05-04,0.00015111067113049437,-0.08369885043803882,-0.0298267280349086,0.04390811353219015,0.021462365806290424,53.01177559688628,0.03521760572773482,-0.6720553618201277,-0.009975799776516081,0.0,0.5148820135033144,0.0,0.55,1.3387610755877097,755,nested_validation
2026-05-05,-0.009975799776516081,-0.0782005448455595,-0.0379154665571817,0.029728461362460656,0.021729159652677472,50.818694711101955,0.021424970554031184,-0.975699243506062,0.057659075388685865,1.0,0.4888613792296715,0.0,0.55,1.3387610755877097,755,nested_validation
2026-05-06,0.057659075388685865,-0.0067861565997277,0.014908909468558385,0.08292922164310212,0.0243323864677446,60.80973926575912,0.04648031360728166,1.089179531265767,0.01765865404299216,1.0,0.502852872340047,0.0,0.55,1.3387610755877097,755,nested_validation
2026-05-07,0.01765865404299216,0.05977849926292467,0.026883469600121668,0.09580570707404812,0.024437459289523036,63.403169822719406,0.03640660495622794,0.4652850351454146,0.017494095947569566,1.0,0.509624681762757,0.0,0.55,1.3387610755877097,755,nested_validation
2026-05-08,0.017494095947569566,0.08440412397418129,0.04134407408735852,0.10657465845165781,0.024194275873112733,65.85633782247498,0.022816002470902805,-0.4040120252755873,0.01970259096216065,1.0,0.49382025419329306,0.0,0.55,1.3387610755877097,755,nested_validation
2026-05-11,0.01970259096216065,0.105602626511629,0.060409098919743665,0.11842394695520708,0.02433857410573362,68.46504012366677,0.03832484309397968,0.2452634112799005,0.006106452319394773,1.0,0.4990621892763382,0.0,0.55,1.3387610755877097,755,nested_validation
2026-05-12,0.006106452319394773,0.12356236946886945,0.06297544058810112,0.11472208238890369,0.02332293136639894,69.26428807703942,0.03999457323976886,0.20554772764520632,0.022873482047085947,1.0,0.5061692058217867,0.0,0.55,1.3387610755877097,755,nested_validation
2026-05-13,0.022873482047085947,0.08660926748380371,0.07867865690640752,0.13043495239378555,0.02357912548516801,72.13099109864687,0.027764198568986192,0.00592432848951036,0.04388258597883499,1.0,0.5090568611122835,0.0,0.55,1.3387610755877097,755,nested_validation
2026-05-14,0.04388258597883499,0.11460998005883538,0.10689052815956779,0.16834654954077988,0.024810873397124646,76.71973552353123,0.030711758995801322,0.8132500798841054,-0.044201227206322136,0.0,0.48504641246236113,0.0,0.55,1.3387610755877097,755,nested_validation
2026-05-15,-0.044201227206322136,0.047026076442920894,0.04478309302102845,0.10793141086885116,0.02728787879395823,64.66354022628869,0.03222081604315438,0.7774945523766825,-0.013314388358780183,0.0,0.5155111153865032,0.0,0.55,1.3387610755877097,755,nested_validation
2026-05-18,-0.013314388358780183,0.013124389205093179,0.019601418109534086,0.08523252797988579,0.027599759096623027,61.65926599290874,0.05231200296720024,-0.25093764393645074,-0.0076916771060926425,0.0,0.5209523387749254,0.0,0.55,1.3387610755877097,755,nested_validation
2026-05-19,-0.0076916771060926425,-0.0007699868961068557,0.0006939965820507155,0.06948768661003557,0.027518363151817504,59.949529518504114,0.029781025553024774,-0.47498536858628504,0.012964070657941695,1.0,0.5142463308052572,0.0,0.55,1.3387610755877097,755,nested_validation
2026-05-20,0.012964070657941695,-0.01045034467839101,0.006526408470171274,0.07615480559794063,0.027516347437894818,61.854656879746145,0.02519355999489254,0.7584464699321197,-0.017720537361840427,0.0,0.5064248965757563,0.0,0.55,1.3387610755877097,755,nested_validation
2026-05-21,-0.017720537361840427,-0.06884709378340581,-0.0148639198457855,0.051078295469883406,0.027654228993267516,57.757883988702204,0.04314154916717553,1.2506506510671895,-0.0190423729875161,0.0,0.5087795111904324,0.0,0.55,1.3387610755877097,755,nested_validation
2026-05-22,-0.0190423729875161,-0.04433697628822686,-0.033679627682563384,0.026687956819119174,0.026678497518832257,53.71380757217837,0.028839415790979546,0.23108452327170684,-0.0021826918622402935,0.0,0.5112963291418546,0.0,0.55,1.3387610755877097,755,nested_validation
2026-05-26,-0.0021826918622402935,-0.03355527378095102,-0.03380295425616642,0.020303838966306165,0.02521677507226514,53.26222860402871,0.028762881216726315,0.8563670193013406,-0.010518481304186644,0.0,0.5215692754797981,0.0,0.55,1.3387610755877097,755,nested_validation
2026-05-27,-0.010518481304186644,-0.03630839994776025,-0.040436186593904355,0.007007063750134712,0.02507554774910511,51.04016657869484,0.025258678095111946,0.19648124830417896,0.007761016341909066,1.0,0.5218669845619702,0.0,0.55,1.3387610755877097,755,nested_validation
2026-05-28,0.007761016341909066,-0.04125836795177762,-0.027908258802156194,0.012364127677858106,0.02475295474258732,52.5951215229847,0.020070025912521647,-0.6956402679663555,-0.014515703746992403,0.0,0.4765644913998571,0.0,0.55,1.3387610755877097,755,nested_validation
2026-05-29,-0.014515703746992403,-0.03813033002854749,-0.031205680907560263,-0.0043368049190690705,0.022561113428294772,49.40980390124721,0.03187456543996278,3.3600362068105967,0.0626124588791841,1.0,0.5122850184221391,0.0,0.55,1.3387610755877097,755,nested_validation
2026-06-01,0.0626124588791841,0.041935621870308415,0.02990657808898156,0.05424569170862337,0.02590052125574913,60.39116960253273,0.040871804885002416,1.1480230375935934,-0.006863972045151545,0.0,0.511699465367665,0.0,0.55,1.3387610755877097,755,nested_validation
2026-06-02,-0.006863972045151545,0.03704735972176554,0.022602625485484085,0.04361591401030718,0.02603109511844202,58.79024960520609,0.04905301281979321,0.5459852646472175,-0.03621758578863232,0.0,0.5153324411613691,0.0,0.55,1.3387610755877097,755,nested_validation
2026-06-03,-0.03621758578863232,0.010112861250348049,-0.01177587297886229,0.003489026876496215,0.027433627074480427,51.13971315976123,0.03869621800876769,-0.462531928219382,0.01939395646671027,1.0,0.5166749791426918,0.0,0.55,1.3387610755877097,755,nested_validation
2026-06-04,0.01939395646671027,0.02177294954873288,0.00950579252484518,0.020341849824122127,0.024899271744124124,54.43525003592358,0.048614308537371066,-0.18881798969398805,-0.062014073591381336,0.0,0.5151488256909258,0.0,0.55,1.3387610755877097,755,nested_validation
2026-06-05,-0.062014073591381336,-0.027474460723746708,-0.04686925308495837,-0.04378036500444671,0.028354493880808365,44.014159710417125,0.05138953180144322,1.217199376532298,0.017259839984335112,1.0,0.5267225472380774,0.0,0.55,1.3387610755877097,755,nested_validation
2026-06-08,0.017259839984335112,-0.06898214283282511,-0.0275082315138524,-0.0273687423338852,0.028346868381928784,46.87353629924255,0.021424469103621467,-1.1548345912099889,-0.0021568105327770537,0.0,0.4893618722750579,0.0,0.55,1.3387610755877097,755,nested_validation
2026-06-09,-0.0021568105327770537,-0.06456940248182264,-0.026693219901172238,-0.028233139860455836,0.02794277608932429,46.548084420468676,0.05792784195767498,0.05948190946197378,-0.03732169739825886,0.0,0.5244914284242166,0.0,0.55,1.3387610755877097,755,nested_validation
2026-06-10,-0.03732169739825886,-0.06564103417741118,-0.057762356751323574,-0.06267788797974372,0.028885991748186287,41.225512924622876,0.036423526187263154,-0.5101341007941737,0.022203357892913722,1.0,0.5395627887008024,0.0,0.55,1.3387610755877097,755,nested_validation
2026-06-11,0.022203357892913722,-0.0630659851548857,-0.03268926233683833,-0.04124795007322235,0.02885476550542193,45.09750875387797,0.0298726534965544,-0.6191672385074171,0.0015620019126554308,1.0,0.4956656229766934,0.0,0.55,1.3387610755877097,755,nested_validation
2026-06-12,0.0015620019126554308,0.00043879246812528194,-0.02856195726113342,-0.0406262139764465,0.02670961739458847,45.37619329862839,0.017690944196216765,-1.7440816015806295,0.03538181402824003,1.0,0.49563370052882305,0.0,0.55,1.3387610755877097,755,nested_validation
2026-06-15,0.03538181402824003,0.018261107983797098,0.011387021836287037,-0.008880056316774798,0.026724651510376878,51.40305046678694,0.020569594910566986,-0.6612315045459246,-0.023723197733726997,0.0,0.5057967777140658,0.0,0.55,1.3387610755877097,755,nested_validation
2026-06-16,-0.023723197733726997,-0.003746571738075799,-0.005432918520577923,-0.03376908827442848,0.02702938884030791,47.48605243372635,0.0202498053752195,-1.2514220288007933,-0.013307023368657078,0.0,0.5109909277544776,0.0,0.55,1.3387610755877097,755,nested_validation
2026-06-17,-0.013307023368657078,0.021105656951325713,-0.014010571907879465,-0.04786556405633491,0.027105292175735957,45.443822399191106,0.029953604034374734,-1.1461014553873017,0.029513846689763312,1.0,0.4959811015886862,0.0,0.55,1.3387610755877097,755,nested_validation
2026-06-18,0.029513846689763312,0.028408295323527843,0.019002628054668236,-0.020235739663377328,0.02783272226603494,50.464546453950554,0.023209451483149356,1.5792616177420902,-0.009682512322762848,0.0,0.5210669176358897,0.0,0.55,1.3387610755877097,755,nested_validation
2026-06-22,-0.009682512322762848,0.016862378351333973,0.007406453701024551,-0.029330546843482685,0.02766750629938711,48.83003280641497,0.030050344864000548,-1.1640199370056548,-0.04126528091164572,0.0,0.5098036095669083,0.0,0.55,1.3387610755877097,755,nested_validation
2026-06-23,-0.04126528091164572,-0.05841376248705121,-0.030137329324680606,-0.06722889522900988,0.02875092727473581,42.563901575503756,0.018846252744411852,-0.4052000749471137,-0.00519892681982459,0.0,0.5247906006304277,0.0,0.55,1.3387610755877097,755,nested_validation
2026-06-24,-0.00519892681982459,-0.040547724379823236,-0.030861452383154298,-0.06915797459687467,0.028753084999230228,41.86506397174208,0.025577871044676508,-0.4030641264580098,-0.016381881943899,0.0,0.5199407461950905,0.0,0.55,1.3387610755877097,755,nested_validation
2026-06-25,-0.016381881943899,-0.04353769200612412,-0.044560149569783936,-0.08085519637506033,0.0288543453655826,39.66654495880146,0.044293439897998256,-0.432670441401443,-0.016399339040476968,0.0,0.5053223246371762,0.0,0.55,1.3387610755877097,755,nested_validation
2026-06-26,-0.016399339040476968,-0.08619300133692742,-0.05453384906869163,-0.09122919522930484,0.02885715585494768,37.57416039516266,0.022490011211282992,0.21978551656233616,0.012673362368860186,1.0,0.523603422085752,0.0,0.55,1.3387610755877097,755,nested_validation
2026-06-29,0.012673362368860186,-0.06556430901487686,-0.037722149027158314,-0.07381079100812515,0.029010099333375013,40.15815220025184,0.03272292959982795,-0.4273395793578794,0.026260425117358377,1.0,0.5119688706759162,0.0,0.55,1.3387610755877097,755,nested_validation
2026-06-30,0.026260425117358377,0.0002499652741254632,-0.006391010743520442,-0.045715839515555134,0.025768893894309752,45.27687486945138,0.027587607444098876,0.19131582819836884,-0.012544327816355949,0.0,0.5019933150221473,0.0,0.55,1.3387610755877097,755,nested_validation
2026-07-01,-0.012544327816355949,-0.007135669190679983,-0.014042321153355908,-0.05400495665265548,0.025815671263384337,43.32056078107862,0.03239198854115754,-0.4013934354998639,-0.013918412665829716,0.0,0.5169235415194675,0.0,0.55,1.3387610755877097,755,nested_validation
2026-07-02,-0.013918412665829716,-0.0046490427943775,-0.02297754243417438,-0.06335636152916468,0.024935711610030855,41.219173842217394,0.03957291681269799,-0.5024979798700543,0.0036955356666652506,1.0,0.5165481237899736,0.0,0.55,1.3387610755877097,755,nested_validation
2026-07-06,0.0036955356666652506,0.015685889428186606,-0.01186468042155675,-0.055709409012173916,0.024413361079944577,42.01228340919358,0.018205049874898075,-1.4204152052853376,0.007056965494693257,1.0,0.49709550473986125,0.0,0.55,1.3387610755877097,755,nested_validation
2026-07-07,0.007056965494693257,0.010052784750508525,0.001036940850051682,-0.04561608365198311,0.020752727851504196,43.58348190076518,0.0369166939666219,-0.8824534454085106,0.03651044893523969,1.0,0.4967601313161029,0.0,0.55,1.3387610755877097,755,nested_validation
2026-07-08,0.03651044893523969,0.0201409308463949,0.035437801172685246,-0.009016650147982697,0.02202267080386018,51.02865765847474,0.049480728714093404,-0.08833917357831413,-0.006564748040099211,0.0,0.5165584639306938,0.0,0.55,1.3387610755877097,755,nested_validation
2026-07-09,-0.006564748040099211,0.02631843759515995,0.02667179351432547,-0.013633875543664686,0.0220566558234754,49.71195186047378,0.027764028296257532,-0.5535395756166739,0.04033932332484791,1.0,0.5216660309227377,0.0,0.55,1.3387610755877097,755,nested_validation
2026-07-10,0.04033932332484791,0.08279014900795167,0.05991944643639435,0.026387205282637716,0.022169000011206627,57.00526236861652,0.04304134216003429,0.057212268151409396,-0.03521998340020871,0.0,0.5187422841831992,0.0,0.55,1.3387610755877097,755,nested_validation
2026-07-13,-0.03521998340020871,0.04080795501407852,0.016968626778667728,-0.008077762115657805,0.023167501127679648,49.92287397745355,0.0371935703317499,-0.8373998644652887,0.040632851776453593,1.0,0.533044720784981,0.0,0.55,1.3387610755877097,755,nested_validation
2026-07-14,0.040632851776453593,0.07550911963145213,0.04946562105234298,0.032074998618499384,0.024810944596585387,56.41390768730819,0.04131255842268214,-0.7703798596374468,0.0033049902651376417,1.0,0.5056131718798685,0.0,0.55,1.3387610755877097,755,nested_validation
2026-07-15,0.0033049902651376417,0.041054306698378396,0.04649902889017077,0.0374405199725627,0.023601592058149556,56.92288239338275,0.036564725988051335,-0.7007898752391107,-0.024000028722426348,0.0,0.5024677465031322,0.0,0.55,1.3387610755877097,755,nested_validation
2026-07-16,-0.024000028722426348,0.022783288021497095,0.016467332468568907,0.015046213486992643,0.023615747348599076,52.14515404272289,0.02521695217671722,-0.7582699606063411,-0.02213113053504523,0.0,0.5008537470294322,0.0,0.55,1.3387610755877097,755,nested_validation
2026-07-17,-0.02213113053504523,-0.03863295836128611,-0.009900513645326403,-0.0055213498170328945,0.02394550605357494,48.222244305432106,0.04279864296765522,-0.025689982307798186,0.002317446015290159,1.0,0.5077645444609198,0.0,0.55,1.3387610755877097,755,nested_validation
2026-07-20,0.002317446015290159,-0.0012283201567308,-0.011336940983051602,-0.0007046091604451243,0.022973942194904628,48.648255384583166,0.02685953732120591,-2.4145713037396432,0.019726458731385677,1.0,0.4912359741862182,0.0,0.55,1.3387610755877097,755,nested_validation
2026-07-21,0.019726458731385677,-0.02129371907762856,0.0031115607500202813,0.018642404743117957,0.023343007819808338,52.25746898991678,0.022384097351209872,-1.3428784697368055,0.02301126164771805,1.0,0.5069121122146872,0.0,0.55,1.3387610755877097,755,nested_validation
2026-07-22,0.02301126164771805,-0.002070599724264821,0.022266566127638665,0.04149919717312445,0.02182332690712713,56.200966607603675,0.04451571512820521,0.08485496840323174,-0.015561648070121947,0.0,0.5089828979760026,0.0,0.55,1.3387610755877097,755,nested_validation
2026-07-23,-0.015561648070121947,0.006557380185027162,0.0034656775856918287,0.025196087847361825,0.02213637313103845,52.942870540257886,0.023519776453910245,-1.1178080115522473,-0.009197155678610791,0.0,0.487129519577328,0.0,0.55,1.3387610755877097,755,nested_validation
2026-07-24,-0.009197155678610791,0.019870809268821343,-0.0037904561908891354,0.014700821462465541,0.021881590569506303,51.08718975745733,0.03432607923622839,-0.8246211397649788,-0.049941993879074276,0.0,0.495427837132124,0.0,0.55,1.3387610755877097,755,nested_validation
2026-07-27,-0.049941993879074276,-0.03330383861233277,-0.050332258523658746,-0.03465567419391091,0.02444004822997919,42.46345517081386,0.06773191150911531,1.2553895148915766,0.002544399847217882,1.0,0.5566041635549708,1.0,0.55,1.3387610755877097,755,nested_validation
2026-07-28,0.002544399847217882,-0.04959235424889441,-0.041061893379827574,-0.03090138243014795,0.024304155976093783,42.96530843686393,0.030252228928777995,0.2183070977939832,-0.03553119230079016,0.0,0.5112855881115624,0.0,0.55,1.3387610755877097,755,nested_validation
2026-07-29,-0.03553119230079016,-0.10398002124688877,-0.06489761820673179,-0.06188286897460482,0.02479579960719733,37.97178889835725,0.03715600769163112,1.100502548881616,0.02647228527295109,1.0,0.5900560565486805,1.0,0.55,1.3387610755877097,755,nested_validation
2026-07-30,0.02647228527295109,-0.06572141014428834,-0.03426900417429635,-0.035084415204207464,0.025437524143004753,43.09014850136642,0.029378568113119848,0.041938839405452684,0.029276081370092744,1.0,0.5024721868142141,0.0,0.55,1.3387610755877097,755,nested_validation
2026-07-31,0.029276081370092744,-0.029443030582644747,-0.00498126811638544,-0.00619630900337198,0.026018561009373865,48.30501696491864,0.035118321552965445,0.7216344297967466,0.029339972053043173,1.0,0.5057324046952911,0.0,0.55,1.3387610755877097,755,nested_validation
2026-08-03,0.029339972053043173,0.05154956575229086,0.022509679777288794,0.023645978231150222,0.02670148626097974,53.081051824910624,0.057539679755942354,-0.049952296040009156,0.025648485614655492,1.0,0.516715777389608,0.0,0.55,1.3387610755877097,755,nested_validation
2026-08-04,0.025648485614655492,0.07578299756793427,0.04632795814489277,0.049330883374423706,0.02714237160785212,56.936492656791266,0.018920423047293904,0.33154937960992525,0.0343493379986608,1.0,0.5254674018622779,0.0,0.55,1.3387610755877097,755,nested_validation
