timestamp,ORCL,TSLA,GOOGL,MSFT,AAPL,AMZN,NVDA,META
2016-02-17,0.0,0.0,0.0,0.0,0.0,0.35,0.0,0.0
2016-02-18,-0.3333333333333333,0.0,-0.3333333333333333,0.0,0.0,0.3333333333333333,0.0,0.0
2016-02-19,-0.35,-0.24039281159160875,-0.0935601491651265,0.0,0.0,0.06820211521761166,0.0,0.0
2016-02-22,-0.35,-0.08455356909737514,0.0,0.0,0.0,0.11388507201814616,0.0,0.0
2016-02-23,0.0,-0.21525928976440448,-0.35,0.0,0.0,0.2671318605551605,0.0,0.0
2016-02-24,0.0,-0.1558591915893131,-0.35,0.0,-0.2971134707695205,0.1920982373612974,0.0,0.0
2016-02-25,0.0,-0.30266304269177874,-0.35,0.0,0.0,0.0,0.0,0.0
2016-02-26,0.0,-0.35,0.0,0.0,0.0,-0.35,0.0,0.0
2016-02-29,0.0,-0.227252930071609,0.0,0.0,-0.35,0.3068812051597554,0.0,0.0
2016-03-01,0.0,-0.25065826753985876,-0.35,0.0,0.0,0.31194523963635007,0.0,0.0
2016-03-02,-0.35,-0.19369103478095512,0.0,0.0,0.0,0.23979606155102764,-0.18455649584649778,0.0
2016-03-03,-0.35,-0.21346207855976715,0.0,0.344628764402336,0.0,0.0,0.0,0.0
2016-03-04,-0.35,-0.22932788603128298,0.0,0.0,0.0,-0.2922553716558668,0.0,0.0
2016-03-07,0.0,-0.26181425120916263,-0.35,0.0,0.0,0.31189804565747065,0.0,0.0
2016-03-08,-0.35,0.23051886435308133,0.0,0.0,0.0,0.28583659502801756,0.0,0.0
2016-03-09,-0.35,-0.228850955847141,0.0,0.0,0.0,0.2874548826075029,0.0,0.0
2016-03-10,0.0,-0.35,0.0,0.0,0.0,0.35,0.0,0.0
2016-03-11,0.0,0.0,-0.35,0.0,0.0,0.0,0.0,-0.35
2016-03-14,-0.2559059827778797,-0.13073316909461374,-0.21919250128886705,0.0,0.0,-0.1734637805704634,0.0,-0.22070456626817617
2016-03-15,-0.35,-0.21586575928927385,-0.35,0.0,0.0,0.0,0.0,0.0
2016-03-16,0.0,0.0,-0.35,0.0,0.0,-0.35,0.0,0.0
2016-03-17,0.0,-0.17520718400467752,-0.30264283387731333,0.0,0.3064971905639662,0.215652791554043,0.0,0.0
2016-03-18,0.0,-0.2521217296822088,0.0,0.0,0.35,0.30808432048983564,0.0,0.0
2016-03-21,0.0,0.0,-0.3460510226979076,0.0,0.35,-0.3007337758013192,0.0,0.0
2016-03-22,-0.181275659835809,0.0,-0.20615280228798713,0.0,0.23015312084213974,0.0,-0.1660963105556709,-0.21632210647839326
2016-03-23,-0.19799500873936832,-0.11977559924584692,-0.23635621776011015,0.0,0.0,-0.19118363845676004,0.0,-0.25468953579791465
2016-03-24,-0.16898954065898256,-0.10569261555199154,-0.19948040600993075,0.0,0.0,-0.15247673241483456,-0.15728116255364016,-0.21607954281062053
2016-03-28,-0.14404799081010927,-0.09013148486035913,-0.17116659692516792,0.14601818485265225,0.0,-0.12913960301047978,-0.13531006953885075,-0.18418607000238083
2016-03-29,-0.35,-0.22101580819817246,-0.35,0.0,0.0,0.0,0.0,0.0
2016-03-30,-0.16152351553189015,-0.09315552605158614,-0.21084178385015812,0.0,0.21470638756514854,-0.15561697347797365,-0.16415581352324335,0.0
2016-03-31,-0.16493252550024004,-0.09402036551120511,-0.21013439812026966,0.0,0.21187062736474274,-0.1548982156777378,-0.16414386782580453,0.0
2016-04-01,0.0,-0.14071944457175536,-0.3198258333390031,0.0,0.3112023446769008,-0.22825237741234086,0.0,0.0
2016-04-04,-0.19567090531365378,-0.11031580352321153,-0.2547639815990624,0.0,0.2568724298176312,-0.18237687974644107,0.0,0.0
2016-04-05,0.0,-0.10187171155274008,-0.29055503325582527,0.0,0.24104245634710633,0.18135376502872239,-0.1851770338156059,0.0
2016-04-06,0.0,-0.12693987944597462,-0.35,0.0,0.31110969834655267,-0.20976475278310683,0.0,0.0
2016-04-07,0.0,-0.17654534029753627,-0.35,0.0,0.0,-0.29694730670138486,0.0,0.0
2016-04-08,-0.2791401746138762,0.0,-0.35,0.0,0.0,-0.2574464526213952,0.0,0.0
2016-04-11,0.0,-0.15941895219631366,-0.35,0.0,0.0,-0.28684627246501354,0.0,0.0
2016-04-12,0.0,-0.16372454973644793,-0.35,0.0,0.0,-0.2857685359420948,0.0,0.0
2016-04-13,0.0,-0.13985655813682946,0.0,0.0,0.32878826254567406,-0.2397822587101,-0.2915729206073964,0.0
2016-04-14,0.0,0.09173092582097947,-0.3116753805289381,0.0,0.22239119205655783,-0.15939526914848406,-0.2148072324450405,0.0
2016-04-15,-0.21821199061929994,0.08953991341621223,-0.29931554697086854,0.0,0.0,-0.1750504880332549,-0.21788206096036444,0.0
2016-04-18,-0.3166720473913204,-0.11850096161941456,0.0,0.0,0.0,-0.23891505619411055,-0.3259119347951547,0.0
2016-04-19,0.0,-0.3394480031782935,0.0,0.0,0.0,-0.35,0.0,0.0
2016-04-20,0.0,-0.34164652735189144,0.0,0.0,0.0,-0.35,0.0,0.0
2016-04-21,0.0,0.23406304104063094,0.0,0.0,0.0,-0.35,0.0,-0.35
2016-04-22,0.0,-0.24106397460886256,-0.35,0.0,0.0,0.35,0.0,0.0
2016-04-25,0.0,0.23955587805909215,0.35,0.0,0.0,-0.35,0.0,0.0
2016-04-26,0.0,0.23290926682877763,0.0,0.0,0.0,0.35,0.0,0.35
2016-04-27,0.0,0.35,0.0,0.0,0.35,0.0,0.0,0.0
2016-04-28,0.3188052842456348,0.12803881638146516,-0.18113969073914474,0.0,0.15727561308392563,0.21474059554982963,0.0,0.0
2016-04-29,0.35,0.0,0.2376545781778045,0.0,0.2083548590993617,0.1486470575797092,0.0,0.0
2016-05-02,0.0,-0.2355112943951326,0.301940314874564,0.0,0.27583741117266336,0.18671097955763988,0.0,0.0
2016-05-03,0.0,-0.2394305116391334,0.306278901148357,0.0,0.26705593895834345,0.18723464825416608,0.0,0.0
2016-05-04,0.0,0.17743008044739994,0.21952532173336045,0.0,0.1922462573062245,0.0,-0.24185865454872302,-0.16893968596429204
2016-05-05,0.0,0.2398329538899166,0.31951932847087117,0.0,0.0,0.19451452400496388,0.0,-0.24613319363424824
2016-05-06,0.35,0.23564332179941627,0.0,0.0,0.0,0.191697669166911,0.0,0.0
2016-05-09,0.0,0.3364655742395694,0.0,0.0,0.0,0.27937402133300204,0.0,-0.35
2016-05-10,0.0,0.33756979606958415,0.0,0.0,0.0,-0.2737998439511352,0.0,-0.35
2016-05-11,0.35,0.0,0.0,0.0,0.0,0.1756107319931718,0.0,-0.24613377552516222
2016-05-12,0.0,0.35,0.0,0.0,0.0,0.35,0.0,0.0
2016-05-13,0.0,0.35,0.0,0.0,0.0,0.0,-0.3473211436132013,0.0
2016-05-16,0.0,0.2846157991965065,-0.35,0.0,0.0,-0.21100311665215046,-0.15144019441884812,0.0
2016-05-17,0.0,0.23456071969075445,0.28742586630378447,0.23562096164554,0.0,0.0,0.0,0.24239245235992118
2016-05-18,0.0,-0.35,0.35,0.0,0.0,0.0,0.0,0.0
2016-05-19,0.35,-0.14710083691332443,0.2042283625667198,0.0,0.0,0.11961441734207753,0.0,0.17091191699821184
2016-05-20,0.0,0.35,0.0,0.0,0.0,0.34204167232815885,-0.247081919563634,0.0
2016-05-23,0.0,0.0,0.35,0.0,0.0,0.17656602736623575,-0.1283963575191935,0.2611582574461423
2016-05-24,0.0,0.27462638595287636,-0.35,0.0,0.0,0.0,-0.16594812637281756,0.0
2016-05-25,-0.3151534404385955,0.15070674492431452,-0.3105462357545847,0.0,0.0,-0.13170023183022722,-0.09189334705227813,0.0
2016-05-26,0.0,-0.19728234496361607,-0.35,0.0,0.0,-0.18163700144121758,-0.12969898929143422,0.0
2016-05-27,0.0,0.32034733696204465,0.0,0.0,0.0,-0.35,-0.20909138481416872,0.0
2016-05-31,0.0,0.30293178070355037,0.0,0.0,0.0,-0.35,-0.19722670729402722,0.0
2016-06-01,0.0,0.17995846912812025,-0.35,0.0,0.0,-0.29646471146080344,-0.11166628321822546,0.0
2016-06-02,0.0,0.3272361711336881,0.0,0.0,0.0,-0.35,-0.1892302593198441,0.0
2016-06-03,0.0,0.23218077188293126,-0.35,0.0,0.0,-0.29683550679254656,-0.10664846452829936,0.0
2016-06-06,0.0,0.2552367085694096,0.35,0.0,0.0,-0.33982858727905046,0.0,0.0
2016-06-07,0.23550086827019612,-0.17566282380849624,0.32209627863036683,0.0,0.0,-0.26674002929094087,0.0,0.0
2016-06-08,0.0,-0.28951823092759454,0.0,0.0,0.0,-0.35,-0.14824429372920578,0.0
2016-06-09,0.0,0.17239923110779468,-0.35,0.0,0.0,-0.35,-0.09515133476570481,0.0
2016-06-10,0.0,0.0,0.35,0.0,0.0,0.0,0.0,0.0
2016-06-13,0.0,0.0,0.35,0.0,0.0,0.0,0.0,0.35
2016-06-14,0.0,-0.1705659143007684,-0.35,0.0,0.0,0.35,0.0,0.0
2016-06-15,0.0,-0.11339255196384725,-0.2755398027551191,0.0,0.0,0.33869051990639965,0.0,0.27237712537463415
2016-06-16,0.0,0.18084295227772956,0.35,0.0,0.0,0.0,0.0,0.35
2016-06-17,0.21270919396978624,0.1374490059413697,0.0,0.0,0.0,0.3442797269145268,0.0,0.30556207317431733
2016-06-20,0.0,0.19623816335693053,0.35,0.0,0.0,0.0,0.0,0.35
2016-06-21,-0.22592256137733954,0.14637177156077424,0.270118321520936,0.0,0.0,0.35,0.0,0.0
2016-06-22,0.0,0.12531188780084726,0.35,0.0,0.0,0.35,0.0,0.0
2016-06-23,0.0,0.22305799225885958,0.0,0.0,0.0,-0.35,0.0,0.0
2016-06-24,0.0,0.11861270615505484,0.2719304501524153,0.24920360174982187,0.0,0.0,0.0,0.35
2016-06-27,0.0,-0.126846265897292,0.3173348862885876,0.0,0.0,0.0,0.2069104841096575,0.3489083637044629
2016-06-28,0.0,-0.16809087964751077,0.35,0.0,0.0,0.35,0.0,0.0
2016-06-29,0.0,0.0,0.35,0.0,0.0,-0.35,0.0,0.0
2016-06-30,-0.35,0.18450372208668805,0.35,0.0,0.0,0.0,0.0,0.0
2016-07-01,-0.2523287167433,-0.12347494300562287,-0.2983747606065787,0.0,0.0,-0.3258215796444984,0.0,0.0
2016-07-05,0.0,0.0,0.0,0.0,0.0,-0.35,0.0,0.0
2016-07-06,0.0,-0.17788724460335614,-0.35,0.0,0.0,-0.35,0.0,0.0
2016-07-07,0.0,0.2956818837692721,0.0,0.0,0.0,-0.35,0.0,0.0
2016-07-08,-0.35,0.19378093057183374,0.0,0.0,0.0,-0.35,0.0,0.0
2016-07-11,0.0,0.0,0.0,0.0,0.0,-0.35,0.0,0.0
2016-07-12,-0.25120570726822095,0.1384648792568359,-0.2935928398971827,0.0,0.0,-0.31673657357776047,0.0,0.0
2016-07-13,-0.35,0.1975712598013256,0.0,0.0,0.0,-0.35,0.0,0.0
2016-07-14,-0.35,0.19573318122761288,0.0,0.0,0.0,-0.35,0.0,0.0
2016-07-15,-0.35,0.19662838617209888,0.0,0.0,0.0,0.35,0.0,0.0
2016-07-18,-0.35,-0.19042935843350403,-0.35,0.0,0.0,0.0,0.0,0.0
2016-07-19,0.0,0.13343131468302,-0.30193547125019377,0.24546637268927163,0.0,0.31916684137751467,0.0,0.0
2016-07-20,-0.3031201965738727,0.0,0.0,0.0,0.0,-0.35,0.0,-0.31820844107393736
2016-07-21,0.0,0.0,0.0,-0.35,0.0,-0.35,0.0,0.0
2016-07-22,0.0,0.0,-0.35,-0.24731086257601373,0.0,-0.35,0.0,0.0
2016-07-25,0.0,-0.23679352125385314,0.0,-0.2790719624281493,0.0,-0.35,0.0,0.0
2016-07-26,0.35,0.0,0.0,0.0,0.0,0.35,0.0,0.0
2016-07-27,0.0,0.0,-0.35,-0.2104527623055435,0.0,0.35,0.0,0.0
2016-07-28,0.0,0.13319834572432465,-0.28943544648506797,-0.1619337751631529,0.0,-0.26315116285927775,-0.15228126976817666,0.0
2016-07-29,0.0,0.0,0.0,-0.35,0.0,-0.35,0.0,0.0
2016-08-01,0.0,0.22914650536951284,0.0,-0.29263868644801316,0.0,-0.35,0.0,0.0
2016-08-02,0.0,0.0,0.0,0.0,0.0,-0.35,0.0,0.0
2016-08-03,0.0,0.23169901759677733,0.0,-0.2983235700776856,0.0,-0.35,0.0,0.0
2016-08-04,0.0,-0.22812965763997925,0.0,-0.30275854527346713,0.0,-0.35,0.0,0.0
2016-08-05,-0.3078982283004183,0.10860542032025597,-0.20460639248385157,-0.14740961520043677,0.0,-0.23148034369503748,0.0,0.0
2016-08-08,-0.35,0.14427369839814255,0.0,-0.18090928800462067,0.0,-0.2946367729076951,0.0,0.0
2016-08-09,0.0,0.161900651430613,-0.2860626650564601,-0.2071099437391876,0.0,-0.34492673977373944,0.0,0.0
2016-08-10,0.0,0.1361782711117844,-0.24887795829120699,-0.17511404738017014,0.13554967762279715,-0.30428004559404137,0.0,0.0
2016-08-11,0.0,0.15757244750320157,-0.2864181326426082,-0.20240262374351062,0.0,-0.35,0.0,0.0
2016-08-12,0.0,0.0,-0.3498450767217132,0.0,0.19548229627466035,-0.35,0.0,0.0
2016-08-15,-0.3263280450948945,0.11215291260322545,-0.21409213520693032,0.0,0.0,-0.24011118533337114,-0.1073157217615786,0.0
2016-08-16,0.0,0.16884282934345987,-0.3153955662981019,0.0,0.16012040961671326,0.35,0.0,0.0
2016-08-17,0.0,0.17084019483186108,-0.3122020905576211,0.0,0.15823494935571736,0.35,0.0,0.0
2016-08-18,0.0,0.13157198397391284,-0.2085895194432291,0.31336751683526176,0.10625825430361466,0.24021272544398178,0.0,0.0
2016-08-19,0.0,0.0,0.0,0.0,0.0,0.35,0.0,0.0
2016-08-22,0.0,0.16761900489366774,0.21364140478745397,0.35,0.0,0.24466456470115272,0.0,0.0
2016-08-23,-0.35,0.20028008731301766,0.0,0.0,0.0,0.3042553185791296,0.0,0.0
2016-08-24,0.0,0.26351222026432064,0.34375209397110085,0.0,0.0,0.35,0.0,0.0
2016-08-25,0.0,0.24216207838292567,0.30918004499962193,0.0,0.0,0.35,0.0,0.0
2016-08-26,0.0,0.35,0.0,0.0,0.0,0.0,0.0,0.0
2016-08-29,0.0,0.0,-0.35,0.0,0.0,0.35,0.0,0.0
2016-08-30,0.0,0.0,-0.35,0.35,0.0,0.268752686382646,0.0,0.0
2016-08-31,0.0,0.0,0.0,0.35,0.0,0.35,0.0,0.0
2016-09-01,0.0,0.0,0.0,0.35,0.0,0.35,0.0,0.0
2016-09-02,0.0,0.09410113186830875,0.0,0.35,0.0,0.27507113218844004,0.0,-0.2508413338643592
2016-09-06,0.0,0.0,0.0,0.35,0.0,-0.3429348131315554,0.0,0.0
2016-09-07,0.0,0.0,0.0,0.35,0.0,0.33461639114428265,0.0,0.0
2016-09-08,0.0,0.09249821250090877,-0.29254563337295725,0.35,0.0,0.20739567453152713,0.0,0.0
2016-09-09,0.336787796950979,0.1307331651139137,0.32496394163134196,0.0,0.0,0.20751509630376538,0.0,0.0
2016-09-12,0.0,0.0,0.0,0.0,0.0,-0.35,0.0,0.0
2016-09-13,0.0,0.21162878847390998,0.35,0.0,0.0,0.3243001781939259,0.0,0.0
2016-09-14,0.0,0.0,0.0,0.0,0.0,0.35,0.0,0.0
2016-09-15,0.0,0.0,0.0,0.0,0.0,0.0,0.0,0.0
2016-09-16,0.0,-0.35,0.0,0.0,0.0,0.0,0.0,0.0
2016-09-19,0.0,0.19879361640388504,-0.35,0.0,0.0,0.33657599480581357,0.0,0.0
2016-09-20,0.0,0.30141203947515044,-0.35,0.0,0.0,0.0,0.0,0.0
2016-09-21,0.0,0.0,-0.35,0.0,0.0,-0.35,0.0,0.0
2016-09-22,0.3481954413813364,0.25239960092650043,0.0,0.0,0.0,-0.35,0.0,0.0
2016-09-23,0.0,0.35,0.0,0.0,0.0,-0.35,0.0,0.0
2016-09-26,0.0,0.21655993289631986,-0.35,0.0,0.0,-0.3458503376805292,0.0,0.0
2016-09-27,0.0,0.22616824222186252,-0.35,0.0,0.0,-0.3343147674791585,0.0,0.0
2016-09-28,0.0,0.22962528175744348,-0.35,0.0,0.0,-0.32870873637808473,0.0,0.0
2016-09-29,0.0,-0.35,0.0,0.0,0.0,-0.35,0.0,0.0
2016-09-30,0.0,-0.35,0.0,0.0,0.0,-0.35,0.0,0.0
2016-10-03,0.0,0.23387253509489117,-0.35,0.0,0.0,-0.3291517878305589,0.0,0.0
2016-10-04,0.0,0.22939292507159714,-0.35,0.0,0.0,-0.32918019480406124,0.0,0.0
2016-10-05,0.0,0.22664889195926907,-0.35,0.0,0.0,-0.3303806854591271,0.0,0.0
2016-10-06,0.0,0.0,-0.35,0.0,0.0,-0.35,0.0,0.0
2016-10-07,0.0,-0.12316057436894978,-0.29656631087269597,0.0,0.0,-0.25012540274657913,0.0,-0.33014771201177495
2016-10-10,0.0,0.30034638665228897,-0.35,0.0,0.0,0.0,0.0,0.0
2016-10-11,0.35,0.0,0.0,0.0,0.0,0.0,0.0,0.0
2016-10-12,0.0,0.13682439677894762,-0.33475288169370393,0.0,0.23796106867311279,0.2904616528542357,0.0,0.0
2016-10-13,0.0,0.12925812494984842,-0.3167573864316267,0.0,0.28989866120694185,0.2640858274115831,0.0,0.0
2016-10-14,-0.2871695835482638,0.0,-0.26122479985276,0.0,0.23893745979613568,0.21266815680284049,0.0,0.0
2016-10-17,0.0,-0.18840118246877674,-0.35,0.0,0.0,0.35,0.0,0.0
2016-10-18,0.0,-0.3346396307278197,0.0,0.0,0.0,0.35,0.0,0.0
2016-10-19,0.35,-0.11373405653534258,-0.27111092306960727,0.0,0.0,0.24022635308435153,0.0,0.0
2016-10-20,0.0,0.0,-0.35,0.0,0.0,0.35,0.0,0.0
2016-10-21,0.0,0.30888206423812103,0.0,0.0,0.0,0.35,0.0,0.0
2016-10-24,0.0,0.17510290887092506,-0.35,0.0,0.0,-0.35,0.0,0.0
2016-10-25,0.0,0.31126942743905317,0.0,0.0,0.0,-0.35,0.0,0.0
2016-10-26,0.0,0.31232640062688216,0.0,0.0,0.0,-0.35,0.0,0.0
2016-10-27,0.35,0.0,0.0,0.0,0.0,0.35,0.0,0.0
2016-10-28,0.35,0.0,0.0,0.0,0.0,-0.2910776170501136,0.0,0.0
2016-10-31,-0.35,0.0,0.0,0.0,0.0,-0.2828400439141136,0.0,0.0
2016-11-01,0.0,-0.23901998164608235,0.0,0.0,0.35,0.28451099633276766,0.0,0.0
2016-11-02,0.0,0.0,0.0,0.0,0.0,-0.35,0.0,0.0
2016-11-03,0.0,-0.2667882911212636,0.35,0.0,0.0,0.0,0.0,0.28440341360794513
2016-11-04,0.0,-0.20874854638859483,0.35,0.0,0.0,0.21939996227994968,0.0,0.22078924308479764
2016-11-07,-0.35,0.203241973465371,0.0,0.0,0.0,0.17555109304301444,0.0,0.20720226725361396
2016-11-08,-0.35,-0.2979656695336855,0.0,0.0,0.0,0.0,0.0,0.0
2016-11-09,-0.35,0.0,0.0,0.0,0.0,0.0,0.0,0.0
2016-11-10,0.0,0.0,0.35,0.0,0.0,0.35,0.0,0.0
2016-11-11,0.0,-0.22097644855191453,0.29468331452997726,0.0,0.0,0.19368083839178107,0.056918525558319825,0.23374087296800738
2016-11-14,0.0,-0.3051554829030016,0.0,0.0,0.0,0.2837395193141963,0.08385717410123796,0.32724782368156413
2016-11-15,0.0,-0.32460957126535495,0.0,0.0,0.0,0.267117806633086,0.08510419594664753,0.3231684261549115
2016-11-16,0.0,-0.24156899066322832,0.27886018568860715,0.0,0.0,0.18760979213256757,0.059393866814425364,0.2325671647011716
2016-11-17,-0.35,0.0,0.0,0.0,0.0,0.18166815540240447,0.05824497413061286,0.22318072325899405
2016-11-18,0.0,0.0,0.35,0.0,0.0,0.24683233847431602,0.07878701889463922,0.3119660101816592
2016-11-21,-0.35,0.0,-0.262201272333858,0.0,0.0,-0.17550468656131193,0.0565829142624689,0.0
2016-11-22,-0.35,0.0,0.0,0.0,0.0,0.2573424288315961,0.0,0.0
2016-11-23,-0.35,-0.22367668757301715,0.0,0.0,0.0,0.20027028134918615,0.0,0.0
2016-11-25,-0.35,0.0,0.0,0.0,0.0,-0.2563893763705025,0.0,0.0
2016-11-28,-0.35,0.2776649106743969,0.0,0.0,0.0,0.0,0.0,0.0
2016-11-29,-0.35,0.20649066100075508,0.0,0.0,0.0,0.22544099440665225,0.0,0.0
2016-11-30,0.0,0.23405926819259454,0.3001514728884655,0.0,0.0,0.23564592163891432,0.0,0.23014333728002567
2016-12-01,0.0,-0.21813559284671738,0.30938525379543813,0.0,0.0,0.24565279613042262,0.0,0.22682635722742198
2016-12-02,0.2665140073663727,-0.14311678753054696,0.20391407956981172,0.0,0.0,0.1611723693391023,0.043512272778043704,0.1817704834161225
2016-12-05,-0.35,-0.23156674121533233,0.0,0.0,0.0,0.2610874813364495,0.0727175011296129,0.0
2016-12-06,-0.3411152009073111,0.17454680851116838,0.2666212862226361,0.0,0.0,0.21771670435888446,0.0,0.0
2016-12-07,0.0,-0.35,0.0,0.0,0.0,-0.35,0.0,0.0
2016-12-08,0.0,0.35,-0.35,0.0,0.0,0.0,0.0,0.0
2016-12-09,0.0,0.35,0.0,0.0,0.0,0.0,0.24171087047414064,0.0
2016-12-12,0.0,0.0,0.0,0.0,0.0,0.35,0.0,0.0
2016-12-13,0.0,-0.2337717688509724,-0.35,0.0,0.0,-0.35,0.0,0.0
2016-12-14,0.0,-0.33009848933166663,-0.35,0.0,0.0,0.0,0.0,0.0
2016-12-15,0.0,0.21236879557292765,-0.35,0.0,0.0,0.35,0.0,0.0
2016-12-16,0.0,-0.35,0.0,0.0,0.0,0.35,0.0,0.0
2016-12-19,0.0,-0.21360776409057539,-0.35,0.0,0.0,-0.348443804166256,0.0,0.0
2016-12-20,0.0,-0.14425741368673564,-0.31223529140584916,-0.269926252354419,0.0,0.27358104255299615,0.0,0.0
2016-12-21,0.0,0.20556751631351036,-0.35,0.0,0.0,0.35,0.0,0.0
2016-12-22,0.0,0.0,-0.35,0.0,0.0,0.3255371238278371,0.0,0.30447047609630634
2016-12-23,0.0,-0.2034353689279184,-0.35,0.0,0.0,0.35,0.0,0.0
2016-12-27,0.0,-0.17121633469326944,-0.35,0.0,0.0,-0.3285322554871006,0.12846434468488493,0.0
2016-12-28,0.0,-0.2141536354928248,0.35,0.0,0.0,0.35,0.0,0.0
2016-12-29,0.0,0.34195733679845425,0.0,0.0,0.0,0.35,0.0,0.0
2016-12-30,0.31888983826835965,-0.22947857024473595,0.35,0.0,0.0,0.0,0.0,0.0
2017-01-03,-0.24273354088353769,-0.17630716163816232,-0.31376354262370193,0.0,0.0,0.267195754854598,0.0,0.0
2017-01-04,-0.2160454178080084,-0.14177242986631566,-0.29431996193252674,0.0,0.0,0.27076691660021157,0.0770952737929376,0.0
2017-01-05,0.0,0.0,-0.35,0.0,0.0,-0.35,0.0,0.0
2017-01-06,0.0,0.0,-0.35,0.0,0.0,-0.35,0.0,0.0
2017-01-09,0.0,-0.2275643541463348,-0.35,0.0,0.0,0.0,0.0,-0.322015044412933
2017-01-10,0.0,0.35,0.0,0.0,0.0,-0.35,0.0,0.0
2017-01-11,0.0,-0.2152386284938246,-0.35,0.0,0.0,-0.30221242994641706,0.0,0.0
2017-01-12,0.0,-0.21813712628296855,-0.35,0.0,0.0,-0.2959522660885139,0.0,0.0
2017-01-13,0.0,-0.24384514020140055,0.0,0.0,0.0,-0.35,0.0,-0.35
2017-01-17,0.0,0.24254368815407443,0.0,0.0,0.0,-0.35,0.0,-0.35
2017-01-18,-0.30032361402271546,-0.10751628763548284,-0.26025820923732707,0.0,0.0,-0.15825663337137813,0.0,-0.17364525573309653
2017-01-19,0.0,-0.1980550069623754,-0.35,0.0,0.0,0.0,0.0,-0.3263080412293109
2017-01-20,-0.35,-0.2069688840838237,0.0,0.0,0.0,0.3004029617208397,0.0,0.0
2017-01-23,0.0,-0.16888758023259326,-0.33597199553615753,0.0,0.0,-0.23899174764992767,0.0,-0.2561486765813216
2017-01-24,0.0,0.0,-0.35,0.0,0.0,-0.2826879881916447,0.0,-0.32355160773224084
2017-01-25,0.0,0.0,-0.35,0.0,0.0,-0.28480950948899614,0.0,-0.32134615016382684
2017-01-26,0.0,0.168206018608284,-0.32467766325691344,0.0,0.0,-0.24109549918643053,0.0,-0.26602081894837204
2017-01-27,-0.35,0.0,-0.32716727253691275,0.0,0.0,-0.25654188338347483,0.0,0.0
2017-01-30,0.0,-0.35,0.0,0.0,0.0,-0.35,0.0,0.0
2017-01-31,0.0,-0.35,0.35,0.0,0.0,0.0,0.0,0.0
2017-02-01,0.0,0.0,0.35,0.35,-0.24673180285700622,0.0,0.0,0.0
2017-02-02,0.0,-0.2892017518797986,0.35,0.0,0.0,-0.34323365718551274,0.0,0.0
2017-02-03,-0.33839035510944787,-0.20103420742997105,0.2577245015476872,0.0,0.0,0.20285093591289377,0.0,0.0
2017-02-06,0.0,-0.2779998423893255,0.35,0.0,0.0,0.3170042857541155,0.0,0.0
2017-02-07,0.0,-0.280395954326359,-0.35,0.0,0.0,0.31953622641002705,0.0,0.0
2017-02-08,0.0,-0.20775115994233584,-0.2962540379903911,0.0,0.0,0.23411426916588507,0.0,-0.261880532901388
2017-02-09,-0.31032177140002065,-0.13680952562123574,-0.20589036967589514,0.0,0.0,0.16186138523344362,0.0,-0.18511694806940485
2017-02-10,-0.2882794395916417,-0.14007710413374158,-0.20847568300192368,0.0,0.0,-0.17422256236470302,0.0,-0.18894521090799005
2017-02-13,0.0,-0.2597303415972205,-0.35,0.0,0.0,-0.3346697700280103,0.0,0.0
2017-02-14,0.0,-0.22379622226426069,-0.340237451379113,0.0,0.0,-0.28521836282916535,0.15074796352746106,0.0
2017-02-15,0.0,0.3006584865484472,0.0,0.0,0.30911392289810313,-0.35,0.0,0.0
2017-02-16,0.0,0.0,0.0,0.0,0.3402218881363535,-0.35,0.2308161856080216,0.0
2017-02-17,-0.35,0.0,0.0,0.0,0.1930289778430923,-0.2435706729065353,0.13207035647112678,0.0
2017-02-21,0.0,0.0,0.0,0.0,0.35,-0.35,0.0,0.0
2017-02-22,0.0,0.0,0.0,0.0,0.35,-0.35,0.0,0.0
2017-02-23,0.0,-0.314016118421246,0.0,0.0,0.0,-0.35,0.0,0.0
2017-02-24,-0.35,0.0,0.0,0.0,0.0,0.0,0.0,0.0
2017-02-27,0.0,0.0,0.0,0.35,0.0,-0.2681226209799815,0.0,-0.30458720397861494
2017-02-28,0.0,0.0,0.0,0.0,0.35,0.35,0.0,0.0
2017-03-01,0.0,0.0,0.0,0.35,0.0,0.0,0.18767741867962104,0.0
2017-03-02,0.0,0.0,0.0,0.35,0.0,0.35,0.0,0.0
2017-03-03,0.0,0.0,0.0,0.0,0.0,0.0,0.35,0.0
2017-03-06,0.0,0.0,0.0,0.35,0.0,0.35,0.09626391193665246,0.0
2017-03-07,0.0,0.0,0.0,0.35,0.0,0.0,0.0,0.0
2017-03-08,0.0,0.0,0.0,0.35,0.0,0.35,0.0,0.0
2017-03-09,0.0,0.0,0.0,0.0,0.0,0.0,0.0,0.0
2017-03-10,0.0,0.0,0.0,0.0,0.35,0.0,0.0,0.0
2017-03-13,0.0,0.0,0.0,0.35,0.0,0.0,0.0,-0.35
2017-03-14,0.0,0.0,0.0,0.35,0.0,0.0,0.0,0.0
2017-03-15,-0.35,0.0,0.0,0.35,0.0,0.0,0.0,0.0
2017-03-16,0.0,0.0,0.0,0.35,0.35,0.0,0.0,0.0
2017-03-17,0.0,0.0,0.0,0.35,0.0,0.0,0.0,0.0
2017-03-20,0.0,0.0,0.0,0.35,0.0,0.0,0.0,0.0
2017-03-21,0.0,0.0,0.0,0.31744897598283495,-0.3017598424418892,0.35,0.0,0.0
2017-03-22,0.0,0.0,0.35,0.0,0.0,0.35,0.0,0.0
2017-03-23,0.0,0.0,0.30431571703877874,0.0,0.30363844537065493,0.35,0.0,0.0
2017-03-24,0.0,-0.2012603084093374,0.0,0.0,0.0,0.35,0.0,0.0
2017-03-27,-0.14917956775937513,-0.11485117431871676,0.0,0.31547376186683973,0.0,0.35,0.0,0.0
2017-03-28,0.0,0.0,0.35,0.0,0.0,0.0,0.0,-0.35
2017-03-29,0.0,0.0,0.0,0.35,0.0,-0.35,0.0,0.0
2017-03-30,0.0,0.0,0.0,0.0,0.27319862941557876,-0.2811193276480227,0.0,-0.35
2017-03-31,0.0,0.0,0.0,0.35,0.0,-0.35,0.0,0.0
2017-04-03,0.0,0.0,0.0,0.35,0.3006493126416216,-0.2947351295018523,0.0,0.0
2017-04-04,0.0,0.0,0.0,0.35,0.0,-0.35,0.0,0.0
2017-04-05,0.0,0.0,0.0,0.35,0.0,-0.34073308518248235,0.1197614398884913,0.0
2017-04-06,0.0,0.0,0.0,0.35,0.0,-0.3178013976731275,0.12183526724023096,0.0
2017-04-07,0.0,0.0,0.0,0.0,0.0,-0.35,0.0,0.0
2017-04-10,0.0,0.0,0.28130270941824226,0.35,0.0,-0.21886660033416322,0.08892155181346369,0.0
2017-04-11,0.0,0.0870534394897814,0.3068277017137214,0.0,-0.27478768868892206,-0.23489935301555329,0.09643181709202195,0.0
2017-04-12,0.0,0.0,0.0,0.0,0.0,0.35,0.0,0.0
2017-04-13,0.0,-0.1149028139664949,0.35,0.0,0.0,0.3058772023939039,0.13764811047294848,0.0
2017-04-17,0.0,0.0,0.0,0.0,0.0,-0.35,0.0,0.0
2017-04-18,0.0,0.0,0.0,0.35,0.0,0.3200611646005095,0.0,0.0
2017-04-19,0.0,0.0,0.0,0.35,0.0,0.3108275689908394,0.0,0.0
2017-04-20,0.0,0.0,0.0,0.35,0.0,0.0,0.0,0.0
2017-04-21,0.0,0.0,0.0,0.35,0.0,0.0,0.0,0.0
2017-04-24,0.0,0.0,0.0,0.35,0.0,0.0,0.0,-0.35
2017-04-25,0.0,0.0,0.0,0.35,0.35,0.0,0.0,0.0
2017-04-26,0.0,0.0,0.0,0.0,0.0,0.0,0.0,0.0
2017-04-27,-0.35,0.0,0.0,0.33079606075335877,0.0,-0.2229034039746296,0.0,0.0
2017-04-28,-0.35,0.0,0.0,0.0,0.0,-0.3328697301911858,0.0,0.0
2017-05-01,-0.35,0.0,0.0,0.35,0.0,0.0,0.0,0.0
2017-05-02,0.0,0.0,0.0,0.0,0.0,-0.35,0.0,-0.35
2017-05-03,0.0,0.0,0.0,0.0,0.0,-0.35,0.0,0.0
2017-05-04,0.0,0.0,0.0,0.0,0.0,-0.35,0.0,0.0
2017-05-05,0.0,0.0,0.0,0.0,0.0,0.35,0.0,0.0
2017-05-08,-0.35,0.0,0.0,0.0,-0.2570442776352415,-0.25150752198950077,0.0,0.0
2017-05-09,0.0,0.0,0.0,0.0,0.0,-0.35,0.0,0.0
2017-05-10,-0.35,0.0,0.0,0.31803576441609227,0.0,-0.21794072935413863,0.04964305118905113,0.0
2017-05-11,0.0,0.0,0.0,0.3443101948904868,0.0,-0.2661000812729955,0.05892366930119788,-0.3306660545353197
2017-05-12,0.0,0.0,-0.26826757332023293,0.0,0.0,-0.3031506164999034,0.06514199855134768,-0.35
2017-05-15,-0.27518524257164545,0.0,-0.15002201439170362,0.20887830733134483,0.15529387528051497,-0.17577471149279075,0.03484584893200024,0.0
2017-05-16,0.0,0.0,-0.27968611395050397,-0.33629746080753864,0.0,-0.31977308069313726,0.06424334454882011,0.0
2017-05-17,0.0,0.0,0.0,0.0,0.0,-0.35,0.0,0.0
2017-05-18,0.0,-0.29584244640122137,0.0,0.0,0.0,-0.35,0.0,0.0
2017-05-19,0.0,0.0,0.0,0.0,0.0,0.0,0.0,0.0
2017-05-22,0.0,0.0,0.0,0.0,0.0,-0.35,0.0,0.0
2017-05-23,0.0,0.0,0.0,0.0,0.0,-0.35,0.0,0.0
2017-05-24,0.0,-0.2924522643930748,0.0,0.0,0.0,-0.35,0.0,0.0
2017-05-25,0.0,-0.2917812283605696,0.0,0.0,0.0,-0.35,0.0,0.0
2017-05-26,0.0,0.0,0.0,0.0,0.0,-0.35,0.0,0.0
2017-05-30,0.0,-0.2614951110307052,0.0,0.0,0.0,-0.35,0.0,0.0
2017-05-31,0.0,0.0,0.0,0.0,0.0,-0.35,0.0,0.0
2017-06-01,0.0,0.0,0.0,-0.35,0.0,-0.35,0.0,0.0
2017-06-02,0.0,0.0,0.0,-0.35,0.0,-0.35,0.0,0.0
2017-06-05,0.0,0.0,0.0,0.0,0.0,-0.35,0.0,0.0
2017-06-06,0.0,0.0,0.0,0.0,0.0,-0.35,0.0,0.0
2017-06-07,0.0,0.0,0.0,-0.35,0.0,-0.35,0.0,0.0
2017-06-08,0.0,0.0,0.0,-0.35,0.0,-0.35,0.0,0.0
2017-06-09,0.0,0.0,-0.35,0.0,0.0,0.0,0.0,0.0
2017-06-12,0.0,0.0,0.0,0.0,0.35,0.35,0.0,0.0
2017-06-13,0.0,0.0,0.0,0.0,0.35,0.35,0.0,0.0
2017-06-14,0.0,0.0,0.0,0.0,0.35,0.35,0.0,0.0
2017-06-15,0.0,0.0,0.0,0.0,0.35,0.35,0.0,0.0
2017-06-16,0.0,0.0,0.0,0.0,0.0,-0.35,0.0,0.0
2017-06-19,0.0,0.0,0.0,0.0,0.0,-0.35,0.0,0.0
2017-06-20,0.0,0.0,0.0,0.0,0.0,0.35,0.0,0.0
2017-06-21,0.0,0.0,0.0,0.0,0.0,-0.35,0.0,0.0
2017-06-22,0.0,0.0,0.0,0.0,0.0,-0.35,0.0,0.0
2017-06-23,0.0,0.0,0.0,-0.35,0.0,0.0,0.0,0.0
2017-06-26,0.0,0.0,0.0,0.0,0.0,-0.35,0.0,0.0
2017-06-27,-0.35,0.0,0.0,0.0,0.0,0.35,0.0,0.0
2017-06-28,-0.35,0.0,0.0,0.0,0.0,0.35,0.0,0.0
2017-06-29,0.0,0.0,0.0,0.0,0.0,0.35,0.0,0.0
2017-06-30,-0.2479185182996261,0.0,0.35,0.0,0.0,0.35,0.0,0.0
2017-07-03,0.0,0.0,0.0,0.0,0.0,0.35,0.0,0.0
2017-07-05,-0.2540429654110271,0.0,0.35,0.0,0.0,0.35,0.0,0.0
2017-07-06,0.0,0.19222303797332574,0.35,0.0,0.0,0.35,0.0,0.0
2017-07-07,-0.3151176428066219,0.23103752553388493,0.0,0.0,0.0,0.35,0.0,0.0
2017-07-10,-0.3036288467182436,0.22390357162245664,0.0,0.0,0.0,-0.35,0.0,0.0
2017-07-11,-0.35,0.0,0.0,0.0,0.0,0.0,0.0,0.0
2017-07-12,-0.2928093461665945,0.0,0.0,0.0,0.0,-0.35,0.23047218508336365,0.0
2017-07-13,0.0,0.0,0.0,0.0,0.0,-0.35,0.0,0.0
2017-07-14,0.0,0.0,0.0,-0.35,0.0,0.0,0.29807021101585107,0.0
2017-07-17,-0.35,0.0,0.0,-0.35,0.0,0.0,0.0,0.0
2017-07-18,0.0,0.0,0.0,0.0,0.0,-0.35,0.0,0.0
2017-07-19,-0.21335827133672,0.0,0.0,-0.35,0.0,-0.35,0.0,0.0
2017-07-20,-0.2266982416584421,0.0,0.0,0.0,0.0,-0.35,0.0,-0.35
2017-07-21,0.0,0.0,0.0,0.0,0.0,-0.35,0.0,0.0
2017-07-24,-0.34018543808113666,0.0,0.0,-0.23938992258420655,0.0,-0.2188544069435574,0.0,-0.20157023239109942
2017-07-25,0.0,0.0,0.0,-0.35,0.0,-0.35,0.0,0.0
2017-07-26,-0.35,0.0,0.0,-0.32563674844633295,0.0,-0.28377789768111744,0.0,0.0
2017-07-27,0.0,0.0,0.0,0.0,-0.35,0.35,0.0,0.0
2017-07-28,0.0,0.0,0.35,0.0,0.0,0.0,0.0,-0.35
2017-07-31,0.0,0.0,0.0,0.0,0.0,0.0,0.0,0.0
2017-08-01,0.0,0.0,0.35,0.0,0.0,0.2948513866170874,0.0,-0.3447256522183105
2017-08-02,0.0,-0.29872597362289405,0.35,0.0,0.0,0.0,0.0,0.0
2017-08-03,0.0,0.0,0.35,0.0,0.31013655994611133,0.3117843354783393,0.0,0.0
2017-08-04,0.0,-0.18063258067006052,0.35,0.0,0.0,0.35,0.0,0.0
2017-08-07,0.0,0.0,0.0,0.0,0.0,0.35,0.0,-0.35
2017-08-08,0.35,0.0,0.3132107990531085,0.0,0.0,0.2612952557797866,0.0,0.0
2017-08-09,0.0,0.0,0.0,0.0,0.35,0.35,0.0,0.0
2017-08-10,0.34585126706094094,0.0,0.2755010842647879,0.35,0.0,0.0,0.0,0.0
2017-08-11,0.0,0.0,0.35,0.0,0.0,0.35,0.0,0.0
2017-08-14,0.0,0.0,0.0,0.0,0.0,0.35,0.0,0.0
2017-08-15,0.0,0.0,0.0,-0.35,0.23747815209174586,0.28749227173842445,0.0,0.0
2017-08-16,0.0,0.0,0.0,0.0,0.0,0.35,0.0,0.0
2017-08-17,0.0,0.0,0.35,0.0,0.0,-0.35,0.0,0.0
2017-08-18,0.0,0.0,0.35,0.0,0.0,0.35,0.0,0.0
2017-08-21,0.0,0.0,0.35,0.0,0.0,0.35,0.0,0.0
2017-08-22,0.0,0.0,0.0,0.35,0.0,0.35,0.0,0.0
2017-08-23,0.0,-0.3378047676894149,0.0,0.0,0.0,0.35,0.0,0.0
2017-08-24,0.0,0.0,0.0,0.0,0.0,0.0,0.0,0.0
2017-08-25,0.0,0.0,0.0,0.35,0.0,0.35,0.0,0.0
2017-08-28,0.0,0.0,0.0,0.0,0.0,0.35,0.0,0.0
2017-08-29,0.0,0.0,0.0,0.35,0.0,0.35,0.0,0.0
2017-08-30,0.0,0.0,0.0,-0.35,0.2863283825003932,0.3232478173858117,0.0,0.0
2017-08-31,0.0,0.0,0.0,0.0,0.35,-0.35,0.0,0.0
2017-09-01,0.0,0.0,0.0,0.0,0.0,0.35,0.0,0.0
2017-09-05,0.0,0.0,0.0,0.0,0.0,-0.35,0.0,0.0
2017-09-06,0.0,0.0,0.0,0.0,0.0,0.35,0.0,0.0
2017-09-07,0.0,0.0,0.0,0.0,0.0,0.35,0.0,0.0
2017-09-08,0.35,0.0,0.0,0.0,0.0,0.35,0.0,0.0
2017-09-11,0.0,0.0,0.0,0.0,0.0,0.0,0.0,0.0
2017-09-12,0.0,0.0,0.0,0.0,0.0,0.0,0.0,0.0
2017-09-13,0.0,0.0,0.0,0.0,0.0,-0.35,0.0,0.0
2017-09-14,0.0,0.0,0.0,0.0,0.0,0.35,0.0,0.0
2017-09-15,0.0,0.0,0.0,0.0,0.0,0.35,0.0,0.0
2017-09-18,0.30806418187745715,0.0,0.35,0.0,0.0,0.0,0.0,0.0
2017-09-19,0.0,0.0,0.0,0.0,-0.35,0.35,0.0,0.0
2017-09-20,0.0,0.0,0.0,0.0,0.0,0.35,0.0,0.0
2017-09-21,0.0,0.0,0.0,0.0,0.0,0.35,0.0,0.0
2017-09-22,0.0,0.0,0.0,0.0,0.0,0.35,0.0,0.0
2017-09-25,0.0,0.0,0.0,0.0,0.35,0.35,0.0,0.0
2017-09-26,0.0,0.0,0.0,0.0,0.0,0.35,0.0,0.0
2017-09-27,0.0,0.0,0.0,0.0,0.0,0.35,0.0,0.0
2017-09-28,0.0,0.0,0.0,0.0,0.0,0.35,0.0,0.0
2017-09-29,0.0,0.0,0.0,0.0,0.0,0.35,0.0,0.0
2017-10-02,0.0,0.0,0.0,0.0,0.0,0.0,0.0,0.0
2017-10-03,0.0,0.0,0.0,0.0,0.0,0.35,0.0,0.0
2017-10-04,0.0,0.0,0.0,0.0,0.0,0.35,0.0,0.0
2017-10-05,0.0,0.0,0.0,0.0,0.0,0.0,0.0,0.0
2017-10-06,0.0,0.0,0.0,0.0,0.0,-0.35,0.0,0.0
2017-10-09,0.0,0.0,0.0,0.0,0.0,-0.35,0.0,0.0
2017-10-10,0.0,0.0,0.0,0.0,0.0,-0.35,0.0,0.0
2017-10-11,0.0,0.0,0.0,0.0,0.0,-0.35,0.0,0.0
2017-10-12,0.0,0.0,0.0,0.0,0.0,-0.35,0.0,0.0
2017-10-13,0.0,0.0,0.0,0.0,0.0,0.35,0.0,0.0
2017-10-16,0.0,0.0,0.0,0.0,0.0,0.0,0.0,0.0
2017-10-17,0.0,0.0,0.0,0.0,0.0,0.0,0.0,0.0
2017-10-18,0.0,0.0,0.0,0.0,0.0,0.0,0.0,0.0
2017-10-19,0.35,0.0,0.0,0.0,0.0,0.35,0.0,0.0
2017-10-20,0.0,0.0,0.0,0.0,0.0,0.35,0.0,0.0
2017-10-23,0.0,0.0,0.0,0.0,0.0,0.35,0.0,0.0
2017-10-24,0.0,0.0,0.0,0.0,0.0,0.35,0.0,0.0
2017-10-25,0.0,0.0,0.0,0.0,0.0,0.35,0.0,0.0
2017-10-26,0.0,0.0,0.0,0.0,0.0,0.35,0.0,0.0
2017-10-27,0.0,0.0,0.0,0.0,0.0,0.35,0.0,0.0
2017-10-30,0.0,0.0,0.0,0.0,-0.35,-0.2847565976793367,0.0,0.0
2017-10-31,0.0,0.0,0.0,0.0,0.0,-0.35,0.0,0.0
2017-11-01,0.0,0.0,0.0,0.0,0.0,-0.35,0.0,0.0
2017-11-02,0.0,0.0,0.0,-0.35,0.0,-0.32273533421377926,0.0,0.0
2017-11-03,0.0,0.0,0.0,0.0,-0.35,0.0,0.0,0.0
2017-11-06,0.0,0.0,0.0,-0.35,-0.35,0.0,0.0,0.0
2017-11-07,0.0,0.0,0.0,-0.35,0.0,-0.3235255083226337,0.0,0.0
2017-11-08,0.0,0.0,0.0,0.0,0.0,-0.35,0.0,0.0
2017-11-09,0.0,0.0,0.0,0.0,0.0,-0.35,0.0,0.0
2017-11-10,0.0,0.0,0.0,0.0,0.35,-0.30539859309326955,0.0,0.0
2017-11-13,0.0,0.0,0.0,0.0,0.0,-0.35,0.0,0.0
2017-11-14,0.0,0.0,0.0,0.0,0.0,-0.35,0.0,0.0
2017-11-15,0.0,0.0,0.0,0.0,0.0,0.0,0.0,0.0
2017-11-16,0.0,0.0,0.0,0.0,0.0,0.0,0.0,0.0
2017-11-17,0.0,0.0,0.0,0.0,0.0,0.0,0.0,0.0
2017-11-20,0.0,0.0,0.0,0.0,0.0,0.35,0.0,0.0
2017-11-21,0.0,0.0,0.0,0.0,0.0,0.0,0.0,0.0
2017-11-22,0.0,0.0,0.0,0.0,0.0,-0.35,0.0,0.0
2017-11-24,0.0,0.0,0.0,0.0,0.35,0.0,0.0,0.0
2017-11-27,0.0,0.0,0.0,0.0,0.0,-0.35,0.0,0.0
2017-11-28,0.0,0.0,0.0,0.0,0.0,-0.35,0.0,0.0
2017-11-29,0.0,0.0,0.0,0.35,0.0,0.0,0.0,0.0
2017-11-30,0.0,0.0,0.0,0.0,0.0,-0.35,0.0,0.0
2017-12-01,0.0,0.0,0.0,0.0,0.0,0.0,0.35,0.0
2017-12-04,0.0,0.0,0.0,0.0,0.0,0.0,0.0,0.35
2017-12-05,0.0,0.0,0.0,0.0,0.0,-0.35,0.0,0.0
2017-12-06,0.0,0.0,0.0,0.0,0.0,0.0,0.0,0.0
2017-12-07,0.0,0.0,0.0,0.0,0.0,0.35,0.0,0.0
2017-12-08,0.0,0.0,0.0,0.0,0.0,0.35,0.0,0.0
2017-12-11,0.0,0.0,0.0,0.0,0.0,0.0,0.0,0.0
2017-12-12,0.0,0.0,0.0,0.0,0.0,0.0,0.0,0.0
2017-12-13,0.0,0.0,0.0,0.0,0.0,0.35,0.0,0.0
2017-12-14,0.0,0.0,0.0,0.0,0.0,0.0,0.0,0.0
2017-12-15,0.0,0.0,0.0,0.0,0.0,0.0,0.0,0.0
2017-12-18,0.0,0.0,0.0,0.0,0.35,0.0,0.0,0.0
2017-12-19,0.0,0.0,0.0,0.0,0.0,0.0,0.0,0.0
2017-12-20,0.0,0.0,0.0,0.0,0.0,0.35,0.0,0.0
2017-12-21,0.0,0.0,0.0,0.0,0.0,0.35,0.0,0.0
2017-12-22,0.0,0.0,0.0,0.0,0.0,0.35,0.0,0.0
2017-12-26,0.0,0.0,0.0,0.35,0.0,0.35,0.0,0.0
2017-12-27,0.0,0.0,0.0,0.35,0.0,0.35,0.0,0.0
2017-12-28,0.0,0.0,0.0,0.35,0.0,0.0,0.0,0.0
2017-12-29,0.0,0.0,0.0,0.0,0.0,0.35,0.0,0.0
2018-01-02,0.0,-0.19277544936694452,0.0,0.0,-0.35,-0.35,0.0,0.0
2018-01-03,0.0,0.0,0.0,0.0,0.0,0.0,0.0,0.0
2018-01-04,0.0,0.0,0.0,0.0,0.0,0.0,0.0,0.0
2018-01-05,0.0,0.0,0.0,0.0,0.0,0.0,0.0,0.0
2018-01-08,0.0,0.0,0.0,0.0,0.0,0.0,0.0,0.0
2018-01-09,0.0,0.0,0.0,0.0,0.0,0.0,0.0,0.0
2018-01-10,0.0,0.0,0.0,0.0,0.0,-0.35,0.0,0.0
2018-01-11,0.0,0.0,0.0,0.0,0.0,-0.35,0.0,0.0
2018-01-12,0.0,0.0,0.0,0.0,0.0,0.0,0.0,0.0
2018-01-16,0.0,0.0,0.0,0.0,0.0,0.0,0.0,0.35
2018-01-17,0.0,0.0,0.0,-0.35,0.0,-0.341336901541874,0.0,0.24018077952669362
2018-01-18,0.0,0.0,0.0,0.0,0.0,-0.35,0.0,0.0
2018-01-19,0.0,0.0,0.0,0.0,0.0,-0.35,0.0,0.0
2018-01-22,0.0,0.0,0.0,-0.35,0.0,-0.35,0.0,0.0
2018-01-23,0.0,0.0,0.0,0.0,0.0,-0.35,-0.35,0.0
2018-01-24,0.0,0.0,0.0,-0.35,0.0,0.0,0.0,0.0
2018-01-25,0.0,0.0,0.0,0.0,0.0,-0.35,0.0,0.0
2018-01-26,0.0,0.0,0.0,0.0,0.0,-0.35,-0.35,0.0
2018-01-29,0.0,0.0,0.0,-0.35,0.0,-0.35,-0.2013322216907617,0.0
2018-01-30,0.0,0.0,0.0,0.0,0.0,-0.35,0.0,0.0
2018-01-31,0.0,0.0,0.0,0.0,0.0,-0.35,0.0,0.0
2018-02-01,0.0,0.0,0.0,-0.35,0.0,0.0,0.0,0.0
2018-02-02,0.0,0.0,0.0,0.0,0.35,0.35,0.0,0.0
2018-02-05,0.0,0.0,0.0,0.0,0.35,0.35,0.0,0.0
2018-02-06,0.0,0.0,0.0,0.0,0.0,0.35,0.0,0.0
2018-02-07,0.0,0.0,0.0,0.0,0.0,0.35,0.0,0.0
2018-02-08,0.0,0.0,0.0,0.0,0.35,-0.3098118531142684,0.0,0.29961420220888374
2018-02-09,0.0,0.0,0.0,0.0,0.0,0.0,0.0,0.0
2018-02-12,0.0,0.0,0.0,0.0,-0.35,0.35,0.0,0.0
2018-02-13,0.0,-0.22445787676606715,0.25848817637535826,0.0,0.0,0.2538307979453271,0.0,0.26322314891324744
2018-02-14,0.0,0.0,0.0,0.0,0.0,0.35,0.0,0.0
2018-02-15,0.0,-0.35,0.0,0.0,0.0,0.0,0.35,0.0
2018-02-16,0.0,-0.35,0.0,0.0,0.0,0.0,0.0,0.0
2018-02-20,0.35,-0.35,0.0,0.0,0.0,0.0,0.0,0.0
2018-02-21,0.0,0.35,0.0,0.0,0.0,0.0,0.35,0.0
2018-02-22,0.0,-0.35,0.0,0.0,0.0,0.0,0.0,0.0
2018-02-23,0.0,0.0,0.0,0.0,0.0,0.0,0.0,0.0
2018-02-26,0.0,0.0,0.0,0.0,0.0,0.0,0.0,0.0
2018-02-27,0.0,0.2857199460680297,0.0,0.0,0.35,-0.34754534628692185,0.0,0.0
2018-02-28,0.35,0.0,0.0,0.0,0.0,0.0,0.0,0.0
2018-03-01,0.0,0.0,0.0,0.0,0.0,0.0,0.35,0.0
2018-03-02,0.0,-0.35,0.0,0.0,0.0,0.0,0.35,0.0
2018-03-05,0.0,0.0,0.0,0.0,0.0,0.0,0.35,0.0
2018-03-06,0.0,0.0,0.0,0.0,0.0,-0.35,0.0,0.0
2018-03-07,0.0,-0.35,0.0,0.0,0.0,-0.35,0.0,0.0
2018-03-08,0.0,0.0,0.0,0.0,0.0,-0.35,0.0,0.0
2018-03-09,-0.35,0.0,0.0,0.0,0.0,0.0,0.0,0.0
2018-03-12,0.0,-0.35,0.0,0.0,0.35,0.0,0.0,0.0
2018-03-13,0.0,-0.3097316113509933,0.0,0.0,0.0,-0.35,0.0,0.0
2018-03-14,0.0,0.0,0.0,0.0,0.0,-0.35,0.0,0.0
2018-03-15,0.0,-0.26406424635361714,0.0,0.0,0.0,-0.35,0.0,0.0
2018-03-16,0.0,0.2323578834262058,0.0,-0.35,0.0,0.0,-0.3158083120740567,0.0
2018-03-19,0.0,0.0,-0.35,0.0,0.0,0.0,0.0,0.0
2018-03-20,0.0,0.0,0.0,0.0,0.0,0.0,0.0,0.35
2018-03-21,0.0,-0.35,0.0,0.0,0.0,0.0,0.0,0.35
2018-03-22,0.0,0.0,0.0,0.35,0.0,0.0,0.0,0.35
2018-03-23,0.0,-0.32266508690715906,0.0,0.0,0.0,0.0,0.3424052341888928,0.3349296789039481
2018-03-26,0.0,-0.33912391110521956,0.0,0.0,0.0,0.0,0.31108178465674785,0.34979430423803254
2018-03-27,0.0,0.3207483833837355,0.0,0.0,0.0,0.0,0.29863874019032327,0.35
2018-03-28,0.0,0.20586211860400627,0.0,0.0,0.0,-0.30280958171109795,0.21633265317107045,0.27499564651382546
2018-03-29,0.0,0.35,0.0,0.0,0.0,0.0,0.35,0.0
2018-04-02,0.21653565163337885,0.17049588898423523,0.0,0.22076713244026694,0.0,0.0,0.17806768137113724,0.2141336455709817
2018-04-03,0.27369353035610056,0.18865174165463963,0.3206720155262019,0.0,0.0,0.0,0.21698271246305795,0.0
2018-04-04,0.0,0.0,0.0,0.0,0.0,0.0,0.35,0.35
2018-04-05,0.0,-0.35,0.0,0.0,0.0,0.0,0.35,0.0
2018-04-06,0.0,0.17536682818542534,0.0,0.2868604727204839,0.0,0.0,0.24038916178886602,0.2973835373052247
2018-04-09,0.0,0.35,0.0,0.0,0.0,0.0,0.35,0.0
2018-04-10,0.0,0.0,0.0,0.0,0.0,0.0,0.0,0.0
2018-04-11,0.0,0.35,0.0,0.0,0.0,0.0,0.0,0.0
2018-04-12,0.0,0.35,0.0,0.0,0.0,0.0,0.0,0.0
2018-04-13,0.0,0.0,0.0,0.0,0.0,0.0,0.35,0.0
2018-04-16,0.0,0.35,0.0,0.0,0.0,0.0,0.0,0.0
2018-04-17,0.0,0.0,0.0,0.0,0.0,0.0,0.0,0.0
2018-04-18,0.0,0.0,0.0,0.0,0.0,0.0,0.0,0.0
2018-04-19,0.0,-0.35,0.0,0.0,0.0,0.0,0.35,0.0
2018-04-20,0.0,0.0,0.0,0.0,0.0,0.0,0.0,0.0
2018-04-23,0.0,0.35,0.0,0.0,0.0,0.0,0.35,0.0
2018-04-24,0.35,0.0,0.0,0.0,0.0,0.0,0.2879786742007888,0.0
2018-04-25,0.0,0.0,0.35,0.0,0.0,0.0,0.35,0.0
2018-04-26,0.0,-0.35,0.0,0.0,0.0,0.0,0.0,0.0
2018-04-27,0.0,-0.35,0.0,0.0,0.0,0.35,0.0,0.0
2018-04-30,0.0,0.35,0.0,0.0,0.0,0.0,0.0,0.0
2018-05-01,0.0,0.0,0.0,0.0,0.0,0.0,0.0,0.0
2018-05-02,0.0,-0.35,0.0,0.35,0.0,0.0,0.0,0.0
2018-05-03,0.35,0.0,0.0,0.0,0.0,-0.32262608882213956,0.0,0.0
2018-05-04,0.0,-0.35,0.0,0.0,0.0,0.0,0.0,0.0
2018-05-07,0.0,-0.35,0.0,0.0,0.0,0.0,0.0,0.0
2018-05-08,0.0,-0.35,0.0,0.0,0.0,0.0,0.35,0.0
2018-05-09,0.0,0.0,0.0,0.0,0.0,0.0,0.35,-0.35
2018-05-10,0.0,0.0,0.0,0.0,0.0,0.0,0.35,-0.35
2018-05-11,0.35,-0.16857812716864592,0.0,0.0,0.2042447384838445,0.0,0.0,-0.16628796563342127
2018-05-14,0.0,0.0,0.0,0.0,0.0,0.0,0.0,0.0
2018-05-15,0.0,0.0,0.0,0.0,0.0,0.0,0.0,0.0
2018-05-16,0.0,0.0,0.0,0.0,0.0,0.0,0.0,0.0
2018-05-17,0.0,0.0,0.0,0.0,0.0,0.0,0.0,0.0
2018-05-18,0.0,0.0,0.0,0.0,0.0,0.0,0.0,0.0
2018-05-21,0.0,-0.35,0.0,0.0,0.0,0.0,0.0,0.0
2018-05-22,0.0,0.0,0.0,0.0,0.0,0.0,0.0,0.0
2018-05-23,0.0,0.0,0.0,-0.35,0.0,0.0,0.0,0.0
2018-05-24,0.0,0.0,0.0,0.0,0.0,0.0,0.0,0.0
2018-05-25,0.0,0.0,0.0,0.0,0.0,0.0,0.0,0.0
2018-05-29,0.0,-0.35,0.0,0.0,0.0,0.0,0.0,0.0
2018-05-30,0.0,-0.35,0.0,0.0,0.0,0.0,0.0,0.0
2018-05-31,0.0,0.22390310360282092,0.0,0.35,0.0,0.0,0.0,0.0
2018-06-01,0.0,-0.16736248190215036,0.0,-0.35,0.0,0.0,0.0,-0.35
2018-06-04,0.0,0.0,0.0,-0.35,0.0,0.0,0.0,-0.35
2018-06-05,0.0,-0.10488779744103897,0.0,-0.2766441743147775,0.0,0.2678154616738626,-0.13550096040949297,-0.21515160616082799
2018-06-06,0.0,0.0,0.0,-0.35,0.0,0.0,0.0,0.0
2018-06-07,0.0,0.0,0.0,0.0,0.0,0.0,0.0,0.0
2018-06-08,0.0,0.35,0.0,0.0,0.0,0.0,0.0,0.0
2018-06-11,0.0,-0.35,0.0,0.0,0.0,0.0,0.0,0.0
2018-06-12,0.0,-0.316423351707458,0.0,0.0,0.0,0.0,-0.35,0.0
2018-06-13,0.0,0.35,0.0,0.0,0.0,0.0,0.0,0.0
2018-06-14,-0.22713038047338197,-0.11690611000325928,0.0,0.0,0.0,0.0,-0.31712564520215475,-0.338837864321204
2018-06-15,0.0,-0.35,0.0,0.0,0.0,0.0,0.0,0.0
2018-06-18,0.0,-0.2673119232818676,0.0,0.0,0.0,0.0,0.0,-0.35
2018-06-19,0.35,0.0,0.0,0.0,0.0,0.0,0.0,0.0
2018-06-20,-0.2780923206398131,-0.20139864216948397,0.0,0.0,0.0,0.0,-0.35,0.0
2018-06-21,0.0,0.0,0.0,0.0,0.0,0.0,0.0,0.0
2018-06-22,0.0,0.14812874819505428,0.0,0.0,0.0,0.0,0.35,-0.35
2018-06-25,0.0,0.1800511465980432,-0.35,0.0,0.0,0.0,0.35,0.0
2018-06-26,0.0,-0.3332070218734828,0.0,0.0,0.0,0.0,0.35,0.0
2018-06-27,0.0,-0.3378658262419015,0.0,0.0,0.0,0.0,0.35,0.0
2018-06-28,0.0,-0.2383763445504098,0.0,-0.35,0.0,0.0,0.0,0.0
2018-06-29,0.0,-0.34340134663327465,0.0,0.0,0.0,0.0,0.35,0.0
2018-07-02,0.0,0.0,-0.35,0.0,0.0,0.0,0.0,0.0
2018-07-03,0.0,0.35,0.0,0.0,0.0,0.0,0.0,0.0
2018-07-05,0.0,0.35,0.0,0.0,0.0,0.0,0.0,0.0
2018-07-06,0.0,0.35,0.0,0.0,0.0,0.0,0.0,0.0
2018-07-09,0.0,-0.35,0.0,0.0,0.0,0.0,0.0,0.0
2018-07-10,-0.35,0.0,0.0,0.0,0.0,0.0,0.0,0.0
2018-07-11,0.0,0.35,0.0,0.0,0.0,0.0,0.35,0.0
2018-07-12,-0.31584324292510546,0.0,0.0,-0.35,0.0,0.0,0.0,0.0
2018-07-13,0.0,-0.27999458278402173,0.0,-0.35,0.0,0.0,0.0,0.0
2018-07-16,-0.35,0.0,0.0,0.0,0.0,0.0,0.0,0.0
2018-07-17,-0.2759197502697619,-0.19444659717818036,0.0,-0.35,0.0,0.0,0.0,0.0
2018-07-18,0.0,-0.35,0.0,0.0,0.0,0.0,0.0,0.0
2018-07-19,0.0,0.0,0.0,0.0,0.0,0.0,0.0,0.0
2018-07-20,-0.35,-0.17407088963480805,0.0,-0.35,0.0,0.0,0.0,0.0
2018-07-23,0.0,0.0,0.0,-0.35,0.0,0.0,0.0,0.0
2018-07-24,0.0,0.0,0.0,-0.35,0.0,0.0,0.0,0.0
2018-07-25,-0.35,-0.1666421967906471,0.0,-0.35,0.0,0.0,0.0,0.0
2018-07-26,0.0,0.0,0.0,0.0,0.0,0.0,-0.35,0.2516443936397653
2018-07-27,0.0,0.0,0.0,0.0,0.0,0.0,0.0,0.35
2018-07-30,0.0,0.0,0.0,0.0,0.0,0.0,0.0,0.35
2018-07-31,0.0,-0.2254626531277987,0.0,0.0,-0.35,0.0,0.0,0.13532383814593085
2018-08-01,0.0,-0.35,0.0,0.0,0.0,0.0,0.0,0.3315299577253201
2018-08-02,0.0,-0.35,0.0,0.0,0.0,0.0,0.0,0.35
2018-08-03,0.0,-0.1955037648100036,0.0,0.0,0.0,0.0,-0.35,0.18687547182615408
2018-08-06,0.0,0.0,0.0,0.0,0.0,0.0,0.0,0.0
2018-08-07,0.0,0.0,0.0,0.0,0.0,0.0,-0.35,0.0
2018-08-08,0.0,0.0,0.0,0.0,0.0,0.0,-0.35,0.0
2018-08-09,0.0,0.0,0.0,0.0,0.0,0.0,0.0,0.0
2018-08-10,0.0,-0.35,0.0,0.0,0.0,0.0,0.0,0.0
2018-08-13,0.0,0.0,0.0,0.0,0.0,-0.35,-0.35,0.0
2018-08-14,0.0,0.0,0.0,0.0,0.0,-0.35,-0.35,0.0
2018-08-15,0.0,0.18956465879164083,0.0,0.0,0.0,0.0,-0.35,0.0
2018-08-16,0.0,0.0,0.0,0.0,0.0,0.0,0.0,0.35
2018-08-17,0.0,0.35,0.0,0.0,0.0,0.0,0.0,0.35
2018-08-20,0.0,0.35,0.0,0.0,0.0,0.0,0.0,0.35
2018-08-21,0.0,0.35,0.0,0.0,0.0,0.0,0.0,0.35
2018-08-22,0.0,0.0,0.0,0.0,0.0,0.0,0.0,0.0
2018-08-23,0.0,0.0,0.0,0.0,0.0,0.0,0.0,0.35
2018-08-24,0.0,0.0,0.0,0.0,0.0,0.0,0.0,0.0
2018-08-27,0.0,0.0,0.0,0.0,0.0,0.0,0.0,0.0
2018-08-28,0.0,0.35,0.0,0.0,0.0,0.0,0.0,0.0
2018-08-29,0.0,0.0,0.0,0.0,0.0,0.0,0.0,0.0
2018-08-30,0.0,0.0,0.0,0.0,0.0,0.0,0.0,0.0
2018-08-31,0.0,0.35,0.0,0.0,0.0,0.0,0.0,0.0
2018-09-04,0.0,0.22829725734237513,0.0,0.0,0.0,0.0,0.0,0.35
2018-09-05,0.0,0.3094645706490422,0.0,0.0,0.0,0.0,0.0,0.35
2018-09-06,0.0,0.32053384022693193,0.0,0.0,0.0,0.0,0.0,0.35
2018-09-07,0.0,0.3133806959212676,0.0,0.0,0.0,0.0,0.0,0.35
2018-09-10,0.0,0.0,0.35,-0.35,0.0,0.0,0.0,0.28810076054241884
2018-09-11,0.0,0.27407238755622987,0.0,0.0,0.0,0.0,0.0,0.35
2018-09-12,0.0,0.0,0.35,0.0,0.0,0.0,0.0,0.35
2018-09-13,0.0,0.0,0.0,0.0,0.0,0.0,0.0,0.35
2018-09-14,0.0,-0.22248400581921254,0.35,0.0,0.0,0.0,0.0,0.0
2018-09-17,0.0,0.0,0.35,0.0,0.0,0.0,0.0,0.35
2018-09-18,0.0,0.0,0.3459584370895537,-0.35,0.0,0.0,0.0,0.29216607445422854
2018-09-19,0.0,-0.2495646807568034,0.0,0.35,0.0,0.0,0.0,0.0
2018-09-20,0.0,-0.35,0.0,0.0,0.0,0.0,0.0,0.0
2018-09-21,0.0,0.2920098078440671,0.0,0.0,-0.35,0.0,0.0,0.0
2018-09-24,0.0,-0.2548451674551306,0.0,-0.35,0.0,0.0,0.0,0.0
2018-09-25,0.0,0.0,0.0,0.0,0.0,0.0,0.0,0.0
2018-09-26,0.0,-0.35,0.0,0.0,0.0,0.0,0.0,0.0
2018-09-27,0.0,0.35,0.0,0.0,0.0,0.0,0.0,0.0
2018-09-28,-0.35,0.15908168277149606,0.0,0.0,0.0,0.0,0.0,0.0
2018-10-01,0.0,-0.152793828760622,0.0,-0.35,0.0,0.0,0.0,0.0
2018-10-02,0.0,0.0,0.0,0.0,0.0,0.0,0.0,0.35
2018-10-03,0.0,-0.35,0.0,0.0,0.0,0.0,0.0,0.0
2018-10-04,0.0,0.20028831109798967,0.0,0.0,0.0,0.0,0.0,0.35
2018-10-05,0.0,0.0,0.35,0.0,0.0,0.0,0.25079255420388,0.3199084411742265
2018-10-08,0.0,0.07271691737931865,0.0,0.35,0.0,0.0,0.2176897771045005,0.2815294421930045
2018-10-09,0.0,0.15904545172079929,0.35,0.0,0.0,0.0,0.0,0.0
2018-10-10,0.0,0.14540019878908939,0.0,0.0,0.0,0.0,0.33876697526272953,0.35
2018-10-11,0.3143649654592314,0.0659116581409484,0.2688962677943242,0.0,0.0,0.2035798726503679,0.14724723595512806,0.0
2018-10-12,0.0,0.17296373424786202,0.0,0.0,0.0,0.35,0.35,0.0
2018-10-15,0.0,-0.07784156193214556,0.286601111273932,0.2628449290041063,0.0,0.2190622785045645,0.1536501192852516,0.0
2018-10-16,0.0,-0.2672233253898583,0.0,0.0,0.0,0.35,0.0,0.0
2018-10-17,0.0,0.0,0.35,0.0,0.0,0.0,0.35,0.0
2018-10-18,0.35,0.0,0.0,0.26028492583343166,0.0,0.2113298179806725,0.1527537603982946,0.0
2018-10-19,0.0,0.0,0.35,0.0,0.0,0.3329316703690765,0.23118653184721372,0.0
2018-10-22,0.0,-0.18452131762286725,0.0,0.0,0.0,0.35,0.33544329252939015,0.0
2018-10-23,0.0,-0.10155240922496399,0.35,0.0,0.0,0.30294170012024474,0.20090663992174393,0.0
2018-10-24,0.35,0.0,0.0,0.0,0.0,0.0,0.25437305361718,0.0
2018-10-25,0.0,-0.35,0.0,0.0,0.0,0.0,0.35,0.0
2018-10-26,0.34940185200254614,-0.08498949615523188,0.0,0.20053655667790501,0.0,0.0,0.13558675296503547,0.2294853421992814
2018-10-29,0.0,-0.2270716960132884,0.0,0.0,0.0,0.0,0.2901432029874622,0.35
2018-10-30,0.0,-0.19107524611293977,0.0,0.3499736127404679,0.0,0.257225427908703,0.20172571323788924,0.0
2018-10-31,0.0,-0.304496468576017,0.0,0.0,0.0,0.35,0.30998479742406915,0.0
2018-11-01,0.0,-0.317901505994767,0.0,0.0,0.0,0.35,0.3066759365636957,0.0
2018-11-02,0.0,0.2740603744840926,0.0,0.35,0.0,0.29618194503396617,0.0,0.0
2018-11-05,0.0,0.0,0.35,0.0,0.35,0.24872132949658893,0.0,0.0
2018-11-06,0.0,-0.2845028730163131,0.0,0.35,0.0,0.2904468055360207,0.0,0.0
2018-11-07,0.0,-0.35,0.0,-0.35,0.0,0.0,0.0,0.0
2018-11-08,-0.35,0.21477917313721848,0.0,0.0,0.0,0.0,0.18332644227142478,0.0
2018-11-09,0.0,0.35,0.0,0.0,0.0,0.0,0.0,0.35
2018-11-12,0.0,-0.144781180686413,0.0,0.24042935407646948,0.2346042866475444,0.0,0.13271581817366254,0.24746936041591058
2018-11-13,0.0,-0.1600055481926202,0.259010304631627,0.0,0.0,0.1618668967817916,0.1393816698859475,0.27973558050801367
2018-11-14,0.0,-0.23887642835554748,0.0,0.35,0.35,0.0,0.0,0.0
2018-11-15,0.35,0.0,0.0,0.0,0.0,0.0,0.0,0.0
2018-11-16,0.0,-0.30859091222455215,0.0,0.0,0.0,0.0,0.1920173643005007,0.35
2018-11-19,0.0,0.0,0.0,0.0,0.0,-0.31353965548931684,0.19626602221592357,0.35
2018-11-20,0.0,0.0,0.0,0.35,0.0,0.0,0.16615970500433727,0.35
2018-11-21,0.0,-0.35,0.0,0.0,0.0,0.33787585871034553,0.2094905789056553,0.0
2018-11-23,0.0,-0.232015294315343,0.0,0.28340920173709533,0.0,0.15704192687976598,0.08907759754341324,0.23845597952438244
2018-11-26,0.0,-0.35,0.0,0.0,0.35,0.0,0.0,0.0
2018-11-27,0.35,-0.35,0.0,0.0,0.0,0.0,0.0,0.0
2018-11-28,0.0,0.3416841455624758,0.0,-0.35,0.0,-0.25690290416044625,0.0,0.0
2018-11-29,0.0,0.0,0.0,-0.35,0.0,0.0,0.0,0.0
2018-11-30,0.3277233959897857,-0.21932056882962517,0.0,-0.27203817363072946,0.0,-0.18091786154985964,0.0,0.0
2018-12-03,0.0,-0.32777979283947745,0.0,-0.35,0.0,-0.2602473227308432,0.0,0.0
2018-12-04,0.2961031739312574,-0.2125936103247488,-0.24781891404427103,0.0,0.0,-0.15541437425753848,0.08806992744218427,0.0
2018-12-06,0.0,-0.35,0.0,0.0,0.0,0.0,0.0,0.0
2018-12-07,0.2875837875375486,-0.2253659802943234,0.0,0.0,0.21966075168259264,-0.17566368657258286,0.09172579391295259,0.0
2018-12-10,0.0,-0.35,0.0,0.0,0.0,0.0,0.0,0.0
2018-12-11,0.35,-0.35,0.0,0.0,0.0,0.0,0.15217933882683926,0.0
2018-12-12,0.0,0.0,0.0,0.0,0.0,0.0,0.0,0.0
2018-12-13,0.0,-0.35,0.0,0.0,0.0,0.0,0.0,0.0
2018-12-14,0.0,0.0,0.0,0.0,0.0,0.0,0.0,0.0
2018-12-17,0.35,-0.31246895982799194,0.0,0.0,0.0,-0.24219714687690766,0.0,0.0
2018-12-18,0.0,-0.35,0.0,0.0,0.0,0.0,0.0,0.0
2018-12-19,0.0,-0.35,0.0,0.0,0.0,0.0,0.35,0.0
2018-12-20,0.35,0.21261663083824722,0.0,0.0,0.0,0.0,0.16746499067724466,0.2482991089290359
2018-12-21,0.0,0.2586944219172666,0.0,0.33080994722205775,0.0,-0.21106034009968513,0.1994352907609905,0.0
2018-12-24,0.0,0.1457943797057472,0.22423546535787886,0.0,0.20149259064351016,0.13296745937146623,0.12627754343273984,0.1692325614886578
2018-12-26,0.0,-0.35,0.0,0.0,0.0,0.0,0.0,0.0
2018-12-27,0.35,0.0,0.0,0.0,0.0,0.0,0.35,0.0
2018-12-28,0.35,-0.35,0.0,0.0,0.0,0.0,0.0,0.0
2018-12-31,0.0,-0.35,0.0,0.0,0.0,0.0,0.0,0.0
2019-01-02,0.35,-0.34395681438851294,0.0,0.0,0.0,0.0,0.0,0.0
2019-01-03,0.342295106056039,0.17366409748241188,0.0,0.26948176728567746,0.0,0.0,0.21455902917587164,0.0
2019-01-04,0.35,-0.34545278082859204,0.0,0.0,0.0,0.0,0.0,0.0
2019-01-07,0.35,-0.17737596212701387,0.0,0.0,0.0,-0.2237315204303721,0.22076904986605922,0.0
2019-01-08,0.35,-0.22261070491048035,0.0,0.0,0.0,0.0,0.2979799027170662,0.0
2019-01-09,0.0,-0.35,0.0,0.0,0.0,0.0,0.0,0.0
2019-01-10,0.0,-0.35,0.0,0.0,0.0,0.0,0.0,0.0
2019-01-11,0.0,0.0,0.0,0.0,0.0,0.0,0.0,0.0
2019-01-14,0.0,0.0,0.0,0.0,0.0,0.0,0.35,0.0
2019-01-15,0.0,-0.35,0.0,0.0,0.0,0.0,0.0,0.0
2019-01-16,0.0,0.35,0.0,0.0,0.0,0.0,0.0,0.0
2019-01-17,0.0,0.0,0.0,0.0,0.0,0.0,0.0,0.0
2019-01-18,-0.35,0.176204178271445,0.0,-0.35,0.0,0.0,0.0,0.0
2019-01-22,0.0,0.21031425315891103,-0.35,0.0,0.0,0.0,0.32757110036145326,0.0
2019-01-23,0.0,0.35,0.0,0.0,0.0,0.0,0.0,0.0
2019-01-24,0.0,0.35,0.0,0.0,0.0,0.0,0.0,0.0
2019-01-25,0.0,0.35,0.0,0.0,0.0,0.0,0.0,0.0
2019-01-28,0.0,0.0,0.0,0.0,0.0,0.0,0.35,0.0
2019-01-29,-0.35,0.0,0.0,0.3348295529482976,0.0,0.0,0.1317499988449468,0.0
2019-01-30,-0.35,-0.21620069666414235,0.0,0.0,0.0,0.0,0.0,0.0
2019-01-31,-0.35,0.0,0.0,0.0,0.0,0.0,0.0,0.0
2019-02-01,-0.35,-0.10701242188148828,0.0,0.22691868377183447,0.0,-0.15594708720021355,0.0,-0.1409185941114836
2019-02-04,0.0,-0.35,0.0,0.0,0.0,0.0,0.0,-0.35
2019-02-05,0.0,-0.35,0.0,0.0,0.0,0.0,0.0,-0.35
2019-02-06,-0.35,0.0,-0.20065639537667745,0.19748454529069293,0.0,0.0,0.0,-0.11895229657234754
2019-02-07,0.0,0.0,0.0,0.0,0.0,0.0,0.0,0.0
2019-02-08,0.0,0.0,0.0,0.35,0.0,0.0,0.0,-0.35
2019-02-11,-0.35,-0.20126504698950748,0.0,0.0,0.0,0.0,0.0,0.0
2019-02-12,0.0,0.0,0.0,0.0,0.0,0.0,-0.35,0.0
2019-02-13,-0.35,0.14239637825194723,0.0,0.3105447144464392,0.0,0.0,0.0,0.0
2019-02-14,0.0,0.0,0.0,0.0,0.0,0.0,0.0,0.0
2019-02-15,0.0,0.0,0.0,0.0,0.0,0.0,0.0,0.0
2019-02-19,-0.35,0.0,0.0,0.0,0.0,0.0,0.0,0.0
2019-02-20,0.0,0.0,0.0,0.0,0.0,0.0,0.0,0.0
2019-02-21,0.0,0.0,0.0,0.0,0.0,0.0,0.0,0.35
2019-02-22,-0.35,0.0,0.0,0.0,0.0,0.0,-0.16721362523234656,0.0
2019-02-25,0.0,0.0,0.0,0.0,0.0,0.0,0.35,0.0
2019-02-26,0.0,0.0,0.0,-0.35,0.0,0.0,0.0,0.0
2019-02-27,0.0,0.0,0.0,-0.35,0.0,0.0,0.0,0.0
2019-02-28,-0.35,0.0,0.0,-0.32249121263868025,0.0,0.0,0.0,0.14609076350473274
2019-03-01,-0.35,0.0,0.0,-0.3180043580947264,0.0,0.0,-0.2057928378821194,0.0
2019-03-04,0.0,0.0,0.0,-0.35,0.0,0.0,0.0,0.35
2019-03-05,-0.35,0.0,0.0,0.0,0.0,0.0,-0.23078201347463792,0.27870771529373156
2019-03-06,0.0,0.0,0.0,0.0,0.0,0.0,0.35,-0.35
2019-03-07,0.0,0.21619368907450426,0.0,0.0,0.0,0.0,0.34825462109342303,0.35
2019-03-08,0.0,0.0,0.0,0.0,0.0,0.0,0.0,0.0
2019-03-11,0.0,0.0,0.0,-0.35,0.0,0.0,0.2954838122125606,0.0
2019-03-12,0.0,0.0,0.0,-0.35,0.0,0.0,0.0,0.0
2019-03-13,0.0,0.0,0.0,0.0,0.0,0.0,0.35,0.0
2019-03-14,0.0,0.0,0.0,0.0,0.0,0.0,0.35,0.0
2019-03-15,0.0,0.0,0.0,-0.35,0.0,0.0,0.2756996613586077,0.0
2019-03-18,0.0,0.0,0.0,-0.35,0.0,0.0,0.20164819059046762,0.27770386079391013
2019-03-19,0.0,0.0,0.0,-0.35,0.35,0.0,0.0,0.22385033096507295
2019-03-20,0.0,0.0,0.0,-0.35,0.0,0.0,0.2620408532079877,0.0
2019-03-21,0.0,0.0,0.0,-0.35,0.0,0.0,0.2527880995885252,0.0
2019-03-22,0.0,0.0,-0.35,0.0,0.0,0.0,0.2000572653344487,0.32250322845177476
2019-03-25,0.0,0.0,0.0,-0.35,0.0,0.0,0.2797985766154936,0.0
2019-03-26,-0.35,0.0,0.0,-0.35,0.0,0.0,0.0,0.0
2019-03-27,0.35,0.0,0.0,0.0,0.0,0.0,0.0,0.0
2019-03-28,-0.35,0.0,0.0,0.0,0.0,0.0,-0.29835485961658603,0.0
2019-03-29,-0.35,0.0,0.0,0.0,0.0,0.0,0.0,0.0
2019-04-01,0.0,0.0,0.0,-0.35,0.0,0.0,-0.28970247964133455,0.0
2019-04-02,0.0,0.0,-0.35,0.0,0.35,0.0,-0.19344777540991018,0.0
2019-04-03,0.0,0.0,0.0,-0.35,0.31739302151606824,0.0,0.0,0.27588220966472893
2019-04-04,0.0,0.0,0.0,0.0,0.0,0.0,-0.35,-0.35
2019-04-05,-0.35,0.0,0.0,0.0,0.35,0.0,-0.20018121415076431,0.0
2019-04-08,0.0,0.0,0.0,0.0,0.0,0.0,-0.35,0.0
2019-04-09,0.0,0.0,0.0,0.0,0.0,0.0,0.0,-0.35
2019-04-10,0.0,0.0,-0.35,0.0,0.0,0.0,-0.2238543451873285,-0.30154311955562835
2019-04-11,0.0,0.0,0.0,0.0,0.0,0.0,-0.35,0.0
2019-04-12,-0.35,0.0,0.0,0.0,0.0,0.0,0.0,-0.35
2019-04-15,-0.35,0.0,0.0,0.0,0.0,0.0,0.0,-0.35
2019-04-16,0.0,0.0,0.0,0.0,0.0,0.0,-0.35,0.0
2019-04-17,0.0,0.0,0.0,0.0,0.0,0.0,-0.35,0.0
2019-04-18,0.0,0.0,0.0,0.0,0.35,0.0,0.0,0.0
2019-04-22,0.0,0.0,0.0,0.0,0.0,0.0,0.0,-0.35
2019-04-23,-0.35,0.0,0.0,0.0,0.0,0.0,-0.23396843296292835,-0.3051519184549058
2019-04-24,-0.35,0.0,0.0,0.0,0.0,0.0,-0.3347110643388997,0.0
2019-04-25,0.0,0.0,0.0,-0.35,0.0,0.0,0.0,0.0
2019-04-26,-0.35,0.09157887273988724,0.0,-0.31123626862560266,0.0,0.0,0.0,-0.167597226670939
2019-04-29,0.0,0.0,0.0,-0.35,0.0,0.0,0.23756093274333476,-0.2666832730819252
2019-04-30,0.0,0.0,0.0,0.0,0.0,0.0,0.0,-0.35
2019-05-01,0.0,0.0,-0.29829615149161093,0.0,0.0,0.0,0.32442155597632216,-0.35
2019-05-02,0.35,0.0,0.0,0.0,0.0,0.0,0.0,-0.26059269427849585
2019-05-03,-0.35,-0.08217511634134678,0.0,-0.19284490493913475,0.15728229120779832,0.0,0.0,-0.14543610470438695
2019-05-06,0.0,0.0,0.0,0.0,0.0,0.0,0.35,-0.35
2019-05-07,0.35,0.0,0.1910469486763613,0.0,0.0,0.0,0.2097912941758763,0.0
2019-05-08,0.0,0.0,0.35,0.0,0.0,0.0,0.0,0.35
2019-05-09,0.0,0.0,0.30061368466467275,0.0,0.0,0.0,0.3333405884825722,0.35
2019-05-10,0.0,0.0,0.3007729286544021,0.0,0.0,0.0,0.33332517672300216,0.35
2019-05-13,0.0,0.1409505056079379,0.1942969053327108,0.26797526851010156,0.0,0.0,0.181964118718605,0.21481320183064478
2019-05-14,0.0,0.0,0.33166037609412946,0.0,0.0,0.0,0.30233499303582256,0.35
2019-05-15,0.0,0.0,0.0,0.0,0.0,0.0,0.35,0.0
2019-05-16,0.0,0.0,0.0,0.0,0.0,0.0,0.35,0.0
2019-05-17,0.0,0.35,0.0,0.0,0.0,0.0,0.35,0.0
2019-05-20,0.0,0.13770432431284743,0.18582719958744873,0.2643384979907781,0.0,0.0,0.19452430780481195,0.21760567030411385
2019-05-21,-0.35,0.13046056009144993,0.0,0.25287705571659935,0.0,0.0,-0.178314315210139,0.0
2019-05-22,0.0,0.32791747421670264,0.0,0.35,0.0,0.0,0.0,0.0
2019-05-23,0.3473460505541048,0.10814298817894805,0.15475323291540358,0.0,0.0,0.0,0.1541455724940861,0.23561215585745754
2019-05-24,0.34216978819177596,0.10829619507191168,0.15090615884907502,0.2387655769773,0.0,0.0,0.15986228090993737,0.0
2019-05-28,0.0,0.2624023880966006,0.35,0.0,0.0,0.0,0.35,0.0
2019-05-29,0.0,0.0,0.35,0.0,0.0,0.0,0.35,0.0
2019-05-30,0.0,0.2205817341220606,0.35,0.0,0.0,0.0,0.32914635051330476,0.0
2019-05-31,0.35,0.14877387231002182,0.273330703933084,0.0,0.0,0.0,0.21142627712070683,0.0
2019-06-03,0.35,0.0,0.0,0.0,0.0,0.0,0.27809083134652895,0.24161957879774748
2019-06-04,0.0,0.0,0.2816064245293638,0.0,-0.27386826658700364,0.0,-0.205414287891413,0.23911102099221954
2019-06-05,0.0,0.0,0.35,0.0,0.0,0.0,0.0,0.35
2019-06-06,0.0,0.0,0.35,0.0,0.0,0.0,-0.28426789380509476,0.32995040004961323
2019-06-07,0.0,0.0,0.34166365620018446,-0.35,0.0,0.0,-0.2594363779753354,0.0
2019-06-10,0.0,0.0,0.0,-0.35,0.0,0.0,0.0,0.0
2019-06-11,0.0,0.0,0.35,-0.35,0.0,0.0,0.0,0.0
2019-06-12,0.35,0.0,0.30413011796152684,0.0,0.0,0.0,0.24590844372057383,0.0
2019-06-13,0.0,0.0,0.0,0.0,0.0,0.0,0.0,0.0
2019-06-14,0.0,0.0,0.0,0.0,0.0,0.0,0.0,0.0
2019-06-17,0.0,0.0,0.0,0.0,0.0,0.0,0.0,0.0
2019-06-18,0.35,0.0,0.0,0.0,0.0,0.0,0.3265092509233168,0.0
2019-06-19,0.0,0.0,0.0,-0.35,0.0,0.0,0.35,0.0
2019-06-20,0.35,0.0,0.0,0.0,0.0,0.0,0.0,0.0
2019-06-21,0.0,0.0,0.0,0.0,0.0,0.0,0.35,-0.35
2019-06-24,0.0,0.0,0.0,0.0,0.0,0.0,0.0,-0.35
2019-06-25,0.0,0.0,0.0,0.0,0.0,0.0,0.35,0.0
2019-06-26,0.0,0.0,0.0,0.0,0.0,0.0,0.35,0.0
2019-06-27,-0.35,0.0,0.35,0.0,0.0,0.0,0.0,0.0
2019-06-28,-0.35,0.0,0.35,0.0,0.0,0.0,0.0,0.0
2019-07-01,-0.35,0.0,0.0,0.0,0.0,0.0,0.0,0.0
2019-07-02,-0.30678721828111283,0.0,0.0,0.0,0.0,0.0,0.276528421057608,-0.35
2019-07-03,-0.35,0.0,0.0,0.0,0.0,0.0,0.0,-0.35
2019-07-05,-0.35,0.0,0.0,0.0,0.0,0.0,0.0,-0.35
2019-07-08,-0.35,0.0,0.0,0.0,0.0,0.0,0.35,0.0
2019-07-09,-0.3065396258010563,0.0,0.0,0.0,0.0,0.0,0.2702158339148652,-0.35
2019-07-10,-0.35,0.0,0.0,0.0,0.0,0.0,0.0,-0.35
2019-07-11,-0.3007619818265984,0.0,0.0,0.0,0.0,0.0,-0.2639423421238798,-0.35
2019-07-12,-0.35,0.0,0.0,0.0,0.0,0.0,0.0,-0.35
2019-07-15,-0.35,0.0,0.0,0.0,0.0,0.0,0.0,-0.35
2019-07-16,0.0,0.0,0.0,0.0,0.0,0.0,0.0,-0.35
2019-07-17,0.0,0.0,0.0,0.0,0.0,0.0,-0.35,0.0
2019-07-18,0.0,0.35,0.0,0.0,0.0,0.0,0.0,0.0
2019-07-19,0.0,0.0,0.0,0.0,0.0,0.0,0.0,0.35
2019-07-22,-0.35,0.0,0.0,0.0,0.0,0.0,0.0,0.0
2019-07-23,0.0,0.0,0.0,0.0,0.0,0.0,0.0,0.0
2019-07-24,0.0,0.0,0.0,0.0,0.0,0.0,0.0,0.0
2019-07-25,0.0,0.0,0.0,0.0,0.0,0.0,0.0,0.0
2019-07-26,0.0,0.35,0.0,0.0,0.0,0.0,0.0,0.0
2019-07-29,0.0,0.0,0.0,0.0,0.0,0.0,0.0,0.35
2019-07-30,0.0,0.0,0.0,0.0,0.0,0.35,0.35,0.0
2019-07-31,0.35,0.0,0.0,0.0,0.0,0.0,0.3081412684604797,0.0
2019-08-01,0.35,0.0,-0.14406693816803837,0.0,0.0,0.0,0.17296673696991705,0.2697791328643421
2019-08-02,0.35,0.0,0.0,0.0,0.0,0.26571747745991664,0.1456103528012066,0.22009172466354698
2019-08-05,0.35,0.0,0.0,0.0,0.0,0.0,0.20773440124307987,0.32620743413837366
2019-08-06,0.0,0.0,0.0,0.0,0.0,0.35,0.21512169731951897,0.34350396806485
2019-08-07,0.35,0.0,0.0,0.0,0.0,0.35,0.0,0.2706731622466058
2019-08-08,0.0,0.0,0.0,0.0,0.0,0.0,-0.35,0.0
2019-08-09,0.35,0.0,0.0,0.0,0.0,0.0,0.34767628353419633,0.0
2019-08-12,0.35,0.0,0.0,0.0,0.0,0.35,0.0,0.28855928625611493
2019-08-13,0.35,0.0,0.0,0.0,0.0,0.0,0.0,0.0
2019-08-14,0.35,0.0,0.0,0.0,0.0,0.0,0.35,0.0
2019-08-15,0.0,0.0,0.0,0.0,0.0,0.0,0.0,0.0
2019-08-16,-0.35,0.0,0.0,0.0,0.0,0.0,0.0,0.0
2019-08-19,0.0,0.0,0.0,0.0,0.0,0.0,0.0,0.0
2019-08-20,0.35,0.0,0.0,0.0,0.0,0.0,0.31351439270384307,0.0
2019-08-21,0.0,0.0,0.0,0.0,0.0,0.0,0.35,0.0
2019-08-22,0.0,0.0,0.0,0.0,0.0,0.0,0.35,0.35
2019-08-23,0.35,0.0,0.0,0.0,0.0,0.0,0.1964655710567999,0.35
2019-08-26,-0.35,0.0,0.0,0.0,0.0,0.0,0.0,0.0
2019-08-27,0.0,0.0,0.0,0.0,0.0,0.0,0.0,0.0
2019-08-28,0.35,0.0,0.0,0.0,0.0,0.0,0.0,0.0
2019-08-29,0.0,0.0,0.0,0.0,0.0,0.0,0.0,0.0
2019-08-30,0.35,0.0,0.0,0.0,0.0,0.0,0.0,0.0
2019-09-03,0.0,0.0,0.0,0.35,0.0,0.0,0.3384340803363435,0.0
2019-09-04,0.0,0.0,0.0,0.0,0.0,0.0,0.0,0.0
2019-09-05,0.0,0.0,0.0,0.0,0.0,0.0,0.0,0.0
2019-09-06,0.0,0.0,0.0,0.0,0.0,0.0,0.35,0.0
2019-09-09,0.0,0.0,0.0,0.0,0.0,0.0,0.0,0.0
2019-09-10,0.0,0.0,0.0,0.35,0.0,0.0,0.0,0.35
2019-09-11,0.0,0.0,0.0,0.0,0.0,0.0,0.0,0.0
2019-09-12,-0.35,0.0,0.0,0.0,0.0,0.0,0.0,0.0
2019-09-13,0.35,0.0,0.0,0.0,0.0,0.0,0.0,0.0
2019-09-16,0.0,0.0,0.0,0.0,0.0,0.0,0.0,0.0
2019-09-17,0.0,0.0,0.0,0.0,0.0,0.0,0.0,0.0
2019-09-18,0.35,0.0,0.0,0.0,0.0,0.0,0.0,0.0
2019-09-19,0.0,0.0,0.0,0.0,0.0,0.0,0.0,0.0
2019-09-20,-0.35,0.0,0.0,0.0,0.0,0.0,0.35,0.0
2019-09-23,0.0,0.0,0.0,0.0,0.0,0.0,0.0,0.0
2019-09-24,0.0,-0.35,0.0,0.0,0.0,0.0,0.35,0.0
2019-09-25,0.0,0.0,0.0,0.0,0.0,0.0,0.0,0.0
2019-09-26,0.0,-0.3380816508257536,0.0,0.0,0.0,0.0,0.0,0.35
2019-09-27,0.0,0.0,-0.35,0.0,0.0,0.0,0.22149467557437866,0.3396393875806186
2019-09-30,0.0,0.0,0.0,0.0,0.0,0.0,0.0,0.35
2019-10-01,0.0,0.0,0.0,0.0,0.0,0.0,0.35,0.35
2019-10-02,0.0,0.0,-0.2822919934712004,0.29481426154511187,0.0,0.0,0.15989331058990883,0.2630004343937788
2019-10-03,0.0,0.0,0.0,0.0,0.0,0.0,0.0,0.0
2019-10-04,0.0,0.0,0.0,0.0,0.0,0.0,0.0,0.0
2019-10-07,0.0,0.0,0.0,0.0,0.0,0.0,-0.35,0.0
2019-10-08,0.0,0.0,0.0,0.0,0.0,0.0,0.35,0.0
2019-10-09,0.0,0.0,0.0,0.0,0.0,0.0,0.0,0.0
2019-10-10,0.0,0.0,0.0,0.0,0.0,0.0,0.0,0.0
2019-10-11,0.0,0.0,0.0,0.0,0.0,0.0,0.0,0.0
2019-10-14,0.0,0.0,0.0,0.0,0.0,0.0,0.0,0.35
2019-10-15,0.0,0.0,0.0,0.0,0.0,0.0,0.0,0.0
2019-10-16,0.0,0.0,0.0,0.0,0.0,0.0,0.35,0.0
2019-10-17,0.35,0.0,-0.35,0.0,0.0,0.0,0.0,0.0
2019-10-18,0.0,0.0,0.0,0.0,0.0,0.0,0.35,0.0
2019-10-21,-0.35,0.0,0.0,0.0,0.0,0.0,0.0,0.0
2019-10-22,0.35,0.0,0.0,0.35,0.0,0.0,0.21946113403934672,0.0
2019-10-23,0.0,0.0,0.0,0.0,0.0,0.0,0.0,0.0
2019-10-24,0.0,0.0,0.0,0.0,0.35,0.0,0.0,0.0
2019-10-25,0.0,0.0,0.0,0.0,0.0,0.0,0.0,0.0
2019-10-28,-0.35,0.0,0.0,0.0,0.0,0.0,0.0,0.0
2019-10-29,0.0,0.0,-0.35,0.0,0.0,0.0,0.0,0.0
2019-10-30,0.0,0.0,0.0,-0.35,0.0,0.0,0.0,0.0
2019-10-31,0.0,0.0,0.0,0.0,0.0,0.0,0.0,0.0
2019-11-01,0.0,0.0,0.0,0.0,0.0,0.0,0.0,0.0
2019-11-04,-0.35,0.0,0.0,0.0,0.0,0.0,0.0,-0.35
2019-11-05,-0.35,0.0,0.0,0.0,0.0,0.0,0.0,0.0
2019-11-06,0.0,0.0,0.0,0.0,0.0,0.0,0.0,0.0
2019-11-07,0.0,0.0,-0.35,0.0,0.0,0.0,0.0,0.0
2019-11-08,0.0,0.0,0.0,0.0,0.0,0.0,0.0,0.0
2019-11-11,0.0,0.0,0.0,0.0,0.0,0.0,0.0,0.0
2019-11-12,-0.35,0.0,0.0,0.0,0.0,0.0,-0.3319991623205839,0.0
2019-11-13,0.0,0.0,0.0,0.0,0.0,0.0,0.0,0.0
2019-11-14,0.0,0.0,0.0,0.0,0.0,0.0,-0.35,0.0
2019-11-15,-0.35,0.0,0.0,0.0,0.0,0.0,-0.29256839854858613,0.0
2019-11-18,0.0,0.0,0.0,0.0,0.0,0.0,0.0,0.0
2019-11-19,0.0,0.0,0.0,0.0,0.0,0.0,0.0,-0.35
2019-11-20,0.0,0.0,0.0,-0.35,0.0,0.0,0.0,0.0
2019-11-21,0.0,0.0,0.0,0.0,0.0,0.0,0.0,0.0
2019-11-22,0.0,0.0,0.0,0.0,0.0,0.0,0.0,0.0
2019-11-25,0.0,0.0,0.0,0.0,0.0,0.0,0.0,0.0
2019-11-26,0.0,0.0,0.0,0.0,0.0,0.0,0.35,0.0
2019-11-27,0.0,0.0,0.0,0.0,0.0,0.0,-0.33733722566290497,-0.35
2019-11-29,0.0,0.0,0.0,0.0,0.0,0.0,0.0,0.0
2019-12-02,0.35,0.0,0.0,0.35,0.0,0.0,0.11673757006309042,0.0
2019-12-03,0.0,0.0,0.0,0.0,0.0,0.0,0.35,0.0
2019-12-04,0.0,0.0,0.0,0.0,0.0,0.0,0.0,0.0
2019-12-05,0.0,0.0,0.0,0.35,0.0,0.0,0.0,0.0
2019-12-06,0.0,0.0,0.0,0.0,0.0,0.0,-0.3095677529875649,-0.35
2019-12-09,0.0,0.0,0.0,0.0,0.0,0.0,-0.35,0.0
2019-12-10,0.0,0.0,0.0,0.0,0.0,0.0,0.0,0.0
2019-12-11,0.0,0.0,0.0,0.0,0.0,0.0,0.0,0.0
2019-12-12,0.0,0.0,0.0,0.0,0.0,0.0,0.0,0.0
2019-12-13,0.0,0.0,0.0,0.0,0.0,0.0,0.0,0.35
2019-12-16,0.35,0.0,0.0,0.0,0.0,0.0,0.0,0.0
2019-12-17,0.35,0.0,0.0,0.0,0.0,0.0,0.0,0.0
2019-12-18,0.0,0.0,0.0,0.0,0.0,0.0,-0.35,0.0
2019-12-19,0.0,0.0,0.0,0.0,0.35,0.0,0.0,0.0
2019-12-20,0.0,0.0,0.0,0.35,0.0,0.0,-0.27057783324726203,0.0
2019-12-23,-0.35,0.0,0.0,0.0,0.0,0.0,-0.35,0.0
2019-12-24,0.0,0.0,0.0,0.0,0.0,0.0,-0.35,0.35
2019-12-26,0.0,0.0,0.0,0.0,0.0,0.0,-0.35,0.0
2019-12-27,0.0,0.0,0.0,0.0,0.0,0.0,-0.35,0.0
2019-12-30,0.35,0.0,0.0,0.0,0.0,0.0,0.0,0.0
2019-12-31,0.0,0.0,0.0,0.0,0.0,0.0,-0.35,0.0
2020-01-02,0.0,0.0,0.0,0.0,0.0,0.0,-0.35,0.0
2020-01-03,0.35,0.0,0.0,0.35,0.0,0.0,0.0,0.0
2020-01-06,0.0,0.0,0.0,0.0,0.0,0.0,-0.35,-0.35
2020-01-07,0.0,0.0,0.0,0.0,0.0,0.0,-0.35,-0.35
2020-01-08,0.0,0.0,0.0,0.0,0.0,0.0,0.0,-0.35
2020-01-09,0.0,0.0,0.0,0.0,0.0,0.0,-0.35,-0.35
2020-01-10,0.0,0.0,0.0,0.0,0.0,0.0,-0.35,-0.35
2020-01-13,0.0,-0.16597973036274222,0.0,0.0,0.0,0.0,-0.35,-0.35
2020-01-14,0.0,0.0,0.0,0.0,0.0,0.0,0.35,0.0
2020-01-15,0.0,0.0,0.0,0.0,0.0,0.0,0.0,-0.35
2020-01-16,0.0,0.0,0.0,0.0,0.0,0.0,-0.35,-0.35
2020-01-17,0.0,0.0,0.0,0.0,0.0,0.0,-0.35,-0.35
2020-01-21,0.0,0.0,0.0,0.0,0.0,0.0,0.0,-0.35
2020-01-22,0.0,0.0,0.0,0.0,0.0,0.0,-0.35,-0.35
2020-01-23,0.0,0.0,0.0,0.0,0.0,0.0,-0.35,0.0
2020-01-24,0.35,0.0,0.0,0.0,0.0,0.0,0.0,0.0
2020-01-27,0.0,0.0,0.0,0.0,0.0,0.0,0.0,0.35
2020-01-28,0.0,0.0,0.0,0.0,0.0,0.0,0.0,0.0
2020-01-29,0.0,0.0,0.0,0.0,0.0,0.0,0.0,0.0
2020-01-30,0.0,-0.35,0.0,0.0,0.0,0.0,0.0,0.0
2020-01-31,0.35,0.0,0.0,0.0,0.0,0.0,0.2577382100950521,0.24520385816050214
2020-02-03,0.0,-0.12722132799818225,0.0,-0.35,0.0,0.0,0.0,0.34840655985649843
2020-02-04,0.0,-0.1196195059226323,-0.35,0.0,0.0,-0.35,0.0,0.0
2020-02-05,0.0,0.0,0.0,0.0,0.0,0.0,-0.35,0.35
2020-02-06,0.0,0.0,0.0,-0.35,0.0,0.0,-0.35,0.0
2020-02-07,0.0,0.0,0.0,-0.35,0.0,0.0,0.0,0.0
2020-02-10,0.0,0.0,0.0,0.0,0.0,0.0,0.0,0.0
2020-02-11,0.0,0.22021464554769388,0.0,0.0,0.0,0.0,0.0,0.35
2020-02-12,-0.35,0.0,0.0,0.0,0.0,0.0,0.34951840486088964,0.0
2020-02-13,0.0,0.0,0.0,0.0,0.0,0.0,0.35,0.0
2020-02-14,0.0,0.0,0.0,0.0,0.0,0.0,0.35,0.0
2020-02-18,0.0,0.0,0.0,0.0,0.0,0.0,0.0,0.0
2020-02-19,0.0,0.0,0.0,0.0,0.0,0.0,0.35,0.0
2020-02-20,0.0,0.0,0.0,0.0,0.0,0.0,0.0,0.0
2020-02-21,0.0,0.0,0.0,0.0,0.0,0.0,0.35,0.0
2020-02-24,0.0,0.0,0.0,0.0,0.0,0.0,0.35,0.35
2020-02-25,0.0,0.0,0.0,0.0,0.0,0.0,0.35,0.35
2020-02-26,0.0,0.12810115887152418,0.0,0.0,0.35,0.0,0.0,0.35
2020-02-27,0.0,0.09295786036677361,0.35,0.0,0.0,0.0,0.20482276607975353,0.3288099498966138
2020-02-28,0.0,0.11463272107349547,0.35,0.0,0.0,0.0,0.0,0.35
2020-03-02,0.0,0.0,0.0,0.0,-0.35,0.0,0.0,0.0
2020-03-03,0.0,0.0,0.35,0.0,0.0,0.0,0.21628284428580355,0.35
2020-03-04,0.0,0.0,0.0,0.0,0.0,0.0,0.0,0.0
2020-03-05,0.0,0.0,0.35,0.0,0.0,0.0,0.0,0.35
2020-03-06,0.0,0.0,0.35,0.27876829360528604,0.0,0.0,0.0,0.35
2020-03-09,0.0,0.14974528804100803,0.3258933582879302,0.0,0.0,0.0,0.18753166379731537,0.3368296898737464
2020-03-10,0.0,0.1620959220991522,0.33398831069626667,0.2646406914016912,-0.2392750758028899,0.0,0.0,0.0
2020-03-11,0.0,0.12456772669184442,0.24554112587499116,0.19905154925266588,0.18159448186459984,0.0,0.0,0.24924511631589874
2020-03-12,0.0,0.24587089094637946,0.35,0.0,0.0,0.0,0.2864903063607951,0.0
2020-03-13,0.0,0.35,0.35,0.0,0.0,0.0,0.0,0.0
2020-03-16,0.0,0.17925540841718354,0.27785730783430956,0.0,0.0,-0.35,0.18514071000235147,0.0
2020-03-17,0.0,0.28648057277954897,0.35,0.3048997715633902,0.0,0.0,0.0,0.0
2020-03-18,0.0,0.16784550180274738,0.2448878313818723,0.0,0.19510724980130242,0.0,0.1604839728361607,0.23167544417791702
2020-03-19,0.0,0.20631983662316716,0.35,0.0,0.0,-0.35,0.0,0.0
2020-03-20,0.0,0.1811703597135322,0.3165524445750543,0.0,0.0,0.0,0.20731388519573923,0.2949633105156743
2020-03-23,0.0,0.17473352722007826,0.3080863406158057,0.23016211734843833,0.0,0.0,0.0,0.28701801481567774
2020-03-24,0.0,0.0,0.35,0.0,-0.32847400904623314,0.0,0.2572791595124097,0.0
2020-03-25,0.0,0.0,0.35,0.0,0.0,0.0,0.35,0.0
2020-03-26,0.0,0.2866547494939272,0.0,-0.35,0.0,0.0,0.32145896597064955,0.0
2020-03-27,0.0,0.35,0.0,0.0,0.0,0.0,0.35,0.0
2020-03-30,0.0,0.29622222430679224,0.0,-0.35,0.0,0.0,0.31994304976212407,0.0
2020-03-31,0.0,0.0,0.0,0.0,0.0,0.0,0.35,0.0
2020-04-01,0.0,0.2617337735176482,0.35,0.0,0.0,0.0,0.2892632991776919,0.0
2020-04-02,0.0,0.2449068102556156,0.35,0.3292076297064341,0.0,0.0,0.0,0.0
2020-04-03,0.0,0.0,0.35,0.32247034676047526,0.0,0.0,0.2625010679194892,0.0
2020-04-06,0.0,0.0,0.0,0.0,0.0,0.0,0.0,0.0
2020-04-07,0.0,0.0,0.0,0.0,0.0,0.0,0.0,0.0
2020-04-08,0.0,0.0,-0.35,0.0,0.0,0.0,0.0,0.0
2020-04-09,0.0,0.0,0.0,0.0,0.0,0.0,0.0,0.0
2020-04-13,0.0,0.0,-0.35,0.0,0.0,-0.35,0.0,0.0
2020-04-14,0.0,0.0,-0.35,-0.35,0.0,0.0,0.0,0.0
2020-04-15,0.0,0.0,-0.35,0.0,0.0,0.0,0.0,0.0
2020-04-16,0.0,0.0,0.0,-0.35,0.0,-0.35,0.0,0.0
2020-04-17,0.0,0.0,0.0,0.0,0.35,0.0,0.0,0.0
2020-04-20,0.0,0.0,0.0,0.0,0.0,0.0,0.0,0.0
2020-04-21,0.0,0.0,0.0,0.0,0.0,0.0,0.35,0.0
2020-04-22,0.0,0.0,-0.35,0.0,0.0,0.0,0.0,0.0
2020-04-23,0.0,0.0,0.0,0.35,0.0,0.0,0.0,0.0
2020-04-24,0.0,0.0,0.0,0.0,0.0,0.0,0.0,0.0
2020-04-27,0.0,0.0,0.0,0.0,0.0,0.35,0.0,0.0
2020-04-28,0.0,0.0,0.0,0.35,0.0,0.0,0.0,0.0
2020-04-29,0.0,0.0,-0.35,0.0,0.0,0.0,0.0,0.0
2020-04-30,0.0,0.0,-0.35,0.0,0.0,0.0,0.0,0.0
2020-05-01,0.0,0.0,-0.35,0.35,0.0,0.0,0.0,0.0
2020-05-04,0.0,0.0,0.0,0.0,0.0,0.0,0.0,-0.35
2020-05-05,0.0,0.0,-0.31637437114985884,-0.35,0.0,0.0,0.0,-0.3181676815217998
2020-05-06,0.0,0.0,0.0,0.0,0.0,0.0,0.0,-0.35
2020-05-07,0.0,0.0,0.0,0.0,0.0,0.0,0.0,-0.35
2020-05-08,0.0,0.0,0.0,0.0,0.0,0.0,0.0,-0.35
2020-05-11,0.0,0.0,-0.31308955664599525,-0.35,0.0,0.0,0.0,-0.32131205179615946
2020-05-12,0.0,0.0,0.0,0.0,0.0,0.0,0.0,0.0
2020-05-13,0.0,0.0,0.0,0.0,0.0,0.0,0.0,0.0
2020-05-14,0.0,0.0,0.0,0.0,0.0,0.0,0.0,0.0
2020-05-15,0.0,0.0,0.0,0.0,0.0,0.0,0.0,-0.35
2020-05-18,0.0,0.0,0.0,0.0,0.0,0.0,0.0,-0.35
2020-05-19,0.0,0.0,0.0,0.0,0.0,0.0,0.0,0.0
2020-05-20,0.0,0.0,0.0,0.0,0.0,0.0,0.0,0.0
2020-05-21,0.0,0.0,0.0,0.0,0.0,0.0,0.0,0.0
2020-05-22,0.0,0.0,0.0,0.0,0.0,0.0,0.0,0.0
2020-05-26,0.0,0.0,0.0,0.0,0.0,0.0,0.0,0.0
2020-05-27,0.0,0.0,0.0,0.0,0.0,0.0,0.0,0.0
2020-05-28,0.0,0.0,0.0,0.0,0.0,0.0,0.0,0.0
2020-05-29,0.0,0.0,0.0,0.0,0.0,0.0,0.0,0.0
2020-06-01,0.0,0.0,0.0,0.0,0.0,0.0,0.0,0.0
2020-06-02,0.0,0.0,0.0,0.0,0.0,0.0,0.0,0.0
2020-06-03,0.0,0.0,0.0,0.0,0.0,0.0,0.0,0.0
2020-06-04,0.0,0.0,0.0,0.0,0.0,0.0,0.0,0.0
2020-06-05,0.0,0.0,0.0,0.0,0.0,0.0,0.0,0.0
2020-06-08,0.0,0.0,0.0,0.0,0.0,0.0,0.0,0.0
2020-06-09,0.0,0.0,0.0,0.0,-0.35,0.0,0.0,0.0
2020-06-10,0.0,0.0,0.0,-0.35,0.0,0.0,0.0,0.0
2020-06-11,0.0,0.0,0.0,0.0,0.0,0.0,0.0,0.0
2020-06-12,0.0,0.0,0.0,0.0,0.0,0.0,0.0,0.0
2020-06-15,0.0,0.0,0.0,0.0,0.0,0.0,0.0,0.0
2020-06-16,0.0,0.0,0.0,0.0,0.0,0.0,0.0,0.0
2020-06-17,0.0,0.0,0.0,0.0,0.0,0.0,0.0,0.0
2020-06-18,0.0,0.0,0.0,0.0,0.0,0.0,0.0,0.0
2020-06-19,0.0,0.35,0.0,0.0,0.0,0.0,0.0,0.0
2020-06-22,0.0,0.3280217419946833,0.0,-0.35,0.0,0.0,0.0,0.0
2020-06-23,0.0,0.0,0.0,0.0,0.0,0.0,0.0,0.0
2020-06-24,0.35,0.0,0.0,0.0,0.0,0.0,0.0,0.0
2020-06-25,0.0,0.0,0.0,0.0,0.0,0.0,0.0,0.0
2020-06-26,0.0,0.0,0.0,0.0,0.0,0.0,0.0,0.0
2020-06-29,0.0,0.0,0.0,0.0,0.0,0.0,0.0,0.0
2020-06-30,0.0,0.0,0.0,0.0,0.0,0.0,0.0,0.0
2020-07-01,0.0,0.0,0.0,0.0,0.0,0.0,0.0,0.0
2020-07-02,0.0,0.0,0.0,0.0,0.0,0.0,0.0,0.0
2020-07-06,0.0,0.0,0.0,0.0,0.0,0.0,0.0,0.0
2020-07-07,0.0,0.0,-0.35,0.0,0.0,0.0,0.0,0.0
2020-07-08,0.0,0.0,0.0,-0.35,0.0,0.0,0.0,0.0
2020-07-09,0.0,0.0,0.0,-0.35,0.0,0.0,0.0,0.0
2020-07-10,0.0,0.0,0.0,0.0,0.0,-0.35,0.0,0.0
2020-07-13,0.0,0.0,0.0,0.0,0.0,0.0,0.35,0.0
2020-07-14,0.0,0.0,0.0,0.0,0.0,0.0,0.0,0.0
2020-07-15,0.0,0.0,0.0,0.0,0.0,0.0,0.0,0.0
2020-07-16,0.0,0.0,0.0,0.0,0.0,0.35,0.0,0.0
2020-07-17,0.0,0.0,0.0,0.0,0.0,0.0,0.0,0.0
2020-07-20,0.0,0.0,0.0,-0.35,0.0,0.0,0.0,0.0
2020-07-21,0.0,0.0,0.0,0.0,0.0,0.0,0.0,0.0
2020-07-22,0.0,0.0,0.0,0.0,0.0,0.0,0.0,0.0
2020-07-23,0.0,0.0,0.0,0.0,0.0,0.0,0.0,0.0
2020-07-24,0.0,0.0,0.0,0.0,0.0,0.0,0.0,0.0
2020-07-27,0.0,0.0,0.0,0.0,0.0,0.0,0.0,0.0
2020-07-28,0.0,0.0,0.0,0.0,0.0,0.0,0.0,0.0
2020-07-29,0.0,0.0,0.0,0.0,0.0,0.0,0.0,0.0
2020-07-30,0.0,0.0,0.0,0.0,0.0,0.0,0.0,0.0
2020-07-31,0.0,0.0,-0.35,0.0,0.0,0.0,0.0,0.0
2020-08-03,0.0,0.0,0.0,-0.35,0.0,0.0,0.0,0.0
2020-08-04,0.0,0.0,0.0,0.0,0.0,0.0,0.0,0.0
2020-08-05,0.0,0.0,0.35,0.0,0.0,0.0,0.0,0.0
2020-08-06,0.0,0.0,0.0,-0.35,0.0,0.0,0.0,0.0
2020-08-07,0.0,0.0,0.0,0.0,0.0,0.0,0.0,0.0
2020-08-10,0.0,0.0,0.0,0.35,0.0,0.0,0.0,0.0
2020-08-11,0.0,0.0,0.0,0.35,0.0,0.0,0.0,0.0
2020-08-12,0.0,0.0,0.0,0.0,0.0,0.0,0.0,0.0
2020-08-13,0.0,0.0,0.0,0.0,0.0,0.0,0.0,0.0
2020-08-14,0.0,0.0,0.0,0.0,0.0,0.0,0.0,0.0
2020-08-17,0.0,0.0,0.0,0.0,0.0,0.0,0.0,0.0
2020-08-18,0.0,0.0,0.0,0.0,0.0,0.0,0.0,0.0
2020-08-19,0.0,0.0,0.0,0.0,0.0,0.0,0.0,0.0
2020-08-20,0.0,0.0,0.0,0.0,0.0,0.0,0.0,0.0
2020-08-21,0.0,0.0,0.0,0.0,0.0,0.0,0.0,0.0
2020-08-24,0.0,0.0,0.0,0.0,0.0,0.0,0.0,0.0
2020-08-25,0.0,0.0,0.0,0.0,0.0,0.0,0.0,-0.35
2020-08-26,0.0,0.0,0.0,-0.35,0.0,0.0,0.0,0.0
2020-08-27,0.0,0.0,0.0,-0.35,0.0,0.0,0.0,0.0
2020-08-28,0.0,0.0,0.0,-0.35,0.0,0.0,0.0,0.0
2020-08-31,0.0,0.0,0.0,0.0,0.0,0.0,0.0,0.0
2020-09-01,0.0,0.0,0.0,0.0,0.0,0.0,-0.35,0.0
2020-09-02,0.0,0.0,0.0,-0.35,0.0,0.0,0.0,0.0
2020-09-03,0.0,0.0,0.0,0.0,0.0,0.0,0.35,0.0
2020-09-04,0.0,0.0,0.0,0.0,0.0,0.0,0.0,0.0
2020-09-08,0.0,0.0,-0.3071041003370687,0.28003333174367906,0.0,0.0,0.1771376097668744,0.23572495815237782
2020-09-09,0.0,0.0,0.0,0.0,-0.35,0.0,0.0,0.35
2020-09-10,0.0,0.0,0.0,0.0,0.0,0.0,0.35,0.35
2020-09-11,0.0,0.0,0.0,0.0,0.0,0.0,0.0,0.35
2020-09-14,0.0,0.0,0.0,0.0,-0.35,0.0,0.0,0.0
2020-09-15,0.0,0.0,0.0,0.0,0.0,0.0,0.0,0.0
2020-09-16,0.0,0.0,0.0,0.35,0.0,0.0,0.0,0.0
2020-09-17,0.0,0.0,0.0,0.35,0.0,0.0,0.0,0.0
2020-09-18,0.0,0.0,0.0,0.35,0.0,0.0,0.0,0.0
2020-09-21,0.0,0.0,0.0,0.0,-0.35,0.0,0.0,0.35
2020-09-22,0.0,0.0,0.0,0.0,0.0,0.0,0.0,0.0
2020-09-23,0.0,0.0,0.35,0.35,0.0,0.0,0.0,0.0
2020-09-24,0.0,0.0,0.35,0.0,0.0,0.0,0.0,0.0
2020-09-25,0.0,0.0,0.0,0.0,-0.35,0.0,0.0,0.0
2020-09-28,0.0,0.0,0.0,0.0,0.0,0.0,0.0,0.0
2020-09-29,0.0,0.0,0.0,0.35,0.0,0.0,0.0,0.0
2020-09-30,0.0,0.0,0.0,-0.35,0.0,0.0,0.0,0.0
2020-10-01,0.0,0.0,0.0,-0.35,0.0,0.0,0.0,0.0
2020-10-02,0.0,0.0,0.0,0.35,0.0,0.0,0.0,0.0
2020-10-05,0.0,0.0,0.0,0.0,0.0,0.0,0.0,0.0
2020-10-06,0.0,0.0,0.0,0.35,0.0,0.0,0.0,0.0
2020-10-07,0.0,0.0,0.0,0.0,0.0,0.0,0.0,0.0
2020-10-08,0.0,0.0,0.0,0.0,0.0,0.0,0.35,0.0
2020-10-09,0.0,0.0,0.0,-0.35,0.0,0.0,0.35,0.0
2020-10-12,0.0,0.0,0.0,-0.35,0.0,0.0,0.0,0.0
2020-10-13,0.0,0.0,0.0,-0.35,0.0,0.0,0.0,0.0
2020-10-14,0.0,0.0,0.0,0.0,0.0,0.0,0.0,0.0
2020-10-15,0.0,0.0,0.0,0.0,0.0,0.0,0.35,0.0
2020-10-16,0.0,0.0,0.0,0.0,0.0,0.0,0.0,0.0
2020-10-19,0.0,0.0,0.0,0.0,0.0,0.0,0.0,0.0
2020-10-20,0.0,0.0,0.0,0.0,0.0,0.0,0.0,0.0
2020-10-21,0.0,0.0,0.0,0.0,0.0,0.0,0.0,0.0
2020-10-22,0.0,0.0,0.0,0.0,0.0,0.0,0.0,0.0
2020-10-23,0.0,0.0,0.0,0.0,0.0,0.0,0.0,0.0
2020-10-26,0.0,0.0,0.0,0.35,0.0,0.0,0.0,0.0
2020-10-27,0.0,0.0,0.0,0.0,0.0,0.0,0.0,0.0
2020-10-28,0.35,0.0,0.0,0.0,0.0,0.0,0.0,0.0
2020-10-29,0.0,0.0,0.0,0.0,-0.35,0.0,0.0,0.0
2020-10-30,0.0,0.0,0.0,0.0,0.0,0.0,0.0,0.0
2020-11-02,0.0,0.0,0.0,0.0,0.0,0.0,0.0,0.0
2020-11-03,0.0,0.0,0.0,0.0,0.0,0.0,0.0,0.0
2020-11-04,0.0,0.0,-0.3220235084432696,-0.35,-0.29133070055877847,0.0,0.0,0.0
2020-11-05,0.0,0.0,-0.35,-0.35,0.0,0.0,0.0,0.0
2020-11-06,0.0,0.0,-0.35,-0.35,0.0,0.0,0.0,0.0
2020-11-09,0.0,0.0,-0.35,0.0,0.0,0.0,0.35,0.0
2020-11-10,0.0,0.0,0.0,0.35,0.0,0.0,0.35,0.0
2020-11-11,0.0,0.0,0.0,0.0,0.0,0.0,0.0,0.0
2020-11-12,0.0,0.0,0.0,0.0,0.0,0.0,0.0,0.0
2020-11-13,0.0,0.0,0.0,0.0,0.0,0.0,0.0,0.0
2020-11-16,0.0,0.0,0.0,0.0,0.0,0.0,0.0,0.0
2020-11-17,0.0,0.0,0.0,0.0,0.0,0.0,0.0,0.0
2020-11-18,0.0,0.0,0.0,0.35,0.0,0.0,0.0,0.0
2020-11-19,0.0,0.0,0.0,0.0,0.0,0.0,0.0,0.0
2020-11-20,0.0,0.0,0.0,0.0,0.0,0.0,0.0,0.0
2020-11-23,0.0,0.0,0.0,0.0,0.0,0.0,0.0,0.0
2020-11-24,0.0,0.0,0.0,0.0,0.0,0.0,0.0,0.0
2020-11-25,0.0,0.0,0.0,0.0,0.0,0.0,0.0,0.0
2020-11-27,0.0,0.0,0.0,0.0,0.0,0.0,0.0,0.0
2020-11-30,0.0,0.0,0.0,0.0,0.0,0.0,0.0,0.0
2020-12-01,0.0,0.0,-0.35,0.0,0.0,0.0,0.0,0.0
2020-12-02,0.0,0.0,0.0,0.0,0.0,0.0,0.0,0.0
2020-12-03,0.0,0.0,0.0,0.0,0.0,0.0,0.0,0.0
2020-12-04,0.0,0.0,0.0,0.0,0.0,0.0,0.0,0.0
2020-12-07,0.0,0.0,0.0,0.0,0.0,0.0,0.0,0.0
2020-12-08,0.0,0.0,0.0,0.0,0.0,0.0,0.0,0.0
2020-12-09,0.0,0.0,0.0,0.0,0.0,0.0,0.0,0.0
2020-12-10,0.0,0.0,0.0,0.0,0.0,0.0,0.0,0.0
2020-12-11,0.0,0.0,0.0,0.0,0.0,0.0,0.0,0.0
2020-12-14,0.0,0.0,0.0,0.0,0.0,0.0,0.0,0.0
2020-12-15,0.0,0.0,0.0,0.0,0.0,0.0,0.0,0.0
2020-12-16,-0.35,0.0,0.0,0.0,0.0,0.0,0.0,0.0
2020-12-17,0.0,0.0,0.0,0.0,0.0,0.0,0.0,0.0
2020-12-18,0.0,0.0,0.0,0.0,0.0,0.0,0.0,0.0
2020-12-21,0.0,0.0,0.0,0.0,0.0,0.0,0.0,0.0
2020-12-22,0.0,0.0,0.0,0.0,0.0,0.0,0.0,0.0
2020-12-23,0.0,0.0,0.0,0.0,0.0,0.0,0.0,0.0
2020-12-24,-0.35,0.0,0.0,0.0,0.0,0.0,0.0,0.0
2020-12-28,-0.35,0.0,0.0,0.0,0.0,0.0,0.0,0.0
2020-12-29,-0.35,0.0,0.0,0.0,0.0,0.0,0.0,0.0
2020-12-30,-0.35,0.0,0.0,0.0,0.0,0.0,0.0,0.0
2020-12-31,-0.35,0.0,0.0,0.0,0.0,0.0,0.0,0.0
2021-01-04,0.0,0.0,0.0,0.0,0.0,0.0,0.0,0.0
2021-01-05,0.0,0.0,0.0,0.0,0.0,0.0,0.0,0.0
2021-01-06,0.0,0.0,0.0,0.0,0.0,0.0,0.0,0.0
2021-01-07,0.0,0.0,0.0,0.0,-0.35,0.0,0.0,0.0
2021-01-08,0.0,0.0,0.0,0.0,0.0,0.0,0.0,0.0
2021-01-11,0.0,0.0,0.0,0.0,0.0,0.0,0.0,0.0
2021-01-12,0.0,0.0,0.0,0.0,0.0,0.0,0.0,0.35
2021-01-13,0.0,0.0,0.0,0.0,0.0,0.0,0.0,0.0
2021-01-14,0.0,0.0,0.0,0.35,0.0,0.0,0.0,0.35
2021-01-15,0.0,0.0,0.0,0.0,0.0,0.0,0.0,0.0
2021-01-19,0.0,0.0,0.0,0.0,0.0,0.0,0.0,0.0
2021-01-20,0.0,0.0,-0.35,-0.35,0.0,0.0,0.0,0.0
2021-01-21,0.0,0.35,-0.35,0.0,0.0,0.0,0.0,0.0
2021-01-22,0.0,0.0,-0.35,0.0,0.0,0.0,0.0,0.0
2021-01-25,0.0,0.0,-0.35,-0.35,0.0,0.0,0.0,0.0
2021-01-26,0.0,0.0,-0.35,0.0,0.0,0.0,0.0,0.0
2021-01-27,0.0,0.0,0.0,0.0,0.0,0.0,0.35,0.0
2021-01-28,0.0,0.0,0.0,0.0,0.0,0.0,0.0,0.0
2021-01-29,0.0,0.0,0.0,0.0,0.0,0.0,0.0,0.0
2021-02-01,0.0,0.0,0.0,-0.35,0.0,0.0,0.0,0.0
2021-02-02,0.0,0.0,0.0,0.0,0.0,0.0,0.0,0.0
2021-02-03,0.0,0.0,-0.35,-0.35,0.0,0.0,0.0,0.0
2021-02-04,0.0,0.0,-0.35,0.0,0.0,0.0,0.0,0.0
2021-02-05,0.0,0.0,-0.35,0.0,0.0,0.0,0.0,0.0
2021-02-08,0.0,0.0,0.0,0.0,0.0,0.0,0.0,0.0
2021-02-09,0.0,0.0,0.0,0.0,0.0,0.0,0.0,0.0
2021-02-10,0.0,0.0,0.0,0.0,0.0,0.0,0.0,0.0
2021-02-11,0.0,0.0,0.0,0.0,0.0,0.0,0.0,0.0
2021-02-12,0.0,0.0,0.0,0.0,0.0,0.0,0.0,0.0
2021-02-16,0.0,0.0,0.0,0.0,0.0,0.0,0.0,0.0
2021-02-17,0.0,0.0,0.0,0.0,0.0,0.0,0.0,0.0
2021-02-18,0.0,0.0,0.0,0.0,0.0,-0.35,0.0,0.0
2021-02-19,0.0,0.0,0.0,0.35,0.0,0.0,0.0,0.35
2021-02-22,0.0,0.13738634384117532,0.0,0.31074726035092504,0.26660185192673747,0.0,0.0,0.2852645438811622
2021-02-23,0.0,0.0,0.0,0.35,0.0,0.35,0.0,0.0
2021-02-24,0.0,0.0,0.0,0.0,0.0,0.35,0.0,0.35
2021-02-25,0.0,0.08385035318038087,0.0,0.2132135936298335,0.19575912308522492,0.2021225189279645,0.10508758364635935,0.1999668275302368
2021-02-26,0.0,0.16259533237306506,0.0,0.35,0.35,0.0,0.0,0.0
2021-03-01,0.0,0.0,0.0,0.0,-0.35,0.0,0.0,0.0
2021-03-02,0.0,0.0,0.0,0.35,0.0,0.0,0.0,0.35
2021-03-03,0.0,0.09953745673330337,0.0,0.289725105861603,0.0,0.2624877279816861,0.11298553998423237,0.23526416943917514
2021-03-04,0.0,0.0,0.0,0.35,0.0,0.35,0.0,0.0
2021-03-05,0.0,0.0,0.0,0.0,0.0,0.35,0.0,0.0
2021-03-08,0.0,0.10157280130729333,0.0,0.28778414939255537,0.0,0.2873355979205252,0.10874444761651986,0.2145630037631063
2021-03-09,0.0,0.0,0.0,0.0,-0.35,-0.35,0.0,0.0
2021-03-10,0.0,0.0,0.0,0.0,0.0,-0.35,0.0,0.0
2021-03-11,0.0,0.0,0.0,0.0,0.0,-0.35,0.0,0.0
2021-03-12,0.0,0.0,0.0,0.0,0.0,-0.35,0.0,0.0
2021-03-15,0.0,0.0,0.0,0.0,0.0,-0.35,0.0,0.0
2021-03-16,0.0,0.0,0.0,0.0,0.0,-0.35,0.0,0.0
2021-03-17,0.0,0.0,0.0,0.0,0.0,0.35,0.0,0.0
2021-03-18,0.0,0.0,0.0,0.35,0.0,0.35,0.0,0.0
2021-03-19,0.0,0.0,0.0,0.0,0.0,-0.35,0.0,0.0
2021-03-22,0.0,0.0,0.0,0.0,-0.29496523241357847,-0.35,0.0,-0.3086067462447178
2021-03-23,0.0,0.0,0.0,0.0,0.0,-0.35,0.0,0.0
2021-03-24,0.0,0.0,0.0,0.0,0.0,0.0,0.0,0.0
2021-03-25,0.0,0.0,0.0,0.35,0.0,-0.35,0.0,0.0
2021-03-26,0.0,0.0,0.0,0.0,0.0,0.0,0.0,0.0
2021-03-29,0.0,0.0,0.0,0.0,0.0,0.0,0.0,0.0
2021-03-30,0.0,0.0,0.0,0.35,0.0,0.35,0.0,0.0
2021-03-31,0.0,0.0,0.0,0.0,0.0,-0.35,0.0,-0.35
2021-04-01,0.0,0.0,0.0,0.0,0.0,-0.35,0.0,-0.35
2021-04-05,0.0,0.0,0.0,-0.35,0.0,-0.35,0.0,0.0
2021-04-06,0.0,0.0,0.0,0.0,0.0,0.0,0.0,-0.35
2021-04-07,0.0,0.0,0.0,0.0,0.0,0.0,0.0,-0.35
2021-04-08,0.0,0.0,0.0,-0.35,0.0,0.0,0.0,-0.35
2021-04-09,0.0,0.0,0.0,-0.35,0.0,-0.35,0.0,-0.27184872454663633
2021-04-12,0.0,0.0,0.0,0.0,0.0,0.0,0.0,-0.35
2021-04-13,0.0,0.0,0.0,-0.35,0.0,-0.35,0.0,-0.27691012706561563
2021-04-14,0.0,0.0,0.0,0.35,0.0,0.0,0.0,0.35
2021-04-15,0.0,0.0,0.0,0.0,0.0,0.0,0.0,0.0
2021-04-16,0.0,0.0,0.0,-0.35,0.0,0.0,0.0,0.0
2021-04-19,0.0,0.0,0.0,0.0,0.0,-0.35,0.0,0.35
2021-04-20,0.0,0.0,0.0,0.0,0.0,0.0,0.0,0.0
2021-04-21,0.0,0.0,0.0,0.0,0.0,0.0,0.0,0.35
2021-04-22,0.0,0.0,0.0,0.35,0.0,0.0,0.0,0.35
2021-04-23,0.0,0.0,0.0,-0.35,0.0,0.0,0.0,0.0
2021-04-26,0.0,0.0,0.0,0.0,0.0,-0.35,0.0,0.0
2021-04-27,0.0,0.0,0.0,0.0,0.0,-0.35,0.0,0.0
2021-04-28,0.0,0.0,0.0,0.0,0.0,-0.35,0.0,0.0
2021-04-29,0.0,0.0,0.0,0.0,0.0,0.0,0.0,0.0
2021-04-30,0.0,0.0,0.0,0.0,0.0,-0.35,0.0,-0.35
2021-05-03,0.0,0.0,0.0,0.0,0.0,0.0,0.0,0.0
2021-05-04,0.0,0.0,0.0,0.35,0.0,0.0,0.0,0.0
2021-05-05,0.0,0.0,0.0,0.0,0.0,0.0,0.0,0.0
2021-05-06,0.0,0.0,0.0,0.0,-0.35,0.0,0.0,0.0
2021-05-07,0.0,0.0,0.0,0.0,0.0,0.0,0.0,0.0
2021-05-10,0.0,0.0,0.0,0.0,0.0,0.0,0.0,0.0
2021-05-11,0.0,0.0,0.0,0.0,0.0,0.35,0.0,0.0
2021-05-12,0.0,0.1579880748719637,0.0,0.33554225738430754,0.0,-0.30275392482590363,0.0,0.203715742917825
2021-05-13,0.0,0.35,0.0,0.0,0.0,0.0,0.0,0.35
2021-05-14,0.0,0.0,0.0,0.0,-0.35,0.0,0.0,0.0
2021-05-17,0.0,0.0,0.0,0.35,0.0,-0.35,0.0,0.0
2021-05-18,0.0,0.0,0.0,0.35,0.0,-0.35,0.0,0.0
2021-05-19,0.0,0.0,0.0,0.0,0.0,-0.35,0.0,0.0
2021-05-20,0.0,0.0,0.0,0.0,0.0,-0.35,0.0,0.0
2021-05-21,0.0,0.0,0.0,0.0,0.0,0.0,0.0,0.0
2021-05-24,0.0,0.0,0.0,0.0,0.0,0.0,0.0,0.0
2021-05-25,0.0,0.0,0.0,0.0,0.0,-0.35,0.0,-0.35
2021-05-26,0.0,0.0,0.0,0.0,0.0,0.0,0.0,0.0
2021-05-27,0.0,0.0,0.0,0.0,0.0,0.0,0.0,-0.35
2021-05-28,0.0,0.0,0.0,0.0,0.0,0.0,0.0,0.0
2021-06-01,0.0,0.0,0.0,0.0,0.0,0.0,0.0,0.0
2021-06-02,0.0,0.0,0.0,0.0,-0.35,0.0,0.0,0.0
2021-06-03,0.0,0.0,0.0,0.0,0.0,0.35,0.0,0.0
2021-06-04,0.0,0.0,0.0,0.0,0.0,0.0,0.0,0.0
2021-06-07,0.0,0.0,0.0,0.0,0.0,0.0,0.0,-0.35
2021-06-08,0.0,0.0,0.0,0.0,0.0,-0.35,0.0,0.0
2021-06-09,0.0,0.0,0.0,0.0,0.0,0.0,0.0,0.0
2021-06-10,0.0,0.0,0.0,0.0,0.0,-0.35,0.0,0.0
2021-06-11,0.0,0.0,0.0,0.0,0.0,0.0,0.0,0.0
2021-06-14,0.0,0.0,0.0,0.0,0.0,0.35,0.0,0.0
2021-06-15,0.0,0.0,0.0,0.0,0.0,0.0,0.0,0.0
2021-06-16,0.0,0.0,0.0,0.0,0.0,-0.35,0.0,0.0
2021-06-17,0.0,0.0,0.0,0.0,0.0,-0.35,0.0,0.0
2021-06-18,0.0,0.0,0.0,0.0,0.0,0.0,0.0,0.0
2021-06-21,0.0,0.0,0.0,0.0,0.0,0.0,0.0,0.0
2021-06-22,0.0,0.0,0.0,0.0,0.0,-0.35,0.0,0.0
2021-06-23,0.0,0.0,0.0,0.0,0.0,0.0,0.0,0.0
2021-06-24,0.0,0.0,0.0,-0.35,0.0,0.0,0.0,0.0
2021-06-25,0.0,0.0,0.0,0.0,0.0,0.0,0.0,0.0
2021-06-28,0.0,0.0,0.0,-0.35,0.0,0.0,0.0,0.0
2021-06-29,0.0,0.0,0.0,0.0,0.0,0.0,0.0,-0.35
2021-06-30,0.0,0.0,0.0,0.0,0.0,0.35,0.0,0.0
2021-07-01,0.0,0.0,0.0,0.0,0.35,0.3478298481900341,0.0,-0.24308760069277474
2021-07-02,0.0,0.0,0.0,-0.35,0.0,-0.31806310635487506,0.0,-0.24051500437015472
2021-07-06,0.0,0.0,0.0,0.0,0.0,0.35,0.0,0.0
2021-07-07,0.0,0.0,0.0,-0.35,-0.34577879778044324,-0.23315763888498078,0.0,0.0
2021-07-08,0.0,0.0,0.0,-0.35,0.0,0.0,0.0,0.0
2021-07-09,0.0,0.0,0.0,0.0,0.0,-0.35,0.0,0.0
2021-07-12,0.0,0.0,0.0,0.0,0.35,-0.35,0.0,0.0
2021-07-13,0.0,0.0,0.0,-0.35,0.35,-0.23455072602791388,0.0,0.0
2021-07-14,0.0,0.0,0.0,-0.35,0.0,0.0,0.0,0.0
2021-07-15,0.0,0.0,0.0,0.0,0.0,0.0,0.35,0.0
2021-07-16,0.0,0.0,0.0,0.0,0.0,0.0,0.35,0.35
2021-07-19,0.0,0.0,0.0,0.35,0.301160359125196,0.0,0.0,0.26605756455357954
2021-07-20,0.0,0.0,0.0,0.0,0.0,0.0,0.0,0.35
2021-07-21,0.0,0.0,0.0,0.0,0.0,0.35,0.0,0.0
2021-07-22,0.0,0.0,0.0,-0.35,0.0,-0.35,0.0,0.0
2021-07-23,0.0,0.0,0.0,-0.35,0.0,0.0,0.0,-0.33295188446944174
2021-07-26,0.0,0.0,0.0,-0.35,0.0,0.0,0.0,-0.32944236934862375
2021-07-27,0.0,0.0,0.0,0.0,0.0,-0.35,0.0,-0.35
2021-07-28,0.0,0.0,0.0,0.0,0.0,-0.35,0.0,0.0
2021-07-29,0.0,0.0,0.0,0.0,0.0,-0.35,0.0,0.0
2021-07-30,0.0,0.0,0.0,0.0,0.0,0.35,0.0,0.35
2021-08-02,0.0,0.0,0.0,0.0,0.0,0.35,0.0,0.35
2021-08-03,0.0,0.0,0.0,0.0,0.0,0.0,0.0,0.35
2021-08-04,0.0,0.0,0.0,0.0,-0.35,0.35,0.0,0.0
2021-08-05,0.0,0.0,0.0,0.0,0.0,0.0,0.0,0.0
2021-08-06,0.0,0.0,0.0,0.0,0.0,0.35,0.0,0.0
2021-08-09,0.0,0.0,0.0,0.0,0.0,0.35,0.0,0.0
2021-08-10,0.0,0.0,0.0,0.0,0.0,0.35,0.0,0.0
2021-08-11,0.0,0.0,0.0,0.35,0.0,0.28626688129287736,0.0,0.0
2021-08-12,0.0,0.0,0.0,0.0,0.0,0.35,0.0,0.0
2021-08-13,0.0,0.0,0.0,-0.35,0.0,0.2974882591008864,0.0,0.0
2021-08-16,0.0,0.0,0.0,0.0,0.0,0.35,0.0,0.0
2021-08-17,0.0,0.0,0.0,0.0,0.0,0.35,0.0,0.0
2021-08-18,0.0,0.0,0.0,0.0,0.0,0.35,0.0,0.0
2021-08-19,0.0,0.0,0.0,0.0,0.0,0.35,0.0,0.0
2021-08-20,0.0,0.0,0.0,0.0,0.0,0.35,0.0,0.0
2021-08-23,0.0,0.0,0.0,-0.35,0.0,-0.32684738908484606,0.0,0.0
2021-08-24,0.0,0.0,0.0,-0.35,0.0,0.0,0.0,0.0
2021-08-25,0.0,0.0,0.0,-0.35,0.0,0.0,0.0,0.0
2021-08-26,0.0,0.0,0.0,0.0,0.0,0.0,0.0,0.0
2021-08-27,0.0,0.0,0.0,0.0,0.0,0.0,0.0,0.0
2021-08-30,0.0,0.0,0.0,0.0,0.0,-0.35,0.0,0.0
2021-08-31,0.0,0.0,0.0,0.0,0.0,-0.35,0.0,0.0
2021-09-01,0.0,0.0,0.0,0.0,0.0,0.0,0.0,-0.35
2021-09-02,0.0,0.0,0.0,0.0,0.0,-0.35,0.0,0.0
2021-09-03,0.0,0.0,0.0,0.0,0.0,0.0,0.0,0.0
2021-09-07,0.0,0.0,0.0,0.0,0.0,0.35,0.0,0.0
2021-09-08,0.0,0.0,0.0,0.0,0.0,0.35,0.0,0.0
2021-09-09,0.0,0.0,0.0,0.0,0.0,0.0,0.0,0.0
2021-09-10,0.0,0.0,0.0,0.0,0.0,0.0,0.0,0.0
2021-09-13,0.0,0.0,0.0,0.0,0.0,0.0,0.0,0.0
2021-09-14,0.0,0.0,0.0,0.0,0.0,0.35,0.0,0.0
2021-09-15,0.0,0.0,0.0,0.0,0.0,-0.35,0.0,0.0
2021-09-16,0.0,0.0,0.0,0.0,0.0,0.0,0.0,0.0
2021-09-17,0.0,0.0,0.0,0.35,0.0,0.0,0.0,0.0
2021-09-20,0.0,0.0,0.0,0.35,0.0,0.3088552215141592,0.0,0.27716074639795085
2021-09-21,0.0,0.0,0.0,0.0,0.0,0.35,0.0,0.35
2021-09-22,0.0,0.0,0.0,0.0,0.0,0.35,0.0,0.35
2021-09-23,0.0,0.0,0.0,0.0,-0.3110140980383336,0.35,0.0,0.28841026661921115
2021-09-24,0.0,0.0,0.0,0.0,0.0,0.0,0.0,0.0
2021-09-27,0.0,0.0,0.0,0.35,0.0,-0.35,0.0,0.0
2021-09-28,0.0,0.0,0.0,0.35,0.0,0.0,0.0,0.35
2021-09-29,0.0,0.0,0.0,0.35,0.0,0.0,0.0,0.35
2021-09-30,0.0,0.0,0.0,0.35,0.0,0.0,0.0,0.35
2021-10-01,0.0,0.0,0.0,0.0,0.0,0.0,0.0,0.0
2021-10-04,0.0,0.0,0.0,0.3389264046450621,0.0,0.35,0.0,0.26165773141642695
2021-10-05,0.0,0.0,0.0,0.0,0.0,0.35,0.0,0.0
2021-10-06,0.0,0.0,0.0,0.0,0.0,0.0,0.0,0.0
2021-10-07,0.0,0.0,0.0,0.0,0.0,0.0,0.0,0.0
2021-10-08,0.0,0.0,0.0,0.0,0.0,-0.35,0.0,0.35
2021-10-11,0.0,0.0,0.0,0.0,0.0,0.0,0.0,0.35
2021-10-12,0.0,0.0,0.0,0.0,0.0,-0.35,0.0,0.35
2021-10-13,0.0,0.0,0.0,-0.3423810915680102,0.0,-0.35,0.0,0.27122948420312537
2021-10-14,0.0,0.0,0.0,0.0,0.0,0.0,0.0,0.0
2021-10-15,0.0,0.0,0.0,0.0,0.0,-0.35,0.0,0.0
2021-10-18,-0.35,0.0,0.0,0.0,0.0,-0.35,0.0,0.0
2021-10-19,-0.35,0.0,0.0,0.0,0.0,0.0,0.0,0.0
2021-10-20,0.0,0.0,0.0,0.0,0.0,-0.35,0.0,0.0
2021-10-21,0.0,0.0,0.0,0.0,0.0,0.0,0.0,0.0
2021-10-22,0.0,0.0,0.0,0.0,0.0,0.35,0.0,0.0
2021-10-25,-0.35,0.0,0.0,0.0,0.0,0.35,0.0,0.0
2021-10-26,0.0,0.0,0.0,0.0,0.0,-0.35,0.0,0.35
2021-10-27,0.0,0.0,0.0,0.0,0.0,-0.35,0.0,0.35
2021-10-28,0.0,0.0,0.0,-0.35,0.0,0.0,0.0,0.35
2021-10-29,0.0,0.0,0.0,-0.35,0.0,0.0,0.0,0.35
2021-11-01,0.0,0.0,0.0,-0.35,0.0,-0.35,0.0,0.0
2021-11-02,0.0,0.0,0.0,-0.35,0.0,0.0,0.0,0.0
2021-11-03,0.0,0.0,0.0,-0.35,0.0,-0.35,0.0,0.0
2021-11-04,0.0,0.0,0.0,-0.35,0.0,0.35,0.0,0.0
2021-11-05,0.0,0.0,0.0,-0.35,0.0,-0.35,0.0,0.0
2021-11-08,0.0,0.2362923600861873,0.0,-0.35,0.0,0.0,0.0,0.0
2021-11-09,0.0,0.0,0.0,-0.35,0.0,-0.35,0.0,0.0
2021-11-10,0.0,0.0,0.0,0.35,0.0,0.35,0.0,0.0
2021-11-11,0.0,0.162180583537319,0.0,0.0,0.0,-0.35,0.0,0.35
2021-11-12,0.0,0.35,0.0,0.0,0.0,0.0,0.0,0.0
2021-11-15,0.0,0.35,0.0,0.0,0.0,0.0,0.0,0.0
2021-11-16,0.0,0.0,0.0,-0.35,0.0,0.35,0.0,0.0
2021-11-17,0.0,0.0,0.0,-0.35,0.0,0.0,0.0,0.0
2021-11-18,0.0,0.0,0.0,-0.35,0.35,0.0,0.0,0.0
2021-11-19,0.0,0.0,0.0,-0.35,0.0,0.0,0.0,0.0
2021-11-22,0.0,0.0,0.0,0.0,0.0,0.35,0.0,0.0
2021-11-23,0.0,0.0,0.0,0.0,0.35,0.0,0.0,0.0
2021-11-24,0.0,0.0,0.0,0.0,0.35,-0.35,0.0,0.0
2021-11-26,0.0,0.0,0.0,0.35,0.0,0.2556722328525516,0.0,0.28287568475924857
2021-11-29,0.0,0.0,0.0,0.0,0.0,0.0,0.0,0.0
2021-11-30,0.0,0.0,0.0,0.0,0.0,0.0,0.0,0.35
2021-12-01,0.0,0.0,0.0,0.0,0.0,0.35,0.0,0.35
2021-12-02,0.0,0.0,0.0,0.0,0.0,0.0,0.0,0.35
2021-12-03,0.0,0.0,0.0,0.35,0.0,0.0,0.0,0.35
2021-12-06,0.0,0.0,0.0,0.0,0.0,0.35,0.0,0.35
2021-12-07,0.0,0.0,0.0,0.0,-0.35,-0.35,0.0,0.0
2021-12-08,0.0,0.0,0.0,0.0,0.0,0.0,0.0,0.0
2021-12-09,0.0,0.0,0.0,0.0,0.0,-0.35,0.0,0.0
2021-12-10,0.0,0.0,0.0,0.0,-0.35,0.35,0.0,0.0
2021-12-13,0.0,0.0,0.0,0.0,0.0,0.0,0.35,0.0
2021-12-14,0.0,0.0,0.0,0.35,0.0,0.35,0.0,0.0
2021-12-15,0.0,0.0,0.0,0.0,0.0,0.0,0.0,0.0
2021-12-16,0.0,0.0,0.0,0.32010052721301235,0.2596083852170717,0.3023583567898497,0.1179327307800663,0.0
2021-12-17,0.0,0.0,0.0,0.35,0.0,0.0,0.0,0.0
2021-12-20,0.0,0.0,0.0,0.35,0.0,0.0,0.0,0.35
2021-12-21,0.0,0.0,0.0,0.0,0.0,0.0,0.0,0.0
2021-12-22,0.0,0.0,0.0,0.0,0.0,0.0,0.0,0.35
2021-12-23,0.0,0.0,0.0,0.0,0.0,0.0,0.0,0.0
2021-12-27,0.0,0.0,0.0,0.0,0.0,-0.35,0.0,0.0
2021-12-28,0.0,0.0,0.0,0.0,0.0,-0.35,0.0,0.0
2021-12-29,0.0,0.0,0.0,0.0,0.0,0.35,0.0,0.0
2021-12-30,0.0,0.0,0.0,0.0,0.0,0.35,0.0,0.0
2021-12-31,0.0,0.0,0.0,0.0,0.0,0.0,0.0,0.0
2022-01-03,0.0,0.0,0.0,0.0,0.0,-0.35,0.0,0.0
2022-01-04,0.0,0.0,0.0,0.35,0.0,0.0,0.0,0.0
2022-01-05,0.0,0.0,0.0,0.3010483009692086,0.0,-0.35,0.0,0.3008491638871335
2022-01-06,0.0,0.0,0.0,0.35,0.0,0.0,0.0,0.0
2022-01-07,0.0,0.0,0.0,0.35,0.0,0.0,0.0,0.0
2022-01-10,0.0,0.0,0.0,0.35,0.0,0.0,0.0,0.35
2022-01-11,0.0,0.0,0.0,0.35,0.0,0.0,0.0,0.0
2022-01-12,0.0,0.0,0.0,0.0,0.0,0.0,0.0,0.0
2022-01-13,0.0,0.0,0.0,0.35,0.0,0.0,0.0,0.0
2022-01-14,0.0,0.0,0.0,0.35,0.0,0.0,0.0,0.0
2022-01-18,0.0,0.0,0.0,0.35,0.0,0.0,0.0,0.35
2022-01-19,0.0,0.0,0.0,0.31380861752399886,0.0,0.35,0.0,0.2782175840700139
2022-01-20,0.0,0.0,0.22250205005064302,0.19522656967353352,0.22449920627182188,0.23803373664148508,0.11973843736251662,0.0
2022-01-21,0.0,0.0,0.23100556018064686,0.2010618201251257,0.2308955623752769,0.1813227929678796,0.0,0.15571426435107097
2022-01-24,0.0,0.0,0.0,0.35,0.0,0.35,0.0,0.0
2022-01-25,0.184363292664608,0.0,0.15557680776517072,0.15064061714975333,0.18262736216953357,0.11910955036970482,0.09262402723769839,0.11505834264353117
2022-01-26,0.35,0.0,0.0,0.0,0.0,0.29153508708308057,0.0,0.2757150369060287
2022-01-27,0.0,0.06647093034534486,0.20946456569921937,0.0,0.2631244589019556,0.17160900792944886,0.12493713205555874,0.16439390506847254
2022-01-28,0.0,0.0,0.0,-0.35,-0.32485534686101064,0.32055224517844483,0.0,0.0
2022-01-31,0.0,0.0,0.0,-0.35,0.0,0.35,0.0,0.0
2022-02-01,0.0,0.0,0.0,0.0,0.0,0.0,0.0,0.0
2022-02-02,0.0,0.0,0.0,-0.35,0.0,0.0,0.0,0.0
2022-02-03,0.0,0.0,0.0,0.35,0.0,0.34852104285581603,0.0,0.1556163593574408
2022-02-04,0.0,0.0,0.0,0.0,0.0,-0.35,0.0,0.35
2022-02-07,0.35,0.0,0.0,0.33820440183628914,0.0,0.0,0.0,0.10971874266628451
2022-02-08,0.0,0.0,0.0,0.0,0.0,0.0,0.0,0.35
2022-02-09,0.0,0.0,0.0,-0.35,0.0,-0.2730291596437342,0.0,0.18049361301962352
2022-02-10,0.0,0.0,0.0,0.35,0.0,-0.277458661962945,0.0,0.1840480568219109
2022-02-11,0.0,0.0,0.0,0.35,0.0,0.2061411465760326,0.22473247986384473,0.13770771112506416
2022-02-14,0.0,0.0,0.0,0.0,0.0,0.35,0.0,0.35
2022-02-15,0.0,0.0,0.0,0.0,-0.35,0.0,0.0,0.2493540234751786
2022-02-16,0.35,0.0,0.0,0.0,-0.35,0.0,0.0,0.11563265485380189
2022-02-17,0.35,0.0,0.0,0.3291978171081146,0.0,0.1615496797072898,0.0,0.10712676147290981
2022-02-18,0.35,0.0,0.0,0.35,0.0,0.0,0.0,0.12778150677905492
2022-02-22,0.35,0.0,0.0,0.35,0.0,0.0,0.0,0.12841073852896834
2022-02-23,0.27445824059207446,0.099789250276662,0.0,0.23192948271687389,0.21524640594863942,0.0,0.10341000390800618,0.07516661655774409
2022-02-24,0.0,0.0,0.0,0.0,-0.35,0.0,0.0,0.0
2022-02-25,0.0,0.0,0.0,0.0,0.0,0.0,0.0,0.0
2022-02-28,0.35,0.0,0.0,0.0,0.0,0.0,0.0,0.0
2022-03-01,0.0,0.0,0.0,0.35,0.0,0.0,0.0,0.0
2022-03-02,0.0,0.0,0.0,0.0,0.0,0.0,0.0,0.0
2022-03-03,0.35,0.0,0.0,0.35,0.0,0.0,0.0,0.14271165625349028
2022-03-04,0.0,0.0,0.0,0.35,0.0,0.0,0.0,0.35
2022-03-07,0.3170656579903943,0.0,0.0,0.3098933965896837,0.0,0.0,0.14694074838794216,0.22610019703197973
2022-03-08,0.27530934572462135,0.0,0.0,0.26950679641605535,0.0,0.25280266540792223,0.0,0.20238119245140113
2022-03-09,0.0,0.0,0.0,0.0,-0.35,0.0,0.0,0.0
2022-03-10,0.0,0.0,0.0,0.0,0.35,0.0,0.0,0.35
2022-03-11,0.0,0.0,0.0,0.35,0.0,0.0,0.0,0.35
2022-03-14,0.26020753593193613,0.0,0.0,0.24407274450394195,0.29559735090111666,0.0,0.0,0.2001223686630054
2022-03-15,0.35,0.0,0.0,0.0,-0.35,0.0,0.0,0.0
2022-03-16,0.35,0.0,0.0,0.0,-0.35,0.0,0.0,0.0
2022-03-17,0.35,0.0,0.0,0.0,0.0,0.0,0.0,0.0
2022-03-18,0.35,0.0,0.0,-0.35,0.0,0.0,0.0,0.0
2022-03-21,0.35,0.0,0.0,-0.35,0.0,0.0,0.0,0.0
2022-03-22,0.0,0.0,0.0,-0.35,0.0,0.0,0.0,0.0
2022-03-23,0.0,0.0,0.0,0.0,0.0,0.0,0.0,0.0
2022-03-24,0.0,0.0,0.0,0.0,0.0,0.0,0.0,-0.35
2022-03-25,0.35,0.0,0.0,0.0,0.35,0.0,0.0,-0.24016247070861896
2022-03-28,0.0,0.0,0.0,0.0,0.0,0.0,0.0,-0.35
2022-03-29,0.0,0.0,0.0,0.0,0.0,0.0,0.0,-0.35
2022-03-30,0.0,0.0,0.0,0.0,0.35,0.0,0.0,-0.35
2022-03-31,0.0,0.35,0.0,0.0,0.35,0.0,0.0,0.0
2022-04-01,0.35,0.0,0.0,0.0,0.0,0.0,0.0,-0.35
2022-04-04,0.0,0.0,0.0,0.0,0.0,0.0,0.0,0.0
2022-04-05,0.0,0.0,0.0,0.35,0.35,0.0,0.0,0.0
2022-04-06,0.0,0.0,0.0,0.0,0.35,0.0,0.3051015178757564,0.0
2022-04-07,0.0,0.0,0.0,0.0,0.0,0.0,0.35,0.0
2022-04-08,0.35,0.0,0.0,0.0,0.0,0.0,0.26978929386007905,0.0
2022-04-11,0.0,0.18058612926680934,0.0,0.0,0.35,0.0,0.1511523435618846,0.2645827728638622
2022-04-12,0.35,0.0,0.0,0.0,-0.35,0.0,0.0,0.21999782436533663
2022-04-13,0.0,0.0,0.0,0.0,-0.35,0.0,0.0,0.0
2022-04-14,0.0,0.0,0.0,0.2932244849898805,0.3263450667376064,0.0,0.13633154217877516,0.24409890609373808
2022-04-18,0.35,0.0,0.0,0.0,0.0,0.0,0.0,0.35
2022-04-19,0.0,0.0,0.0,0.0,0.0,0.0,0.0,0.0
2022-04-20,0.0,0.0,0.0,0.0,0.0,0.0,0.0,0.0
2022-04-21,0.35,0.0,0.0,0.0,0.0,0.0,0.18795468685693664,0.2503356236366038
2022-04-22,0.30697773571180137,0.0,0.0,0.24499433475880536,0.2886170320798538,0.0,0.0,0.15941089744953948
2022-04-25,0.0,0.0,0.0,0.0,0.0,0.0,0.0,0.35
2022-04-26,0.0,0.12651968544330072,0.0,0.2515051207486984,0.2889934122388026,0.0,0.15965550461977757,0.17332627694942068
2022-04-27,0.0,0.0,0.2539587753535852,0.0,0.32314473799099325,0.232847052260496,0.0,0.19004943439492558
2022-04-28,0.0,0.0,0.0,0.0,-0.35,0.0,0.0,-0.2849863411980214
2022-04-29,0.0,0.27152959351737643,0.35,0.0,0.0,0.0,0.28215251683603165,0.0
2022-05-02,0.0,0.0,0.0,0.0,0.0,0.0,-0.35,0.0
2022-05-03,0.35,0.0,0.31946350079849933,0.0,0.0,0.2029403088965876,0.0,0.0
2022-05-04,0.0,0.0,0.0,0.0,-0.35,0.2903806690659563,0.0,-0.2133517904354888
2022-05-05,0.35,0.0,0.0,0.0,0.0,0.0,0.0,0.0
2022-05-06,0.35,0.0,0.0,0.3227484492884068,0.0,0.21245531732609715,0.0,0.0
2022-05-09,0.35,0.0,0.0,0.3233094256059045,0.0,0.0,0.1975972232237706,0.0
2022-05-10,0.0,0.0,0.0,0.0,0.0,0.35,0.0,0.0
2022-05-11,0.0,0.18355528390575115,0.0,0.31525287537112495,0.3143627633115522,0.0,0.1868290774115717,0.0
2022-05-12,0.0,0.18198551307000393,0.0,0.3072189768291953,0.3045484504905531,0.2062470596102477,0.0,0.0
2022-05-13,0.35,0.0,0.0,0.0,-0.27189752358203734,0.17639210618168888,-0.15166163984998957,0.0
2022-05-16,0.35,0.0,0.0,0.0,0.0,0.3090202195866971,0.0,0.0
2022-05-17,0.0,0.0,0.0,0.0,-0.35,0.35,0.0,0.0
2022-05-18,0.0,0.0,0.0,0.35,0.35,0.0,0.0,0.0
2022-05-19,0.35,0.0,0.0,0.0,0.32611659439084717,0.22328576425759902,0.0,0.0
2022-05-20,0.0,0.0,0.0,0.0,0.35,0.35,0.0,0.0
2022-05-23,0.0,0.0,0.0,0.0,-0.35,0.35,0.0,0.0
2022-05-24,0.35,0.21488088332002855,0.0,0.0,0.32008950763631433,0.0,0.0,0.0
2022-05-25,0.0,0.0,0.0,0.0,0.0,0.0,0.0,0.0
2022-05-26,0.0,0.0,0.0,0.0,0.0,0.0,0.0,0.0
2022-05-27,0.29581745056794356,0.0,-0.239631882690932,-0.26048823590859455,-0.20406243083253006,0.0,0.0,0.0
2022-05-31,0.35,0.0,0.0,0.0,0.0,0.0,0.0,0.0
2022-06-01,0.35,0.0,0.0,0.0,-0.35,0.0,0.0,0.0
2022-06-02,0.35,0.0,0.0,-0.35,0.0,0.0,0.0,-0.23775740045027843
2022-06-03,0.35,0.0,0.0,0.0,0.0,0.0,0.0,0.0
2022-06-06,0.0,0.0,0.0,0.0,-0.35,0.0,0.0,0.0
2022-06-07,0.35,0.0,0.0,0.0,-0.35,0.0,0.0,0.0
2022-06-08,0.0,0.0,0.0,0.0,-0.35,0.0,0.0,0.0
2022-06-09,0.0,0.0,0.0,0.0,0.35,0.0,0.0,0.35
2022-06-10,0.0,0.0,0.0,0.35,0.3213605137079604,0.0,0.0,0.24844062301251094
2022-06-13,0.0,0.0,0.0,0.35,0.35,0.0,0.0,0.0
2022-06-14,0.0,0.0,0.0,0.0,0.35,0.35,0.0,0.0
2022-06-15,0.0,0.0,0.0,0.0,0.35,0.0,0.0,0.35
2022-06-16,0.0,0.0,0.0,0.0,0.35,0.0,0.0,0.0
2022-06-17,0.35,0.0,0.0,0.0,0.0,0.0,0.0,0.0
2022-06-21,0.0,0.0,0.0,0.0,-0.35,0.0,0.0,0.0
2022-06-22,0.0,0.0,0.0,0.0,-0.35,0.0,0.0,0.0
2022-06-23,0.0,0.0,0.0,0.0,-0.35,0.0,0.0,0.0
2022-06-24,0.0,0.0,-0.35,-0.35,0.0,0.0,0.0,-0.23821883275966035
2022-06-27,0.35,0.0,0.0,0.0,-0.35,0.0,0.0,0.0
2022-06-28,0.0,0.0,0.0,0.0,0.35,0.0,0.0,0.0
2022-06-29,0.0,0.0,0.0,0.0,0.0,0.0,0.0,0.0
2022-06-30,0.0,0.0,0.0,0.35,0.0,0.0,0.0,0.0
2022-07-01,0.0,0.0,0.0,0.0,-0.35,0.0,0.0,0.35
2022-07-05,0.0,0.0,0.0,0.0,0.0,0.0,-0.35,-0.35
2022-07-06,0.35,0.0,0.0,0.0,0.0,0.0,0.0,0.0
2022-07-07,0.0,0.0,0.0,0.0,0.0,0.0,0.0,0.0
2022-07-08,0.0,0.0,0.0,0.0,0.35,0.0,0.0,0.0
2022-07-11,0.0,0.0,0.0,0.0,0.0,0.0,0.0,0.0
2022-07-12,0.35,0.0,0.0,0.0,0.35,0.0,0.0,0.0
2022-07-13,0.35,0.0,0.0,0.0,0.0,0.0,0.0,0.0
2022-07-14,0.35,0.0,0.0,0.0,0.0,0.0,0.0,0.32708896221800393
2022-07-15,0.0,0.0,0.0,0.0,0.35,0.0,0.0,0.0
2022-07-18,0.35,0.0,0.0,0.0,0.0,0.0,0.0,0.0
2022-07-19,0.0,0.0,0.0,0.0,0.35,0.0,0.0,0.0
2022-07-20,0.0,0.0,0.0,0.0,0.0,0.0,0.0,-0.35
2022-07-21,0.0,0.0,0.0,0.0,0.0,0.0,0.0,-0.35
2022-07-22,0.0,0.0,0.0,0.0,0.35,0.0,0.0,0.0
2022-07-25,0.0,0.0,0.0,0.0,0.35,0.0,0.0,0.0
2022-07-26,0.35,0.0,0.0,0.0,0.0,0.0,0.0,0.28114714895091814
2022-07-27,0.0,0.0,0.0,0.0,-0.35,0.0,0.0,0.0
2022-07-28,0.0,0.0,0.0,-0.35,0.0,0.0,0.0,0.0
2022-07-29,0.0,0.0,0.0,0.0,-0.35,0.0,0.0,0.2889954267993724
2022-08-01,-0.35,0.0,0.0,0.0,0.0,0.0,0.0,0.0
2022-08-02,0.0,0.0,0.0,0.0,0.0,0.0,0.0,0.0
2022-08-03,0.0,0.0,0.0,-0.35,-0.35,0.0,0.0,0.0
2022-08-04,-0.35,0.0,0.0,0.0,-0.35,0.0,0.0,0.0
2022-08-05,-0.35,0.0,0.0,0.0,0.0,0.0,0.0,0.0
2022-08-08,0.0,0.0,0.0,0.0,0.0,0.35,0.0,0.0
2022-08-09,-0.35,0.0,0.0,0.0,0.0,0.0,0.0,0.0
2022-08-10,-0.35,0.0,0.0,0.0,0.0,0.0,0.0,-0.25022808365593197
2022-08-11,0.0,0.0,0.0,0.0,0.35,0.0,0.0,-0.3089631826133377
2022-08-12,0.0,0.0,0.0,0.0,0.0,0.0,0.0,-0.35
2022-08-15,-0.35,0.0,0.0,0.0,0.0,0.0,0.0,0.0
2022-08-16,0.0,0.0,0.0,0.0,0.35,0.0,0.0,0.0
2022-08-17,0.0,0.0,0.0,0.0,0.0,0.0,0.0,0.0
2022-08-18,0.0,0.0,0.0,0.0,0.35,0.0,0.0,0.0
2022-08-19,0.0,0.0,0.0,0.0,0.35,0.0,0.0,0.33551043058942337
2022-08-22,0.0,0.0,0.0,0.0,0.35,0.0,0.0,0.3457608389683542
2022-08-23,0.0,0.0,0.0,0.0,0.0,0.0,0.0,0.35
2022-08-24,0.0,0.0,0.0,0.0,0.0,0.0,0.0,0.35
2022-08-25,0.0,0.0,0.0,0.0,0.0,0.0,0.0,0.0
2022-08-26,0.0,0.0,0.0,0.35,0.0,0.0,0.20608649051138767,0.2937056222720915
2022-08-29,0.0,0.0,0.0,0.35,0.0,0.0,0.0,0.0
2022-08-30,0.0,0.0,0.0,0.0,0.0,0.0,0.0,0.0
2022-08-31,0.0,0.0,0.0,0.35,0.35,0.0,0.0,0.0
2022-09-01,0.0,0.0,0.0,0.35,0.35,0.0,0.1519548455701637,0.0
2022-09-02,0.0,0.0,0.0,0.35,0.0,0.0,0.0,0.0
2022-09-06,0.35,0.0,0.0,0.32796654443346807,0.0,0.0,0.12166026147251682,0.18047604192017133
2022-09-07,0.0,0.0,0.0,0.0,0.0,0.0,0.0,0.0
2022-09-08,0.0,0.0,0.0,0.0,0.0,0.0,0.0,0.0
2022-09-09,0.0,0.0,0.0,0.0,-0.35,0.0,0.0,0.0
2022-09-12,0.0,0.0,0.0,0.0,-0.35,0.0,0.0,0.0
2022-09-13,0.0,0.0,0.0,0.35,0.0,0.0,0.0,0.0
2022-09-14,0.35,0.0,0.0,0.0,0.0,0.0,0.0,0.3452995359331085
2022-09-15,0.0,0.0,0.0,0.35,0.0,0.0,0.0,0.35
2022-09-16,0.299965393234717,0.0,0.0,0.2807149884468665,-0.2522489699446533,0.0,0.0,0.16707064837376323
2022-09-19,0.0,0.0,0.0,0.0,-0.35,0.0,0.0,0.35
2022-09-20,0.0,0.0,0.3417705909390683,0.35,0.0,0.0,0.0,0.24464911813167278
2022-09-21,0.30312567240989097,0.0,0.23809122113964398,0.2890980330513271,0.0,0.0,0.0,0.16968507339913785
2022-09-22,0.35,0.0,0.0,0.35,0.0,0.2611300832208027,0.0,0.0
2022-09-23,0.28813929539343897,0.0,0.23584123831109194,0.2748104846315258,0.0,0.20120898166394333,0.0,0.0
2022-09-26,0.2366547901449261,0.0,0.21876470120330055,0.23822367015556548,0.0,0.1690783225997376,0.0,0.13727851589647022
2022-09-27,0.23545465085549336,0.0,0.2190026066806158,0.23887992082555407,0.0,0.1691935552285738,0.0,0.13746926640976284
2022-09-28,0.0,0.0,0.0,0.0,0.0,0.0,0.0,0.0
2022-09-29,0.35,0.0,0.0,0.35,0.2762040089553728,0.0,0.0,0.0
2022-09-30,0.30358089618475703,0.0,0.0,0.28183232393363594,0.21373317288563423,0.20085360699597288,0.0,0.0
2022-10-03,0.0,0.2649243621409646,0.0,0.0,-0.35,0.35,0.0,0.0
2022-10-04,0.0,0.0,0.0,-0.35,-0.35,0.0,0.0,0.0
2022-10-05,0.0,0.35,0.0,0.0,0.0,0.0,0.0,0.0
2022-10-06,0.35,0.0,0.0,0.0,-0.35,0.0,0.0,0.0
2022-10-07,0.35,0.24310782527165606,0.0,0.35,0.0,0.0,0.0,0.0
2022-10-10,0.35,0.0,0.0,0.34888073888968973,0.0,0.28936109374352226,0.0,0.0
2022-10-11,0.26927659255533803,0.1727763022309781,0.0,0.29905508729692165,0.0,0.0,0.0,0.25889201791676214
2022-10-12,0.0,0.0,0.0,0.35,0.0,0.0,0.0,0.35
2022-10-13,0.0,0.0,0.0,0.0,-0.35,0.0,0.0,0.35
2022-10-14,0.0,0.0,0.0,0.0,0.35,0.35,0.0,0.0
2022-10-17,0.0,0.0,0.0,0.0,-0.35,0.0,0.0,0.0
2022-10-18,0.0,0.0,0.0,0.0,0.0,0.0,0.0,0.0
2022-10-19,0.35,0.0,0.0,0.0,-0.35,0.0,0.0,0.0
2022-10-20,0.0,0.0,0.0,0.0,-0.35,0.0,0.0,0.0
2022-10-21,-0.3159904907894519,0.0,0.0,-0.3383705387239899,-0.3456389704865581,0.0,0.0,0.0
2022-10-24,-0.35,0.0,0.0,-0.35,0.0,0.0,0.0,0.0
2022-10-25,0.0,0.0,0.0,-0.35,0.0,0.0,0.0,0.0
2022-10-26,-0.35,0.0,0.0,0.0,0.0,0.0,0.0,-0.35
2022-10-27,-0.35,0.0,0.0,0.0,0.35,0.0,0.0,-0.15754228275868862
2022-10-28,0.0,0.0,0.0,-0.35,0.0,0.0,0.0,-0.3359666053429718
2022-10-31,-0.35,0.0,0.0,0.0,0.35,0.0,0.0,-0.16567007817139476
2022-11-01,0.0,0.0,0.0,0.0,0.0,0.0,0.0,-0.35
2022-11-02,0.0,0.0,0.35,0.0,0.35,0.0,0.0,-0.1888464301802584
2022-11-03,0.0,0.0,0.35,0.35,0.0,0.0,0.0,0.0
2022-11-04,0.0,0.0,0.0,0.0,0.35,0.0,0.0,-0.31087641162951396
2022-11-07,0.0,0.2881032270511733,0.0,0.0,0.35,0.327159211318471,0.0,0.0
2022-11-08,0.0,0.2877271204835483,0.0,0.0,0.35,0.32671215484777605,0.0,0.0
2022-11-09,0.0,0.2384753007781214,0.0,0.0,0.3307431314639315,0.28568324475177426,0.0,-0.1450983230061728
2022-11-10,0.35,0.0,0.0,-0.24058258108066033,-0.24013579384232064,0.0,0.0,-0.11767506217837675
2022-11-11,0.0,0.0,0.0,-0.35,0.0,0.0,0.0,-0.3260145142059021
2022-11-14,0.0,0.0,0.0,0.0,0.0,0.0,0.0,-0.35
2022-11-15,0.0,0.0,-0.35,0.0,0.0,0.0,0.0,0.0
2022-11-16,0.0,0.0,0.0,0.0,0.0,0.0,0.0,0.0
2022-11-17,0.0,0.0,0.0,0.0,0.0,0.0,0.0,0.0
2022-11-18,0.35,0.0,0.0,0.0,0.0,0.0,0.0,0.0
2022-11-21,-0.35,0.0,0.0,0.0,-0.27809696126922046,0.0,0.0,0.0
2022-11-22,0.35,0.0,0.0,0.0,0.0,0.0,0.0,0.0
2022-11-23,0.0,0.0,0.0,0.0,0.0,0.0,0.0,0.0
2022-11-25,-0.35,0.0,0.0,0.0,0.0,0.0,0.0,0.0
2022-11-28,-0.35,0.0,0.0,0.0,0.0,0.0,0.0,0.0
2022-11-29,0.0,0.0,0.0,0.0,0.0,0.0,0.0,0.0
2022-11-30,0.0,0.0,0.0,0.0,-0.35,0.0,0.0,-0.35
2022-12-01,0.0,0.0,0.0,0.0,-0.35,0.0,0.0,-0.35
2022-12-02,-0.35,0.0,0.0,0.0,0.0,0.0,0.0,-0.26166922324066555
2022-12-05,0.0,0.0,0.0,0.0,0.0,0.0,0.0,-0.35
2022-12-06,0.35,0.0,0.0,0.0,0.35,0.0,0.0,0.0
2022-12-07,0.0,0.0,0.0,0.0,0.0,0.0,0.0,0.0
2022-12-08,0.0,0.0,0.0,0.0,0.0,0.0,0.0,0.0
2022-12-09,0.0,0.0,0.0,0.0,0.0,0.0,0.0,0.0
2022-12-12,0.0,0.0,0.0,0.0,-0.35,0.0,0.0,0.0
2022-12-13,0.0,0.0,0.0,0.0,0.0,0.0,0.0,0.0
2022-12-14,0.35,0.0,0.0,0.0,0.0,0.0,0.0,-0.35
2022-12-15,0.0,0.0,0.0,0.0,0.0,0.0,0.0,0.0
2022-12-16,0.0,0.35,0.0,0.0,0.0,0.0,0.0,0.0
2022-12-19,0.0,0.0,0.0,0.0,0.35,0.0,0.0,0.0
2022-12-20,0.0,0.33094394278634204,0.0,0.0,0.35,0.0,0.0,0.0
2022-12-21,0.0,0.35,0.0,0.0,0.0,0.0,0.0,0.0
2022-12-22,0.35,0.30013654205653917,0.0,0.0,0.0,0.0,0.0,0.0
2022-12-23,0.0,0.35,0.0,0.0,0.0,0.0,0.0,0.0
2022-12-27,0.0,0.35,0.0,0.0,0.0,0.0,0.0,0.0
2022-12-28,0.0,0.1941340073527884,0.0,0.0,0.35,0.35,0.0,0.0
2022-12-29,0.0,0.0,0.0,0.0,-0.35,0.0,0.0,0.0
2022-12-30,0.0,0.0,0.0,0.0,0.0,0.0,0.0,0.0
2023-01-03,0.0,0.35,0.0,0.0,0.0,0.0,0.0,-0.35
2023-01-04,0.0,0.0,0.0,0.0,0.0,0.0,0.0,-0.35
2023-01-05,0.0,0.0,0.0,0.35,0.0,0.0,0.0,-0.35
2023-01-06,0.0,0.0,0.0,0.0,-0.35,0.0,0.0,-0.35
2023-01-09,0.0,0.0,0.0,0.0,-0.35,0.0,0.0,-0.35
2023-01-10,0.0,0.0,0.0,0.0,0.0,0.0,0.0,-0.35
2023-01-11,0.0,0.0,0.0,0.0,-0.35,0.0,0.0,-0.35
2023-01-12,0.0,0.0,0.0,0.0,0.0,0.0,0.0,-0.35
2023-01-13,0.35,0.0,0.0,0.0,0.0,0.0,0.0,-0.31858388808730714
2023-01-17,-0.35,0.0,0.0,0.0,0.0,0.0,0.0,-0.31582495797031623
2023-01-18,0.0,0.0,0.0,0.0,0.0,0.0,0.0,0.0
2023-01-19,0.35,0.0,0.0,0.0,0.0,0.0,0.0,-0.35
2023-01-20,0.0,0.0,-0.35,0.0,0.0,0.0,0.0,-0.35
2023-01-23,0.0,0.0,0.0,0.0,0.0,0.0,0.0,-0.35
2023-01-24,0.0,0.0,0.0,0.0,0.0,0.0,0.0,-0.35
2023-01-25,0.0,0.0,0.0,0.0,0.0,0.0,0.0,-0.35
2023-01-26,0.0,0.0,0.0,0.0,0.0,0.0,0.0,-0.35
2023-01-27,0.0,0.0,0.0,0.0,-0.35,0.0,0.0,-0.35
2023-01-30,0.0,0.0,0.0,0.0,0.35,0.0,0.0,-0.35
2023-01-31,-0.35,0.0,0.0,0.0,0.32736474395755133,0.0,0.0,-0.26329386531167775
2023-02-01,0.0,0.0,0.0,0.0,0.35,0.0,0.0,-0.35
2023-02-02,0.35,0.0,0.0,-0.22998800046709147,-0.32158685022815864,0.0,0.0,-0.08621815993872353
2023-02-03,0.0,0.0,0.0,0.0,-0.35,0.0,0.0,-0.2061959385176326
2023-02-06,0.0,0.0,0.0,0.0,-0.35,0.0,0.0,-0.20531295784070724
2023-02-07,0.35,0.0,0.0,0.0,-0.35,0.0,0.0,-0.11077130434727714
2023-02-08,0.0,0.0,0.0,0.0,0.0,0.0,0.0,-0.35
2023-02-09,0.0,0.0,0.0,0.0,0.0,0.0,0.0,-0.35
2023-02-10,0.0,0.0,0.0,0.0,0.0,0.0,0.0,0.0
2023-02-13,0.0,0.0,0.0,0.0,0.0,0.0,0.0,-0.35
2023-02-14,0.35,0.0,0.0,0.0,0.0,0.0,0.0,0.0
2023-02-15,0.0,0.0,0.0,0.0,0.35,0.0,0.0,0.0
2023-02-16,0.0,0.0,0.0,0.0,0.35,0.0,0.0,0.0
2023-02-17,0.0,0.0,0.0,0.0,0.35,0.0,0.0,0.0
2023-02-21,0.0,0.0,0.0,0.0,0.0,0.0,0.0,0.0
2023-02-22,0.0,0.0,0.0,0.0,0.0,0.0,0.0,0.0
2023-02-23,0.0,0.0,0.0,0.0,0.0,0.0,-0.35,0.0
2023-02-24,0.0,0.0,0.0,0.0,-0.35,0.0,0.0,0.0
2023-02-27,0.0,0.0,0.0,0.0,0.0,0.0,-0.35,0.0
2023-02-28,0.0,0.0,0.0,0.0,0.0,0.0,-0.35,0.0
2023-03-01,0.0,0.0,0.0,0.0,-0.35,0.0,-0.2684868853719752,0.0
2023-03-02,0.0,0.0,0.0,0.0,-0.35,0.0,-0.27802894980976556,0.0
2023-03-03,0.0,0.0,0.0,0.0,0.0,0.0,-0.35,-0.35
2023-03-06,0.0,0.0,0.0,0.0,0.0,0.0,-0.35,-0.35
2023-03-07,0.0,0.0,0.0,0.0,0.0,0.0,-0.35,-0.35
2023-03-08,0.0,0.0,0.0,0.0,0.0,0.0,-0.35,-0.35
2023-03-09,0.0,0.0,0.0,0.0,0.0,0.0,-0.35,0.0
2023-03-10,0.0,0.0,0.0,0.0,0.0,0.0,-0.35,0.0
2023-03-13,0.0,0.0,0.0,0.0,-0.35,0.0,-0.2751771066653688,0.0
2023-03-14,0.0,0.0,0.0,0.0,0.0,0.0,-0.35,0.0
2023-03-15,0.0,0.0,0.0,0.0,0.0,0.0,-0.35,-0.35
2023-03-16,0.0,0.0,0.0,0.0,0.0,0.0,-0.35,-0.35
2023-03-17,0.0,0.0,-0.35,0.0,0.35,0.0,-0.17254704039061888,0.0
2023-03-20,0.0,0.0,0.0,0.0,0.35,0.0,-0.2821896922499089,0.0
2023-03-21,0.0,0.0,-0.35,0.0,0.0,0.0,0.0,-0.35
2023-03-22,0.0,0.0,0.0,0.0,0.35,0.0,0.0,-0.34670957416851667
2023-03-23,0.0,0.0,0.0,0.0,0.35,0.0,0.35,0.0
2023-03-24,0.0,0.0,0.0,0.0,0.35,0.0,0.27543305420782493,-0.24258227773511068
2023-03-27,0.0,0.0,0.0,0.0,0.0,0.0,-0.35,0.0
2023-03-28,0.0,0.0,0.0,0.0,0.0,0.0,0.0,0.0
2023-03-29,0.0,0.0,0.0,0.0,0.0,0.0,-0.35,-0.35
2023-03-30,0.0,0.0,0.0,0.0,0.35,0.0,0.0,-0.338707635181599
2023-03-31,0.0,0.0,0.0,0.0,0.35,0.0,0.0,-0.335550994633586
2023-04-03,0.0,0.0,0.0,0.0,0.35,0.0,0.0,-0.3286366299002469
2023-04-04,0.0,0.0,0.0,0.0,0.35,0.0,0.0,-0.3168991952333256
2023-04-05,0.0,0.0,0.0,0.0,0.35,0.0,0.0,-0.321610305874615
2023-04-06,0.0,0.0,0.0,0.0,0.0,0.0,0.0,-0.35
2023-04-10,0.0,0.0,0.0,0.0,0.35,0.0,0.0,-0.31606631269927465
2023-04-11,0.0,0.0,0.0,0.0,0.0,0.0,0.0,-0.35
2023-04-12,0.0,0.0,0.0,0.0,0.0,0.0,0.35,-0.35
2023-04-13,0.0,0.0,0.0,0.0,0.0,0.0,0.0,-0.35
2023-04-14,0.0,0.0,0.0,0.0,0.0,0.0,-0.35,-0.35
2023-04-17,-0.35,0.0,0.0,0.0,0.0,0.0,-0.35,0.0
2023-04-18,0.0,0.0,0.0,0.0,0.35,0.0,-0.35,0.0
2023-04-19,0.0,0.0,0.0,0.0,0.35,0.0,0.0,0.0
2023-04-20,0.0,0.0,0.0,0.0,0.0,0.0,0.0,0.35
2023-04-21,0.0,0.0,0.0,0.0,0.35,0.0,0.0,0.0
2023-04-24,0.0,0.0,0.0,0.0,0.0,0.0,0.0,0.0
2023-04-25,0.0,0.0,0.0,0.0,0.0,0.0,0.35,0.35
2023-04-26,0.0,0.0,0.0,0.0,0.0,0.0,0.0,0.0
2023-04-27,0.0,0.0,0.0,0.0,0.0,0.0,0.0,-0.35
2023-04-28,0.0,0.0,0.0,0.0,0.35,0.0,0.0,-0.2739503171984909
2023-05-01,0.0,0.0,0.0,0.0,0.35,0.0,0.3099768746806001,-0.18521742751636527
2023-05-02,0.0,0.0,0.0,0.0,0.0,0.0,0.35,-0.35
2023-05-03,0.0,0.0,0.0,0.0,0.0,0.0,0.0,-0.35
2023-05-04,0.0,0.0,0.0,0.0,0.0,0.0,0.0,0.0
2023-05-05,0.0,0.0,0.0,0.0,0.0,0.0,0.0,-0.35
2023-05-08,0.0,0.0,0.0,0.0,0.35,0.0,0.0,0.0
2023-05-09,0.0,0.0,0.0,0.0,0.35,0.0,0.0,0.0
2023-05-10,0.0,0.0,0.0,0.0,0.35,0.0,0.0,0.0
2023-05-11,0.0,0.0,-0.35,0.0,0.35,0.0,0.0,0.0
2023-05-12,0.0,0.0,-0.35,0.0,0.0,0.0,0.0,0.0
2023-05-15,0.0,0.0,0.0,0.0,0.0,0.0,-0.35,0.0
2023-05-16,0.0,0.0,-0.35,0.0,0.0,0.0,0.0,0.0
2023-05-17,0.0,0.0,-0.35,0.0,0.0,0.0,0.34292897758493096,-0.23019487027063862
2023-05-18,0.0,0.0,0.0,0.0,0.0,0.0,0.0,-0.35
2023-05-19,0.0,0.0,0.0,0.0,0.35,0.0,0.35,0.0
2023-05-22,0.0,0.0,-0.35,0.0,0.0,0.0,0.35,0.0
2023-05-23,0.0,0.0,0.0,0.0,0.0,0.0,0.0,0.0
2023-05-24,0.0,0.0,0.0,0.0,0.0,0.0,0.0,0.0
2023-05-25,0.0,0.0,0.0,0.0,0.0,0.0,0.0,-0.35
2023-05-26,0.0,0.0,0.0,0.0,0.0,0.0,0.18883324961630124,-0.35
2023-05-30,0.0,0.0,0.0,0.0,0.35,0.0,0.0,-0.35
2023-05-31,0.0,0.0,0.0,0.0,0.35,0.0,0.09754385260473376,-0.35
2023-06-01,0.0,0.0,0.0,0.0,0.35,0.0,0.10033478508320272,-0.35
2023-06-02,0.0,0.0,0.0,0.0,0.35,0.0,-0.09566044895540125,-0.35
2023-06-05,0.0,0.0,0.0,0.0,-0.35,0.0,-0.07768157323300852,-0.35
2023-06-06,0.0,0.0,0.0,0.0,0.0,0.0,-0.1718742723657707,-0.35
2023-06-07,0.0,0.0,0.0,0.0,-0.35,0.0,0.0,0.0
2023-06-08,0.0,0.0,0.0,0.0,0.0,0.0,-0.35,0.0
2023-06-09,0.0,0.0,0.0,0.0,-0.35,0.0,-0.08305007466429677,-0.341552365247346
2023-06-12,0.0,0.0,0.0,0.0,0.35,0.0,-0.08525686340892384,-0.34731371281674794
2023-06-13,0.0,0.0,0.0,0.0,0.0,0.0,-0.19310490814681958,-0.35
2023-06-14,0.0,0.0,0.0,0.0,0.35,0.0,-0.08358014650167511,-0.35
2023-06-15,0.0,0.0,0.0,0.0,0.35,0.0,0.0,-0.35
2023-06-16,0.0,0.0,0.0,0.0,0.35,0.0,0.0,-0.35
2023-06-20,0.0,0.0,0.0,0.0,-0.35,0.0,-0.08603036314968568,-0.3447561820568542
2023-06-21,0.0,0.0,0.0,0.0,-0.35,0.0,0.0,-0.35
2023-06-22,0.0,0.0,0.0,0.0,0.35,0.0,-0.08331552525275522,-0.3300534674310871
2023-06-23,0.0,0.0,0.0,0.0,-0.35,0.0,-0.08344788756406335,-0.3314779127217869
2023-06-26,0.0,0.0,0.0,0.0,-0.35,0.0,0.23403190971998314,0.0
2023-06-27,0.0,0.0,0.0,0.0,0.0,0.0,-0.35,0.0
2023-06-28,0.0,0.0,0.0,0.0,0.0,0.0,0.0,0.0
2023-06-29,0.0,0.0,0.0,0.0,0.35,0.0,0.0,0.0
2023-06-30,0.0,0.0,0.0,0.0,0.35,0.0,0.0,0.0
2023-07-03,0.0,0.0,0.0,0.0,0.35,0.0,0.0,0.0
2023-07-05,0.0,0.0,0.0,0.0,0.0,0.0,0.0,0.0
2023-07-06,0.0,0.0,0.0,0.0,0.0,0.0,0.0,0.0
2023-07-07,0.0,0.0,0.0,0.0,0.0,0.0,0.0,0.0
2023-07-10,0.0,0.0,0.0,0.0,0.35,0.0,0.0,-0.35
2023-07-11,0.0,0.0,0.0,0.0,0.0,0.0,0.0,-0.35
2023-07-12,0.0,0.0,0.0,0.0,0.0,0.0,0.0,-0.35
2023-07-13,0.0,0.0,0.0,0.0,-0.35,0.0,0.0,-0.3396574593164043
2023-07-14,0.0,0.0,0.0,0.0,0.0,0.0,0.35,-0.35
2023-07-17,0.0,0.0,0.0,0.0,0.35,0.0,0.22049884344013823,-0.27525368413938256
2023-07-18,0.0,0.0,0.0,0.0,0.0,0.0,0.35,-0.35
2023-07-19,0.0,0.0,0.0,0.0,0.35,0.0,0.0,-0.35
2023-07-20,0.0,0.0,0.0,0.0,0.0,0.0,0.35,0.0
2023-07-21,0.0,0.0,0.0,0.0,0.0,0.0,0.0,0.0
2023-07-24,0.0,0.0,0.0,0.0,0.0,0.0,0.0,0.0
2023-07-25,0.0,0.0,0.0,0.0,-0.35,0.0,0.0,0.0
2023-07-26,0.0,0.0,0.0,0.0,-0.35,0.0,0.0,0.0
2023-07-27,0.0,0.0,0.0,0.0,-0.35,0.0,0.0,0.0
2023-07-28,0.0,0.0,0.0,0.0,0.0,0.0,0.0,-0.35
2023-07-31,0.0,0.0,0.0,0.0,0.0,0.0,0.0,0.0
2023-08-01,0.0,0.0,0.0,0.0,-0.35,0.0,0.0,0.0
2023-08-02,0.0,0.0,0.0,0.0,-0.35,0.0,0.26595120882094314,0.0
2023-08-03,0.0,0.0,0.0,0.0,0.0,0.0,0.0,0.0
2023-08-04,0.0,0.0,0.0,0.0,-0.35,0.0,0.0,0.0
2023-08-07,0.0,0.0,0.0,0.0,0.35,0.0,0.0,0.0
2023-08-08,0.0,0.0,0.0,0.0,0.35,0.0,0.0,0.0
2023-08-09,0.0,0.0,0.0,0.0,0.35,0.0,0.35,0.0
2023-08-10,0.0,0.0,0.0,0.0,0.35,0.0,0.35,0.0
2023-08-11,0.0,0.0,0.0,0.0,0.0,0.0,0.35,0.35
2023-08-14,0.0,0.0,0.0,0.0,-0.35,0.0,0.0,0.0
2023-08-15,0.0,0.0,0.0,0.0,0.0,0.0,0.35,0.35
2023-08-16,0.0,0.0,0.0,0.0,0.35,0.0,0.23373149732028753,0.2752064776146054
2023-08-17,0.0,0.0,0.0,0.0,0.35,0.0,0.2382672931876813,0.2822787553462743
2023-08-18,0.0,0.0,0.0,0.0,0.35,0.0,0.24137522559850852,0.28855323960635854
2023-08-21,0.0,0.0,0.0,0.0,-0.35,0.0,0.0,0.0
2023-08-22,0.0,0.0,0.0,0.0,-0.35,0.0,0.294660792665153,0.0
2023-08-23,0.0,0.0,0.0,0.0,0.0,0.0,0.0,0.0
2023-08-24,0.0,0.0,0.0,0.0,0.35,0.0,0.31908441400199605,0.0
2023-08-25,0.0,0.0,0.0,0.0,0.0,0.0,0.35,0.0
2023-08-28,0.0,0.0,0.0,0.0,0.0,0.0,0.0,0.0
2023-08-29,0.0,0.0,0.0,0.0,0.0,0.0,0.0,0.0
2023-08-30,0.0,0.0,0.0,0.0,0.0,0.0,0.35,0.0
2023-08-31,0.0,0.0,0.0,0.0,0.35,0.0,0.0,0.0
2023-09-01,0.0,0.0,0.0,0.0,0.0,0.0,0.0,0.0
2023-09-05,0.0,0.0,0.0,0.0,0.0,0.0,0.0,0.0
2023-09-06,0.0,0.0,0.0,0.0,0.0,0.0,0.0,0.0
2023-09-07,0.0,0.0,0.0,0.0,-0.35,0.0,0.0,0.0
2023-09-08,0.0,0.0,0.0,0.0,0.0,0.0,0.0,0.0
2023-09-11,0.0,0.0,0.0,0.0,0.0,0.0,0.35,0.0
2023-09-12,0.0,0.0,0.0,0.0,0.35,0.0,0.35,0.0
2023-09-13,0.0,0.0,0.0,0.0,0.0,0.0,0.0,0.0
2023-09-14,-0.35,0.0,0.0,0.0,0.0,0.0,0.35,0.0
2023-09-15,0.0,0.0,0.0,0.0,0.0,0.0,0.35,0.0
2023-09-18,0.0,0.0,0.0,0.0,0.0,0.0,0.35,0.0
2023-09-19,0.0,0.0,0.0,0.0,0.0,0.0,0.0,0.0
2023-09-20,0.0,0.0,0.0,0.0,0.0,0.0,0.0,0.0
2023-09-21,0.0,0.0,0.0,0.0,0.0,0.0,0.35,0.0
2023-09-22,0.0,0.0,0.0,0.0,-0.35,0.0,0.0,0.0
2023-09-25,0.0,0.0,0.0,0.0,-0.35,0.0,0.0,0.0
2023-09-26,0.0,0.0,0.0,0.0,0.0,0.0,0.0,0.0
2023-09-27,0.0,0.0,0.0,0.0,0.0,0.0,0.0,0.0
2023-09-28,0.0,0.0,0.0,0.0,0.0,0.0,0.0,0.0
2023-09-29,0.0,0.0,0.0,0.0,0.0,0.0,0.0,0.0
2023-10-02,0.0,0.0,0.0,0.0,-0.35,0.0,0.35,0.0
2023-10-03,0.0,0.0,0.0,0.0,0.0,0.0,0.35,0.0
2023-10-04,0.0,0.0,0.0,0.0,0.0,0.0,0.35,0.0
2023-10-05,0.0,0.0,0.0,0.0,0.0,0.0,0.0,0.0
2023-10-06,0.0,0.0,0.0,0.0,0.0,0.0,0.35,0.0
2023-10-09,0.0,0.0,0.0,0.0,0.0,0.0,0.0,0.0
2023-10-10,0.0,0.0,0.0,0.0,0.0,0.0,0.0,0.0
2023-10-11,0.0,0.0,0.0,0.0,0.0,0.0,0.0,-0.35
2023-10-12,0.0,0.0,0.0,0.0,0.35,0.0,0.35,0.0
2023-10-13,0.0,0.0,0.0,0.0,0.0,0.0,0.35,0.0
2023-10-16,0.0,0.0,0.0,0.0,0.0,0.0,0.0,0.0
2023-10-17,0.0,0.0,0.0,0.0,0.0,0.0,0.35,0.0
2023-10-18,0.0,0.0,0.0,0.0,0.0,0.0,0.35,0.0
2023-10-19,0.0,0.35,0.0,0.0,0.0,0.0,0.35,0.0
2023-10-20,0.0,0.0,0.0,0.0,0.0,0.0,0.35,0.0
2023-10-23,0.0,0.0,0.0,0.0,0.0,0.0,0.35,0.0
2023-10-24,0.0,0.0,0.0,0.0,-0.35,0.0,0.0,0.0
2023-10-25,0.0,0.0,0.0,0.0,0.0,0.0,0.35,0.0
2023-10-26,0.0,0.0,0.2843428422500874,0.0,0.35,0.0,0.0,0.0
2023-10-27,0.0,0.0,0.35,0.0,0.0,0.0,0.0,0.0
2023-10-30,0.0,0.0,0.0,0.0,0.0,0.0,0.0,0.0
2023-10-31,0.0,0.0,0.22156178545200103,0.0,-0.35,0.0,0.22480786241180392,0.0
2023-11-01,0.0,0.0,0.0,0.0,0.0,0.0,0.35,0.0
2023-11-02,0.0,0.0,0.0,0.0,0.35,0.0,0.0,0.0
2023-11-03,0.0,0.0,0.0,0.0,0.0,0.0,0.35,0.0
2023-11-06,0.0,0.0,0.0,0.0,0.0,0.0,0.35,0.0
2023-11-07,0.0,0.0,0.0,0.0,0.0,0.0,0.35,0.0
2023-11-08,0.0,0.0,0.0,0.0,-0.35,0.0,0.0,0.0
2023-11-09,0.0,0.0,0.0,0.0,0.0,0.0,0.35,0.0
2023-11-10,0.0,0.0,0.0,0.0,0.0,0.0,0.0,0.0
2023-11-13,0.0,0.0,0.0,0.0,0.0,0.0,0.0,0.0
2023-11-14,0.0,0.0,0.0,0.0,0.0,0.0,0.0,-0.35
2023-11-15,0.0,0.0,0.0,0.0,0.35,0.0,0.35,0.0
2023-11-16,0.0,0.0,0.0,0.0,0.35,0.0,0.0,0.0
2023-11-17,0.0,0.0,0.0,0.0,0.35,0.0,0.0,0.0
2023-11-20,0.0,0.0,0.0,0.0,0.35,0.0,0.0,0.0
2023-11-21,0.0,0.0,0.0,0.0,0.0,0.0,0.0,0.0
2023-11-22,-0.35,0.0,0.0,0.0,0.35,0.0,0.0,-0.25782548532490857
2023-11-24,0.0,0.0,0.0,0.0,0.0,0.0,0.0,0.0
2023-11-27,0.0,0.0,0.0,0.0,0.0,0.0,0.0,0.0
2023-11-28,0.0,0.0,0.0,0.0,0.0,0.0,0.0,0.0
2023-11-29,0.0,0.0,0.0,0.0,0.0,0.0,0.0,0.0
2023-11-30,0.0,0.0,0.0,0.0,0.0,0.0,0.35,0.0
2023-12-01,0.0,0.0,0.0,0.0,-0.35,0.0,0.32697198165811137,0.0
2023-12-04,0.0,0.0,0.0,0.0,-0.35,0.0,0.0,0.35
2023-12-05,0.0,0.0,0.0,0.0,0.0,0.0,0.0,0.35
2023-12-06,0.0,0.0,0.0,0.0,0.0,0.0,0.35,0.0
2023-12-07,0.0,0.0,0.0,0.0,0.35,0.0,0.0,0.0
2023-12-08,0.0,0.0,0.0,0.0,0.35,0.0,0.0,0.0
2023-12-11,0.0,0.0,0.0,0.0,0.0,0.0,0.35,0.0
2023-12-12,0.0,0.0,0.0,0.0,-0.35,0.0,0.0,0.0
2023-12-13,0.0,0.0,0.0,0.0,0.35,0.0,0.31754944125746426,0.0
2023-12-14,0.0,0.0,0.0,0.0,0.0,0.0,0.35,0.0
2023-12-15,0.0,0.0,0.0,0.0,-0.35,0.0,0.0,0.0
2023-12-18,0.0,0.0,0.0,0.0,0.0,0.0,0.35,0.0
2023-12-19,0.0,0.0,0.0,0.0,0.35,0.0,0.321465059146013,0.0
2023-12-20,0.0,0.0,0.0,0.0,0.0,0.0,0.35,0.0
2023-12-21,0.0,0.0,-0.35,0.0,0.0,0.0,0.0,0.0
2023-12-22,0.0,0.0,-0.35,0.0,0.0,0.0,0.0,0.0
2023-12-26,0.0,0.0,0.0,0.0,0.0,0.0,0.0,0.0
2023-12-27,0.0,0.0,0.0,0.0,0.0,0.0,0.0,0.0
2023-12-28,0.0,0.0,0.0,0.0,0.0,0.0,0.0,0.0
2023-12-29,0.0,0.0,0.0,0.0,-0.35,0.0,0.0,0.0
2024-01-02,0.0,0.0,0.0,0.0,0.35,0.0,0.35,0.0
2024-01-03,0.0,0.0,0.0,0.0,0.35,0.0,0.35,0.0
2024-01-04,0.0,0.0,0.0,0.0,0.35,0.0,0.0,0.0
2024-01-05,0.0,0.0,0.0,0.0,0.35,0.0,0.0,0.0
2024-01-08,0.0,0.0,0.0,0.0,0.0,0.0,0.0,0.0
2024-01-09,0.0,0.0,0.0,0.0,0.0,0.0,0.0,0.0
2024-01-10,0.0,0.0,0.0,0.0,0.0,0.0,0.0,0.0
2024-01-11,0.0,0.0,0.0,0.0,0.0,0.0,0.0,0.0
2024-01-12,0.0,0.0,-0.35,0.0,0.0,0.0,0.35,0.0
2024-01-16,0.0,0.0,0.0,0.0,0.0,0.0,0.0,0.0
2024-01-17,0.0,0.0,0.0,0.0,0.0,0.0,0.0,0.0
2024-01-18,0.0,0.0,0.0,0.0,-0.35,0.0,0.0,-0.35
2024-01-19,0.0,0.0,0.0,0.0,0.35,0.0,-0.35,0.0
2024-01-22,0.0,0.0,0.0,0.0,0.35,0.0,0.0,0.0
2024-01-23,0.0,0.0,0.0,0.0,0.0,0.0,-0.35,0.0
2024-01-24,0.0,0.0,0.0,0.0,0.0,0.0,0.0,-0.35
2024-01-25,0.0,0.1945303912492094,0.0,0.0,0.35,0.0,0.0,-0.35
2024-01-26,0.0,0.0,0.0,0.0,0.0,0.0,-0.35,-0.35
2024-01-29,0.0,0.0,0.0,0.0,0.0,0.0,-0.35,-0.35
2024-01-30,0.0,0.0,0.0,0.0,0.0,0.0,0.0,0.0
2024-01-31,0.0,0.0,0.0,0.0,0.0,0.0,0.0,0.0
2024-02-01,0.0,0.0,0.0,0.0,0.0,0.0,-0.35,0.0
2024-02-02,0.0,0.0,0.0,0.0,-0.35,0.0,-0.3342051714047637,-0.14905380876779425
2024-02-05,0.0,0.0,0.0,0.0,0.0,0.0,-0.35,-0.3140707636237396
2024-02-06,0.0,0.0,0.0,0.0,0.0,0.0,-0.35,-0.2951723992453584
2024-02-07,0.0,0.0,0.0,0.0,0.0,0.0,-0.35,-0.2974206897185858
2024-02-08,0.0,0.0,0.0,0.0,0.0,0.0,-0.35,-0.3023711537536791
2024-02-09,0.0,0.0,0.0,0.0,0.0,0.0,-0.35,-0.3083718585807931
2024-02-12,0.0,0.0,0.0,0.0,0.0,0.0,-0.35,-0.3067732132023607
2024-02-13,0.0,0.0,0.0,0.0,0.0,0.0,-0.35,0.0
2024-02-14,0.0,0.0,0.0,0.0,0.0,0.0,-0.35,0.0
2024-02-15,0.0,0.0,0.0,0.0,0.0,0.0,-0.35,-0.3132493085420177
2024-02-16,0.0,0.0,0.0,0.0,0.0,0.0,-0.35,0.0
2024-02-20,0.0,0.0,0.0,0.0,0.0,0.0,0.35,0.0
2024-02-21,0.0,0.0,0.35,0.0,0.0,0.0,0.0,-0.3027979197330871
2024-02-22,0.0,0.0,0.0,0.0,0.0,0.0,-0.35,-0.35
2024-02-23,0.0,0.0,0.0,0.0,0.0,0.0,0.0,-0.35
2024-02-26,0.0,0.0,0.0,0.0,0.0,0.0,0.0,-0.35
2024-02-27,0.0,0.0,0.35,0.0,0.0,0.0,0.0,-0.31327814438284934
2024-02-28,0.0,0.0,0.0,0.0,0.0,0.0,0.0,-0.35
2024-02-29,0.0,0.0,0.0,0.0,-0.35,0.0,0.0,-0.13870740883442528
2024-03-01,0.0,0.0,0.35,0.0,0.0,0.0,0.0,-0.24555047679061978
2024-03-04,0.0,0.0,0.0,0.0,0.35,0.0,-0.12342078237191677,-0.27756011311901985
2024-03-05,0.0,0.0,0.35,0.0,0.35,0.0,0.0,0.0
2024-03-06,0.0,0.0,0.2733266966524017,0.0,0.35,0.0,0.0,-0.25516693353544795
2024-03-07,0.0,0.0,0.0,0.0,0.35,0.0,-0.12678812613592388,-0.30603376063547855
2024-03-08,0.0,0.0,0.0,0.0,0.0,0.0,0.0,-0.35
2024-03-11,0.0,0.0,0.0,0.0,0.0,0.0,0.0,0.35
2024-03-12,0.0,0.0,0.0,0.0,0.0,0.0,0.0,0.0
2024-03-13,0.0,0.0,0.0,0.0,0.0,0.0,0.0,0.0
2024-03-14,0.0,0.0,0.0,0.0,0.0,0.0,0.0,0.0
2024-03-15,0.0,0.0,0.0,0.0,0.0,0.0,0.0,0.35
2024-03-18,0.0,0.0,-0.35,0.0,0.0,0.0,0.0,0.0
2024-03-19,0.0,0.0,0.0,0.0,0.0,0.0,0.0,0.0
2024-03-20,0.0,0.0,-0.35,0.0,0.0,0.0,0.0,0.0
2024-03-21,0.0,0.0,0.0,0.0,0.0,0.0,0.0,0.0
2024-03-22,-0.254992403381166,0.0,-0.35,0.0,0.0,0.0,0.0,0.35
2024-03-25,0.0,0.0,-0.35,0.0,0.0,0.0,0.0,0.0
2024-03-26,-0.35,0.0,0.0,0.0,0.0,0.0,0.0,0.35
2024-03-27,0.0,0.0,0.0,0.0,0.0,0.0,0.0,0.0
2024-03-28,0.0,0.0,0.0,0.0,0.0,0.0,0.0,0.35
2024-04-01,0.0,0.0,0.0,0.0,0.0,0.0,0.0,0.35
2024-04-02,0.0,0.0,0.0,0.0,0.0,0.0,0.0,0.0
2024-04-03,0.0,0.0,0.0,0.0,0.0,0.0,0.0,-0.35
2024-04-04,0.0,0.0,0.0,0.0,0.0,0.0,0.0,0.0
2024-04-05,0.0,0.0,0.0,0.0,0.0,0.0,0.0,-0.35
2024-04-08,0.0,0.0,0.0,0.0,0.0,0.0,0.0,0.35
2024-04-09,0.0,0.0,0.0,0.0,0.0,0.0,0.0,0.0
2024-04-10,0.0,0.0,0.0,0.0,0.0,0.0,0.0,0.0
2024-04-11,0.0,0.0,0.0,0.0,0.0,0.0,0.0,0.0
2024-04-12,0.0,0.0,-0.35,0.0,0.0,0.0,0.0,0.35
2024-04-15,0.0,0.0,0.0,0.0,0.0,0.0,0.0,0.35
2024-04-16,0.0,0.0,0.0,0.0,0.0,0.0,0.0,0.35
2024-04-17,0.0,0.0,0.0,0.0,0.0,0.0,0.0,0.35
2024-04-18,0.0,0.0,0.0,0.0,0.0,0.0,0.0,0.0
2024-04-19,0.35,0.0,0.0,0.35,0.0,0.0,0.0,0.22403019896142679
2024-04-22,0.0,0.0,0.0,0.0,0.0,0.0,0.0,0.35
2024-04-23,0.0,0.0,0.0,0.0,0.0,0.0,0.0,0.0
2024-04-24,0.0,0.0,0.0,0.0,0.0,0.0,0.0,0.0
2024-04-25,0.35,0.0,0.0,0.35,0.0,0.0,0.0,0.15449136484852846
2024-04-26,0.0,0.0,-0.35,0.0,0.0,0.0,0.0,0.35
2024-04-29,0.0,0.0,0.0,0.0,0.0,0.0,0.0,0.35
2024-04-30,0.0,0.0,0.0,0.0,0.0,0.0,0.0,0.35
2024-05-01,0.0,0.0,0.0,0.0,0.0,0.0,0.0,0.0
2024-05-02,0.0,0.0,-0.35,0.0,0.0,0.0,0.0,0.0
2024-05-03,-0.35,0.0,0.0,0.0,0.0,0.0,0.0,0.0
2024-05-06,0.0,0.0,0.0,0.0,0.0,0.0,0.0,0.0
2024-05-07,0.0,0.0,-0.35,0.0,0.0,0.0,0.0,0.0
2024-05-08,0.0,0.0,0.0,0.0,0.35,0.0,0.0,0.0
2024-05-09,0.0,0.0,0.0,0.0,0.0,0.0,0.0,0.0
2024-05-10,0.0,0.0,0.0,0.0,0.0,0.0,0.0,0.0
2024-05-13,0.0,0.0,0.0,0.0,0.0,0.0,0.0,0.35
2024-05-14,0.0,0.0,0.0,0.0,0.0,0.0,0.0,0.0
2024-05-15,0.0,0.0,0.0,0.0,0.0,0.0,0.0,0.0
2024-05-16,0.0,0.0,0.0,0.0,0.35,0.0,0.0,0.35
2024-05-17,0.0,0.0,0.0,0.0,0.35,0.0,0.0,0.35
2024-05-20,0.0,0.0,0.0,0.0,0.0,0.0,0.0,0.0
2024-05-21,0.0,0.0,0.0,0.0,0.35,0.0,0.0,0.35
2024-05-22,0.0,0.0,0.0,0.0,0.0,0.0,0.0,0.35
2024-05-23,0.0,0.0,0.0,0.0,0.0,0.0,-0.35,0.0
2024-05-24,0.0,0.0,0.0,0.0,0.0,0.0,0.0,0.0
2024-05-28,0.0,0.0,0.0,0.0,0.0,0.0,0.0,0.0
2024-05-29,0.0,0.0,0.0,0.0,0.0,0.0,0.0,0.35
2024-05-30,0.0,0.0,0.0,0.0,0.0,0.0,0.3133612190029436,0.35
2024-05-31,0.0,0.0,0.0,0.0,0.0,0.0,0.0,0.0
2024-06-03,0.0,0.0,0.0,0.0,0.0,0.0,0.0,-0.35
2024-06-04,0.0,0.0,0.0,0.0,0.0,0.0,0.0,-0.35
2024-06-05,0.0,0.0,0.0,0.0,0.0,0.0,-0.35,0.0
2024-06-06,0.0,0.0,0.0,0.0,0.0,0.0,0.0,0.0
2024-06-07,0.35,0.0,0.0,0.0,0.0,0.0,0.0,0.0
2024-06-10,0.35,0.0,0.0,0.0,0.0,0.0,0.0,-0.35
2024-06-11,0.0,0.0,0.0,0.0,-0.35,0.0,0.0,-0.35
2024-06-12,-0.1997560758675077,0.0,0.0,0.0,-0.3482726026960204,0.0,0.0,-0.35
2024-06-13,0.0,0.0,0.0,0.0,0.0,0.0,0.0,0.0
2024-06-14,0.0,0.0,0.0,0.0,0.0,0.0,0.0,-0.35
2024-06-17,0.0,0.0,0.0,0.0,0.0,0.0,0.0,0.0
2024-06-18,0.0,0.0,0.0,0.0,0.0,0.0,0.0,0.35
2024-06-20,0.0,0.0,0.0,0.0,0.0,0.0,0.0,0.0
2024-06-21,0.0,0.0,0.0,0.0,0.0,0.0,0.0,0.0
2024-06-24,0.0,0.0,0.0,0.0,0.0,0.0,0.35,0.0
2024-06-25,0.0,0.0,-0.35,0.0,0.0,0.0,0.0,-0.35
2024-06-26,0.0,0.0,0.0,0.0,0.0,0.0,0.0,0.0
2024-06-27,0.0,0.0,0.0,0.0,0.0,0.0,0.0,-0.35
2024-06-28,0.0,0.0,0.0,0.0,0.0,0.0,0.0,0.35
2024-07-01,0.0,0.0,0.0,0.0,0.0,0.0,0.0,0.0
2024-07-02,0.0,0.0,0.0,0.0,0.0,0.0,0.0,0.0
2024-07-03,0.0,0.0,-0.35,0.0,0.0,0.0,0.0,-0.35
2024-07-05,0.0,0.0,0.0,0.0,0.0,0.0,0.0,-0.35
2024-07-08,0.0,0.0,0.0,0.0,0.0,0.0,0.0,0.35
2024-07-09,0.0,0.0,0.0,0.0,0.0,0.0,0.0,0.0
2024-07-10,0.0,0.0,0.0,0.0,-0.35,0.0,0.0,-0.35
2024-07-11,0.0,0.0,0.0,0.0,0.0,0.0,0.35,0.0
2024-07-12,0.0,0.0,0.35,0.0,0.0,0.0,0.0,0.35
2024-07-15,0.0,0.0,0.0,0.0,0.0,0.0,0.0,0.35
2024-07-16,0.0,0.0,0.0,0.0,0.0,0.0,0.0,0.35
2024-07-17,0.0,0.0,0.0,0.0,0.35,0.0,0.21177746832025618,0.3107649406163548
2024-07-18,0.0,0.0,0.0,0.0,0.0,0.0,0.0,0.35
2024-07-19,0.0,0.0,0.35,0.0,0.0,0.0,0.0,0.35
2024-07-22,0.0,0.0,0.0,0.0,0.0,0.0,0.0,0.35
2024-07-23,0.0,0.0,0.0,0.0,0.0,0.0,0.0,0.35
2024-07-24,0.0,0.21308335663193,0.0,0.35,0.0,0.0,0.0,0.0
2024-07-25,0.0,0.0,0.33952635378080376,0.35,0.0,0.0,0.0,0.22715579131995503
2024-07-26,0.0,0.0,0.35,0.0,0.0,0.0,0.0,0.0
2024-07-29,0.0,0.0,0.0,0.0,0.0,0.0,0.0,0.35
2024-07-30,0.0,0.0,0.35,0.0,0.0,0.0,0.2387694983646087,0.30498138556672866
2024-07-31,0.0,0.0,0.0,0.35,0.0,0.0,0.0,0.0
2024-08-01,0.0,0.0,0.0,0.0,0.0,0.0,0.0,-0.35
2024-08-02,0.0,0.0,0.0,0.35,-0.35,0.22528092725675794,0.0,0.0
2024-08-05,0.0,0.0,0.2898828956152412,0.35,-0.32486417176741966,0.0,0.0,0.0
2024-08-06,0.0,0.0,0.35,0.0,0.0,0.0,0.0,-0.35
2024-08-07,0.0,0.0,0.35,0.0,0.0,0.0,0.27887429313798795,0.0
2024-08-08,0.0,0.0,0.0,0.0,0.0,0.35,-0.3339952381543641,0.0
2024-08-09,0.0,0.0,0.0,0.0,0.0,0.0,0.0,-0.35
2024-08-12,0.0,0.0,0.35,0.0,0.0,0.35,0.0,0.0
2024-08-13,0.0,0.0,0.0,0.0,0.0,0.0,-0.35,-0.35
2024-08-14,0.0,0.0,0.0,0.0,0.0,0.0,0.0,0.0
2024-08-15,0.0,0.0,0.35,0.0,0.0,0.0,0.0,-0.35
2024-08-16,0.0,0.0,0.0,0.0,0.0,0.0,0.0,0.35
2024-08-19,0.0,0.0,0.0,0.0,0.0,0.0,0.0,0.0
2024-08-20,0.0,0.0,0.0,0.0,0.0,0.0,-0.35,0.0
2024-08-21,0.0,0.0,0.0,0.0,0.0,0.0,0.0,0.0
2024-08-22,0.0,0.0,0.0,0.0,0.0,0.0,0.35,0.0
2024-08-23,0.0,0.0,0.0,0.0,0.0,0.0,0.0,0.0
2024-08-26,0.0,0.0,0.0,0.0,0.0,0.0,0.0,0.35
2024-08-27,0.0,0.0,0.0,0.0,0.0,0.0,0.0,0.35
2024-08-28,0.0,0.0,0.0,0.0,0.0,0.0,0.0,0.35
2024-08-29,0.0,0.0,0.0,0.0,0.0,0.0,0.0,0.35
2024-08-30,0.0,0.0,0.0,0.0,0.0,0.0,0.0,0.0
2024-09-03,0.0,0.0,0.0,0.0,0.0,0.0,0.2848459226126626,0.35
2024-09-04,0.0,0.0,0.0,0.0,0.0,0.0,0.35,0.0
2024-09-05,0.0,0.0,0.35,0.0,0.0,0.0,0.2606737262986854,0.0
2024-09-06,0.0,0.0,0.35,0.0,0.0,0.0,0.0,0.35
2024-09-09,0.0,0.0,0.35,0.0,0.0,0.0,0.0,0.35
2024-09-10,0.0,0.0,0.35,0.0,0.0,0.0,0.0,0.35
2024-09-11,0.0,0.0,0.0,0.0,0.0,0.0,0.0,0.35
2024-09-12,-0.35,0.0,0.0,0.0,0.0,0.0,0.0,0.0
2024-09-13,-0.35,0.0,0.0,0.0,0.0,0.0,0.0,0.0
2024-09-16,-0.35,0.0,0.0,0.0,0.0,0.0,0.0,0.0
2024-09-17,0.0,0.0,0.0,0.0,0.0,0.0,0.0,0.0
2024-09-18,0.0,0.0,0.0,0.0,0.0,0.0,0.0,0.0
2024-09-19,0.0,0.0,0.0,0.0,0.0,0.0,0.0,-0.35
2024-09-20,0.0,0.0,0.0,0.0,0.0,0.0,0.0,-0.35
2024-09-23,0.0,0.0,0.0,0.0,0.0,0.0,0.0,-0.35
2024-09-24,-0.33124713840533143,0.0,0.0,0.0,0.0,0.0,0.0,-0.35
2024-09-25,0.0,0.0,0.0,0.0,0.0,0.0,0.0,-0.35
2024-09-26,-0.33057296019184723,0.0,0.0,0.0,0.0,0.0,0.0,-0.35
2024-09-27,-0.3310668939102223,0.0,0.0,0.0,0.0,0.0,0.0,-0.35
2024-09-30,0.0,0.0,0.0,0.0,0.0,0.0,0.0,-0.35
2024-10-01,0.0,0.0,0.0,0.0,0.0,0.0,0.3144079945849825,-0.35
2024-10-02,0.0,0.0,0.0,0.0,0.0,0.0,0.0,0.0
2024-10-03,-0.18898212212822,0.0,-0.35,0.0,0.0,0.0,0.0,-0.35
2024-10-04,0.0,0.0,0.0,0.0,0.0,0.0,0.0,-0.35
2024-10-07,-0.35,0.0,0.0,0.0,0.0,0.0,0.0,0.0
2024-10-08,0.35,0.0,0.0,0.0,0.0,0.0,0.0,0.0
2024-10-09,0.0,0.0,0.0,0.0,0.0,0.0,0.0,-0.35
2024-10-10,0.0,0.0,0.0,0.0,0.0,0.0,0.0,0.0
2024-10-11,0.0,0.0,0.0,0.0,0.0,0.0,0.0,-0.35
2024-10-14,0.0,0.0,0.0,0.0,0.0,0.0,0.0,-0.35
2024-10-15,0.0,0.0,0.0,0.0,0.0,0.0,0.0,0.0
2024-10-16,0.0,0.0,0.0,0.0,0.0,0.0,0.0,0.35
2024-10-17,0.0,0.0,0.0,0.0,0.0,0.0,0.0,0.35
2024-10-18,0.0,0.0,0.0,0.0,0.0,0.0,0.0,0.35
2024-10-21,0.0,0.0,0.0,0.0,0.0,0.0,0.0,0.35
2024-10-22,-0.35,0.0,0.0,0.0,0.0,0.0,0.0,0.0
2024-10-23,0.0,0.0,0.0,0.0,0.0,0.0,0.0,0.35
2024-10-24,0.0,0.0,0.0,0.0,0.0,0.0,0.0,0.35
2024-10-25,0.0,0.0,0.0,0.0,0.0,0.0,0.0,0.35
2024-10-28,0.0,0.0,0.0,0.0,0.0,0.0,0.0,0.0
2024-10-29,0.0,0.0,0.0,0.0,0.0,0.0,0.0,0.0
2024-10-30,0.0,0.0,-0.35,0.0,0.0,0.0,0.0,0.0
2024-10-31,0.0,0.0,0.0,0.0,0.0,0.0,0.35,0.0
2024-11-01,0.0,0.0,0.0,0.0,0.0,0.0,0.0,0.35
2024-11-04,0.0,0.0,0.0,0.0,0.0,0.0,0.0,0.35
2024-11-05,0.0,0.0,0.0,0.0,0.0,0.0,0.0,0.0
2024-11-06,0.0,0.0,0.0,0.0,0.0,0.0,0.0,0.35
2024-11-07,0.0,0.0,0.0,0.0,0.0,0.0,0.0,0.0
2024-11-08,0.0,0.0,0.0,0.0,0.0,0.0,0.0,0.0
2024-11-11,0.0,0.0,-0.35,0.0,0.0,0.0,0.0,0.35
2024-11-12,0.0,0.0,-0.35,0.0,0.0,0.0,0.0,0.0
2024-11-13,0.0,0.0,0.0,0.0,0.0,0.0,0.0,0.35
2024-11-14,0.0,0.0,0.0,0.0,0.0,0.0,0.0,0.35
2024-11-15,0.0,0.0,0.0,0.0,0.0,0.0,0.0,0.35
2024-11-18,0.0,0.0,0.35,0.0,0.0,0.0,0.0,0.35
2024-11-19,0.0,0.0,0.0,0.0,0.0,0.0,0.0,0.35
2024-11-20,0.0,0.0,0.0,0.0,0.0,0.0,0.0,0.35
2024-11-21,0.0,0.0,-0.35,0.0,0.0,0.0,0.0,0.35
2024-11-22,0.0,0.0,0.0,0.0,0.0,0.0,0.0,0.35
2024-11-25,0.0,0.0,0.0,0.0,0.0,0.0,0.0,0.35
2024-11-26,0.0,0.0,0.35,0.0,0.0,0.0,0.0,-0.35
2024-11-27,0.0,0.0,0.35,0.0,0.0,0.0,0.0,0.35
2024-11-29,0.0,0.0,0.0,0.0,0.0,0.0,0.0,0.35
2024-12-02,0.0,0.0,0.0,0.0,0.0,0.0,0.0,0.0
2024-12-03,0.0,0.0,0.0,0.0,0.0,0.0,0.0,-0.35
2024-12-04,0.0,0.0,0.0,0.0,0.0,0.0,0.0,-0.35
2024-12-05,0.0,0.0,0.0,0.0,0.0,0.0,0.0,0.0
2024-12-06,0.0,0.0,0.0,0.0,0.0,0.0,0.0,-0.35
2024-12-09,0.0,0.0,0.0,0.0,0.0,0.0,0.0,0.35
2024-12-10,0.0,0.0,-0.35,0.0,0.0,0.0,0.0,-0.35
2024-12-11,0.0,0.0,-0.35,0.0,0.0,0.0,0.0,-0.35
2024-12-12,0.0,0.0,-0.35,0.0,0.0,0.0,0.0,-0.35
2024-12-13,0.0,0.0,-0.35,0.0,0.0,0.0,0.0,0.35
2024-12-16,0.0,0.0,-0.35,0.0,0.0,0.0,0.0,0.0
2024-12-17,0.0,0.0,0.0,0.0,0.0,0.0,0.0,0.0
2024-12-18,0.0,0.0,0.0,0.0,0.0,0.0,0.0,0.35
2024-12-19,0.0,0.0,0.0,0.0,0.0,0.0,0.0,0.35
2024-12-20,0.0,0.0,0.0,0.0,-0.35,0.0,0.0,0.33001863987346586
2024-12-23,0.0,0.0,0.0,0.0,0.0,0.0,0.0,0.0
2024-12-24,0.0,0.0,0.0,0.0,0.0,0.0,0.0,0.0
2024-12-26,0.0,0.0,-0.35,0.0,0.0,0.0,0.0,0.0
2024-12-27,0.0,0.0,0.0,0.0,0.0,0.0,0.0,0.0
2024-12-30,0.35,0.0,0.0,0.0,0.0,0.0,0.0,0.35
2024-12-31,0.0,0.0,0.0,0.0,0.0,0.0,0.0,0.35
2025-01-02,0.0,0.17731790878823853,0.3421829191407171,0.0,0.0,0.0,0.0,-0.35
2025-01-03,0.0,0.0,0.0,0.0,0.0,0.0,0.0,0.0
2025-01-06,0.0,0.0,0.0,0.0,0.0,0.0,0.0,0.0
2025-01-07,0.0,0.0,0.0,0.0,0.0,0.0,0.35,0.35
2025-01-08,0.0,0.0,0.0,0.0,0.0,0.0,0.0,0.35
2025-01-10,0.35,0.0,0.0,0.0,0.0,0.0,0.0,-0.35
2025-01-13,0.0,0.0,0.0,0.0,0.0,0.0,0.0,0.0
2025-01-14,0.0,0.0,0.35,0.0,0.0,0.0,0.24234081112352018,0.34835697904163937
2025-01-15,0.0,0.0,0.0,0.0,0.0,0.0,0.0,-0.35
2025-01-16,0.0,0.0,0.0,0.0,0.0,0.0,0.0,0.0
2025-01-17,0.0,0.0,0.0,0.0,0.0,0.0,0.0,0.0
2025-01-21,0.0,0.0,0.0,0.0,0.0,0.0,0.0,0.0
2025-01-22,0.0,0.0,0.0,0.0,0.0,0.0,0.0,0.0
2025-01-23,0.0,0.0,0.0,0.0,0.35,0.0,0.0,0.0
2025-01-24,0.0,0.0,0.0,0.0,0.0,0.0,0.0,0.0
2025-01-27,0.0,0.0,-0.35,0.0,0.0,0.0,0.15183750572208343,-0.35
2025-01-28,0.0,0.0,0.0,0.0,0.0,0.0,0.0,-0.35
2025-01-29,0.0,0.0,0.0,0.0,0.0,0.0,0.0,-0.35
2025-01-30,0.0,0.0,0.0,0.0,0.0,0.0,0.0,-0.35
2025-01-31,0.0,0.0,0.35,0.0,0.0,0.0,0.1393201273521903,-0.35
2025-02-03,0.0,0.0,0.0,0.0,0.0,0.0,0.0,-0.35
2025-02-04,0.0,0.0,0.0,0.0,0.0,0.0,0.0,-0.35
2025-02-05,0.0,0.0,0.0,0.0,0.0,0.0,0.0,-0.35
2025-02-06,0.0,0.0,0.35,0.0,0.0,0.0,0.0,-0.35
2025-02-07,0.0,0.0,0.0,0.0,0.0,0.0,0.0,-0.35
2025-02-10,0.0,0.0,0.3478290095725273,0.0,0.0,0.0,0.0,-0.35
2025-02-11,0.0,0.27924061359348734,0.0,0.0,0.0,0.0,0.0,-0.35
2025-02-12,0.0,0.0,0.0,0.0,0.0,0.0,-0.16427623965496993,-0.35
2025-02-13,0.0,0.0,0.0,0.0,0.0,0.0,0.0,-0.35
2025-02-14,0.0,0.0,0.0,0.0,0.0,0.0,0.0,-0.35
2025-02-18,0.0,0.0,0.0,0.0,0.0,0.0,0.0,0.0
2025-02-19,0.0,0.0,0.0,0.0,0.0,0.0,0.0,0.35
2025-02-20,0.0,0.0,0.0,0.0,0.0,0.0,0.0,0.35
2025-02-21,0.0,0.0,0.0,0.0,0.0,0.0,0.0,0.35
2025-02-24,0.0,0.0,0.23540616985996154,0.0,0.0,0.35,0.0,0.35
2025-02-25,0.0,0.17481610649454532,0.0,0.0,0.0,0.35,0.0,0.35
2025-02-26,0.0,0.196639079080297,0.30907041454919193,0.0,0.0,0.0,0.0,0.35
2025-02-27,0.13120489986971845,0.09368034033857392,0.14571542720520847,0.20602981781200744,0.0,0.2010726878029128,0.0,0.22229682697157885
2025-02-28,0.0,0.0,0.35,0.0,0.0,0.0,0.0,0.0
2025-03-03,-0.12082592598807898,0.07769620334436511,0.13209478518308296,0.26269317497711653,0.0,0.15510998679511298,0.07129659482658514,0.18028332888565818
2025-03-04,0.0,0.19074103313312918,0.0,0.0,0.0,0.35,0.0,0.35
2025-03-05,0.0,0.0,0.0,0.0,0.0,0.0,0.0,0.35
2025-03-06,0.21330535363647327,0.16218349125691806,0.0,0.0,0.0,0.3130781567969604,0.0,0.3114329983096483
2025-03-07,0.0,0.0,0.0,0.0,0.0,0.35,0.0,0.35
2025-03-10,0.0,0.10618674648054272,0.0,0.34805043019886217,0.0,0.29589271334989165,0.0,0.24987010997070347
2025-03-11,0.12467260718859476,0.07244553539514226,0.2184189289919194,0.0,0.19493004815045992,0.21574070455378755,0.0,0.17379217572009611
2025-03-12,0.0,0.0,0.26450018554669186,0.0,0.25647104981905783,0.26717850862843945,0.0,0.21185025600581098
2025-03-13,0.0,0.0,0.0,0.3045793865931393,0.24450820452014563,0.2562376071164346,0.0,0.19467480177028035
2025-03-14,0.0,0.0,0.35,0.0,0.35,0.0,0.0,0.27057798765212837
2025-03-17,0.0,0.0,0.2663634088051797,0.0,0.2711192855235924,0.2619854839194715,0.0,0.20053182175175632
2025-03-18,0.0,0.0,0.0,0.0,0.0,0.35,0.0,0.35
2025-03-19,0.0,0.0,0.0,0.0,0.0,0.0,0.0,0.35
2025-03-20,0.0,0.0,0.35,0.0,0.0,0.0,0.0,0.35
2025-03-21,0.0,0.0,0.0,0.0,0.0,0.0,0.0,0.0
2025-03-24,0.0,-0.3003489928748118,0.0,0.0,0.0,0.0,0.0,0.35
2025-03-25,0.0,0.0,0.0,0.0,0.0,0.0,0.0,0.35
2025-03-26,0.0,0.0,0.0,0.0,0.0,0.0,0.0,0.35
2025-03-27,0.0,0.0,0.0,0.0,0.0,0.0,0.0,0.35
2025-03-28,0.0,0.0,0.0,0.0,0.0,0.0,0.0,0.0
2025-03-31,0.0,0.0,0.35,0.0,0.0,0.0,0.0,0.35
2025-04-01,0.0,0.0,0.0,0.0,0.0,0.0,0.0,0.35
2025-04-02,0.0,0.0,0.35,0.0,0.0,0.0,0.0,0.35
2025-04-03,0.0,0.0,0.0,0.0,0.35,0.0,0.0,0.35
2025-04-04,0.1528637049535856,0.07210733354331444,0.20018940773130656,0.27963086162398365,0.15138732372840485,0.0,0.0,0.14382136841940493
2025-04-07,0.2240395795160728,0.12130780819261855,0.0,0.0,0.2196166982799178,0.22908696855393246,0.0,0.20594894545745834
2025-04-08,0.17471881852372498,0.09254854751118348,0.23246433190382318,0.0,0.16406013663229496,0.1758088851879866,0.0,0.16039928024098674
2025-04-09,0.0,0.0,-0.28948025751221906,-0.3268239519075929,-0.1891601683773002,0.0,0.0,-0.19453562220288778
2025-04-10,0.0,0.0,0.0,0.0,0.0,0.0,0.35,-0.35
2025-04-11,0.0,0.0,0.0,0.0,-0.35,0.0,0.0,0.0
2025-04-14,0.0,0.0,0.0,0.0,0.0,0.0,0.0,0.35
2025-04-15,0.0,0.0,0.0,0.0,0.0,0.0,0.0,0.35
2025-04-16,0.0,0.0,0.0,0.0,0.0,0.0,0.0,0.0
2025-04-17,0.0,0.0,0.0,0.0,0.0,0.0,0.0,0.35
2025-04-21,0.0,0.0,0.0,0.0,0.0,0.0,0.35,0.0
2025-04-22,0.0,0.0,0.0,0.0,-0.35,0.0,0.0,0.0
2025-04-23,0.0,0.0,0.0,0.0,0.0,0.0,0.0,0.0
2025-04-24,0.0,0.0,0.0,0.0,0.0,0.0,0.0,-0.35
2025-04-25,0.0,0.0,-0.35,0.0,0.0,0.0,0.0,-0.35
2025-04-28,-0.35,0.0,0.0,0.0,0.0,0.0,0.0,0.0
2025-04-29,0.0,0.0,0.0,0.0,0.0,0.0,0.0,0.0
2025-04-30,0.0,0.0,0.0,0.0,0.0,0.0,0.0,0.0
2025-05-01,0.0,0.0,0.0,-0.35,0.0,0.0,0.0,-0.35
2025-05-02,0.0,0.0,0.0,-0.35,0.0,0.0,0.0,-0.35
2025-05-05,0.0,0.0,0.0,-0.35,0.0,0.0,0.0,-0.35
2025-05-06,0.0,0.0,0.0,-0.35,0.0,0.0,0.0,0.0
2025-05-07,0.0,0.0,-0.35,-0.35,0.0,0.0,0.0,-0.271696623221333
2025-05-08,0.0,0.0,0.0,-0.35,0.0,0.0,0.0,-0.35
2025-05-09,-0.35,0.0,0.0,0.0,0.0,0.0,0.0,-0.35
2025-05-12,0.2849511879604248,0.17794375267175222,0.0,-0.3010454734354866,0.0,0.0,0.0,-0.23605958593233642
2025-05-13,0.35,0.2511301852208917,0.0,0.0,0.0,0.0,0.0,-0.34726996330064697
2025-05-14,0.0,0.23862145863367568,0.0,-0.35,0.0,0.0,0.0,-0.34247694928130024
2025-05-15,0.0,0.35,0.0,0.0,0.0,0.0,0.0,0.35
2025-05-16,0.0,0.17253364969729038,-0.2622736686879543,-0.3252865753036289,0.0,0.0,0.0,-0.23990610631112635
2025-05-19,0.0,0.0,0.0,0.0,0.0,0.0,0.0,-0.35
2025-05-20,0.0,0.0,0.0,0.0,0.0,0.0,0.0,0.0
2025-05-21,0.35,0.0,0.0,0.0,0.0,0.0,0.0,0.0
2025-05-22,0.0,0.0,0.0,0.0,0.0,0.0,0.0,-0.35
2025-05-23,0.0,0.0,0.0,0.0,0.0,0.0,0.0,0.0
2025-05-27,0.0,0.2799844726508558,-0.35,0.0,0.0,0.0,0.0,-0.35
2025-05-28,0.0,0.0,0.0,0.0,0.0,0.0,0.0,-0.35
2025-05-29,0.35,0.0,0.0,0.0,0.0,0.0,0.0,0.0
2025-05-30,0.35,0.0,0.0,0.0,0.0,0.0,0.0,-0.35
2025-06-02,0.35,0.0,0.0,0.0,0.0,0.0,0.0,-0.35
2025-06-03,0.0,0.0,0.0,0.0,0.0,0.0,0.0,-0.35
2025-06-04,0.0,0.0,0.0,0.0,0.0,0.0,0.0,-0.35
2025-06-05,0.35,0.1736736889520343,0.0,0.0,0.0,0.0,0.0,-0.35
2025-06-06,0.0,0.32696822121719665,0.0,0.0,0.0,0.0,0.0,-0.35
2025-06-09,0.0,0.0,-0.35,0.0,0.0,0.0,0.0,-0.35
2025-06-10,0.0,0.0,-0.35,0.0,0.0,0.0,0.0,-0.35
2025-06-11,0.0,0.0,0.0,0.0,0.0,0.0,0.0,0.0
2025-06-12,-0.1915780079109959,0.0,-0.35,0.0,0.0,0.0,0.0,-0.35
2025-06-13,-0.35,0.0,0.0,0.0,0.0,0.0,0.0,0.0
2025-06-16,-0.3049608568713666,0.0,0.0,0.0,0.0,0.0,0.0,-0.35
2025-06-17,-0.30578063946814404,0.0,0.0,0.0,0.0,0.0,0.0,-0.35
2025-06-18,-0.35,0.0,0.0,0.0,0.0,0.0,0.0,0.0
2025-06-20,0.0,0.0,0.0,0.0,0.0,0.0,0.0,0.0
2025-06-23,0.0,0.0,0.0,0.0,0.0,0.0,0.0,-0.35
2025-06-24,0.0,0.0,0.0,0.0,0.0,0.0,0.0,-0.35
2025-06-25,0.0,0.0,0.0,0.0,0.0,0.0,0.0,0.0
2025-06-26,0.0,0.0,0.0,0.0,0.0,0.0,0.0,-0.35
2025-06-27,0.0,0.0,0.0,0.0,0.0,0.0,0.0,-0.35
2025-06-30,0.0,0.0,0.0,0.0,0.0,0.0,0.0,-0.35
2025-07-01,0.0,0.0,0.0,0.0,0.0,0.0,0.0,0.35
2025-07-02,0.0,0.0,-0.35,0.0,0.0,0.0,0.0,0.0
2025-07-03,-0.3119541498810762,0.0,-0.35,0.0,0.0,0.0,0.0,0.0
2025-07-07,-0.35,0.0,0.0,0.0,0.0,0.0,0.0,0.0
2025-07-08,0.0,0.0,0.0,0.0,0.0,0.0,0.0,0.0
2025-07-09,0.0,0.0,0.0,0.0,0.0,0.0,0.0,-0.35
2025-07-10,-0.35,0.0,0.0,0.0,0.0,0.0,0.0,0.0
2025-07-11,-0.35,0.0,0.0,0.0,0.0,0.0,0.0,0.0
2025-07-14,0.0,0.0,0.0,0.0,0.0,0.0,0.0,0.0
2025-07-15,0.0,0.0,-0.35,0.0,0.0,0.0,0.0,0.35
2025-07-16,0.0,0.0,-0.35,0.0,0.0,0.0,0.0,0.35
2025-07-17,0.24600681640008704,0.0,-0.35,0.0,0.0,0.0,0.0,0.35
2025-07-18,0.0,0.0,0.0,0.0,0.0,0.0,0.0,0.35
2025-07-21,-0.35,0.0,0.0,0.0,0.0,0.0,0.0,0.0
2025-07-22,0.0,0.0,0.0,0.0,0.0,0.0,0.0,0.35
2025-07-23,0.0,0.0,0.0,0.0,0.0,0.0,0.0,0.0
2025-07-24,0.0,0.0,0.0,0.0,0.0,0.0,0.0,0.0
2025-07-25,0.0,0.0,0.0,0.0,0.0,0.0,0.0,0.0
2025-07-28,0.0,0.0,0.0,0.0,0.0,0.0,0.0,0.0
2025-07-29,0.35,0.0,0.0,0.0,0.0,0.0,0.0,0.35
2025-07-30,0.35,0.0,0.0,0.0,0.0,0.0,0.0,0.0
2025-07-31,0.3096778151730769,0.0,0.0,0.0,-0.35,0.0,0.0,0.0
2025-08-01,0.0,0.0,0.35,0.0,-0.35,0.0,0.0,0.0
2025-08-04,0.0,-0.35,0.0,0.0,0.0,0.0,0.0,-0.35
2025-08-05,0.0,0.0,0.0,0.0,0.0,0.0,0.0,0.0
2025-08-06,0.0,0.0,-0.35,0.0,0.0,0.0,0.0,-0.29314642252405043
2025-08-07,0.0,0.0,0.0,0.0,0.0,0.0,0.0,0.0
2025-08-08,0.0,0.0,0.0,0.0,0.0,0.0,0.0,0.0
2025-08-11,0.0,0.0,0.0,0.0,0.0,0.0,0.0,0.0
2025-08-12,0.0,0.0,0.0,0.0,0.0,0.0,0.0,-0.35
2025-08-13,0.35,0.0,0.0,0.0,0.0,0.0,0.0,0.0
2025-08-14,0.0,0.0,0.0,0.0,0.0,0.0,0.0,0.0
2025-08-15,0.0,0.0,0.0,0.0,0.0,0.0,0.0,0.0
2025-08-18,0.0,0.0,0.0,0.0,0.0,0.0,0.0,0.0
2025-08-19,0.0,0.0,0.0,0.0,0.0,0.0,0.0,0.35
2025-08-20,0.0,0.0,0.0,0.0,0.0,0.0,0.0,0.0
2025-08-21,0.0,0.0,0.0,0.0,0.0,0.0,0.0,0.35
2025-08-22,0.0,0.0,0.0,0.0,0.0,0.0,0.0,0.0
2025-08-25,0.0,0.0,0.0,0.0,0.0,0.0,0.0,0.0
2025-08-26,0.0,0.0,0.0,0.0,0.0,0.0,0.0,0.0
2025-08-27,0.0,0.0,-0.35,0.0,0.0,0.0,0.0,0.0
2025-08-28,0.0,0.0,0.0,0.0,0.0,0.0,0.0,0.0
2025-08-29,0.35,0.0,0.0,0.0,0.0,0.0,0.0,0.35
2025-09-02,0.0,0.0,0.0,0.0,0.0,0.0,0.0,0.35
2025-09-03,0.0,0.0,-0.35,0.0,0.0,0.0,0.0,0.0
2025-09-04,0.0,0.0,-0.35,0.0,0.0,0.0,0.0,0.0
2025-09-05,0.0,0.0,-0.35,0.0,0.35,0.0,0.0,0.0
2025-09-08,0.2508309301800762,0.0,-0.28112387410751516,0.0,0.0,0.0,0.0,0.35
2025-09-09,0.35,0.0,-0.35,0.0,0.0,0.0,0.0,0.0
2025-09-10,-0.08657821952895875,0.0,-0.3246001763148488,0.0,0.0,0.0,0.0,0.35
2025-09-11,-0.0844033413693788,0.0,-0.32391533638707926,0.0,0.0,0.0,0.0,0.35
2025-09-12,-0.2535793121093396,0.35,0.0,0.0,0.0,0.0,0.0,0.0
2025-09-15,-0.13136711719415714,0.35,-0.35,0.0,0.0,0.0,0.0,0.0
2025-09-16,-0.13180507881680936,0.35,-0.35,0.0,0.0,0.0,0.0,0.0
2025-09-17,0.0,0.20878513314654903,-0.25641440112574126,0.0,0.0,0.0,0.0,0.35
2025-09-18,0.1303716330542083,0.35,-0.35,0.0,0.0,0.0,0.0,0.0
2025-09-19,0.12911834402098318,0.35,-0.35,0.0,0.0,0.0,0.0,0.0
2025-09-22,0.0,0.20107475178005058,0.0,0.0,-0.3004337574851589,0.0,0.0,0.35
2025-09-23,0.11252701378622632,0.0,0.0,0.0,0.0,0.0,0.0,0.35
2025-09-24,0.08366384493379396,0.2609301589751184,0.0,0.0,0.0,0.0,0.0,0.35
2025-09-25,0.0,0.0,0.0,0.0,0.0,0.0,0.0,0.35
2025-09-26,0.0,0.0,0.32898416115991874,0.0,0.0,0.0,0.0,0.35
2025-09-29,0.0,0.0,0.0,0.0,0.35,0.0,0.0,0.35
2025-09-30,0.0,0.0,0.3203233045808972,0.0,0.0,0.0,0.0,0.35
2025-10-01,0.0,0.0,0.0,0.0,0.0,0.0,0.0,0.35
2025-10-02,0.0,0.0,0.0,0.0,0.0,0.0,0.0,0.35
2025-10-03,0.0,0.0,0.0,0.0,0.0,0.0,0.0,0.35
2025-10-06,0.13053130937630003,0.0,0.0,0.0,0.0,0.0,0.0,0.35
2025-10-07,0.12236207901230402,0.0,0.0,0.0,0.0,0.0,0.0,0.35
2025-10-08,0.0,0.0,0.0,0.0,0.0,0.0,0.0,0.35
2025-10-09,0.0,0.0,0.0,0.0,0.0,0.0,0.0,0.0
2025-10-10,0.0,0.0,0.0,0.0,0.0,0.0,0.0,0.35
2025-10-13,0.0,0.0,0.0,0.0,0.0,0.0,0.0,0.0
2025-10-14,0.35,0.0,0.0,0.0,0.0,0.0,0.0,0.0
2025-10-15,0.0,0.0,0.0,0.0,0.0,0.0,0.0,0.35
2025-10-16,0.1853426700786511,0.0,-0.35,0.0,0.0,0.0,0.0,0.35
2025-10-17,0.0,0.0,-0.35,0.0,0.0,0.0,0.0,0.35
2025-10-20,0.0,0.0,-0.35,0.0,0.0,0.0,0.0,0.0
2025-10-21,0.0,0.0,0.0,0.0,0.0,0.0,0.0,0.0
2025-10-22,0.0,0.0,0.0,0.0,0.0,0.0,0.0,0.0
2025-10-23,0.0,0.0,0.0,0.0,0.0,0.0,0.0,0.0
2025-10-24,0.0,0.0,0.0,0.0,0.0,0.0,0.0,0.0
2025-10-27,0.0,0.0,0.0,0.0,0.0,0.0,0.0,0.0
2025-10-28,0.0,0.0,-0.35,0.0,0.35,0.0,0.0,0.0
2025-10-29,0.0,0.0,-0.35,0.0,0.0,0.0,0.0,0.0
2025-10-30,0.0,0.0,-0.35,0.0,0.0,0.0,0.0,0.35
2025-10-31,0.0,0.0,-0.35,0.0,0.0,0.0,0.0,0.35
2025-11-03,0.0,0.0,-0.35,0.0,0.0,0.0,0.0,0.35
2025-11-04,0.0,0.0,0.0,0.0,0.0,0.0,0.0,0.35
2025-11-05,0.0,0.0,-0.35,0.0,0.0,0.0,0.0,0.35
2025-11-06,0.0,0.0,0.0,0.35,0.0,0.0,0.0,0.2933111945888445
2025-11-07,0.0,0.0,0.0,0.0,0.0,0.0,0.0,0.35
2025-11-10,0.0,0.0,0.0,0.0,0.0,0.0,0.0,0.35
2025-11-11,0.0,0.0,-0.35,0.0,0.0,0.0,0.0,0.35
2025-11-12,0.0,-0.35,0.0,0.0,0.0,0.0,0.0,0.35
2025-11-13,0.35,0.0,0.0,0.0,0.0,0.0,0.0,0.35
2025-11-14,0.35,0.0,0.0,0.0,0.0,0.0,0.0,0.35
2025-11-17,0.0,0.0,0.0,0.0,0.0,0.0,0.0,0.35
2025-11-18,0.0,0.0,0.0,0.0,0.0,0.0,0.0,0.35
2025-11-19,0.0,0.0,0.0,0.35,0.0,0.0,0.0,0.33999394498622143
2025-11-20,0.19689797743070003,0.0,-0.24705933769212382,0.35,0.0,0.0,0.0,0.19149271880581986
2025-11-21,0.35,0.0,-0.35,0.0,0.0,0.0,0.0,0.0
2025-11-24,0.0,0.0,-0.35,0.0,0.0,0.0,0.0,-0.35
2025-11-25,0.19005461995587367,0.0,-0.22030544144581085,0.35,0.0,0.0,0.0,0.17484790626938723
2025-11-26,0.0,0.0,-0.35,0.0,0.0,0.0,0.0,0.35
2025-11-28,0.0,0.0,-0.2811467084766983,0.0,-0.35,0.0,0.0,0.0
2025-12-01,0.0,0.0,0.0,0.0,0.0,0.0,0.0,0.35
2025-12-02,0.0,0.0,0.0,0.0,0.0,0.0,0.0,0.0
2025-12-03,0.0,0.0,0.0,0.0,0.0,0.0,0.0,0.35
2025-12-04,0.0,0.0,0.0,0.0,0.0,0.0,0.0,0.0
2025-12-05,0.0,0.0,0.0,0.0,0.0,0.0,0.0,0.0
2025-12-08,0.0,0.0,0.0,0.0,0.0,0.0,0.0,0.0
2025-12-09,0.0,0.0,0.0,0.0,0.0,0.0,0.0,0.35
2025-12-10,0.0,0.0,0.0,0.0,0.0,0.0,0.0,0.35
2025-12-11,0.0,0.0,0.0,0.0,0.0,0.0,0.0,0.0
2025-12-12,0.31606465098090586,0.0,0.0,0.0,0.0,0.0,0.0,-0.35
2025-12-15,0.35,0.0,0.0,0.0,0.0,0.0,0.0,0.0
2025-12-16,0.0,0.0,0.0,0.0,0.0,0.0,0.0,0.0
2025-12-17,0.3075923265127682,0.0,0.0,0.0,0.0,0.0,0.0,0.35
2025-12-18,0.0,0.0,0.0,0.0,0.0,0.0,0.0,-0.35
2025-12-19,-0.19112906236712926,0.0,0.0,0.0,-0.35,0.0,0.0,0.0
2025-12-22,0.0,0.0,0.0,0.0,0.0,0.0,0.0,0.0
2025-12-23,0.0,0.0,0.0,0.0,-0.35,0.0,0.0,0.0
2025-12-24,0.0,0.0,-0.25789591930427125,0.0,-0.35,0.0,0.0,0.2637271160087753
2025-12-26,0.0,0.0,-0.19707071884429123,0.24222624335710974,-0.35,0.0,0.0,0.19832290481143366
2025-12-29,0.0,0.0,0.0,0.0,-0.35,0.0,0.0,0.35
2025-12-30,0.0,0.0,0.0,0.0,0.0,0.0,0.0,0.0
2025-12-31,0.0,0.0,0.0,0.0,-0.35,0.0,0.0,0.0
2026-01-02,0.0,0.0,0.0,0.0,-0.35,0.0,0.0,0.30393728333314746
2026-01-05,0.0,-0.35,0.0,0.0,0.0,0.0,0.0,0.0
2026-01-06,0.0,0.0,0.0,0.0,0.0,0.0,0.0,0.0
2026-01-07,0.0,0.0,0.0,0.0,0.0,0.0,0.0,0.35
2026-01-08,0.0,0.0,0.0,0.0,0.0,0.0,0.0,0.35
2026-01-09,0.0,0.0,0.0,0.0,0.0,0.0,0.0,0.35
2026-01-12,0.0,0.0,0.0,0.0,0.0,0.0,0.0,0.35
2026-01-13,0.18066816439537,0.0,-0.35,0.0,0.0,0.0,0.0,0.35
2026-01-14,0.0,0.0,0.0,0.35,0.0,0.0,0.0,0.35
2026-01-15,0.0,0.0,0.0,0.0,0.0,0.0,0.0,0.35
2026-01-16,0.0,0.0,0.0,0.0,0.0,0.0,0.0,0.35
2026-01-20,0.0,0.0,0.0,0.0,0.35,0.0,0.0,0.35
2026-01-21,0.18372877797722714,0.0,0.0,0.35,0.0,0.0,0.0,0.35
2026-01-22,0.0,0.0,0.0,0.0,0.0,0.0,0.0,-0.35
2026-01-23,0.0,0.0,0.0,0.0,0.0,0.0,0.0,0.0
2026-01-26,-0.35,0.0,0.0,0.0,0.0,0.0,0.0,0.0
2026-01-27,0.0,0.0,-0.35,0.0,0.0,0.0,0.0,0.0
2026-01-28,0.0,0.0,0.0,0.0,0.0,0.0,0.0,0.35
2026-01-29,0.0,0.0,0.0,0.35,0.0,0.0,0.0,-0.35
2026-01-30,0.0,0.0,0.0,0.35,0.0,0.0,0.0,-0.35
2026-02-02,0.35,0.0,0.0,0.0,0.0,0.0,0.0,0.0
2026-02-03,0.35,0.0,0.0,0.35,0.0,0.0,0.0,0.0
2026-02-04,0.35,0.0,0.0,0.35,0.0,0.0,0.0,0.0
2026-02-05,0.26765720891008093,0.0,0.0,0.2996168541129408,0.0,0.0,0.35,0.0
2026-02-06,0.0,0.0,0.0,0.35,0.0,0.0,0.0,0.0
2026-02-09,-0.24705061342226556,0.0,0.35,0.0,0.0,0.0,0.0,0.0
2026-02-10,0.0,0.0,0.0,0.0,0.0,0.0,0.0,0.35
2026-02-11,0.35,0.0,0.0,0.35,0.0,0.0,0.0,0.0
2026-02-12,0.0,0.0,0.0,0.0,0.0,0.35,0.0,0.0
2026-02-13,0.0,0.0,0.35,0.0,0.0,0.3212641810460741,0.0,0.20368398944704652
2026-02-17,0.0,0.0,0.35,0.0,0.0,0.3187110454745757,0.0,0.20532077713219443
2026-02-18,0.0,0.0,0.35,0.0,0.0,0.35,0.0,0.0
2026-02-19,0.0,0.0,0.35,0.0,0.0,0.29764014961278423,0.0,0.1952491442788638
2026-02-20,-0.35,0.0,0.0,0.0,0.0,0.0,0.0,0.0
2026-02-23,0.26692596748123326,0.0,0.0,0.35,0.0,0.0,0.0,0.35
2026-02-24,-0.35,0.0,0.0,0.0,0.0,0.0,0.0,0.35
2026-02-25,0.0,0.0,0.0,0.0,0.0,0.0,0.0,0.0
2026-02-26,0.0,0.0,0.0,0.0,0.0,0.0,0.0,0.0
2026-02-27,0.0,0.0,0.0,0.0,0.0,0.0,0.0,0.0
2026-03-02,0.0,-0.35,0.0,0.0,0.0,0.0,0.0,0.0
2026-03-03,0.0,0.0,0.0,0.0,0.0,0.0,0.0,0.0
2026-03-04,0.0,-0.35,0.0,0.0,0.0,0.0,0.0,0.0
2026-03-05,0.0,0.0,0.0,0.0,0.0,0.0,0.0,0.0
2026-03-06,0.0,0.0,0.0,0.0,0.0,0.0,0.0,0.0
2026-03-09,0.0,-0.35,0.0,0.0,0.0,0.0,0.0,0.0
2026-03-10,0.0,-0.35,0.0,0.0,0.0,0.0,0.0,0.0
2026-03-11,0.0,0.0,0.0,0.0,0.0,0.0,0.0,0.0
2026-03-12,0.0,0.0,0.0,0.0,0.0,0.0,0.0,0.0
2026-03-13,0.0,0.0,0.0,0.0,0.0,0.0,0.0,0.0
2026-03-16,0.0,0.0,0.0,0.0,0.0,0.0,0.0,0.0
2026-03-17,0.0,0.0,0.0,0.0,0.0,0.0,0.0,0.0
2026-03-18,0.0,-0.35,0.0,0.0,0.0,0.0,0.0,0.0
2026-03-19,0.0,-0.35,0.0,0.0,0.0,0.0,0.0,0.0
2026-03-20,0.0,0.0,0.0,0.0,0.0,0.0,0.0,0.0
2026-03-23,0.0,-0.35,0.0,0.0,0.0,0.0,0.0,0.0
2026-03-24,0.0,-0.35,0.0,0.35,0.0,0.0,0.0,0.0
2026-03-25,0.0,-0.35,0.0,0.35,0.0,0.0,0.0,0.0
2026-03-26,0.0,0.0,0.3325667466319584,0.35,0.0,0.0,0.0,0.23035000770515707
2026-03-27,0.0,0.0,0.35,0.0,0.0,0.0,0.0,0.35
2026-03-30,0.0,0.0,0.35,0.35,0.0,0.0,0.0,0.0
2026-03-31,0.0,-0.35,0.0,0.0,0.0,0.0,0.0,0.0
2026-04-01,0.0,0.0,0.0,0.0,0.0,0.0,0.0,0.0
2026-04-02,0.0,0.0,0.0,0.0,0.0,0.0,0.0,0.0
2026-04-06,0.0,-0.35,0.0,0.0,0.0,0.0,0.0,0.0
2026-04-07,0.0,0.0,0.0,0.0,0.0,0.0,0.0,0.0
2026-04-08,0.0,0.0,0.0,0.0,0.0,0.0,0.0,0.0
2026-04-09,0.0,-0.35,-0.35,0.0,0.0,0.0,0.0,0.0
2026-04-10,0.0,-0.35,0.0,0.0,0.0,0.0,0.0,0.0
2026-04-13,0.0,-0.35,0.0,0.0,0.0,-0.35,0.0,0.0
2026-04-14,0.0,-0.35,-0.35,0.0,0.0,0.0,0.0,0.0
2026-04-15,-0.13046558049613408,-0.16342713034909906,-0.22006251066865262,-0.2663660767988502,0.0,-0.21967870168726408,0.0,0.0
2026-04-16,-0.22758448943995083,-0.2934032810127894,0.0,-0.35,0.0,0.0,0.0,0.0
2026-04-17,-0.22460590973769914,-0.29441271697563093,0.0,-0.35,0.0,0.0,0.0,0.0
2026-04-20,0.0,-0.35,0.0,0.0,0.0,0.0,0.0,0.0
2026-04-21,0.0,0.0,0.0,-0.35,0.0,0.0,0.0,0.0
2026-04-22,0.0,0.0,0.0,-0.35,0.0,0.0,0.0,0.0
2026-04-23,0.0,0.0,0.0,0.0,0.0,0.0,0.0,0.0
2026-04-24,0.0,-0.35,0.0,0.0,0.0,0.0,0.0,0.0
2026-04-27,0.0,-0.35,0.0,0.0,0.0,0.0,0.0,0.0
2026-04-28,0.0,-0.35,0.0,0.0,0.0,0.0,0.0,0.0
2026-04-29,0.0,-0.35,0.0,0.0,0.0,0.0,0.0,0.0
2026-04-30,0.0,-0.35,-0.35,0.0,0.0,0.0,0.0,0.0
2026-05-01,0.0,0.0,-0.35,0.0,0.0,0.0,0.0,0.0
2026-05-04,0.0,0.0,0.0,0.0,0.0,0.0,0.0,0.0
2026-05-05,0.0,0.0,-0.35,0.0,0.0,0.0,0.0,0.0
2026-05-06,-0.21647202958635628,-0.35,-0.35,0.0,0.0,0.0,0.0,0.0
2026-05-07,-0.35,0.0,0.0,0.0,0.0,0.0,0.0,0.0
2026-05-08,0.0,0.35,0.0,0.0,0.0,0.0,0.0,0.0
2026-05-11,0.0,0.35,0.0,0.0,0.0,0.0,0.0,0.0
2026-05-12,0.0,0.35,0.0,0.0,0.0,0.0,0.0,0.0
2026-05-13,0.0,0.35,0.0,0.0,0.0,0.0,0.0,0.0
2026-05-14,0.0,0.35,0.0,0.0,0.0,0.0,0.0,0.0
2026-05-15,0.0,0.0,0.0,0.0,0.0,0.0,0.0,0.0
2026-05-18,0.0,-0.35,0.0,0.0,0.0,0.0,0.0,0.0
2026-05-19,0.0,-0.35,0.0,0.0,0.0,0.0,0.0,0.0
2026-05-20,0.0,-0.35,0.0,0.0,0.0,0.0,0.0,0.0
2026-05-21,0.0,-0.35,0.0,0.0,0.0,0.0,0.0,0.0
2026-05-22,0.0,-0.35,0.0,0.0,0.0,0.0,0.0,0.0
2026-05-26,0.0,-0.35,0.0,0.0,0.0,0.0,0.0,0.0
2026-05-27,0.0,-0.35,0.0,0.0,0.0,0.0,0.0,0.0
2026-05-28,0.0,0.0,0.0,0.0,0.0,0.0,0.0,0.0
2026-05-29,-0.35,0.0,0.0,0.0,0.0,0.0,0.0,0.0
2026-06-01,-0.35,-0.35,0.0,0.0,0.0,0.0,0.0,0.0
2026-06-02,-0.35,0.0,0.0,0.0,0.0,0.0,0.0,0.0
2026-06-03,0.0,-0.35,0.0,0.0,0.0,0.0,0.0,0.0
2026-06-04,0.0,-0.35,0.0,0.0,0.0,0.0,0.0,0.0
2026-06-05,0.0,0.35,0.0,0.0,0.0,0.0,0.0,0.0
2026-06-08,0.0,-0.35,0.0,0.0,0.0,0.0,0.0,0.0
2026-06-09,0.0,0.0,0.0,0.0,0.0,0.0,0.0,0.0
2026-06-10,0.0,0.35,0.0,0.0,0.0,0.35,0.0,0.0
2026-06-11,0.20332771503354258,-0.3434087124834797,0.0,0.35,0.0,0.0,0.0,0.0
2026-06-12,0.0,-0.35,0.0,0.0,0.0,0.0,0.0,0.0
2026-06-15,0.0,0.0,0.0,0.0,0.0,0.0,0.0,0.0
2026-06-16,0.0,-0.35,0.0,0.0,0.0,0.0,0.0,0.0
2026-06-17,0.0,-0.35,0.0,0.0,0.0,0.0,0.0,0.0
2026-06-18,0.0,-0.35,0.0,0.0,0.0,0.0,0.0,0.0
2026-06-22,0.0,0.0,0.0,0.0,0.0,0.0,0.0,0.0
2026-06-23,0.35,0.0,0.0,0.0,0.0,0.0,0.0,0.0
2026-06-24,0.35,-0.35,0.0,0.0,0.0,0.0,0.0,0.0
2026-06-25,0.1347598024570585,-0.24597402225342363,0.0,0.2819326450383324,0.0,0.3373335302511855,0.0,0.0
2026-06-26,0.19354367332195285,-0.3321634227349333,0.0,0.0,-0.35,0.0,0.0,0.0
2026-06-29,0.35,-0.35,0.0,0.0,0.0,0.0,0.0,0.0
2026-06-30,0.35,-0.35,0.0,0.0,0.0,0.0,0.0,0.0
2026-07-01,0.35,-0.35,0.0,0.0,0.0,0.0,0.0,0.0
2026-07-02,0.0,-0.35,0.0,0.0,0.0,0.0,0.0,0.0
2026-07-06,0.0,-0.35,0.0,0.0,0.0,0.0,0.0,0.0
2026-07-07,0.0,0.35,0.0,0.0,0.0,0.0,0.0,0.0
2026-07-08,0.0,-0.35,0.0,0.0,0.0,0.0,0.0,0.0
2026-07-09,0.0,0.0,0.0,0.0,0.0,0.0,0.0,0.0
2026-07-10,0.0,-0.35,0.0,0.0,0.0,0.0,0.0,0.0
2026-07-13,0.0,-0.35,0.0,0.0,0.0,0.0,0.0,0.0
2026-07-14,0.0,-0.35,0.0,0.0,0.0,0.0,0.0,0.0
2026-07-15,0.0,-0.35,0.0,0.0,0.0,0.0,0.0,0.0
2026-07-16,0.0,-0.35,0.0,0.0,0.0,0.0,0.0,0.0
2026-07-17,0.0,-0.35,0.0,0.0,0.0,0.0,0.0,0.0
2026-07-20,0.0,0.0,0.0,0.0,0.0,0.0,0.0,0.0
2026-07-21,0.0,-0.35,0.0,0.0,0.0,0.0,0.0,0.0
2026-07-22,0.0,-0.35,0.0,0.0,0.0,0.0,0.0,0.0
2026-07-23,0.0,0.35,0.0,0.0,0.0,0.0,0.0,0.0
2026-07-24,0.0,0.35,0.0,0.0,0.0,0.0,0.0,0.0
2026-07-27,0.0,0.34140776239978887,0.0,0.0,0.0,0.0,0.35,0.0
2026-07-28,0.0,0.35,0.0,0.0,0.0,0.0,0.0,0.0
2026-07-29,0.0,0.35,0.0,0.0,0.0,0.0,0.35,0.0
2026-07-30,0.0,0.0,0.0,0.0,0.0,0.0,0.0,0.0
2026-07-31,0.0,0.0,0.0,0.0,-0.35,0.0,0.0,0.0
2026-08-03,0.0,0.0,-0.35,0.0,0.0,0.0,0.0,0.0
2026-08-04,0.0,0.0,-0.35,0.0,0.0,0.0,0.0,0.0
