timestamp,open,high,low,close,volume
2018-01-02,39.77618586634448,40.276426884472016,39.56580192963127,40.26707458496094,102223600.0
2018-01-03,40.33019497342311,40.80238628352514,40.19695500765061,40.260066986083984,118071600.0
2018-01-04,40.3325285848356,40.54992497445396,40.22500210267125,40.44707107543945,89738400.0
2018-01-05,40.54292003219282,40.99407050276175,40.4517547079046,40.9075813293457,94640000.0
2018-01-08,40.75563049316406,41.05016372371372,40.657449182790344,40.75563049316406,82271200.0
2018-01-09,40.802380620103136,40.921595685232134,40.53589715868877,40.750953674316406,86336000.0
2018-01-10,40.47746023211193,40.74394370972359,40.44005816620148,40.74160385131836,95839600.0
2018-01-11,40.8117253834916,41.02210929584681,40.788351771134415,40.973018646240234,74670800.0
2018-01-12,41.18339796582762,41.459233692882485,41.05950676616482,41.3961181640625,101672400.0
2018-01-16,41.58546481936825,41.93376483703263,41.17405283422285,41.18574142456055,118263600.0
2018-01-17,41.17638686955348,41.90103662850465,40.923931879747094,41.86597442626953,137547200.0
2018-01-18,41.92907955526688,42.099725089944926,41.66727230963817,41.90336608886719,124773600.0
2018-01-19,41.75143946684489,41.97818459371661,41.470931097919724,41.71637725830078,129700400.0
2018-01-22,41.44521953992409,41.55742217931307,41.28158994771982,41.375091552734375,108434400.0
2018-01-23,41.44520916986427,41.94545012192714,41.33300655854965,41.384429931640625,130756400.0
2018-01-24,41.43352385908979,41.44521244943131,40.486805111138345,40.72523880004883,204420400.0
2018-01-25,40.793030969529916,40.89588486778186,39.862676869004524,39.99825668334961,166116000.0
2018-01-26,40.206297393461384,40.206297393461384,39.75280718937289,40.09175491333008,156572000.0
2018-01-29,39.77618297744424,39.77618297744424,39.05387305096097,39.26191711425781,202561600.0
2018-01-30,38.693890842913504,39.124003921961055,38.49987162895176,39.03050231933594,184192800.0
2018-01-31,39.007131130020674,39.37413228878434,38.92064195595757,39.13803482055664,129915600.0
2018-02-01,39.07725255770871,39.41620032091382,38.98141109794126,39.219844818115234,188923200.0
2018-02-02,38.8037598511883,38.990766636131845,37.42459150008796,37.51809310913086,346375200.0
2018-02-05,37.19081856416882,38.30817909539416,36.46616890910437,36.580711364746094,290954000.0
2018-02-06,36.19268567354218,38.270790367350905,35.99866645876102,38.1094970703125,272975200.0
2018-02-07,38.12351440723926,38.19597867026354,37.183811712279685,37.29367446899414,206434400.0
2018-02-08,37.46899249081761,37.63496190465887,36.2394291809823,36.267478942871094,217562000.0
2018-02-09,36.866003792290925,37.05846466441262,35.26292961094662,36.71109390258789,282690400.0
2018-02-12,37.20162151236903,38.46671121107945,36.96925678270433,38.189754486083984,243278000.0
2018-02-13,38.01138368785197,38.66857413140311,37.94096978650724,38.57234191894531,130196800.0
2018-02-14,38.26721478410091,39.32341248785229,38.22966380983118,39.283512115478516,162579600.0
2018-02-15,39.851515600178224,40.62606138201437,39.66609578151257,40.60259246826172,204588800.0
2018-02-16,40.45471775078253,41.032107382495894,40.31623936113969,40.47114562988281,160704400.0
2018-02-20,40.381959561813375,40.900667983713674,40.23409073734247,40.335018157958984,135722000.0
2018-02-21,40.56503641863772,40.867811539145606,40.13786137607023,40.151947021484375,149886400.0
2018-02-22,40.32329023698601,40.82791670005755,40.30216713810029,40.487586975097656,123967600.0
2018-02-23,40.76219058627438,41.226916584183606,40.73167706139258,41.19171142578125,135249600.0
2018-02-26,41.39122004619365,42.10473876856565,41.358360702033096,42.006160736083984,152648800.0
2018-02-27,42.03667557380085,42.36057381022389,41.81604700695905,41.87002944946289,155712400.0
2018-02-28,42.074210499816104,42.393416980421165,41.790212749375506,41.806640625,151128400.0
2018-03-01,41.9052339409774,42.19627640895745,40.52513788389774,41.07435989379883,195208000.0
2018-03-02,40.55799246886187,41.37947957033199,40.47584232615504,41.35835647583008,153816000.0
2018-03-05,41.12364926720145,41.71746684872899,40.961698366530335,41.50153350830078,113605600.0
2018-03-06,41.75736630395347,41.837167053383304,41.33958169646813,41.46632385253906,95154000.0
2018-03-07,41.0602787275082,41.27386626316505,40.903023033099316,41.08140182495117,126814000.0
2018-03-08,41.18701833932262,41.57194361047891,41.09078970758341,41.52969741821289,95096400.0
2018-03-09,41.76910458230956,42.2479126835741,41.63531780640628,42.24321746826172,128740800.0
2018-03-12,42.31597330142616,42.80886700334209,42.29719960470139,42.651611328125,128828400.0
2018-03-13,42.855804379874634,43.06939186938944,42.06952607769264,42.24086380004883,126774000.0
2018-03-14,42.3230244232332,42.369965835063375,41.73389842335402,41.88176727294922,117473600.0
2018-03-15,41.89584799922378,42.30424579003283,41.79492414608478,41.931053161621094,90975200.0
2018-03-16,41.93105312956666,42.04136741352731,41.689301464223135,41.78318786621094,157618800.0
2018-03-19,41.61888802159753,41.65409318133053,40.759846310114575,41.144771575927734,133787200.0
2018-03-20,41.13069152832031,41.49683953309172,41.06027762400275,41.13069152832031,78597600.0
2018-03-21,41.08375108302355,41.09548733194154,40.19654510210862,40.19889450073242,148219600.0
2018-03-22,39.90080183419946,40.52982452051389,39.57220842812468,39.63088607788086,165963200.0
2018-03-23,39.522900524378535,39.88200729898363,38.71315002441406,38.71315002441406,164115200.0
2018-03-26,39.44781005466082,40.62840402011539,39.06523065201155,40.55094909667969,150164800.0
2018-03-27,40.76454247240878,41.10956740172063,39.177899826116274,39.51118850708008,163690400.0
2018-03-28,39.25535128853273,39.90550071027378,38.77184798320467,39.074623107910156,166674000.0
2018-03-29,39.386782699739925,40.31154297775571,39.17319520783287,39.37974166870117,153594000.0
2018-04-02,39.11217229534909,39.65200736477822,38.60285074845011,39.121559143066406,150347200.0
2018-04-03,39.34688954482369,39.60741848522696,38.69908950068041,39.52292251586914,121112000.0
2018-04-04,38.69908517590817,40.37256933160999,38.6732668664508,40.2786865234375,138422000.0
2018-04-05,40.506362030743446,40.89363314796675,40.38900671262728,40.55799865722656,107732800.0
2018-04-06,40.128472267405044,40.482883990273784,39.47832289128992,39.520572662353516,140021200.0
2018-04-09,39.872632439602654,40.6260513573316,39.86559140907428,39.912532806396484,116070800.0
2018-04-10,40.604949951171875,40.83966064453125,40.25992494542152,40.66362762451172,113634400.0
2018-04-11,40.424200872692495,40.82086231298436,40.29980455586002,40.47349166870117,89726400.0
2018-04-12,40.70115984930123,41.07434878731882,40.61431450508529,40.87249755859375,91557200.0
2018-04-13,41.02271875981588,41.271511425086416,40.8044396188746,41.010982513427734,100497200.0
2018-04-16,41.081403217619894,41.35366842078155,41.03446180568861,41.26682662963867,86313600.0
2018-04-17,41.42407245506441,41.99911267229984,41.40529517848783,41.834815979003906,106421600.0
2018-04-18,41.733895247128224,41.97095526813903,41.515616087100334,41.740936279296875,83018000.0
2018-04-19,40.78331886242555,41.16589834553228,40.525139311410044,40.55799865722656,139235200.0
2018-04-20,40.04162908827687,40.18714851166951,38.8281721559885,38.896240234375,261964400.0
2018-04-23,39.15677747678798,39.177900575378345,38.51366901785712,38.78358840942383,146062000.0
2018-04-24,38.88450280085499,39.039412648935595,37.84004139740122,38.243743896484375,134768000.0
2018-04-25,38.16863731070807,38.82582771877816,38.11935008940759,38.4103889465332,113528400.0
2018-04-26,38.52070932702644,38.89859360300027,38.3446763459467,38.54418182373047,111852000.0
2018-04-27,38.492536711524295,38.56999163589468,37.701563170268216,38.09822463989258,142623200.0
2018-04-30,38.05363485006051,39.257697923260864,37.98556676309641,38.78827667236328,169709600.0
2018-05-01,39.05819166644517,39.71303266229741,38.790621726653995,39.6895637512207,214277600.0
2018-05-02,41.128348454227634,41.71982032748539,40.79271392537692,41.44286346435547,266157600.0
2018-05-03,41.28090696121748,41.66113703771084,40.94292307926782,41.51796340942383,136272800.0
2018-05-04,41.837176087943014,43.245440079683036,41.818398804951755,43.1468620300293,224805200.0
2018-05-07,43.4637027107898,44.048133333878766,43.36277888225993,43.45901107788086,169805600.0
2018-05-08,43.41911884558,43.70781190513855,43.109299108375836,43.667911529541016,113611200.0
2018-05-09,43.78526492315641,43.98476679241279,43.473099382720285,43.975379943847656,92844800.0
2018-05-10,44.064580428056125,44.68186702612727,44.04345374687312,44.60441207885742,111957200.0
2018-05-11,44.646824986202176,44.781124079827364,44.1661668942968,44.43476867675781,104848800.0
2018-05-14,44.53371098533184,44.65623212523947,44.26275443642257,44.33108139038086,83115200.0
2018-05-15,44.00830061465196,44.076631181678145,43.61246796024898,43.928192138671875,94780800.0
2018-05-16,43.84101955621875,44.40414099361598,43.82452472981287,44.338165283203125,76732400.0
2018-05-17,44.29573644198409,44.51014751846301,43.90932697002195,44.05776596069336,69176000.0
2018-05-18,44.104899251623095,44.25097982122303,43.85514720867744,43.89755630493164,73190800.0
2018-05-21,44.29574904119214,44.594981969565396,44.0389288058782,44.20857238769531,73603200.0
2018-05-22,44.385283144558365,44.503090985077776,44.00829661681228,44.09783172607422,60962800.0
2018-05-23,43.90697946331335,44.41355169174006,43.76796349223717,44.38056564331055,80233600.0
2018-05-24,44.47716553245859,44.493656757810164,43.873990067081564,44.33108139038086,92936000.0
2018-05-25,44.34993283409535,44.68450662598143,44.21327532554309,44.43239974975586,69844000.0
2018-05-29,44.201500640550265,44.472457219965484,44.02949861480413,44.27218246459961,90056400.0
2018-05-30,44.2297722871285,44.29574438476563,44.00829298997112,44.17793655395508,74762000.0
2018-05-31,44.111965976448204,44.349936508610654,43.857500621703196,44.02949905395508,109931200.0
2018-06-01,44.29338170067204,44.82822656955289,44.236832657593474,44.823516845703125,93770000.0
2018-06-04,45.15339832964452,45.57279404120709,45.08507134987317,45.19816589355469,105064800.0
2018-06-05,45.49032571725215,45.69531022935619,45.32303698544506,45.546871185302734,86264000.0
2018-06-06,45.622271460181125,45.72829781152777,45.219367010811325,45.704734802246094,83734400.0
2018-06-07,45.74243130384017,45.756567670436446,45.318322329900795,45.58221435546875,85388800.0
2018-06-08,45.04264641511956,45.238207849226285,44.71278592096952,45.16752243041992,106627200.0
2018-06-11,45.08506190990398,45.231142481373176,44.81646017789385,45.056785583496094,73234000.0
2018-06-12,45.09448614256514,45.381937568012425,45.0379370834704,45.30418395996094,67644400.0
2018-06-13,45.33716689476205,45.445551685104874,44.87064887374254,44.931907653808594,86553600.0
2018-06-14,45.13217513383571,45.136888453145275,44.8188059111202,44.95546340942383,86440400.0
2018-06-15,44.7740470200036,44.8046782086226,44.357006263123864,44.4936637878418,246876800.0
2018-06-18,44.26747459129005,44.5831987359482,44.107254061254174,44.4701042175293,73939600.0
2018-06-19,43.62188314112478,43.90226635171033,43.2236921005594,43.75147247314453,134314000.0
2018-06-20,43.90698086547268,44.10725202475832,43.76089670758285,43.94232177734375,82514800.0
2018-06-21,44.11904287817479,44.37822160419487,43.57477114874314,43.69729232788086,102847600.0
2018-06-22,43.852798889338096,43.85986707368123,43.51822498132365,43.57006072998047,108801600.0
2018-06-25,43.21190629335723,43.5700430674738,42.58281297536606,42.92210006713867,126652400.0
2018-06-26,43.11531391910178,43.94939183167297,43.009283988552895,43.45459747314453,98276800.0
2018-06-27,43.64309815806819,44.12611109590688,43.36036001732693,43.3909912109375,101141200.0
2018-06-28,43.37685028509541,43.87399953844859,43.30616485853516,43.70671081542969,69460800.0
2018-06-29,43.892854866130506,44.104911190433064,43.0964761052573,43.614830017089844,90950800.0
2018-07-02,43.310881360931305,44.13082302172207,43.21663292019015,44.10254669189453,70925200.0
2018-07-03,44.246258231018516,44.28395759522698,43.244891788690005,43.33442687988281,55819200.0
2018-07-05,43.65016137767174,43.92112157794117,43.41925900843449,43.68314743041992,66416800.0
2018-07-06,43.687867834498626,44.39706988118077,43.63603208674531,44.28868865966797,69940800.0
2018-07-09,44.64917535845704,44.92720016005415,44.60205293727909,44.90364074707031,79026400.0
2018-07-10,44.934267130145,45.06856619589097,44.80938751433222,44.84944534301758,63756400.0
2018-07-11,44.41354804479918,44.71513577573598,44.20385026945704,44.2674674987793,75326000.0
2018-07-12,44.65624668107368,45.09920538074771,44.604410935570954,45.00967025756836,72164400.0
2018-07-13,45.021448857587984,45.200515497182295,44.979036161635726,45.080352783203125,50055600.0
2018-07-16,45.12511762037944,45.391360903359555,44.86593892521994,44.98139190673828,60172400.0
2018-07-17,44.708073766542675,45.207577840766284,44.57848442788754,45.108619689941406,62138000.0
2018-07-18,45.186379767318016,45.191093088092565,44.750489273536566,44.861228942871094,65573600.0
2018-07-19,44.693935361208126,45.36779629624371,44.693935361208126,45.20993423461914,81147200.0
2018-07-20,45.18637448948724,45.33952324227363,44.80703310367688,45.106266021728516,82704800.0
2018-07-23,44.927192096118354,45.228783446987535,44.66330370871866,45.14631652832031,63957600.0
2018-07-24,45.34424562347357,45.629342233032894,45.2500007714201,45.47383499145508,74791600.0
2018-07-25,45.487955463759825,45.909709478060186,45.339516458198204,45.90264129638672,66839600.0
2018-07-26,45.85316741037176,46.17125001494184,45.617551731493165,45.7589225769043,76304000.0
2018-07-27,45.942700152902404,45.98982256720947,44.790539686327264,44.99787902832031,96096000.0
2018-07-30,45.21465391303347,45.28533934601686,44.547864608639095,44.74578094482422,84118000.0
2018-07-31,44.83766271788807,45.271194687816894,44.61147009280662,44.835304260253906,157492000.0
2018-08-01,46.91814314432803,47.53780982751144,46.48932095747742,47.4765510559082,271742800.0
2018-08-02,47.25978457536614,49.09758725034946,47.205593985888,48.86432647705078,249616000.0
2018-08-03,48.7795255427194,49.18243003322383,48.4143204328304,49.00571823120117,133789600.0
2018-08-06,49.0080670799903,49.30258671388447,48.788946198074015,49.26017761230469,101701600.0
2018-08-07,49.319074957057836,49.36148405297779,48.715895807364944,48.798362731933594,102349600.0
2018-08-08,48.548614122141466,48.96329644635382,48.1881224005045,48.83135223388672,90102000.0
2018-08-09,49.368568571063996,49.427472509472196,48.81958343367424,49.21541976928711,93970400.0
2018-08-10,49.02862242410072,49.4400328797773,48.865476836370014,49.068817138671875,98444800.0
2018-08-13,49.4896818929809,49.87744668704269,49.10901007136139,49.38564682006836,103563600.0
2018-08-14,49.690665409965185,49.785240793148894,49.241423320293556,49.59372329711914,82992000.0
2018-08-15,49.46839617036378,49.82778902521528,49.25796293194664,49.70956802368164,115230400.0
2018-08-16,50.06659332005974,50.553663261058226,50.00038984892316,50.437808990478516,114001600.0
2018-08-17,50.46617583676359,51.53252784763982,50.399972372237514,51.445045471191406,141708000.0
2018-08-20,51.56798939381145,51.823343518274974,50.8610266829267,50.943782806396484,121150800.0
2018-08-21,51.26062262083593,51.352834849865985,50.60567731793008,50.844482421875,104639200.0
2018-08-22,50.622235974791955,51.15659362058982,50.5607587429564,50.84685516357422,76072400.0
2018-08-23,50.75227175897287,51.319734700207334,50.74045254571631,50.95088577270508,75532800.0
2018-08-24,51.21334139829706,51.28427111585805,50.861041500529375,51.10930633544922,73905600.0
2018-08-27,51.34338303977495,51.71932859234506,51.14950246004533,51.530174255371094,82100400.0
2018-08-28,51.783170179590904,52.14492621424723,51.761891261745056,51.94631576538086,91107200.0
2018-08-29,52.05270103162549,52.84241999553279,51.8777362734872,52.721832275390625,109019200.0
2018-08-30,52.78568028191906,53.970253487975114,52.58470312439228,53.206546783447266,195175200.0
2018-08-31,53.556475387508385,54.11447864417697,53.43589126797498,53.821292877197266,173360400.0
2018-09-04,54.005719306205876,54.18777705269031,53.584852825321335,53.993896484375,109560400.0
2018-09-05,54.14286111353829,54.303639960299556,53.223101771937806,53.6416015625,133332000.0
2018-09-06,53.49027852572328,53.755096048130156,52.324621069428616,52.75021743774414,137160000.0
2018-09-07,52.45466312464746,53.286936430190956,52.18511936850075,52.32461929321289,150479200.0
2018-09-10,52.24187159449355,52.4546716097598,51.182612192934016,51.62239456176758,158066000.0
2018-09-11,51.54672703557977,53.033949464303724,51.2038868045044,52.92755126953125,142996000.0
2018-09-12,53.18527027618349,53.19945622059127,51.97941449205581,52.270240783691406,197114800.0
2018-09-13,52.84952340827975,53.99153884293053,52.6249042019705,53.532840728759766,166825600.0
2018-09-14,53.37679517348761,53.6345161536313,52.61308832803869,52.92518997192383,127997200.0
2018-09-17,52.5255883134687,52.714742633075524,51.371753818722354,51.51598358154297,148780400.0
2018-09-18,51.49469533361137,52.45465276750049,51.33627964580432,51.601097106933594,126286800.0
2018-09-19,51.66257073357624,51.92738458695363,50.905957146913586,51.631832122802734,108495200.0
2018-09-20,52.07398072555896,52.55632075649238,51.81625623654511,52.02432632446289,106435200.0
2018-09-21,52.20166812140533,52.33880492393241,51.37648418489235,51.46397018432617,384986800.0
2018-09-24,51.265350143429465,52.3151494694153,51.22042559146119,52.20402145385742,110773600.0
2018-09-25,51.95811905313099,52.68399757893642,51.94629623394441,52.535037994384766,98217600.0
2018-09-26,52.25368725227918,52.90390281763559,51.960497843994546,52.11655044555664,95938800.0
2018-09-27,52.92044888482368,53.53992575525717,52.8542418072406,53.187625885009766,120724800.0
2018-09-28,53.149793573596064,53.39805838572912,52.96773583814115,53.37441635131836,91717600.0
2018-10-01,53.89695599056796,54.244526037328285,53.51865093552065,53.73381042480469,94403200.0
2018-10-02,53.73144499079402,54.38166049673322,53.58485210395696,54.211421966552734,99152800.0
2018-10-03,54.39348370673561,55.20211492695663,54.3296433555075,54.871097564697266,114619200.0
2018-10-04,54.56608563865395,54.937301318347934,53.60849479660541,53.90641403198242,128168000.0
2018-10-05,53.899315681414315,54.00571385150835,52.15437270372623,53.03157043457031,134322000.0
2018-10-08,52.53978140728469,53.15216535637329,52.06453065114557,52.90863037109375,118655600.0
2018-10-09,52.87789482474594,53.73618053808223,52.54924055121309,53.6416015625,107564000.0
2018-10-10,53.308217052458474,53.51865029661315,51.08329687705558,51.156593322753906,167962400.0
2018-10-11,50.721539244147124,51.89901940310349,50.20136756167063,50.704986572265625,212497600.0
2018-10-12,52.116552371945346,52.69820135934952,51.27008946263702,52.51613998413086,161351600.0
2018-10-15,52.29151625611603,52.44993197126722,51.37175697346174,51.393035888671875,123164000.0
2018-10-16,51.764252977522055,52.72421066994395,51.251174194641926,52.525596618652344,116736000.0
2018-10-17,52.56105763845365,52.64144705306185,51.86118772679396,52.298606872558594,91541600.0
2018-10-18,51.5112625057011,51.95577469132143,50.36215405754023,51.076210021972656,130325200.0
2018-10-19,51.558550539101454,52.31516434368788,51.40959089976347,51.854103088378906,132314800.0
2018-10-22,51.967592478519066,52.81169226211933,51.766618916580256,52.17093276977539,115168400.0
2018-10-23,51.0312826427505,52.78568203373293,50.764102000238935,52.6627311706543,155071200.0
2018-10-24,52.63199757568536,53.017395633132395,50.72627177410019,50.85631561279297,163702000.0
2018-10-25,51.47578872209439,52.3435304176031,51.248802817676285,51.96995162963867,119423200.0
2018-10-26,51.04781988153455,52.06215795324573,50.28411332859877,51.142398834228516,189033600.0
2018-10-29,51.825716512907476,51.94393749911957,48.72832523102341,50.18244552612305,183742000.0
2018-10-30,49.924726306779235,50.87758726765469,49.48021780499368,50.43307876586914,146640000.0
2018-10-31,51.27953043557122,52.12362630726242,51.21805322056877,51.747684478759766,153435600.0
2018-11-01,51.792616501453125,52.57523887892228,51.26298516681588,52.542137145996094,233292800.0
2018-11-02,49.54642446027015,50.51583454720711,48.57228091507329,49.05698776245117,365314800.0
2018-11-05,48.305108099645274,48.32638701675462,46.85571728176754,47.66434860229492,264654800.0
2018-11-06,47.74236754506671,48.40440585745062,47.68798689600997,48.179786682128906,127531600.0
2018-11-07,48.699960659016895,49.66700760551551,48.264908230328544,49.64099884033203,133697600.0
2018-11-08,49.82131798374514,49.85453521515348,49.054946674562586,49.46779251098633,101450400.0
2018-11-09,48.770244983920264,48.87938580426373,47.98726296060506,48.51399612426758,137463200.0
2018-11-12,47.21613716957594,47.41781558554865,45.9799743974334,46.07013702392578,204542000.0
2018-11-13,45.46747474101187,46.784303647550004,45.42476479992899,45.609832763671875,187531600.0
2018-11-14,46.00606949744506,46.14368479083384,44.11505123237931,44.321475982666016,243204000.0
2018-11-15,44.69873575688715,45.5481521610165,44.345206577891304,45.415283203125,185915200.0
2018-11-16,45.19935533527785,46.2599389233287,44.9525992928305,45.91827392578125,147713200.0
2018-11-19,45.08073505230195,45.24682124683419,43.892028552427426,44.09844970703125,167701200.0
2018-11-20,42.32130943637899,43.05683851163266,41.64272573882717,41.99150848388672,271300800.0
2018-11-21,42.64399822705807,42.772124438484425,41.889490881307914,41.944061279296875,124496800.0
2018-11-23,41.507490510580666,41.90135460850539,40.83365308403461,40.87873077392578,94496000.0
2018-11-26,41.34140913508516,41.50986670109431,40.39708373701015,41.43156814575195,179994000.0
2018-11-27,40.69366994529131,41.46716283590815,40.54419416749373,41.34141159057617,165549600.0
2018-11-28,41.932195651447095,43.014132585864616,41.505114329859374,42.93109130859375,184250000.0
2018-11-29,43.33918830928703,43.37240554234032,42.16234247178632,42.601287841796875,167080000.0
2018-11-30,42.77686790323383,42.78636061112032,42.00337874921922,42.37114334106445,158126000.0
2018-12-03,43.76627592803061,43.88016308346337,42.995158116098935,43.85169219970703,163210000.0
2018-12-04,42.933470529047675,43.27513564881861,41.82306251019987,41.92271423339844,165377200.0
2018-12-06,40.75298356449691,41.46953100520734,40.4350466147937,41.45529556274414,172393600.0
2018-12-07,41.16346234054781,41.40072939361831,39.93204575584665,39.97712707519531,169126400.0
2018-12-10,39.149052745025465,40.356740836565265,38.75281731229737,40.240482330322266,248104000.0
2018-12-11,40.729256594178395,40.76009884419869,39.62359143727057,40.010337829589844,189126800.0
2018-12-12,40.43029324768022,40.79094008262468,40.10286726659763,40.121849060058594,142510800.0
2018-12-13,40.451657837058576,40.94517370109351,40.22862624634583,40.56079864501953,127594400.0
2018-12-14,40.098116353709955,40.11709814501256,39.21548297037447,39.262935638427734,162814800.0
2018-12-17,39.25582050641888,39.94389690996211,38.610454041222965,38.89754867553711,177151600.0
2018-12-18,39.23921640915953,39.74933899527448,39.00432078305257,39.402931213378906,135366000.0
2018-12-19,39.386319792315824,39.73035619895045,37.746804045316345,38.173885345458984,196189200.0
2018-12-20,38.057616207627134,38.46334427312084,36.84755697061572,37.210575103759766,259092000.0
2018-12-21,37.21769609037985,37.52614386743345,35.50225695564013,35.763248443603516,382978400.0
2018-12-24,35.151107914787005,35.95781796306272,34.780971939167266,34.83791732788086,148676800.0
2018-12-26,35.18670590567207,37.30549902473126,34.81182351446712,37.291263580322266,234330000.0
2018-12-27,36.97569172966579,37.196351942081705,35.60666362348881,37.04924392700195,212468400.0
2018-12-28,37.369555992471305,37.611569368803295,36.66961900113825,37.0682258605957,169165600.0
2018-12-31,37.61393775275985,37.810869799996105,37.12753967179389,37.42649841308594,140014000.0
2019-01-02,36.750292716540024,37.689871814400156,36.593695596828695,37.46921157836914,148158800.0
2019-01-03,34.16170976436273,34.57455574581666,33.6919220064379,33.737003326416016,365248800.0
2019-01-04,34.29220667285654,35.24602123385648,34.11900273892931,35.17721176147461,234428400.0
2019-01-07,35.281611753406175,35.312457630309815,34.617263248981814,35.098915100097656,219111200.0
2019-01-08,35.485645667649806,36.0218713099174,35.23888962424999,35.76799392700195,164101200.0
2019-01-09,35.89612022438251,36.664866551777166,35.502259784558376,36.37540054321289,180396400.0
2019-01-10,36.183217066092084,36.53199984154206,35.79409933557466,36.49166488647461,143122800.0
2019-01-11,36.27337113673844,36.467928145951724,35.94831296535054,36.13338088989258,108092800.0
2019-01-14,35.7917243040485,35.89137599820077,35.40497797975705,35.59004592895508,129756800.0
2019-01-15,35.65411028555859,36.3943821085161,35.601911260051914,36.318458557128906,114843600.0
2019-01-16,36.320844349664725,36.985192885103864,36.301862549176946,36.76216125488281,122278800.0
2019-01-17,36.58656278438679,37.40750802029229,36.363531273228396,36.98042678833008,119284800.0
2019-01-18,37.36955746448795,37.459720094996186,37.008910562862575,37.20821762084961,135004000.0
2019-01-22,37.110928234724035,37.186851783715795,36.211684376745275,36.37302780151367,121576000.0
2019-01-23,36.57470818551413,36.80960382903162,35.99340473442524,36.520137786865234,92522400.0
2019-01-24,36.565218274806185,36.65300590810053,36.00289663164888,36.23067092895508,101766000.0
2019-01-25,36.8902828978478,37.51904280334224,36.615055849143104,37.431251525878906,134142000.0
2019-01-28,36.96383036040819,37.09195658871479,36.45845402993215,37.0848388671875,104768400.0
2019-01-29,37.07296560813992,37.51902868886723,36.56521441598711,36.70045471191406,166348800.0
2019-01-30,38.73383245886544,39.42190521671021,38.01728520303353,39.20836639404297,244439200.0
2019-01-31,39.41241268525057,40.098114016816574,39.04464819355946,39.4907112121582,162958400.0
2019-02-01,39.6140911820077,40.0933678096817,39.369702895096495,39.50969314575195,130672400.0
2019-02-04,39.7208725954977,40.72925742817227,39.69002672443846,40.63197708129883,125982000.0
2019-02-05,41.01396557206762,41.540698496482605,40.89296072958551,41.32715606689453,144406400.0
2019-02-06,41.43868832837846,41.65697719767212,41.011610539919296,41.34141159057617,112958400.0
2019-02-07,40.904826038437854,41.27021921626802,40.41605663729461,40.55841827392578,126966800.0
2019-02-08,40.26771162677322,40.66564643059835,40.13188767381337,40.606075286865234,95280000.0
2019-02-11,40.75858212354943,40.79670853270349,40.32966911040256,40.37255859375,83973600.0
2019-02-12,40.53221952951651,40.746674255434215,40.43690349004798,40.720462799072266,89134000.0
2019-02-13,40.83960316682641,41.09933254456883,40.48932446490647,40.55127716064453,89960800.0
2019-02-14,40.43927202892135,40.80861016763848,40.36063769218149,40.69900131225586,87342800.0
2019-02-15,40.80623228578758,40.91345961424227,40.44880543364929,40.608455657958984,98507200.0
2019-02-19,40.43927284620034,40.85150410234934,40.386849953980956,40.729976654052734,75891200.0
2019-02-20,40.79193018083782,41.29947740453898,40.744274000963244,40.992088317871094,104457600.0
2019-02-21,40.93729918557291,41.0731195307499,40.57987224909108,40.76096725463867,68998800.0
2019-02-22,40.88486432636196,41.22322795767942,40.83720814261498,41.21607971191406,75652800.0
2019-02-25,41.499648872153486,41.90711352229098,41.449607503854075,41.516326904296875,87493600.0
2019-02-26,41.39241821936573,41.77128984933254,41.263742503117236,41.54015350341797,68280800.0
2019-02-27,41.27326982515091,41.699797583479636,41.15889061962103,41.668819427490234,111341600.0
2019-02-28,41.53776831669921,41.67835534148874,41.20416773449612,41.25897216796875,112861600.0
2019-03-01,41.52822911316134,41.73553549832862,41.197013749810466,41.69264602661133,103544800.0
2019-03-04,41.86422496802693,42.35509069759693,41.45437513566205,41.90235137939453,109744800.0
2019-03-05,41.92378549254291,41.938081984197204,41.59018493156289,41.826087951660156,78949600.0
2019-03-06,41.621163745570044,41.81655883042522,41.44721703446925,41.58542251586914,83241600.0
2019-03-07,41.43054421304361,41.566368186765395,40.989719863594985,41.104095458984375,99185600.0
2019-03-08,40.584633632595896,41.2399162634684,40.38923852105088,41.20178985595703,95997600.0
2019-03-11,41.816553318678096,42.68152368683469,41.78319363004304,42.62910079956055,128044000.0
2019-03-12,42.89122670675174,43.52744613325643,42.74110624977912,43.10806655883789,129870400.0
2019-03-13,43.427378167966246,43.677577781717716,43.11045914200576,43.2987060546875,124130000.0
2019-03-14,43.82053342503637,43.86819325045519,43.501232955961775,43.780025482177734,94318000.0
2019-03-15,44.04690286026948,44.63784755758058,43.782406850290364,44.34952163696289,156171600.0
2019-03-18,44.273276908909104,44.890433115459594,44.27089173604565,44.802268981933594,104879200.0
2019-03-19,44.880899504425805,45.033401481377794,44.30186611779311,44.44721984863281,126585600.0
2019-03-20,44.375737368520994,45.152547444755115,44.018310490038075,44.835628509521484,124140800.0
2019-03-21,45.2788486767774,46.782424185578755,45.22880730216157,46.4869499206543,204136800.0
2019-03-22,46.54651613890854,47.106486442351226,45.45993886884796,45.52427673339844,169630800.0
2019-03-25,45.633888431682614,45.745882499269285,44.46391365530103,44.97384262084961,175381200.0
2019-03-26,45.66962270436676,45.96033017793337,43.98256747013785,44.50917434692383,199202000.0
2019-03-27,44.9762271618102,45.216893346560575,44.45200166512448,44.909507751464844,119393600.0
2019-03-28,45.023874875034785,45.16922862786753,44.68551117609868,44.96907043457031,83121600.0
2019-03-29,45.23357207727188,45.29314323520392,44.926182866218966,45.26216506958008,94256000.0
2019-04-01,45.66485812631572,45.67438790998863,44.8880516813076,45.56954574584961,111448000.0
2019-04-02,45.53380735459335,46.336828999804766,45.524277569564575,46.23198318481445,91062800.0
2019-04-03,46.0485052362601,46.822930291979866,46.02467531863321,46.54890441894531,93087200.0
2019-04-04,46.41545501139502,46.791945110655476,46.02228688104425,46.629913330078125,76457200.0
2019-04-05,46.81101273950768,46.965899923630765,46.68710371939616,46.94207000732422,74106400.0
2019-04-08,46.803855058079535,47.71171869297622,46.7847918560636,47.68074417114258,103526800.0
2019-04-09,47.733160570044454,48.336020162490136,47.473427659375616,47.53776550292969,143072800.0
2019-04-10,47.34237292686506,47.833242156932975,47.22323065116516,47.80464553833008,86781200.0
2019-04-11,47.85945826640106,47.89519949822014,47.28519156894748,47.406715393066406,83603200.0
2019-04-12,47.4662953407457,47.690283464181285,46.753826657487316,47.38766098022461,111042800.0
2019-04-15,47.31856613921334,47.621188662173395,47.182742143734544,47.47344970703125,70146400.0
2019-04-16,47.52824418170382,47.983364968636586,47.3137858769923,47.47820281982422,102785600.0
2019-04-17,47.5473186878196,48.462334530736044,47.32571570285156,48.40276336669922,115627200.0
2019-04-18,48.400370192581796,48.64580305696875,48.257401604087235,48.57670211791992,96783200.0
2019-04-22,48.33126033721687,48.834040931260986,48.214499587608906,48.73634338378906,77758000.0
2019-04-23,48.71251279943443,49.503619315451935,48.58622226846949,49.43928146362305,93292000.0
2019-04-24,49.41068566398058,49.67756320312822,49.336818033390344,49.36302947998047,70162400.0
2019-04-25,49.28440380449955,49.50600673522847,48.8769355424073,48.915061950683594,74172800.0
2019-04-26,48.82451766411174,48.84834758072015,48.16208670486749,48.681549072265625,74596400.0
2019-04-29,48.70537168868094,49.079480262865886,48.576699602106366,48.75541305541992,88818800.0
2019-04-30,48.38607033097731,48.46708622241454,47.44484688744978,47.81657028198242,186139600.0
2019-05-01,50.01117901340884,51.30506280144106,49.856291823259944,50.16368103027344,259309200.0
2019-05-02,50.00162852825814,50.67120752436083,49.59416398853506,49.83721160888672,127985200.0
2019-05-03,50.251827921445944,50.47819751368422,50.09455924795819,50.45675277709961,83569600.0
2019-05-06,48.679157328406795,49.763352940920356,48.490914101974354,49.67757034301758,129772400.0
2019-05-07,49.05803373574075,49.42499041337888,47.854695800035216,48.33841323852539,155054800.0
2019-05-08,48.10965396395561,48.92935347903369,48.07391273228292,48.347938537597656,105358000.0
2019-05-09,47.75222695826382,48.057230920723306,46.8610449825507,47.8284797668457,139634400.0
2019-05-10,47.22330722271242,47.56536833430933,46.11101823277178,47.165897369384766,164834800.0
2019-05-13,44.90065443085275,45.32403977104099,43.73813138927743,44.42464065551758,229722400.0
2019-05-14,44.58968277824102,45.3766564067439,44.350480579312546,45.12788772583008,146118800.0
2019-05-15,44.556206125860285,45.86703349261073,44.49640556068087,45.668495178222656,106178800.0
2019-05-16,45.4268958737944,46.039252991844464,45.17094773855048,45.467559814453125,132125600.0
2019-05-17,44.7140667516376,45.663699804341405,44.67340281448622,45.2092170715332,131516400.0
2019-05-20,43.89839489959819,44.09693319133087,43.123378349333606,43.795536041259766,154449200.0
2019-05-21,44.305046778965554,44.97002882815284,44.18066057086273,44.63514709472656,113459200.0
2019-05-22,44.17108348949689,44.42224655428425,43.66636665166303,43.72138214111328,118994400.0
2019-05-23,43.00855529990352,43.18556258786972,42.53254161888472,42.975067138671875,146118800.0
2019-05-24,43.10424582926103,43.56829879019288,42.72630582654269,42.810028076171875,94858800.0
2019-05-28,42.79806481034798,43.197532117519515,42.55647185928589,42.63301467895508,111792800.0
2019-05-29,42.200059369611644,42.900923841188686,42.099594865311815,42.42969512939453,113924800.0
2019-05-30,42.56603133944261,42.87220986761559,42.25985281126963,42.64975357055664,84873600.0
2019-05-31,42.15460804379681,42.575606305283934,41.8579996140433,41.87713623046875,108174400.0
2019-06-03,42.00390105344583,42.558848170609615,40.72895309362441,41.4537353515625,161584400.0
2019-06-04,41.96563498785348,43.01573251076257,41.74556939956014,42.97028350830078,123872000.0
2019-06-05,44.080184117507756,44.250019297013125,43.32908930449805,43.663970947265625,119093600.0
2019-06-06,43.79314958363369,44.36484283100569,43.57068958699141,44.3050422668457,90105200.0
2019-06-07,44.613602808905426,45.90768763912735,44.4365955097193,45.48429870605469,122737600.0
2019-06-10,45.881376473575656,46.73293577866847,45.835927468539325,46.0655632019043,104883600.0
2019-06-11,46.61094078992602,46.88363115164734,46.30954733221378,46.59897994995117,107731600.0
2019-06-12,46.393273742142995,46.87646328917654,46.259321071663166,46.45068359375,73012800.0
2019-06-13,46.57267830320191,47.07261014000274,46.309558012750465,46.44111633300781,86698400.0
2019-06-14,45.8191886319466,46.30715958311369,45.52018583958195,46.10383987426758,75046000.0
2019-06-17,46.142109980575825,46.63486965392285,45.967493369838486,46.37892150878906,58676400.0
2019-06-18,46.89559690653218,47.90981200382238,46.69466791366559,47.46968078613281,106204000.0
2019-06-19,47.76389181421512,47.811735172431156,47.19698378872574,47.330936431884766,84496800.0
2019-06-20,47.928952089147415,47.98636194123762,47.36921971853001,47.711280822753906,86056000.0
2019-06-21,47.553403383165076,48.04376867773491,47.397919745896615,47.54861831665039,191202400.0
2019-06-24,47.49120806529403,47.87871815109603,47.40270441017317,47.50077819824219,72881600.0
2019-06-25,47.464895650291474,47.66343393459677,46.71380081144238,46.78078079223633,84281200.0
2019-06-26,47.30702234220642,48.07725375444767,47.20655785147097,47.7926025390625,104270000.0
2019-06-27,47.90980612080103,48.215988288918595,47.737583898017675,47.77824783325195,83598800.0
2019-06-28,47.52468785247962,47.72083539403826,47.134790777081065,47.3428955078125,124442400.0
2019-07-01,48.59871477331292,48.91446345681218,47.99592415477376,48.21120834350586,109012000.0
2019-07-02,48.17772796836317,48.58915614675348,48.1657671253992,48.493473052978516,67740800.0
2019-07-03,48.625025041282115,48.90250048134883,48.48389661312159,48.89532470703125,45448000.0
2019-07-05,48.641776546255905,49.055595395919944,48.534132619231094,48.852272033691406,69062000.0
2019-07-08,48.03420974375056,48.17533821437869,47.46012572597742,47.84524154663086,101354400.0
2019-07-09,47.64908366307894,48.20164023244244,47.555794939029724,48.13705825805664,82312000.0
2019-07-10,48.28297103527144,48.73266874059022,48.21360034539757,48.613067626953125,71588400.0
2019-07-11,48.63221103397268,48.89054991349479,48.24948960685378,48.259056091308594,80767200.0
2019-07-12,48.426494590976,48.79725880699689,48.36669402871252,48.629817962646484,70380800.0
2019-07-15,48.81878382184684,49.2445635130071,48.79725649643611,49.086692810058594,67789600.0
2019-07-16,48.93838218259591,49.30197058543267,48.67765263415199,48.91685485839844,67467200.0
2019-07-17,48.80921404901501,49.057982753514956,48.62263660815599,48.64177322387695,56430000.0
2019-07-18,48.797255539973115,49.246956906066245,48.725494140074105,49.194332122802734,74162400.0
2019-07-19,49.22542643455206,49.39526162771868,48.40496451880691,48.45998001098633,83717200.0
2019-07-22,48.71352835732806,49.569872702739694,48.70396187494887,49.567481994628906,89111600.0
2019-07-23,49.864099833734244,49.971740110187,49.58423000504602,49.954994201660156,73420800.0
2019-07-24,49.67512349936027,50.02914175520972,49.55552239198474,49.91432571411133,59966400.0
2019-07-25,49.9669526841349,50.050674922943,49.450275001634395,49.51964569091797,55638400.0
2019-07-26,49.62968053839526,50.167885587126946,49.54835265146059,49.69187545776367,70475600.0
2019-07-29,49.864083402776956,50.385542354621876,49.85929833764082,50.155906677246094,86693600.0
2019-07-30,49.93586587243436,50.27075124912288,49.589023301883856,49.940650939941406,135742800.0
2019-07-31,51.76814131769529,52.95219151502836,50.54342718307284,50.95963668823242,277125600.0
2019-08-01,51.16537046560916,52.153277131731556,49.45268477304837,49.85693359375,216071600.0
2019-08-02,49.163230311330075,49.3785108420285,48.230343145055464,48.80203628540039,163448400.0
2019-08-05,47.35964892958403,47.51751962109188,46.0655640412733,46.24735641479492,209572000.0
2019-08-06,46.957786951818015,47.37878519253508,46.414796893585645,47.12283706665039,143299200.0
2019-08-07,46.742507730135785,47.735195505332065,46.36217706782614,47.610809326171875,133457600.0
2019-08-08,47.888281812721345,48.684825611688794,47.694528606203654,48.66090393066406,108038000.0
2019-08-09,48.33434822690377,48.68490825834056,47.8517227401758,48.25991439819336,98478800.0
2019-08-12,47.930974561632105,48.51444641488046,47.81812205634959,48.13747024536133,89927600.0
2019-08-13,48.267120536421295,50.93715403198438,48.137458527792965,50.176002502441406,188874000.0
2019-08-14,48.7809758877121,49.568540066095935,48.644110791052725,48.68252944946289,146189600.0
2019-08-15,48.852997569788144,49.256382389403456,47.942974606430376,48.440006256103516,108909600.0
2019-08-16,49.04988469774485,49.74140568988817,48.944235250189195,49.58293151855469,110481600.0
2019-08-19,50.57220117203168,51.078835764252794,50.43053649544689,50.50737380981445,97654400.0
2019-08-20,50.634616760971866,51.227691316707656,50.50015516617898,50.50975799560547,107537200.0
2019-08-21,51.141253161466004,51.29972366781528,50.80749895306689,51.057212829589844,86141600.0
2019-08-22,51.18927999555581,51.489418835377954,50.6034083940143,51.013999938964844,89014800.0
2019-08-23,50.28645358396467,50.91554700309597,48.2623192659155,48.65610122680664,187272000.0
2019-08-26,49.42926093993379,49.748609076351144,49.23717136701609,49.58053207397461,104174400.0
2019-08-27,49.90949029926712,50.07516753420753,48.86980886104783,49.021080017089844,103493200.0
2019-08-28,49.0066681246404,49.39564686397116,48.81938179356974,49.35002517700195,63755200.0
2019-08-29,50.0631602076527,50.260053051987526,49.621356699521705,50.18561553955078,83962000.0
2019-08-30,50.461734349049834,50.53136493485516,49.75100409655746,50.12077713012695,84573600.0
2019-09-03,49.56611865080238,49.69818045135938,49.03547532102372,49.390838623046875,80092000.0
2019-09-04,50.036742667870506,50.29846283883695,49.77982574387522,50.22883224487305,76752400.0
2019-09-05,50.90354224548307,51.376561303793046,50.78588651283309,51.21088409423828,95654800.0
2019-09-06,51.39577117230135,51.48461108870742,51.0259981022255,51.20608139038086,77449200.0
2019-09-09,51.58546505309072,51.96964425782235,50.680248893016675,51.424591064453125,109237600.0
2019-09-10,51.3501518092004,52.05127566981013,50.833914491991756,52.032066345214844,127111600.0
2019-09-11,52.36102145030546,53.71524770381324,52.27938090410862,53.686431884765625,177158400.0
2019-09-12,53.976967258907166,54.36594600540606,53.51115121424335,53.566375732421875,128906800.0
2019-09-13,52.82443080357143,53.01411692029238,52.10890090309722,52.5242919921875,159053200.0
2019-09-16,52.279385864836165,52.85565467101706,52.238567419766575,52.8004264831543,84632400.0
2019-09-17,52.8148243007248,53.021319935148554,52.61312824901063,52.99250411987305,73274800.0
2019-09-18,53.07895237436418,53.508753239988586,52.6899736146539,53.48954391479492,101360000.0
2019-09-19,53.307052941713785,53.72724727960935,52.91327096589523,53.05493927001953,88242400.0
2019-09-20,53.155792256513266,53.439121573319625,52.21695705097918,52.27938461303711,221652400.0
2019-09-23,52.57231054140675,52.78600921665871,52.260165462190585,52.517086029052734,76662000.0
2019-09-24,53.07174949586762,53.42231327005474,52.149723866608696,52.26737594604492,124763200.0
2019-09-25,52.47627620043449,53.184603139280306,52.137718705200996,53.07175064086914,87613600.0
2019-09-26,52.824420321800915,53.05012524938438,52.54349088974589,52.79800796508789,75334000.0
2019-09-27,52.95409485593707,53.05494473156102,52.17133407059121,52.541107177734375,101408000.0
2019-09-30,53.040529136604164,53.92413970007018,53.01411677472275,53.777671813964844,103909600.0
2019-10-01,54.04180014068749,54.79814854366671,53.832901018952796,53.926544189453125,139223200.0
2019-10-02,53.55917937969037,53.68403817289297,52.32740831027184,52.57472610473633,138449200.0
2019-10-03,52.44745145389446,53.05493574126126,51.655087971892826,53.02132034301758,114426000.0
2019-10-04,54.17865934180888,54.622866267592265,53.7584649875072,54.50761032104492,138478800.0
2019-10-07,54.32992905331613,55.20873272385884,54.2266793952243,54.519615173339844,122306000.0
2019-10-08,54.221885178414524,54.75973164617533,53.86411835463812,53.880924224853516,111820000.0
2019-10-09,54.512413024902344,54.694896109411246,54.17865880193493,54.512413024902344,74770400.0
2019-10-10,54.728517233423744,55.33119839486909,54.577249742952276,55.24715805053711,113013600.0
2019-10-11,55.93386847365883,57.059989886560345,55.78019754791175,56.71663284301758,166795600.0
2019-10-14,56.40209028471779,57.17765169810714,56.34686576310509,56.6349983215332,96427600.0
2019-10-15,56.759842753967725,57.062381314243225,56.39727643987383,56.502925872802734,87360000.0
2019-10-16,56.03471879637498,56.48372898515924,55.99390035444989,56.27482986450195,73903200.0
2019-10-17,56.44770259671815,56.70221970877233,56.07073017522385,56.493324279785156,67585200.0
2019-10-18,56.32764461231242,57.04557789777624,56.25561057187668,56.7646484375,97433600.0
2019-10-21,57.03117389835004,57.8643594805564,56.98315242424609,57.74910354614258,87247200.0
2019-10-22,57.905178869368726,58.15489273709962,57.535405818697356,57.61704635620117,82293600.0
2019-10-23,58.1308924623088,58.40461894002899,57.9195935448391,58.39020919799805,75828800.0
2019-10-24,58.70955335592496,58.7791876143368,58.06125423337426,58.48625183105469,69275200.0
2019-10-25,58.38540555436381,59.24260012348222,58.31817475144487,59.20658493041992,73477200.0
2019-10-28,59.4082964806903,59.847700296647275,59.24021941923807,59.799678802490234,96572800.0
2019-10-29,59.78045498091568,59.96774132739238,58.24374555756727,58.416622161865234,142839600.0
2019-10-30,58.769590471718864,58.8992525151432,57.91719901292371,58.409423828125,124522000.0
2019-10-31,59.36505627876599,59.828468838504534,56.968745403896456,59.73002243041992,139162000.0
2019-11-01,59.91731948128368,61.451629192015126,59.826079758935535,61.42522048950195,151125200.0
2019-11-04,61.78777591806556,61.912638359081036,61.31956374708165,61.82859802246094,103272000.0
2019-11-05,61.72053692271421,61.99426701235729,61.54526056164069,61.739749908447266,79897600.0
2019-11-06,61.65330658033023,61.82618681516117,61.31715260360538,61.76615905761719,75864400.0
2019-11-07,62.31284456311313,62.70058775080912,62.161119287475856,62.47901916503906,94940400.0
2019-11-08,62.30081895457208,62.722274875332666,61.85768903983962,62.650028228759766,69986400.0
2019-11-11,62.20689431328376,63.21116685235938,62.202080319789076,63.14614486694336,81821200.0
2019-11-12,62.98957591733283,63.28821244931404,62.83785800505247,63.08831787109375,87388800.0
2019-11-13,62.88844749635185,63.76748263298455,62.8739981675004,63.69282531738281,102734400.0
2019-11-14,63.51942181384487,63.791563071866,63.12205059753754,63.25210189819336,89182800.0
2019-11-15,63.5025824556953,64.00833114520599,63.34122912522696,64.0035171508789,100206400.0
2019-11-18,64.01312410296957,64.40568132510607,63.635023558282754,64.32621002197266,86703200.0
2019-11-19,64.51885454553934,64.54293920172968,63.91437156791138,64.13111877441406,76167200.0
2019-11-20,63.95050077197476,64.08054469809994,62.71262135582171,63.384544372558594,106234400.0
2019-11-21,63.50496816719241,63.5820361437923,62.90047770949757,63.100372314453125,121395200.0
2019-11-22,63.240052360746795,63.38214231017823,62.81859650494602,63.044979095458984,65325200.0
2019-11-25,63.26897510656946,64.16728114713578,63.22321643683277,64.15042114257812,84020400.0
2019-11-26,64.28765900016299,64.34064230475138,63.21836492545543,63.64945602416992,105207600.0
2019-11-27,63.96016521502427,64.53816794792884,63.895143214897026,64.50444793701172,65235600.0
2019-11-29,64.20580352668654,64.54296680875088,64.0372182108502,64.36234283447266,46617600.0
2019-12-02,64.3671324050518,64.60315028774855,63.44716023082956,63.61814880371094,94487200.0
2019-12-03,62.20930043557878,62.503115708653056,61.722822542288654,62.48385238647461,114430400.0
2019-12-04,62.87397848786755,63.4134395284237,62.78005053012493,63.03533172607422,67181600.0
2019-12-05,63.52907910262776,64.03482780252034,63.27379775546852,63.96016311645508,74424400.0
2019-12-06,64.41773515061479,65.26546100190234,64.37437981221761,65.19561767578125,106075600.0
2019-12-09,65.02463432244109,65.2172969657752,63.798800431426635,64.28287506103516,128042400.0
2019-12-10,64.68746799612504,65.04149128263923,64.0275834068731,64.6585693359375,90420400.0
2019-12-11,64.73803158690569,65.28953877362453,64.66337427533851,65.2100601196289,78756800.0
2019-12-12,64.48996866624496,65.64114490385342,64.37918804536231,65.37622833251953,137310400.0
2019-12-13,65.37625243087754,66.30104642565348,65.24861176531338,66.26492309570312,133587600.0
2019-12-16,66.71046260860425,67.62321792745732,66.70564861456403,67.39923858642578,128186000.0
2019-12-17,67.32939453528536,67.85922045100963,67.14394921761478,67.53169250488281,114158400.0
2019-12-18,67.38479540238407,67.89054410789818,67.22103139476536,67.37034606933594,116028400.0
2019-12-19,67.3125598932833,67.71715598490691,67.18010520185294,67.43778991699219,98369200.0
2019-12-20,67.97001134578234,68.07115666009031,67.08615475855936,67.29808807373047,275978000.0
2019-12-23,67.5605987010632,68.45649400899109,67.5220647002308,68.39628601074219,98572000.0
2019-12-24,68.56246401614918,68.61063335694011,68.13619401362658,68.46131134033203,48478800.0
2019-12-26,68.59374653522693,69.83644007577118,68.56484788189442,69.819580078125,93121200.0
2019-12-27,70.11099073385043,70.79736320865955,69.38849493923185,69.7930908203125,146266000.0
2019-12-30,69.71120040665178,70.48909009721564,68.69007549241081,70.20731353759766,144114400.0
2019-12-31,69.8243961101836,70.72751580123949,69.72565414200866,70.72029113769531,100805600.0
2020-01-02,71.34404690340438,72.39407791515757,71.09117632272992,72.33386993408203,135480400.0
2020-01-03,71.56321309934685,72.38926493117573,71.40667380039741,71.63064575195312,146322800.0
2020-01-06,70.75401351048198,72.23994237629597,70.50354624985978,72.20140838623047,118387200.0
2020-01-07,72.21103349810856,72.46631471524569,71.64267376172208,71.86183166503906,108872000.0
2020-01-08,71.56562119935828,73.31887745373415,71.56562119935828,73.01783752441406,132079200.0
2020-01-09,73.99323267201001,74.76148745775973,73.7427726453308,74.5688247680664,170108400.0
2020-01-10,74.8024026801614,75.30092656417412,74.23644614635045,74.73737335205078,140644800.0
2020-01-13,75.05287082554342,76.36058652225458,74.93485817482635,76.33409118652344,121532000.0
2020-01-14,76.2714631183451,76.48098568839895,75.18049494182533,75.30331420898438,161954400.0
2020-01-15,75.10344034713454,75.98247543934815,74.54952248725758,74.9806137084961,121923600.0
2020-01-16,75.52247441714353,76.03063354644571,75.16122656820497,75.91984558105469,108829200.0
2020-01-17,76.16790890123319,76.7627640392473,75.86205500785368,76.76036071777344,137816400.0
2020-01-21,76.38948797518701,76.8302072165908,76.10289736234121,76.24017333984375,110843200.0
2020-01-22,76.72423213565071,77.06380603496487,76.4183782339569,76.5123062133789,101832400.0
2020-01-23,76.56529382668359,76.96025438766408,76.01860061750638,76.88078308105469,104472000.0
2020-01-24,77.1264324079885,77.86819158420508,76.46895853504518,76.65921783447266,146537600.0
2020-01-27,74.67233390344245,75.08415437016195,73.4248264992336,74.40501403808594,161940000.0
2020-01-28,75.28406920782065,76.68089158109271,75.18532722614749,76.50990295410156,162234000.0
2020-01-29,78.13792264122904,78.95674973344263,77.39856685210137,78.1114273071289,216229200.0
2020-01-30,77.19626294921763,78.05121329496869,76.76517176985938,77.99822998046875,126743200.0
2020-01-31,77.29019858022654,77.71165450707113,74.24608645041388,74.53990173339844,199588400.0
2020-02-03,73.28516622775322,75.49841264105945,72.7842389592195,74.33519744873047,173788400.0
2020-02-04,75.93672133535755,76.97952779146334,75.53212542449515,76.78926849365234,136616400.0
2020-02-05,77.91396003658885,78.21259669148851,76.81336346644713,77.41544342041016,118826800.0
2020-02-06,77.68515330009288,78.32335641079244,77.12883215929374,78.3209457397461,105425600.0
2020-02-07,77.82123854389138,78.06988383321008,76.76630651671353,77.25635528564453,117684000.0
2020-02-10,75.8441484328751,77.623291015625,75.7644885208781,77.623291015625,109348800.0
2020-02-11,78.11815777658227,78.1905758646545,76.93769137166434,77.15495300292969,94323200.0
2020-02-12,77.60398368209574,78.9920538114317,77.60398368209574,78.98722839355469,113730400.0
2020-02-13,78.2606215155159,78.75067045270428,78.05784340706401,78.42477416992188,94747600.0
2020-02-14,78.39338411922328,78.69272952184373,77.93713525426901,78.44408416748047,80113600.0
2020-02-18,76.12899353565957,77.18875828805763,75.94794093607852,77.00770568847656,152531200.0
2020-02-19,77.24911404532844,78.3523297233802,77.24911404532844,78.12299346923828,93984000.0
2020-02-20,77.88399976313329,78.37163210197758,76.81699322453267,77.32152557373047,100566000.0
2020-02-21,76.91600019658557,77.3577728316972,74.9558044913532,75.57138061523438,129554000.0
2020-02-24,71.75961758398634,73.43012593023869,69.82114748147725,71.98170471191406,222195200.0
2020-02-25,72.65038734565039,73.03180163978591,69.07278565467855,69.54351806640625,230673600.0
2020-02-26,69.16935530367469,71.90928692764982,69.16211349223191,70.64674377441406,198054800.0
2020-02-27,67.85852928583456,69.04140503149553,65.89350114490772,66.0286865234375,320605600.0
2020-02-28,62.10347552395671,67.20915879544067,61.88862284247871,65.99006652832031,426510000.0
2020-03-02,68.14337454443714,72.76866613954134,67.04257525684778,72.13377380371094,341397200.0
2020-03-03,73.30700681770827,73.3866667341741,68.99311992366323,69.84286499023438,319475600.0
2020-03-04,71.5616724101691,73.24183913660247,70.76262721041282,73.08251190185547,219178400.0
2020-03-05,71.33958033890666,72.31243643111517,70.34741520260532,70.7119369506836,187572800.0
2020-03-06,68.07581358123565,70.20499505069894,67.88993546579478,69.77288055419922,226176800.0
2020-03-09,63.670171942415024,67.13189718407227,63.489119320777824,64.2543716430664,286744800.0
2020-03-10,66.9025682079639,69.14761776690831,65.02685833500999,68.88207244873047,285290000.0
2020-03-11,66.96294054735044,67.88751298901103,65.62797171834961,66.48978424072266,255598800.0
2020-03-12,61.78481820985721,65.17895115078981,59.86807364961435,59.9235954284668,418474000.0
2020-03-13,63.94536649521935,67.57366022928257,61.06300489011421,67.10292053222656,370732000.0
2020-03-16,58.40758108532822,62.542820889319664,57.93684495675963,58.4703483581543,322423600.0
2020-03-17,59.74978006097213,62.1879532458274,57.55059398806874,61.041290283203125,324056000.0
2020-03-18,57.88131450093201,60.350871115595204,57.24159305699179,59.5469970703125,300233600.0
2020-03-19,59.72081110917334,61.036459434063396,58.566902685612334,59.09074783325195,271857200.0
2020-03-20,59.670124174823826,60.792652825729554,55.04000612907548,55.33934783935547,401693200.0
2020-03-23,55.05932030955582,55.160709355187784,51.324807219579434,54.16371154785156,336752800.0
2020-03-24,57.05813231967632,59.79323446043245,56.56084169108887,59.59769821166992,287531200.0
2020-03-25,60.53192941719469,62.34245572079971,58.974877532799404,59.26939010620117,303602000.0
2020-03-26,59.51078437689467,62.44624776872447,59.47215893769996,62.38831329345703,252087200.0
2020-03-27,61.01473571142301,61.767913466106,59.638736473627105,59.80530548095703,204216800.0
2020-03-30,60.529521124828726,61.68342967850782,60.20603760216864,61.51203155517578,167976400.0
2020-03-31,61.70273919270683,63.366005560924876,60.833685075362965,61.386497497558594,197002000.0
2020-04-01,59.505957782413006,60.04187380235648,57.726815314664734,58.15651321411133,176218400.0
2020-04-02,58.01891951220774,59.18006982201146,57.188490836952404,59.12696075439453,165934000.0
2020-04-03,58.6127685713981,59.31283722451452,57.68819275537644,58.277217864990234,129880000.0
2020-04-06,60.568142628925735,63.51567759082076,60.20121192500367,63.361183166503906,201820400.0
2020-04-07,65.3720525473446,65.58932155008534,62.523494730385906,62.627296447753906,202887200.0
2020-04-08,63.426377044606376,64.54407684795063,63.061862632351435,64.23025512695312,168895200.0
2020-04-09,64.86514268497035,65.19586439958498,63.89952839783749,64.69374084472656,161834800.0
2020-04-13,64.77097468626023,66.07214313145124,64.17229133387406,65.96350860595703,131022800.0
2020-04-14,67.59298426311395,69.58456326372355,67.12224446160415,69.29487609863281,194994800.0
2020-04-15,68.17235803124424,69.12107217268907,67.74507641878203,68.66240692138672,131154400.0
2020-04-16,69.37453102131897,69.57248363661981,68.16027185080422,69.20796203613281,157125200.0
2020-04-17,68.72517714348913,69.27075152318855,66.83498322406335,68.2689208984375,215250000.0
2020-04-20,67.09810395402242,67.99853426971617,66.83255863780644,66.85186767578125,130015200.0
2020-04-21,66.69495629705587,66.92911797835283,64.07572694243713,64.78545379638672,180991600.0
2020-04-22,66.05041994300701,67.08604320648949,65.7100474299754,66.65151977539062,116862400.0
2020-04-23,66.59598944224571,68.0154433517939,66.35458591659604,66.3932113647461,124814400.0
2020-04-24,66.91705617630512,68.31960998543786,66.86877252729914,68.30995178222656,126161200.0
2020-04-27,68.02750920842628,68.68895986495261,67.58091858862758,68.35823822021484,117087600.0
2020-04-28,68.81932926175669,69.00038194653797,67.15847882168735,67.25020599365234,112004800.0
2020-04-29,68.73482721743544,69.92736120107678,68.53204914375017,69.45903778076172,137280800.0
2020-04-30,69.99733575831296,71.10055118981447,69.60867977631433,70.92432403564453,183064000.0
2020-05-01,69.10174923798432,72.17964374552773,69.0051893150792,69.78250885009766,240616800.0
2020-05-04,69.80665406694762,70.89779524622708,69.11865261133845,70.76985168457031,133568000.0
2020-05-05,71.2285300116976,72.66246767070962,71.08368641004002,71.83203887939453,147751200.0
2020-05-06,72.5321011645588,73.20320267035598,72.14827044329485,72.5731430053711,142333600.0
2020-05-07,73.1983559121912,73.6690955962119,72.8966015934725,73.32388305664062,115215200.0
2020-05-08,73.98229650289032,75.1223827731926,73.65551811313698,75.06912994384766,133838400.0
2020-05-11,74.57775917368724,76.74416477518758,74.36958632362644,76.25037384033203,145946400.0
2020-05-12,76.93297679324957,77.3832066763356,75.25794640867731,75.37897491455078,162301200.0
2020-05-13,75.55808267285332,76.4779036027934,73.39409274246334,74.46882629394531,200622400.0
2020-05-14,73.70876155896555,74.98682191354754,72.98742921457588,74.92630767822266,158929200.0
2020-05-15,72.70180190645536,74.52932881095421,72.66791038979864,74.48333740234375,166348400.0
2020-05-18,75.80498172029709,76.611028150083,75.11511790410643,76.2382583618164,135178400.0
2020-05-19,76.25520568719914,77.09998213452099,75.76625327530091,75.79772186279297,101729600.0
2020-05-20,76.6545857322091,77.34202651721908,76.61585573751951,77.27183532714844,111504800.0
2020-05-21,77.13387754437865,77.67366726497515,76.4585365069764,76.69575500488281,102688800.0
2020-05-22,76.43433589476804,77.27185842972254,76.33267609193112,77.18955993652344,81803200.0
2020-05-26,78.30543299444078,78.48455279572174,76.61103413521022,76.66670989990234,125522000.0
2020-05-27,76.52391007078806,77.14599099987917,75.78563172544763,77.0007553100586,112945200.0
2020-05-28,76.67638285095582,78.29090607267398,76.4004417495467,77.03462982177734,133560800.0
2020-05-29,77.27668110998019,77.73658783652532,76.60376308600569,76.95958709716797,153532400.0
2020-06-01,76.91360133395523,78.02706486056282,76.78288850329889,77.90603637695312,80791200.0
2020-06-02,77.6397816394303,78.29091555107586,77.1992361328535,78.26670837402344,87642800.0
2020-06-03,78.58621141173712,78.95898118849432,78.01495316022684,78.69755554199219,104491200.0
2020-06-04,78.5208656190316,78.81859097042819,77.6470360985682,78.01980590820312,87560400.0
2020-06-05,78.26913445919533,80.3024118345787,78.24008880036028,80.24189758300781,137250400.0
2020-06-08,79.93933051935436,80.75022301034842,79.23010522661079,80.7163314819336,95654400.0
2020-06-09,80.3968056767083,83.65730597576551,80.36533708864444,83.26517486572266,147712400.0
2020-06-10,84.21161714524366,85.87454732273147,83.77349462695621,85.40737915039062,166651600.0
2020-06-11,84.55292316229209,84.97652287764004,81.20527837641917,81.30693817138672,201662400.0
2020-06-12,83.4418608157305,84.1873928706366,80.9002631844279,82.00888061523438,200146000.0
2020-06-15,80.66550679987964,83.67427396780367,80.50332533638101,83.02313995361328,138808800.0
2020-06-16,85.07334504214955,85.49452921505798,83.44188334314991,85.22341918945312,165428800.0
2020-06-17,85.96654258564811,86.02705683600927,84.98379175074255,85.10482025146484,114406400.0
2020-06-18,85.06125001022909,85.55504835135272,84.53114459703605,85.13871002197266,96820400.0
2020-06-19,85.84307640546994,86.30782159170373,83.5459510308644,84.65215301513672,264476000.0
2020-06-22,85.04430780115948,87.0098095125726,84.99831637895207,86.86699676513672,135445200.0
2020-06-23,88.1087417587427,90.13718045697547,87.68998051908838,88.72114562988281,212155600.0
2020-06-24,88.35079128217394,89.26818923809188,86.78225950639512,87.155029296875,192623200.0
2020-06-25,87.30996818337783,88.3508103921037,86.55232854521968,88.31208038330078,137522400.0
2020-06-26,88.20797597788908,88.42824869367755,85.4509437109353,85.59860229492188,205256800.0
2020-06-29,85.50664961268454,87.66580166563776,85.02979694710713,87.57139587402344,130646000.0
2020-06-30,87.1598666501381,88.58800861953088,87.1405053436716,88.30237579345703,140223200.0
2020-07-01,88.37984062385425,88.92204587845694,88.08695375546539,88.13536071777344,110737200.0
2020-07-02,89.04065881814572,89.67484690422407,88.02160103220285,88.13536071777344,114041600.0
2020-07-06,89.56109809240039,90.96018738333704,89.52962949763806,90.4930191040039,118655600.0
2020-07-07,90.87061453958542,91.6476154008952,90.10087509241899,90.21221923828125,112424400.0
2020-07-08,91.18769953716944,92.34473152661032,91.10055518911935,92.31326293945312,117092000.0
2020-07-09,93.20402645939578,93.25727928434208,91.66454778966232,92.71023559570312,125642800.0
2020-07-10,92.30600881208682,92.93051996359854,91.69602787555728,92.87242126464844,90257200.0
2020-07-13,94.17466765194148,96.77920255650146,92.2309508189821,92.44396209716797,191649200.0
2020-07-14,91.82673375082925,94.16500509879575,90.89482027358295,93.97378540039062,170989200.0
2020-07-15,95.84488685944433,96.09420527190387,93.42431687945134,94.62007904052734,153198000.0
2020-07-16,93.49451766571708,94.31024858615012,92.85790656415841,93.4557876586914,110577600.0
2020-07-17,93.90600170117715,94.06091431617955,92.79495374103925,93.2669677734375,92186800.0
2020-07-20,93.35412562962276,95.37045717183655,93.01040144233045,95.23248291015625,90318000.0
2020-07-21,96.02157397759412,96.09661104261261,93.6687800817764,93.91809844970703,103433200.0
2020-07-22,93.62037185613211,94.86212529718233,93.53323489247579,94.18194580078125,89001600.0
2020-07-23,93.91568143989768,93.99314144318696,89.08664931990235,89.8951187133789,197004400.0
2020-07-24,88.09662345174227,90.01613315170617,86.31265765589474,89.67240905761719,185438800.0
2020-07-27,90.73266467971463,91.88969709527478,90.50997632811453,91.79771423339844,121214000.0
2020-07-28,91.36925259131361,91.54595685387366,90.28483461346657,90.28968048095703,103625600.0
2020-07-29,90.77135574195019,92.20433612820618,90.73504867705178,92.02037048339844,90329200.0
2020-07-30,91.1949712384762,93.23793283077006,90.7883172670131,93.13385009765625,158130000.0
2020-07-31,99.61614157613516,103.03398529349649,97.6215868383854,102.8839111328125,374336800.0
2020-08-03,104.7622549635953,108.09053834247213,104.4645296144692,105.47632598876953,308151200.0
2020-08-04,105.6651349105181,107.26997389606046,104.94380243901392,106.18071746826172,173071600.0
2020-08-05,105.90235611566642,106.88510690463526,105.43760344433963,106.56558990478516,121776800.0
2020-08-06,106.89718739322298,110.77735994512233,106.30899078686637,110.28356170654297,202428800.0
2020-08-07,109.80586023116359,110.26174899503663,106.98081367668276,107.77619171142578,198045600.0
2020-08-10,109.21902314455248,110.35874505613272,106.69709332777636,109.34269714355469,212403600.0
2020-08-11,108.60794885006547,109.10505737675727,105.83139636601508,106.09086608886719,187902400.0
2020-08-12,107.17965891895842,109.87376452711321,106.98566715289093,109.6167221069336,165598000.0
2020-08-13,110.99408465160128,112.55817011651827,110.50667052619417,111.55667114257812,210082000.0
2020-08-14,111.38204963680964,111.54694334219764,109.65064352930591,111.45722198486328,165565200.0
2020-08-17,112.577581010581,112.60183183496459,110.5406375676734,111.16626739501953,119561600.0
2020-08-18,110.91890789561272,112.51693852673742,110.58426581680665,112.09257507324219,105633600.0
2020-08-19,112.49997484302729,113.64454412496903,112.13866200158594,112.23323059082031,145538000.0
2020-08-20,112.27444791147464,114.83760501028006,112.25747159683876,114.7236328125,126907200.0
2020-08-21,115.68145966507578,121.11816429854593,115.66933795665102,120.63560485839844,338054800.0
2020-08-24,124.83316679017967,124.91804835697145,120.21609797723066,122.07844543457031,345937600.0
2020-08-25,120.95329109467639,121.42130160395935,119.35768029886763,121.07695770263672,211495600.0
2020-08-26,122.39128067814039,123.17938430241111,121.32673099966804,122.72349548339844,163022400.0
2020-08-27,123.32487721481381,123.65709200762272,120.11425938434616,121.25640869140625,155552400.0
2020-08-28,122.22877945314914,122.6458683430527,120.83686988582103,121.05996704101562,187630000.0
2020-08-31,123.74923681098468,127.06654483126823,122.21667670793738,125.16539001464844,225702700.0
2020-09-01,128.773731349047,130.7524864197246,126.61069366744442,130.15109252929688,151948100.0
2020-09-02,133.45869190086984,133.83698109172641,123.18667288708147,127.45455169677734,200119000.0
2020-09-03,123.09937532501802,124.97141760627962,116.88183987574337,117.25042724609375,257599600.0
2020-09-04,116.46472703859587,119.98572845730746,107.56036930998823,117.3280029296875,332607200.0
2020-09-08,110.52850942019397,115.41717816603585,109.29664597406735,109.43244171142578,231366600.0
2020-09-09,113.73909094731499,115.56263840332464,111.79914401101568,113.79728698730469,176940500.0
2020-09-10,116.74602745349068,116.88182317054356,109.12203408038299,110.08230590820312,182274400.0
2020-09-11,111.1298709484181,111.77005705290503,106.69709205627441,108.63703918457031,180860300.0
2020-09-14,111.27538896641066,112.4490563072492,109.41304115616997,111.89617156982422,140150100.0
2020-09-15,114.77699015613865,115.26197700807842,110.19871308977739,112.07076263427734,184642000.0
2020-09-16,111.7700619173575,112.51693833812011,108.67584374495958,108.76313781738281,154679000.0
2020-09-17,106.42549948987329,108.83102975873638,105.44582412860575,107.0268783569336,178011000.0
2020-09-18,107.08509999522968,107.5506832359034,102.90450823656477,103.63198852539062,287104900.0
2020-09-21,101.40105617439414,106.88140931284494,100.00429161371379,106.77471160888672,195713800.0
2020-09-22,109.29662320835186,109.47121874863322,105.88231946545223,108.45274353027344,183055400.0
2020-09-23,108.26844522282775,108.74373016788621,103.56406780634413,103.903564453125,150718700.0
2020-09-24,102.01212050333626,106.93958810787352,101.84722676940335,104.97054290771484,167743300.0
2020-09-25,105.17424100477153,109.0638373334494,104.43705897382922,108.90863800048828,149981400.0
2020-09-28,111.55667272467461,111.85736219121794,109.39362820642745,111.50817108154297,137672400.0
2020-09-29,111.11047045765872,111.84764500982021,110.15989314523581,110.66427612304688,99382200.0
2020-09-30,110.37329816208843,113.73910777869786,110.2084044241761,112.3326416015625,142675200.0
2020-10-01,114.10770215411938,114.18530182393523,112.35205217632898,113.2832260131836,116120400.0
2020-10-02,109.50033277715342,111.90587086149135,108.85045216012577,109.62642669677734,144712000.0
2020-10-05,110.48971695476313,113.14744304282974,110.14052580154997,113.00194549560547,106243800.0
2020-10-06,112.22594886007512,112.63334341918222,108.87954271233731,109.76222229003906,161498200.0
2020-10-07,111.17837055181317,112.0804462459722,110.70307818585619,111.62455749511719,96849000.0
2020-10-08,112.7594330889432,112.90493061170089,111.1492733309645,111.51786804199219,83477200.0
2020-10-09,111.81855926916633,113.48691510258755,111.46936816913343,113.45781707763672,100506900.0
2020-10-12,116.45502931013961,121.42129686008033,115.69845107798898,120.66471862792969,240226800.0
2020-10-13,121.50859444916024,121.62499394990238,116.05734733652297,117.46380615234375,262330500.0
2020-10-14,117.36681956932418,119.33586502763562,116.028258506117,117.55111694335938,150712000.0
2020-10-15,115.15527240046332,117.56080289760202,114.60238771843201,117.08551788330078,112559200.0
2020-10-16,117.63840880188037,117.90030584427576,115.24257258596,115.4462661743164,115393800.0
2020-10-19,116.358026294525,116.80421323996534,112.18714446524658,112.4975357055664,120639300.0
2020-10-20,112.71091992910422,115.40745252774086,112.15803531937775,113.9815902709961,124423700.0
2020-10-21,113.16684064497652,115.14558807058964,112.95344522648205,113.36083984375,89946000.0
2020-10-22,113.92339674553574,114.49568501963495,111.14927164811971,112.27444458007812,101988000.0
2020-10-23,112.89524032049677,113.05043966735408,110.84859518576691,111.58577728271484,82572600.0
2020-10-26,110.58670073335905,113.05043475532885,109.490625744662,111.59547424316406,111850700.0
2020-10-27,112.02224386138344,113.75849741390176,111.10077194371063,113.09891510009766,92276800.0
2020-10-28,111.59546536731106,111.96405267029793,107.76406521649079,107.8610610961914,143937800.0
2020-10-29,108.99594897135509,113.41902674173545,108.83104781563942,111.85736846923828,146129200.0
2020-10-30,107.72525497153092,108.62733062614099,104.48554702075934,105.59131622314453,190272600.0
2020-11-02,105.8338155489353,107.35667373960923,104.09756199136386,105.50402069091797,122866900.0
2020-11-03,106.36730031348367,108.14234624016166,105.46522463913784,107.1238784790039,107624400.0
2020-11-04,110.71279021468385,112.11924902667879,108.97653651830575,111.49846649169922,138235500.0
2020-11-05,114.40838224963099,116.02824377297978,113.3608163942021,115.4559555053711,126387100.0
2020-11-06,114.96527127109147,115.8203179514325,112.837361996159,115.32478332519531,114457900.0
2020-11-09,117.08345719402648,118.53120907039039,112.75963124213385,113.02197265625,154515300.0
2020-11-10,112.27384048419532,114.25599431151727,110.89409578251818,112.68193054199219,138023400.0
2020-11-11,113.86733537997074,116.2381494579348,113.1385999950758,116.10211944580078,112295000.0
2020-11-12,116.22841881317535,117.1126137436234,115.20818648034917,115.83003997802734,103162300.0
2020-11-13,116.05352071993178,116.27699537989376,114.52803521767761,115.87862396240234,81581900.0
2020-11-16,115.54825966136949,117.55956865833653,114.80009473182567,116.8891372680664,91183000.0
2020-11-17,116.16041857776305,117.24865863043144,115.58714291023577,116.00495147705078,74271000.0
2020-11-18,115.24705927558566,116.42275133775613,114.65435397133162,114.68350219726562,76322100.0
2020-11-19,114.25598215062608,115.68430461397098,113.49809857736044,115.27621459960938,74113000.0
2020-11-20,115.27620565626937,115.40251710432108,113.96448361868471,114.0130615234375,73604300.0
2020-11-23,113.85760341347095,114.2851304944073,110.5248536828197,110.62201690673828,127959300.0
2020-11-24,110.68031687022992,112.56530706965945,109.39773567263003,111.90458679199219,113874200.0
2020-11-25,112.27383262938065,113.43980625953591,111.90460196313715,112.74021911621094,76499200.0
2020-11-27,113.26489496698315,114.15880846315034,112.92481998616722,113.2843246459961,46691300.0
2020-11-30,113.65356330256418,117.54015173092947,113.49809620715159,115.67459106445312,169410200.0
2020-12-01,117.57900876605405,119.96925956195165,116.60736173944143,119.24052429199219,127728200.0
2020-12-02,118.56039614708436,119.87212588677608,117.4624374051066,119.59034729003906,89004200.0
2020-12-03,120.01783429457547,120.27046459048226,118.74497909552679,119.45428466796875,78967600.0
2020-12-04,119.12393425897255,119.3765645833526,118.07455360054387,118.78385925292969,78260400.0
2020-12-07,118.84215122001115,121.03807568238211,118.78385476777048,120.24132537841797,86712000.0
2020-12-08,120.84374345698704,121.43644873670094,119.60002903502645,120.85345458984375,82225500.0
2020-12-09,120.99922399995596,122.37896123763355,117.56931058790569,118.32719421386719,115089200.0
2020-12-10,117.08347755039478,120.35793100204793,116.74340254220034,119.74578857421875,81312200.0
2020-12-11,118.95873784398792,119.27938312055916,117.13204422429256,118.9393081665039,86939800.0
2020-12-14,119.12394461719592,119.85268001340195,118.0940009627436,118.32719421386719,79184500.0
2020-12-15,120.81459511068267,124.27366377761385,120.61055011219938,124.25422668457031,157243700.0
2020-12-16,123.79756533721344,124.73033828648967,122.97165933994127,124.18621826171875,98208600.0
2020-12-17,125.24531371153455,125.90604149372504,124.40969655609783,125.05098724365234,94359800.0
2020-12-18,125.30361605465058,125.43964605507787,122.5441344465272,123.0688247680664,192541500.0
2020-12-21,121.47531311924551,124.67203286094654,119.94982751976666,124.59429931640625,121251600.0
2020-12-22,127.87850495293172,130.59912042639044,125.97406967366213,128.14085388183594,168904800.0
2020-12-23,128.41285284686637,128.67518682478877,127.07197543286729,127.24687957763672,88223700.0
2020-12-24,127.59667642019997,129.6760001670091,127.38291291879534,128.22824096679688,54930100.0
2020-12-28,130.19102370668213,133.446033182036,129.72462233987497,132.81446838378906,124486200.0
2020-12-29,134.13588116304936,134.85489050709643,130.53106400488656,131.04603576660156,121047300.0
2020-12-30,131.735898609551,132.13427742745725,129.6177004950943,129.9286346435547,96452100.0
2020-12-31,130.27844532518537,130.91973597132423,127.98535756948488,128.9278564453125,99116600.0
2021-01-04,129.73433819675842,129.82178288641367,123.1660010540864,125.7408676147461,143301900.0
2021-01-05,125.23557674034254,128.00477652137644,124.78861261288198,127.29546356201172,97664900.0
2021-01-06,124.09878374563415,127.33437075749549,122.79677262000745,123.01053619384766,155088000.0
2021-01-07,124.72063157172194,127.89792197499627,124.2348079857969,127.20804595947266,109578200.0
2021-01-08,128.6751696560229,128.8695108634262,126.53754980995937,128.3059539794922,105158200.0
2021-01-11,125.5270809622862,126.47929089114106,124.85664214589357,125.32302856445312,100384500.0
2021-01-12,124.85663526886566,126.01289753186738,123.26313483591238,125.14813232421875,91951100.0
2021-01-13,125.1092883878033,127.72302173327904,124.8469543181073,127.17890167236328,88636800.0
2021-01-14,127.09144014639318,127.28576659581172,125.10927181431389,125.2550277709961,90221800.0
2021-01-15,125.12871800814145,126.52789226757409,123.39918727805356,123.53521728515625,111598500.0
2021-01-19,124.15706500945309,125.0607045202907,123.34088500532488,124.20565032958984,90757300.0
2021-01-20,125.01214395162096,128.7335548533042,124.90526215662156,128.28659057617188,104319500.0
2021-01-21,130.0064001294405,135.7099645282226,129.80234769109845,132.98934936523438,120150900.0
2021-01-22,132.4160646907934,135.88485193048166,131.19179469063414,135.12696838378906,114459400.0
2021-01-25,139.01353853335786,140.97625472972098,132.66867020571667,138.86778259277344,157611700.0
2021-01-26,139.52852500725305,140.20867499016745,137.36174136904043,139.1009979248047,98390600.0
2021-01-27,139.36333253146313,140.20867556656404,136.4289690465183,138.0321807861328,140843800.0
2021-01-28,135.564189064389,137.96415826033868,132.8241374993332,133.2030792236328,142621100.0
2021-01-29,131.97880528014946,132.86300755142042,126.51815423658083,128.21853637695312,177523800.0
2021-02-01,129.9577892114423,131.54157860190338,127.21773749244758,130.33673095703125,106239800.0
2021-02-02,131.88166811874655,132.44522526454477,130.79342801715512,131.16265869140625,83305400.0
2021-02-03,131.91081569341782,131.92054165395052,129.82178018887643,130.14242553710938,89880900.0
2021-02-04,132.43550657690793,133.5043095225396,130.7739834636992,133.49459838867188,84183100.0
2021-02-05,133.65516390896917,133.7232731231055,132.20524094162676,133.08102416992188,75693800.0
2021-02-08,132.37068818260687,133.27567819524438,131.29054743428753,133.22702026367188,71297200.0
2021-02-09,132.94477197557092,134.1708861386868,132.19549648512387,132.35118103027344,76774200.0
2021-02-10,132.80853804149436,133.3048279995829,130.7844904817518,131.74786376953125,73046600.0
2021-02-11,132.24416393424985,132.72098784651604,130.17147291387968,131.49488830566406,64280000.0
2021-02-12,130.73585850968206,131.88410821935858,130.0936095966532,131.72840881347656,60145100.0
2021-02-16,131.84515524560578,132.3511559058319,129.21777673672364,129.60702514648438,80576300.0
2021-02-17,127.71925617483,128.6631634845205,125.98714097419074,127.32028198242188,97918500.0
2021-02-18,125.72442823138826,126.502910651213,123.98258699491187,126.22071838378906,96856700.0
2021-02-19,126.73639944443335,127.19375709134722,125.33513472608534,126.3763427734375,87668800.0
2021-02-22,124.56639727156255,126.23040308983671,122.22123254914695,122.6104736328125,103916400.0
2021-02-23,120.43075171253977,123.30139120748287,115.2052066551197,122.47425842285156,158273000.0
2021-02-24,121.57899194807914,122.18230857916163,118.94189453786483,121.97795867919922,111039900.0
2021-02-25,121.32599026278942,123.05810538980377,117.29736077604736,117.7352523803711,148199500.0
2021-02-26,119.29220185674814,121.49140765726709,117.93959485190196,117.99798583984375,164560400.0
2021-03-01,120.42099709481208,124.4885510714253,119.48682297794498,124.3523178100586,116307900.0
2021-03-02,124.95564701355688,125.25730532990295,121.64710890595583,121.754150390625,102260900.0
2021-03-03,121.45249652917722,122.32828720569532,118.56239100874602,118.77647399902344,112966300.0
2021-03-04,118.47481493176636,120.27504677444026,115.4290174341431,116.89839172363281,178155000.0
2021-03-05,117.7255127803743,118.65968686991202,114.40724183835442,118.15367126464844,153766600.0
2021-03-08,117.67686731260757,117.74498394850409,113.08383865170997,113.22980499267578,154376600.0
2021-03-09,115.8279835568737,118.77647261328785,115.59444185391254,117.83256530761719,129525800.0
2021-03-10,118.4164168777091,118.88350022910564,116.23666982400522,116.7524185180664,111943300.0
2021-03-11,119.24356797692991,119.89554261056912,117.99800228157227,118.67916870117188,103026500.0
2021-03-12,117.16112022904915,117.91040318694742,115.95447955662657,117.774169921875,88105100.0
2021-03-15,118.14395874848536,120.6642817142442,117.18058534747087,120.65454864501953,92403800.0
2021-03-16,122.31853968534864,123.79765430298438,121.36490683570095,122.1920394897461,115227900.0
2021-03-17,120.71293967926185,122.47424657756945,119.04893377660937,121.40383911132812,111932600.0
2021-03-18,119.57441725151209,119.86634995731801,117.08328587882134,117.28763580322266,121229700.0
2021-03-19,116.67455540304563,118.16339547869096,116.46047246487215,116.76213073730469,185549500.0
2021-03-22,117.09300574322106,120.53777713211232,117.02488910943605,120.07068634033203,111912300.0
2021-03-23,120.0123099463268,120.89782623844285,118.8543196786337,119.24356079101562,95467100.0
2021-03-24,119.51602254128295,119.59387224546333,116.84000020937296,116.85945892333984,88530500.0
2021-03-25,116.32427390112565,118.38724678280408,115.79879946642953,117.34602355957031,98844700.0
2021-03-26,117.11247500179746,118.21208173439534,115.72094299418823,117.9493408203125,94071200.0
2021-03-29,118.37751194468804,119.28249444245718,117.48226251708941,118.12450408935547,80819200.0
2021-03-30,116.8789257121579,117.16112532326552,115.66255191815422,116.67457580566406,85671900.0
2021-03-31,118.37750228821312,120.19719278132602,117.89095275757859,118.86405181884766,118323800.0
2021-04-01,120.33343394406754,120.8394421912494,119.19490239563412,119.6911849975586,75089100.0
2021-04-05,120.53778601486208,122.76618380455446,119.75930377924526,122.51317596435547,88651200.0
2021-04-06,123.09700363250099,123.71005323086034,122.26987110082902,122.81480407714844,80171300.0
2021-04-07,122.44504366920103,124.4788169278638,121.77360301243874,124.45935821533203,83466700.0
2021-04-08,125.48114458057893,126.88240986807646,125.06271903272915,126.85321807861328,88844600.0
2021-04-09,126.3082809200934,129.46111286986317,125.98715639774359,129.4221954345703,106686700.0
2021-04-12,128.95509167174853,129.2762161435529,127.11593504109703,127.70952606201172,91420000.0
2021-04-13,128.8772176641677,131.0374983592836,128.3809277339075,130.8136749267578,91266500.0
2021-04-14,131.31000899099288,131.36839256751463,128.11824478906962,128.47828674316406,87222800.0
2021-04-15,130.22012045971883,131.36837019796266,130.04495491166549,130.88182067871094,89347100.0
2021-04-16,130.68721289515452,131.04725481288563,129.69464764958488,130.5509796142578,84922400.0
2021-04-19,129.91842322109008,131.82570351653897,129.75299819698287,131.212646484375,94264200.0
2021-04-20,131.38781245275527,131.8840875267871,128.2641585737153,129.52919006347656,94812300.0
2021-04-21,128.7993442259767,130.1519508218944,127.76786198210814,129.90867614746094,68847100.0
2021-04-22,129.46108603950333,130.54122653689166,127.8749447465964,128.39068603515625,84566500.0
2021-04-23,128.60476763173878,131.4851323617936,128.60476763173878,130.7066650390625,78657500.0
2021-04-26,131.20295824690538,131.42676689058607,129.9671181870508,131.09591674804688,66905100.0
2021-04-27,131.3780816016613,131.7673300838562,130.5022985012677,130.77476501464844,66015800.0
2021-04-28,130.69697643776402,131.38788353656335,129.50006834795045,129.9866180419922,107760100.0
2021-04-29,132.79882309453924,133.38268843991688,128.886960916459,129.88925170898438,151101000.0
2021-04-30,128.2350137894491,129.96712921001927,127.54412165956818,127.92362976074219,109839500.0
2021-05-03,128.48798358801744,130.46338819019584,128.28364111599663,128.9745330810547,75135100.0
2021-05-04,127.66087574180307,127.9528084470389,123.29165535400072,124.41072082519531,137564700.0
2021-05-05,125.72439172337612,126.94076551104096,124.5274840738415,124.65399169921875,84000900.0
2021-05-06,124.44964624226809,126.25961120491856,123.71008883004946,126.24988555908203,78128300.0
2021-05-07,127.54629547170842,127.94593245749884,126.2108752190309,126.92245483398438,78973300.0
2021-05-10,126.1426633359984,126.26937098545628,123.60830211734293,123.64729309082031,88071200.0
2021-05-11,120.38185488141869,123.0819142652862,119.67028275042819,122.73101043701172,126142800.0
2021-05-12,120.28437120843128,121.49306133403097,119.16340517343434,119.67027282714844,112172300.0
2021-05-13,121.43458279999426,122.96494285084451,121.12266251691543,121.81473541259766,105861300.0
2021-05-14,123.06241748790161,124.66100988052594,122.67251527187383,124.23211669921875,81918000.0
2021-05-17,123.61803331863223,123.72525662054227,122.0096912267483,123.08191680908203,74244600.0
2021-05-18,123.3646094337638,123.78375308679564,121.62955208202142,121.69778442382812,63342900.0
2021-05-19,120.05043995950335,121.76599784022277,119.75801143334377,121.54180908203125,92612000.0
2021-05-20,122.06817161997536,124.49530152830624,121.94144912599474,124.09564971923828,76857100.0
2021-05-21,124.59279439116175,124.76825004025154,122.04869119774337,122.26313781738281,79295400.0
2021-05-24,122.82848472896345,124.70975612799803,122.76025239580743,123.89096069335938,63092900.0
2021-05-25,124.59279971373591,125.08018314804377,123.13067172111496,123.69602966308594,72009500.0
2021-05-26,123.75451640869117,124.17366007761332,123.22814942189817,123.64729309082031,56575900.0
2021-05-27,123.24763627844212,124.41733561849655,121.92197306010468,122.1169204711914,94625600.0
2021-05-28,122.39960530367183,122.62380153028337,121.405361560534,121.4638442993164,71311100.0
2021-06-01,121.92197831860382,122.18515807859856,120.81076166659518,121.14217376708984,67637100.0
2021-06-02,121.14216055572481,122.07792145343016,120.9179717914318,121.9024658203125,59278900.0
2021-06-03,121.53206925104124,121.6977752920281,120.02120080570538,120.42085266113281,76229200.0
2021-06-04,120.93749171284595,122.97472745150219,120.72304506280128,122.71154022216797,75169300.0
2021-06-07,122.98443979955707,123.13065406520676,121.67827588309044,122.72126007080078,71057600.0
2021-06-08,123.40358202860334,125.21662849111421,123.0234294041827,123.54004669189453,74403800.0
2021-06-09,123.99819373222839,124.52456067367201,123.32561251203367,123.92021179199219,56877900.0
2021-06-10,123.81297704481983,124.95344236430199,122.7602506959565,122.92595672607422,71186400.0
2021-06-11,123.33536251537065,124.22239035571975,122.91621888119515,124.13465881347656,53522400.0
2021-06-14,124.59280194157657,127.24412116871932,123.86173793219395,127.18563842773438,96906500.0
2021-06-15,126.65927274152149,127.30261260822043,126.12315618593904,126.3668441772461,62746300.0
2021-06-16,127.07839160028391,127.58526671760069,125.21662690472674,126.86394500732422,91815000.0
2021-06-17,126.52280804022224,129.20337594415264,126.37658632134162,128.46255493164062,96721700.0
2021-06-18,127.40981037898122,128.1895998960208,126.95167585727805,127.16612243652344,108953300.0
2021-06-21,127.0101523182265,129.06687904605207,125.94767651117064,128.95965576171875,79663300.0
2021-06-22,128.7939773736595,130.69474066397615,128.29684436989922,130.59725952148438,74783600.0
2021-06-23,130.39253480000346,130.92865119213846,129.8661605700781,130.3242950439453,60214200.0
2021-06-24,131.0553765632134,131.24058178501798,129.57374966230876,130.04164123535156,68711000.0
2021-06-25,130.09037560621056,130.50951172104854,129.45677804212312,129.74920654296875,70783700.0
2021-06-28,130.04166969629122,131.8352098315601,129.98318695524438,131.3770751953125,62111300.0
2021-06-29,131.3965550234282,133.0438880631515,130.9579196567259,132.88792419433594,64556100.0
2021-06-30,132.73195190270366,133.94064949902392,132.43952338561445,133.50201416015625,63261400.0
2021-07-01,133.15110203776288,133.86266668828733,132.33229922059724,133.80418395996094,52485800.0
2021-07-02,134.41829838230024,136.4652835854969,134.27209152787285,136.42630004882812,78852600.0
2021-07-06,136.53350195950557,139.53572463895688,136.53350195950557,138.43426513671875,108181800.0
2021-07-07,139.91586805219615,141.231788943126,139.05809657469072,140.9198760986328,104911600.0
2021-07-08,138.00535215692446,140.42273229042033,137.1183245101573,139.62344360351562,105575500.0
2021-07-09,139.1458282969305,141.97260274724476,139.04834716131978,141.4462432861328,99890800.0
2021-07-12,142.51847096001342,142.62569425576672,140.36426288116348,140.8516387939453,76299700.0
2021-07-13,140.39355429028427,143.73696197798483,140.0036593704911,141.96290588378906,100827100.0
2021-07-14,144.36073887875023,145.7936251287686,143.95133005857537,145.38421630859375,127050800.0
2021-07-15,145.47197634550716,146.21278242197315,143.37625087333885,144.7311553955078,106820300.0
2021-07-16,144.7116519617399,145.9788173432772,142.19679065127386,142.69390869140625,93251400.0
2021-07-19,140.1205738932986,140.43250161447835,138.09308832622733,138.8533935546875,121434600.0
2021-07-20,139.83792120496685,143.38601770583355,139.35054523026795,142.45999145507812,96350000.0
2021-07-21,141.85565012536404,142.4405072449087,140.97837931958148,141.7289276123047,74993500.0
2021-07-22,142.2553100922622,144.4582442706814,142.12858757198936,143.09359741210938,77338200.0
2021-07-23,143.8246641352954,144.96512221870486,143.21056560056124,144.8091583251953,71447400.0
2021-07-26,144.5264338354404,146.0470440562457,143.97081824593766,145.22825622558594,72434100.0
2021-07-27,145.35498894389306,145.44272791296905,141.87513262554674,143.0643310546875,104818600.0
2021-07-28,141.1538434950934,143.2593115153304,138.94115215326465,141.31954956054688,118931200.0
2021-07-29,141.03689429412697,142.84993393088695,140.9296709601532,141.96290588378906,56699500.0
2021-07-30,140.73466343435456,142.63542638578699,140.4714762953773,142.1772918701172,70440600.0
2021-08-02,142.6646895204393,143.2397895751834,141.582714310116,141.8459014892578,62880000.0
2021-08-03,142.12859665195967,144.30228959895823,141.51449808960257,143.63946533203125,64786600.0
2021-08-04,143.55168904021573,144.05854922239413,142.58667948918819,143.23976135253906,56368300.0
2021-08-05,143.2690181917266,144.10730535100612,142.47947159810346,143.3470001220703,46397700.0
2021-08-06,142.86867690985883,143.61059289976055,142.16580285802874,142.66366577148438,54126800.0
2021-08-09,142.72222158501236,143.210327688173,142.0584044347056,142.61483764648438,48908700.0
2021-08-10,142.9565505100319,144.196344465899,141.84366893661831,142.13653564453125,69023100.0
2021-08-11,142.57584837162412,143.22990900393347,142.06821366601775,142.39036560058594,48493500.0
2021-08-12,142.7124810649403,145.50444888855472,142.37080079552103,145.34825134277344,72282600.0
2021-08-13,145.42634081402107,145.88516176552068,144.74299521470792,145.55325317382812,59375000.0
2021-08-16,145.00657783567002,147.59354953492934,142.98582599022765,147.52520751953125,103296000.0
2021-08-17,146.65636676617194,148.07187159409528,145.5434853619502,146.61732482910156,92229700.0
2021-08-18,146.2366215497856,147.13473517673972,142.67343732669485,142.87844848632812,86326000.0
2021-08-19,141.5800696426097,144.4794213850425,141.0626783117476,143.21034240722656,86960300.0
2021-08-20,143.9327425154178,144.9675251601663,143.28843882859866,144.66490173339844,60549600.0
2021-08-23,144.7820517027598,146.61733569322215,144.37204430196212,146.1487579345703,60131800.0
2021-08-24,145.89489777853456,147.2713604372929,145.60203116452846,146.06085205078125,48606400.0
2021-08-25,146.24637657624294,146.74425443123712,144.28419502392072,144.83087158203125,58991300.0
2021-08-26,144.82106348636228,145.572736039412,144.00103404405039,144.0303192138672,48597200.0
2021-08-27,143.97178711441077,145.21158091727293,143.33725507209095,145.06515502929688,55802400.0
2021-08-30,145.45565533870288,149.83885461039787,145.07493307828,149.47764587402344,90956700.0
2021-08-31,149.02856544896787,149.16523456794167,147.69114453920625,148.2183074951172,86453100.0
2021-09-01,149.19453621732464,151.29338682527435,148.71618680019012,148.88214111328125,80313700.0
2021-09-02,150.20979354918074,151.0395800272227,148.77476016459727,149.99502563476562,71115500.0
2021-09-03,150.10241459437898,150.95172951907767,149.44835406806936,150.62957763671875,57808700.0
2021-09-07,151.28363626481305,153.51915609845358,150.71743128739138,152.9627227783203,82278300.0
2021-09-08,153.24581573453693,153.3043860941943,150.31717858511598,151.42030334472656,74420200.0
2021-09-09,151.79126431107525,152.39651120399355,150.28788894400816,150.40504455566406,57305700.0
2021-09-10,151.31292061025323,151.7814983871202,145.1627795675759,145.42636108398438,140893200.0
2021-09-13,147.04684942260073,147.8180505115286,145.21156570783384,145.99253845214844,102404300.0
2021-09-14,146.77355269563384,147.47642687466802,143.4153793726529,144.59658813476562,109296300.0
2021-09-15,145.0261185341006,145.88519025288556,142.88821089491876,145.4849395751953,83281300.0
2021-09-16,144.90897545621797,145.42636685232276,143.71799510025087,145.25064086914062,68034100.0
2021-09-17,145.27994241453277,145.27994241453277,142.29271983680104,142.58558654785156,129868800.0
2021-09-20,140.37933813407227,141.3945924183066,137.90952209387459,139.539794921875,123478900.0
2021-09-21,140.50626423071614,141.16033974315945,139.38362576406158,140.01815795898438,75834000.0
2021-09-22,141.01387841720836,142.94677480134484,140.28171911608493,142.38058471679688,76404300.0
2021-09-23,143.16150856090553,143.58128753921014,142.17553963315416,143.3372344970703,64838200.0
2021-09-24,142.19507259526048,143.96201429353556,142.09744541695585,143.4250946044922,53477900.0
2021-09-27,142.00959923062172,142.48794860245857,140.39885495340664,141.91197204589844,74150700.0
2021-09-28,139.84239196001295,141.30671020043195,138.3195033733077,138.53427124023438,108972300.0
2021-09-29,139.08099698388077,141.0138935757981,138.65146109771675,139.43243408203125,74602000.0
2021-09-30,140.24265523549735,140.94552924628812,137.91926531672686,138.134033203125,89056700.0
2021-10-01,138.52453927839463,139.52028013802934,135.80091312494108,139.25669860839844,94639600.0
2021-10-04,138.38785651091933,138.82716398233575,134.98088496397907,135.83018493652344,98322000.0
2021-10-05,136.17188224652747,138.85646652806082,136.04496985928344,137.7533416748047,80861100.0
2021-10-06,136.15234566592073,138.76858776803195,135.07850605934124,138.62216186523438,83221100.0
2021-10-07,139.6569450430087,140.78935501402486,139.32503639848235,139.8814697265625,61732700.0
2021-10-08,140.60384171370225,140.7502675851044,139.16880859069704,139.50071716308594,58773200.0
2021-10-11,138.88569383904297,141.36526591535699,138.436629737634,139.412841796875,64452200.0
2021-10-12,139.82286975119803,139.84239816609858,137.68496264197734,138.14378356933594,73035900.0
2021-10-13,137.88024208325538,138.03642474342516,135.88876048394778,137.55809020996094,78762700.0
2021-10-14,138.72954178771872,140.45744186952987,138.1438084019397,140.3402862548828,69907100.0
2021-10-15,140.3500831153651,141.4531931726663,140.09625831789816,141.39462280273438,67940300.0
2021-10-18,140.03766984054468,143.347029376178,139.75457479053856,143.06393432617188,85589200.0
2021-10-19,143.5130025382052,145.62162523479623,143.06395310397025,145.22137451171875,76378900.0
2021-10-20,145.16279603857302,146.1878221446277,144.59659100003023,145.70947265625,58418800.0
2021-10-21,145.27016433537898,146.0804224119474,144.35252229936606,145.92422485351562,61421000.0
2021-10-22,146.12922747617256,146.6075619891813,145.1042015405824,145.15301513671875,58883400.0
2021-10-25,145.14321368433312,145.81680244360976,144.10843120026792,145.1041717529297,50720600.0
2021-10-26,145.77777738990952,147.25185252804923,145.4653823192533,145.7680206298828,60893400.0
2021-10-27,145.80706700277705,146.16826078037482,144.95776708428832,145.3092041015625,56094900.0
2021-10-28,146.25615073002083,149.5264533730465,146.15852353048365,148.94073486328125,100077900.0
2021-10-29,143.7179883048137,146.373287179863,142.92725865743117,146.2366180419922,124953200.0
2021-11-01,145.44585011354084,146.13895238181297,144.28415529948526,145.41656494140625,74588300.0
2021-11-02,145.12372094423125,147.96450225059075,145.11394928812004,146.4513702392578,69122000.0
2021-11-03,146.8125588879088,148.35497602206758,146.25612565424197,147.8863983154297,54511500.0
2021-11-04,147.97426542713765,148.80403696262286,147.0566234619275,147.3690185546875,60394600.0
2021-11-05,148.49327073720926,148.7963357946924,146.7041933888627,147.89691162109375,65463900.0
2021-11-08,148.02405391839477,148.18047945260236,146.80200740282297,147.07574462890625,55020900.0
2021-11-09,146.84106457930375,148.04355383183062,146.7041960051751,147.4374237060547,56787900.0
2021-11-10,146.66511965093986,146.7726603269792,144.54364896685252,144.61207580566406,65187100.0
2021-11-11,145.62885311604722,146.0883289050465,144.37746369649008,144.56321716308594,41000000.0
2021-11-12,145.11067671997742,147.03662312152338,144.18192440007093,146.63580322265625,63804000.0
2021-11-15,147.00728981052836,148.483531417499,146.08830852560698,146.64556884765625,59222800.0
2021-11-16,146.58686108718817,148.10220107873934,146.00027305253826,147.62315368652344,59256200.0
2021-11-17,147.62318884522813,151.53373689410836,147.61341784542643,150.05751037597656,88807000.0
2021-11-18,150.27256539420105,155.12163577174246,149.62732149892645,154.3395233154297,137827700.0
2021-11-19,154.1245139086052,157.41916174351337,153.02956490955935,156.9596710205078,117305600.0
2021-11-22,158.0643575600625,161.99446283900974,157.39957149925132,157.41912841796875,117467900.0
2021-11-23,157.51684621926728,158.18164704165864,155.50291667307366,157.8003692626953,96041900.0
2021-11-24,157.1551520319611,158.5140669022848,156.0699743356913,158.31854248046875,69463600.0
2021-11-26,156.00157185337474,156.8618824271744,152.8633499442556,153.30328369140625,76959800.0
2021-11-29,155.8060008585356,157.58530732404222,155.23896961955737,156.65655517578125,88748200.0
2021-11-30,156.41217318635103,161.8185054389282,156.34373142534065,161.60342407226562,174048100.0
2021-12-01,163.7346542506034,166.49159798116264,160.85062784337472,161.08526611328125,152052500.0
2021-12-02,155.1901268526862,160.52801734787488,154.27114554315142,160.0978546142578,136739200.0
2021-12-03,160.35203598315746,161.27101721338744,156.14819360952984,158.2207794189453,118023100.0
2021-12-06,160.61599065605895,164.12571914002814,160.6062196554979,161.6229705810547,107497000.0
2021-12-07,165.2988392553825,167.74293136363414,164.57538262102042,167.35186767578125,120405400.0
2021-12-08,168.2806769394803,172.02502878126478,166.88264814477856,171.16470336914062,116998900.0
2021-12-09,170.9985205283445,172.7973693361273,170.03065436230736,170.65634155273438,108923700.0
2021-12-10,171.29177949219212,175.61293309472177,170.78340409261324,175.43695068359375,115402700.0
2021-12-13,177.0696450374433,178.05706815750167,171.6046566651188,171.80996704101562,153237000.0
2021-12-14,171.33091243496327,173.76523433574428,168.3589020297747,170.43148803710938,139380400.0
2021-12-15,171.19404218690133,175.4858686850592,168.45665517933287,175.29034423828125,131063300.0
2021-12-16,175.27077720416733,177.08918279763162,166.93153397693786,168.4077606201172,150185800.0
2021-12-17,166.12987292514003,169.59071677301714,165.89524955752734,167.3128204345703,195432700.0
2021-12-20,164.51676029378936,166.76532847471316,163.71510567618958,165.95388793945312,107499100.0
2021-12-21,167.72340078083394,169.3267248588515,165.33796412188073,169.12142944335938,91185900.0
2021-12-22,169.1703411922784,171.92728536537462,168.30024464668514,171.7122039794922,92135300.0
2021-12-23,171.91751377429944,172.8951510094844,171.35048238778492,172.337890625,68356600.0
2021-12-27,173.12973764737882,176.38527073958,173.11019564746687,176.2972869873047,74919600.0
2021-12-28,176.1311025117923,177.2749361221624,174.5375492742612,175.28054809570312,79144300.0
2021-12-29,175.31964543980357,176.59057652650236,174.1562550200767,175.3685302734375,62348900.0
2021-12-30,175.4565079119385,176.53191454419968,174.10736412193012,174.21490478515625,59773000.0
2021-12-31,174.1073747963206,175.22188041192248,173.29593427269404,173.59901428222656,64062300.0
2022-01-03,173.85318194367048,178.7902515625947,173.73587028238754,177.939697265625,104487900.0
2022-01-04,178.5458346271631,178.84889968411812,175.1143195069881,175.6813507080078,99310400.0
2022-01-05,175.5934060632604,176.14088047095728,170.7345483186125,171.00828552246094,94537600.0
2022-01-06,168.83792269234627,171.3797850968752,167.80162976232634,168.15357971191406,96904000.0
2022-01-07,169.02369367342152,170.24574016447164,167.20528789803654,168.31979370117188,86709100.0
2022-01-10,165.2988731483881,168.64239004792708,164.40921985835627,168.33932495117188,106765600.0
2022-01-11,168.46643037323963,171.26245812752686,166.99997473942338,171.16470336914062,76138300.0
2022-01-12,172.18144710369126,173.21774007794218,170.91053076473975,171.60464477539062,74805200.0
2022-01-13,171.8490383580425,172.6702498945838,167.94826118313497,168.33932495117188,84505800.0
2022-01-14,167.508353425533,169.8937905683483,167.2639441267619,169.19967651367188,80440800.0
2022-01-18,167.6745127192973,168.68147761318977,165.62148401611884,166.0027618408203,90956700.0
2022-01-19,166.19829964047344,167.25414945182573,162.22909557704548,162.51260375976562,94815000.0
2022-01-20,163.24581922868165,165.8854360990158,160.50843269303434,160.8310546875,91420500.0
2022-01-21,160.74307541554964,162.61036568511253,158.67048972769118,158.7780303955078,122848900.0
2022-01-24,156.44152655886694,158.6705384327714,151.2404889080489,158.0057373046875,162294600.0
2022-01-25,155.42470514878522,159.12017131763488,153.50854524070638,156.20681762695312,115798400.0
2022-01-26,159.84369205931444,160.71378862428045,154.2907195812304,156.118896484375,108275300.0
2022-01-27,158.8171416631375,160.1760566161972,154.74039680395836,155.6593780517578,121954600.0
2022-01-28,162.0042414218655,166.5404767176366,159.1593140383979,166.5209197998047,179935700.0
2022-01-31,166.3547651867335,171.08652609979308,165.71929199639752,170.87144470214844,115541600.0
2022-02-01,170.1186272242385,170.93006781127377,168.45664712970438,170.70521545410156,86213900.0
2022-02-02,170.84204842565634,171.94678289724823,169.45380581653876,171.9076690673828,84914300.0
2022-02-03,170.57813105955574,172.29878204430065,168.27090671710556,169.03346252441406,89418100.0
2022-02-04,168.05460511567154,170.4235148216532,167.07572223889366,168.74961853027344,82465400.0
2022-02-07,169.20967525085985,170.27665387927516,167.3400055860888,168.03501892089844,77251200.0
2022-02-08,168.10351922686326,171.64708470161528,167.8098514342005,171.1380615234375,74829200.0
2022-02-09,172.33232573026677,172.91964646810396,171.2066015104205,172.55746459960938,71285000.0
2022-02-10,170.46260694632986,171.77430598076174,167.92730472233933,168.48526000976562,90865900.0
2022-02-11,168.690860750742,169.4250227899619,164.4914455219278,165.0787811279297,98670700.0
2022-02-14,163.83558309476697,165.99892030677,163.04269054419584,165.31370544433594,86185500.0
2022-02-15,167.35956986279012,169.29775335068365,166.65477315145358,169.14112854003906,62527400.0
2022-02-16,168.2210197498066,169.67954560224584,166.45902767436223,168.90623474121094,61177400.0
2022-02-17,167.4182971510757,168.27971865617212,164.91235997613748,165.31370544433594,69589300.0
2022-02-18,166.23384762062662,166.93862933962222,162.68049906023276,163.76705932617188,82772700.0
2022-02-22,161.49605730830203,163.16995323151656,158.72581758393332,160.85000610351562,91162800.0
2022-02-23,162.04423283731927,162.6413518716535,156.37650867254357,156.68975830078125,90009200.0
2022-02-24,149.35790916683425,159.4110376690062,148.79015546543386,159.30335998535156,141147500.0
2022-02-25,160.38013909716133,161.6331077669388,157.47285626304333,161.3688201904297,91974200.0
2022-02-28,159.6166064975814,161.9267702066246,158.99990563300975,161.6331024169922,95056600.0
2022-03-01,161.2219862371019,163.08187242749526,158.54964050687724,159.753662109375,83474400.0
2022-03-02,160.9185355637426,163.82581854222389,159.5089420061074,163.04270935058594,79724800.0
2022-03-03,164.91236813214016,165.34307890598984,162.0540324670775,162.71966552734375,76678400.0
2022-03-04,161.01643666085187,162.05405003585454,158.67690737340956,159.72430419921875,83737200.0
2022-03-07,159.91028134097652,161.5352302369313,155.68150083148916,155.93601989746094,96418800.0
2022-03-08,155.4661275372027,159.4403881412621,152.50989817230385,154.11526489257812,131148300.0
2022-03-09,158.06996768709067,159.95921898709753,156.04368834876885,159.50892639160156,91454900.0
2022-03-10,156.81698565051138,157.00297572975708,152.68609998585092,155.17247009277344,105342000.0
2022-03-11,155.57379764949783,155.91641251914996,151.23735509056115,151.46249389648438,96970100.0
2022-03-14,148.25174424641173,150.86535859871933,146.93026189923282,147.43927001953125,108732100.0
2022-03-15,147.71337523300835,152.28477002224423,147.2043670461277,151.8148956298828,92964300.0
2022-03-16,153.73350876565036,156.62120932527256,151.19820652447248,156.21986389160156,102300200.0
2022-03-17,155.2605702418383,157.60009906528276,154.30126947324382,157.22811889648438,75615400.0
2022-03-18,157.12039747981865,161.00656152654207,156.38623573199774,160.51712036132812,123511700.0
2022-03-21,160.05709828830467,162.83713639325782,159.56765695852218,161.8876190185547,95811400.0
2022-03-22,162.01484532225444,165.8422796739602,161.42752475473955,165.2549591064453,81532000.0
2022-03-23,164.44251031244588,168.99430889731204,164.1096788423283,166.61563110351562,98062700.0
2022-03-24,167.44765777264146,170.46261801995993,166.61561651162776,170.39410400390625,90131400.0
2022-03-25,170.20812239603873,171.57855215101324,169.1019802060181,171.03038024902344,80546200.0
2022-03-28,168.53417977607376,172.0189987045939,168.36777156168486,171.89175415039062,90371900.0
2022-03-29,172.95879441578631,175.22979461470234,172.61617948078282,175.1808624267578,100589400.0
2022-03-30,174.77948791199498,175.8171010585222,172.96854916161706,174.01596069335938,92633200.0
2022-03-31,174.08448573079536,174.27047582290578,170.7171270473916,170.92269897460938,103049300.0
2022-04-01,170.35494237968112,171.18699858724577,168.30908127405286,170.6290283203125,78751300.0
2022-04-04,170.88352814533914,174.72074581921223,170.75626863844195,174.6717987060547,76468400.0
2022-04-05,173.75165021722813,174.53475923368862,170.7366902126206,171.36317443847656,73401800.0
2022-04-06,168.7202226513366,169.9634078617043,166.537318414103,168.201416015625,89058800.0
2022-04-07,167.545506001281,169.69904417613506,166.26317251729535,168.5048065185547,77594700.0
2022-04-08,168.15246782773184,168.15246782773184,165.62694868711696,166.49815368652344,76575500.0
2022-04-11,165.14730089465874,165.4605355802755,162.00508096962494,162.2498016357422,72246700.0
2022-04-12,164.4718899777678,166.2828141709391,163.12102695263263,164.11949157714844,79265200.0
2022-04-13,163.8551587010773,167.42807423573976,163.24825626550125,166.8015899658203,70618900.0
2022-04-14,167.0169298477089,167.653212444084,161.55476362429968,161.7994842529297,75329400.0
2022-04-18,160.45844346214486,163.08185675186522,160.11584349387897,161.58416748046875,69023900.0
2022-04-19,161.53522902332887,164.27610359926777,160.44866861751814,163.86495971679688,67723800.0
2022-04-20,165.19622127922986,165.31369734743882,162.59240492951264,163.6985321044922,67929800.0
2022-04-21,165.343047199771,167.9077145784473,162.4063996901802,162.90562438964844,87227800.0
2022-04-22,162.94482378114378,164.3250370614869,158.08955892864606,158.37342834472656,84882400.0
2022-04-25,157.71758646013552,159.72429911751857,155.11376965466397,159.4404296875,96046400.0
2022-04-26,158.8236916294158,158.91178747297153,153.41047239469103,153.48878479003906,95623200.0
2022-04-27,152.61759051221244,156.41564486229873,152.0987839265491,153.26365661621094,88063200.0
2022-04-28,155.88707729102597,161.04579354437072,155.57382764277364,160.1843719482422,130216800.0
2022-04-29,158.42236732431553,162.69029635210208,153.92929946524063,154.3208465576172,131747600.0
2022-05-02,153.40069487713816,154.88858563658798,150.0333364297974,154.62429809570312,123055300.0
2022-05-03,154.81029731534235,157.31624964341847,153.01895506893698,156.11221313476562,88966500.0
2022-05-04,156.29820309411934,162.96439206944154,155.89685759161674,162.5141143798828,108256500.0
2022-05-05,160.38993331507154,160.61507214954577,151.67786848905013,153.45944213867188,130525300.0
2022-05-06,152.93984857664353,156.30235682996496,151.1458596477854,154.1848602294922,116124600.0
2022-05-09,151.8810971374127,152.7633948486293,148.50880608897836,149.0675811767578,131577900.0
2022-05-10,152.45954000160515,153.65553292727364,149.92049701176046,151.4694061279297,115366700.0
2022-05-11,150.47921836254133,152.39084062039686,142.94055024144134,143.61697387695312,142689800.0
2022-05-12,139.96040581157675,143.3228989996902,136.06853101088905,139.75453186035156,182602000.0
2022-05-13,141.74458368466105,145.18551933414366,140.29371306035543,144.21499633789062,113990900.0
2022-05-16,142.68570084334092,144.61693408926746,141.34265112461745,142.67588806152344,86643800.0
2022-05-17,145.9305738468132,146.8226694807634,143.7934664467187,146.3031005859375,78336300.0
2022-05-18,143.96016331731076,144.46012170643934,137.14691952570857,138.048828125,109742900.0
2022-05-19,137.12729010884627,138.87226008655338,133.91183880440775,134.64707946777344,136095600.0
2022-05-20,136.3528361484188,137.93115346240322,130.00036063657,134.88235473632812,137426100.0
2022-05-23,135.07844644083437,140.4408043980461,134.94120207638255,140.29376220703125,117726300.0
2022-05-24,138.03901137531423,139.176187438702,134.6274981436638,137.59786987304688,104132700.0
2022-05-25,135.7058176181396,138.99969650386015,135.61759232548434,137.75469970703125,92482700.0
2022-05-26,134.68628135538745,141.49950829001511,134.44120114221013,140.95053100585938,90601500.0
2022-05-27,142.5288422380691,146.73441193920726,142.4013957458045,146.69520568847656,90978500.0
2022-05-31,146.13644955191023,147.69515625482543,143.95032308788612,145.9109649658203,103718400.0
2022-06-01,146.95007745203338,148.753879037452,144.77376414576858,145.78350830078125,74286600.0
2022-06-02,144.92085472708317,148.29316134885798,143.96994216366954,148.23434448242188,72348100.0
2022-06-03,144.00910439920688,145.05805472503135,141.61713446378366,142.51902770996094,88570300.0
2022-06-06,144.13655344098794,145.64625571792195,142.04846553260185,143.26406860351562,71598400.0
2022-06-07,141.5093091448792,146.06779474236185,141.26422895235845,145.78350830078125,67808200.0
2022-06-08,145.6560729457736,146.9206802540853,144.55811838609154,145.04827880859375,53950200.0
2022-06-09,144.18560463111925,145.0384790561678,139.72514139394366,139.83297729492188,69473000.0
2022-06-10,137.51940103001422,137.98995082700978,134.36276684809005,134.431396484375,91437900.0
2022-06-13,130.2552678975913,132.53941799813305,128.85341581720851,129.28475952148438,122207100.0
2022-06-14,130.51008291043752,131.25512116222714,128.89254498690727,130.14735412597656,84784300.0
2022-06-15,131.6472513597461,134.63723228518424,129.55917858108418,132.7648162841797,91533000.0
2022-06-16,129.48080196283757,129.78469908531477,126.50061768881059,127.50054931640625,108123900.0
2022-06-17,127.51036998343507,130.46113104749855,127.25547692933145,128.97103881835938,134520300.0
2022-06-21,130.7943992837295,134.36276639582726,130.6963761788774,133.19618225097656,81000500.0
2022-06-22,132.1374244527046,135.04897821391006,131.2747523831488,132.68641662597656,73409200.0
2022-06-23,134.1275334387869,135.86269092971577,132.96094899420544,135.5489959716797,72433800.0
2022-06-24,137.1468641014651,139.1173183416044,137.01943257838917,138.8722381591797,89116800.0
2022-06-27,139.8917651363233,140.66622688954945,138.19581446232633,138.8722381591797,70207900.0
2022-06-28,139.3329816038879,140.59758868635495,134.6176415748851,134.7352752685547,67083400.0
2022-06-29,134.75492447437682,137.90174634957765,133.98046254650382,136.49008178710938,66242400.0
2022-06-30,134.54906419941244,135.6470189893978,131.13755113159218,134.0294952392578,98964500.0
2022-07-01,133.36288679146008,136.30385033247464,132.99037491472117,136.19601440429688,71051600.0
2022-07-05,135.05879144662464,138.82321946775843,134.23531066321448,138.77420043945312,73353800.0
2022-07-06,138.56835645511603,141.28383440664965,138.30366564043456,140.10745239257812,74064300.0
2022-07-07,140.47019110271424,143.66604717243726,140.4603932776671,143.46998596191406,66253700.0
2022-07-08,142.40142264422443,144.64636610420064,142.1465445700594,144.14639282226562,64547800.0
2022-07-11,142.80336382609462,143.75427642973983,140.95055766241197,142.01910400390625,63141600.0
2022-07-12,142.89158593841137,145.52865186539117,142.19556639366533,142.9896240234375,77588800.0
2022-07-13,140.17610485424197,143.56800712971256,139.3232154144063,142.6269073486328,71185600.0
2022-07-14,141.24462523992875,146.0187828364424,140.43095716603992,145.54823303222656,78140700.0
2022-07-15,146.8324886136038,147.89123716383364,145.28357952855526,147.21481323242188,76259900.0
2022-07-18,147.77358792071823,148.58725611818477,143.8130828380742,144.17581176757812,81420900.0
2022-07-19,145.00900764885628,148.25386613474956,144.01888932151695,148.0283966064453,82982400.0
2022-07-20,148.14609070693865,150.6949310490213,147.41085002655058,150.02830505371094,64823400.0
2022-07-21,151.45958316742,152.50853373902038,148.94996398855773,152.29286193847656,65086600.0
2022-07-22,152.33206789895848,153.20455292364784,150.3910366563313,151.05764770507812,66675400.0
2022-07-25,150.97921649648936,151.9889458272938,149.28326552705713,149.94007873535156,53623900.0
2022-07-26,149.26366918886245,150.07733740905365,147.8324089141252,148.61666870117188,55138700.0
2022-07-27,149.57734107239523,154.2338646113094,149.1656081545016,153.70448303222656,78620700.0
2022-07-28,153.89078059336344,154.53779601902812,151.37136349671525,154.25350952148438,81378700.0
2022-07-29,158.06696899861157,160.4099356728857,156.36120501340108,159.3119659423828,101786900.0
2022-08-01,157.84145882480365,160.3706884793457,157.72382510643268,158.3316192626953,67829400.0
2022-08-02,156.94938527079637,159.21392420256825,156.48863324172908,156.86114501953125,59907000.0
2022-08-03,157.67482654904526,163.31167231688755,157.58660124880873,162.86073303222656,82507500.0
2022-08-04,162.74302769340886,163.89981385284887,161.19411925261988,162.54696655273438,55474100.0
2022-08-05,160.22042780912037,162.81206933981917,160.01426786699392,162.32122802734375,56697000.0
2022-08-08,163.32254540690658,164.7361708864107,161.19229575323052,161.8500213623047,60276900.0
2022-08-09,161.01557009848563,162.78260161908204,160.2596703687026,161.89907836914062,63135500.0
2022-08-10,164.60854654925055,166.23814341245296,163.8428352480907,166.13998413085938,70170500.0
2022-08-11,166.9449356294848,167.85790820975464,165.10919401506573,165.40370178222656,57149200.0
2022-08-12,166.70935086886797,169.01629605421468,166.29703098384923,168.9475860595703,68039400.0
2022-08-15,168.37818541775778,170.21392688656005,168.21130119143814,170.01759338378906,54091700.0
2022-08-16,169.61514449782814,170.52811724537264,168.51566461022102,169.86056518554688,56377100.0
2022-08-17,169.6052979143018,172.92337473871223,169.40896440067246,171.35269165039062,79542000.0
2022-08-18,170.56737014082248,171.69629926083016,169.9489052427666,170.9600372314453,62290100.0
2022-08-19,169.86055507755876,170.55755638009072,168.17205964818893,168.3782196044922,70346300.0
2022-08-22,166.58171149389958,166.74859572706774,164.0784180378036,164.50054931640625,69026800.0
2022-08-23,164.01956265497435,165.61971039901564,163.59743126526018,164.16680908203125,54147100.0
2022-08-24,164.25514348994625,165.03066617037743,163.2047358944321,164.46128845214844,53841500.0
2022-08-25,165.68839353539587,167.0234825149317,165.26627719342727,166.91549682617188,51218200.0
2022-08-26,167.44561591056575,167.91681938586046,160.56401098389765,160.62290954589844,78961000.0
2022-08-29,158.19815240165843,159.91609703205498,156.89252766433086,158.4239501953125,73314000.0
2022-08-30,159.1602417064485,159.58235813245375,154.83101683968195,155.9992218017578,77906200.0
2022-08-31,157.3735291899389,157.63858767600124,154.2615972644816,154.3401336669922,87991100.0
2022-09-01,153.77074600824523,155.51813965771387,151.83683028732437,155.0665740966797,74229900.0
2022-09-02,156.8237793213389,157.42260624530542,152.1313381712874,152.95594787597656,76957800.0
2022-09-06,153.60389928231007,154.21253778677115,150.87482246778544,151.69943237304688,73714800.0
2022-09-07,151.9841232844313,153.80022729759784,150.79628062278962,153.10324096679688,87449600.0
2022-09-08,151.80738719524012,153.49588236025656,149.88328282837716,151.6306915283203,84923800.0
2022-09-09,152.62219009337275,154.92915012061422,151.91537744584716,154.4873809814453,68028800.0
2022-09-12,156.66672837890903,161.25118449428555,156.38204700518378,160.43638610839844,104956000.0
2022-09-13,156.9710748828432,157.59935128029267,150.56068735003652,151.02207946777344,122656600.0
2022-09-14,151.95463927472932,154.22233860679495,150.79626102566698,152.46511840820312,87965400.0
2022-09-15,151.81721471946022,152.3964188629796,148.60712326254628,149.5789794921875,90481100.0
2022-09-16,148.44021232229758,148.5776472684102,145.65222273370736,147.93954467773438,162278800.0
2022-09-19,146.57504690151106,151.7288812650201,146.368901915373,151.6503448486328,81474200.0
2022-09-20,150.5900968013731,155.1843789131033,150.2759661753886,154.02598571777344,107689800.0
2022-09-21,154.45795295017905,155.8323177224437,150.78646922639234,150.90426635742188,101696800.0
2022-09-22,149.588778163199,151.64049091114813,148.1457037475465,149.9421844482422,86652500.0
2022-09-23,148.42058784002563,148.6954577569954,145.83875792782328,147.67449951171875,96029900.0
2022-09-26,146.91861726875362,150.95333323742267,146.8989794231201,148.00828552246094,93339400.0
2022-09-27,149.9421927062511,151.88591989139582,147.20329010150107,148.98013305664062,84442700.0
2022-09-28,144.93562286555536,147.8806707549768,142.1869085062377,147.09532165527344,146691400.0
2022-09-29,143.42383363893248,144.03247205665744,138.1031007730531,139.87013244628906,128138200.0
2022-09-30,138.69214875072967,140.4788186878684,135.4722302730186,135.66856384277344,124925300.0
2022-10-03,135.67837316238783,140.44935170481597,135.16789396191245,139.8406982421875,114311700.0
2022-10-04,142.37343574191996,143.5416405102459,141.61753589548164,143.42384338378906,87830100.0
2022-10-05,141.43100052371705,144.6803670999918,140.39040452379436,143.7183074951172,79471000.0
2022-10-06,143.13912691743977,144.8374334955695,142.5599378213271,142.76608276367188,68402200.0
2022-10-07,139.9290453992253,140.47880029356153,136.8956494527264,137.52392578125,85925600.0
2022-10-10,137.84788513183594,139.29095992216133,136.03178109548642,137.84788513183594,74899000.0
2022-10-11,137.33738075448184,138.76083241469453,135.68816128454225,136.43423461914062,77033700.0
2022-10-12,136.58152223774053,137.78898779453903,135.62928879673916,135.8059844970703,70433700.0
2022-10-13,132.5173140288845,140.95977377434966,131.90866074826354,140.3707733154297,113224000.0
2022-10-14,141.66661609125816,141.87277603175662,135.65872326737428,135.84524536132812,88598000.0
2022-10-17,138.48597103526853,140.282437004532,137.7006219624551,139.80142211914062,85250900.0
2022-10-18,142.825015544548,144.0128431743189,138.03439937209953,141.11688232421875,99136600.0
2022-10-19,139.09463421767856,142.2949146585481,138.9081120945048,141.22488403320312,61758300.0
2022-10-20,140.40025572638473,143.21768011702426,140.0370229627389,140.7634735107422,64522000.0
2022-10-21,140.25296085326963,145.14175003074126,140.0369895251427,144.57237243652344,86548600.0
2022-10-24,144.493896124247,147.47820529483582,143.32569117619283,146.71249389648438,75981900.0
2022-10-25,147.3407290522299,149.69677613929844,146.62410499116672,149.5495147705078,74732300.0
2022-10-26,148.19479776463467,149.20592954793565,145.32827166402765,146.61428833007812,88194300.0
2022-10-27,145.35775035197634,146.31979510961392,141.48991849585923,142.14764404296875,109180200.0
2022-10-28,145.4853576495381,154.61500878306214,145.11232844918345,152.8872528076172,164762400.0
2022-10-31,150.3545390298714,151.41475823578028,149.13724698324478,150.53123474121094,97943200.0
2022-11-01,152.2393339638939,152.60255171953904,146.3983256985316,147.89047241210938,80379300.0
2022-11-02,146.22162239502856,149.3826416112209,142.34397906464244,142.37342834472656,93604600.0
2022-11-03,139.45783369878677,140.1842842462697,136.2084665510831,136.33609008789062,97918500.0
2022-11-04,139.71867839937045,140.28900066971147,132.13735779737468,136.0706024169922,140814800.0
2022-11-07,134.82178704829124,136.8277351131925,133.40581664759068,136.60157775878906,83374600.0
2022-11-08,138.06673762400212,139.0697043062685,135.19547054516553,137.1719207763672,89908500.0
2022-11-09,136.18856411022261,136.23773265765962,132.34381476431366,132.619140625,74917800.0
2022-11-10,138.88288280173376,144.41891479492188,137.17191586897493,144.41891479492188,118854000.0
2022-11-11,143.38645323831483,147.5065147597333,141.96063992686575,147.20169067382812,93979700.0
2022-11-14,146.4838152410922,147.77195002505474,144.96950816372413,145.80532836914062,73374100.0
2022-11-15,149.67962155098414,151.02675299903876,146.0806992107757,147.53599548339844,89868300.0
2022-11-16,146.6411608430867,147.36880131400713,144.83185736513215,146.30682373046875,64218300.0
2022-11-17,143.98623783804743,148.95196191687904,143.71091192910288,148.20465087890625,80389400.0
2022-11-18,149.76811828911318,150.15160903599656,147.46717380781297,148.76513671875,74829600.0
2022-11-21,147.65399909356225,147.8604860232478,145.2547175972566,145.5398712158203,58724100.0
2022-11-22,145.65788443814483,147.909660354169,144.47789906303868,147.6736602783203,51804100.0
2022-11-23,146.95580851480625,149.2960932184856,146.84764371747318,148.5487823486328,58301400.0
2022-11-25,145.8348427804778,146.3953372169929,144.66470036386627,145.63818359375,35195900.0
2022-11-28,142.71773929408752,144.19270560138654,140.98711756167793,141.81309509277344,69246000.0
2022-11-29,141.88192051073784,142.39324637035057,138.00768824052855,138.81399536132812,83763800.0
2022-11-30,139.0401533008067,146.23799618945276,138.20434805005414,145.55950927734375,111380900.0
2022-12-01,145.73656252403373,146.64120704597443,144.16325857031342,145.8348846435547,71250400.0
2022-12-02,143.52411441944975,145.53006273642814,143.21927533321448,145.34323120117188,65447400.0
2022-12-05,145.30386574755366,148.40128929094377,143.3372438141924,144.18289184570312,68826400.0
2022-12-06,144.61557170242608,144.8417290558683,139.55151049910586,140.52499389648438,64727200.0
2022-12-07,139.8170142991394,140.97731424983792,137.66356048798676,138.58787536621094,69721100.0
2022-12-08,139.98417924727298,141.12482380942538,138.7452125702619,140.2693328857422,62128300.0
2022-12-09,139.9645101732408,143.14061609699272,138.5485396692002,139.7875213623047,76097000.0
2022-12-12,140.3184631007223,142.08842573001988,138.70583381716978,142.07859802246094,70462700.0
2022-12-13,147.00500937638787,147.4671667934874,141.83279839446703,143.04226684570312,93886200.0
2022-12-14,142.9242927483946,144.2124280542218,138.80421630941913,140.82000732421875,82291200.0
2022-12-15,138.75505030022137,139.43353745953314,133.7598273780729,134.22198486328125,98931900.0
2022-12-16,134.4087776749108,135.35274779526193,131.49817062820333,132.26515197753906,160156900.0
2022-12-19,132.85516655290323,132.94366095306307,129.12842399506934,130.160888671875,79592600.0
2022-12-20,129.19725476241064,131.02621414919912,127.72228799900502,130.09207153320312,77432800.0
2022-12-21,130.76068907847488,134.52677190815584,130.53453175568677,133.18946838378906,85928000.0
2022-12-22,132.10785363301125,132.31434056379908,128.12544063659777,130.02322387695312,77852100.0
2022-12-23,128.73507853958517,130.21004508793624,127.47644161865645,129.65939331054688,63814900.0
2022-12-27,129.1874232542848,129.2169213883547,126.57181200307966,127.85994720458984,69007800.0
2022-12-28,127.505939784758,128.8432433891337,123.76936236246999,123.9365234375,85438400.0
2022-12-29,125.8539710621533,128.30241331797103,125.59831560715067,127.44693756103516,75703700.0
2022-12-30,126.26697469654857,127.78126710171549,125.30332657301084,127.7615966796875,77034200.0
2023-01-03,128.10578526507297,128.7154334235932,122.09775307676175,122.98273468017578,112117500.0
2023-01-04,124.77233620258212,126.51280092971427,122.9925456360047,124.25118255615234,89113600.0
2023-01-05,125.00832719533365,125.63764564758301,122.67788488068354,122.93354034423828,80962700.0
2023-01-06,123.907033324828,128.115596113896,122.80572219640975,127.45677947998047,87754700.0
2023-01-09,128.29258725392592,131.18352399196448,127.72226507394718,127.97792053222656,70790800.0
2023-01-10,128.08609090104719,129.06940194282927,125.98180587179891,128.54824829101562,63896200.0
2023-01-11,129.0595847172529,131.28186245070447,128.28277553296553,131.26220703125,69458900.0
2023-01-12,131.64565949039473,132.01930740516633,129.24637865052426,131.18350219726562,71379600.0
2023-01-13,129.8265664212103,132.6683349676498,129.46274610687883,132.51100158691406,57809700.0
2023-01-17,132.5798345273993,134.99877137842552,131.89151977321038,133.6713104248047,63646600.0
2023-01-18,134.53662257229425,136.29674271738915,132.7764874230637,132.9534912109375,69672800.0
2023-01-19,131.84232408727254,133.97610688822573,131.53750011629828,133.01246643066406,58280400.0
2023-01-20,133.02233471040634,135.71661273457056,131.98002726434026,135.56910705566406,80223600.0
2023-01-23,135.81492969380113,140.92815961902411,135.59860004292767,138.75503540039062,81760300.0
2023-01-24,137.9683697007518,140.77081216801105,137.95854199183503,140.1513214111328,66435100.0
2023-01-25,138.5386646946517,140.05295679787986,136.49337633149537,139.4924774169922,65799300.0
2023-01-26,140.78064047196506,141.8426182007582,139.53183124401355,141.55746459960938,54105100.0
2023-01-27,140.77080718806803,144.77287517943125,140.69214050710963,143.49456787109375,70555800.0
2023-01-30,142.54079133466578,143.12094131391822,140.46600420175812,140.61349487304688,64015300.0
2023-01-31,140.31848180314623,141.93111130163894,139.9054929686203,141.88194274902344,65874500.0
2023-02-01,141.56730384751015,144.16324461699494,138.961535368266,143.0029296875,77663600.0
2023-02-02,146.41500811186492,148.65695608667727,145.69719525256042,148.302978515625,118339000.0
2023-02-03,145.5595309829737,154.75349514117664,145.36287177724367,151.9215545654297,154357300.0
2023-02-06,150.02377712562708,150.54493079230497,148.26364190831887,149.19778442382812,69858300.0
2023-02-07,148.12598902287087,152.63938353904294,148.12598902287087,152.06906127929688,83322600.0
2023-02-08,151.31187838719524,152.0001929813135,148.64709938209035,149.38458251953125,64120100.0
2023-02-09,151.21355015828513,151.75437415824857,147.90962490884843,148.35211181640625,56007100.0
2023-02-10,147.19009004770194,149.04152741969745,146.95372962642622,148.71653747558594,57450700.0
2023-02-13,148.65744714640496,151.91717418893083,148.62790397291747,151.51341247558594,62199000.0
2023-02-14,149.80967642706798,151.4346261088162,148.568818055862,150.87327575683594,61707600.0
2023-02-15,150.78463194852628,153.13833305811258,150.5581292969133,152.97091674804688,65573800.0
2023-02-16,151.17854429955682,153.95572244720177,151.02098573800205,151.37551879882812,68167900.0
2023-02-17,150.03619479649413,150.6763169294936,148.55897600306773,150.233154296875,59144100.0
2023-02-21,147.91882364629484,149.00212332766463,146.15601601247863,146.22494506835938,58867200.0
2023-02-22,146.60900607426132,147.67260518894304,144.92498541296462,146.64840698242188,51011300.0
2023-02-23,147.8105044744373,148.05670759936388,145.00379786650186,147.1309814453125,48394200.0
2023-02-24,144.87576101262292,144.9545478123535,143.50687229977612,144.48184204101562,55469600.0
2023-02-27,145.46661399464756,146.90443136502208,145.21055321005713,145.6734161376953,44998500.0
2023-02-28,144.8166705381309,146.8158385647427,144.6000106018143,145.17120361328125,50547000.0
2023-03-01,144.59999202590106,144.99391093566584,142.80762642427203,143.1030731201172,55479000.0
2023-03-02,142.1872382713636,144.48185327566276,141.7145174362223,143.69400024414062,52238100.0
2023-03-03,145.79162671403117,148.81500811176437,145.09241829817535,148.73622131347656,70732300.0
2023-03-06,151.4542972077173,153.92618602775224,151.1293223291666,151.4936981201172,87558000.0
2023-03-07,151.3656431408717,151.69063299374776,148.83468341689917,149.29754638671875,56182000.0
2023-03-08,150.48919246419973,151.13917230662574,149.52408044265695,150.54827880859375,47204800.0
2023-03-09,151.22778082054958,152.19289270805663,147.9483539187185,148.30288696289062,53833600.0
2023-03-10,147.92868001277867,148.64758887079853,145.36816171354923,146.24464416503906,68572400.0
2023-03-13,145.56511831219402,150.81417020284252,145.4567883472071,148.18472290039062,84457100.0
2023-03-14,148.98240499263105,151.07020228030825,147.82033368029548,150.2725067138672,73695900.0
2023-03-15,148.8937927615987,150.92250395033966,147.64307677577528,150.6664581298828,77167900.0
2023-03-16,149.84907174243986,154.08376844517147,149.33696504123728,153.4830322265625,76161100.0
2023-03-17,153.70951897971963,154.35949876084172,151.93685367986137,152.6459197998047,98944600.0
2023-03-20,152.71487589238697,155.42311016638172,151.80883520237765,155.0094757080078,73641400.0
2023-03-21,154.93072241220443,156.97911935630492,154.16255477435743,156.86094665527344,73938300.0
2023-03-22,156.88062840402722,159.67749219321786,155.41325242402124,155.43295288085938,75701800.0
2023-03-23,156.41776312286146,159.0964541870748,155.28521978995877,156.5162353515625,67622100.0
2023-03-24,156.44728881765926,157.90480687220796,155.45263376473136,157.81617736816406,59196500.0
2023-03-27,157.5109061704178,158.32830230982592,155.47233717929535,155.87611389160156,52390300.0
2023-03-28,155.57080817581272,156.08291480553032,153.61102618902072,155.2556610107422,45992200.0
2023-03-29,156.94957673019417,158.60406968566105,156.929891297985,158.3283233642578,51305700.0
2023-03-30,159.07676882534926,160.0024950198449,158.8207229739758,159.8941650390625,49501700.0
2023-03-31,159.9729235769942,162.4940408365555,159.45097422374334,162.3955535888672,68749800.0
2023-04-03,161.77514833228696,163.76445869825218,161.7259047034759,163.6462860107422,56976200.0
2023-04-04,164.06977129650792,164.3061166832112,162.60239523685718,163.114501953125,46278300.0
2023-04-05,162.2379998945446,162.54328933366952,159.34264903941414,161.2728729248047,51511700.0
2023-04-06,159.96306777674639,162.45465692468338,159.5396056660462,162.15921020507812,45390100.0
2023-04-10,158.96841666370352,159.56915283203125,157.64877164706385,159.56915283203125,47716900.0
2023-04-11,159.88432686993428,159.89416958590462,158.07226031922266,158.3578643798828,47644200.0
2023-04-12,158.77145737665472,159.59869619161648,157.35332510698044,157.66847229003906,50133100.0
2023-04-13,159.17521196081944,163.28187732223762,158.96839477228292,163.04551696777344,68445600.0
2023-04-14,162.09025757823102,163.79399372639534,161.33196290458474,162.7008514404297,49386500.0
2023-04-17,162.58269264644778,162.87813940299813,161.53879379674336,162.72056579589844,41516200.0
2023-04-18,163.57736611842117,164.86746811951792,163.13418846133288,163.94174194335938,49923000.0
2023-04-19,163.28189796071484,165.60605581206516,163.0258371209191,165.0841064453125,47720200.0
2023-04-20,163.56748026442403,165.3204450523275,163.04553091898333,164.1189727783203,52456400.0
2023-04-21,162.54330660065614,163.92203809382642,161.99181400338804,162.51376342773438,58337300.0
2023-04-24,162.49405610505224,163.0849495926161,161.40091367199096,162.8190460205078,41949600.0
2023-04-25,162.68116189989732,163.78414697340926,161.24332919160244,161.28273010253906,48714100.0
2023-04-26,160.58350725145092,162.76979197769046,160.32746143764658,161.2728729248047,45498800.0
2023-04-27,162.6811671878293,165.9999802574992,162.6811671878293,165.85226440429688,64902300.0
2023-04-28,165.9310218332577,167.27036709773776,165.33028575815172,167.10293579101562,55275900.0
2023-05-01,166.70905380019818,167.86128258741087,166.07877442017465,167.01434326171875,52472900.0
2023-05-02,167.50673256610264,167.76279339985444,164.99545801480568,165.9802703857422,48425700.0
2023-05-03,166.92568277045305,168.3241144157863,164.62122562365215,164.9068145751953,65136000.0
2023-05-04,162.3857237588548,164.50306450874902,161.81453073644045,163.2720489501953,81235400.0
2023-05-05,168.38322333782398,171.65280778469676,168.1665634032941,170.93389892578125,113453200.0
2023-05-08,169.86043164324718,171.20963479482143,169.49605587870553,170.8649444580078,55962800.0
2023-05-09,170.42178299192224,170.90433143409618,168.99380806621033,169.16122436523438,45326900.0
2023-05-10,170.3922648627901,171.38692008917508,169.28926463206565,170.92405700683594,53724500.0
2023-05-11,171.20964753246403,171.93839911576495,169.5551548305296,171.1111602783203,49514700.0
2023-05-12,171.21962961924467,171.653548851867,168.6358569767775,170.1841583251953,45533100.0
2023-05-15,170.7659972586019,170.81530899814229,169.09935977781652,169.69107055664062,37266700.0
2023-05-16,169.61217478294208,170.74626955321972,169.42479920138675,169.69107055664062,42110300.0
2023-05-17,169.3360585337975,170.53917778241149,168.06388478776768,170.30250549316406,57951600.0
2023-05-18,170.60819152451643,172.81722786089622,170.19400003291315,172.62985229492188,65496700.0
2023-05-19,173.9513327998332,173.9513327998332,172.5213826746833,172.73834228515625,55809500.0
2023-05-22,171.57466634347682,172.2945846931845,171.0519949677244,171.7916259765625,43570900.0
2023-05-23,170.7364116817252,170.9829553293692,168.9119826700276,169.1881103515625,50747300.0
2023-05-24,168.7246024757336,170.03621645106807,168.16249079935005,169.4642333984375,45143500.0
2023-05-25,170.02634463618594,171.49573497151061,169.31629781123684,170.59832763671875,56058300.0
2023-05-26,170.92380920574092,173.33993425328168,170.71670589408566,173.00462341308594,54835000.0
2023-05-30,174.51347436884586,176.51540772383512,174.1288668535482,174.84877014160156,55964400.0
2023-05-31,174.87836477742368,176.8704419237823,174.31623796446905,174.79946899414062,99625300.0
2023-06-01,175.24321733975688,177.62975798334406,174.4838587106697,177.6001739501953,68901800.0
2023-06-02,178.52719900186148,179.26683000310032,176.7816656255451,178.44830322265625,61996900.0
2023-06-05,180.10507993454968,182.3929972823034,175.57852688511534,177.0972442626953,121946500.0
2023-06-06,177.4818328127375,177.62975297431,174.97694105936182,176.7323455810547,64848400.0
2023-06-07,175.97299569419778,178.70470351330488,174.8684849721747,175.361572265625,61944600.0
2023-06-08,175.44046308150416,178.33981894141047,175.0065588784877,178.0735626220703,50214900.0
2023-06-09,178.99068805786467,179.71059129506313,178.13272098000036,178.45816040039062,48900000.0
2023-06-12,178.76388932505995,181.34766218390052,178.468033910057,181.24903869628906,54274900.0
2023-06-13,180.272706433175,181.60403301510047,179.91768300176238,180.77565002441406,54929100.0
2023-06-14,180.83486192307942,181.84076439721946,179.5035350184376,181.40684509277344,57462900.0
2023-06-15,181.4166932611595,183.94129793003785,181.23917400121888,183.43833923339844,65433200.0
2023-06-16,184.14840773628853,184.40482280312972,181.72242626645283,182.36343383789062,101256200.0
2023-06-20,181.86043752572817,183.52707478677846,181.86043752572817,182.45213317871094,49799100.0
2023-06-21,182.34369383727915,182.84665255889604,180.06563271508736,181.4167022705078,49515700.0
2023-06-22,181.1997036995518,184.46393880857786,181.13066426325057,184.4146270751953,51245300.0
2023-06-23,182.98470820219737,184.96691381940127,182.45216546765664,184.0990753173828,53117000.0
2023-06-26,184.24700235631448,185.4501365723536,182.6691169769034,182.7085723876953,48088700.0
2023-06-27,183.31997931240525,185.78541559077308,183.10301971608257,185.45997619628906,50730800.0
2023-06-28,185.33178721386028,187.27455239917202,185.00636283468697,186.633544921875,51216800.0
2023-06-29,186.46591313429835,187.44223149955704,186.3278492789131,186.96885681152344,46347300.0
2023-06-30,188.98065447297634,191.79124321876165,188.61575961709715,191.28829956054688,85213200.0
2023-07-03,191.10092178559267,191.19954526937022,189.10884478636748,189.79917907714844,31458200.0
2023-07-05,188.92147125163748,190.311965971159,187.98459336367247,188.68478393554688,46920300.0
2023-07-06,187.21539208287066,189.36526064633148,186.5842409083175,189.1581573486328,45094300.0
2023-07-07,188.7636804868427,190.0062550438309,187.60985803081866,188.04376220703125,46815000.0
2023-07-10,186.6434031135775,187.36332142042107,184.4540942539423,186.0023956298828,59922200.0
2023-07-11,186.5447914459214,186.68285528837708,184.02018687082855,185.47972106933594,46638100.0
2023-07-12,187.0575799007695,189.04965668897157,185.864317131752,187.14634704589844,60750200.0
2023-07-13,187.8662603208446,188.54672319895087,187.15621340871894,187.90570068359375,41342300.0
2023-07-14,187.60001815586816,188.53688115718742,187.00832233558717,188.0536651611328,41616200.0
2023-07-17,189.24689758888442,191.63345333608896,189.15814548736353,191.30801391601562,50520200.0
2023-07-18,190.67688432979497,191.6433313227349,189.75973403360663,191.05162048339844,48288200.0
2023-07-19,190.4303301514657,195.48939585264796,189.9865395225249,192.40267944335938,80507300.0
2023-07-20,192.39277822300156,193.7537038386121,189.83858989767532,190.4598846435547,59581200.0
2023-07-21,191.41650251566858,192.2744696321092,188.5861710830146,189.28636169433594,71951700.0
2023-07-24,190.73603816687742,192.21530010696893,189.59207198839397,190.0851593017578,45377800.0
2023-07-25,190.65711599447494,191.75177028050072,190.25278084201756,190.94309997558594,37283200.0
2023-07-26,190.99241694846552,192.93518195125802,190.64726489612826,191.81094360351562,47471900.0
2023-07-27,193.3099676892758,194.4736466049838,189.88794029801272,190.54867553710938,47460200.0
2023-07-28,191.97860770429688,193.91151654263126,191.4559363697747,193.12257385253906,48291400.0
2023-07-31,193.3493708168966,193.7734336784224,192.560428204252,193.73397827148438,38824100.0
2023-08-01,193.52688862020202,194.0101044929012,192.58015448246934,192.9055938720703,35175100.0
2023-08-02,192.34352304314683,192.4815869108448,189.19763812575488,189.91754150390625,50389300.0
2023-08-03,188.92145636813592,189.7103839306254,188.05361799200307,188.5269775390625,61235200.0
2023-08-04,182.95513345446872,184.7894189873242,179.40489853673822,179.47393798828125,115956800.0
2023-08-07,179.6119861039443,180.59816071157974,174.89807268327345,176.37733459472656,97576100.0
2023-08-08,177.20574441802665,177.77772758258462,175.12491507972354,177.31422424316406,67823000.0
2023-08-09,178.3693964131728,178.42856448196,174.56276182695083,175.72645568847656,60378500.0
2023-08-10,176.99863993985085,178.2510860859084,175.14464164213348,175.509521484375,54686900.0
2023-08-11,175.10462674008653,176.3883728930982,174.34424265962002,175.56874084472656,52036700.0
2023-08-14,175.74649049543365,177.44500246999712,175.09473274674426,177.21788024902344,43675600.0
2023-08-15,176.64511288490613,177.2376075606865,174.83797474088598,175.23297119140625,43622600.0
2023-08-16,174.91699954220002,176.30937200366554,174.29486573787133,174.36399841308594,46964900.0
2023-08-17,174.92688028330798,175.29225282363015,171.31260330101006,171.82611083984375,66062900.0
2023-08-18,170.14735612669347,172.9123770667114,169.8116075662743,172.30999755859375,61172200.0
2023-08-21,172.88274314562352,173.92949746098708,171.56935789788312,173.6431121826172,46311900.0
2023-08-22,174.8478727981476,175.46012191641384,174.04799506153495,175.0157470703125,42038900.0
2023-08-23,176.28963972003098,179.2817827873095,176.10201110060572,178.85714721679688,52722800.0
2023-08-24,178.4127876208845,178.8374232276998,173.8110039705464,174.1763916015625,54945800.0
2023-08-25,175.16388093182096,176.91175631972774,173.62337343895007,176.37850952148438,51449600.0
2023-08-28,177.8400098200833,178.33376298082638,176.31925671498092,177.9387664794922,43820700.0
2023-08-29,177.45489519701718,182.5899254092932,177.25739693272806,181.81967163085938,53003900.0
2023-08-30,182.62942352828824,185.50307057198083,182.43192527543482,185.30555725097656,60813900.0
2023-08-31,185.4931879048022,186.75719481874472,185.13768501849643,185.52281188964844,60794500.0
2023-09-01,187.1225652663115,187.54718572230075,185.92767607044595,187.0929412841797,45766500.0
2023-09-05,185.92768366781115,187.6064413525269,185.26605625958229,187.32994079589844,45280000.0
2023-09-06,186.0462022000218,186.49059214043663,179.20278998997966,180.6248016357422,81755800.0
2023-09-07,172.99137409505227,175.98353252575788,171.37186410651492,175.34164428710938,112488800.0
2023-09-08,176.12176201867752,177.98814840122637,175.56874581023814,175.95387268066406,65551300.0
2023-09-11,177.82026144859472,178.0473836718388,175.1243584797436,177.11912536621094,58953100.0
2023-09-12,177.24749835360407,177.87950173703112,172.6358460753217,174.09735107421875,90370200.0
2023-09-13,174.30476112108144,175.0848996684252,171.80637096422893,172.03350830078125,84267900.0
2023-09-14,171.82610607332606,173.89987544974738,171.41135521167203,173.54437255859375,60895800.0
2023-09-15,174.27510652680778,174.29486087176767,171.6483512368518,172.82347106933594,109259500.0
2023-09-18,174.27511585610648,177.13889330258442,173.96899129951683,175.7465057373047,67257600.0
2023-09-19,175.30211073798526,177.38574949277796,174.91698390976052,176.83274841308594,51826900.0
2023-09-20,177.0203732393163,177.45487842056565,173.20859833310675,173.2974853515625,58436200.0
2023-09-21,172.36922214048295,174.0973581099587,171.6878404044714,171.7569580078125,63149100.0
2023-09-22,172.48772049861157,174.86761425499944,171.87547142547365,172.60621643066406,56725400.0
2023-09-25,172.02359502231215,174.75899170155245,171.97421669351675,173.88011169433594,46172700.0
2023-09-26,172.63585300181884,173.01109513731117,169.51532957863083,169.81158447265625,64588900.0
2023-09-27,170.4633463371719,170.87809720821267,166.93795639924983,168.3007049560547,66921800.0
2023-09-28,167.22429469748067,169.88068876106084,165.52578284422083,168.55743408203125,56294400.0
2023-09-29,169.870831028669,170.90771561508154,168.21181267677895,169.07095336914062,51861100.0
2023-10-02,169.08086391411345,172.1223857383103,168.79447859132247,171.57925415039062,52164500.0
2023-10-03,170.1078434596355,171.46073744550782,168.6858469308082,170.24609375,49594600.0
2023-10-04,168.95242782585208,172.03345733749015,168.83393190668662,171.49032592773438,53020300.0
2023-10-05,171.61871413723316,173.2579782200924,170.52258153582127,172.7247314453125,48527900.0
2023-10-06,171.6286058875163,175.76625988669193,171.0163417068709,175.2725067138672,57266700.0
2023-10-09,174.6010122921434,176.81303215553828,173.6036362062995,176.7537841796875,42390800.0
2023-10-10,175.8748846750232,177.47464011941017,175.72674968355904,176.1612548828125,43698000.0
2023-10-11,175.9736336691769,177.60302823490863,175.38113888285298,177.55364990234375,47551100.0
2023-10-12,177.82026707710477,180.06189553412176,176.80312172309905,178.4522705078125,56743100.0
2023-10-13,179.1533924067404,179.6570151987734,175.91437292525092,176.61550903320312,51427100.0
2023-10-16,174.5417330268598,176.84262444155877,174.3047260977915,176.48712158203125,52517000.0
2023-10-17,174.4430143362244,176.19090503163542,172.61613638208402,174.936767578125,57549400.0
2023-10-18,173.3863659573123,175.36137864838344,172.9222367694585,173.6431121826172,54764400.0
2023-10-19,173.84060845589931,175.61812287122567,173.00123711265553,173.2678680419922,59302900.0
2023-10-20,173.11975677949712,173.22838309388226,170.48311631376995,170.72012329101562,64244000.0
2023-10-23,168.77472302133776,171.8359838309846,167.80695589693704,170.83860778808594,55980100.0
2023-10-24,170.8879597127696,171.50020876645127,169.3079436842464,171.27308654785156,43816600.0
2023-10-25,169.73259505065448,170.89784530264086,168.51795139973865,168.96234130859375,57157000.0
2023-10-26,168.24141831331102,169.23880917055772,163.60014241201984,164.80490112304688,70625300.0
2023-10-27,164.82467062426355,166.8490614359056,164.745668316651,166.11830139160156,58499100.0
2023-10-30,166.90832288755587,169.03145545417337,166.7601878982554,168.16244506835938,51131000.0
2023-10-31,167.23420217717043,168.76482492650203,165.80230595130433,168.63645935058594,44846000.0
2023-11-01,168.86358325166134,172.05322449399938,167.99457285522465,171.79647827148438,56934900.0
2023-11-02,173.32712561259646,175.55888462715336,173.26787764016203,175.3515167236328,77334800.0
2023-11-03,172.06309922812656,174.61086723243213,171.1842192438163,174.44297790527344,79829200.0
2023-11-06,174.17636920813592,177.18825142381783,174.00849494223715,176.99075317382812,63841300.0
2023-11-07,176.94139988237026,180.1606805785339,176.7340319643902,179.54843139648438,70530000.0
2023-11-08,180.07177947416378,181.15802736111343,179.32126504404005,180.6050262451172,49340300.0
2023-11-09,180.67417400336535,181.81966995293175,179.53853262491765,180.13104248046875,53763500.0
2023-11-10,181.91089548671326,184.48180071812672,181.47581782404296,184.31369018554688,66133400.0
2023-11-13,183.74015491726047,183.94779597294095,182.1481747757102,182.7315673828125,43627500.0
2023-11-14,185.59912547957174,186.00454008995078,184.21480130754796,185.342041015625,60108400.0
2023-11-15,185.74742671461323,187.37895245541037,185.6782029727857,185.90562438964844,53790500.0
2023-11-16,187.44819173837502,188.8226331691939,186.53847581950137,187.5866241455078,54412900.0
2023-11-17,188.12059370194675,188.24914348244,186.4594046371221,187.56686401367188,50922700.0
2023-11-20,187.76460727588125,189.76200213676566,187.75472463510502,189.30714416503906,46505100.0
2023-11-21,189.2676114417462,189.37638084971888,187.61630503925363,188.5062255859375,38134500.0
2023-11-22,189.34669431189826,190.7705639920827,188.69407794514686,189.168701171875,39617700.0
2023-11-24,188.7336553269539,188.76331834061182,187.13179223741543,187.84373474121094,24048300.0
2023-11-27,187.79429075090235,188.5358962659671,186.7857030257735,187.66574096679688,40552600.0
2023-11-28,187.65586514519703,188.94131776896225,187.28011350908017,188.2689208984375,38415400.0
2023-11-29,188.76331653900834,189.93999969621768,186.85492560121705,187.2504425048828,43014200.0
2023-11-30,187.71515943504943,188.18979776505014,186.08363355367433,187.8239288330078,48794400.0
2023-12-01,188.1996843513192,189.4159130354433,187.11199034893104,189.09950256347656,45704800.0
2023-12-04,187.85361573572166,187.9228394923183,185.35193435249073,187.3097686767578,43389500.0
2023-12-05,188.081033613139,192.2241233156588,188.05135551468544,191.25509643554688,66628400.0
2023-12-06,192.27356863697858,192.58009647341478,189.95976327032974,190.16741943359375,41089700.0
2023-12-07,191.46276025185608,192.81742141001197,191.42319951100376,192.09559631347656,47477700.0
2023-12-08,192.0263616366492,193.79633503305183,191.50229501018384,193.51947021484375,53406400.0
2023-12-11,190.9485830810774,191.3243346926335,189.27749628821252,191.01779174804688,60943700.0
2023-12-12,190.9189094878757,192.54055280703432,189.57413099725628,192.53067016601562,52696900.0
2023-12-13,192.90642113434447,195.78385412672148,192.66911702808835,195.7443084716797,70404200.0
2023-12-14,195.8036348613561,197.3857175620074,193.964452594447,195.8926239013672,66831600.0
2023-12-15,195.3191123528845,196.1793699091571,194.79504567055722,195.35867309570312,128538400.0
2023-12-18,193.8952224343076,194.4291868327445,192.21425301938103,193.6974639892578,55751900.0
2023-12-19,193.96444926391277,194.7456004150459,193.69746706046115,194.7357177734375,40714100.0
2023-12-20,194.69616113684165,195.46742966263125,192.6493377685547,192.6493377685547,52242800.0
2023-12-21,193.9050960501454,194.8741228719849,191.33419132020353,192.5009765625,46482500.0
2023-12-22,192.99537700889314,193.22281352230834,190.8101216032956,191.43307495117188,37149600.0
2023-12-26,191.44298138124012,191.719846217368,190.6717128965979,190.88925170898438,28919300.0
2023-12-27,190.33552729492325,191.33421726083122,188.95118798803827,190.98812866210938,48087700.0
2023-12-28,191.96705978425237,192.4812438348005,191.00791544042355,191.413330078125,34049900.0
2023-12-29,191.7297067892047,192.22411038080966,189.5839970121992,190.3750457763672,42672100.0
2024-01-02,185.0552730997862,186.33084291740326,181.83176685644636,183.5621795654297,82488700.0
2024-01-03,182.15808112880916,183.79950485996184,181.37691491631995,182.187744140625,58414500.0
2024-01-04,180.1112512492328,181.04073256447913,178.85547678867908,179.8739471435547,71983600.0
2024-01-05,179.95304619735901,180.7144169560074,178.15340966673114,179.152099609375,62379700.0
2024-01-08,180.0519155054874,183.52263874374273,179.46852282651062,183.4830780029297,59144500.0
2024-01-09,181.86143345023166,183.07766218215258,180.68475037086026,183.06777954101562,42841800.0
2024-01-10,182.28664662503843,184.31368968460146,181.86145160567418,184.10604858398438,46792900.0
2024-01-11,184.45208965863696,184.9563909902637,181.56477442626638,183.51272583007812,49128400.0
2024-01-12,183.9774674403319,184.64986419021457,183.1172099941003,183.8390350341797,40477800.0
2024-01-16,180.12114381484557,182.1976301200088,178.90489995610474,181.57469177246094,65603000.0
2024-01-17,179.2411232206481,180.88253205239923,178.28197882705663,180.6353302001953,47317400.0
2024-01-18,184.0071435872404,187.02300881659582,183.75005912545993,186.5187225341797,78005800.0
2024-01-19,187.21091817907703,189.80158889565502,186.70663180624828,189.41595458984375,68903000.0
2024-01-22,190.14763349819026,193.14371820043874,190.1080727596782,191.71983337402344,60133900.0
2024-01-23,192.83722464512005,193.55904982724218,191.66054141727486,192.99542236328125,42355600.0
2024-01-24,193.23269884918452,194.18196038829024,192.16478527569066,192.322998046875,53631300.0
2024-01-25,193.03497008475262,194.07322080915367,190.94858599423335,191.99671936035156,54822100.0
2024-01-26,192.09559590318426,192.58010181757646,189.7916731135176,190.26629638671875,44594000.0
2024-01-29,189.86087972294905,190.04875551955823,187.4580852833725,189.58401489257812,47145600.0
2024-01-30,188.80286821503816,189.65324309628332,185.37170567810733,185.93531799316406,55859400.0
2024-01-31,184.94649475418208,185.0058358609704,182.28661602120093,182.33604431152344,55467800.0
2024-02-01,181.93066720224104,184.85752846784007,181.76257176566293,184.76853942871094,64885400.0
2024-02-02,177.84686070362292,185.2332515745558,177.24368771791086,183.7698211669922,102551700.0
2024-02-05,186.04410163536497,187.13179578344227,183.75995901240586,185.57936096191406,69668800.0
2024-02-06,184.76853636353553,187.19111127921153,184.67954732588265,187.1812286376953,43490800.0
2024-02-07,188.50622203381667,188.91163664571195,186.49894443287428,187.2899932861328,53439000.0
2024-02-08,187.27023532431497,187.41855040104747,185.25307484073457,186.21221923828125,40962000.0
2024-02-09,186.7764919564484,188.10319576406224,186.13295321429996,186.97451782226562,45155200.0
2024-02-12,186.5487888854563,186.79630612181433,184.93497167008087,185.29139709472656,41781900.0
2024-02-13,183.92513863049606,184.36077144619387,181.68757282391297,183.20237731933594,56529500.0
2024-02-14,183.4796068721132,183.6875129162611,180.62820312290157,182.3212127685547,54630500.0
2024-02-15,181.72716915991907,182.65783644316613,179.5490203671251,182.03408813476562,65434500.0
2024-02-16,181.59845842120637,183.0142649801448,179.86583763061847,180.49948120117188,49752500.0
2024-02-20,179.98463913307552,180.61828269677792,178.21242224791314,179.75692749023438,53665600.0
2024-02-21,180.13316833455778,181.0737309260645,178.86588113831095,180.5093994140625,41371400.0
2024-02-22,181.65785591778803,183.12316891523534,180.6479964148563,182.5390167236328,52292200.0
2024-02-23,183.17269052734747,183.2023913936763,180.42029946099493,180.70742797851562,45119700.0
2024-02-26,180.4302078946742,180.94503297704767,178.85598645977296,179.36093139648438,40867400.0
2024-02-27,179.30148000361888,182.09346638622006,177.7767654701203,180.8162841796875,54318900.0
2024-02-28,180.69750358801915,181.30144633523983,178.34114943443706,179.6183319091797,48953900.0
2024-02-29,179.4698267249393,180.75691955299587,177.74710108364005,178.95498657226562,136682600.0
2024-03-01,177.76691576574171,178.7371792855814,175.61846756104012,177.87582397460938,73563100.0
2024-03-04,174.4006596751229,175.14321147352493,172.06409607852763,173.36109924316406,81510100.0
2024-03-05,169.06420089624305,170.33148818677603,167.93552268101038,168.43055725097656,95132400.0
2024-03-06,169.36121186741923,169.53943215491887,167.00484265804033,167.4404754638672,68587700.0
2024-03-07,167.47017484778516,169.0344857697736,166.81674075207243,167.32167053222656,71765100.0
2024-03-08,167.32166963491963,171.9749911536114,167.26226790901475,169.03448486328125,76267000.0
2024-03-11,171.22253935977105,172.64824117092596,170.34137853305091,171.034423828125,60139500.0
2024-03-12,171.43045147590772,172.3017170819102,169.31170429451927,171.50965881347656,59825400.0
2024-03-13,171.05423942259554,171.4700666239107,169.06419090034882,169.43052673339844,52488700.0
2024-03-14,171.19281881058188,172.5789092413306,170.34135894390695,171.28192138671875,72913500.0
2024-03-15,169.47010369924573,170.90570068359375,168.5988381717502,170.90570068359375,121752700.0
2024-03-18,173.82644596151624,175.94519331439105,171.79680120539754,171.99481201171875,75604200.0
2024-03-19,172.6086342803731,174.85609525037736,171.31164624406932,174.33135986328125,55215200.0
2024-03-20,173.97494430389506,176.89564514160156,173.35119593354977,176.89564514160156,53423100.0
2024-03-21,175.29170540355622,175.7273381457555,169.1433707597941,169.66810607910156,106181300.0
2024-03-22,170.05428209514795,171.33147983629345,168.37116745936027,170.56912231445312,71160100.0
2024-03-25,168.87610215909345,170.23249206020807,167.76721443821097,169.1533203125,54288300.0
2024-03-26,168.31174106723407,169.71763732680742,167.8959138727621,168.02462768554688,57388400.0
2024-03-27,168.71767294274684,171.87599567632833,168.42064920188324,171.5888671875,60273300.0
2024-03-28,170.0443614510728,170.51959037094832,168.81667037520143,169.77703857421875,65672700.0
2024-04-01,169.48991432845702,169.54931605122675,167.79688969325008,168.3414306640625,46240500.0
2024-04-02,167.40089107386055,167.65830361021796,166.55932626663449,167.16326904296875,49329500.0
2024-04-03,167.11373478373662,168.98496453257434,166.90582876011774,167.96519470214844,47691700.0
2024-04-04,168.59886612133832,170.2126836435028,167.1434783935547,167.1434783935547,53704400.0
2024-04-05,167.90579979250484,168.69785802201392,167.27215623034843,167.89590454101562,42104800.0
2024-04-08,167.35138730592178,167.51969724864153,166.56923932419392,166.7771453857422,37425500.0
2024-04-09,167.02463249925154,168.39093251447707,166.67811742351924,167.98500061035156,42373800.0
2024-04-10,167.1236748074244,167.41078821247058,165.45045553411236,166.11380004882812,49709300.0
2024-04-11,166.66823651643443,173.7175391133101,166.49003132152566,173.30169677734375,91070300.0
2024-04-12,172.52942533467058,176.5887144383463,172.47993396851362,174.79669189453125,101670900.0
2024-04-15,173.61851932570818,174.8759113224836,170.7869210734751,170.97503662109375,73531800.0
2024-04-16,170.0443499195711,172.03438316124112,166.59891404642835,167.69789123535156,73711200.0
2024-04-17,167.9256158132339,168.95528100035153,166.33160400390625,166.33160400390625,50901200.0
2024-04-18,166.36130787024413,166.96525061902096,164.89600984807865,165.38113403320312,43122900.0
2024-04-19,164.559379327856,164.74747975255278,162.45052746983075,163.36138916015625,68149400.0
2024-04-22,163.87623994630854,165.59895049362888,163.1336881290828,164.19305419921875,48116400.0
2024-04-23,163.7079130900853,165.391027347015,163.28217556978177,165.2425079345703,49537800.0
2024-04-24,164.8861093338651,167.6187098522012,164.5593998092657,167.34149169921875,48251800.0
2024-04-25,167.84642483703811,168.91570135131437,166.48012455092012,168.20285034179688,50558300.0
2024-04-26,168.19292468782604,169.63841695172266,167.49986430971396,167.61868286132812,44838400.0
2024-04-29,171.64824848286057,174.2818355072499,171.38094074443057,171.77696228027344,68169400.0
2024-04-30,171.6086653165762,173.25218351807536,168.31173366197407,168.63845825195312,65934800.0
2024-05-01,167.8959009696714,170.9948217396029,167.43056733625505,167.61868286132812,50383100.0
2024-05-02,170.79682058773386,171.69778712393833,169.19291342760516,171.31166076660156,94214900.0
2024-05-03,184.7963833456082,185.14291355827163,180.84601747897057,181.55886840820312,163224100.0
2024-05-06,180.53911545314375,182.37073431535399,178.62827413884693,179.9054718017578,78569700.0
2024-05-07,181.62818342205114,183.06378067502382,179.5193463953144,180.58860778808594,77305800.0
2024-05-08,181.0341096024307,181.25192597526086,179.64800403830677,180.92520141601562,45057100.0
2024-05-09,180.74702708520252,182.8261784061232,180.30149897565002,182.73707580566406,48983000.0
2024-05-10,183.3120385724197,183.50040923773955,180.5658387363955,181.47793579101562,50759500.0
2024-05-13,183.84742393900163,185.4931713127623,183.03445892506747,184.68020629882812,72044800.0
2024-05-14,185.89965779253163,186.6828817403559,184.6901339480471,185.82034301757812,52393600.0
2024-05-15,186.2962297111884,189.01268886802714,185.76085876781028,188.09068298339844,70400000.0
2024-05-16,188.83423487080034,189.458829238671,188.03119361367854,188.2096405029297,52845200.0
2024-05-17,187.8824709799172,189.1713095252472,187.55530322495105,188.2393798828125,41282900.0
2024-05-20,187.7040166341828,190.27176982167657,187.38675756521698,189.39932250976562,44361300.0
2024-05-21,189.44890089382775,191.07481584379752,189.28036268210627,190.69808959960938,42309400.0
2024-05-22,190.61877317517173,191.16405275409193,188.63594934473116,189.26052856445312,34648500.0
2024-05-23,189.33981892460397,189.3596513961204,185.027186725998,185.27503967285156,51005900.0
2024-05-24,187.19840810516956,188.94328765804346,186.42509288132968,188.3484344482422,36327000.0
2024-05-28,189.86528785982966,191.34249703943843,187.47599667367734,188.3583526611328,52280100.0
2024-05-29,187.98160889548626,190.5989356775744,187.88246165547932,188.65576171875,53068000.0
2024-05-30,189.12173915319045,190.52954231443272,188.99286588586446,189.64718627929688,49889100.0
2024-05-31,189.79589676882185,190.9161970579539,188.2790377703441,190.59893798828125,75158300.0
2024-06-03,191.24336235629542,193.31542486412093,190.86663609575578,192.36366271972656,50080500.0
2024-06-04,192.96841099700254,193.64257895328527,191.37223723797064,192.680908203125,47471400.0
2024-06-05,193.72190135445058,195.20901937445223,193.19645419760306,194.1878662109375,54156800.0
2024-06-06,194.0093990023229,194.81244022862765,192.50244866402238,192.80978393554688,41181800.0
2024-06-07,192.9783133981505,195.2486550396786,192.4726987931798,195.19908142089844,53103900.0
2024-06-10,195.20899197297106,195.60556579928584,190.49978557066368,191.46145629882812,97010200.0
2024-06-11,191.98692512163242,205.38091074009856,191.96710777388114,205.37098693847656,172373300.0
2024-06-12,205.58908283581826,218.30889945026047,205.1231180281253,211.24014282226562,198134300.0
2024-06-13,212.8957913864929,214.88852380834695,209.782758705521,212.40008544921875,97862700.0
2024-06-14,212.01345147179217,213.32210737882852,209.4853479747781,210.66513061523438,70122700.0
2024-06-17,211.53757201804441,217.06965275202606,210.89316027395952,214.80923461914062,93728300.0
2024-06-18,215.72132373307375,216.75240063817128,211.1707464886947,212.4496612548828,79943300.0
2024-06-20,212.0927425591543,212.4000929584359,207.05638337080816,207.87924194335938,86172500.0
2024-06-21,208.58317289420788,210.07029091430852,205.33134270047418,205.7080841064453,241805100.0
2024-06-24,205.93608683303725,210.87331399723786,204.8157865138524,206.35247802734375,80727000.0
2024-06-25,207.35380525957078,209.5646648210329,206.81844945769743,207.27450561523438,55549700.0
2024-06-26,209.68362348048936,213.01476817493463,208.8310086144187,211.41859436035156,66213200.0
2024-06-27,212.84622088780682,213.88720639689362,210.52632069800987,212.26129150390625,49772700.0
2024-06-28,213.91695291908772,214.21437951883613,208.4939285392998,208.81117248535156,82542700.0
2024-07-01,210.26855134899324,215.64200216221636,210.10001313722785,214.88853454589844,60402900.0
2024-07-02,214.29369867156123,218.48738234159504,213.2527281692765,218.37832641601562,58046200.0
2024-07-03,218.11061688690268,219.64730834960938,217.14894613859082,219.64730834960938,37369800.0
2024-07-05,219.74642480522968,224.5052045874235,219.74642480522968,224.39614868164062,60412400.0
2024-07-08,225.13973799267995,225.89322076278884,221.3327197032473,225.8634796142578,59085900.0
2024-07-09,225.97253595078877,227.42991284004066,224.4259356098064,226.71609497070312,48076100.0
2024-07-10,227.3307677065015,231.0783037422216,227.28119408246098,230.97915649414062,62627700.0
2024-07-11,229.40280147827102,230.39421338925845,223.83107137940016,225.61561584472656,64710600.0
2024-07-12,226.95403700304678,230.64209091466597,226.71609267309665,228.56011962890625,53046500.0
2024-07-15,234.44908623752588,235.1926451763578,231.08820043911544,232.38694763183594,62631300.0
2024-07-16,232.98179160349451,234.24088892580107,230.3347237014565,232.8033447265625,43234300.0
2024-07-17,227.47946461019197,229.47221227385296,224.69359950369105,226.91436767578125,57345900.0
2024-07-18,228.30236502251043,228.46099458072425,220.36115997030524,222.25474548339844,66034600.0
2024-07-19,222.88923571935766,224.8522270905052,221.36245288688534,222.38360595703125,49151500.0
2024-07-22,225.06041535891617,225.82380677595344,221.174082433242,222.03662109375,48201800.0
2024-07-23,222.44308791792702,224.9910238167192,220.76759935066607,223.0775909423828,39960300.0
2024-07-24,222.07627816799848,222.86941075843336,215.26528287042115,216.6631622314453,61777600.0
2024-07-25,217.0497975364767,218.95332167523742,212.77681471652627,215.62217712402344,51391200.0
2024-07-26,216.82180047841348,217.60502442671483,214.15489978899527,216.08816528320312,41601300.0
2024-07-29,215.09676223529075,217.41666277155184,213.89714701413598,216.3657684326172,36311800.0
2024-07-30,217.3075789949067,218.43778796730905,214.2639371695869,216.92092895507812,41643800.0
2024-07-31,219.53825698895486,221.89782218872546,218.7352157578384,220.17276000976562,50036300.0
2024-08-01,222.44309097566543,222.55214689360594,215.15622233135366,216.48471069335938,62501000.0
2024-08-02,217.26793834308685,223.66255798049997,215.8403177402066,217.9718475341797,105568600.0
2024-08-05,197.38019703112641,211.66644653820467,194.31673780556494,207.4727783203125,119548600.0
2024-08-06,203.53688424769564,208.18660889381388,199.3432157724579,205.45030212402344,69660500.0
2024-08-07,205.12313014700663,211.80525225793107,204.61751548926864,208.01806640625,63516400.0
2024-08-08,211.27980900719393,212.36044444161047,207.0365669160157,211.47808837890625,47161100.0
2024-08-09,210.27848952903548,214.91829038971974,210.1496011292121,214.3829345703125,42201600.0
2024-08-12,214.4623401059105,217.8767320905019,213.9958359256548,215.91146850585938,38028100.0
2024-08-13,217.38043273085663,220.2390087017958,217.38043273085663,219.62362670898438,44155300.0
2024-08-14,218.92885985517657,221.37054778476931,218.06532277692483,220.07029724121094,41960600.0
2024-08-15,222.9288560878089,223.67327566716008,221.1025352094067,223.04795837402344,46414000.0
2024-08-16,222.25393109506462,225.1422830006272,221.98593577772976,224.3680877685547,44340200.0
2024-08-19,224.04051049270504,224.30850577318623,221.3804434072076,224.20924377441406,40687800.0
2024-08-20,224.09014645304697,225.4797235950926,223.77252016614798,224.8246307373047,30299000.0
2024-08-21,224.8345868015738,226.28371522001356,223.37552309496598,224.71546936035156,34765500.0
2024-08-22,226.09512887719345,226.64103964823346,222.23407290784718,222.85939025878906,43695300.0
2024-08-23,223.98097823318813,226.52192810531062,222.66087229355688,225.15219116210938,38677300.0
2024-08-26,225.07279660900764,225.58893181224732,222.22415556593285,225.4896697998047,30602200.0
2024-08-27,224.31843379232603,227.14723425887112,223.21669220638537,226.3333282470703,35934600.0
2024-08-28,226.22414704916858,228.14971479709,224.0008084384826,224.80479431152344,38052200.0
2024-08-29,228.3879521456165,231.18696212304621,227.1770283167567,228.0802459716797,51906300.0
2024-08-30,228.4772755570311,228.68570457235603,225.78743262658827,227.29612731933594,52990800.0
2024-09-03,226.84946493362216,227.29611365629745,219.52437135882835,221.1124725341797,50190600.0
2024-09-04,220.01074262314262,220.12984491677884,215.86183603349318,219.20677185058594,43840200.0
2024-09-05,219.9809527371486,223.80229748015876,219.87177059333374,220.72537231445312,36615400.0
2024-09-06,222.2837029728863,223.56411324365834,218.13481142105056,219.177001953125,48423000.0
2024-09-09,219.17700018247805,219.6236489368284,215.09757995493325,219.26632690429688,67180000.0
2024-09-10,217.29111136152258,219.83206111139577,215.1174037589381,218.47225952148438,51591000.0
2024-09-11,219.81222755985956,221.43008920211523,216.26878297144034,221.0032958984375,44587100.0
2024-09-12,220.8444772424724,221.88666769221828,218.18442519080247,221.1124725341797,37455600.0
2024-09-13,221.91644846858938,222.37301734416337,220.25887596851652,220.844482421875,36766600.0
2024-09-16,214.92882889414335,215.60377723416104,212.32832783334672,214.71047973632812,59357400.0
2024-09-17,214.14471619981742,215.28615358843467,212.904016801209,215.17697143554688,45519300.0
2024-09-18,215.931307109631,221.05291740528648,215.92137182236397,219.04794311523438,59894900.0
2024-09-19,223.31594824973243,228.11001204196916,222.9586262544957,227.1670684814453,66781300.0
2024-09-20,228.25889437635817,231.35567496568984,225.9263736470506,226.50205993652344,318679900.0
2024-09-23,225.64847983003366,227.74278104335218,224.12986496132828,224.7849578857422,54146000.0
2024-09-24,226.94872814757065,227.64353192764617,224.05045616714196,225.67825317382812,43556100.0
2024-09-25,223.2563961324406,225.59883710649478,222.35317851779175,224.68568420410156,42308700.0
2024-09-26,225.6087536412769,226.79982188690562,223.73281698946673,225.82711791992188,36636700.0
2024-09-27,226.76013618443497,227.81224676693589,225.60876359989413,226.09510803222656,34026000.0
2024-09-30,228.32838978012126,231.26637268066406,227.94129216556473,231.26637268066406,54541900.0
2024-10-01,227.81227091446172,227.94129335648356,222.0752779583648,224.5269012451172,63285000.0
2024-10-02,224.20925878310885,225.67824256269316,221.360617941662,225.09263610839844,32880600.0
2024-10-03,223.46483520314058,225.12240767637772,221.65838486968212,223.9908905029297,34044200.0
2024-10-04,226.20430944090455,226.30357145139808,222.46237094034984,225.1125030517578,37245100.0
2024-10-07,222.8295863298211,224.01073444452058,219.68317483471031,220.04049682617188,39505400.0
2024-10-08,222.63110049734397,224.298593199742,221.58890998571715,224.0901641845703,31855700.0
2024-10-09,223.55416342639623,228.0405364361267,223.15714569962594,227.83209228515625,33591100.0
2024-10-10,226.0851959438118,227.7923994519787,225.47973405841245,227.3358154296875,28183500.0
2024-10-11,227.5938974682738,227.70307961960657,225.6484741750507,225.85691833496094,31759200.0
2024-10-14,226.99836439928595,230.00581860221664,226.89911753216435,229.5790252685547,39882100.0
2024-10-15,231.87182665313995,235.7229623804217,230.6410474142004,232.11004638671875,64751400.0
2024-10-16,229.87676649695567,230.39288648800354,228.1298522341637,230.055419921875,34082200.0
2024-10-17,231.69315867439417,232.11004699556463,228.8048220166126,230.4226837158203,32993800.0
2024-10-18,234.4226930307779,234.4226930307779,232.26884075534687,233.25148010253906,46431500.0
2024-10-21,232.7055796017645,235.08773156933626,232.7055796017645,234.72047424316406,36254500.0
2024-10-22,232.14974382855843,234.4624093106695,230.86934872103873,234.10508728027344,38846600.0
2024-10-23,232.33833466706656,233.39044533687328,226.0653512199268,229.04302978515625,52287000.0
2024-10-24,228.26884002769643,229.10260155629064,226.710529416834,228.85446166992188,31109500.0
2024-10-25,228.03064447383113,231.48474758840828,227.86191116183892,229.68821716308594,38802300.0
2024-10-28,231.5839844241638,232.98348177622344,230.81970938626554,231.6633758544922,36087100.0
2024-10-29,231.36561495313973,232.5864588417728,230.59141979007921,231.93136596679688,35417200.0
2024-10-30,230.87924283818487,231.7328445287285,227.84201349481597,228.38792419433594,47070900.0
2024-10-31,227.63358238786932,228.11994197442104,223.693120129287,224.22911071777344,64370100.0
2024-11-01,219.32588166379162,223.67329727363756,218.63109301833273,221.25144958496094,65276700.0
2024-11-04,219.34572401852256,221.13231895883285,218.0752491010658,220.35812377929688,44944500.0
2024-11-05,220.14968230766976,222.28367900181775,219.49458945583885,221.7873992919922,28111300.0
2024-11-06,220.95365355112233,224.38791581537038,219.54422098922427,221.06283569335938,54561100.0
2024-11-07,222.95864433437472,226.18446269494834,222.89909318788202,225.7874298095703,42137700.0
2024-11-08,225.72780810336752,227.20835428792034,224.9726384261151,225.51914978027344,38328800.0
2024-11-11,223.5715733715174,224.26712634517858,220.0937933412938,222.80645751953125,42005600.0
2024-11-12,223.1244332571579,224.15782408060912,221.94198562097503,222.80645751953125,40398300.0
2024-11-13,222.58787261698694,225.2111120360391,221.34580821096,223.69082641601562,48566200.0
2024-11-14,223.59146688403666,227.41701609796436,223.57158960851197,226.77114868164062,44923900.0
2024-11-15,224.96268496170848,225.4793879673537,222.84621765747355,223.5715789794922,47923700.0
2024-11-18,223.8199993254601,228.28149999782985,223.74050538640262,226.57241821289062,44633700.0
2024-11-19,225.53902995111423,228.69884983965085,225.2210693317313,226.83078002929688,36211800.0
2024-11-20,226.61215353970658,228.47027695087482,224.45593165289552,227.5461883544922,35169600.0
2024-11-21,227.42694424740614,228.69881686539628,224.27707103239013,227.06922912597656,42108300.0
2024-11-22,226.61216818417898,229.25528492407807,226.61216818417898,228.41067504882812,38168300.0
2024-11-25,229.99056458191066,231.76919395430343,228.28148292479264,231.3916015625,90152800.0
2024-11-26,231.84870566104107,234.07449047305911,231.84870566104107,233.56771850585938,45986200.0
2024-11-27,232.98145117337265,234.19370712659864,232.32563759305353,233.4385223388672,33498400.0
2024-11-29,233.31931239062584,236.3002669685808,232.48464874765904,235.8233184814453,28481400.0
2024-12-02,235.76370602927642,239.26134854667043,235.65440375298792,238.0689697265625,48137100.0
2024-12-03,238.2875760799829,241.21884512379424,237.38334952948236,241.1095428466797,38861000.0
2024-12-04,241.32814402991647,242.56027739454964,239.7184333911867,241.46725463867188,44383900.0
2024-12-05,242.44105143123323,242.98754766386446,240.59285890906452,241.4970703125,40033900.0
2024-12-06,241.36788746709487,243.0769692456264,240.5431549096241,241.29832458496094,36870600.0
2024-12-09,240.29473874492055,245.67039687977774,240.21524480725012,245.18350219726562,44649200.0
2024-12-10,245.32260336553807,246.63423054379348,243.78244060146582,246.197021484375,36914800.0
2024-12-11,246.3858398593606,249.20780656351602,244.69662013013263,244.9251708984375,45205800.0
2024-12-12,245.32261935264157,247.1608807008323,244.12029436088807,246.38583374023438,32777500.0
2024-12-13,246.24671899982582,247.70737273801882,244.67674782957272,246.55474853515625,33155300.0
2024-12-16,246.41563368868003,249.78411156803347,246.07778066556844,249.44625854492188,51694800.0
2024-12-17,248.49236434269267,252.21855739876366,248.19426586582333,251.8707733154297,51356400.0
2024-12-18,250.55917390522964,252.6657103008961,246.1672359539693,246.4752655029297,56774100.0
2024-12-19,245.92873792847348,250.400169527173,245.5213371883983,248.20419311523438,60882300.0
2024-12-20,246.46531011815415,253.38113119374523,244.13023820234332,252.87437438964844,147495300.0
2024-12-23,253.15258832932108,254.02699130961165,251.84096111600803,253.6494140625,40858800.0
2024-12-24,253.86804957710976,256.5707679464462,253.6693071300515,256.56085205078125,23234700.0
2024-12-26,256.55086249805703,258.44874034869076,255.99442012888886,257.3755798339844,27237100.0
2024-12-27,256.19316170058187,257.05766400729357,251.45345479939442,253.96739196777344,42355300.0
2024-12-30,250.6287158030117,251.890657464443,249.15811581542044,250.59890747070312,35557500.0
2024-12-31,250.83738041728796,251.6720440162376,247.84647977817443,248.8302001953125,39480700.0
2025-01-02,247.34966196417784,247.51859606258614,240.28481431614935,242.3019256591797,55740700.0
2025-01-03,241.81503295898438,242.62981931594805,240.3543640210219,241.81503295898438,40244100.0
2025-01-06,242.75898865424097,245.75982034447205,241.65603491404494,243.44461059570312,45045600.0
2025-01-07,241.43743349025635,243.99112508347835,239.81779188041267,240.67233276367188,40856000.0
2025-01-08,240.38417847646193,242.1628232218062,238.52605495049286,241.1592254638672,37628900.0
2025-01-10,238.48630187104285,238.63535869995312,231.5208099984783,235.34637451171875,61710900.0
2025-01-13,232.04743903723335,233.18020116738663,228.26162915914,232.9119110107422,49630700.0
2025-01-14,233.25971079858908,234.62100862534365,230.99418638589506,231.79904174804688,39435300.0
2025-01-15,233.15037337402552,237.44295487436693,232.9416999002932,236.35986328125,39832000.0
2025-01-16,235.84318609247865,236.49898454969573,226.58234697208553,226.81088256835938,71759100.0
2025-01-17,230.64637201374376,230.81529094249188,227.0294813062853,228.51995849609375,68488300.0
2025-01-21,222.5779137526142,222.9952455214703,217.98724913328002,221.22654724121094,98070400.0
2025-01-22,218.39465138442915,222.6971640978084,218.39465138442915,222.4090118408203,64126500.0
2025-01-23,223.3132578125695,225.58871322146769,220.88874557201237,222.2401123046875,60234800.0
2025-01-24,223.35297985225768,224.19758968028435,220.00437919561992,221.3656768798828,54697900.0
2025-01-27,222.5978054024586,230.67618150163648,222.5580508531902,228.40072631835938,94863400.0
2025-01-28,229.3844597561093,238.66516132615985,229.3447052045828,236.74740600585938,75707600.0
2025-01-29,232.6336842670617,238.33724933385383,232.52438199561368,237.84042358398438,45486100.0
2025-01-30,237.1547951903121,239.26133146080375,235.7040725307193,236.08164978027344,55658300.0
2025-01-31,245.62073349000855,245.62073349000855,231.9580244316672,234.50177001953125,100959800.0
2025-02-03,228.52992572925916,230.35824094469035,224.2671520837408,226.56248474121094,73063300.0
2025-02-04,225.80732831191588,231.6500046289628,225.2111312813077,231.3220977783203,45067300.0
2025-02-05,227.0791817096477,231.19289841511937,226.82083777153602,230.99417114257812,39620300.0
2025-02-06,229.82163993606684,232.31571480889477,228.9670990724139,231.73939514160156,29925300.0
2025-02-07,231.12335539671392,232.5144614947352,225.81724462416,226.18490600585938,39707200.0
2025-02-10,228.36339787721977,229.3780258753388,226.00584416726187,226.45347595214844,33115600.0
2025-02-11,227.000572314181,233.99362125199642,226.93094812871882,231.3973388671875,53718400.0
2025-02-12,229.98481838871234,235.71455375787428,229.4675472393098,235.62501525878906,45243300.0
2025-02-13,235.66480095549997,241.06625350434595,234.33184765944378,240.26051330566406,53614100.0
2025-02-14,239.9819785190441,244.25938055012708,239.7233505557091,243.3143768310547,40896200.0
2025-02-18,242.86673323889264,243.89131830963376,240.56887710589865,243.18505859375,48822500.0
2025-02-19,243.37407429304395,244.716969605811,241.88195827091008,243.5829620361328,32204200.0
2025-02-20,243.65259654249155,245.4829218502696,243.00600383864503,244.5379180908203,32316900.0
2025-02-21,244.6572756706751,247.38287960480025,243.93111682470231,244.25938415527344,53197400.0
2025-02-24,243.64263125957103,247.551982922016,243.1353173033831,245.80123901367188,51326400.0
2025-02-25,246.69650753214344,248.68599549611233,243.62275227067275,245.74154663085938,48013300.0
2025-02-26,243.04579925662603,243.6923767743236,237.87313357927937,239.09666442871094,44433600.0
2025-02-27,238.1516754344793,241.18564780716906,235.81402085750776,236.05276489257812,41153600.0
2025-02-28,235.70458076540925,240.8175641664438,228.9900589647863,240.56887817382812,56833400.0
2025-03-03,240.51913191748446,242.7473638198223,234.8689935924468,236.77890014648438,47184000.0
2025-03-04,236.46059966619734,238.80819608105105,233.44651142335266,234.68994140625,53798100.0
2025-03-05,234.18263593082168,235.30670153327668,228.0251680036218,234.50096130371094,47227600.0
2025-03-06,233.20778757123546,236.60981025581015,231.93451645578955,234.09310913085938,45170400.0
2025-03-07,233.87426828677374,240.10136041796665,233.5261018066448,237.81346130371094,46273600.0
2025-03-10,234.3019970725287,234.91874867921032,223.04150278970278,226.28436279296875,72071200.0
2025-03-11,222.63365113389432,224.65298022983382,216.30707871737093,219.67926025390625,76137400.0
2025-03-12,218.98296406915986,220.58450266635003,213.78045671174684,215.83956909179688,62547500.0
2025-03-13,214.8149446944866,215.7002661687503,207.3245242537218,208.57789611816406,61368300.0
2025-03-14,210.13965751241793,212.82546311709572,208.47843695256688,212.36788940429688,60107600.0
2025-03-17,212.18883784213668,214.0888025037831,208.8663965620962,212.87521362304688,48073400.0
2025-03-18,213.0343879953175,214.019174884069,210.3784232206469,211.57211303710938,42432400.0
2025-03-19,213.09407567170305,217.6102070663037,212.6265447449941,214.1087188720703,54385400.0
2025-03-20,212.86527847830126,216.3468825511506,211.10457731145533,212.97470092773438,48862900.0
2025-03-21,210.4480334492585,217.68976839110027,210.16950634984832,217.12277221679688,94127800.0
2025-03-24,219.8384246082871,220.3158974796034,217.4311459430569,219.56983947753906,44299500.0
2025-03-25,219.60962662242414,222.9221258053629,218.9232508666907,222.57395935058594,34493600.0
2025-03-26,222.3352199198642,223.83729303324841,219.31120492080973,220.36563110351562,34466100.0
2025-03-27,220.22636977863218,223.80745418869535,219.40073045135125,222.67344665527344,37094800.0
2025-03-28,220.50491967808455,222.63367141455515,216.53588531144595,216.75473022460938,39818600.0
2025-03-31,215.86937928840504,224.4341253115235,215.09348022110552,220.9624786376953,65299300.0
2025-04-01,218.65468232589998,222.50433685640354,217.749461617725,222.0169219970703,36412700.0
2025-04-02,220.15675729790527,224.00641185945875,219.8583310514353,222.71324157714844,35905900.0
2025-04-03,204.4596791341039,206.39944211542388,200.19223396809613,202.12203979492188,103419000.0
2025-04-04,192.87092693410324,198.82944937179326,186.35535024633944,187.389892578125,125910900.0
2025-04-07,176.26862197387908,193.12952861035487,173.70218080411468,180.50624084472656,160466300.0
2025-04-08,185.71870692843436,189.33957458197378,168.32064359895526,171.51376342773438,120859500.0
2025-04-09,171.04621878540135,199.55558397169528,170.9865365771085,197.80484008789062,184395900.0
2025-04-10,188.07624843340898,193.7562279640405,182.03814529024513,189.4191436767578,121880000.0
2025-04-11,185.12186726950821,198.49121408156802,185.0820690088969,197.1085205078125,87435900.0
2025-04-14,210.32866545443895,211.82078139531484,200.10269875392328,201.45555114746094,101352900.0
2025-04-15,200.7990180691496,202.44033954558066,198.74984792281177,201.07754516601562,51343900.0
2025-04-16,197.31741584829123,199.64511311117855,191.35889396287376,193.24891662597656,59732400.0
2025-04-17,196.16353180406117,197.7849695303218,193.39814444403507,195.94468688964844,52164700.0
2025-04-21,192.25418258208256,192.78139570274652,188.8123615658979,192.14476013183594,46742500.0
2025-04-22,195.0892017003565,200.53045296496776,194.93999616163734,198.690185546875,52976400.0
2025-04-23,204.9172632087338,206.9067512010516,201.7340854567431,203.52462768554688,52929200.0
2025-04-24,203.81310578126346,207.73239972806866,201.87335793866913,207.27481079101562,47311000.0
2025-04-25,205.28531450927932,208.6475540878433,205.1162098506388,208.18002319335938,38222300.0
2025-04-28,208.89624364686077,210.38835967290976,206.3696005213303,209.03550720214844,38743100.0
2025-04-29,207.59312493762445,211.12446912484504,207.27479957627347,210.09988403320312,36827600.0
2025-04-30,208.19993964532281,212.45744310704663,205.58375784941018,211.38311767578125,52286500.0
2025-05-01,207.98108655162656,213.43227966302132,207.80202473083082,212.1988067626953,57365700.0
2025-05-02,205.0067917796952,205.9020705063368,201.09745506032002,204.27069091796875,101010600.0
2025-05-05,202.03252954096354,203.0272736250085,197.1682315771274,197.8446502685547,69018500.0
2025-05-06,197.1682179665783,199.59538061408486,195.98447015970467,197.4666290283203,51216500.0
2025-05-07,198.12317194216024,198.3917570874617,192.23428894820486,195.21852111816406,68536700.0
2025-05-08,196.6807674405125,198.99852257626176,193.65673744886013,196.4519805908203,50478900.0
2025-05-09,197.95407268173315,199.4859718922483,196.5017396407649,197.48654174804688,36453900.0
2025-05-12,210.13634313336473,210.435160708662,205.93301745006437,209.95704650878906,63775800.0
2025-05-13,209.59847136477597,212.55673652410627,208.17412935394688,212.08859252929688,51909300.0
2025-05-14,211.5905625216416,213.09460539099953,209.7478820292828,211.490966796875,49325800.0
2025-05-15,210.11643191755599,212.11849916658366,208.71199985896817,210.6144561767578,45029500.0
2025-05-16,211.52086084946143,211.73003772257164,208.94109887256835,210.42520141601562,54737900.0
2025-05-19,207.0884445111699,208.65223273202483,203.45285841572866,207.9550018310547,46140500.0
2025-05-20,206.84938410987283,207.64622592622177,204.2198167548668,206.04258728027344,42496600.0
2025-05-21,204.3592586621154,206.22186440009241,199.91689108628387,201.2914276123047,59211800.0
2025-05-22,199.91689038506837,201.94882252859867,198.91087172706415,200.56431579589844,46742400.0
2025-05-23,192.9046989896,196.91877297523902,192.6955373289648,194.49838256835938,78432900.0
2025-05-27,197.51641281084125,199.94677348688452,196.64984031499387,199.4188690185547,56288500.0
2025-05-28,199.79736291846774,201.9289060786693,199.11008702875665,199.62803649902344,45339700.0
2025-05-29,202.77554227533128,203.0046291598645,197.72556941325453,199.15988159179688,51396800.0
2025-05-30,198.5821728136608,201.1619498266407,196.00241099917397,200.05633544921875,70819900.0
2025-06-02,199.4885975362889,201.3312933884623,199.3292261245183,200.90298461914062,35423300.0
2025-06-03,200.55435521702816,202.9647905668523,200.16589694161215,202.46676635742188,46381600.0
2025-06-04,202.10819540070028,205.42503857555045,201.30139858491114,202.0185546875,43604000.0
2025-06-05,202.69585814733983,203.94091870107042,199.35908978394463,199.8372039794922,55126100.0
2025-06-06,202.19783403313102,204.8871617909174,201.2515910514923,203.11419677734375,46607700.0
2025-06-09,203.58234611432158,205.18598475848052,199.22961916524454,200.65396118164062,72862600.0
2025-06-10,199.80731310224203,203.54249456453348,199.77743286642308,201.86912536621094,54672600.0
2025-06-11,202.69585666840098,203.69190510411792,197.62597377823997,197.9945068359375,60989900.0
2025-06-12,198.29333609984755,198.890956077424,196.58013147350607,198.41285705566406,43904600.0
2025-06-13,198.94075911963023,199.57822954037988,194.92668495173118,195.67372131347656,51447300.0
2025-06-16,196.52035592822918,197.90486262143017,195.78327462738756,197.63592529296875,43020700.0
2025-06-17,196.4207613301707,197.6060614779548,194.43863454049264,194.86692810058594,38856200.0
2025-06-18,195.16573699325735,196.7893008408277,194.2991796996429,195.80320739746094,45394700.0
2025-06-20,197.45666110928434,200.90298042554332,196.08210930882012,200.20574951171875,96813500.0
2025-06-23,200.83325703321927,201.50060768152076,198.17380945321412,200.70376586914062,55814300.0
2025-06-24,201.78944331230142,202.63609053842802,199.40888822531906,199.5084991455078,54064000.0
2025-06-25,200.65395335177794,202.8651820841085,199.82723133036671,200.76351928710938,39525700.0
2025-06-26,200.63404307360597,201.8392684520338,198.67184150130464,200.20574951171875,50799100.0
2025-06-27,201.09222774816857,202.41697405518968,199.20969672208463,200.28543090820312,73188600.0
2025-06-30,201.211736268348,206.57048164253425,198.4726031076903,204.3592529296875,91912800.0
2025-07-01,205.85331455367321,209.35940906738603,205.32541013409474,206.998779296875,78788900.0
2025-07-02,208.08447525999887,212.4969623845337,207.31751373506327,211.60052490234375,67941800.0
2025-07-03,211.31168447150716,213.80180573654258,210.97303162710094,212.70616149902344,34955800.0
2025-07-07,211.83958469799765,215.37555986284275,207.97492690746134,209.12037658691406,50229000.0
2025-07-08,209.26980118177752,210.59453234535175,207.62631199643187,209.18014526367188,42848900.0
2025-07-09,208.70202548866368,210.49491569520316,206.40115605631001,210.3056640625,48749400.0
2025-07-10,209.678147079363,212.6364120977978,209.2000480941239,211.57064819335938,44443600.0
2025-07-11,209.73792710960444,211.29176024279,209.03072603053,210.32559204101562,39765800.0
2025-07-14,209.10044482334126,210.07658325197187,206.71988962428105,207.79562377929688,38840100.0
2025-07-15,208.39327261019983,211.05272033528996,208.09445501444372,208.28370666503906,42296300.0
2025-07-16,209.4689902412225,211.5606828488181,207.8155461810567,209.3295440673828,47490500.0
2025-07-17,209.7379389650813,210.9630743588066,208.7618004967043,209.1901092529297,48068100.0
2025-07-18,210.03674740882613,210.95311022715865,208.87137245947412,210.34552001953125,48974600.0
2025-07-21,211.2618775331451,214.92732845073886,210.7937335563828,211.64036560058594,51377400.0
2025-07-22,212.29777975345726,214.1006251327807,211.39137195770533,213.55279541015625,46404100.0
2025-07-23,214.15041924441525,214.29982043425818,211.57065737650467,213.30377197265625,46989300.0
2025-07-24,213.05475989741393,214.83769515517375,212.68622683006964,212.91531372070312,46022600.0
2025-07-25,213.85160291428238,214.38947759784276,212.5567368669443,213.03485107421875,40268800.0
2025-07-28,213.18425263148458,214.00101967144602,212.2180844005514,213.2041778564453,37858000.0
2025-07-29,213.33365491441555,213.96117031669576,209.9869466315705,210.43516540527344,51411700.0
2025-07-30,211.06265157316113,211.55072076453234,206.89917652304968,208.2239227294922,45512500.0
2025-07-31,207.66614913739534,209.01080544085684,206.3414028602417,206.74978637695312,80698400.0
2025-08-01,210.03674932642843,212.7360475386617,200.7037794341265,201.58030700683594,104434500.0
2025-08-04,203.70186769022786,207.0585613783641,200.88304868853191,202.5464630126953,75109300.0
2025-08-05,202.59623250724772,204.52856877803342,201.3611422546983,202.11813354492188,44155100.0
2025-08-06,204.81744899810374,214.52892145014,204.77759854868273,212.40733337402344,108483100.0
2025-08-07,218.01508808955717,219.97730473834642,215.7241736307253,219.16053771972656,90224800.0
2025-08-08,219.95738825778145,230.08719950298993,218.38362983130105,228.4437255859375,113854000.0
2025-08-11,227.27701087414155,228.91238364576833,224.12592192869855,226.53909301757812,61806100.0
2025-08-12,227.36673308681236,230.14887046423402,226.42939779448272,229.00210571289062,55626200.0
2025-08-13,230.4181341091737,234.33703985510917,229.77992501054072,232.6717529296875,69878500.0
2025-08-14,233.39969406647393,234.4567012802976,230.19875827485632,232.12330627441406,51916300.0
2025-08-15,233.3398655982593,233.61907447658757,228.69300821277216,230.93666076660156,56038700.0
2025-08-18,231.04634466466607,232.46233685580373,229.46083388892833,230.23863220214844,37476200.0
2025-08-19,230.6275464777077,232.21305735738468,228.70299840660482,229.90957641601562,39402600.0
2025-08-20,229.33119207499826,229.81981519856654,225.13307755654054,225.3723907470703,42263900.0
2025-08-21,225.63166356522294,225.88095827873425,223.14868274098328,224.26551818847656,30621200.0
2025-08-22,225.53193619713707,228.44369658121065,224.77408575714253,227.11744689941406,42477800.0
2025-08-25,225.84107546750252,228.65312729963858,225.59178073979155,226.5191650390625,30983100.0
2025-08-26,226.22996704217394,228.84258604761433,224.05612439304167,228.6630859375,54575100.0
2025-08-27,227.96506627689797,230.24859923631865,227.6160475796746,229.8397674560547,31259500.0
2025-08-28,230.16883391080088,232.7515235304584,228.692998228932,231.90391540527344,38074700.0
2025-08-29,231.85405874294378,232.7216147258446,230.71727541448905,231.485107421875,39418400.0
2025-09-02,228.60325464814514,230.19874691737337,226.3296880547272,229.07192993164062,44075600.0
2025-09-03,236.5408165177042,238.17618932549604,233.69885053091846,237.79725646972656,66427800.0
2025-09-04,237.77731160532718,239.2232180033205,236.07214416452067,239.1035614013672,47549400.0
2025-09-05,239.32291694518142,240.63920029193574,237.81718240373485,239.0137939453125,54870400.0
2025-09-08,238.62490021245955,239.47249309970456,235.67324414176576,237.2089080810547,48999500.0
2025-09-09,236.33139119913957,238.1063683630383,232.70166073618753,233.68887329101562,66313900.0
2025-09-10,231.53498298240493,231.7643298806428,225.31258085277642,226.15020751953125,83440800.0
2025-09-11,226.23995033725743,229.7998710451417,226.010588238333,229.3810577392578,50208600.0
2025-09-12,228.5733443098202,233.84841389514688,228.3739115767776,233.40966796875,55824200.0
2025-09-15,236.33139853346725,237.5180438551372,234.36695488957946,236.03224182128906,42699500.0
2025-09-16,236.51088466190768,240.53949594661788,235.65332541334,237.4781494140625,63421100.0
2025-09-17,238.2958480596019,239.42266510979977,237.05934071942244,238.3157958984375,46508000.0
2025-09-18,239.2930082114909,240.51953392817583,235.98236714862816,237.2089080810547,44249600.0
2025-09-19,240.54944568604057,245.60514967420656,239.53233423145286,244.80740356445312,163741300.0
2025-09-22,247.5995237986898,255.9160073848096,247.42002368458668,255.35755920410156,105517400.0
2025-09-23,255.15814081026073,256.6140134777918,252.86462630601793,253.71221923828125,60275200.0
2025-09-24,254.49999981420794,255.01853710208397,250.33178410429736,251.59820556640625,42303700.0
2025-09-25,252.4956917858775,256.44452717224715,250.99992334214926,256.1453552246094,55202100.0
2025-09-26,253.38315498635407,256.87328100426123,253.06405044687503,254.73931884765625,46076300.0
2025-09-29,253.84185736381545,254.28061851263055,252.29622703166862,253.71221923828125,40127700.0
2025-09-30,254.1410137555297,255.1980209495745,252.39595068950493,253.9116668701172,37704300.0
2025-10-01,254.3205078449461,258.05994405161016,254.21081755391603,254.72935485839844,48713900.0
2025-10-02,255.85613542550084,257.45162766856953,253.43299812845933,256.40460205078125,42630200.0
2025-10-03,253.9515436206674,258.5086431914624,253.23357360959045,257.2920837402344,49155600.0
2025-10-06,257.2621712100349,258.3391414491699,254.33047806472084,255.96585083007812,44664100.0
2025-10-07,256.0854948355218,256.67382669789566,254.70938317067183,255.75643920898438,31955800.0
2025-10-08,255.79633660873378,257.7906945345413,255.38748958216482,257.3320007324219,36496900.0
2025-10-09,257.082687156571,257.2721535801604,252.42586356688122,253.3233184814453,38322000.0
2025-10-10,254.2207817432353,255.6567217403356,243.3116425485481,244.57806396484375,61999100.0
2025-10-13,248.6764678182016,248.98559082884384,244.86723728717817,246.96131896972656,38142900.0
2025-10-14,245.90431694508948,248.14796941642882,244.00966795095763,247.07101440429688,35478000.0
2025-10-15,248.78616738422895,251.10959602979932,246.77186176083558,248.63658142089844,33893600.0
2025-10-16,247.54966879270205,248.33743345063007,244.43847540742667,246.75192260742188,39777000.0
2025-10-17,247.3203043073955,252.66518358811555,246.57242016484557,251.5782470703125,49147000.0
2025-10-20,255.168106265739,263.63416054313814,254.90884523128253,261.50018310546875,90483000.0
2025-10-21,261.1412435480521,264.54162761794373,261.0913663387469,262.0287170410156,46695900.0
2025-10-22,261.9090191460537,262.1084670888602,254.70938662410154,257.72088623046875,45015300.0
2025-10-23,259.206686997747,259.8847613495841,257.28213901467177,258.8476867675781,32754900.0
2025-10-24,260.4531458541269,263.3848541030092,258.44880663072195,262.07855224609375,38253700.0
2025-10-27,264.13276036080543,268.36078929414754,263.90339825112477,268.0516662597656,44888200.0
2025-10-28,268.23113785786586,269.12862319727753,267.39351124836816,268.2411193847656,41534800.0
2025-10-29,268.5203194424725,270.6443152614699,266.35642794866993,268.93914794921875,51086700.0
2025-10-30,271.2226702585742,273.36662916750566,267.72259312931254,270.63433837890625,69886500.0
2025-10-31,276.2085891024436,276.53767519933945,268.40069127196034,269.6072692871094,86167100.0
2025-11-03,269.65711516237894,270.08589475979994,265.49886601188945,268.29095458984375,50194600.0
2025-11-04,267.5730004152706,270.72408938596277,266.86501191822913,269.2781982421875,49274800.0
2025-11-05,267.8522167164328,270.9335263776032,266.17696342424256,269.3779296875,43683100.0
2025-11-06,267.1342708755924,272.6287059365568,267.1342708755924,269.0089416503906,51204000.0
2025-11-07,269.03885049148494,271.5218466038475,266.0173996929098,267.7126159667969,48227400.0
2025-11-10,268.46122924118225,273.22240319845355,266.96401085683,268.93035888671875,41312400.0
2025-11-11,269.3096487524697,275.3983427074405,269.2996575494418,274.73956298828125,46208300.0
2025-11-12,274.49002155435767,275.2186787593472,271.19615348009904,272.9628601074219,48398000.0
2025-11-13,273.6016697208788,276.1868935731559,271.5854266195937,272.44384765625,49602800.0
2025-11-14,270.54732197227213,275.44821996704485,269.10002929321837,271.9048156738281,47431300.0
2025-11-17,268.3214829895084,269.98836893107386,265.237217022597,266.9639892578125,45018300.0
2025-11-18,269.48932037088264,270.2079864201871,264.8279974843966,266.9440612792969,45677300.0
2025-11-19,265.0375710636542,271.7051756343288,265.00762791735707,268.06195068359375,40424500.0
2025-11-20,270.327749378444,274.91922505965954,265.42688147061517,265.7562561035156,45823600.0
2025-11-21,265.4568071090486,272.8230952896135,265.17732758833057,270.98651123046875,59030800.0
2025-11-24,270.397615191446,276.4863089537433,270.397615191446,275.4083251953125,65585800.0
2025-11-25,274.75953066216096,279.8600705608694,274.73957871594786,276.4563903808594,46914200.0
2025-11-26,276.44637611579356,279.01161742605893,276.1170014953278,277.0352783203125,33431400.0
2025-11-28,276.7458380127342,278.4826014787427,275.4781737009374,278.3328857421875,20135600.0
2025-12-01,277.4944549964911,282.89442609469603,275.62792768573877,282.57501220703125,46587700.0
2025-12-02,282.47518456741903,286.86701880065203,282.10587559562896,285.6592712402344,53669500.0
2025-12-03,285.6692634925469,288.0847586222564,282.77461708045536,283.623046875,43538700.0
2025-12-04,283.5731318378766,284.20196835267484,278.07334059490756,280.179443359375,43989100.0
2025-12-05,280.01974631085085,280.6186397013617,277.53434330937836,278.26300048828125,47265800.0
2025-12-08,277.6142094762677,279.15136205700173,275.6378704438954,277.3746643066406,38211800.0
2025-12-09,277.64414811825674,279.5106752769474,276.40645748061854,276.66595458984375,32193300.0
2025-12-10,277.23491184461454,279.2312028389952,275.92734368017386,278.26300048828125,33038300.0
2025-12-11,278.5824273392719,279.07150890817053,273.3022288840155,277.514404296875,33248000.0
2025-12-12,277.38464634485007,278.70220580092337,276.30666253778065,277.7639465332031,39532900.0
2025-12-15,279.63046152672615,279.63046152672615,272.33402020742307,273.6016540527344,50409100.0
2025-12-16,272.3140798989353,274.9891026980292,271.2859911871425,274.1007385253906,37648600.0
2025-12-17,274.50001118897205,275.6478724530811,271.13626563598973,271.33587646484375,50138700.0
2025-12-18,273.1025913325419,273.12257373871984,266.4549687260805,271.68524169921875,51630700.0
2025-12-19,271.6453053723066,274.09077415448866,269.399477884542,273.1625061035156,144632000.0
2025-12-22,272.3539780142796,273.37210596231955,270.00836035897595,270.4674987792969,36571800.0
2025-12-23,270.3377490962612,271.99467443806464,269.06012395403746,271.85491943359375,29642000.0
2025-12-24,271.8349404799371,274.9192064044749,271.69521595033444,273.3022155761719,17910600.0
2025-12-26,273.65157518449314,274.859322715931,272.35396775197984,272.8929748535156,21521800.0
2025-12-29,272.1843267483383,273.8512128461511,271.8449608988494,273.2523498535156,23715200.0
2025-12-30,272.304089543875,273.5717234473003,271.77507361210075,272.5735778808594,22139600.0
2025-12-31,272.553621806917,273.17246717497864,271.24605357156486,271.3558349609375,27293600.0
2026-01-02,271.75509761912826,277.32473598417806,268.5011336129586,270.5074157714844,37838100.0
2026-01-05,270.1381104139889,271.0064921177503,265.6464557026853,266.7643737792969,45647200.0
2026-01-06,266.504853430471,267.0538212812338,261.6338984265986,261.8734436035156,52352100.0
2026-01-07,262.71190159101934,263.1909919246956,259.32817380451803,259.8471984863281,48309800.0
2026-01-08,256.5433578451618,258.80916773471864,255.22581364132833,258.55963134765625,50419300.0
2026-01-09,258.5995368285105,259.7274461787287,255.74485516422806,258.8890075683594,39997000.0
2026-01-12,258.6794199598783,260.8154357257053,256.32378048041085,259.76739501953125,45263800.0
2026-01-13,258.24022168851656,261.3244878277737,257.9108470550362,260.5658874511719,45730800.0
2026-01-14,259.0087756526009,261.33447181199796,256.23393227813756,259.4779052734375,40019400.0
2026-01-15,260.1666175851947,260.5559089501236,256.5732877053955,257.73114013671875,39388600.0
2026-01-16,257.4217372195352,258.41988279267105,254.45724364888233,255.05613708496094,72142800.0
2026-01-20,252.26132447540706,254.31750190322293,242.9685916985444,246.2425079345703,80267500.0
2026-01-21,248.23880604127606,251.09350304772093,244.72532928784554,247.1907501220703,54641700.0
2026-01-22,248.737864640942,250.53452965267718,247.68980878155546,247.8894500732422,39708300.0
2026-01-23,246.86136630134166,248.94748685874615,244.22624741136653,247.58001708984375,41689000.0
2026-01-26,251.01363570547153,256.08421686766076,249.336758511775,254.9363555908203,55969200.0
2026-01-27,258.68937090303496,261.46421404872183,257.73112933459527,257.791015625,49648300.0
2026-01-28,257.17220993748055,258.3799575946877,254.03803333601454,255.96446228027344,41288000.0
2026-01-29,257.52154586161765,259.16847988830324,253.93820707645818,257.801025390625,67253000.0
2026-01-30,254.69678984095313,261.41430490835,251.7123292610244,258.9988098144531,92443400.0
2026-02-02,259.5478036352127,269.98839826257677,258.7293169184304,269.5093078613281,73913400.0
2026-02-03,268.70080609664296,271.3758289780004,267.11372779647115,268.98028564453125,64394700.0
2026-02-04,271.7850411492978,278.432693698261,271.7850411492978,275.97723388671875,90545700.0
2026-02-05,277.6142303156022,278.98168486317746,272.72332314901723,275.3983459472656,52977400.0
2026-02-06,276.6060720438839,280.3890519626743,276.4164219647768,277.6042175292969,50453400.0
2026-02-09,277.6541982366954,277.9439398399519,271.4499228389202,274.3672180175781,44623400.0
2026-02-10,274.6369782150198,275.11651686144285,272.68876099546605,273.4280700683594,34376900.0
2026-02-11,274.44714753122867,279.92208361183503,274.1973776592452,275.24639892578125,51931300.0
2026-02-12,275.3363333447182,275.46621856633783,259.94051360693726,261.4891052246094,81077200.0
2026-02-13,261.7688319830923,261.9886306947134,255.21485759663088,255.5445556640625,56290700.0
2026-02-17,257.8124646511843,266.0449008431299,255.30478047881587,263.6371154785156,58469100.0
2026-02-18,263.35737977838915,266.57441720150126,262.20844437502524,264.106689453125,34203300.0
2026-02-19,262.35827847824623,264.2365527856389,259.81060750150084,260.3401184082031,30845300.0
2026-02-20,258.73163460792017,264.5063132392292,257.9223826043077,264.3364562988281,42070500.0
2026-02-23,263.24744081710827,269.1819753311392,263.13755670993424,265.9349670410156,37308200.0
2026-02-24,267.61343657617186,274.6369951599546,267.46358073991865,271.8895263671875,47014600.0
2026-02-25,271.5298429675081,274.6869380517792,270.8005039088116,273.97760009765625,33714300.0
2026-02-26,274.6969199809464,275.8558253670768,270.55071567552415,272.6987609863281,32345100.0
2026-02-27,272.5588900215503,272.5588900215503,262.6480379442022,263.93682861328125,72366500.0
2026-03-02,262.16844722421786,266.2846497598317,259.960490133898,264.476318359375,41827900.0
2026-03-03,263.23749216234586,265.31556422164516,259.8905695547566,263.5072326660156,38568900.0
2026-03-04,264.4063951364299,265.9050144519466,261.179387723623,262.2783508300781,39803100.0
2026-03-05,260.54995479568396,261.3192350446657,257.01320478174756,260.0504150390625,49658600.0
2026-03-06,258.39192833924307,258.53178361058343,254.13584003818684,257.2229919433594,41120000.0
2026-03-09,255.45463216869055,260.9095975388004,253.44647267699952,259.6407775878906,38218500.0
2026-03-10,257.4128391437035,262.2384104290217,256.71350175461305,260.58990478515625,30590800.0
2026-03-11,260.8496568052655,261.888707997661,259.3110658747261,260.5699157714844,26218900.0
2026-03-12,258.4219063383753,258.71164792954545,253.94601921584928,255.52456665039062,40794000.0
2026-03-13,255.24483747003174,256.0940459350445,249.29033192864068,249.8897705078125,36930000.0
2026-03-16,251.87794235419486,253.6563027081548,249.6499992581203,252.58729553222656,32074200.0
2026-03-17,252.72716690012706,254.89516767044782,251.94787083452104,253.99598693847656,32361600.0
2026-03-18,252.3974721128864,254.70534343896443,248.7708084606242,249.70994567871094,35757900.0
2026-03-19,249.17043241392184,251.5982036354298,247.0723745163624,248.73085021972656,34864100.0
2026-03-20,247.7517334570195,248.97061168291066,245.77356028907465,247.76173400878906,88331100.0
2026-03-23,253.73622734962268,254.3656523266213,250.0496214753341,251.25851440429688,40546100.0
2026-03-24,250.1195650925759,254.5954370944537,249.32029842391177,251.4083709716797,45152300.0
2026-03-25,253.86611511385965,254.76528059453105,251.3684162845015,252.38746643066406,28476700.0
2026-03-26,251.88793104116345,256.76344411909713,250.53918279672283,252.6572265625,41796700.0
2026-03-27,253.666280215245,255.2548282141602,247.8416601166152,248.57098388671875,47900000.0
2026-03-30,249.83982057534305,250.63907198816298,245.28400520065438,246.40298461914062,39446200.0
2026-03-31,247.6818040942864,255.24482803058763,246.87255213324852,253.55638122558594,49598100.0
2026-04-01,253.8461228128272,255.94418062939917,253.096813183035,255.3946990966797,40059400.0
2026-04-02,253.96601496217014,255.89424639361263,250.4192795609811,255.68443298339844,31289400.0
2026-04-06,256.27389167390277,261.9186847371787,256.2239194053331,258.6217041015625,29329900.0
2026-04-07,255.92421782448065,255.96418954301222,245.47383916108728,253.26666259765625,62148000.0
2026-04-08,258.2121146377317,259.51090582044134,256.29386854025813,258.66168212890625,41032800.0
2026-04-09,258.7615948993736,260.879638597066,255.8342992320816,260.2502136230469,28121600.0
2026-04-10,259.7406946341393,261.94865175168746,258.78155637925676,260.240234375,31291500.0
2026-04-13,259.49093671136296,259.9405042051452,256.4237552437805,258.96142578125,36234700.0
2026-04-14,259.01136264890187,261.68888841493145,256.9532612999924,258.59173583984375,48370700.0
2026-04-15,257.92237663273806,266.3146386359468,257.57269269729437,266.18475341796875,49913500.0
2026-04-16,266.55439590858066,266.91408037974617,261.0294875448873,263.15753173828125,43323100.0
2026-04-17,266.7142527536172,272.0493335842862,266.47448343207725,269.98126220703125,61436200.0
2026-04-20,270.08114756253855,274.0275237795767,270.04120633500696,272.79864501953125,36590200.0
2026-04-21,271.250098918132,272.5488901425708,265.1557075406741,265.9250183105469,50209800.0
2026-04-22,267.5734973129919,273.48803128351057,266.62435952726383,272.9185791015625,43249200.0
2026-04-23,274.79681820267325,275.5161566987003,271.39995382845746,273.1783142089844,33399600.0
2026-04-24,272.50893317942314,272.80864483253174,269.4017800912603,270.81048583984375,38157100.0
2026-04-27,265.84505761361925,268.1129570778125,264.8260075108844,267.3636474609375,41466800.0
2026-04-28,272.0893199684016,272.97851539952296,268.4127145556596,270.4608154296875,40018900.0
2026-04-29,267.3037117460274,270.7905199823619,266.7942019267937,269.92132568359375,30047900.0
2026-04-30,270.25102650288807,275.7459641951834,267.893213328058,271.1002502441406,91848200.0
2026-05-01,278.6032901046287,286.95561044034525,278.1137509144006,279.88214111328125,79915400.0
2026-05-04,279.4025768563376,280.3716851917065,274.60697695873915,276.5751647949219,46668400.0
2026-05-05,276.6750995896243,284.30808218316156,276.2455026895375,283.9184265136719,49311700.0
2026-05-06,281.66051049385584,287.76487170009636,280.8112868075762,287.245361328125,58336100.0
2026-05-07,289.00371711581823,291.8611003514943,285.5169394038565,287.1754150390625,45224300.0
2026-05-08,289.7430674686918,294.4886952888782,289.7330669166447,293.0500183105469,52692800.0
2026-05-11,291.9800109863281,293.8800048828125,290.2300109863281,292.67999267578125,42247300.0
2026-05-12,292.55999755859375,295.2699890136719,292.55999755859375,294.79998779296875,45748100.0
2026-05-13,293.5,300.9200134277344,293.5,298.8699951171875,52684300.0
2026-05-14,299.82000732421875,300.45001220703125,295.3800048828125,298.2099914550781,35324900.0
2026-05-15,297.8999938964844,303.20001220703125,296.5199890136719,300.2300109863281,54862800.0
2026-05-18,300.239990234375,300.6600036621094,294.9100036621094,297.8399963378906,34483000.0
2026-05-19,296.9700012207031,300.510009765625,296.3500061035156,298.9700012207031,42243600.0
2026-05-20,298.17999267578125,302.79998779296875,298.0799865722656,302.25,38229800.0
2026-05-21,301.05999755859375,305.5400085449219,300.3999938964844,304.989990234375,42965100.0
2026-05-22,306.1199951171875,311.3999938964844,305.8399963378906,308.82000732421875,43670200.0
2026-05-26,309.55999755859375,311.82000732421875,307.6700134277344,308.3299865722656,48000500.0
2026-05-27,308.3299865722656,313.260009765625,308.29998779296875,310.8500061035156,50430900.0
2026-05-28,310.67999267578125,312.79998779296875,309.57000732421875,312.510009765625,48220400.0
2026-05-29,311.7799987792969,315.0,309.5299987792969,312.05999755859375,70026800.0
2026-06-01,309.6300048828125,310.94000244140625,305.0199890136719,306.30999755859375,48849900.0
2026-06-02,307.4599914550781,315.45001220703125,306.69000244140625,315.20001220703125,44534700.0
2026-06-03,314.17999267578125,316.94000244140625,308.8500061035156,310.260009765625,50836700.0
2026-06-04,313.2300109863281,313.5400085449219,309.6499938964844,311.2300109863281,44869100.0
2026-06-05,312.8599853515625,315.1700134277344,307.1499938964844,307.3399963378906,65310500.0
2026-06-08,308.739990234375,317.3999938964844,301.1700134277344,301.5400085449219,77949100.0
2026-06-09,300.2799987792969,300.75,287.7799987792969,290.54998779296875,70108800.0
2026-06-10,290.739990234375,294.75,287.3800048828125,291.5799865722656,52793300.0
2026-06-11,293.7200012207031,297.0,289.5899963378906,295.6300048828125,42572500.0
2026-06-12,296.0299987792969,297.1400146484375,289.6199951171875,291.1300048828125,38742100.0
2026-06-15,294.1199951171875,297.7799987792969,291.70001220703125,296.4200134277344,45732600.0
2026-06-16,295.25,300.4800109863281,293.9700012207031,299.239990234375,39874400.0
2026-06-17,300.8500061035156,302.07000732421875,294.3599853515625,295.95001220703125,42745100.0
2026-06-18,298.1099853515625,300.57000732421875,295.6199951171875,298.010009765625,85962200.0
2026-06-22,297.30999755859375,302.4200134277344,296.760009765625,297.010009765625,44879900.0
2026-06-23,297.5400085449219,301.6400146484375,294.17999267578125,294.29998779296875,52010900.0
2026-06-24,295.3599853515625,299.70001220703125,292.94000244140625,293.0799865722656,53081900.0
2026-06-25,287.3999938964844,288.79998779296875,273.75,275.1499938964844,107013700.0
2026-06-26,275.0,285.95001220703125,274.2099914550781,283.7799987792969,261775500.0
2026-06-29,286.7300109863281,288.3699951171875,279.8500061035156,281.739990234375,66427000.0
2026-06-30,281.1700134277344,289.94000244140625,280.70001220703125,289.3599853515625,65100200.0
2026-07-01,293.44000244140625,296.5899963378906,289.20001220703125,294.3800048828125,50164200.0
2026-07-02,294.1199951171875,309.4200134277344,293.67999267578125,308.6300048828125,75352800.0
2026-07-06,307.3599853515625,314.20001220703125,307.0,312.6600036621094,53590000.0
2026-07-07,315.2900085449219,315.4800109863281,310.1499938964844,310.6600036621094,42490000.0
2026-07-08,311.9100036621094,314.82000732421875,307.04998779296875,313.3900146484375,41323500.0
2026-07-09,310.510009765625,316.5299987792969,308.1600036621094,316.2200012207031,48124500.0
2026-07-10,314.7200012207031,316.9100036621094,312.1700134277344,315.32000732421875,34132300.0
2026-07-13,317.0199890136719,323.45001220703125,315.7799987792969,317.30999755859375,43257800.0
2026-07-14,313.760009765625,316.19000244140625,311.9100036621094,314.8599853515625,36336800.0
2026-07-15,317.6199951171875,328.7300109863281,317.32000732421875,327.5,60957600.0
2026-07-16,328.010009765625,334.67999267578125,326.7900085449219,333.260009765625,62970600.0
2026-07-17,331.9800109863281,334.989990234375,329.0,333.739990234375,63407100.0
2026-07-20,333.510009765625,333.7099914550781,323.67999267578125,326.5899963378906,53468000.0
2026-07-21,323.1300048828125,329.6000061035156,322.2200012207031,327.739990234375,41338900.0
2026-07-22,327.8699951171875,329.0,323.3399963378906,325.8900146484375,38755900.0
2026-07-23,321.7300109863281,323.29998779296875,319.3500061035156,321.6600036621094,40840800.0
2026-07-24,321.7900085449219,334.3699951171875,321.6199951171875,333.0199890136719,47489400.0
2026-07-27,334.5400085449219,339.57000732421875,334.0199890136719,336.9100036621094,49604300.0
2026-07-28,340.0299987792969,342.8900146484375,335.6000061035156,340.0799865722656,51859000.0
2026-07-29,339.7300109863281,344.57000732421875,337.3500061035156,338.19000244140625,56090800.0
2026-07-30,333.1000061035156,334.75,329.5899963378906,333.42999267578125,74817800.0
2026-07-31,304.80999755859375,310.69000244140625,300.0,308.9100036621094,132489100.0
2026-08-03,309.5799865722656,311.79998779296875,302.55999755859375,303.4200134277344,75052000.0
2026-08-04,302.7300109863281,310.4200134277344,301.32000732421875,309.3800048828125,68001000.0
2026-08-05,309.3599853515625,311.70819091796875,305.6700134277344,311.0,44330978.0
