timestamp,open,high,low,close,volume
2014-01-02,17.203832122611985,17.245627788333458,17.09051854704335,17.1248836517334,234684800.0
2014-01-03,17.11652855299282,17.14253386778468,16.731695198347467,16.74872398376465,392467600.0
2014-01-06,16.639440891864165,16.928915467880078,16.520244311075544,16.84006118774414,412610800.0
2014-01-07,16.8521223559424,16.90289618838617,16.65397907866728,16.719614028930664,317209200.0
2014-01-08,16.681535446469898,16.89051541201002,16.677821819687903,16.82550048828125,258529600.0
2014-01-09,16.928903127650422,16.93076159427748,16.574412192619224,16.61063575744629,279148800.0
2014-01-10,16.713115278064514,16.74314671456267,16.443144849801214,16.499801635742188,304976000.0
2014-01-13,16.405994664475774,16.79578001488339,16.405065430962317,16.586181640625,378492800.0
2014-01-14,16.663274446701536,16.926743607408312,16.645936467592104,16.916217803955078,332561600.0
2014-01-15,17.136962236934817,17.343774601016356,17.07937620386613,17.255847930908203,391638800.0
2014-01-16,17.17968327223023,17.240055339287128,17.079990740498282,17.15955924987793,229278000.0
2014-01-17,17.073806045308793,17.09207160691058,16.715288801923542,16.73912811279297,426739600.0
2014-01-21,16.749032087571116,17.030148397843668,16.73138491649295,16.999189376831055,328526800.0
2014-01-22,17.05615732732106,17.25368066602264,16.960181705631555,17.07473373413086,379985200.0
2014-01-23,17.02612302972225,17.229220083151596,16.867298498356387,17.21931266784668,403239200.0
2014-01-24,17.15181057562006,17.20196601358019,16.86543152354746,16.906299591064453,429354800.0
2014-01-27,17.030145183827834,17.176585426113125,16.89639840231263,17.04345703125,554878800.0
2014-01-28,15.751197304095147,15.944387013923889,15.544074046241937,15.681228637695312,1065523200.0
2014-01-29,15.60227398200408,15.708157000472816,15.437257319878205,15.503201484680176,502810000.0
2014-01-30,15.558619124403695,15.681221726834652,15.377813767985252,15.473169326782227,678501600.0
2014-01-31,15.33075626689904,15.527352013580545,15.28029160483172,15.49855899810791,464797200.0
2014-02-03,15.560785085374215,15.719300395036441,15.45830817015313,15.527347564697266,401464000.0
2014-02-04,15.661094321734767,15.772860263729887,15.565427926712937,15.752116203308105,376681200.0
2014-02-05,15.683082657506674,15.953053162900689,15.673484433717723,15.869771003723145,328344800.0
2014-02-06,15.885968913307305,15.993109514199377,15.815890813293585,15.962274551391602,257765200.0
2014-02-07,16.238528571849777,16.28680362092123,16.11394790736459,16.18558120727539,370280400.0
2014-02-10,16.153809152195393,16.568976468208167,16.133253630373247,16.475540161132812,345559200.0
2014-02-11,16.52599501033181,16.748371547156914,16.491422547166874,16.692623138427734,282256800.0
2014-02-12,16.723462249729767,16.804751229107012,16.607913502632748,16.691381454467773,308100800.0
2014-02-13,16.652135660484284,16.969507106486642,16.637809334702755,16.9564266204834,307398000.0
2014-02-14,16.895389675922964,17.004710928522307,16.85614819653456,16.942729949951172,272924400.0
2014-02-18,17.00532546369716,17.166968617016114,16.99317810880224,17.005014419555664,260251600.0
2014-02-19,16.966393388669974,17.033044991870042,16.642483330294446,16.736541748046875,313768000.0
2014-02-20,16.600123128681496,16.725016487519166,16.475853521402893,16.542816162109375,305858000.0
2014-02-21,16.593891414147514,16.649330444312866,16.338811995246292,16.35905647277832,278784800.0
2014-02-24,16.293660957627477,16.50451401357144,16.27092478895554,16.43069839477539,288909600.0
2014-02-25,16.487688257937716,16.493604748828176,16.226690670475215,16.25970458984375,231952000.0
2014-02-26,16.307985952867543,16.35127765039836,16.058511869705377,16.11301612854004,276217200.0
2014-02-27,16.10647643785904,16.46900761580204,16.072527708577557,16.434436798095703,301882000.0
2014-02-28,16.478349621650672,16.59265420468638,16.261578431677407,16.3898983001709,371968800.0
2014-03-03,16.302065643031575,16.527246645293936,16.283066999166277,16.437236785888672,238781200.0
2014-03-04,16.53814849525307,16.58922627214053,16.43754816231278,16.545621871948242,259140000.0
2014-03-05,16.535658696480034,16.65494331639799,16.479906934056938,16.580507278442383,200062800.0
2014-03-06,16.593897354123886,16.645287839846098,16.447826352209294,16.53036117553711,185488800.0
2014-03-07,16.54095257001425,16.56867209656537,16.383980043180657,16.520708084106445,220729600.0
2014-03-10,16.455929576833007,16.610721500707832,16.455305824977206,16.535661697387695,178584000.0
2014-03-11,16.676748287636944,16.779214909137696,16.587671538432687,16.696680068969727,279224400.0
2014-03-12,16.64746744857473,16.735918759120853,16.5692922385336,16.712871551513672,199326400.0
2014-03-13,16.73872709903123,16.807868738179106,16.480843156251055,16.527250289916992,257742800.0
2014-03-14,16.46931583794348,16.534721604923472,16.28898507584756,16.34162139892578,237199200.0
2014-03-17,16.43536814529216,16.506066650269716,16.37774846453441,16.405467987060547,199544800.0
2014-03-18,16.379310701120737,16.56836239754,16.357509326954663,16.550609588623047,209647200.0
2014-03-19,16.57739157499691,16.70134849683447,16.475856446516705,16.546245574951172,224756000.0
2014-03-20,16.50357899409172,16.590164058411897,16.424470634489992,16.466516494750977,208398400.0
2014-03-21,16.56711145600701,16.623796342055464,16.39269885304381,16.59638786315918,374046400.0
2014-03-24,16.769242335678165,16.83402433849115,16.664593461387998,16.793224334716797,355700800.0
2014-03-25,16.865160262931177,16.9975269130975,16.80567103533095,16.97385597229004,282293200.0
2014-03-26,17.02152343689885,17.0987638569097,16.782950888238172,16.811603546142578,299768000.0
2014-03-27,16.819079562632197,16.865175647305996,16.666468305503017,16.739347457885742,222031600.0
2014-03-28,16.76612967475564,16.78543936214901,16.639368371752692,16.720657348632812,200564000.0
2014-03-31,16.79447422295311,16.843684072626644,16.691693251818176,16.716922760009766,168669200.0
2014-04-01,16.748686683267227,16.87669548012874,16.71785339453658,16.869842529296875,200760000.0
2014-04-02,16.8925804280899,16.926840195760104,16.82655257270143,16.89787483215332,180420800.0
2014-04-03,16.861745367401433,16.89631617560473,16.74495079274732,16.7807674407959,162344000.0
2014-04-04,16.812538347541032,16.818454840296138,16.525066992500427,16.56368637084961,275251200.0
2014-04-07,16.44533651615308,16.535035345590295,16.25441691480992,16.303625106811523,289850400.0
2014-04-08,16.357190933881252,16.386156292785834,16.155057173104762,16.30268669128418,243888400.0
2014-04-09,16.27777338300154,16.522264085124288,16.258463694040927,16.516969680786133,206169600.0
2014-04-10,16.52818442549841,16.57677219839341,16.294284140938913,16.303939819335938,239652000.0
2014-04-11,16.164400802956195,16.283688718680953,16.106471746107708,16.183401107788086,271717600.0
2014-04-14,16.25472841046884,16.26282554017803,16.108657388118385,16.24787712097168,205674000.0
2014-04-15,16.20395358773592,16.24662151454524,15.925514260898783,16.132007598876953,266490000.0
2014-04-16,16.134816558847124,16.229498741000025,16.013038602626253,16.164716720581055,214765600.0
2014-04-17,16.19555010461449,16.43723808995613,16.17063330303147,16.349407196044922,284334400.0
2014-04-21,16.361865401284774,16.573653222195567,16.318884750736697,16.54344367980957,182548800.0
2014-04-22,16.45436807703194,16.564000346879016,16.397995889424607,16.559951782226562,202563200.0
2014-04-23,16.4777231114015,16.54219407254145,16.33414215586586,16.343486785888672,394940000.0
2014-04-24,17.697065294428068,17.752815390835266,17.46409818810016,17.683361053466797,759911600.0
2014-04-25,17.58244812319373,17.81479145737233,17.56469698268219,17.813236236572266,390275200.0
2014-04-28,17.840011142243295,18.55479521842716,17.8322233991664,18.503093719482422,669485600.0
2014-04-29,18.49220532155831,18.56197070803339,18.360460633868858,18.44828987121582,337377600.0
2014-04-30,18.4579458452182,18.669422644185214,18.36949285469226,18.378524780273438,456640800.0
2014-05-01,18.43800822037134,18.52521535092352,18.26234978269194,18.42181396484375,244048000.0
2014-05-02,18.448596571009368,18.506527288623698,18.366683853665993,18.456069946289062,191514400.0
2014-05-05,18.380077206284586,18.718315221623673,18.375715935384708,18.71706771850586,287067200.0
2014-05-06,18.74323569501625,18.82452468467482,18.513072967529297,18.513072967529297,374564400.0
2014-05-07,18.539234540669874,18.602770726268783,18.30502157773996,18.44828987121582,282864400.0
2014-05-08,18.423541903508145,18.616469484142968,18.36560207661476,18.4153995513916,230297200.0
2014-05-09,18.30734696181845,18.36090282881609,18.175492045946903,18.338666915893555,291597600.0
2014-05-12,18.399741691525996,18.592980394390477,18.396921640863575,18.566986083984375,213208800.0
2014-05-13,18.540997452252416,18.6205476673666,18.50028400006372,18.596118927001953,159737200.0
2014-05-14,18.55445690570752,18.710113321953344,18.532846554455162,18.59955596923828,166404000.0
2014-05-15,18.625547029261696,18.685052420361945,18.416960361211665,18.441389083862305,230846000.0
2014-05-16,18.435443898566966,18.71418566720861,18.33428336254547,18.713560104370117,276256400.0
2014-05-19,18.724206603224292,19.02111308797386,18.70792022652223,18.935298919677734,317755200.0
2014-05-20,18.932790499030894,18.991983114737284,18.814403594990587,18.939054489135742,234836000.0
2014-05-21,18.911496348412836,19.001381695554034,18.85606211675699,18.989168167114258,196859600.0
2014-05-22,18.99825249263064,19.10004026991638,18.919955103056694,19.019235610961914,200760000.0
2014-05-23,19.01861256634196,19.252880875837153,18.994183831084378,19.234088897705078,232209600.0
2014-05-27,19.288897793750657,19.601463506659737,19.28106822093236,19.594261169433594,348866000.0
2014-05-28,19.606469085031833,19.7257960225323,19.536314058615293,19.54351806640625,315481600.0
2014-05-29,19.66378808213764,19.946288289425382,19.661282485139978,19.899621963500977,376474000.0
2014-05-30,19.981052009026282,20.17491797520499,19.69667344292699,19.825082778930664,564020800.0
2014-06-02,19.855143065878973,19.882390169069215,19.496223950410915,19.6888370513916,369350800.0
2014-06-03,19.68289135027826,20.0048538495792,19.676314576814576,19.967269897460938,292709200.0
2014-06-04,19.96413889982196,20.29142537683936,19.922483770709768,20.195274353027344,335482000.0
2014-06-05,20.238494638099986,20.337776819553767,20.12605890988757,20.274511337280273,303805600.0
2014-06-06,20.354372850594956,20.396967989233673,20.18431009531526,20.218759536743164,349938400.0
2014-06-09,20.323053157428276,20.581750133882963,20.11478089082507,20.542287826538086,301660000.0
2014-06-10,20.76809996459,20.838254988502612,20.51378695751446,20.662866592407227,251108000.0
2014-06-11,20.636558499081097,20.77467740908027,20.491864489353112,20.57736587524414,182724000.0
2014-06-12,20.61682442910608,20.63436360061612,20.147662463291052,20.233163833618164,218996000.0
2014-06-13,20.21343329238676,20.266050810678017,19.924043632295138,20.011737823486328,218100000.0
2014-06-16,20.06217101936027,20.33402162176274,20.04901579790505,20.213441848754883,142244000.0
2014-06-17,20.237558751027755,20.32306016766321,20.125750235506537,20.187135696411133,118904000.0
2014-06-18,20.22878908568801,20.233174717238324,20.02709352271096,20.20905876159668,134056000.0
2014-06-19,20.233175582355397,20.23536839822431,20.024901563147633,20.138904571533203,142112000.0
2014-06-20,20.136711162210243,20.290176488571323,19.928438821768953,19.930631637573242,403592000.0
2014-06-23,20.02051621286005,20.086287303329787,19.862666933835325,19.9130916595459,174776000.0
2014-06-24,19.895549658882903,20.112591550462128,19.772778758212322,19.792509078979492,156144000.0
2014-06-25,19.77716161092303,19.884586143005144,19.654390717114907,19.810047149658203,147476000.0
2014-06-26,19.812238353463858,19.961318000659954,19.68727465453682,19.92843246459961,130516000.0
2014-06-27,19.910895756942963,20.169592774653424,19.899933352688127,20.16520881652832,256116000.0
2014-06-30,20.191516539013698,20.548870188256476,20.189323723568865,20.37348175048828,197929200.0
2014-07-01,20.502826690673828,20.623406434624965,20.41732529864589,20.502826690673828,152892000.0
2014-07-02,20.579561915648984,20.62121537131152,20.40855744443784,20.494060516357422,113860000.0
2014-07-03,20.53571845379487,20.629989462386213,20.432677854563824,20.614643096923828,91567200.0
2014-07-07,20.638757094120784,21.04434100509835,20.629987504313434,21.03995704650879,225872000.0
2014-07-08,21.105727309330227,21.22192312447617,20.59052601399795,20.90403175354004,260888000.0
2014-07-09,20.92375460687731,21.03556306914597,20.7746749845582,20.912792205810547,145744000.0
2014-07-10,20.55544703636468,20.947877371004665,20.502829501266906,20.83606719970703,158744000.0
2014-07-11,20.90621914951098,21.022413261906475,20.796601809873287,20.875526428222656,136072000.0
2014-07-14,21.01583970025496,21.24165118679092,20.96980061128795,21.145187377929688,171240000.0
2014-07-15,21.22191755363286,21.23287828398413,20.83387123591054,20.897449493408203,181911600.0
2014-07-16,21.259188697005193,21.287688605283165,20.770294589928657,20.779064178466797,213585200.0
2014-07-17,20.833873754917082,20.888682431183888,20.294556581167097,20.408557891845703,229192000.0
2014-07-18,20.52475765485206,20.770299501471268,20.39321546830219,20.70233726501465,199952000.0
2014-07-21,20.8251012578695,20.827294072949808,20.54667395727157,20.594905853271484,156316000.0
2014-07-22,20.757139607015013,20.80317868918331,20.63436872123289,20.76590919494629,220788000.0
2014-07-23,20.919372507727477,21.45868961320087,20.864563838399352,21.307418823242188,371672000.0
2014-07-24,21.27453168213099,21.335917119527007,21.13860559030573,21.2723388671875,182916000.0
2014-07-25,21.23288247173867,21.449924377984104,21.186843380876194,21.412654876708984,173876000.0
2014-07-28,21.445539090605358,21.756851974838742,21.386346455343887,21.708620071411133,221272000.0
2014-07-29,21.776585684073943,21.800701637687794,21.539811779117002,21.56831169128418,172572000.0
2014-07-30,21.581467295061717,21.638467120407263,21.41265561677001,21.51788902282715,132040000.0
2014-07-31,21.300844787087776,21.36442137976365,20.899644874632607,20.958837509155273,227372000.0
2014-08-01,20.805377299880533,21.182461322826782,20.78564530338164,21.075035095214844,194044000.0
2014-08-04,21.12764852832189,21.173687614360674,20.864565886149972,20.95664405822754,159832000.0
2014-08-05,20.906211569255213,20.976366574281148,20.686976969470766,20.853595733642578,223732000.0
2014-08-06,20.77249003783926,20.932532121844456,20.763720448189694,20.81852912902832,154232000.0
2014-08-07,20.915469894953947,21.14020084420526,20.732599587839513,20.81632423400879,186844000.0
2014-08-08,20.767850589942068,20.891232144833175,20.55193118793501,20.873605728149414,167460000.0
2014-08-11,20.990375334938353,21.16883984126999,20.895635457560235,21.149009704589844,146340000.0
2014-08-12,21.16003787408469,21.34511028302283,21.065297946381122,21.144615173339844,135180000.0
2014-08-13,21.184275200629447,21.424428939819336,21.16003928627746,21.424428939819336,127664000.0
2014-08-14,21.44424793130796,21.49712549831542,21.32747586706552,21.48170280456543,112464000.0
2014-08-15,21.56983886564293,21.63373337965027,21.340700440531506,21.587465286254883,195804000.0
2014-08-18,21.699827288219296,21.89371452940123,21.587462652659166,21.84744644165039,190288000.0
2014-08-19,21.90252507285289,22.18233728784633,21.8826949342602,22.149288177490234,277596000.0
2014-08-20,22.129458463996006,22.272668465832606,22.02149793089636,22.158100128173828,210796000.0
2014-08-21,22.158099393766403,22.23962030119018,22.056750030479975,22.160303115844727,133912000.0
2014-08-22,22.09641431398527,22.356398114920268,22.074382130370005,22.323348999023438,176736000.0
2014-08-25,22.42689792436125,22.51062087884884,22.314531623667936,22.371816635131836,161080000.0
2014-08-26,22.345377336299595,22.363003752536894,22.22199578453365,22.228605270385742,132608000.0
2014-08-27,22.257248989081187,22.59875369115224,22.186744998576238,22.50181007385254,209476000.0
2014-08-28,22.382836209430216,22.645023734727758,22.376226722397146,22.52825164794922,273840000.0
2014-08-29,22.662651178995773,22.671464389087717,22.517235733900595,22.58333396911621,178380000.0
2014-09-02,22.706714705035647,22.85653590913751,22.631804943458658,22.759593963623047,214256000.0
2014-09-03,22.715526913641256,22.737559096607686,21.719657787407318,21.798974990844727,501684000.0
2014-09-04,21.779141631038772,22.052344357534434,21.54559750040115,21.618305206298828,342872000.0
2014-09-05,21.768130979691822,21.898122044105186,21.660170418694918,21.805585861206055,233828000.0
2014-09-08,21.87829074403613,21.880492785523337,21.602884272842054,21.671184539794922,185426800.0
2014-09-09,21.82981785698167,22.71111852123497,21.182061330852257,21.589662551879883,759385200.0
2014-09-10,21.5940738701242,22.27708167125042,21.53899256872776,22.252845764160156,403478400.0
2014-09-11,22.12285093160069,22.349785585749242,21.948793847120825,22.34758186340332,249412400.0
2014-09-12,22.29911277032032,22.51503220090262,22.270471100129416,22.39826011657715,250504400.0
2014-09-15,22.651633046845465,22.704512304597426,22.34978860168034,22.39164924621582,245266000.0
2014-09-16,21.988455944656863,22.31013053951151,21.78795920295445,22.222000122070312,267632400.0
2014-09-17,22.312326647963715,22.429100386565853,22.16250548243852,22.38062858581543,243706000.0
2014-09-18,22.457744345210795,22.5502805119467,22.376223428259095,22.426898956298828,149197600.0
2014-09-19,22.537064824446755,22.550283798493425,22.142682516225122,22.24403190612793,283609600.0
2014-09-22,22.429097859664317,22.504007593513727,22.16030094465688,22.266056060791016,211153600.0
2014-09-23,22.164719716169525,22.680281672991445,22.151500739131198,22.61418342590332,253608800.0
2014-09-24,22.508426881133847,22.660450150689464,22.296913175672895,22.418092727661133,240687200.0
2014-09-25,22.14489289538715,22.188957276086544,21.530185203224903,21.563234329223633,400368000.0
2014-09-26,21.7086356441495,22.197757720947266,21.679993981263536,22.197757720947266,249482000.0
2014-09-29,21.735082367422326,22.129464696210654,21.730674921878347,22.0567569732666,199065200.0
2014-09-30,22.210976691364262,22.37181478220982,22.149285921488403,22.197757720947266,221056400.0
2014-10-01,22.16251199534282,22.184545861029893,21.746097484265874,21.85185432434082,205965200.0
2014-10-02,21.871676867988306,22.080986768742,21.60067787522648,22.010482788085938,191031200.0
2014-10-03,21.909132910651714,22.07878253232824,21.821002516647464,21.94879150390625,173878400.0
2014-10-06,22.02149752408336,22.175726133827656,21.9047254664304,21.94879150390625,148204800.0
2014-10-07,21.90693177894182,22.058956684551756,21.752704831908304,21.757110595703125,168376800.0
2014-10-08,21.75931855873317,22.277082474335383,21.660171204076587,22.208782196044922,229618800.0
2014-10-09,22.37180836865524,22.55688062522627,22.166905981196212,22.257238388061523,309506000.0
2014-10-10,22.184542351611675,22.479777278497668,22.098615668058425,22.193355560302734,265326400.0
2014-10-13,22.325551117346482,22.42469677696446,21.99065589904785,21.99065589904785,214333600.0
2014-10-14,22.11844374099393,22.147085408029394,21.717451997759127,21.757110595703125,254754400.0
2014-10-15,21.585260381712455,21.84524418818746,20.97055286434491,21.490520477294922,403734400.0
2014-10-16,21.052069249982026,21.530174433298715,21.021223862732402,21.208499908447266,288618000.0
2014-10-17,21.4817082489637,21.812196068178526,21.329683314221526,21.519163131713867,272718800.0
2014-10-20,21.6623759155265,22.023709147728173,21.640343729357728,21.979644775390625,310069200.0
2014-10-21,22.697902865549104,22.697902865549104,22.312333740048803,22.576725006103516,378495600.0
2014-10-22,22.658250311274436,22.93806434984423,22.60537271632009,22.691299438476562,273052400.0
2014-10-23,22.931447231504766,23.145162944568984,22.832299882883824,23.096691131591797,284298800.0
2014-10-24,23.17380397802403,23.242104250278015,23.03059226569821,23.1826171875,188215600.0
2014-10-27,23.101099294476853,23.2399052607683,23.068050174838508,23.158384323120117,136750800.0
2014-10-28,23.222270756560278,23.517505645751953,23.211253826866123,23.517505645751953,192243600.0
2014-10-29,23.49768074856068,23.656315146878534,23.433786244741114,23.649703979492188,210751600.0
2014-10-30,23.565977534974923,23.6519042078786,23.332433416923646,23.570384979248047,162619200.0
2014-10-31,23.797320146746642,23.803929632357416,23.621059352704226,23.795116424560547,178557200.0
2014-11-03,23.843594749691533,24.30187159481133,23.797326656811357,24.103578567504883,209130400.0
2014-11-04,24.094760448893982,24.123402115523817,23.733427308720508,23.92731285095215,166297600.0
2014-11-05,24.037487199288815,24.08155326291834,23.823771413293855,23.984609603881836,149743600.0
2014-11-06,24.031066329646368,24.073110172522814,23.854042910416698,24.053194046020508,139874000.0
2014-11-07,24.064264135603473,24.19039400423302,24.020008692947705,24.121797561645508,134766000.0
2014-11-10,24.12400283113677,24.1926009439874,24.0465549826633,24.081960678100586,108782000.0
2014-11-11,24.05318888289472,24.285534075540607,23.986805748021737,24.27446937561035,109769200.0
2014-11-12,24.203670656197346,24.65729654717254,24.2014590657978,24.61746597290039,187769600.0
2014-11-13,24.739159374613205,25.10427083130403,24.694902263819422,24.96486473083496,238091600.0
2014-11-14,25.037893235929197,25.26802519825433,24.608608451569186,25.265811920166016,176254400.0
2014-11-17,25.28572651521806,25.951781412066296,25.071085809942154,25.22376823425293,186986800.0
2014-11-18,25.212706740692894,25.59994770831445,25.201642037751906,25.551265716552734,176896000.0
2014-11-19,25.544624007952873,25.611007151631917,25.181724086817603,25.374237060546875,167476800.0
2014-11-20,25.427358652940015,25.858855217163367,25.41408066679965,25.737150192260742,173582000.0
2014-11-21,26.00267490151367,26.015951192745366,25.67517898249498,25.77254295349121,228717200.0
2014-11-24,25.856630179860787,26.281488401929344,25.8057366022178,26.25050926208496,189803200.0
2014-11-25,26.347879088082085,26.498349952838534,25.989403933981958,26.02259635925293,275361600.0
2014-11-26,26.097827278673375,26.354511825723293,26.073486284353574,26.33238410949707,163073200.0
2014-11-28,26.392129104043402,26.42089665454155,26.122168264987792,26.31689453125,99257600.0
2014-12-01,26.29033421826363,26.387698173142237,24.6218791374741,25.462745666503906,335256000.0
2014-12-02,25.11534245619388,25.613223694312257,24.949382043487752,25.365388870239258,237395600.0
2014-12-03,25.613224623016894,25.74599262034848,25.47160520076498,25.65305519104004,172253600.0
2014-12-04,25.617647138547397,25.93407837538118,25.511433425731827,25.555688858032227,168178000.0
2014-12-05,25.666329069702595,25.686245195958865,25.36760068175069,25.447261810302734,153275600.0
2014-12-08,25.24810922534383,25.369814197392564,24.699334432664987,24.871932983398438,230659600.0
2014-12-09,24.382902309878105,25.292365429538442,24.197025785507254,25.252534866333008,240832000.0
2014-12-10,25.316709602251393,25.414071900351615,24.681633789235363,24.772357940673828,178261200.0
2014-12-11,24.84094875748336,25.18172092122044,24.63736941971162,24.699329376220703,165606800.0
2014-12-12,24.442652268315346,24.754658691415482,24.247925968834583,24.281118392944336,224112400.0
2014-12-15,24.49575547853477,24.694908305237607,23.53318545241372,23.949193954467773,268872400.0
2014-12-16,23.537612379467102,24.376265854733415,23.513271384251297,23.6216983795166,243162800.0
2014-12-17,23.703571630097002,24.305453270050986,23.637186793985563,24.210304260253906,213647200.0
2014-12-18,24.754649485797053,24.927248001098633,24.486900290491246,24.927248001098633,236024800.0
2014-12-19,24.840954709101993,25.057808700012927,24.70818671838803,24.734739303588867,353719200.0
2014-12-22,24.81882411644418,25.113125927153245,24.776780277098712,24.991422653198242,180670000.0
2014-12-23,25.055596252517997,25.077723968840214,24.88520929154019,24.902912139892578,104113600.0
2014-12-24,24.911761006959598,24.940526866402106,24.78563117980957,24.78563117980957,57918400.0
2014-12-26,24.805548149501757,25.341046650113576,24.78563371129291,25.22376823425293,134884000.0
2014-12-29,25.1795099547305,25.396363913590044,25.159593830536913,25.206064224243164,110395600.0
2014-12-30,25.146314212956373,25.208272478718953,24.807755340585032,24.898479461669922,119526000.0
2014-12-31,24.964872848236773,25.033469281976277,24.38733044841849,24.42494773864746,165613600.0
2015-01-02,24.648441478964468,24.659506182275138,23.75446781268404,24.192604064941406,212818400.0
2015-01-05,23.962469395093265,24.042130522942855,23.32518206053304,23.511056900024414,257142000.0
2015-01-06,23.575233439406734,23.772173022582894,23.152586716885562,23.513275146484375,263188400.0
2015-01-07,23.721278247722207,23.942558834690647,23.610637954237987,23.84298324584961,160423600.0
2015-01-08,24.170475495010283,24.816614303203295,24.05319538405384,24.75908088684082,237458000.0
2015-01-09,24.93167544313448,25.060018548160507,24.38732557394823,24.78563117980957,214798000.0
2015-01-12,24.916191524620462,24.9228296715174,24.075326382352763,24.174901962280273,198603200.0
2015-01-13,24.657285094527893,24.960439973916245,24.099659001957065,24.389535903930664,268367600.0
2015-01-14,24.128438048664517,24.449294259620693,24.008946316023966,24.296611785888672,195826400.0
2015-01-15,24.340866056986478,24.35414235278172,23.601789661609924,23.63719367980957,240056000.0
2015-01-16,23.68366522717368,23.805370247264513,23.278721274766596,23.453533172607422,314053200.0
2015-01-20,23.862894935009866,24.11294304990514,23.56637979303794,24.0576229095459,199599600.0
2015-01-21,24.108517538238907,24.57541967816757,23.958046682410192,24.241287231445312,194303600.0
2015-01-22,24.398392763814055,24.88742255363768,24.278901069867082,24.871932983398438,215185600.0
2015-01-23,24.849807624202118,25.170663761693863,24.679420647171945,25.00027847290039,185859200.0
2015-01-26,25.168450094718995,25.30564464790185,24.960447519022203,25.026830673217773,222460000.0
2015-01-27,24.8763564222506,24.88963440186182,24.126215571319666,24.150556564331055,382274800.0
2015-01-28,26.02923430226332,26.13766300317951,25.5158634185791,25.5158634185791,585908400.0
2015-01-29,25.739356482562314,26.37443234220827,25.571182772424184,26.310260772705078,337745600.0
2015-01-30,26.199611652697993,26.553660116605485,25.85662620089734,25.92522430419922,334982000.0
2015-02-02,26.12216783483101,26.370000953586086,25.686244910716674,26.25050926208496,250956400.0
2015-02-03,26.22175141960428,26.352306164841792,26.02481181826284,26.25494384765625,207662800.0
2015-02-04,26.221745794516334,26.666520183230848,26.179701948787283,26.456302642822266,280598800.0
2015-02-05,26.662908809726655,26.709562617574388,26.491851062250362,26.645137786865234,168984800.0
2015-02-06,26.662904175232608,26.714000306189355,26.314122700569396,26.420757293701172,174826400.0
2015-02-09,26.336342353208384,26.622919358205184,26.30968327825307,26.596261978149414,155559200.0
2015-02-10,26.696227782593457,27.13609315192371,26.694007464418103,27.10721206665039,248034000.0
2015-02-11,27.273828015082834,27.75145914200605,27.213847220027088,27.742572784423828,294247200.0
2015-02-12,28.004708845932345,28.320168545378706,27.895853953216548,28.093570709228516,297898000.0
2015-02-13,28.275738069644984,28.275738069644984,27.913627951528106,28.231307983398438,217088800.0
2015-02-17,28.32239504441379,28.631190468113697,28.195767412422946,28.39792823791504,252609600.0
2015-02-18,28.353499200434882,28.6089765023717,28.313511434089126,28.59564781188965,179566800.0
2015-02-19,28.54232985737203,28.664515170633745,28.50900813093667,28.53566551208496,149449600.0
2015-02-20,28.573432021439938,28.76892852783203,28.446806067835475,28.76892852783203,195793600.0
2015-02-23,28.884447331881436,29.546464920043945,28.804471802520936,29.546464920043945,283896400.0
2015-02-24,29.533140985513565,29.679763377916654,29.139927620359686,29.36208152770996,276912400.0
2015-02-25,29.22656760722152,29.235455661833292,28.469021967049812,28.6112003326416,298846800.0
2015-02-26,28.611194771331103,29.073275217137283,28.126900972912463,28.97330665588379,365150000.0
2015-02-27,28.880004971043817,29.00663431225127,28.489015354840497,28.53788948059082,248059200.0
2015-03-02,28.713386617938777,28.942204824251785,28.502341127333437,28.677841186523438,192386800.0
2015-03-03,28.648965199633246,28.773370827213807,28.455689023399984,28.737825393676758,151265200.0
2015-03-04,28.680075023740677,28.78226393790186,28.506795221641184,28.555665969848633,126665200.0
2015-03-05,28.56454922445823,28.602314981152542,27.93807528645344,28.082475662231445,226068400.0
2015-03-06,28.52455744842278,28.740046987832674,28.049149965508676,28.12468147277832,291368400.0
2015-03-09,28.42681219847674,28.784481799889047,27.782565564049722,28.244646072387695,354114000.0
2015-03-10,28.082475983552712,28.262420104484363,27.50265415510651,27.660383224487305,275426400.0
2015-03-11,27.713692602364425,27.718134933579027,27.127206577874272,27.156085968017578,275756000.0
2015-03-12,27.17164166982553,27.747021124712568,27.020576957239324,27.647050857543945,193450800.0
2015-03-13,27.6359451838697,27.85809908133666,27.231625158275826,27.45599937438965,207309200.0
2015-03-16,27.520420732700014,27.75812530517578,27.296046544920685,27.75812530517578,143497200.0
2015-03-17,27.969172096263538,28.284630179522154,27.91363362970817,28.222427368164062,204092400.0
2015-03-18,28.213537498470796,28.693390603335025,28.073581190335037,28.540103912353516,261083600.0
2015-03-19,28.602307787128524,28.713384710573685,28.302400432806465,28.324615478515625,183238000.0
2015-03-20,28.491234702958103,28.524556428562374,27.804780037116988,27.969173431396484,274780400.0
2015-03-23,28.240199836860707,28.402371208638087,28.106906162375846,28.26019287109375,150838800.0
2015-03-24,28.264639509679526,28.44458191910523,28.11579511873549,28.144676208496094,131369200.0
2015-03-25,28.111346845968825,28.173549649385247,27.409339904785156,27.409339904785156,206620800.0
2015-03-26,27.271606553032868,27.742571620841588,27.236061124194826,27.600393295288086,190291600.0
2015-03-27,27.673713378583198,27.70259277763518,27.30493875763532,27.380470275878906,158184800.0
2015-03-30,27.55818859325754,28.080249855252642,27.54708022165996,28.073585510253906,188398800.0
2015-03-31,28.011377420809122,28.10023929752984,27.627052219223547,27.642602920532227,168362400.0
2015-04-01,27.72924489692644,27.795891733269624,27.34713998434433,27.602617263793945,162485600.0
2015-04-02,27.77589576687005,27.893637036917603,27.589287345262466,27.840320587158203,128880400.0
2015-04-06,27.651489718775586,28.326837619766778,27.620388315662122,28.291292190551758,148776000.0
2015-04-07,28.3557167256603,28.462349622438023,27.98694222319662,27.993606567382812,140049200.0
2015-04-08,27.958063414057815,28.080248717080543,27.762568624120924,27.902524948120117,149316800.0
2015-04-09,27.958064183930947,28.12023725469051,27.693702231319484,28.115793228149414,129936000.0
2015-04-10,27.98027485633653,28.260189163168846,27.826989862630114,28.23575210571289,160752000.0
2015-04-13,28.517888945434937,28.56232242775019,28.126899385571637,28.18021583557129,145460400.0
2015-04-14,28.213540012397917,28.2779648347118,27.971393120331427,28.058032989501953,102098400.0
2015-04-15,28.08246557769992,28.242414906537324,27.993603709524145,28.164661407470703,115881600.0
2015-04-16,28.05358706751612,28.235753151270146,28.015821320921834,28.029150009155273,113476000.0
2015-04-17,27.89142314080552,28.022493129747293,27.64927450569817,27.713699340820312,207828000.0
2015-04-20,27.895856455518796,28.46234770691129,27.806994584251576,28.34682846069336,188217200.0
2015-04-21,28.457915698279347,28.480129054206348,28.14023386134807,28.193552017211914,129740400.0
2015-04-22,28.21132456644598,28.62897330723183,28.062481853468558,28.573434829711914,150618000.0
2015-04-23,28.502340516861693,28.973305608731458,28.466795086207675,28.806690216064453,183083600.0
2015-04-24,28.988855411663177,29.01995681325253,28.70893940756047,28.942201614379883,178103600.0
2015-04-27,29.39317653982719,29.575344331297668,29.135477249853828,29.468708038330078,387816800.0
2015-04-28,29.87080802009011,29.8885773449825,28.784475834361594,29.004405975341797,475696000.0
2015-04-29,28.915551915727747,29.233230359891007,28.502345533592692,28.577877044677734,253544400.0
2015-04-30,28.577873518344195,28.577873518344195,27.675929354283394,27.80255699157715,332781600.0
2015-05-01,28.013601789062115,28.908883280787258,27.835879715578056,28.646739959716797,234050400.0
2015-05-04,28.768933229221044,29.006639555593452,28.493461142451128,28.591209411621094,203953200.0
2015-05-05,28.469022007462865,28.53566885794729,27.942518329255186,27.946962356567383,197085600.0
2015-05-06,28.115791315351583,28.15800109012273,27.4048996580972,27.771453857421875,288564000.0
2015-05-07,27.833912656741475,28.12615094289495,27.666601323454554,27.94322395324707,175763600.0
2015-05-08,28.260011889993745,28.469709396362305,28.132855289786765,28.469709396362305,222201600.0
2015-05-11,28.41839260613247,28.456316106647098,28.025768130626794,28.17969512939453,168143200.0
2015-05-12,28.01907641863355,28.304620877619083,27.845072870312944,28.079309463500977,192640000.0
2015-05-13,28.14176979893889,28.373775078379587,28.079307166393143,28.110538482666016,138776800.0
2015-05-14,28.422860539656728,28.76640510559082,28.367090074774246,28.76640510559082,180814000.0
2015-05-15,28.79317110450878,28.886865057060014,28.60132061005864,28.726245880126953,152832000.0
2015-05-18,28.639242732797204,29.161253330755034,28.63478014366407,29.043020248413086,203531600.0
2015-05-19,29.154565982832896,29.196952076729875,28.92032937190029,29.01625633239746,178532800.0
2015-05-20,29.000630835847524,29.21925002288651,28.853396046961823,29.014015197753906,145819600.0
2015-05-21,29.016257985244955,29.36426512807288,28.962717115594927,29.31072425842285,158921600.0
2015-05-22,29.357574281479813,29.66319534191092,29.312955186093877,29.56726837158203,182384000.0
2015-05-26,29.580655133384035,29.649809963330227,28.804327832413943,28.915868759155273,282790400.0
2015-05-27,29.076480619826217,29.504797261823935,29.01178839640263,29.455718994140625,183332800.0
2015-05-28,29.41556919850586,29.435645745544992,29.246028239133516,29.397722244262695,122933200.0
2015-05-29,29.275022110760137,29.32410037647806,28.978322923995577,29.063095092773438,203538000.0
2015-06-01,29.06309180969933,29.310712702773795,29.011783957320315,29.121091842651367,128451200.0
2015-06-02,28.969401122461218,29.147867233632002,28.848938454696757,28.991710662841797,134670400.0
2015-06-03,29.147872787179708,29.210335427396807,28.978328417483077,29.027406692504883,123934000.0
2015-06-04,28.906944563206427,29.130026398016824,28.7574801423585,28.857866287231445,153800400.0
2015-06-05,28.88909716029949,28.93148325289006,28.634784008714654,28.69947624206543,142507200.0
2015-06-08,28.75524321274129,28.824401431399306,28.293465647897676,28.509855270385742,210699200.0
2015-06-09,28.26446588519156,28.572319885753103,28.02353881333458,28.425085067749023,224301600.0
2015-06-10,28.536623891216717,28.853399643667018,28.521008233053088,28.750783920288086,156349200.0
2015-06-11,28.817711758651104,29.040793608725043,28.661555144391127,28.686094284057617,141563600.0
2015-06-12,28.596858599647057,28.6280899177964,28.35592982936992,28.369314193725586,147544800.0
2015-06-15,28.130618196003486,28.384931343996573,28.043616419162653,28.31354522705078,175955600.0
2015-06-16,28.338083906573015,28.521010934665533,28.190850787366475,28.465240478515625,125976400.0
2015-06-17,28.492005555237707,28.527697755436247,28.273384659348007,28.398311614990234,131672400.0
2015-06-18,28.382704306437173,28.623631409082858,28.38047301140006,28.527706146240234,141628800.0
2015-06-19,28.489777929230502,28.51431706464247,28.1975413009342,28.242156982421875,218867600.0
2015-06-22,28.4407016444665,28.56785821776298,28.34923898043604,28.467472076416016,136157200.0
2015-06-23,28.4384672789935,28.46746729892082,28.304616843688365,28.33807945251465,121075600.0
2015-06-24,28.378239833926724,28.956022667693063,28.358163285862766,28.57901382446289,221123600.0
2015-06-25,28.74632546879995,28.822172475946548,28.442934036254883,28.442934036254883,127752400.0
2015-06-26,28.48085628540225,28.55224240156402,28.22208225255806,28.27562141418457,176267200.0
2015-06-29,27.987848342323893,28.21316148452477,27.76922908520098,27.78038215637207,196645600.0
2015-06-30,28.012384807623985,28.13508049264948,27.85399691548697,27.98115348815918,177482800.0
2015-07-01,28.309082206632535,28.3180056833259,28.106076941311578,28.242156982421875,120955200.0
2015-07-02,28.20422965839323,28.26223139804534,28.056994865886857,28.20646095275879,108844000.0
2015-07-06,27.87184450329126,28.15962026945185,27.851766253476693,28.10831069946289,112241600.0
2015-07-07,28.083769735230312,28.141771484058385,27.610835671669097,28.039154052734375,187787200.0
2015-07-08,27.769224820709265,27.804917025746732,27.33644555901804,27.343137741088867,243046400.0
2015-07-09,27.62868375107428,27.675530730197355,26.595815511598627,26.78543472290039,314380000.0
2015-07-10,27.202602723627663,27.628688193870396,27.039752215935398,27.50153160095215,245418000.0
2015-07-13,27.891920434075615,28.054770915935904,27.73353254184397,28.03246307373047,165762000.0
2015-07-14,28.117232240357136,28.19084964797463,27.89415042477383,28.02130699157715,127072400.0
2015-07-15,28.045847211213122,28.364854287903665,28.014615891982935,28.291236877441406,134596800.0
2015-07-16,28.496474947841605,28.681634993181415,28.409473162788792,28.66824722290039,144889600.0
2015-07-17,28.795406056016574,28.915868759155273,28.623632075726423,28.915868759155273,184658800.0
2015-07-20,29.21702623894537,29.66318987896413,29.156793194434474,29.462417602539062,235600800.0
2015-07-21,29.636411259688053,29.652025211819698,29.072014715729093,29.167938232421875,307025600.0
2015-07-22,27.213744604125466,27.996762092182,27.213744604125466,27.93429946899414,461802400.0
2015-07-23,28.152924920056645,28.351467603111896,27.898611782166114,27.920921325683594,203998000.0
2015-07-24,27.956618231902976,28.050312203303356,27.639842403656267,27.773691177368164,168649200.0
2015-07-27,27.459140555013633,27.575144055147923,27.24275261810859,27.387754440307617,177822000.0
2015-07-28,27.52383041381836,27.64206519121989,27.338673823127042,27.52383041381836,134472400.0
2015-07-29,27.472533975269943,27.5506122931948,27.276220830796376,27.436840057373047,148046800.0
2015-07-30,27.287373897125367,27.343144363862624,27.151293822128096,27.29852867126465,134513200.0
2015-07-31,27.349829319066504,27.358752795623563,26.972822220910746,27.059823989868164,171540000.0
2015-08-03,27.104439944865323,27.34313741374917,26.216573591216193,26.421810150146484,279904000.0
2015-08-04,26.19425988631628,26.25672250688455,25.264009354327214,25.574092864990234,496554400.0
2015-08-05,25.19708945065277,26.19872799073188,25.007470254866853,25.743640899658203,397250400.0
2015-08-06,25.987901363976874,26.10666963037693,25.573332274014806,25.799663543701172,211612000.0
2015-08-07,25.67641522980246,26.050647781151817,25.658487491973187,25.887060165405273,154681600.0
2015-08-10,26.11339430736292,26.888751051054925,26.11339430736292,26.8282470703125,219806400.0
2015-08-11,26.400229288163885,26.48314379074808,25.39629993693712,25.432153701782227,388331200.0
2015-08-12,25.217027981725828,25.864652581979026,24.567161986716236,25.824316024780273,404870000.0
2015-08-13,26.003594871039276,26.08426800057263,25.667457401211493,25.804153442382812,194143200.0
2015-08-14,25.61815048241141,26.06409226748677,25.548682636658828,25.985660552978516,171718000.0
2015-08-17,26.003586825355924,26.364374401449012,25.88257716849709,26.25457000732422,163538800.0
2015-08-18,26.09098022423391,26.317313177027447,25.99686217998892,26.106666564941406,138242800.0
2015-08-19,26.017030824945476,26.1111488736232,25.698821207216227,25.77277183532715,193146000.0
2015-08-20,25.564370432635133,25.62487441307107,25.015344980504512,25.243919372558594,274006400.0
2015-08-21,24.746435653712144,25.07585058188817,23.67527807072019,23.699928283691406,513102000.0
2015-08-24,21.259561520425677,24.381156227853918,20.61641829086622,23.10831642150879,648825200.0
2015-08-25,24.898814636838587,24.898814636838587,23.193477641585982,23.24725914001465,414406400.0
2015-08-26,23.997966972895647,24.625424093615674,23.540821644856987,24.58060646057129,387098400.0
2015-08-27,25.14980034129892,25.376131620216796,24.654556414147635,25.30442237854004,338464400.0
2015-08-28,25.13634786628084,25.39181208749257,24.995170810247867,25.387331008911133,212657600.0
2015-08-31,25.104980426809615,25.665209398967942,25.098257952693018,25.26856803894043,224917200.0
2015-09-01,24.68368359606735,25.07136100477887,24.058467991186625,24.139141082763672,307383600.0
2015-09-02,24.70162008162507,25.17445182800293,24.455117931311904,25.17445182800293,247555200.0
2015-09-03,25.208057526080186,25.27304427956988,24.659033922356738,24.73298454284668,212935600.0
2015-09-04,24.41925998608582,24.75091457032204,24.316178063434936,24.486486434936523,199985200.0
2015-09-08,25.042230076961033,25.223743680755945,24.721779100206344,25.167720794677734,219374400.0
2015-09-09,25.492652019159635,25.550914583902948,24.598525615487812,24.68368148803711,340043200.0
2015-09-10,24.71057708457534,25.385093200258346,24.627664296486913,25.225988388061523,251571200.0
2015-09-11,25.051197036127483,25.59349822998047,25.044474562517546,25.59349822998047,199662000.0
2015-09-14,26.124599351683436,26.194067201152144,25.73916152298625,25.840002059936523,233453600.0
2015-09-15,25.978941322573725,26.113395951330677,25.640562500950097,26.057373046875,173364800.0
2015-09-16,26.050644696433867,26.11563145610736,25.869131074034687,26.08650016784668,148694000.0
2015-09-17,25.918423861205135,26.104418507926884,25.483685801581395,25.52850341796875,256450400.0
2015-09-18,25.145321741173582,25.61367413959176,25.069131407185214,25.423194885253906,297141200.0
2015-09-21,25.472493239021183,25.853450006925726,25.470253553863213,25.817594528198242,200888000.0
2015-09-22,25.407504515349082,25.58677847585552,25.214785606193775,25.4119873046875,201384800.0
2015-09-23,25.46352696558956,25.707787689733248,25.389578039640703,25.61815071105957,143026800.0
2015-09-24,25.37836857256682,25.882574570697287,25.181168619894965,25.77052879333496,200878000.0
2015-09-25,26.093222682332716,26.149245574241068,25.5509197893008,25.705543518066406,224607600.0
2015-09-28,25.51282761803632,25.67417383915858,25.19685935974121,25.19685935974121,208436000.0
2015-09-29,25.28425458365043,25.436636933681488,24.170519104557986,24.439428329467773,293461600.0
2015-09-30,24.688169322360896,24.995175406974322,24.365478604986556,24.717302322387695,265892000.0
2015-10-01,24.441664904734353,24.56491593916416,24.047263304241792,24.555952072143555,255716400.0
2015-10-02,24.204129776630648,24.876404453917548,24.101047864608606,24.735225677490234,232079200.0
2015-10-05,24.623180682290823,24.95707834695101,24.44166706073994,24.82486343383789,208258800.0
2015-10-06,24.791249789767882,25.0399915694046,24.59853090266767,24.943632125854492,192787200.0
2015-10-07,25.03999113226044,25.04671360569818,24.5178590822946,24.82486343383789,187062400.0
2015-10-08,24.69265053942736,24.69265053942736,24.248948480471036,24.538026809692383,247918400.0
2015-10-09,24.650077746740173,25.161006357395998,24.53579054393031,25.125152587890625,211064400.0
2015-10-12,25.26183810122347,25.26631917941622,24.972759831835862,25.00861358642578,121868800.0
2015-10-13,24.833829844298798,25.19909851917271,24.802457158588552,25.051198959350586,132197200.0
2015-10-14,24.93915334634247,24.990693454806067,24.55147414198158,24.697134017944336,177849600.0
2015-10-15,24.858481642233333,25.120668407978943,24.75988078960425,25.06688690185547,150694000.0
2015-10-16,25.048956409505504,25.098256830400224,24.76884193595193,24.883129119873047,156930400.0
2015-10-19,24.829354486535475,25.042240861439396,24.67473070727215,25.03775978088379,119036800.0
2015-10-20,24.950360844315636,25.584540556883663,24.833833950934338,25.494903564453125,195871200.0
2015-10-21,25.546442026964304,25.900507160118128,25.479213864072698,25.492660522460938,167180800.0
2015-10-22,25.620389265700716,25.88257598876953,25.56884745302967,25.88257598876953,166616400.0
2015-10-23,26.151486839811653,26.718439976330387,26.068574048972295,26.684825897216797,237467600.0
2015-10-26,26.460737756104727,26.471941310810404,25.75260744686708,25.833280563354492,265335200.0
2015-10-27,25.8601705077346,26.115634790275454,25.54420053688064,25.669692993164062,279537600.0
2015-10-28,26.203035741676793,26.734133548180537,26.008075397842457,26.72740936279297,342205600.0
2015-10-29,26.599673748659985,27.04561728898953,26.50331428679338,27.009761810302734,204909200.0
2015-10-30,27.112841924684606,27.164383744411797,26.76774065909424,26.778945922851562,197461200.0
2015-11-02,27.070262307634753,27.195753039586744,26.803592792553772,27.15541648864746,128813200.0
2015-11-03,27.068022844831653,27.673069442414718,27.047853713081217,27.46690559387207,182076000.0
2015-11-04,27.592391379490792,27.747015092970628,27.25401437678732,27.339168548583984,179544400.0
2015-11-05,27.42244355228266,27.611487144117117,27.046609074697137,27.213146209716797,158210800.0
2015-11-06,27.255910746674388,27.41344566739177,27.145636302172225,27.244657516479492,132169200.0
2015-11-09,27.222151946373536,27.413444834864308,27.017356555660438,27.134382247924805,135485600.0
2015-11-10,26.3084401383808,26.57174917506117,26.119396564378523,26.27918243408203,236511600.0
2015-11-11,26.1891632577425,26.4254655769582,25.928103495178785,26.13064956665039,180872000.0
2015-11-12,26.164402911340865,26.290430792668833,26.027121804750998,26.042875289916992,130102400.0
2015-11-13,25.925856862877318,26.009126294308526,25.266457813116027,25.282211303710938,183249600.0
2015-11-16,25.066163159214113,25.709808730253343,24.980644453978773,25.696306228637695,152426800.0
2015-11-17,25.86283868024117,25.892096384430133,25.502757727542303,25.586027145385742,110467600.0
2015-11-18,26.051886017076846,26.441223013208187,25.99337231724725,26.39621353149414,186698800.0
2015-11-19,26.47498283877433,26.94984028725011,26.27693870154817,26.73154067993164,173183200.0
2015-11-20,26.8260615033151,26.988098395291118,26.747294046660585,26.848567962646484,137148400.0
2015-11-23,26.84181331206017,26.945338210890085,26.407465116019043,26.499736785888672,129930000.0
2015-11-24,26.4052139204153,26.85981583506874,26.35795345282768,26.75404167175293,171212800.0
2015-11-25,26.828309917474165,26.83281189570902,26.53799413338403,26.5627498626709,85553200.0
2015-11-27,26.621258320164657,26.648265033252525,26.46597272466164,26.513233184814453,52185600.0
2015-11-30,26.55374344506798,26.873316886396125,26.49973173375955,26.623510360717773,156721200.0
2015-12-01,26.7247874925195,26.7382899936015,26.299441538419742,26.4074649810791,139409600.0
2015-12-02,26.407462392617234,26.5807524855248,26.123899595680022,26.168909072875977,133546400.0
2015-12-03,26.22968142808922,26.28369315992333,25.70531245206878,25.925861358642578,166278000.0
2015-12-04,25.946108370159006,26.837309381309492,25.90559915524301,26.787797927856445,231108000.0
2015-12-07,26.776551368012537,26.974595501438618,26.513240563875687,26.619014739990234,128336800.0
2015-12-08,26.44797567270435,26.691031007712272,26.299443001534012,26.607763290405273,137238000.0
2015-12-09,26.474981983845083,26.48623521319984,25.898852354517487,26.0203800201416,185445600.0
2015-12-10,26.114897606214114,26.317443689533036,25.995620945204504,26.144153594970703,116850800.0
2015-12-11,25.92360313918105,25.968612614008652,25.39698335529081,25.471250534057617,187544800.0
2015-12-14,25.24619715137277,25.358722543968117,24.708325912127094,25.31371307373047,257274800.0
2015-12-15,25.192194305614137,25.385738186321696,24.83436253844483,24.865869522094727,213292400.0
2015-12-16,24.99639645318205,25.203442811607765,24.4855318075227,25.057159423828125,224954000.0
2015-12-17,25.2101921054981,25.261954549588157,24.526039123535156,24.526039123535156,179091200.0
2015-12-18,24.51028230604477,24.647561707984263,23.81262348506665,23.86213493347168,385813200.0
2015-12-21,24.14344991328859,24.163705378434678,23.7586132455266,24.15470314025879,190362400.0
2015-12-22,24.170464199616287,24.242480410582292,23.95666483921584,24.132205963134766,131157600.0
2015-12-23,24.141208544112445,24.49678936724316,24.12545505027764,24.442777633666992,130629600.0
2015-12-24,24.530542102280638,24.530542102280638,24.29423802825616,24.31224250793457,54281600.0
2015-12-28,24.213216811568333,24.235723267087668,23.895896049363305,24.039928436279297,106816800.0
2015-12-29,24.07143099304826,24.627306689063776,24.048926258663258,24.472021102905273,123724800.0
2015-12-30,24.436015035892215,24.463020031640784,24.1209435884826,24.152450561523438,100855200.0
2015-12-31,24.082689347954826,24.08718960898984,23.58982749004638,23.68885040283203,163649200.0
2016-01-04,23.09246574606234,23.71360651607352,22.955184602744627,23.709104537963867,270597600.0
2016-01-05,23.799118053200747,23.821622785973776,23.047449333175052,23.11496353149414,223164000.0
2016-01-06,22.63110975251536,23.0384529014461,22.475825855355314,22.662616729736328,273829600.0
2016-01-07,22.208016070870872,22.534339089007176,21.70165170114115,21.706151962280273,324377600.0
2016-01-08,22.178756413862704,22.304784308939336,21.775915286955563,21.820924758911133,283192000.0
2016-01-11,22.273280189837518,22.29353393971297,21.9064462500791,22.174257278442383,198957600.0
2016-01-12,22.628863197569107,22.660370178573043,22.24402474087501,22.496082305908203,196616800.0
2016-01-13,22.577094873452022,22.77288967617828,21.89744225248481,21.917695999145508,249758400.0
2016-01-14,22.04598160898453,22.61311072662906,21.546368434822075,22.39706039428711,252680400.0
2016-01-15,21.649894502297517,21.989721820225835,21.46085258260356,21.85919189453125,319335600.0
2016-01-19,22.147247282759277,22.201258987245012,21.49234871249039,21.753408432006836,212350800.0
2016-01-20,21.40233263225508,22.09774055868971,21.024247186087106,21.782669067382812,289337600.0
2016-01-21,21.843429256646218,22.02797083685336,21.36632267791624,21.672391891479492,208646000.0
2016-01-22,22.196763490015815,22.833657772379347,22.13825150849246,22.824655532836914,263202000.0
2016-01-25,22.847157496142078,22.84940848500449,22.32729067401783,22.379053115844727,207178000.0
2016-01-26,22.48932038109837,22.70311789600719,22.07072586986561,22.502822875976562,300308000.0
2016-01-27,21.61388387663656,21.746663054200553,21.006245550406682,21.024250030517578,533478800.0
2016-01-28,21.107515542267087,21.271801671005875,20.79244406686214,21.175029754638672,222715200.0
2016-01-29,21.33256788400009,21.90644645690918,21.233544971670028,21.90644645690918,257666000.0
2016-02-01,21.710652858337983,21.764664574323376,21.46984854985964,21.701650619506836,163774000.0
2016-02-02,21.474350652542302,21.613882790889953,21.217792833355904,21.26280403137207,149428800.0
2016-02-03,21.37982699763643,21.79391966479839,21.172780664055452,21.683645248413086,183857200.0
2016-02-04,21.690435019918965,22.02305515087919,21.538833187512928,21.85787582397461,185886800.0
2016-02-05,21.83976777892845,21.930276903879193,21.199419474643552,21.27408790588379,185672400.0
2016-02-08,21.072715352177223,21.654234450442047,21.052351696351625,21.49810791015625,216085600.0
2016-02-09,21.335186345835517,21.70853547812662,21.253728290560428,21.493576049804688,177324800.0
2016-02-10,21.70401287881343,21.801309921553056,21.292197849935643,21.330663681030273,169374400.0
2016-02-11,21.22205032873997,21.432483350272403,20.950522902652605,21.201684951782227,200298800.0
2016-02-12,21.312560811165437,21.38270458064832,21.045559774862276,21.267305374145508,161405600.0
2016-02-16,21.500363052174144,21.914441195131964,21.40759243688531,21.866924285888672,196231600.0
2016-02-17,21.87371349855906,22.222172580506005,21.75605281989877,22.20180892944336,179452800.0
2016-02-18,22.36472923259949,22.376043525950372,21.742481077314288,21.780948638916016,156084000.0
2016-02-19,21.722108124661634,21.894075297350927,21.676854423262476,21.731159210205078,141496800.0
2016-02-22,21.792251555446594,21.925752907328235,21.704005630608744,21.921226501464844,137123200.0
2016-02-23,21.812622259262714,21.835249115154625,21.394019383147793,21.425697326660156,127770400.0
2016-02-24,21.265038386547598,21.808089679516666,21.11569807255853,21.744733810424805,145022800.0
2016-02-25,21.733422508789467,21.894075393676758,21.55240424976032,21.894075393676758,110330800.0
2016-02-26,21.993634012407416,22.17917695216546,21.853346500833084,21.928016662597656,115964400.0
2016-02-29,21.916704500929125,22.226697740378793,21.86918759146339,21.878238677978516,140865200.0
2016-03-01,22.095457279065084,22.80142469069322,22.043413968591395,22.747119903564453,201628400.0
2016-03-02,22.74260452294245,22.8285872815795,22.54574721542224,22.79690933227539,132678400.0
2016-03-03,22.7584438915525,23.014130694309955,22.729027419318925,22.96661376953125,147822800.0
2016-03-04,23.163461305615133,23.47571599081362,22.93718934425789,23.30827522277832,184220400.0
2016-03-07,23.16799180560761,23.267552046038453,22.844422750525865,23.050331115722656,143315600.0
2016-03-08,22.803692009453894,23.02543933025596,22.717709270454677,22.860260009765625,126247600.0
2016-03-09,22.923615276300346,22.98470968172931,22.688292194185372,22.880624771118164,108806800.0
2016-03-10,22.946238041836498,23.13404243821632,22.661134916828235,22.891931533813477,134054400.0
2016-03-11,23.134050100574946,23.143101188243314,22.966609294506334,23.13857650756836,109632800.0
2016-03-14,23.059384320585814,23.285656359560917,23.02996785067511,23.19740867614746,100304400.0
2016-03-15,23.523239167461966,23.799291310131537,23.498349106970874,23.663528442382812,160270800.0
2016-03-16,23.670314446729847,24.054976162517963,23.66578803991725,23.978044509887695,153214000.0
2016-03-17,23.876219495697473,24.091178920822344,23.749507734406702,23.939577102661133,137682800.0
2016-03-18,24.061773519198383,24.09797788267875,23.801561993539266,23.966739654541016,176820800.0
2016-03-21,23.968986959547607,24.358174977207085,23.79023191765434,23.964462280273438,142010800.0
2016-03-22,23.81512317625874,24.27671816992111,23.80607209093383,24.147743225097656,129777600.0
2016-03-23,24.09344065187563,24.2269402884613,23.962202492090338,24.014244079589844,102814000.0
2016-03-24,23.86490826229623,24.041400147165657,23.733670087176467,23.9101619720459,104532000.0
2016-03-28,23.98483542731281,24.02782766587806,23.772139164497705,23.801555633544922,77645600.0
2016-03-29,23.733662728849282,24.389851674686486,23.731399526167966,24.364961624145508,124760400.0
2016-03-30,24.584452877002676,24.984953553052407,24.57313858659879,24.790359497070312,182404400.0
2016-03-31,24.826567740913212,24.867296775912425,24.636498335477356,24.661388397216797,103553600.0
2016-04-01,24.61386824862732,24.88992036893003,24.48263007236564,24.887657165527344,103496000.0
2016-04-04,24.98495344576784,25.38545584641617,24.95101230102027,25.14334487915039,149424800.0
2016-04-05,24.779045176816258,25.055097270450286,24.75867980079629,24.846925735473633,106314800.0
2016-04-06,24.94196010806021,25.111664086209174,24.708898527961733,25.10713768005371,105616400.0
2016-04-07,24.87860530017105,24.98495341463235,24.464528858985368,24.55956268310547,127207600.0
2016-04-08,24.643287520219747,24.83787987705086,24.4758449757207,24.586719512939453,94326800.0
2016-04-11,24.656864084971126,25.02795008659553,24.625186137977725,24.668176651000977,117630000.0
2016-04-12,24.740580383866106,25.003056740270104,24.58671707657627,24.98948097229004,108929200.0
2016-04-13,25.070938022651205,25.419395379767877,25.070938022651205,25.35151481628418,133029200.0
2016-04-14,25.256477930218843,25.430706587658513,25.190858851715603,25.365087509155273,101895600.0
2016-04-15,25.367355144707314,25.410347378970744,24.828828383114317,24.855979919433594,187756000.0
2016-04-18,24.638760056928188,24.65233582567168,24.19753030957961,24.319717407226562,243286000.0
2016-04-19,24.41022105271326,24.437374312312617,24.036873659551965,24.190738677978516,129539600.0
2016-04-20,24.129645774086487,24.45773948127744,23.998407600682768,24.24051856994629,122444000.0
2016-04-21,24.195265426295872,24.195265426295872,23.87622107242492,23.978044509887695,126210000.0
2016-04-22,23.760827953578826,24.09344813628642,23.672581994042368,23.912429809570312,134732400.0
2016-04-25,23.758562557621605,23.90563971871821,23.64768974905523,23.77666473388672,112126400.0
2016-04-26,23.51191651789954,23.826434355042707,23.51191651789954,23.611474990844727,224064800.0
2016-04-27,21.72211330329464,22.335310252927346,21.649706328003063,22.133928298950195,458408400.0
2016-04-28,22.086420284541955,22.147512993248974,21.32614587441484,21.45738410949707,328970800.0
2016-04-29,21.26730905441592,21.43248840706545,20.932427394109794,21.21074104309082,274126000.0
2016-05-02,21.262782441393064,21.287672502220374,20.907535431597918,21.188112258911133,192640400.0
2016-05-03,21.31482604534613,21.663285203388085,21.197165340991607,21.53657341003418,227325200.0
2016-05-04,21.541092593013676,21.69948402059538,21.22883787067222,21.312559127807617,164102000.0
2016-05-05,21.399061692460606,21.41499709446057,21.098564299869405,21.22604751586914,143562000.0
2016-05-06,21.2556424081569,21.27385305499418,20.909614065820975,21.107669830322266,174799600.0
2016-05-09,21.171421492100382,21.34671099186233,21.078084284102292,21.123615264892578,131745600.0
2016-05-10,21.24654308032093,21.301178512140535,20.968810218591916,21.267030715942383,134747200.0
2016-05-11,21.280686351593356,21.30117398285851,21.04848277628276,21.059865951538086,114876400.0
2016-05-12,21.107671736591666,21.12133015716027,20.367810517428897,20.56586456298828,305258800.0
2016-05-13,20.48847069657504,20.868645235994705,20.48847069657504,20.606847763061523,177571200.0
2016-05-16,21.032552364137977,21.487851693136445,20.864092098720693,21.371749877929688,245039200.0
2016-05-17,21.52427450982309,21.5584205669201,21.173693850052576,21.2829647064209,187667600.0
2016-05-18,21.43548802410475,21.674519071535453,21.374021657030653,21.526546478271484,168249600.0
2016-05-19,21.54476365029383,21.54476365029383,21.301178583941898,21.444597244262695,121768400.0
2016-05-20,21.544760665676776,21.72460408030558,21.517442085044827,21.67679786682129,128104000.0
2016-05-23,21.82477579666277,22.12527330960593,21.779244817835473,21.952259063720703,152074400.0
2016-05-24,22.132097745705188,22.330151816165124,22.045589773017973,22.28689956665039,140560800.0
2016-05-25,22.462187175661384,22.705772195110654,22.334703946589983,22.678455352783203,152675200.0
2016-05-26,22.69211994844838,22.93115280482657,22.455364075159952,22.858304977416992,225324800.0
2016-05-27,22.63748235528845,22.871961223146894,22.594228364850043,22.844642639160156,145364800.0
2016-05-31,22.67390386881822,22.85602427612958,22.49633742694555,22.73309326171875,169228800.0
2016-06-01,22.541868093041938,22.660246886366746,22.38479101200226,22.414384841918945,116693200.0
2016-06-02,22.21860160279867,22.273237022921467,21.997781203065305,22.245920181274414,160766400.0
2016-06-03,22.261860484611056,22.371131348908463,22.184458696973742,22.291454315185547,114019600.0
2016-06-06,22.307387409815206,23.195221340147576,22.20722275072929,22.453083038330078,93170000.0
2016-06-07,22.594223052512856,22.735366431348574,22.5282044593556,22.544139862060547,89638000.0
2016-06-08,22.541871314818184,22.66480235461189,22.464471254668045,22.52366065979004,83392400.0
2016-06-09,22.42349003642433,22.762687521221583,22.41438384220326,22.685287475585938,106405600.0
2016-06-10,22.430319675347505,22.61699231836452,22.418938234975986,22.498615264892578,126851600.0
2016-06-13,22.466744617100094,22.564634036521227,22.10478076879256,22.15941619873047,152082000.0
2016-06-14,22.154870054291948,22.41894455570096,22.025109787035305,22.18674087524414,127727600.0
2016-06-15,22.268689624812268,22.40300382708042,22.088846185371665,22.113887786865234,117780800.0
2016-06-16,21.956809775393893,22.252755038411323,21.870303526845767,22.207225799560547,125307200.0
2016-06-17,21.99550960862422,22.0023388201696,21.695012142824737,21.701841354370117,244032800.0
2016-06-20,21.854369697681026,21.984129948287837,21.633549225968025,21.649484634399414,137647600.0
2016-06-21,21.613051473062455,21.934036474623703,21.5538620965199,21.833871841430664,142185600.0
2016-06-22,21.911276651977456,22.05697227466508,21.70639163981398,21.751922607421875,116876400.0
2016-06-23,21.840707468421712,21.920384496701352,21.683628657792593,21.87713050842285,128960800.0
2016-06-24,21.150928134085255,21.54931498992115,21.091738743477556,21.262475967407227,301245600.0
2016-06-27,21.17141667758771,21.182799854404006,20.82994221504597,20.95287322998047,181958400.0
2016-06-28,21.14865373553775,21.321667963238593,20.975639507836906,21.30573081970215,161779600.0
2016-06-29,21.392236244676305,21.524273448369915,21.31483446647255,21.49012565612793,146124000.0
2016-06-30,21.49923486383234,21.802007597523946,21.467364049759535,21.763307571411133,143345600.0
2016-07-01,21.73826451524654,21.96136193566166,21.701841474526535,21.82932472229004,104106000.0
2016-07-05,21.715497529265225,21.71777451182094,21.503783309132288,21.62443733215332,110820800.0
2016-07-06,21.5356536434154,21.776963420972997,21.483295203588348,21.74736785888672,123796400.0
2016-07-07,21.786070612908745,21.968191025990517,21.767859961063753,21.840707778930664,100558400.0
2016-07-08,21.965907020418804,22.056967197846593,21.86574238839382,22.0091609954834,115648400.0
2016-07-11,22.02510487073652,22.229989914574308,22.02055264168639,22.077465057373047,95179600.0
2016-07-12,22.120715153344364,22.241369184931997,22.109333713415275,22.177627563476562,96670000.0
2016-07-13,22.175356421577334,22.234544088551846,22.045594435105123,22.052425384521484,103568800.0
2016-07-14,22.17080159908672,22.53504072991015,22.154866191389104,22.489511489868164,155676000.0
2016-07-15,22.519104930441348,22.605612916576966,22.423492485919063,22.487234115600586,120548000.0
2016-07-18,22.469017852041166,22.794556893367258,22.446253236340294,22.72626304626465,145975600.0
2016-07-19,22.664799966530648,22.76496637436316,22.614716762614393,22.73537254333496,95119600.0
2016-07-20,22.764965569647345,22.869684202848237,22.70577617285413,22.755859375,105104000.0
2016-07-21,22.726262605703987,22.992612251581413,22.566906825229403,22.635202407836914,130808000.0
2016-07-22,22.59650460290621,22.6056107972683,22.380236394671762,22.459915161132812,113254800.0
2016-07-25,22.366578214856425,22.50089067529316,22.063803762131876,22.15941619873047,161531600.0
2016-07-26,22.041033314554454,22.302830691373085,21.9499731308573,22.006885528564453,224959200.0
2016-07-27,23.737030470996775,23.75524286154649,23.391003734698042,23.436532974243164,369379200.0
2016-07-28,23.409212413656437,23.77800371125491,23.406935430991453,23.752962112426758,159479200.0
2016-07-29,23.718819276618223,23.80077329539467,23.60271746054674,23.723371505737305,110934800.0
2016-08-01,23.76889907881645,24.165008954984405,23.76889907881645,24.142244338989258,152671600.0
2016-08-02,24.1422456907347,24.146797919457065,23.675563220974293,23.784835815429688,135266400.0
2016-08-03,23.859961865354208,24.09444075255813,23.850855669940664,24.083059310913086,120810400.0
2016-08-04,24.16544864727516,24.261579012946477,24.09678310251717,24.23182487487793,109634800.0
2016-08-05,24.323382443715563,24.639241929922044,24.302783823087015,24.600332260131836,162213600.0
2016-08-08,24.609489043629477,24.804040908813477,24.527092804815823,24.804040908813477,112148800.0
2016-08-09,24.771994361398967,24.934500993309076,24.721639849436276,24.90474510192871,105260800.0
2016-08-10,24.88185744859045,24.925345754190385,24.664419413066312,24.719350814819336,96034000.0
2016-08-11,24.838367228321207,24.932210039226604,24.68501613103632,24.703327178955078,109938000.0
2016-08-12,24.668994145530196,24.82005766994111,24.668994145530196,24.760547637939453,74641600.0
2016-08-15,24.75139387983984,25.07183025301336,24.73766146618195,25.05809783935547,103472800.0
2016-08-16,25.092426554334043,25.22975766317112,24.996296175138156,25.035205841064453,135177600.0
2016-08-17,24.971123892877344,25.03292325340463,24.797172400960832,24.99859046936035,101424000.0
2016-08-18,25.000877886414337,25.085563434881703,24.95281094466424,24.96654510498047,87938800.0
2016-08-19,24.895590211138185,25.106163788909825,24.801749137922414,25.03063201904297,101472400.0
2016-08-22,24.91619111937978,24.971122523094618,24.685018915482996,24.836082458496094,103280800.0
2016-08-23,24.854390339443075,25.021475605068048,24.840657925859944,24.91390037536621,85030800.0
2016-08-24,24.8498123178777,24.891011302987323,24.64610670990169,24.726215362548828,94700400.0
2016-08-25,24.579734540782386,24.691886673061536,24.417227891003797,24.620933532714844,100344800.0
2016-08-26,24.58430747167917,24.70790267255723,24.33253494260801,24.47673225402832,111065200.0
2016-08-29,24.403490561337307,24.591174432069376,24.32795880029892,24.44926643371582,99881200.0
2016-08-30,24.215811261924518,24.37602859173181,24.147145694156862,24.261587142944336,99455600.0
2016-08-31,24.18376233972216,24.392044821479804,24.179183704910436,24.284469604492188,118649600.0
2016-09-01,24.293627177292564,24.444690706547647,24.174608855710293,24.428668975830078,106806000.0
2016-09-02,24.650682859257305,24.71934841445918,24.44926657489614,24.657550811767578,107210000.0
2016-09-06,24.696460067460034,24.788013557460886,24.607195894924537,24.65068244934082,107521600.0
2016-09-07,24.680442530397535,24.893303688659454,24.506491044468753,24.80175018310547,169457200.0
2016-09-08,24.547690125175723,24.552267014663258,24.087635024092958,24.151721954345703,212008000.0
2016-09-09,23.95029644497617,24.19749029212594,23.60468292236328,23.60468292236328,186228000.0
2016-09-12,23.494826106333228,24.197496422009813,23.46735953427949,24.13340950012207,181171200.0
2016-09-13,24.607203240271087,24.900173098736403,24.545403873922186,24.707910537719727,248704800.0
2016-09-14,24.886434865548,25.87063014465147,24.85667897528379,25.582237243652344,443554800.0
2016-09-15,26.0606044333641,26.488616040660265,25.97591714049353,26.451993942260742,359934400.0
2016-09-16,26.348992641681043,26.58016304815976,26.101798760335285,26.30321502685547,319547600.0
2016-09-19,26.36501487852042,26.591608401003104,25.92098161045916,25.99651336669922,188092000.0
2016-09-20,25.875204339073825,26.120108894570805,25.751607402714964,25.99422264099121,138057200.0
2016-09-21,26.058318364719387,26.090361831695407,25.73559437696434,25.989654541015625,144012800.0
2016-09-22,26.172756842947617,26.307798649490568,26.092648184610844,26.234556198120117,124296000.0
2016-09-23,26.188783383923543,26.273470693281705,25.531890518692393,25.797393798828125,209924800.0
2016-09-26,25.552478057081945,25.95302299477781,25.531879441337228,25.836292266845703,119477600.0
2016-09-27,25.863762648307365,25.904961632109924,25.712699125618776,25.884361267089844,98429600.0
2016-09-28,26.021691363229483,26.239129368791218,25.96218133422534,26.081199645996094,118564400.0
2016-09-29,25.9003847630911,26.046869650892393,25.58910393995395,25.67607879638672,143548000.0
2016-09-30,25.740169900974752,25.94845417150556,25.589108099851238,25.875211715698242,145516400.0
2016-10-03,25.797385012201293,25.875206086826246,25.698965319910553,25.753896713256836,86807200.0
2016-10-04,25.877498130703476,26.163601733762686,25.779078421401593,25.863765716552734,118947200.0
2016-10-05,25.955320378887826,26.01483041993061,25.792813734635274,25.875211715698242,85812400.0
2016-10-06,26.023982245396795,26.170467146015195,25.8935190762136,26.06747055053711,115117200.0
2016-10-07,26.1635992705225,26.22081998574715,25.98049402954621,26.10637855529785,97433600.0
2016-10-10,26.326106405350398,26.722074530767596,26.257442593485038,26.561857223510742,144944000.0
2016-10-11,26.939512293910834,27.166107585717516,26.596187999190285,26.619077682495117,256164000.0
2016-10-12,26.859406016999273,27.003603351129488,26.722076636210637,26.85711669921875,150347200.0
2016-10-13,26.731229029386608,26.880003235410353,26.486324442696798,26.774717330932617,140769600.0
2016-10-14,26.9807131513981,27.0470893958653,26.809050992125677,26.923492431640625,142608800.0
2016-10-17,26.85481975919294,26.971548731710797,26.72893351874755,26.905174255371094,94499600.0
2016-10-18,27.049377967973744,27.056244174757325,26.88229270254308,26.886871337890625,98214000.0
2016-10-19,26.836516840135722,26.953247594229147,26.046871627343243,26.8067626953125,80138400.0
2016-10-20,26.747253906948913,26.866272238030678,26.625946258085435,26.79302978515625,96503200.0
2016-10-21,26.73581124788834,26.75870093509931,26.614503589117227,26.687746047973633,92770800.0
2016-10-24,26.80218568949886,26.948670597321588,26.779297750071155,26.928071975708008,94154800.0
2016-10-25,26.99673361095342,27.090576425127797,26.8502487149759,27.065399169921875,192516000.0
2016-10-26,26.163601768456424,26.48174883578111,25.934718885705546,26.456571578979492,264536800.0
2016-10-27,26.410789485284422,26.518364694258125,26.11553042647492,26.20250701904297,138248000.0
2016-10-28,26.062891508815476,26.36959369845516,25.966759381906105,26.0285587310791,151446800.0
2016-10-31,26.012541073173228,26.145293569875925,25.90954272383994,25.987363815307617,105677600.0
2016-11-01,25.969053738668325,26.040006879184247,25.29842676886926,25.51815414428711,175303200.0
2016-11-02,25.497551955515803,25.71498998256789,25.45864228688336,25.541038513183594,113326800.0
2016-11-03,25.531840025263218,25.642266892785667,25.20285698396342,25.26727294921875,107730400.0
2016-11-04,24.96819711570307,25.363897198636803,24.871573166671375,25.039514541625977,123348000.0
2016-11-07,25.324783872490706,25.423708878055244,25.18214728731297,25.40070343017578,130240000.0
2016-11-08,25.377697966609183,25.70208059611489,25.237362443161036,25.550241470336914,97016800.0
2016-11-09,25.27876545802712,25.610049448609516,24.857760767731882,25.50882339477539,236705600.0
2016-11-10,25.55714694936273,25.55714694936273,24.347042916636287,24.797956466674805,228538000.0
2016-11-11,24.643814994203094,25.0464165171127,24.51268199694924,24.9451904296875,136575600.0
2016-11-14,24.779545367845188,24.80255081531767,23.94443551369246,24.319429397583008,204702000.0
2016-11-15,24.517280389531447,24.77264490369558,24.422957524546458,24.641511917114258,129058000.0
2016-11-16,24.54718432076294,25.359290416788934,24.524178875156075,25.304075241088867,235362000.0
2016-11-17,25.262668119430153,25.386899648584652,25.03721226501154,25.294876098632812,110528000.0
2016-11-18,25.24196582461165,25.43061332773471,25.22816290530128,25.3201847076416,113715600.0
2016-11-21,25.333986530501825,25.764193849148143,25.308680011145785,25.70438003540039,117058400.0
2016-11-22,25.754989164063183,25.86311669131896,25.62845833307263,25.720481872558594,103862000.0
2016-11-23,25.61926238079961,25.653771436366686,25.382302890551035,25.58935546875,109705600.0
2016-11-25,25.566342501900497,25.73658666962397,25.524931995589796,25.718181610107422,45903600.0
2016-11-28,25.635360230695518,25.8746207353781,25.626157701068912,25.66756820678711,108776000.0
2016-11-29,25.485829595852017,25.77340214817063,25.322488596759477,25.642269134521484,114115200.0
2016-11-30,25.674473200356314,25.812507653355425,25.3684956301527,25.426010131835938,144649200.0
2016-12-01,25.39149899840638,25.522631972222214,25.083220403258522,25.18904685974121,148347600.0
2016-12-02,25.115437356561912,25.32709034518375,25.041818849423723,25.28338050842285,106112000.0
2016-12-05,25.306376896982407,25.313278355303645,24.903775446348597,25.101625442504883,137298000.0
2016-12-06,25.19135070193901,25.389200720014333,25.12003328444787,25.294876098632812,104782000.0
2016-12-07,25.1361368988208,25.580148897147293,25.113131450477074,25.543338775634766,119994800.0
2016-12-08,25.504230050636142,25.86542104085599,25.44441447910836,25.794103622436523,108273200.0
2016-12-09,25.837812005163336,26.387650454674247,25.837812005163336,26.215106964111328,137610400.0
2016-12-12,26.063271667134355,26.45667064611745,25.87922456055831,26.06557273864746,105497600.0
2016-12-13,26.18980365187071,26.66832474553946,26.169099272965543,26.500383377075195,174935200.0
2016-12-14,26.465874323696543,26.732740709071145,26.45207140442643,26.500383377075195,136127200.0
2016-12-15,26.544090997537463,26.85467069689595,26.509583702233826,26.64531707763672,186098000.0
2016-12-16,26.794857652865684,26.80175911257715,26.606210148204177,26.679828643798828,177404400.0
2016-12-19,26.6407212089181,27.004211570997985,26.62921760506345,26.833969116210938,111117600.0
2016-12-20,26.856971003832687,27.031815579034852,26.84316808520206,26.905282974243164,85700000.0
2016-12-21,26.870777761079413,27.008812223697966,26.86617561771019,26.930591583251953,95132800.0
2016-12-22,26.767251406445986,26.804061533698256,26.60391041597186,26.753448486328125,104343600.0
2016-12-23,26.592404319614282,26.806358337402344,26.592404319614282,26.806358337402344,56998000.0
2016-12-27,26.806352678437122,27.100828341075097,26.799451220482073,26.97659683227539,73187600.0
2016-12-28,27.03641316012437,27.15144215064689,26.732736695353033,26.861570358276367,83623600.0
2016-12-29,26.790251860249484,26.942090974031995,26.778750014031598,26.85466957092285,60158000.0
2016-12-30,26.836265635931866,26.962796480852713,26.555594599440823,26.64531707763672,122345200.0
2017-01-03,26.640717233261352,26.762647693029223,26.401456701458834,26.721237182617188,115127600.0
2017-01-04,26.652226228667132,26.804065392637575,26.62922077342414,26.691335678100586,84472400.0
2017-01-05,26.66832582267746,26.884580927728436,26.64301929952454,26.82706642150879,88774400.0
2017-01-06,26.866175810906533,27.183657007935995,26.794858385001508,27.126142501831055,127007600.0
2017-01-09,27.135335157670315,27.47582170420658,27.133035841860686,27.374595642089844,134247600.0
2017-01-10,27.323991499898003,27.464327038866397,27.215865699974678,27.402212142944336,97848400.0
2017-01-11,27.31709081191246,27.590860437507263,27.284882827160544,27.549449920654297,110354400.0
2017-01-12,27.353899673806367,27.445923235352577,27.195159074019244,27.434419631958008,108344800.0
2017-01-13,27.402206665093118,27.519536728605953,27.333188567684832,27.3861026763916,104447600.0
2017-01-17,27.225068812920654,27.662179459257096,27.1974629702323,27.606966018676758,137759200.0
2017-01-18,27.60696110572876,27.721990110335962,27.540244072432184,27.604660034179688,94852000.0
2017-01-19,27.468925485392642,27.627664311475066,27.462024026241657,27.556346893310547,102389200.0
2017-01-20,27.710491439165345,27.710491439165345,27.544851117424333,27.606966018676758,130391600.0
2017-01-23,27.60695924284487,27.793305656069048,27.554045132006674,27.625364303588867,88200800.0
2017-01-24,27.503435567135732,27.629966418453563,27.49193196465079,27.600059509277344,92844000.0
2017-01-25,27.7035842916051,28.090081806735956,27.671376311611134,28.03946876525879,129510400.0
2017-01-26,27.991157509373394,28.168303159062784,27.97505351896557,28.053274154663086,105350400.0
2017-01-27,28.099291732886325,28.147603715592428,27.975060167983315,28.055580139160156,82251600.0
2017-01-30,27.82091656920229,27.981956481933594,27.758801675778333,27.981956481933594,121510000.0
2017-01-31,27.871530600128644,27.926744035702466,27.749600125434853,27.91754150390625,196804000.0
2017-02-01,29.22426459752385,30.02026674415808,29.21966421026375,29.619964599609375,447940000.0
2017-02-02,29.44282226256012,29.76720311498404,29.396809611547503,29.569353103637695,134841600.0
2017-02-03,29.518742867675616,29.721195040945894,29.48423557014394,29.69588851928711,98029200.0
2017-02-06,29.70739378273852,30.022572152503574,29.654477909689444,29.974258422851562,107383600.0
2017-02-07,30.03177610407307,30.388366781299386,30.011071722207557,30.25953483581543,152735200.0
2017-02-08,30.218126373322335,30.41827575416535,30.188217703391395,30.376863479614258,92016400.0
2017-02-09,30.41844937928978,30.603294449258463,30.29599026963115,30.596363067626953,113399600.0
2017-02-10,30.605603914863373,30.716509534471417,30.51087034208567,30.527042388916016,80262000.0
2017-02-13,30.748856966868217,30.919839253845378,30.672608252092974,30.79737663269043,92141600.0
2017-02-14,30.838968783082613,31.21327745462507,30.788136306005725,31.197105407714844,132904800.0
2017-02-15,31.312630803712807,31.485922364828532,31.104678814998433,31.310317993164062,142492400.0
2017-02-16,31.347289480262962,31.400431241504915,31.15551305202995,31.273353576660156,90338400.0
2017-02-17,31.215589613122148,31.38425908773884,31.215589613122148,31.358842849731445,88792800.0
2017-02-21,31.476685021429972,31.596834850449913,31.418921155158582,31.585281372070312,98028800.0
2017-02-22,31.522892215602024,31.682321034458894,31.448956307591242,31.680011749267578,83347600.0
2017-02-23,31.742405741768746,31.765509176409616,31.49286537850821,31.54600715637207,83152800.0
2017-02-24,31.402741084003488,31.576032638549805,31.257175049984358,31.576032638549805,87106400.0
2017-02-27,31.68693183762317,31.756249150547458,31.488224087573542,31.638408660888672,81029600.0
2017-02-28,31.673078764740332,31.75625886055819,31.58527657314757,31.652284622192383,93931600.0
2017-03-01,31.860239926216643,32.38242404064438,31.793235388439577,32.29924392700195,145658400.0
2017-03-02,32.34775608734624,32.41245131747088,32.06124612134738,32.107460021972656,104844000.0
2017-03-03,32.06587675828622,32.308485698692934,32.021975656373144,32.296932220458984,84432400.0
2017-03-06,32.20219047429682,32.29461475112016,32.02428035196002,32.19525909423828,87000000.0
2017-03-07,32.130571306357986,32.343141903855376,32.06818534575366,32.23685836791992,69785200.0
2017-03-08,32.10516099742172,32.30155958253522,32.07512617986917,32.11671447753906,74828800.0
2017-03-09,32.056632858903505,32.06818281034635,31.666148603102606,32.04276657104492,88623600.0
2017-03-10,32.17446026858715,32.19987650030907,32.033516351879285,32.149044036865234,78451200.0
2017-03-13,32.082050798304046,32.21605985740259,32.07511941682055,32.16291809082031,69686800.0
2017-03-14,32.18603322965188,32.26690054272909,32.07974614383688,32.11440658569336,61236400.0
2017-03-15,32.21143167096657,32.52104503689061,32.123629497551406,32.45404052734375,102767200.0
2017-03-16,32.51412590106739,32.58344324693821,32.407838833981906,32.50719451904297,76928000.0
2017-03-17,32.57880838879118,32.57880838879118,32.322336777471435,32.34544372558594,175540000.0
2017-03-20,32.440190212344305,32.6943526680713,32.40091120111869,32.68511199951172,86168000.0
2017-03-21,32.83528396089231,32.994712755487875,32.28537096518604,32.310787200927734,158119600.0
2017-03-22,32.31311367968989,32.71746081212835,32.292316004830674,32.67586898803711,103440800.0
2017-03-23,32.638891257984966,32.71283069351587,32.488706627299024,32.560333251953125,81385200.0
2017-03-24,32.694355313989405,32.74980990671602,32.42864288246588,32.49564743041992,89582400.0
2017-03-27,32.20682392784006,32.62965588865848,32.028910217133244,32.55109786987305,94300400.0
2017-03-28,32.55802277949188,33.281223906665865,32.491014727782115,33.225772857666016,133499200.0
2017-03-29,33.19804436103866,33.3852022314122,33.0848294503589,33.29970932006836,116760000.0
2017-03-30,33.315886458343975,33.38751308494501,33.15645763106996,33.25580978393555,84829200.0
2017-03-31,33.20728317039026,33.33436434857821,33.043232281161146,33.19342041015625,78646800.0
2017-04-03,33.204976232250445,33.299706275752946,33.052478807647475,33.20266342163086,79942800.0
2017-04-04,33.09868495318175,33.47761565559979,33.080200098719224,33.44989013671875,79565600.0
2017-04-05,33.322817899159624,33.60932793169963,33.22808431675207,33.276607513427734,110871600.0
2017-04-06,33.33898291823909,33.3921281999704,33.14489722371151,33.19342041015625,84596000.0
2017-04-07,33.2095877728008,33.313561985521645,33.10330427557512,33.119476318359375,66688800.0
2017-04-10,33.17955967379013,33.24425490924556,33.017818059525624,33.080204010009766,75733600.0
2017-04-11,33.02706253139465,33.12179610041175,32.36162178890998,32.72438049316406,121517600.0
2017-04-12,32.71744243174959,32.84452006719451,32.58111708135151,32.76365280151367,81400000.0
2017-04-13,32.78908567149333,32.89768203463652,32.59037780761719,32.59037780761719,71291600.0
2017-04-17,32.68973614702295,32.78216047651942,32.548792129465035,32.770606994628906,66328400.0
2017-04-18,32.673553715856414,32.81911625943817,32.60423637215595,32.625030517578125,58790000.0
2017-04-19,32.782156052642144,32.80988158493575,32.45174484842545,32.504886627197266,69313600.0
2017-04-20,32.62966438194666,33.02245810374238,32.615801613332245,32.91155242919922,93278400.0
2017-04-21,32.91153623295304,32.96698728012244,32.77521437449348,32.872257232666016,69283600.0
2017-04-24,33.15644557162086,33.26041978292252,33.082506160972926,33.18879318237305,68537200.0
2017-04-25,33.25118266618911,33.47992525032688,33.241938476059495,33.39443588256836,75486000.0
2017-04-26,33.380583430294884,33.4106217690531,33.12873381869219,33.19804763793945,80164800.0
2017-04-27,33.25350330556007,33.30895788839654,33.112559325774114,33.22346496582031,56985200.0
2017-04-28,33.29277364954495,33.34129683760354,33.103310044002505,33.19110870361328,83441600.0
2017-05-01,33.526149553957254,34.01136391757358,33.49380192971616,33.86811065673828,134411600.0
2017-05-02,34.089916305108204,34.21699749566795,33.928178210589465,34.082984924316406,181408800.0
2017-05-03,33.63935976585729,34.07836720551908,33.33436842652095,33.97901153564453,182788000.0
2017-05-04,33.854242838931896,33.99749607838162,33.690191931153905,33.85655212402344,93487600.0
2017-05-05,33.90969733385166,34.42264072641439,33.90969733385166,34.41802215576172,109310800.0
2017-05-08,34.43419436903658,35.51322292684159,34.43419436903658,35.35379409790039,195009600.0
2017-05-09,35.55249403747193,35.78586225291136,35.4554511904516,35.580223083496094,156521600.0
2017-05-10,35.49705297990931,35.56867961150019,35.145847678377294,35.41156005859375,103222800.0
2017-05-11,35.36979782390908,35.74565509263949,35.337316681196974,35.717811584472656,109020400.0
2017-05-12,35.89181032003133,36.29086629146974,35.884850329613776,36.21662521362305,130108000.0
2017-05-15,36.19573970097141,36.344225388633426,35.973012939567404,36.123817443847656,104038800.0
2017-05-16,36.17950585219005,36.207345816128424,35.896454418221445,36.07046127319336,80194000.0
2017-05-17,35.63659927380828,35.86164838463973,34.73408401394015,34.85936737060547,203070800.0
2017-05-18,35.09602173316082,35.57627878653499,35.06354059689483,35.39067077636719,134272800.0
2017-05-19,35.585574298483046,35.72477770247132,35.411567388362954,35.511329650878906,107843200.0
2017-05-22,35.72940393022555,35.86396964257635,35.476514842959574,35.72708511352539,91865600.0
2017-05-23,35.93822189937736,35.93822189937736,35.56932813913295,35.683013916015625,79675600.0
2017-05-24,35.69229473143778,35.7688581928022,35.42084439033456,35.576290130615234,76712000.0
2017-05-25,35.666760503466904,35.81060856307925,35.504354829883454,35.699241638183594,76942400.0
2017-05-26,35.72941089114566,35.785094364401445,35.56932400319178,35.6389274597168,87710400.0
2017-05-30,35.59484499988018,35.82917297765768,35.57396502506591,35.65284729003906,80507600.0
2017-05-31,35.722455549669306,35.76885667999995,35.35356178429862,35.44172286987305,97804800.0
2017-06-01,35.536831421631696,35.573953725184595,35.31642349707515,35.53915023803711,65616400.0
2017-06-02,35.631959074729174,36.06581497192383,35.471872224484855,36.06581497192383,111082800.0
2017-06-05,35.80829753012786,35.83381868263159,35.604131850277305,35.713172912597656,101326800.0
2017-06-06,35.70621077347326,36.14934914931527,35.67837080520811,35.83381652832031,106499600.0
2017-06-07,35.96605159431426,36.1887783473258,35.84076469808959,36.0472526550293,84278400.0
2017-06-08,36.01941227722577,36.08669335761769,35.822203128879956,35.95909118652344,85003200.0
2017-06-09,36.00549447499846,36.00549447499846,33.87797135357596,34.56471633911133,259530800.0
2017-06-12,33.81301415713416,33.89421523399402,33.06362206785271,33.73876953125,289229200.0
2017-06-13,34.142462655827934,34.2097437423721,33.676122062916065,34.010215759277344,136661600.0
2017-06-14,34.22134826314073,34.22134826314073,33.37219395829046,33.67844772338867,126124800.0
2017-06-15,33.25154743721436,33.52067531502955,32.994017182789065,33.476593017578125,128661600.0
2017-06-16,33.358274735777414,33.525321604147315,32.99169986019783,33.00794219970703,201444400.0
2017-06-19,33.330430553899184,34.04501905813801,33.330430553899184,33.952213287353516,130165600.0
2017-06-20,34.075187273103715,34.075187273103715,33.62741125315838,33.64365005493164,99600400.0
2017-06-21,33.76197670689753,33.88958246333637,33.55084750444229,33.843177795410156,85063200.0
2017-06-22,33.81996052633173,34.03572724556644,33.66915251831375,33.787479400634766,76425200.0
2017-06-23,33.67150331126157,34.142481801713245,33.66686213504889,33.93831253051758,141757600.0
2017-06-26,34.14479139191816,34.402321729330055,33.72949650771373,33.831581115722656,102769600.0
2017-06-27,33.64365501437434,33.91046773590415,33.32116234692363,33.346683502197266,99047600.0
2017-06-28,33.523008988089416,33.898862741356155,33.21443634194379,33.833900451660156,88329600.0
2017-06-29,33.57405191917247,33.6714953555342,33.010267738576154,33.335079193115234,125997600.0
2017-06-30,33.51372556665097,33.63205251495539,33.35827983983494,33.413963317871094,92096400.0
2017-07-03,33.613485823453566,33.710929238845075,33.200509831479685,33.293312072753906,57111200.0
2017-07-05,33.33739642246375,33.59260437172023,33.11234725637412,33.430198669433594,86278400.0
2017-07-06,33.18195062313297,33.29331402723533,33.04042489576544,33.11466598510742,96515200.0
2017-07-07,33.154108868848056,33.583327248020424,33.154108868848056,33.451080322265625,76806800.0
2017-07-10,33.43482738099695,33.861723222218814,33.26313939390278,33.655235290527344,84362400.0
2017-07-11,33.578685629676194,33.838538303117105,33.49748454562129,33.7642936706543,79127200.0
2017-07-12,33.84316613027823,33.915088384522775,33.5995594085281,33.81300735473633,99538000.0
2017-07-13,33.75732725439386,34.451035803707775,33.74340727350098,34.28398895263672,100797600.0
2017-07-14,34.33039962475415,34.64593226014043,34.18191388693586,34.57864761352539,80528400.0
2017-07-17,34.5276029117045,35.01017882149063,34.46960062502861,34.69928741455078,95174000.0
2017-07-18,34.61576186081721,34.83153219493407,34.49279730380701,34.81993103027344,71475200.0
2017-07-19,34.91274177246986,35.13083097657728,34.78977718550363,35.038028717041016,83692000.0
2017-07-20,35.14938044280735,35.205063904111555,34.84544907273368,34.8802490234375,68974800.0
2017-07-21,34.799043782177385,34.90344716193751,34.541513557340984,34.86400604248047,105010400.0
2017-07-24,34.93592627537164,35.36746328828983,34.778158266473156,35.286258697509766,85972800.0
2017-07-25,35.21899499762855,35.69229217743829,35.21899499762855,35.43708419799805,75415600.0
2017-07-26,35.578612452194825,35.713174673654315,35.51132780128562,35.60413360595703,63124000.0
2017-07-27,35.67141095788023,35.72709443481554,34.174952474512295,34.93130111694336,129905200.0
2017-07-28,34.7758510102324,34.85473327081453,34.61344531486372,34.685367584228516,68854800.0
2017-07-31,34.77816410050082,34.87792985848564,34.367510525584244,34.5067138671875,79383600.0
2017-08-01,34.59256883261376,34.85241797143003,34.432481938100516,34.8129768371582,141474400.0
2017-08-02,36.95440794639433,37.06345250301335,36.230540711117264,36.457908630371094,279747200.0
2017-08-03,36.43703093410931,36.47415324084323,35.96605273047904,36.093658447265625,108389200.0
2017-08-04,36.2096753747282,36.51824447689042,36.121510751150865,36.28391647338867,82239600.0
2017-08-07,36.439355248149226,36.87089239354546,36.34887182444575,36.84537124633789,87481200.0
2017-08-08,36.796657312557436,37.54604597165815,36.72009385844312,37.14002990722656,144823600.0
2017-08-09,36.949780083645464,37.41612079297304,36.914980123328064,37.36739730834961,104526000.0
2017-08-10,37.2439491201272,37.267242568364914,36.01646187697015,36.17717742919922,163217200.0
2017-08-11,36.47530758815783,36.93416070229305,36.351860156850435,36.680274963378906,105028400.0
2017-08-14,37.10884856633273,37.31614740550101,36.97608234424056,37.232295989990234,88490800.0
2017-08-15,37.420962268073296,37.779657832245334,37.29984276218854,37.63990783691406,117862000.0
2017-08-16,37.71910243792333,37.85186512027864,37.30217323789386,37.48851013183594,110686400.0
2017-08-17,37.38834440740225,37.432599805660814,36.76411654168273,36.768775939941406,111762400.0
2017-08-18,36.76878412566628,37.15077312408931,36.503255231080516,36.684932708740234,109712400.0
2017-08-21,36.684934979566464,36.77577372401931,36.12825579092864,36.61738967895508,105474000.0
2017-08-22,36.85496114915579,37.26723088597431,36.806049898902806,37.21598815917969,86418400.0
2017-08-23,37.05061855764048,37.37670542162071,37.006363150225965,37.2625732421875,77596400.0
2017-08-24,37.367387039585466,37.439595289060286,36.9294994679438,37.09720230102539,79275600.0
2017-08-25,37.185723388742105,37.397681708539366,37.09721609409924,37.23463821411133,101920400.0
2017-08-28,37.29984624604826,37.73307802479244,37.25093143296134,37.6096305847168,103864000.0
2017-08-29,37.290525026344106,37.993941463572725,37.267231584971434,37.945030212402344,118067600.0
2017-08-30,38.15234454853567,38.173306521840544,37.875168832343626,38.04753112792969,109078400.0
2017-08-31,38.11507738365014,38.32004838298705,38.07780928302857,38.19892883300781,107140400.0
2017-09-01,38.385253828589875,38.417862517958746,38.11273759156137,38.21056365966797,66364400.0
2017-09-05,38.14068146407364,38.25714156014715,37.39766548247185,37.751705169677734,117874000.0
2017-09-06,37.89844547386948,37.963662842390605,37.388349691873536,37.71210861206055,86606800.0
2017-09-07,37.75403893758368,37.78897910426357,37.35108793792291,37.56071472167969,87714000.0
2017-09-08,37.46755033610366,37.53509564260675,36.92484574480057,36.94813919067383,114446000.0
2017-09-11,37.38370265901643,37.74472978180447,37.24162115472234,37.61662292480469,126323200.0
2017-09-12,37.87515877319203,38.18960250557941,36.98074594224573,37.46754837036133,286856000.0
2017-09-13,37.23694981866018,37.25791533696274,36.78042823433006,37.185707092285156,179629600.0
2017-09-14,37.03197873414494,37.127473301780874,36.8223484508121,36.86660385131836,95042800.0
2017-09-15,36.910877507673646,37.493178214800345,36.80140469040731,37.239295959472656,196458400.0
2017-09-18,37.292864250657885,37.38370301301224,36.801402343027625,36.95745849609375,113077600.0
2017-09-19,37.153105416508424,37.213666952238235,36.903882613105765,36.97142791748047,83242400.0
2017-09-20,36.77811249504325,36.86196394189305,35.830128759626284,36.351871490478516,211805600.0
2017-09-21,36.28897691957961,36.28897691957961,35.57856942162137,35.727638244628906,150046800.0
2017-09-22,35.296730433842086,35.4667647623346,35.068469601363695,35.37825393676758,186581600.0
2017-09-25,34.935712069931256,35.36428450753414,34.7423878221462,35.06614685058594,177549200.0
2017-09-26,35.35263520916742,35.85108440127797,35.331673239677386,35.66940689086914,146640000.0
2017-09-27,35.82313244404268,36.03741863130181,35.76257090902376,35.92328643798828,102016800.0
2017-09-28,35.8441079045584,35.93494668719999,35.56693215509041,35.7020263671875,88022000.0
2017-09-29,35.685708417667065,35.89999459326319,35.40387338808492,35.89766311645508,105199200.0
2017-10-02,35.93027574081998,35.97453115605567,35.571580127050126,35.825462341308594,74795200.0
2017-10-03,35.872044994281765,36.123599280752316,35.84875510265796,35.98151779174805,64921200.0
2017-10-04,35.78353635863432,35.83710701682054,35.51102011384265,35.74859619140625,80655200.0
2017-10-05,35.91164634833667,36.20512816989654,35.881369129315786,36.1934814453125,85135200.0
2017-10-06,36.09563653307743,36.21675600824389,36.00013841700235,36.17250061035156,69630400.0
2017-10-09,36.291310557563875,36.505596802251276,36.21677791136383,36.29829788208008,65051600.0
2017-10-10,36.34952394240527,36.80138967542724,36.125922552383685,36.312255859375,62468000.0
2017-10-11,36.328563239038075,36.563811357429444,36.2773205116134,36.46365737915039,67622400.0
2017-10-12,36.41708335599889,36.654659457585346,36.27267038086556,36.3355598449707,64500400.0
2017-10-13,36.505581510008696,36.63368832927769,36.43104889503047,36.56614303588867,65576800.0
2017-10-16,36.77811124048966,37.267245256108666,36.71988116977698,37.239295959472656,96486000.0
2017-10-17,37.21599725793115,37.46987947743301,37.0878904096244,37.376712799072266,75989200.0
2017-10-18,37.36507392286026,37.432622799826675,37.17408112588571,37.21134567260742,65496800.0
2017-10-19,36.510244032534736,36.58710813067184,36.107293052070986,36.330894470214844,170336800.0
2017-10-20,36.47764645930194,36.743175445556645,36.32624969367869,36.393795013427734,95896400.0
2017-10-23,36.542851608738154,36.729188487574625,36.21909265896591,36.37514877319336,87937200.0
2017-10-24,36.403105592236166,36.66630662132224,36.3821436219765,36.591773986816406,71028800.0
2017-10-25,36.547513273853816,36.69658207534849,36.1655242478937,36.431053161621094,84828400.0
2017-10-26,36.62204727186381,36.7618008334198,36.517233877737176,36.66397476196289,68002000.0
2017-10-27,37.10186349629206,38.10575271694487,36.96444140755853,37.97764587402344,177816800.0
2017-10-30,38.17329386171482,39.14690220770844,38.13369785168815,38.83245849609375,178803200.0
2017-10-31,39.107315704652706,39.514926216689624,38.88371421404958,39.37284469604492,144187200.0
2017-11-01,39.56615630845578,39.58246242968022,38.57391745889112,38.87205505371094,134551200.0
2017-11-02,38.80451499973989,39.2470620522876,38.497058564350645,39.15622329711914,165573600.0
2017-11-03,40.52812566342561,40.5886836521891,39.85731417031122,40.17874526977539,237594400.0
2017-11-06,40.148458323966565,40.758711734467276,39.9970615983004,40.58634948730469,140105200.0
2017-11-07,40.50716243754375,40.819274726553346,40.43495772707984,40.71678924560547,97446000.0
2017-11-08,40.68183618291015,41.04985046386719,40.604972103272324,41.04985046386719,97638000.0
2017-11-09,40.78666147574387,41.01725378211168,40.327808339911776,40.96601104736328,117930400.0
2017-11-10,40.93328678973554,40.996402330142,40.73693129386803,40.8304328918457,100582000.0
2017-11-13,40.55695033583019,40.790707974653415,40.53357314520446,40.66681671142578,67928400.0
2017-11-14,40.449415885732684,40.552269806408404,40.01462658178594,40.05202865600586,99130000.0
2017-11-15,39.73177916566144,39.81359575159804,39.36010544137141,39.52373504638672,116632400.0
2017-11-16,40.01460810615006,40.17590135574992,39.80890392663494,39.99591064453125,94550000.0
2017-11-17,39.981882079958325,40.06369863343899,39.65462299974858,39.77383804321289,87598000.0
2017-11-20,39.806568420472395,39.86968395261924,39.63592642140843,39.73410415649414,65049600.0
2017-11-21,39.92110664797064,40.60367813847048,39.92110664797064,40.472774505615234,100525200.0
2017-11-22,40.524210357777335,40.907572609846746,40.451746085565624,40.898223876953125,102355600.0
2017-11-24,40.930948094323455,41.0244496868098,40.82575434420491,40.90055847167969,56106800.0
2017-11-27,40.91925590275337,40.92626834322991,40.51952896130642,40.694847106933594,82867200.0
2017-11-28,40.74393784446522,40.87717778066195,40.17356890543842,40.456417083740234,105715200.0
2017-11-29,40.353552358365164,40.42134045385574,39.07489873838869,39.61721420288086,166665600.0
2017-11-30,39.83928772337555,40.23901460485384,39.3741125962206,40.171226501464844,166108800.0
2017-12-01,39.727099097349935,40.12916241108595,39.38815132748786,39.98423385620117,159037200.0
2017-12-04,40.31849261914353,40.35121852648377,39.65228588396219,39.69202423095703,130169600.0
2017-12-05,39.51904895308636,40.09409406815887,39.36476812137704,39.65462875366211,109400800.0
2017-12-06,39.15439352879619,39.785538263351555,38.911287221974995,39.50736618041992,114240000.0
2017-12-07,39.51203848258087,39.84163748488926,39.48398871791025,39.579830169677734,102693200.0
2017-12-08,39.85333698523089,39.97255208457209,39.46296219698933,39.59152603149414,93420800.0
2017-12-11,39.55177980714525,40.41434580408775,39.455938348183324,40.362918853759766,141095200.0
2017-12-12,40.24135578991373,40.29745887898939,40.08006609667753,40.136165618896484,77636800.0
2017-12-13,40.323183870219424,40.56629019196161,40.2063050763927,40.2694206237793,95273600.0
2017-12-14,40.29978413331516,40.47042964494804,40.1244660406815,40.25770950317383,81906000.0
2017-12-15,40.58733997027193,40.713567525818725,40.313843960871765,40.66681671142578,160677200.0
2017-12-18,40.87952071700584,41.421836368046534,40.874844567373735,41.239505767822266,117684400.0
2017-12-19,40.91459515849426,40.9987480427545,40.6948624292115,40.800052642822266,109745600.0
2017-12-20,40.877185677769134,41.005753056380755,40.49849955063809,40.75563430786133,93902400.0
2017-12-21,40.7135452123324,41.14599803388846,40.69718404134811,40.9099006652832,83799600.0
2017-12-22,40.832760258726125,41.00574210071986,40.790685618889476,40.9099006652832,65397600.0
2017-12-26,39.925791590410505,40.082408726132456,39.66398070018009,39.87202835083008,132742000.0
2017-12-27,39.762153381468536,39.92110677419349,39.67098809638064,39.879032135009766,85992800.0
2017-12-28,39.97254042334844,40.17123576447634,39.850985500534065,39.991241455078125,65920800.0
2017-12-29,39.86033368595383,39.876694857743026,39.5564481937096,39.55878448486328,103999600.0
2018-01-02,39.77617832995853,40.27641925330551,39.56579443310673,40.267066955566406,102223600.0
2018-01-03,40.3301987947651,40.802390149607916,40.19695881636793,40.26007080078125,118071600.0
2018-01-04,40.33252097704683,40.54991732565844,40.22499451516484,40.44706344604492,89738400.0
2018-01-05,40.54290869011677,40.9940590344742,40.451743391332485,40.907569885253906,94640000.0
2018-01-08,40.75563430786133,41.05016756597909,40.65745298829791,40.75563430786133,82271200.0
2018-01-09,40.802380620103136,40.921595685232134,40.53589715868877,40.750953674316406,86336000.0
2018-01-10,40.47746402207704,40.74394752463994,40.44006195266457,40.741607666015625,95839600.0
2018-01-11,40.8117367825329,41.02212075365002,40.788363163647276,40.97303009033203,74670800.0
2018-01-12,41.18340935111223,41.459245154422774,41.0595181171993,41.3961296081543,101672400.0
2018-01-16,41.58546481936825,41.93376483703263,41.17405283422285,41.18574142456055,118263600.0
2018-01-17,41.176394373281866,41.90104426428869,40.923939337469655,41.86598205566406,137547200.0
2018-01-18,41.92910245749552,42.09974808538245,41.66729506886416,41.90338897705078,124773600.0
2018-01-19,41.75142419523096,41.97816923916509,41.470915928908624,41.71636199951172,129700400.0
2018-01-22,41.44521571876117,41.5574183478053,41.28158614164321,41.37508773803711,108434400.0
2018-01-23,41.44521299016399,41.945453988337626,41.333010368506855,41.38443374633789,130756400.0
2018-01-24,41.43351997804808,41.44520856729474,40.48680131877495,40.72523498535156,204420400.0
2018-01-25,40.79302707903376,40.89588096747637,39.86267306723772,39.998252868652344,166116000.0
2018-01-26,40.206305044653156,40.206305044653156,39.75281475426623,40.09176254272461,156572000.0
2018-01-29,39.776194571434615,39.776194571434615,39.053884434411934,39.26192855834961,202561600.0
2018-01-30,38.693894624711604,39.124007745796824,38.499875391787135,39.0305061340332,184192800.0
2018-01-31,39.007127328082305,39.37412845107517,38.92063816244911,39.138031005859375,129915600.0
2018-02-01,39.077256358536815,39.416204154709504,38.9814148894474,39.2198486328125,188923200.0
2018-02-02,38.80375590576933,38.990762671698725,37.42458769489759,37.518089294433594,346375200.0
2018-02-05,37.19081080752831,38.30817110571323,36.466161303599186,36.58070373535156,290954000.0
2018-02-06,36.19269291919745,38.27079802903582,35.99867366557429,38.10950469970703,272975200.0
2018-02-07,38.12351050765929,38.19597476327134,37.18380790882007,37.293670654296875,206434400.0
2018-02-08,37.46900037296808,37.634969821723445,36.23943680447615,36.267486572265625,217562000.0
2018-02-09,36.86599613070262,37.0584569628266,35.262922282513344,36.71108627319336,282690400.0
2018-02-12,37.20163266035302,38.46672273816519,36.96926786105699,38.18976593017578,243278000.0
2018-02-13,38.01139120629208,38.66858177983185,37.94097729101988,38.572349548339844,130196800.0
2018-02-14,38.26722221611662,39.32342012499602,38.22967123455398,39.28351974487305,162579600.0
2018-02-15,39.85151185604618,40.626057565112156,39.6660920548011,40.60258865356445,204588800.0
2018-02-16,40.454721563931344,41.03211125006785,40.31624316123592,40.47114944458008,160704400.0
2018-02-20,40.38195192353985,40.900660247326115,40.234083127038424,40.33501052856445,135722000.0
2018-02-21,40.56502871075081,40.867803773727466,40.13785374935215,40.151939392089844,149886400.0
2018-02-22,40.32328643776861,40.827912853294784,40.302163340873086,40.48758316040039,123967600.0
2018-02-23,40.76218681135434,41.22691276622604,40.73167328929835,41.191707611083984,135249600.0
2018-02-26,41.3912125284881,42.10473112126682,41.358353190295645,42.00615310668945,152648800.0
2018-02-27,42.03667940368092,42.360577669613704,41.816050816738084,41.870033264160156,155712400.0
2018-02-28,42.074225856264114,42.39343245337469,41.79022800216865,41.80665588378906,151128400.0
2018-03-01,41.90522226538842,42.19626465227854,40.52512659282956,41.07434844970703,195208000.0
2018-03-02,40.55800369148841,41.37949102026867,40.475853526050166,41.358367919921875,153816000.0
2018-03-05,41.12365304716473,41.71747068327421,40.96170213160757,41.50153732299805,113605600.0
2018-03-06,41.75737398689694,41.83717475100933,41.33958930254335,41.466331481933594,95154000.0
2018-03-07,41.06027110203652,41.27385859802717,40.90301543683224,41.08139419555664,126814000.0
2018-03-08,41.18701833932262,41.57194361047891,41.09078970758341,41.52969741821289,95096400.0
2018-03-09,41.76910835419292,42.24791649869535,41.63532156620826,42.243221282958984,128740800.0
2018-03-12,42.315980870782745,42.808874660866046,42.29720717069979,42.65161895751953,128828400.0
2018-03-13,42.85580825010609,43.06939575890961,42.069529876916704,42.240867614746094,126774000.0
2018-03-14,42.32301671345703,42.36995811673612,41.73389082089603,41.88175964355469,117473600.0
2018-03-15,41.89584418772932,42.30424194138419,41.79492034377192,41.93104934692383,90975200.0
2018-03-16,41.931045473172695,42.04135973699052,41.689293851971776,41.783180236816406,157618800.0
2018-03-19,41.61888802159753,41.65409318133053,40.759846310114575,41.144771575927734,133787200.0
2018-03-20,41.13069152832031,41.49683953309172,41.06027762400275,41.13069152832031,78597600.0
2018-03-21,41.08373938702482,41.09547563260166,40.19653365868567,40.198883056640625,148219600.0
2018-03-22,39.90079415284308,40.52981671806352,39.57220081002626,39.63087844848633,165963200.0
2018-03-23,39.52292778579496,39.88203480809846,38.71317672729492,38.71317672729492,164115200.0
2018-03-26,39.4478137655839,40.62840784209897,39.06523432694473,40.55095291137695,150164800.0
2018-03-27,40.76453066529328,41.1095554946715,39.17788847855881,39.51117706298828,163690400.0
2018-03-28,39.25535895321478,39.905508501898744,38.771855553481785,39.07463073730469,166674000.0
2018-03-29,39.386786515119255,40.31154688271614,39.173199002522075,39.37974548339844,153594000.0
2018-04-02,39.11218373669499,39.65201896404017,38.60286204080597,39.1215705871582,150347200.0
2018-04-03,39.34688574711688,39.60741466237426,38.69908576549835,39.522918701171875,121112000.0
2018-04-04,38.69908884100521,40.372573155198666,38.673270529102645,40.278690338134766,138422000.0
2018-04-05,40.506362030743446,40.89363314796675,40.38900671262728,40.55799865722656,107732800.0
2018-04-06,40.12847614077942,40.482887897857516,39.478326701909054,39.52057647705078,140021200.0
2018-04-09,39.87263625048639,40.62605524022441,39.865595219285055,39.91253662109375,116070800.0
2018-04-10,40.60493852359392,40.839649150897934,40.25991361494503,40.66361618041992,113634400.0
2018-04-11,40.42421230284707,40.82087385529702,40.29981595084088,40.47350311279297,89726400.0
2018-04-12,40.70116744671329,41.07435645439156,40.61432208628652,40.87250518798828,91557200.0
2018-04-13,41.02272639139374,41.27151910294791,40.80444720984534,41.010990142822266,100497200.0
2018-04-16,41.08139942006313,41.353664598056646,41.0344580124711,41.266822814941406,86313600.0
2018-04-17,41.42408000955185,41.999120331657075,41.40530272955087,41.83482360839844,106421600.0
2018-04-18,41.733895247128224,41.97095526813903,41.515616087100334,41.740936279296875,83018000.0
2018-04-19,40.78331886242555,41.16589834553228,40.525139311410044,40.55799865722656,139235200.0
2018-04-20,40.041640869366155,40.18716033557367,38.828183580053235,38.8962516784668,261964400.0
2018-04-23,39.156769773980784,39.17789286841588,38.513661441560345,38.7835807800293,146062000.0
2018-04-24,38.88449504363295,39.03940486080999,37.84003384854289,38.243736267089844,134768000.0
2018-04-25,38.16864868277175,38.82583928664687,38.119361446786506,38.410400390625,113528400.0
2018-04-26,38.52070551465223,38.89858975322706,38.34467255099439,38.5441780090332,111852000.0
2018-04-27,38.49254827406108,38.57000322169767,37.70157449520931,38.098236083984375,142623200.0
2018-04-30,38.053631107612816,39.25769406239759,37.98556302734298,38.788272857666016,169709600.0
2018-05-01,39.058187912431194,39.71302884534446,38.790617998357064,39.68955993652344,214277600.0
2018-05-02,41.1283333112394,41.71980496672397,40.792698905965494,41.442848205566406,266157600.0
2018-05-03,41.28091075413384,41.661140865562984,40.94292684113001,41.517967224121094,136272800.0
2018-05-04,41.8371686901322,43.24543243285755,41.81839141046121,43.146854400634766,224805200.0
2018-05-07,43.46371415611706,44.04814493310454,43.36279030101084,43.459022521972656,169805600.0
2018-05-08,43.41911884558,43.70781190513855,43.109299108375836,43.667911529541016,113611200.0
2018-05-09,43.78526492315641,43.98476679241279,43.473099382720285,43.975379943847656,92844800.0
2018-05-10,44.064580428056125,44.68186702612727,44.04345374687312,44.60441207885742,111957200.0
2018-05-11,44.646817320397844,44.78111639096404,44.16615931102086,44.43476104736328,104848800.0
2018-05-14,44.53371864959899,44.65623981059255,44.26276205405801,44.33108901977539,83115200.0
2018-05-15,44.008296792998124,44.076627354090526,43.612464172969005,43.92818832397461,94780800.0
2018-05-16,43.841012012369504,44.404133352868826,43.82451718880194,44.338157653808594,76732400.0
2018-05-17,44.29575178319089,44.51016293392808,43.90934217740125,44.05778121948242,69176000.0
2018-05-18,44.10490308433846,44.25098366663279,43.85515101968935,43.897560119628906,73190800.0
2018-05-21,44.295752863411764,44.59498581760541,44.03893260593715,44.20857620239258,73603200.0
2018-05-22,44.385290823685054,44.50309868458647,44.008304230716284,44.09783935546875,60962800.0
2018-05-23,43.906994559275475,44.41356696187028,43.767978540403256,44.38058090209961,80233600.0
2018-05-24,44.47717318699425,44.49366441518397,43.873997617810524,44.33108901977539,92936000.0
2018-05-25,44.34993283409535,44.68450662598143,44.21327532554309,44.43239974975586,69844000.0
2018-05-29,44.20150825776424,44.47246488387322,44.02950620237712,44.27219009399414,90056400.0
2018-05-30,44.229779925474894,44.295752034505206,44.00830059006872,44.17794418334961,74762000.0
2018-05-31,44.111965976448204,44.349936508610654,43.857500621703196,44.02949905395508,109931200.0
2018-06-01,44.293389239832464,44.82823419974906,44.2368401871287,44.823524475097656,93770000.0
2018-06-04,45.153394518725605,45.57279019489144,45.085067544721014,45.19816207885742,105064800.0
2018-06-05,45.49032190729074,45.69530640222667,45.32303318949462,45.54686737060547,86264000.0
2018-06-06,45.62226384455202,45.72829017819991,45.219359462438206,45.70472717285156,83734400.0
2018-06-07,45.74243130384017,45.756567670436446,45.318322329900795,45.58221435546875,85388800.0
2018-06-08,45.04266163172219,45.23822313189476,44.71280102613651,45.167537689208984,106627200.0
2018-06-11,45.08505809281272,45.23113865191412,44.816456383543546,45.05678176879883,73234000.0
2018-06-12,45.09448614256514,45.381937568012425,45.0379370834704,45.30418395996094,67644400.0
2018-06-13,45.33717074386563,45.44555554341027,44.870652683238966,44.93191146850586,86553600.0
2018-06-14,45.132194282296425,45.13690760360574,44.81882492662614,44.955482482910156,86440400.0
2018-06-15,44.774043181267466,44.80467436726028,44.35700246014303,44.49365997314453,246876800.0
2018-06-18,44.267482185920976,44.583206384745495,44.10726162839729,44.47011184692383,73939600.0
2018-06-19,43.62189074792149,43.902274007400344,43.22369963791943,43.75148010253906,134314000.0
2018-06-20,43.90697324221414,44.10724436672811,43.76088910968787,43.94231414794922,82514800.0
2018-06-21,44.119035175144084,44.37821385591246,43.57476354074038,43.69728469848633,102847600.0
2018-06-22,43.85279121043432,43.859859393539764,43.51821736100589,43.57005310058594,108801600.0
2018-06-25,43.21191397426476,43.570050812040066,42.58282054445238,42.9221076965332,126652400.0
2018-06-26,43.11531391910178,43.94939183167297,43.009283988552895,43.45459747314453,98276800.0
2018-06-27,43.64309432120707,44.126107216581914,43.360356205322596,43.390987396240234,101141200.0
2018-06-28,43.37685407100263,43.874003367746724,43.306168638273,43.70671463012695,69460800.0
2018-06-29,43.89283951007356,44.104895760187524,43.096461027816034,43.61481475830078,90950800.0
2018-07-02,43.31088510715263,44.13082683886514,43.216636658259354,44.1025505065918,70925200.0
2018-07-03,44.24627381087891,44.28397318836197,43.24490701595224,43.334442138671875,55819200.0
2018-07-05,43.65016900130516,43.92112924889861,43.419266591740104,43.68315505981445,66416800.0
2018-07-06,43.68786030860455,44.39706223311594,43.636024569780716,44.28868103027344,69940800.0
2018-07-09,44.649171565377365,44.92719634335544,44.6020491482026,44.90363693237305,79026400.0
2018-07-10,44.934267130145,45.06856619589097,44.80938751433222,44.84944534301758,63756400.0
2018-07-11,44.41355569937035,44.715143482285086,44.203857887887295,44.26747512817383,75326000.0
2018-07-12,44.65623911158645,45.09919773617647,44.60440337487018,45.00966262817383,72164400.0
2018-07-13,45.02145647701362,45.200523146913156,44.97904377388345,45.080360412597656,50055600.0
2018-07-16,45.125113793493355,45.39135705389442,44.8659351203138,44.981388092041016,60172400.0
2018-07-17,44.70808510901566,45.207589309963836,44.578495737483614,45.1086311340332,62138000.0
2018-07-18,45.186379767318016,45.191093088092565,44.750489273536566,44.861228942871094,65573600.0
2018-07-19,44.693935361208126,45.36779629624371,44.693935361208126,45.20993423461914,81147200.0
2018-07-20,45.18637448948724,45.33952324227363,44.80703310367688,45.106266021728516,82704800.0
2018-07-23,44.92719589230041,45.22878726865295,44.66330748260312,45.14632034301758,63957600.0
2018-07-24,45.344238015820956,45.62933457754806,45.24999317957946,45.47382736206055,74791600.0
2018-07-25,45.487963024230176,45.90971710862951,45.33952399399678,45.90264892578125,66839600.0
2018-07-26,45.85316741037176,46.17125001494184,45.617551731493165,45.7589225769043,76304000.0
2018-07-27,45.942707942491445,45.98983036478812,44.79054728056739,44.997886657714844,96096000.0
2018-07-30,45.21465391303347,45.28533934601686,44.547864608639095,44.74578094482422,84118000.0
2018-07-31,44.83766271788807,45.271194687816894,44.61147009280662,44.835304260253906,157492000.0
2018-08-01,46.918161993476545,47.537828925608196,46.48933963434859,47.47657012939453,271742800.0
2018-08-02,47.259803022542634,49.097606414885774,47.205612411911986,48.86434555053711,249616000.0
2018-08-03,48.7795103543594,49.18241471941246,48.414305358183405,49.00570297241211,133789600.0
2018-08-06,49.00805569446865,49.30257525994022,48.78893486345839,49.26016616821289,101701600.0
2018-08-07,49.31907881246056,49.36148791169574,48.715899615615555,48.79836654663086,102349600.0
2018-08-08,48.548606536921845,48.96328879634437,48.188114871607986,48.83134460449219,90102000.0
2018-08-09,49.36856091792828,49.427464847205165,48.81957586564242,49.21541213989258,93970400.0
2018-08-10,49.0286148009558,49.44002519266483,48.86546923859156,49.068809509277344,98444800.0
2018-08-13,49.489674247514394,49.87743898167193,49.10900248470338,49.38563919067383,103563600.0
2018-08-14,49.690657765657285,49.785233134291715,49.24141574509612,49.59371566772461,82992000.0
2018-08-15,49.468388577984165,49.82778137767627,49.25795537186419,49.70956039428711,115230400.0
2018-08-16,50.066600893302926,50.55367090797726,50.00039741215219,50.43781661987305,114001600.0
2018-08-17,50.466179578876776,51.53253166882398,50.39997610944165,51.44504928588867,141708000.0
2018-08-20,51.56800870100237,51.823362921071144,50.861045725428916,50.94380187988281,121150800.0
2018-08-21,51.26063031267377,51.3528425555406,50.60568491149106,50.84449005126953,104639200.0
2018-08-22,50.62223217694636,51.15658978265497,50.560754949723034,50.84685134887695,76072400.0
2018-08-23,50.75228315845391,51.31974622714638,50.74046394254264,50.950897216796875,75532800.0
2018-08-24,51.21334139829706,51.28427111585805,50.861041500529375,51.10930633544922,73905600.0
2018-08-27,51.34339444238317,51.71934007844525,51.14951381959554,51.53018569946289,82100400.0
2018-08-28,51.7831663768743,52.14492238496493,51.761887460591076,51.946311950683594,91107200.0
2018-08-29,52.0527085641898,52.8424276423776,51.8777437807323,52.721839904785156,109019200.0
2018-08-30,52.78567649739625,53.97024961852312,52.58469935427872,53.20654296875,195175200.0
2018-08-31,53.556475387508385,54.11447864417697,53.43589126797498,53.821292877197266,173360400.0
2018-09-04,54.005707859608215,54.187765567505224,53.58484146792699,53.9938850402832,109560400.0
2018-09-05,54.14285726319419,54.30363609852174,53.22309798700196,53.641597747802734,133332000.0
2018-09-06,53.49027078929188,53.75508827339755,52.32461350158914,52.75020980834961,137160000.0
2018-09-07,52.454647827935304,53.28692089077312,52.18510415039235,52.32460403442383,150479200.0
2018-09-10,52.24185615259656,52.45465610496239,51.18259706413789,51.622379302978516,158066000.0
2018-09-11,51.54672332040395,53.03394564193792,51.203883114038426,52.927547454833984,142996000.0
2018-09-12,53.18527803913625,53.19946398561462,51.97942207900117,52.27024841308594,197114800.0
2018-09-13,52.8495271742845,53.99154269031417,52.624907951969114,53.53284454345703,166825600.0
2018-09-14,53.376787478992235,53.63450842198434,52.61308074363496,52.9251823425293,127997200.0
2018-09-17,52.5255883134687,52.714742633075524,51.371753818722354,51.51598358154297,148780400.0
2018-09-18,51.49471436776805,52.45467215648945,51.33629862140528,51.60111618041992,126286800.0
2018-09-19,51.66257836751287,51.92739226002057,50.90596466904896,51.631839752197266,108495200.0
2018-09-20,52.073992180573526,52.55633231761007,51.81626763486653,52.02433776855469,106435200.0
2018-09-21,52.20167586016159,52.33881268301883,51.37649180131732,51.4639778137207,384986800.0
2018-09-24,51.265357635641195,52.31515711505072,51.220433077107394,52.20402908325195,110773600.0
2018-09-25,51.958126598742545,52.68400522996359,51.94630377783899,52.5350456237793,98217600.0
2018-09-26,52.253694901749306,52.903910562291436,51.96050545054438,52.11655807495117,95938800.0
2018-09-27,52.92045647589352,53.53993343518666,52.8542493888135,53.1876335144043,120724800.0
2018-09-28,53.14979737223942,53.398062202116094,52.96773962377275,53.374420166015625,91717600.0
2018-10-01,53.89694068545045,54.244510633511325,53.51863573783042,53.733795166015625,94403200.0
2018-10-02,53.731441209871306,54.38165667005677,53.584848333349555,54.21141815185547,99152800.0
2018-10-03,54.39347992524257,55.202111089246685,54.329639578452706,54.87109375,114619200.0
2018-10-04,54.566089500033,54.93730520599613,53.60849859022037,53.90641784667969,128168000.0
2018-10-05,53.899331189879966,54.00572939058797,52.15438771011894,53.031585693359375,134322000.0
2018-10-08,52.53978140728469,53.15216535637329,52.06453065114557,52.90863037109375,118655600.0
2018-10-09,52.87789106435932,53.73617671665903,52.549236814198565,53.641597747802734,107564000.0
2018-10-10,53.30821307731672,53.5186463057796,51.08329306782395,51.15658950805664,167962400.0
2018-10-11,50.721539244147124,51.89901940310349,50.20136756167063,50.704986572265625,212497600.0
2018-10-12,52.11654858627355,52.698197531427574,51.27008573845108,52.516136169433594,161351600.0
2018-10-15,52.29150849334037,52.44992418497444,51.37174934722611,51.393028259277344,123164000.0
2018-10-16,51.764252977522055,52.72421066994395,51.251174194641926,52.525596618652344,116736000.0
2018-10-17,52.56105763845365,52.64144705306185,51.86118772679396,52.298606872558594,91541600.0
2018-10-18,51.51125481132157,51.955766930543895,50.36214653480621,51.076202392578125,130325200.0
2018-10-19,51.55855433205612,52.315168192303574,51.40959468175978,51.85410690307617,132314800.0
2018-10-22,51.967592478519066,52.81169226211933,51.766618916580256,52.17093276977539,115168400.0
2018-10-23,51.0312826427505,52.78568203373293,50.764102000238935,52.6627311706543,155071200.0
2018-10-24,52.63198573201551,53.01738370273722,50.72626035927189,50.85630416870117,163702000.0
2018-10-25,51.47578872209439,52.3435304176031,51.248802817676285,51.96995162963867,119423200.0
2018-10-26,51.04783130446249,52.062169603151254,50.284124580632735,51.14241027832031,189033600.0
2018-10-29,51.82572833174674,51.94394934491909,48.728336343503514,50.182456970214844,183742000.0
2018-10-30,49.92473008302534,50.87759111597405,49.480221547617695,50.433082580566406,146640000.0
2018-10-31,51.279553116688625,52.123649361726414,51.21807587449459,51.74770736694336,153435600.0
2018-11-01,51.79261274117303,52.575235061821736,51.26298144498841,52.54213333129883,233292800.0
2018-11-02,49.5464321657824,50.515842403483035,48.572288469085706,49.0569953918457,365314800.0
2018-11-05,48.30509650170871,48.326375413709044,46.85570603182611,47.664337158203125,264654800.0
2018-11-06,47.74236754506671,48.40440585745062,47.68798689600997,48.179786682128906,127531600.0
2018-11-07,48.699960659016895,49.66700760551551,48.264908230328544,49.64099884033203,133697600.0
2018-11-08,49.82131798374514,49.85453521515348,49.054946674562586,49.46779251098633,101450400.0
2018-11-09,48.77022964453493,48.87937043055105,47.98724786748592,48.513980865478516,137463200.0
2018-11-12,47.21612935039931,47.41780773297329,45.97996678297015,46.07012939453125,204542000.0
2018-11-13,45.467478543802656,46.78430756047721,45.42476859914762,45.60983657836914,187531600.0
2018-11-14,46.006073457133304,46.14368876236647,44.115055029309836,44.32147979736328,243204000.0
2018-11-15,44.698732002376936,45.54814833515879,44.34520285307609,45.415279388427734,185915200.0
2018-11-16,45.19937035516797,46.25995429565413,44.9526142307228,45.91828918457031,147713200.0
2018-11-19,45.080723353294985,45.24680950472581,43.89201716190447,44.09843826293945,167701200.0
2018-11-20,42.32131328103685,43.056842423109295,41.642729521839435,41.991512298583984,271300800.0
2018-11-21,42.64400210541268,42.77212832849176,41.889494691042145,41.94406509399414,124496800.0
2018-11-23,41.50750600406665,41.901370249008885,40.833668325997536,40.878746032714844,94496000.0
2018-11-26,41.34139771589679,41.50985523537514,40.397072578660236,41.431556701660156,179994000.0
2018-11-27,40.693666190363125,41.46715900960743,40.54419042635813,41.341407775878906,165549600.0
2018-11-28,41.93219192550799,43.01412876378861,41.50511064186913,42.931087493896484,184250000.0
2018-11-29,43.33918054774312,43.372397774847585,42.16233492100179,42.601280212402344,167080000.0
2018-11-30,42.77686790323383,42.78636061112032,42.00337874921922,42.37114334106445,158126000.0
2018-12-03,43.76627592803061,43.88016308346337,42.995158116098935,43.85169219970703,163210000.0
2018-12-04,42.9334627157085,43.27512777330079,41.823054898940676,41.922706604003906,165377200.0
2018-12-06,40.75297606435523,41.46952337319293,40.435039173164846,41.45528793334961,172393600.0
2018-12-07,41.16346626844756,41.40073334415855,39.93204956624217,39.97713088989258,169126400.0
2018-12-10,39.149052745025465,40.356740836565265,38.75281731229737,40.240482330322266,248104000.0
2018-12-11,40.729256594178395,40.76009884419869,39.62359143727057,40.010337829589844,189126800.0
2018-12-12,40.43029709170368,40.79094396093765,40.10287107949015,40.12185287475586,142510800.0
2018-12-13,40.45166164149128,40.945177551940816,40.22863002980266,40.5608024597168,127594400.0
2018-12-14,40.098116353709955,40.11709814501256,39.21548297037447,39.262935638427734,162814800.0
2018-12-17,39.255824356252,39.943900827275144,38.61045782776475,38.897552490234375,177151600.0
2018-12-18,39.239220208007154,39.74934284350836,39.00432455915935,39.40293502807617,135366000.0
2018-12-19,39.386319792315824,39.73035619895045,37.746804045316345,38.173885345458984,196189200.0
2018-12-20,38.05762401069301,38.463352159374345,36.847564525579564,37.2105827331543,259092000.0
2018-12-21,37.217700060216195,37.52614787017046,35.50226074249866,35.76325225830078,382978400.0
2018-12-24,35.15111176377815,35.95782190038735,34.7809757476291,34.837921142578125,148676800.0
2018-12-26,35.18668790861084,37.30547994396388,34.81180570914823,37.29124450683594,234330000.0
2018-12-27,36.975695536789914,37.196355771925646,35.60666728965384,37.04924774169922,212468400.0
2018-12-28,37.3695521467641,37.61156549819046,36.669615227461684,37.06822204589844,169165600.0
2018-12-31,37.61393008515579,37.81086209224743,37.12753210334212,37.426490783691406,140014000.0
2019-01-02,36.750288975035055,37.689867977237725,36.59369187126671,37.469207763671875,148158800.0
2019-01-03,34.16170203892372,34.574547927015324,33.69191438723821,33.736995697021484,365248800.0
2019-01-04,34.292191797955375,35.24600594521999,34.11898793915867,35.17719650268555,234428400.0
2019-01-07,35.281600249745665,35.31244611659193,34.617251961933846,35.09890365600586,219111200.0
2019-01-08,35.4856380984808,36.02186362637025,35.238882107714616,35.76798629760742,164101200.0
2019-01-09,35.89612775325254,36.66487424188444,35.502267230819925,36.37540817260742,180396400.0
2019-01-10,36.183217066092084,36.53199984154206,35.79409933557466,36.49166488647461,143122800.0
2019-01-11,36.27339028412049,36.467947396033274,35.9483319411463,36.133399963378906,108092800.0
2019-01-14,35.79172814036254,35.891379845195914,35.404981774617916,35.590049743652344,129756800.0
2019-01-15,35.654121520311584,36.39439357653171,35.601922478356784,36.3184700012207,114843600.0
2019-01-16,36.32084811856788,36.98519672294444,36.30186631611042,36.76216506958008,122278800.0
2019-01-17,36.58657410659207,37.40751959655014,36.36354252641356,36.980438232421875,119284800.0
2019-01-18,37.369553633249645,37.45971625451414,37.00890676859886,37.208213806152344,135004000.0
2019-01-22,37.110924342637915,37.18684788366704,36.21168057896924,36.373023986816406,121576000.0
2019-01-23,36.57470818551413,36.80960382903162,35.99340473442524,36.520137786865234,92522400.0
2019-01-24,36.56522212472766,36.6530097672651,36.00290042236398,36.230674743652344,101766000.0
2019-01-25,36.890275378715764,37.519035156053725,36.615048386108995,37.431243896484375,134142000.0
2019-01-28,36.963818953658674,37.09194514242652,36.458442779137826,37.0848274230957,104768400.0
2019-01-29,37.07296560813992,37.51902868886723,36.56521441598711,36.70045471191406,166348800.0
2019-01-30,38.73384376445083,39.42191672312946,38.017296299473955,39.208377838134766,244439200.0
2019-01-31,39.41242410665209,40.098125636928835,39.04465950838577,39.49072265625,162958400.0
2019-02-01,39.61410265633867,40.09337942283648,39.36971429863973,39.50970458984375,130672400.0
2019-02-04,39.72086513717964,40.72924978051158,39.690019271912284,40.6319694519043,125982000.0
2019-02-05,41.013969357855885,41.54070233089087,40.89296450420444,41.3271598815918,144406400.0
2019-02-06,41.43868450470518,41.65697335385666,41.011606755653766,41.341407775878906,112958400.0
2019-02-07,40.904829885716296,41.27022309791329,40.41606043860214,40.55842208862305,126966800.0
2019-02-08,40.26771919259328,40.665654071185585,40.13189521411374,40.606082916259766,95280000.0
2019-02-11,40.75857827237781,40.796704677929405,40.329665299757814,40.372554779052734,83973600.0
2019-02-12,40.53221193539128,40.7466666211287,40.436895913781186,40.720455169677734,89134000.0
2019-02-13,40.8395916413653,41.099320945808756,40.48931303829851,40.551265716552734,89960800.0
2019-02-14,40.43927960962729,40.80861781758018,40.36064525814671,40.69900894165039,87342800.0
2019-02-15,40.80623995233979,40.91346730094003,40.44881303304922,40.608463287353516,98507200.0
2019-02-19,40.4392766336708,40.851507928428646,40.38685373654159,40.72998046875,75891200.0
2019-02-20,40.79194916119121,41.299496621052455,40.74429295914237,40.99210739135742,104457600.0
2019-02-21,40.93729152317362,41.07311184292857,40.57986465359283,40.76095962524414,68998800.0
2019-02-22,40.88486811040405,41.223231773038286,40.83721192224632,41.21608352661133,75652800.0
2019-02-25,41.49964124582385,41.90710582108216,41.44959988672047,41.516319274902344,87493600.0
2019-02-26,41.392433423887745,41.771305193024055,41.26375766037328,41.54016876220703,68280800.0
2019-02-27,41.27326982515091,41.699797583479636,41.15889061962103,41.668819427490234,111341600.0
2019-02-28,41.537772157173244,41.67835919496109,41.20417154412631,41.258975982666016,112861600.0
2019-03-01,41.528236712468996,41.735543135571554,41.197021288508566,41.69265365600586,103544800.0
2019-03-04,41.86420972312165,42.355075273942326,41.45436004000405,41.90233612060547,109744800.0
2019-03-05,41.923777845327606,41.938074334374114,41.590177345198846,41.826080322265625,78949600.0
2019-03-06,41.621171381521776,41.81656650222476,41.44722463850816,41.58543014526367,83241600.0
2019-03-07,41.430532678062825,41.566356613968864,40.98970845134733,41.10408401489258,99185600.0
2019-03-08,40.584637390153304,41.23992008169563,40.3892422605175,41.2017936706543,95997600.0
2019-03-11,41.8165720286073,42.68154278377652,41.78321232504616,42.629119873046875,128044000.0
2019-03-12,42.89122670675174,43.52744613325643,42.74110624977912,43.10806655883789,129870400.0
2019-03-13,43.42735521176513,43.677554693258266,43.11043635333161,43.298683166503906,124130000.0
2019-03-14,43.82053342503637,43.86819325045519,43.501232955961775,43.780025482177734,94318000.0
2019-03-15,44.04691043760487,44.63785523657547,43.78241438212483,44.34952926635742,156171600.0
2019-03-18,44.273273139252964,44.89042929325558,44.270887966592596,44.80226516723633,104879200.0
2019-03-19,44.88091491209766,45.03341694140378,44.30188132668204,44.447235107421875,126585600.0
2019-03-20,44.375737368520994,45.152547444755115,44.018310490038075,44.835628509521484,124140800.0
2019-03-21,45.278837530094265,46.782412668747526,45.228796167797555,46.4869384765625,204136800.0
2019-03-22,46.546504437841726,47.10647460051664,45.459927440929704,45.52426528930664,169630800.0
2019-03-25,45.633876819634864,45.7458708587234,44.4639023409663,44.97383117675781,175381200.0
2019-03-26,45.669614876057764,45.9603222997937,43.98255993100992,44.5091667175293,199202000.0
2019-03-27,44.976211880352054,45.2168779833319,44.4519865617811,44.90949249267578,119393600.0
2019-03-28,45.02387869438107,45.169232459544084,44.68551496674179,44.96907424926758,83121600.0
2019-03-29,45.233560640409536,45.2931317832796,44.92617150707696,45.26215362548828,94256000.0
2019-04-01,45.66486577166774,45.67439555693616,44.88805919660428,45.56955337524414,111448000.0
2019-04-02,45.5337998404147,46.33682135310815,45.52427005695858,46.23197555541992,91062800.0
2019-04-03,46.048497688881305,46.822922617672326,46.024667775160154,46.54889678955078,93087200.0
2019-04-04,46.415447417089275,46.79193745474998,46.02227935106706,46.629905700683594,76457200.0
2019-04-05,46.810997523319536,46.96588465709566,46.68708854348536,46.942054748535156,74106400.0
2019-04-08,46.803855058079535,47.71171869297622,46.7847918560636,47.68074417114258,103526800.0
2019-04-09,47.73317589155191,48.336035677504945,47.47344289751336,47.53778076171875,143072800.0
2019-04-10,47.34237670467407,47.833245973912184,47.2232344194669,47.804649353027344,86781200.0
2019-04-11,47.85946211752939,47.89520335222447,47.28519537386603,47.40671920776367,83603200.0
2019-04-12,47.466302982800336,47.690291142297916,46.75383418483477,47.38766860961914,111042800.0
2019-04-15,47.31855093020654,47.62117335589848,47.182726978383926,47.47343444824219,70146400.0
2019-04-16,47.52824036298592,47.98336111335143,47.31378207550533,47.47819900512695,102785600.0
2019-04-17,47.547307445984586,48.462323072559556,47.32570451341118,48.40275192260742,115627200.0
2019-04-18,48.400362590881734,48.64579541672132,48.25739402484164,48.57669448852539,96783200.0
2019-04-22,48.331267903197975,48.83404857594951,48.214507135311784,48.736351013183594,77758000.0
2019-04-23,48.71251279943443,49.503619315451935,48.58622226846949,49.43928146362305,93292000.0
2019-04-24,49.4106933007407,49.6775708811361,49.33682565873371,49.363037109375,70162400.0
2019-04-25,49.28440380449955,49.50600673522847,48.8769355424073,48.915061950683594,74172800.0
2019-04-26,48.82451383821142,48.848343752952516,48.162082930875414,48.68154525756836,74596400.0
2019-04-29,48.705367877898986,49.079476422813116,48.576695801391914,48.755409240722656,88818800.0
2019-04-30,48.38606647084663,48.467082355820594,47.444843102407766,47.816566467285156,186139600.0
2019-05-01,50.01118661960934,51.30507060442836,49.856299405903655,50.16368865966797,259309200.0
2019-05-02,50.00164383738716,50.6712230384966,49.59417917290959,49.83722686767578,127985200.0
2019-05-03,50.25184311826302,50.47821277895846,50.09457439721513,50.45676803588867,83569600.0
2019-05-06,48.679161066436805,49.7633567622048,48.490917825549325,49.677574157714844,129772400.0
2019-05-07,49.05803760722793,49.42499431382498,47.854699576559206,48.338417053222656,155054800.0
2019-05-08,48.109657759852,48.92935733960514,48.073916525359294,48.34794235229492,105358000.0
2019-05-09,47.75223076687932,48.05723475366527,46.86104872008744,47.82848358154297,139634400.0
2019-05-10,47.223299584031466,47.56536064029775,46.11101077401089,47.165889739990234,164834800.0
2019-05-13,44.90065443085275,45.32403977104099,43.73813138927743,44.42464065551758,229722400.0
2019-05-14,44.58968654744338,45.37666024246978,44.35048432829495,45.127891540527344,146118800.0
2019-05-15,44.556202404072714,45.867029661329525,44.49640184388846,45.66849136352539,106178800.0
2019-05-16,45.42689206250881,46.03924912918253,45.17094394873877,45.46755599975586,132125600.0
2019-05-17,44.7140592058034,45.663692098249506,44.67339527551436,45.20920944213867,131516400.0
2019-05-20,43.89838725228515,44.09692550943149,43.123370837032205,43.795528411865234,154449200.0
2019-05-21,44.30503920599439,44.970021141517655,44.18065301915265,44.63513946533203,113459200.0
2019-05-22,44.17109119736444,44.422254305979834,43.66637427145734,43.72138977050781,118994400.0
2019-05-23,43.008562935243226,43.18557025463366,42.53254916971738,42.975074768066406,146118800.0
2019-05-24,43.10424967017532,43.5683026724578,42.72630963377967,42.81003189086914,94858800.0
2019-05-28,42.79805332195135,43.19752052189283,42.55646043574068,42.63300323486328,111792800.0
2019-05-29,42.200059369611644,42.900923841188686,42.099594865311815,42.42969512939453,113924800.0
2019-05-30,42.56602753223366,42.87220603302129,42.25984903144603,42.649749755859375,84873600.0
2019-05-31,42.154600363851024,42.57559854863849,41.857991988135176,41.87712860107422,108174400.0
2019-06-03,42.003904918771,42.558852087002684,40.72895684162504,41.453739166259766,161584400.0
2019-06-04,41.96564243887218,43.01574014822659,41.74557681150609,42.97029113769531,123872000.0
2019-06-05,44.08016486220937,44.249999967526605,43.329070377296176,43.6639518737793,119093600.0
2019-06-06,43.793138271764924,44.364831371467275,43.57067833258456,44.305030822753906,90105200.0
2019-06-07,44.61361029225214,45.90769533953983,44.43660296337536,45.48430633544922,122737600.0
2019-06-10,45.881376473575656,46.73293577866847,45.835927468539325,46.0655632019043,104883600.0
2019-06-11,46.61094078992602,46.88363115164734,46.30954733221378,46.59897994995117,107731600.0
2019-06-12,46.39326993216043,46.87645943951271,46.25931727268128,46.450679779052734,73012800.0
2019-06-13,46.57266682669041,47.07259854029726,46.30954660107747,46.441104888916016,86698400.0
2019-06-14,45.8191886319466,46.30715958311369,45.52018583958195,46.10383987426758,75046000.0
2019-06-17,46.142117571014545,46.634877325421186,45.967500931552536,46.378929138183594,58676400.0
2019-06-18,46.89560444365913,47.90981970395543,46.694675418498946,47.469688415527344,106204000.0
2019-06-19,47.76391106217441,47.81175443967043,47.197002808231645,47.330955505371094,84496800.0
2019-06-20,47.9289405928447,47.986350431164496,47.36920835648545,47.71126937866211,86056000.0
2019-06-21,47.553407198246234,48.04377253215675,47.39792354850374,47.548622131347656,191202400.0
2019-06-24,47.49120806529403,47.87871815109603,47.40270441017317,47.50077819824219,72881600.0
2019-06-25,47.46489952077428,47.663437821269206,46.713804620677834,46.780784606933594,84281200.0
2019-06-26,47.30702989408513,48.07726142928263,47.206565387311976,47.79261016845703,104270000.0
2019-06-27,47.90980994600214,48.21599213856582,47.737587709468265,47.77825164794922,83598800.0
2019-06-28,47.52468785247962,47.72083539403826,47.134790777081065,47.3428955078125,124442400.0
2019-07-01,48.59871477331292,48.91446345681218,47.99592415477376,48.21120834350586,109012000.0
2019-07-02,48.17772417850372,48.58915232452939,48.16576333648064,48.49346923828125,67740800.0
2019-07-03,48.625032628500364,48.902508111863035,48.483904178318824,48.89533233642578,45448000.0
2019-07-05,48.64178034451634,49.055599226493996,48.534136409086,48.85227584838867,69062000.0
2019-07-08,48.03420208422318,48.17533053234699,47.46011815799339,47.84523391723633,101354400.0
2019-07-09,47.649076111025046,48.20163259281211,47.55578740176146,48.13705062866211,82312000.0
2019-07-10,48.28297103527144,48.73266874059022,48.21360034539757,48.613067626953125,71588400.0
2019-07-11,48.63219181300387,48.89053059042238,48.249470537148426,48.259037017822266,80767200.0
2019-07-12,48.426498389723854,48.79726263482881,48.3666978227694,48.62982177734375,70380800.0
2019-07-15,48.81878002796971,49.24455968604115,48.797252704231944,49.08668899536133,67789600.0
2019-07-16,48.93837836621987,49.30196674070282,48.6776488381085,48.91685104370117,67467200.0
2019-07-17,48.80921404901501,49.057982753514956,48.62263660815599,48.64177322387695,56430000.0
2019-07-18,48.797247972159944,49.246949268510306,48.725486583390186,49.1943244934082,74162400.0
2019-07-19,49.22543030950413,49.39526551603992,48.40496832917344,48.459983825683594,83717200.0
2019-07-22,48.71352835732806,49.569872702739694,48.70396187494887,49.567481994628906,89111600.0
2019-07-23,49.86409602597792,49.97173629421098,49.5842262186613,49.95499038696289,73420800.0
2019-07-24,49.67512729577653,50.029145578681785,49.5555261792605,49.914329528808594,59966400.0
2019-07-25,49.966960382445144,50.05068263415217,49.45028262034111,49.5196533203125,55638400.0
2019-07-26,49.62967672847252,50.1678817358878,49.54834884778114,49.691871643066406,70475600.0
2019-07-29,49.8641061577897,50.385565347597584,49.85932109046995,50.15592956542969,86693600.0
2019-07-30,49.93585061510733,50.27073588947548,49.58900815053056,49.940635681152344,135742800.0
2019-07-31,51.76815681857402,52.95220737044596,50.54344231723674,50.959651947021484,277125600.0
2019-08-01,51.16535872118057,52.15326516054023,49.45267342174729,49.8569221496582,216071600.0
2019-08-02,49.163230311330075,49.3785108420285,48.230343145055464,48.80203628540039,163448400.0
2019-08-05,47.35964892958403,47.51751962109188,46.0655640412733,46.24735641479492,209572000.0
2019-08-06,46.957790753154114,47.3787890279519,46.4148006509655,47.122840881347656,143299200.0
2019-08-07,46.74250023988225,47.73518785600527,46.362169638518694,47.610801696777344,133457600.0
2019-08-08,47.88827805859261,48.68482179511622,47.6945248672639,48.6609001159668,108038000.0
2019-08-09,48.3343596886464,48.68491980321308,47.851734087471264,48.259925842285156,98478800.0
2019-08-12,47.93097076329877,48.51444257030938,47.81811826695935,48.13746643066406,89927600.0
2019-08-13,48.26712420599327,50.9371579045492,48.13746218750722,50.17600631713867,188874000.0
2019-08-14,48.780964420477915,49.56852841372435,48.644099355992225,48.682518005371094,146189600.0
2019-08-15,48.852997569788144,49.256382389403456,47.942974606430376,48.440006256103516,108909600.0
2019-08-16,49.04989224511873,49.74141334366734,48.94424278130665,49.58293914794922,110481600.0
2019-08-19,50.57219735243816,51.07883190639441,50.43053268655295,50.50736999511719,97654400.0
2019-08-20,50.634620585098965,51.2276951856261,50.50015898015101,50.509761810302734,107537200.0
2019-08-21,51.141253161466004,51.29972366781528,50.80749895306689,51.057212829589844,86141600.0
2019-08-22,51.18927999555581,51.489418835377954,50.6034083940143,51.013999938964844,89014800.0
2019-08-23,50.286449641445806,50.91554301125543,48.26231548209122,48.656097412109375,187272000.0
2019-08-26,49.429257136875236,49.748605248722136,49.237167578736795,49.580528259277344,104174400.0
2019-08-27,49.909494183098246,50.07517143093124,48.869812663973555,49.02108383178711,103493200.0
2019-08-28,49.00667570095276,49.39565450041869,48.81938934092808,49.350032806396484,63755200.0
2019-08-29,50.06315640226348,50.26004923163214,49.621352927714746,50.185611724853516,83962000.0
2019-08-30,50.46173818969739,50.5313687808023,49.751007883111264,50.12078094482422,84573600.0
2019-09-03,49.56611865080238,49.69818045135938,49.03547532102372,49.390838623046875,80092000.0
2019-09-04,50.03673886776175,50.29845901885149,49.779821963278366,50.22882843017578,76752400.0
2019-09-05,50.90354603728645,51.3765651308316,50.7858902958723,51.21088790893555,95654800.0
2019-09-06,51.39577117230135,51.48461108870742,51.0259981022255,51.20608139038086,77449200.0
2019-09-09,51.585449746566866,51.969628837304214,50.68023385509005,51.42457580566406,109237600.0
2019-09-10,51.350144279794115,52.05126803759896,50.83390703828068,52.03205871582031,127111600.0
2019-09-11,52.3610251708255,53.71525152055803,52.27938461882768,53.68643569946289,177158400.0
2019-09-12,53.97696341496987,54.365942133767874,53.511147403478866,53.56637191772461,128906800.0
2019-09-13,52.82443080357143,53.01411692029238,52.10890090309722,52.5242919921875,159053200.0
2019-09-16,52.279385864836165,52.85565467101706,52.238567419766575,52.8004264831543,84632400.0
2019-09-17,52.814843310259185,53.021339019006504,52.61314718594896,52.992523193359375,73274800.0
2019-09-18,53.07894858894895,53.50874942392138,52.68996985697935,53.489540100097656,101360000.0
2019-09-19,53.307056774538246,53.72725114264616,52.91327477040642,53.0549430847168,88242400.0
2019-09-20,53.15578449922015,53.43911377467882,52.216949430695024,52.27937698364258,221652400.0
2019-09-23,52.57231436011538,52.78601305088982,52.26016925822585,52.51708984375,76662000.0
2019-09-24,53.07174949586762,53.42231327005474,52.149723866608696,52.26737594604492,124763200.0
2019-09-25,52.47627620043449,53.184603139280306,52.137718705200996,53.07175064086914,87613600.0
2019-09-26,52.824439404828816,53.05014441394907,52.54350987128694,52.79802703857422,75334000.0
2019-09-27,52.95409485593707,53.05494473156102,52.17133407059121,52.541107177734375,101408000.0
2019-09-30,53.04053289901251,53.92414352515708,53.01412053525755,53.77767562866211,103909600.0
2019-10-01,54.04180014068749,54.79814854366671,53.832901018952796,53.926544189453125,139223200.0
2019-10-02,53.5591677213098,53.68402648733403,52.32739692001443,52.57471466064453,138449200.0
2019-10-03,52.44745145389446,53.05493574126126,51.655087971892826,53.02132034301758,114426000.0
2019-10-04,54.17865555013315,54.622862444828854,53.75846122523863,54.507606506347656,138478800.0
2019-10-07,54.32992525189106,55.208728860944525,54.22667560102354,54.51961135864258,122306000.0
2019-10-08,54.221881339577685,54.75972776925968,53.8641145411307,53.88092041015625,111820000.0
2019-10-09,54.512413024902344,54.694896109411246,54.17865880193493,54.512413024902344,74770400.0
2019-10-10,54.728517233423744,55.33119839486909,54.577249742952276,55.24715805053711,113013600.0
2019-10-11,55.93387599775765,57.05999756214249,55.780205051339095,56.71664047241211,166795600.0
2019-10-14,56.402094083727334,57.17765554935528,56.34686955839495,56.63500213623047,96427600.0
2019-10-15,56.75986191418055,57.06240057658288,56.39729547769647,56.50294494628906,87360000.0
2019-10-16,56.034714997954104,56.48372515630135,55.99389655879597,56.27482604980469,73903200.0
2019-10-17,56.44769878510148,56.70221587996945,56.07072638906214,56.49332046508789,67585200.0
2019-10-18,56.32764839764216,57.04558173135252,56.25561435236558,56.764652252197266,97433600.0
2019-10-21,57.03117766562347,57.864363302867055,56.983156188347394,57.749107360839844,87247200.0
2019-10-22,57.90519037069038,58.15490428802028,57.53541724657344,57.61705780029297,82293600.0
2019-10-23,58.130884866797174,58.40461130875165,57.91958597693626,58.390201568603516,75828800.0
2019-10-24,58.70954952666312,58.77918378053314,58.06125044639696,58.48624801635742,69275200.0
2019-10-25,58.38539803078692,59.24259248944674,58.31816723653138,59.20657730102539,73477200.0
2019-10-28,59.40828511149882,59.847688843365425,59.24020808221215,59.79966735839844,96572800.0
2019-10-29,59.7804471734003,59.967733495416816,58.24373795075097,58.4166145324707,142839600.0
2019-10-30,58.76958279527963,58.89924482176762,57.91719144782321,58.40941619873047,124522000.0
2019-10-31,59.36507144431984,59.82848412244298,56.96875995728241,59.730037689208984,139162000.0
2019-11-01,59.91731948128368,61.451629192015126,59.826079758935535,61.42522048950195,151125200.0
2019-11-04,61.78777210588694,61.912634539198656,61.31955996379076,61.82859420776367,103272000.0
2019-11-05,61.720552176754836,61.994282334049466,61.5452757723623,61.73976516723633,79897600.0
2019-11-06,61.65331419578515,61.826194451970366,61.31716017753835,61.76616668701172,75864400.0
2019-11-07,62.31285597676723,62.70059923548496,62.161130673338896,62.47903060913086,94940400.0
2019-11-08,62.30081895457208,62.722274875332666,61.85768903983962,62.650028228759766,69986400.0
2019-11-11,62.206886797370636,63.211159215108815,62.20207280445758,63.14613723754883,81821200.0
2019-11-12,62.9895835347863,63.288220102882214,62.83786560415839,63.08832550048828,87388800.0
2019-11-13,62.888439963309075,63.76747499464725,62.873990636188424,63.69281768798828,102734400.0
2019-11-14,63.519417983025704,63.79155922463415,63.12204679068359,63.252098083496094,89182800.0
2019-11-15,63.502559746650064,64.00830825530088,63.341206473883005,64.00349426269531,100206400.0
2019-11-18,64.01311651070851,64.40567368628587,63.635016010866224,64.32620239257812,86703200.0
2019-11-19,64.51887757210454,64.54296223689062,63.91439437873861,64.13114166259766,76167200.0
2019-11-20,63.95052386452542,64.08056783760952,62.71264400137363,63.38456726074219,106234400.0
2019-11-21,63.504964328035534,63.582032299976326,62.90047390688483,63.10036849975586,121395200.0
2019-11-22,63.24004853424612,63.38213847508004,62.81859270394661,63.04497528076172,65325200.0
2019-11-25,63.26894500831201,64.16725062153702,63.2231863603436,64.150390625,84020400.0
2019-11-26,64.28767826489613,64.34066158536174,63.21838386975903,63.64947509765625,105207600.0
2019-11-27,63.9601500849875,64.53815268116317,63.89512810024147,64.50443267822266,65235600.0
2019-11-29,64.20580352668654,64.54296680875088,64.0372182108502,64.36234283447266,46617600.0
2019-12-02,64.36713626465993,64.60315416150887,63.44716403527394,63.6181526184082,94487200.0
2019-12-03,62.20930423351439,62.50311952452636,61.72282631052434,62.483856201171875,114430400.0
2019-12-04,62.87400131746364,63.41346255389857,62.7800733256157,63.03535461425781,67181600.0
2019-12-05,63.529075313641115,64.03482398336993,63.27379398170731,63.96015930175781,74424400.0
2019-12-06,64.41772007388622,65.26544572676671,64.37436474563619,65.19560241699219,106075600.0
2019-12-09,65.02462660501106,65.21728922547906,63.79879285948436,64.28286743164062,128042400.0
2019-12-10,64.68746036332061,65.04148360806178,64.02757585193183,64.65856170654297,90420400.0
2019-12-11,64.73803158690569,65.28953877362453,64.66337427533851,65.2100601196289,78756800.0
2019-12-12,64.48998371818132,65.64116022447391,64.3792030714425,65.3762435913086,137310400.0
2019-12-13,65.37625995795521,66.30105405920706,65.24861927769518,66.26493072509766,133587600.0
2019-12-16,66.71044750574998,67.62320261796066,66.70563351279964,67.39922332763672,128186000.0
2019-12-17,67.3294173549051,67.85924345020065,67.14397197438245,67.5317153930664,114158400.0
2019-12-18,67.38477250929151,67.89052104298418,67.22100855730946,67.37032318115234,116028400.0
2019-12-19,67.31253704760239,67.71713300190731,67.18008240112675,67.4377670288086,98369200.0
2019-12-20,67.97001905135092,68.07116437712546,67.08616236392761,67.298095703125,275978000.0
2019-12-23,67.56057609253462,68.45647110065944,67.52204210459728,68.3962631225586,98572000.0
2019-12-24,68.5624563754821,68.61062571090498,68.13618642046343,68.4613037109375,48478800.0
2019-12-26,68.59375403067095,69.83644770700805,68.56485537418061,69.81958770751953,93121200.0
2019-12-27,70.11099839799601,70.79737094783557,69.38850252439819,69.79309844970703,146266000.0
2019-12-30,69.71120798213394,70.4890977572307,68.69008295692782,70.20732116699219,144114400.0
2019-12-31,69.82440364292783,70.72752343141342,69.72566166410049,70.72029876708984,100805600.0
2020-01-02,71.34406195339083,72.39409318664748,71.09119131937346,72.3338851928711,135480400.0
2020-01-03,71.56320547713457,72.38925722098051,71.40666619485818,71.6306381225586,146322800.0
2020-01-06,70.75401351048198,72.23994237629597,70.50354624985978,72.20140838623047,118387200.0
2020-01-07,72.21104883104543,72.46633010238772,71.64268897397623,71.86184692382812,108872000.0
2020-01-08,71.56562867701548,73.31888511458335,71.56562867701548,73.0178451538086,132079200.0
2020-01-09,73.99320238999518,74.76145686133366,73.74274246581768,74.56879425048828,170108400.0
2020-01-10,74.80241031619431,75.3009342510977,74.23645372460896,74.73738098144531,140644800.0
2020-01-13,75.05285582286368,76.36057125816924,74.9348431957367,76.33407592773438,121532000.0
2020-01-14,76.27148630079421,76.48100893453174,75.18051779267843,75.30333709716797,161954400.0
2020-01-15,75.10344798902688,75.98248317068368,74.54953007278792,74.98062133789062,121923600.0
2020-01-16,75.52249718552835,76.03065646802948,75.16124922768141,75.91986846923828,108829200.0
2020-01-17,76.16792404225187,76.76277929851412,75.86207008807327,76.7603759765625,137816400.0
2020-01-21,76.3894803308505,76.83019952815127,76.10288974668396,76.24016571044922,110843200.0
2020-01-22,76.72423978617735,77.06381371935198,76.41838585398544,76.51231384277344,101832400.0
2020-01-23,76.56530142477,76.96026202494508,76.01860816134078,76.88079071044922,104472000.0
2020-01-24,77.12644008388187,77.86819933392093,76.46896614550444,76.65922546386719,146537600.0
2020-01-27,74.67234156024762,75.08416206919466,73.42483402812097,74.40502166748047,161940000.0
2020-01-28,75.28406170066347,76.68088393464757,75.18531972883665,76.50989532470703,162234000.0
2020-01-29,78.13792264122904,78.95674973344263,77.39856685210137,78.1114273071289,216229200.0
2020-01-30,77.19627050016777,78.05122092954578,76.76517927864235,77.99823760986328,126743200.0
2020-01-31,77.29020649112265,77.71166246110458,74.24609404973549,74.53990936279297,199588400.0
2020-02-03,73.28516622775322,75.49841264105945,72.7842389592195,74.33519744873047,173788400.0
2020-02-04,75.93670624597806,76.97951249486786,75.53211041551288,76.78925323486328,136616400.0
2020-02-05,77.91395235806485,78.21258898353346,76.81335589638837,77.41543579101562,118826800.0
2020-02-06,77.68516086755363,78.3233640404218,77.12883967256218,78.32095336914062,105425600.0
2020-02-07,77.82123854389138,78.06988383321008,76.76630651671353,77.25635528564453,117684000.0
2020-02-10,75.8441484328751,77.623291015625,75.7644885208781,77.623291015625,109348800.0
2020-02-11,78.11818095050265,78.19059906005786,76.9377141953968,77.15497589111328,94323200.0
2020-02-12,77.60398368209574,78.9920538114317,77.60398368209574,78.98722839355469,113730400.0
2020-02-13,78.26059867524006,78.75064746940821,78.05782062596876,78.42475128173828,94747600.0
2020-02-14,78.39337649475979,78.6927218682662,77.93712767417983,78.44407653808594,80113600.0
2020-02-18,76.12902370501065,77.18878887738555,75.94797103367979,77.00773620605469,152531200.0
2020-02-19,77.24912158938099,78.35233737517142,77.24912158938099,78.12300109863281,93984000.0
2020-02-20,77.8840228178166,78.37165530100644,76.81701596336808,77.32154846191406,100566000.0
2020-02-21,76.91596913601705,77.35774159273006,74.95577422235982,75.57135009765625,129554000.0
2020-02-24,71.75960997813098,73.43011814732492,69.8211400810818,71.98169708251953,222195200.0
2020-02-25,72.65038734565039,73.03180163978591,69.07278565467855,69.54351806640625,230673600.0
2020-02-26,69.1693328941365,71.90926363042658,69.16209108503992,70.64672088623047,198054800.0
2020-02-27,67.85852144500781,69.04139705399142,65.8934935311334,66.02867889404297,320605600.0
2020-02-28,62.10346116385855,67.20914325476264,61.88860853206062,65.99005126953125,426510000.0
2020-03-02,68.14337454443714,72.76866613954134,67.04257525684778,72.13377380371094,341397200.0
2020-03-03,73.3069988099028,73.38665871766685,68.99311238709194,69.84285736083984,319475600.0
2020-03-04,71.56166493954149,73.2418314905751,70.76261982320094,73.08250427246094,219178400.0
2020-03-05,71.33955724756618,72.31241302487865,70.34739243241086,70.7119140625,187572800.0
2020-03-06,68.07578380592835,70.20496434412061,67.88990577178768,69.7728500366211,226176800.0
2020-03-09,63.670179502443226,67.1319051551366,63.48912685930832,64.25437927246094,286744800.0
2020-03-10,66.90256079781972,69.14761010810192,65.02685113261988,68.88206481933594,285290000.0
2020-03-11,66.96288676154127,67.88745846056905,65.62791900481083,66.48973083496094,255598800.0
2020-03-12,61.78481820985721,65.17895115078981,59.86807364961435,59.9235954284668,418474000.0
2020-03-13,63.94536649521935,67.57366022928257,61.06300489011421,67.10292053222656,370732000.0
2020-03-16,58.40758489593045,62.54282496971143,57.9368487366503,58.47035217285156,322423600.0
2020-03-17,59.74978006097213,62.1879532458274,57.55059398806874,61.041290283203125,324056000.0
2020-03-18,57.88132562490314,60.350882714180244,57.2416040580175,59.5470085144043,300233600.0
2020-03-19,59.720822675289355,61.036471254980725,58.56691402825116,59.09075927734375,271857200.0
2020-03-20,59.67012006159394,60.79264863512061,55.04000233501268,55.3393440246582,401693200.0
2020-03-23,55.05931255400759,55.16070158535809,51.32479999006741,54.16370391845703,336752800.0
2020-03-24,57.05812501538411,59.79322680600636,56.56083445045727,59.59769058227539,287531200.0
2020-03-25,60.53192552123785,62.34245170831376,58.97487373705756,59.269386291503906,303602000.0
2020-03-26,59.51079529315195,62.44625922344338,59.472169846872056,62.38832473754883,252087200.0
2020-03-27,61.01473571142301,61.767913466106,59.638736473627105,59.80530548095703,204216800.0
2020-03-30,60.529524878595154,61.68343350383442,60.20604133587408,61.51203536987305,167976400.0
2020-03-31,61.70272385530984,63.365989810091186,60.83366995398601,61.38648223876953,197002000.0
2020-04-01,59.50596558883749,60.04188167908633,57.726822887688364,58.15652084350586,176218400.0
2020-04-02,58.01891951220774,59.18006982201146,57.188490836952404,59.12696075439453,165934000.0
2020-04-03,58.61277624472143,59.31284498948773,57.68820030765842,58.277225494384766,129880000.0
2020-04-06,60.568131689303875,63.51566611882468,60.20120105165565,63.36117172241211,201820400.0
2020-04-07,65.37206847487805,65.58933753055518,62.52350996388426,62.62731170654297,202887200.0
2020-04-08,63.42635444288139,64.54405384793799,63.06184016051964,64.23023223876953,168895200.0
2020-04-09,64.86513503536223,65.19585671097452,63.89952086210519,64.69373321533203,161834800.0
2020-04-13,64.77098217772529,66.07215077341053,64.17229875609489,65.96351623535156,131022800.0
2020-04-14,67.59299170512948,69.58457092501276,67.12225185179103,69.29488372802734,194994800.0
2020-04-15,68.17234288135833,69.1210568119712,67.74506136385055,68.66239166259766,131154400.0
2020-04-16,69.3745233735621,69.5724759670409,68.16026433690568,69.20795440673828,157125200.0
2020-04-17,68.72514642195532,69.27072055777202,66.83495334748415,68.26889038085938,215250000.0
2020-04-20,67.09811161151838,67.99854202997274,66.83256626499734,66.85187530517578,130015200.0
2020-04-21,66.69495629705587,66.92911797835283,64.07572694243713,64.78545379638672,180991600.0
2020-04-22,66.05040482183006,67.08602784822331,65.71003238672124,66.65150451660156,116862400.0
2020-04-23,66.59597413685326,68.01542772017612,66.35457066668404,66.39319610595703,124814400.0
2020-04-24,66.91704870248016,68.31960235496462,66.86876505886688,68.30994415283203,126161200.0
2020-04-27,68.02750161594408,68.68895219864656,67.58091104598891,68.35823059082031,117087600.0
2020-04-28,68.81929803212363,69.0003506347447,67.15844834573424,67.25017547607422,112004800.0
2020-04-29,68.73481966758834,69.92735352024151,68.53204161617626,69.45903015136719,137280800.0
2020-04-30,69.99735834734561,71.10057413486881,69.60870223992275,70.92434692382812,183064000.0
2020-05-01,69.1017567929507,72.17965163700352,69.00519685948858,69.78251647949219,240616800.0
2020-05-04,69.80665406694762,70.89779524622708,69.11865261133845,70.76985168457031,133568000.0
2020-05-05,71.2285148811078,72.66245223551824,71.08367131021836,71.83202362060547,147751200.0
2020-05-06,72.53211641471866,73.20321806161756,72.14828561275279,72.57315826416016,142333600.0
2020-05-07,73.19839399385799,73.66913392278244,72.89663951815068,73.32392120361328,115215200.0
2020-05-08,73.98231154076618,75.122398042806,73.65553308459083,75.06914520263672,133838400.0
2020-05-11,74.57776663572473,76.74417245398942,74.36959376483475,76.25038146972656,145946400.0
2020-05-12,76.93296121988755,77.38319101183461,75.25793117438776,75.37895965576172,162301200.0
2020-05-13,75.55807493186354,76.47789576756719,73.39408522317618,74.46881866455078,200622400.0
2020-05-14,73.70877656980059,74.98683718466037,72.98744407851115,74.92632293701172,158929200.0
2020-05-15,72.70181680027588,74.52934407916516,72.66792527667609,74.48335266113281,166348400.0
2020-05-18,75.80498930633232,76.61103581678174,75.11512542110488,76.23826599121094,135178400.0
2020-05-19,76.25522103808397,77.0999976554672,75.76626852775506,75.79773712158203,101729600.0
2020-05-20,76.65461600601195,77.34205706251838,76.61588599602642,77.27186584472656,111504800.0
2020-05-21,77.13387754437865,77.67366726497515,76.4585365069764,76.69575500488281,102688800.0
2020-05-22,76.43432078527125,77.27184315466477,76.33266100253039,77.18954467773438,81803200.0
2020-05-26,78.30543299444078,78.48455279572174,76.61103413521022,76.66670989990234,125522000.0
2020-05-27,76.52390248864035,77.14598335609439,75.78562421645006,77.00074768066406,112945200.0
2020-05-28,76.67640563269867,78.29092933411673,76.40046444930317,77.03465270996094,133560800.0
2020-05-29,77.27669643163954,77.73660324937043,76.60377827424547,76.95960235595703,153532400.0
2020-06-01,76.91361639836452,78.0270801430567,76.78290354210658,77.90605163574219,80791200.0
2020-06-02,77.63977407114822,78.29090791932163,77.19922860751555,78.2667007446289,87642800.0
2020-06-03,78.58621903033732,78.95898884323296,78.01496072344597,78.69756317138672,104491200.0
2020-06-04,78.5208656190316,78.81859097042819,77.6470360985682,78.01980590820312,87560400.0
2020-06-05,78.26912701737099,80.30240419943048,78.2400813612976,80.24188995361328,137250400.0
2020-06-08,79.93933807530591,80.75023064294642,79.2301127155256,80.71633911132812,95654400.0
2020-06-09,80.3968056767083,83.65730597576551,80.36533708864444,83.26517486572266,147712400.0
2020-06-10,84.2116321903992,85.8745626649843,83.77350959383725,85.40739440917969,166651600.0
2020-06-11,84.55293109627195,84.97653085136815,81.20528599627451,81.30694580078125,201662400.0
2020-06-12,83.44189186655679,84.18742419889422,80.90029328946143,82.0089111328125,200146000.0
2020-06-15,80.66546973617807,83.67423552165188,80.50328834719761,83.02310180664062,138808800.0
2020-06-16,85.07334504214955,85.49452921505798,83.44188334314991,85.22341918945312,165428800.0
2020-06-17,85.96654258564811,86.02705683600927,84.98379175074255,85.10482025146484,114406400.0
2020-06-18,85.06125763268233,85.55505601805591,84.53115217198582,85.13871765136719,96820400.0
2020-06-19,85.84308414219812,86.30782937031772,83.54595856056092,84.65216064453125,264476000.0
2020-06-22,85.04429286253834,87.00979422869749,84.99830144840965,86.86698150634766,135445200.0
2020-06-23,88.10874933547481,90.13718820813904,87.68998805980996,88.72115325927734,212155600.0
2020-06-24,88.35079901624333,89.26819705246864,86.78226710315806,87.15503692626953,192623200.0
2020-06-25,87.30994555491553,88.35078749388231,86.55230611311778,88.31205749511719,137522400.0
2020-06-26,88.20798383985682,88.42825657527817,85.45095132716905,85.5986099243164,205256800.0
2020-06-29,85.50661981464565,87.66577111516035,85.02976731524565,87.57136535644531,130646000.0
2020-06-30,87.15988171149978,88.58802392767775,87.14052040168764,88.3023910522461,140223200.0
2020-07-01,88.37984062385425,88.92204587845694,88.08695375546539,88.13536071777344,110737200.0
2020-07-02,89.04065881814572,89.67484690422407,88.02160103220285,88.13536071777344,114041600.0
2020-07-06,89.56109054157537,90.96017971455592,89.52962194946613,90.49301147460938,118655600.0
2020-07-07,90.87062222466152,91.64762315168353,90.10088271239697,90.21222686767578,112424400.0
2020-07-08,91.18772968265077,92.34476205459154,91.10058530579187,92.31329345703125,117092000.0
2020-07-09,93.20403412942578,93.2572869587544,91.66455533300416,92.71024322509766,125642800.0
2020-07-10,92.30601639495103,92.93052759776583,91.69603540831204,92.87242889404297,90257200.0
2020-07-13,94.17470651308925,96.77924249240976,92.2309888780557,92.44400024414062,191649200.0
2020-07-14,91.82674120591236,94.16501274371473,90.89482765300735,93.97379302978516,170989200.0
2020-07-15,95.84487140313816,96.09418977539168,93.42430181349536,94.62006378173828,153198000.0
2020-07-16,93.49451003316076,94.31024088700049,92.85789898357274,93.45578002929688,110577600.0
2020-07-17,93.90600938284572,94.06092201052024,92.79496133182224,93.26697540283203,92186800.0
2020-07-20,93.35413310853578,95.37046481228467,93.01040889370655,95.23249053955078,90318000.0
2020-07-21,96.02156617732469,96.09660323624759,93.66877247263514,93.9180908203125,103433200.0
2020-07-22,93.62035668832587,94.8621099281947,93.53321973878694,94.18193054199219,89001600.0
2020-07-23,93.91570535175619,93.99316537476754,89.08667200224166,89.8951416015625,197004400.0
2020-07-24,88.09663844239333,90.01614846898383,86.31267234298356,89.67242431640625,185438800.0
2020-07-27,90.73262697532834,91.88965891007823,90.50993871626743,91.79767608642578,121214000.0
2020-07-28,91.36923715007886,91.54594138277622,90.28481935549645,90.28966522216797,103625600.0
2020-07-29,90.77135574195019,92.20433612820618,90.73504867705178,92.02037048339844,90329200.0
2020-07-30,91.19496376791191,93.23792519284922,90.78830982976133,93.13384246826172,158130000.0
2020-07-31,99.61614896320704,103.03399293401982,97.62159407755033,102.88391876220703,374336800.0
2020-08-03,104.7622549635953,108.09053834247213,104.4645296144692,105.47632598876953,308151200.0
2020-08-04,105.6651273181697,107.26996618839969,104.94379489849536,106.18070983886719,173071600.0
2020-08-05,105.90234853375506,106.8850992523654,105.43759589570149,106.56558227539062,121776800.0
2020-08-06,106.89719478834881,110.77736760867772,106.30899814130089,110.2835693359375,202428800.0
2020-08-07,109.80586800423681,110.26175680038186,106.98082124977309,107.77619934082031,198045600.0
2020-08-10,109.21903076531765,110.35875275642206,106.69710077257369,109.34270477294922,212403600.0
2020-08-11,108.60794103965802,109.10504953060087,105.83138875527999,106.09085845947266,187902400.0
2020-08-12,107.17965891895842,109.87376452711321,106.98566715289093,109.6167221069336,165598000.0
2020-08-13,110.99408465160128,112.55817011651827,110.50667052619417,111.55667114257812,210082000.0
2020-08-14,111.38206488530741,111.5469586132698,109.65065854076958,111.45723724365234,165565200.0
2020-08-17,112.57756555807367,112.60181637912858,110.54062239475888,111.16625213623047,119561600.0
2020-08-18,110.91891544512356,112.51694618501556,110.58427334354063,112.09258270263672,105633600.0
2020-08-19,112.49996719549999,113.64453639963617,112.13865437861999,112.23322296142578,145538000.0
2020-08-20,112.27445537799255,114.837612647254,112.25747906222769,114.72364044189453,126907200.0
2020-08-21,115.6814742972318,121.11817961837231,115.6693525872738,120.6356201171875,338054800.0
2020-08-24,124.83316679017967,124.91804835697145,120.21609797723066,122.07844543457031,345937600.0
2020-08-25,120.95329871627834,121.42130925505194,119.35768781992573,121.07696533203125,211495600.0
2020-08-26,122.391288286882,123.17939196014703,121.32673854222942,122.72350311279297,163022400.0
2020-08-27,123.32487721481381,123.65709200762272,120.11425938434616,121.25640869140625,155552400.0
2020-08-28,122.22881796842402,122.64590698975564,120.83690796249397,121.06000518798828,187630000.0
2020-08-31,123.74923681098468,127.06654483126823,122.21667670793738,125.16539001464844,225702700.0
2020-09-01,128.77371625173845,130.75247109042868,126.61067882372832,130.1510772705078,151948100.0
2020-09-02,133.45866793446768,133.83695705739137,123.18665076532004,127.45452880859375,200119000.0
2020-09-03,123.09935930505591,124.97140134269283,116.8818246649217,117.25041198730469,257599600.0
2020-09-04,116.46472703859587,119.98572845730746,107.56036930998823,117.3280029296875,332607200.0
2020-09-08,110.52848630276392,115.41715402612338,109.29662311428591,109.43241882324219,231366600.0
2020-09-09,113.73911382379356,115.56266164657546,111.79916649731042,113.79730987548828,176940500.0
2020-09-10,116.74604363595516,116.88183937183103,109.12204920606632,110.08232116699219,182274400.0
2020-09-11,111.12987875287997,111.77006490232608,106.69709954942977,108.63704681396484,180860300.0
2020-09-14,111.27539655347849,112.44906397434094,109.41304861625771,111.89617919921875,140150100.0
2020-09-15,114.77697452888815,115.26196131479541,110.19869808587379,112.07074737548828,184642000.0
2020-09-16,111.77004623671577,112.51692255269627,108.67582849841733,108.76312255859375,154679000.0
2020-09-17,106.42551466292394,108.83104527474275,105.4458391619844,107.02689361572266,178011000.0
2020-09-18,107.08508422800398,107.55066740012516,102.90449308489,103.63197326660156,287104900.0
2020-09-21,101.40104892896447,106.88140167582651,100.0042844680874,106.77470397949219,195713800.0
2020-09-22,109.29663858587081,109.47123415071694,105.88233436259476,108.4527587890625,183055400.0
2020-09-23,108.26846907252015,108.74375412227577,103.56409061974239,103.9035873413086,150718700.0
2020-09-24,102.01212050333626,106.93958810787352,101.84722676940335,104.97054290771484,167743300.0
2020-09-25,105.17424100477153,109.0638373334494,104.43705897382922,108.90863800048828,149981400.0
2020-09-28,111.5566650919616,111.85735453793174,109.39362072171006,111.50816345214844,137672400.0
2020-09-29,111.1104781178147,111.84765272079834,110.15990073985728,110.6642837524414,99382200.0
2020-09-30,110.37329066576835,113.73910005377913,110.20839693905525,112.33263397216797,142675200.0
2020-10-01,114.1077098390407,114.18530951408272,112.35205974301084,113.28323364257812,116120400.0
2020-10-02,109.50033277715342,111.90587086149135,108.85045216012577,109.62642669677734,144712000.0
2020-10-05,110.4897020352033,113.14742776439395,110.14051092914185,113.0019302368164,106243800.0
2020-10-06,112.22594105943094,112.63333559022071,108.87953514429641,109.76221466064453,161498200.0
2020-10-07,111.17836295291494,112.08043858541826,110.70307061944358,111.62454986572266,96849000.0
2020-10-08,112.7594330889432,112.90493061170089,111.1492733309645,111.51786804199219,83477200.0
2020-10-09,111.81855175000258,113.48690747123634,111.46936067345082,113.45780944824219,100506900.0
2020-10-12,116.45503667336371,121.42130453731181,115.6984583933761,120.66472625732422,240226800.0
2020-10-13,121.50858655705257,121.62498605023444,116.05733979847938,117.46379852294922,262330500.0
2020-10-14,117.36680433445795,119.33584953717633,116.02824344500344,117.55110168457031,150712000.0
2020-10-15,115.15527240046332,117.56080289760202,114.60238771843201,117.08551788330078,112559200.0
2020-10-16,117.63840102761567,117.90029805270329,115.24256497002679,115.44625854492188,115393800.0
2020-10-19,116.358026294525,116.80421323996534,112.18714446524658,112.4975357055664,120639300.0
2020-10-20,112.71092747344602,115.40746025257594,112.15804282671203,113.98159790039062,124423700.0
2020-10-21,113.16682541230045,115.14557257156684,112.9534300225298,113.36082458496094,89946000.0
2020-10-22,113.92338126264393,114.49566945896562,111.1492565422486,112.27442932128906,101988000.0
2020-10-23,112.89524032049677,113.05043966735408,110.84859518576691,111.58577728271484,82572600.0
2020-10-26,110.58669317293085,113.05042702646372,109.49061825916863,111.59546661376953,111850700.0
2020-10-27,112.02225141814819,113.75850508779021,111.10077943831497,113.09892272949219,92276800.0
2020-10-28,111.59548115439539,111.96406850952522,107.76408046155812,107.86107635498047,143937800.0
2020-10-29,108.99594153712782,113.41901900582575,108.83104039265947,111.85736083984375,146129200.0
2020-10-30,107.72527053869118,108.6273463236584,104.48556211975591,105.5913314819336,190272600.0
2020-11-02,105.8338155489353,107.35667373960923,104.09756199136386,105.50402069091797,122866900.0
2020-11-03,106.36731546450528,108.14236164402186,105.46523966166725,107.12389373779297,107624400.0
2020-11-04,110.71280536595152,112.1192643704232,108.97655143196363,111.49848175048828,138235500.0
2020-11-05,114.40838980980128,116.02825144019144,113.36082388514865,115.45596313476562,126387100.0
2020-11-06,114.96528648231298,115.82033327578648,112.83737692583377,115.32479858398438,114457900.0
2020-11-09,117.08349671182408,118.5312490768306,112.75966930056151,113.02201080322266,154515300.0
2020-11-10,112.27381767890381,114.25597110360664,110.89407325748324,112.6819076538086,138023400.0
2020-11-11,113.86731293234887,116.23812654293447,113.13857769111563,116.10209655761719,112295000.0
2020-11-12,116.22843412444456,117.11262917137141,115.2082016572188,115.8300552368164,103162300.0
2020-11-13,116.05354364266076,116.27701834676313,114.52805783909481,115.87864685058594,81581900.0
2020-11-16,115.54825966136949,117.55956865833653,114.80009473182567,116.8891372680664,91183000.0
2020-11-17,116.16039565890526,117.24863549686008,115.58712010448728,116.00492858886719,74271000.0
2020-11-18,115.24705160870013,116.42274359265693,114.65434634387621,114.6834945678711,76322100.0
2020-11-19,114.25596702688232,115.68428930116418,113.4980835539356,115.27619934082031,74113000.0
2020-11-20,115.27622108410968,115.40253254906611,113.9644988709724,114.01307678222656,73604300.0
2020-11-23,113.85759556092404,114.28512261237464,110.52484606012634,110.62200927734375,127959300.0
2020-11-24,110.68031687022992,112.56530706965945,109.39773567263003,111.90458679199219,113874200.0
2020-11-25,112.27384022721371,113.43981393627315,111.90460953598352,112.74022674560547,76499200.0
2020-11-27,113.26490259506915,114.158816151439,112.92482759135008,113.28433227539062,46691300.0
2020-11-30,113.65355580646789,117.54014397849063,113.49808872130923,115.6745834350586,169410200.0
2020-12-01,117.57901628913943,119.96926723797301,116.60736920035771,119.24053192138672,127728200.0
2020-12-02,118.56035832864589,119.87208764992158,117.46239993689542,119.5903091430664,89004200.0
2020-12-03,120.01782662918774,120.27045690895935,118.74497151143471,119.45427703857422,78967600.0
2020-12-04,119.1239572126844,119.3765875857432,118.07457635205301,118.78388214111328,78260400.0
2020-12-07,118.84217384185906,121.03809872222877,118.78387737852155,120.24134826660156,86712000.0
2020-12-08,120.84375871454999,121.43646406909802,119.60004413555974,120.85346984863281,82225500.0
2020-12-09,120.99920059491815,122.37893756571138,117.56928784632052,118.3271713256836,115089200.0
2020-12-10,117.08347755039478,120.35793100204793,116.74340254220034,119.74578857421875,81312200.0
2020-12-11,118.95873784398792,119.27938312055916,117.13204422429256,118.9393081665039,86939800.0
2020-12-14,119.12392157489586,119.85265683014165,118.09397811966689,118.3271713256836,79184500.0
2020-12-15,120.8145802742906,124.27364851643785,120.61053530086464,124.25421142578125,157243700.0
2020-12-16,123.79755773169585,124.73033062366706,122.9716517851633,124.18621063232422,98208600.0
2020-12-17,125.24530607028412,125.90603381216341,124.40968896582861,125.05097961425781,94359800.0
2020-12-18,125.30361605465058,125.43964605507787,122.5441344465272,123.0688247680664,192541500.0
2020-12-21,121.47529080402495,124.67200995848317,119.94980548478038,124.59427642822266,121251600.0
2020-12-22,127.87850495293172,130.59912042639044,125.97406967366213,128.14085388183594,168904800.0
2020-12-23,128.41286824547294,128.67520225485305,127.07199067068275,127.24689483642578,88223700.0
2020-12-24,127.59672197110412,129.67604646021374,127.38295839338778,128.22828674316406,54930100.0
2020-12-28,130.19099379190865,133.44600251933943,129.72459253226933,132.81443786621094,124486200.0
2020-12-29,134.13589678161503,134.8549062093824,130.53107920371312,131.04605102539062,121047300.0
2020-12-30,131.7359604936859,132.13433949873422,129.61776138418642,129.92869567871094,96452100.0
2020-12-31,130.27844532518537,130.91973597132423,127.98535756948488,128.9278564453125,99116600.0
2021-01-04,129.7343224533574,129.82176713240116,123.16598610776015,125.74085235595703,143301900.0
2021-01-05,125.2355842462787,128.0047841932833,124.78862009202955,127.29547119140625,97664900.0
2021-01-06,124.09877604874403,127.33436285992687,122.79676500387103,123.01052856445312,155088000.0
2021-01-07,124.720639051932,127.89792964576662,124.23481543686934,127.20805358886719,109578200.0
2021-01-08,128.67524616951312,128.8695874924766,126.5376250523671,128.3060302734375,105158200.0
2021-01-11,125.52707332046941,126.47928319135579,124.85663454489163,125.3230209350586,100384500.0
2021-01-12,124.85660482236958,126.01286680341482,123.26310477799399,125.14810180664062,91951100.0
2021-01-13,125.10925836684517,127.72299108513502,124.84692436009828,127.17887115478516,88636800.0
2021-01-14,127.09144014639318,127.28576659581172,125.10927181431389,125.2550277709961,90221800.0
2021-01-15,125.12871800814145,126.52789226757409,123.39918727805356,123.53521728515625,111598500.0
2021-01-19,124.15706500945309,125.0607045202907,123.34088500532488,124.20565032958984,90757300.0
2021-01-20,125.01212908230433,128.7335395413519,124.90524730001776,128.2865753173828,104319500.0
2021-01-21,130.00638521290585,135.7099489572785,129.80233279797613,132.9893341064453,120150900.0
2021-01-22,132.4160646907934,135.88485193048166,131.19179469063414,135.12696838378906,114459400.0
2021-01-25,139.0135690829673,140.97628571065687,132.6686993609781,138.86781311035156,157611700.0
2021-01-26,139.528555618627,140.20870575076052,137.36177150504042,139.1010284423828,98390600.0
2021-01-27,139.36333253146313,140.20867556656404,136.4289690465183,138.0321807861328,140843800.0
2021-01-28,135.5642045936499,137.96417406452278,132.82415271471342,133.20309448242188,142621100.0
2021-01-29,131.97885239900157,132.86305498594893,126.51819940588042,128.2185821533203,177523800.0
2021-02-01,129.95781964029345,131.54160940158948,127.21776727973175,130.33676147460938,106239800.0
2021-02-02,131.88168346118144,132.44524067254102,130.79344323298977,131.1626739501953,83305400.0
2021-02-03,131.9108002272906,131.92052618668296,129.82176496768204,130.1424102783203,89880900.0
2021-02-04,132.43550657690793,133.5043095225396,130.7739834636992,133.49459838867188,84183100.0
2021-02-05,133.65514858435046,133.72325779067754,132.20522578325316,133.0810089111328,75693800.0
2021-02-08,132.3706427004726,133.2756324021585,131.29050232328603,133.2269744873047,71297200.0
2021-02-09,132.9448026300194,134.1709170758531,132.1955269668042,132.35121154785156,76774200.0
2021-02-10,132.80852265986002,133.30481256046917,130.7844753345388,131.7478485107422,73046600.0
2021-02-11,132.24413324277845,132.72095704438246,130.17144270344224,131.49485778808594,64280000.0
2021-02-12,130.7358282220485,131.8840776657095,130.09357945780974,131.72837829589844,60145100.0
2021-02-16,131.84518629017936,132.35118706954955,129.2178071626484,129.6070556640625,80576300.0
2021-02-17,127.71925617483,128.6631634845205,125.98714097419074,127.32028198242188,97918500.0
2021-02-18,125.72440543319924,126.50288771185818,123.98256451257895,126.22069549560547,96856700.0
2021-02-19,126.7364453512212,127.19380316380035,125.33518012530345,126.37638854980469,87668800.0
2021-02-22,124.56639727156255,126.23040308983671,122.22123254914695,122.6104736328125,103916400.0
2021-02-23,120.43072920624994,123.30136816472337,115.20518512538801,122.47423553466797,158273000.0
2021-02-24,121.57898434363891,122.18230093698557,118.94188709836797,121.97795104980469,111039900.0
2021-02-25,121.32599812486836,123.05811336412599,117.29736837706596,117.73526000976562,148199500.0
2021-02-26,119.29220185674814,121.49140765726709,117.93959485190196,117.99798583984375,164560400.0
2021-03-01,120.42100448300808,124.48855870917815,119.48683030882653,124.35232543945312,116307900.0
2021-03-02,124.95564701355688,125.25730532990295,121.64710890595583,121.754150390625,102260900.0
2021-03-03,121.45248872789318,122.32827934815643,118.56238339310273,118.7764663696289,112966300.0
2021-03-04,118.47480719948628,120.27503892466773,115.42900990064756,116.89838409423828,178155000.0
2021-03-05,117.7255127803743,118.65968686991202,114.40724183835442,118.15367126464844,153766600.0
2021-03-08,117.67685938357114,117.74497601487798,113.08383103215061,113.22979736328125,154376600.0
2021-03-09,115.82797605727136,118.77646492277744,115.5944343694315,117.83255767822266,129525800.0
2021-03-10,118.4164400921035,118.88352353506721,116.23669261108125,116.75244140625,111943300.0
2021-03-11,119.24355264557505,119.89552719538874,117.99798711036199,118.67915344238281,103026500.0
2021-03-12,117.16112022904915,117.91040318694742,115.95447955662657,117.774169921875,88105100.0
2021-03-15,118.14395874848536,120.6642817142442,117.18058534747087,120.65454864501953,92403800.0
2021-03-16,122.31853968534864,123.79765430298438,121.36490683570095,122.1920394897461,115227900.0
2021-03-17,120.71293967926185,122.47424657756945,119.04893377660937,121.40383911132812,111932600.0
2021-03-18,119.57440169521924,119.86633436304555,117.08327064661763,117.2876205444336,121229700.0
2021-03-19,116.67455540304563,118.16339547869096,116.46047246487215,116.76213073730469,185549500.0
2021-03-22,117.09300574322106,120.53777713211232,117.02488910943605,120.07068634033203,111912300.0
2021-03-23,120.01232530348747,120.89784170891704,118.85433488761423,119.24357604980469,95467100.0
2021-03-24,119.51601473844956,119.59386443754735,116.83999258124882,116.85945129394531,88530500.0
2021-03-25,116.32426633816141,118.38723908571315,115.79879193762964,117.34601593017578,98844700.0
2021-03-26,117.11246742653448,118.21207408800578,115.72093550893463,117.94933319091797,94071200.0
2021-03-29,118.37751194468804,119.28249444245718,117.48226251708941,118.12450408935547,80819200.0
2021-03-30,116.8789257121579,117.16112532326552,115.66255191815422,116.67457580566406,85671900.0
2021-03-31,118.37750988637804,120.19720049628938,117.8909603245139,118.86405944824219,118323800.0
2021-04-01,120.33341860340158,120.83942678607517,119.19488720011346,119.69116973876953,75089100.0
2021-04-05,120.53777850848313,122.7661761594041,119.75929632134557,122.51316833496094,88651200.0
2021-04-06,123.09702657327624,123.71007628588559,122.26989388745704,122.81482696533203,80171300.0
2021-04-07,122.44505868103397,124.47883218903853,121.77361794195266,124.4593734741211,83466700.0
2021-04-08,125.48108420559294,126.88234881887466,125.06265885906771,126.85315704345703,88844600.0
2021-04-09,126.30822135345079,129.46105181635357,125.98709698254243,129.42213439941406,106686700.0
2021-04-12,128.95506856033387,129.27619297458608,127.1159122592972,127.70950317382812,91420000.0
2021-04-13,128.87724772998885,131.03752892907758,128.380957683949,130.81370544433594,91266500.0
2021-04-14,131.3099622056929,131.36834576141277,128.11819914098413,128.47824096679688,87222800.0
2021-04-15,130.22012045971883,131.36837019796266,130.04495491166549,130.88182067871094,89347100.0
2021-04-16,130.6871670710185,131.04720886250462,129.69460217348174,130.55093383789062,84922400.0
2021-04-19,129.91843832937323,131.82571884662076,129.75301328602865,131.21266174316406,94264200.0
2021-04-20,131.38781245275527,131.8840875267871,128.2641585737153,129.52919006347656,94812300.0
2021-04-21,128.7993896114448,130.15199668398512,127.76790700410929,129.90872192382812,68847100.0
2021-04-22,129.46105526749852,130.54119550814494,127.8749143516064,128.39065551757812,84566500.0
2021-04-23,128.60475261832673,131.4851170121257,128.60475261832673,130.70664978027344,78657500.0
2021-04-26,131.20295824690538,131.42676689058607,129.9671181870508,131.09591674804688,66905100.0
2021-04-27,131.37806627247733,131.76731470925472,130.50228327427,130.77474975585938,66015800.0
2021-04-28,130.69688438470698,131.38779099688364,129.49997713790484,129.9865264892578,107760100.0
2021-04-29,132.7988386951313,133.38270410909877,128.88697605750357,129.88926696777344,151101000.0
2021-04-30,128.23499849351802,129.96711370748065,127.54410644604702,127.92361450195312,109839500.0
2021-05-03,128.48798358801744,130.46338819019584,128.28364111599663,128.9745330810547,75135100.0
2021-05-04,127.66086008438737,127.95279275381809,123.29164023246338,124.41070556640625,137564700.0
2021-05-05,125.72439941828402,126.94077328039651,124.52749169549318,124.65399932861328,84000900.0
2021-05-06,124.44965376287253,126.25961883490083,123.71009630596178,126.24989318847656,78128300.0
2021-05-07,127.54626480413238,127.945901693833,126.2108448725469,126.92242431640625,78973300.0
2021-05-10,126.14263998590019,126.26934761190338,123.6082792363769,123.64727020263672,88071200.0
2021-05-11,120.38186236478138,123.08192191649415,119.67029018955704,122.73101806640625,126142800.0
2021-05-12,120.28437887697672,121.49306907963458,119.1634127705143,119.67028045654297,112172300.0
2021-05-13,121.43459801116457,122.96495825371117,121.12267768901388,121.81475067138672,105861300.0
2021-05-14,123.06243260302256,124.66102519199373,122.67253033910511,124.23213195800781,81918000.0
2021-05-17,123.61803331863223,123.72525662054227,122.0096912267483,123.08191680908203,74244600.0
2021-05-18,123.36458623209384,123.78372980629568,121.62952920667057,121.69776153564453,63342900.0
2021-05-19,120.05043995950335,121.76599784022277,119.75801143334377,121.54180908203125,92612000.0
2021-05-20,122.06819413421118,124.49532449020155,121.94147161685788,124.09567260742188,76857100.0
2021-05-21,124.59279439116175,124.76825004025154,122.04869119774337,122.26313781738281,79295400.0
2021-05-24,122.82849229292907,124.70976380781524,122.76025995557121,123.8909683227539,63092900.0
2021-05-25,124.59279971373591,125.08018314804377,123.13067172111496,123.69602966308594,72009500.0
2021-05-26,123.75449350065962,124.17363709199465,123.22812661130169,123.64727020263672,56575900.0
2021-05-27,123.24763627844212,124.41733561849655,121.92197306010468,122.1169204711914,94625600.0
2021-05-28,122.39961299184344,122.6238092325372,121.40536918625511,121.46385192871094,71311100.0
2021-06-01,121.9219706400981,122.18515038351808,120.8107540580726,121.14216613769531,67637100.0
2021-06-02,121.14217571934485,122.07793673418138,120.91798692698966,121.90248107910156,59278900.0
2021-06-03,121.53206155124437,121.69776758173275,120.02119320163122,120.42084503173828,76229200.0
2021-06-04,120.93746915555829,122.97470451422886,120.72302254551224,122.71151733398438,75169300.0
2021-06-07,122.98444744531308,123.1306617200527,121.67828344764422,122.72126770019531,71057600.0
2021-06-08,123.40359727053726,125.21664395698274,123.02344459916287,123.5400619506836,74403800.0
2021-06-09,123.99819373222839,124.52456067367201,123.32561251203367,123.92021179199219,56877900.0
2021-06-10,123.81298472926724,124.95345011953233,122.76025831506651,122.92596435546875,71186400.0
2021-06-11,123.33534735483208,124.22237508614661,122.91620377217826,124.1346435546875,53522400.0
2021-06-14,124.59278699385679,127.24410590291394,123.8617230721818,127.18562316894531,96906500.0
2021-06-15,126.65929568267117,127.302635665895,126.12317902998467,126.36686706542969,62746300.0
2021-06-16,127.07841452715692,127.58528973592168,125.21664949570912,126.86396789550781,91815000.0
2021-06-17,126.52280804022224,129.20337594415264,126.37658632134162,128.46255493164062,96721700.0
2021-06-18,127.40983331102534,128.1896229684165,126.95169870686416,127.16614532470703,108953300.0
2021-06-21,127.01018237446559,129.06690958900398,125.9477063159808,128.95968627929688,79663300.0
2021-06-22,128.79394727746697,130.69471012361893,128.29681438987527,130.59722900390625,74783600.0
2021-06-23,130.39259586711862,130.92871251033458,129.86622139067492,130.32435607910156,60214200.0
2021-06-24,131.0554073186903,131.240612583958,129.57378007008424,130.0416717529297,68711000.0
2021-06-25,130.09037560621056,130.50951172104854,129.45677804212312,129.74920654296875,70783700.0
2021-06-28,130.04163948891443,131.83517920756188,129.9831567614525,131.37704467773438,62111300.0
2021-06-29,131.39657011097157,133.04390333984907,130.95793469390316,132.887939453125,64556100.0
2021-06-30,132.73196707347742,133.9406648079474,132.43953852296474,133.5020294189453,63261400.0
2021-07-01,133.15111722207564,133.86268195374564,132.3323143115352,133.80419921875,52485800.0
2021-07-02,134.41823824549493,136.4652225329,134.27203145647837,136.42623901367188,78852600.0
2021-07-06,136.53351700878477,139.53574001915328,136.53351700878477,138.4342803955078,108181800.0
2021-07-07,139.91588320227135,141.23180423568894,139.0581116318865,140.91989135742188,104911600.0
2021-07-08,138.00539740279086,140.422778328839,137.11836946520646,139.6234893798828,105575500.0
2021-07-09,139.1458282969305,141.97260274724476,139.04834716131978,141.4462432861328,99890800.0
2021-07-12,142.51851727809614,142.6257406086967,140.36430849913495,140.8516845703125,76299700.0
2021-07-13,140.3934939298509,143.7369001800956,140.00359917768813,141.9628448486328,100827100.0
2021-07-14,144.36078433286042,145.79367103404422,143.95137538377713,145.38426208496094,127050800.0
2021-07-15,145.4720070192926,146.21281325196273,143.37628110522587,144.73118591308594,106820300.0
2021-07-16,144.71163648718607,145.97880173322068,142.19677544564345,142.6938934326172,93251400.0
2021-07-19,140.12058929133983,140.43251704679776,138.0931035014654,138.85340881347656,121434600.0
2021-07-20,139.83789124908492,143.3859869898834,139.350515378791,142.4599609375,96350000.0
2021-07-21,141.85565012536404,142.4405072449087,140.97837931958148,141.7289276123047,74993500.0
2021-07-22,142.2553100922622,144.4582442706814,142.12858757198936,143.09359741210938,77338200.0
2021-07-23,143.8246641352954,144.96512221870486,143.21056560056124,144.8091583251953,71447400.0
2021-07-26,144.52647939059113,146.04709009069717,143.97086362595675,145.22830200195312,72434100.0
2021-07-27,145.35498894389306,145.44272791296905,141.87513262554674,143.0643310546875,104818600.0
2021-07-28,141.1538434950934,143.2593115153304,138.94115215326465,141.31954956054688,118931200.0
2021-07-29,141.0368336570977,142.8498725143642,140.92961036922324,141.9628448486328,56699500.0
2021-07-30,140.73469364228038,142.63545700170118,140.47150644681145,142.1773223876953,70440600.0
2021-08-02,142.6647202141764,143.23982039265098,141.58274477107045,141.84593200683594,62880000.0
2021-08-03,142.12859665195967,144.30228959895823,141.51449808960257,143.63946533203125,64786600.0
2021-08-04,143.55170433223327,144.05856456840556,142.5866946784069,143.23977661132812,56368300.0
2021-08-05,143.2690486927029,144.10733603044793,142.4795019309908,143.34703063964844,46397700.0
2021-08-06,142.86867690985883,143.61059289976055,142.16580285802874,142.66366577148438,54126800.0
2021-08-09,142.72226739584752,143.21037365568,142.05845003246944,142.61488342285156,48908700.0
2021-08-10,142.9565505100319,144.196344465899,141.84366893661831,142.13653564453125,69023100.0
2021-08-11,142.57581781429272,143.2298783064216,142.06818321748432,142.3903350830078,48493500.0
2021-08-12,142.71245110077322,145.50441833818107,142.37077090309373,145.3482208251953,72282600.0
2021-08-13,145.42634081402107,145.88516176552068,144.74299521470792,145.55325317382812,59375000.0
2021-08-16,145.0065628373872,147.59353426907154,142.9858112009547,147.5251922607422,103296000.0
2021-08-17,146.65636676617194,148.07187159409528,145.5434853619502,146.61732482910156,92229700.0
2021-08-18,146.2366215497856,147.13473517673972,142.67343732669485,142.87844848632812,86326000.0
2021-08-19,141.5800696426097,144.4794213850425,141.0626783117476,143.21034240722656,86960300.0
2021-08-20,143.93275769698107,144.96754045087513,143.28845394220284,144.6649169921875,60549600.0
2021-08-23,144.78203658666285,146.6173203855108,144.3720292286724,146.14874267578125,60131800.0
2021-08-24,145.89492826143862,147.27139120779157,145.60206158624175,146.06088256835938,48606400.0
2021-08-25,146.24639198416384,146.7442698916124,144.28421022511418,144.8308868408203,58991300.0
2021-08-26,144.82112485660906,145.5727977281921,144.00109506679658,144.03038024902344,48597200.0
2021-08-27,143.97177197062845,145.21156564308194,143.33723999505236,145.0651397705078,55802400.0
2021-08-30,145.45565533870288,149.83885461039787,145.07493307828,149.47764587402344,90956700.0
2021-08-31,149.02861147557854,149.1652806367618,147.6911901527622,148.21835327148438,86453100.0
2021-09-01,149.19453621732464,151.29338682527435,148.71618680019012,148.88214111328125,80313700.0
2021-09-02,150.20976298790652,151.03954929712242,148.77472989529102,149.9949951171875,71115500.0
2021-09-03,150.10239938899159,150.9517142276546,149.44833892893834,150.6295623779297,57808700.0
2021-09-07,151.2836513561049,153.5191714127496,150.7174463222015,152.96273803710938,82278300.0
2021-09-08,153.2458466200328,153.3044169914946,150.31720888036796,151.4203338623047,74420200.0
2021-09-09,151.79129510992104,152.39654212564548,150.2879194378151,150.4050750732422,57305700.0
2021-09-10,151.31293648668662,151.78151431271888,145.1627947987088,145.42637634277344,140893200.0
2021-09-13,147.04683405361763,147.81803506194143,145.21155053067017,145.99252319335938,102404300.0
2021-09-14,146.77355269563384,147.47642687466802,143.4153793726529,144.59658813476562,109296300.0
2021-09-15,145.0261185341006,145.88519025288556,142.88821089491876,145.4849395751953,83281300.0
2021-09-16,144.90897545621797,145.42636685232276,143.71799510025087,145.25064086914062,68034100.0
2021-09-17,145.27992686740734,145.27992686740734,142.29270460935308,142.5855712890625,129868800.0
2021-09-20,140.37935348466607,141.39460787991925,137.909537174392,139.53981018066406,123478900.0
2021-09-21,140.5062336067531,141.16030897663776,139.38359538478255,140.01812744140625,75834000.0
2021-09-22,141.01387841720836,142.94677480134484,140.28171911608493,142.38058471679688,76404300.0
2021-09-23,143.16153904107028,143.581318108749,142.1755699033987,143.33726501464844,64838200.0
2021-09-24,142.19513310697567,143.96207555718027,142.09750588712538,143.42515563964844,53477900.0
2021-09-27,142.00962976919416,142.48797924389808,140.39888514559524,141.91200256347656,74150700.0
2021-09-28,139.8424227657557,141.30674132874793,138.31953384357482,138.5343017578125,108972300.0
2021-09-29,139.08098176355122,141.013878143942,138.65144592439347,139.4324188232422,74602000.0
2021-09-30,140.2426397437822,140.94551367693097,137.91925008166186,138.13401794433594,89056700.0
2021-10-01,138.52453927839463,139.52028013802934,135.80091312494108,139.25669860839844,94639600.0
2021-10-04,138.38782541869764,138.82713279141288,134.980854637217,135.8301544189453,98322000.0
2021-10-05,136.17185207930245,138.8564357660988,136.04493972017434,137.75331115722656,80861100.0
2021-10-06,136.15230070514616,138.7685419433114,135.0784614531743,138.6221160888672,83221100.0
2021-10-07,139.6569450430087,140.78935501402486,139.32503639848235,139.8814697265625,61732700.0
2021-10-08,140.60384171370225,140.7502675851044,139.16880859069704,139.50071716308594,58773200.0
2021-10-11,138.88572424122802,141.36529686032225,138.43666004151856,139.41287231445312,64452200.0
2021-10-12,139.82290063970592,139.84242905892054,137.68499305819657,138.14381408691406,73035900.0
2021-10-13,137.88022678873125,138.0364094315763,135.88874541033104,137.55807495117188,78762700.0
2021-10-14,138.72951162040368,140.45741132647578,138.14377836199483,140.3402557373047,69907100.0
2021-10-15,140.35005282323274,141.45316264244676,140.0962280805495,141.39459228515625,67940300.0
2021-10-18,140.03765490452832,143.34701408719482,139.7545598847163,143.0639190673828,85589200.0
2021-10-19,143.51295730034732,145.62157933226285,143.06390800766076,145.22132873535156,76378900.0
2021-10-20,145.16276563549152,146.18779152686344,144.59656071553547,145.70944213867188,58418800.0
2021-10-21,145.27014914498275,146.0804071368253,144.35250720492448,145.92420959472656,61421000.0
2021-10-22,146.129212114762,146.60754657748723,145.10418628692474,145.1529998779297,58883400.0
2021-10-25,145.14322894722775,145.8168177773373,144.10844635434742,145.10418701171875,50720600.0
2021-10-26,145.77782316934065,147.25189877039264,145.46542800058126,145.76806640625,60893400.0
2021-10-27,145.80708231384622,146.16827612937263,144.9577823061733,145.30921936035156,56094900.0
2021-10-28,146.25612076250718,149.52642273545615,146.15849358297356,148.94070434570312,100077900.0
2021-10-29,143.718003300801,146.37330245291255,142.92727357091124,146.23663330078125,124953200.0
2021-11-01,145.44586537540286,146.13896771640327,144.28417043944881,145.4165802001953,74588300.0
2021-11-02,145.12375118515345,147.96453308347574,145.113979527006,146.45140075683594,69122000.0
2021-11-03,146.81260433188254,148.35502194347706,146.25617092597884,147.88644409179688,54511500.0
2021-11-04,147.97426542713765,148.80403696262286,147.0566234619275,147.3690185546875,60394600.0
2021-11-05,148.49328605752575,148.79635114627666,146.7042085245969,147.8969268798828,65463900.0
2021-11-08,148.02405391839477,148.18047945260236,146.80200740282297,147.07574462890625,55020900.0
2021-11-09,146.84106457930375,148.04355383183062,146.7041960051751,147.4374237060547,56787900.0
2021-11-10,146.66511965093986,146.7726603269792,144.54364896685252,144.61207580566406,65187100.0
2021-11-11,145.62885311604722,146.0883289050465,144.37746369649008,144.56321716308594,41000000.0
2021-11-12,145.11069182006318,147.03663842202138,144.18193940351156,146.6358184814453,63804000.0
2021-11-15,147.00730510695527,148.48354686753203,146.08832372641191,146.6455841064453,59222800.0
2021-11-16,146.58690654221206,148.102247003654,146.00031832566742,147.62319946289062,59256200.0
2021-11-17,147.6232038564801,151.53375230300938,147.61343285568483,150.05752563476562,88807000.0
2021-11-18,150.27262482103686,155.12169711619316,149.62738067059388,154.33958435058594,137827700.0
2021-11-19,154.12448394226502,157.41913113659675,153.02953515610952,156.9596405029297,117305600.0
2021-11-22,158.064326917399,161.99443143444842,157.39954098546454,157.41909790039062,117467900.0
2021-11-23,157.51689191338718,158.18169292863084,155.502961782972,157.8004150390625,96041900.0
2021-11-24,157.1551520319611,158.5140669022848,156.0699743356913,158.31854248046875,69463600.0
2021-11-26,156.00157185337474,156.8618824271744,152.8633499442556,153.30328369140625,76959800.0
2021-11-29,155.80603121042097,157.5853380225465,155.23899986098183,156.65658569335938,88748200.0
2021-11-30,156.41217318635103,161.8185054389282,156.34373142534065,161.60342407226562,174048100.0
2021-12-01,163.7346542506034,166.49159798116264,160.85062784337472,161.08526611328125,152052500.0
2021-12-02,155.19011206164845,160.52800204808736,154.27113083970096,160.09783935546875,136739200.0
2021-12-03,160.35202051883033,161.27100166043388,156.14817855062066,158.22076416015625,118023100.0
2021-12-06,160.61597549233863,164.12570364495514,160.60620449270007,161.62295532226562,107497000.0
2021-12-07,165.2988995417756,167.74299254141582,164.57544264356054,167.3519287109375,120405400.0
2021-12-08,168.28063193441844,172.02498277481175,166.88260351360617,171.16465759277344,116998900.0
2021-12-09,170.9985358177286,172.79738478635073,170.03066956515224,170.65635681152344,108923700.0
2021-12-10,171.29179439045112,175.61294836881706,170.78341894665584,175.4369659423828,115402700.0
2021-12-13,177.06961358561998,178.0570365302883,171.6046261840087,171.8099365234375,153237000.0
2021-12-14,171.3308817563336,173.76520322122326,168.35887188331523,170.43145751953125,139380400.0
2021-12-15,171.19402728468987,175.48585340924998,168.4566405154073,175.2903289794922,131063300.0
2021-12-16,175.27077720416733,177.08918279763162,166.93153397693786,168.4077606201172,150185800.0
2021-12-17,166.12985777423478,169.59070130648584,165.89523442801953,167.31280517578125,195432700.0
2021-12-20,164.51674516713837,166.76531314131543,163.7150906232475,165.95387268066406,107499100.0
2021-12-21,167.72341591348743,169.3267401361631,165.3379790393109,169.12144470214844,91185900.0
2021-12-22,169.1703261593658,171.92727008747283,168.30022969109157,171.71218872070312,92135300.0
2021-12-23,171.91745288802377,172.89508977696892,171.350421702329,172.33782958984375,68356600.0
2021-12-27,173.12975263201184,176.3852860059842,173.1102106304085,176.29730224609375,74919600.0
2021-12-28,176.1310871789595,177.27492068975482,174.5375340801528,175.28053283691406,79144300.0
2021-12-29,175.31967594887476,176.5906072567406,174.15628532669507,175.36856079101562,62348900.0
2021-12-30,175.45652327947462,176.53193000592643,174.10737937130014,174.2149200439453,59773000.0
2021-12-31,174.1073900997929,175.2218958133562,173.29594950484335,173.59902954101562,64062300.0
2022-01-03,173.85319685203027,178.79026689432098,173.73588518068755,177.93971252441406,104487900.0
2022-01-04,178.5458966574974,178.84896181974315,175.11438034514651,175.68141174316406,99310400.0
2022-01-05,175.59339039534856,176.14086475419518,170.73453308424857,171.00827026367188,94537600.0
2022-01-06,168.83790737145776,171.37976954533002,167.80161453547433,168.153564453125,96904000.0
2022-01-07,169.02369367342152,170.24574016447164,167.20528789803654,168.31979370117188,86709100.0
2022-01-10,165.2988731483881,168.64239004792708,164.40921985835627,168.33932495117188,106765600.0
2022-01-11,168.46638531849982,171.26241232501607,166.9999300768731,171.16465759277344,76138300.0
2022-01-12,172.1814317936139,173.21772467571947,170.91051556767007,171.60462951660156,74805200.0
2022-01-13,171.8490383580425,172.6702498945838,167.94826118313497,168.33932495117188,84505800.0
2022-01-14,167.50832321300913,169.89375992557677,167.26391395832079,169.19964599609375,80440800.0
2022-01-18,167.6745435442064,168.68150862321704,165.62151446360372,166.00279235839844,90956700.0
2022-01-19,166.19829964047344,167.25414945182573,162.22909557704548,162.51260375976562,94815000.0
2022-01-20,163.24583471657064,165.8854518373375,160.50844792121475,160.83106994628906,91420500.0
2022-01-21,160.74305996791702,162.61035005803072,158.67047447923693,158.77801513671875,122848900.0
2022-01-24,156.44146612794097,158.67047714081284,151.24043048620277,158.00567626953125,162294600.0
2022-01-25,155.42475069595457,159.1202179477596,153.50859022634555,156.2068634033203,115798400.0
2022-01-26,159.84367643647036,160.71377291639465,154.29070450112417,156.11888122558594,108275300.0
2022-01-27,158.81717279980649,160.17608801928634,154.74042714136695,155.65940856933594,121954600.0
2022-01-28,162.00427111169125,166.54050723879885,159.15934320684596,166.5209503173828,179935700.0
2022-01-31,166.35473547583268,171.0864955438015,165.71926239899202,170.8714141845703,115541600.0
2022-02-01,170.1186272242385,170.93006781127377,168.45664712970438,170.70521545410156,86213900.0
2022-02-02,170.84209391826516,171.94682868403083,169.45385093947993,171.90771484375,84914300.0
2022-02-03,170.57806946664553,172.29871983009215,168.27084595729548,169.0334014892578,89418100.0
2022-02-04,168.05457472378333,170.4234840013588,167.07569202403184,168.7495880126953,82465400.0
2022-02-07,169.20965988540354,170.2766384169295,167.33999039041194,168.03500366210938,77251200.0
2022-02-08,168.10351922686326,171.64708470161528,167.8098514342005,171.1380615234375,74829200.0
2022-02-09,172.33228001362485,172.9196005956565,171.20655609241282,172.5574188232422,71285000.0
2022-02-10,170.4626223841964,171.7743215374217,167.92731993059743,168.4852752685547,90865900.0
2022-02-11,168.690860750742,169.4250227899619,164.4914455219278,165.0787811279297,98670700.0
2022-02-14,163.83559821712237,165.9989356288058,163.04270559336564,165.313720703125,86185500.0
2022-02-15,167.3595849608588,169.29776862360237,166.65478818594016,169.14114379882812,62527400.0
2022-02-16,168.22100455291906,169.67953027359678,166.45901263665095,168.90621948242188,61177400.0
2022-02-17,167.41831260412283,168.2797341887302,164.91237519788157,165.313720703125,69589300.0
2022-02-18,166.23386310925557,166.93864489391834,162.68051421778296,163.76707458496094,82772700.0
2022-02-22,161.49607262837773,163.16996871038384,158.7258326412145,160.8500213623047,91162800.0
2022-02-23,162.044185496661,162.641304356549,156.37646298769116,156.68971252441406,90009200.0
2022-02-24,149.35790916683425,159.4110376690062,148.79015546543386,159.30335998535156,141147500.0
2022-02-25,160.38012393186045,161.6330924831591,157.47284137265066,161.36880493164062,91974200.0
2022-02-28,159.6165763607333,161.92673963359974,158.9998756125995,161.63307189941406,95056600.0
2022-03-01,161.22195543903135,163.08184127413253,158.54961021930214,159.75363159179688,83474400.0
2022-03-02,160.91850544375748,163.82578787806702,159.50891214996344,163.0426788330078,79724800.0
2022-03-03,164.91236813214016,165.34307890598984,162.0540324670775,162.71966552734375,76678400.0
2022-03-04,161.01642127862274,162.0540345545001,158.67689221468046,159.7242889404297,83737200.0
2022-03-07,159.91028134097652,161.5352302369313,155.68150083148916,155.93601989746094,96418800.0
2022-03-08,155.46614292973925,159.44040392728598,152.50991327214726,154.1152801513672,131148300.0
2022-03-09,158.06998280822745,159.95923428896205,156.04370327606966,159.50894165039062,91454900.0
2022-03-10,156.8169548095084,157.00294485217566,152.68606995726412,155.1724395751953,105342000.0
2022-03-11,155.57379764949783,155.91641251914996,151.23735509056115,151.46249389648438,96970100.0
2022-03-14,148.2517595892854,150.86537421208124,146.9302771053436,147.4392852783203,108732100.0
2022-03-15,147.71337523300835,152.28477002224423,147.2043670461277,151.8148956298828,92964300.0
2022-03-16,153.73353879751855,156.6212399212536,151.19823606106897,156.2198944091797,102300200.0
2022-03-17,155.26055517399735,157.6000837703935,154.30125449850178,157.2281036376953,75615400.0
2022-03-18,157.1204422875064,161.0066074424884,156.3862803303168,160.5171661376953,123511700.0
2022-03-21,160.05709828830467,162.83713639325782,159.56765695852218,161.8876190185547,95811400.0
2022-03-22,162.01486028186812,165.84229498697943,161.42753966012307,165.25497436523438,81532000.0
2022-03-23,164.44251031244588,168.99430889731204,164.1096788423283,166.61563110351562,98062700.0
2022-03-24,167.4476727675763,170.46263328488442,166.61563143205333,170.3941192626953,90131400.0
2022-03-25,170.20807683974928,171.5785062279276,169.10193494578817,171.03033447265625,80546200.0
2022-03-28,168.53422465828777,172.0190445148475,168.36781639958284,171.8917999267578,90371900.0
2022-03-29,172.95877935054617,175.22977935165113,172.6161644453855,175.18084716796875,100589400.0
2022-03-30,174.77953388921446,175.8171473086946,172.9685946624538,174.01600646972656,92633200.0
2022-03-31,174.0845168128981,174.27050693821633,170.71715752826566,170.9227294921875,103049300.0
2022-04-01,170.35492714540266,171.18698327855927,168.30906622272897,170.62901306152344,78751300.0
2022-04-04,170.88355800105404,174.72077634534207,170.75629847192283,174.6718292236328,76468400.0
2022-04-05,173.75165021722813,174.53475923368862,170.7366902126206,171.36317443847656,73401800.0
2022-04-06,168.72023795719042,169.96342328033663,166.53733352192953,168.20143127441406,89058800.0
2022-04-07,167.5455818608837,169.69912101079552,166.2632477962957,168.5048828125,77594700.0
2022-04-08,168.15246782773184,168.15246782773184,165.62694868711696,166.49815368652344,76575500.0
2022-04-11,165.1472853633742,165.46052001953282,162.0050657338506,162.24978637695312,72246700.0
2022-04-12,164.4718441031093,166.28276779117587,163.12098145475815,164.11944580078125,79265200.0
2022-04-13,163.85517369033073,167.42808955183875,163.24827119923606,166.80160522460938,70618900.0
2022-04-14,167.01694559853848,167.65322825491936,161.55477886000992,161.79949951171875,75329400.0
2022-04-18,160.45842830966066,163.0818413516457,160.11582837374732,161.5841522216797,69023900.0
2022-04-19,161.5351838977818,164.2760577080458,160.44862379550628,163.8649139404297,67723800.0
2022-04-20,165.19620588083708,165.31368193809578,162.59238977382873,163.69851684570312,67929800.0
2022-04-21,165.34307817395856,167.90774603308134,162.4064301142371,162.90565490722656,87227800.0
2022-04-22,162.9447923826861,164.32500539707067,158.08952846576778,158.37339782714844,84882400.0
2022-04-25,157.71755627231695,159.72426854560663,155.113739965227,159.44039916992188,96046400.0
2022-04-26,158.82370741856425,158.91180327087787,153.41048764569481,153.48880004882812,95623200.0
2022-04-27,152.61760570667977,156.41566043489684,152.09879906936447,153.263671875,88063200.0
2022-04-28,155.88704759214835,161.0457628626786,155.57379800357486,160.18434143066406,130216800.0
2022-04-29,158.42238298865084,162.6903124384376,153.9293146853147,154.32086181640625,131747600.0
2022-05-02,153.40069487713816,154.88858563658798,150.0333364297974,154.62429809570312,123055300.0
2022-05-03,154.8102670522691,157.31621889046943,153.01892515604405,156.1121826171875,88966500.0
2022-05-04,156.29814439346256,162.96433086517524,155.89679904169262,162.51405334472656,108256500.0
2022-05-05,160.38993331507154,160.61507214954577,151.67786848905013,153.45944213867188,130525300.0
2022-05-06,152.93987884779835,156.302387766656,151.14588956385867,154.1848907470703,116124600.0
2022-05-09,151.8810971374127,152.7633948486293,148.50880608897836,149.0675811767578,131577900.0
2022-05-10,152.45952464307157,153.6555174482576,149.92048190900607,151.46939086914062,115366700.0
2022-05-11,150.47928231405317,152.39090538432077,142.94061098912724,143.61703491210938,142689800.0
2022-05-12,139.9604516553776,143.32294594487018,136.06857557991273,139.75457763671875,182602000.0
2022-05-13,141.74458368466105,145.18551933414366,140.29371306035543,144.21499633789062,113990900.0
2022-05-16,142.68568558350242,144.61691862288893,141.34263600841436,142.67587280273438,86643800.0
2022-05-17,145.93055862687706,146.82265416778552,143.79345144967377,146.30308532714844,78336300.0
2022-05-18,143.9601314929513,144.46008977155722,137.14688920750964,138.04879760742188,109742900.0
2022-05-19,137.1273056487035,138.87227582415818,133.91185397987616,134.6470947265625,136095600.0
2022-05-20,136.3528207232791,137.93113785871375,130.00034593006458,134.88233947753906,137426100.0
2022-05-23,135.07838767461445,140.4407432989188,134.94114336987113,140.293701171875,117726300.0
2022-05-24,138.0389654521871,139.1761411372566,134.62745335548652,137.5978240966797,104132700.0
2022-05-25,135.7058176181396,138.99969650386015,135.61759232548434,137.75469970703125,92482700.0
2022-05-26,134.68628135538745,141.49950829001511,134.44120114221013,140.95053100585938,90601500.0
2022-05-27,142.5288274126525,146.73439667634008,142.4013809336445,146.6951904296875,90978500.0
2022-05-31,146.13641898717157,147.69512536408004,143.95029298038025,145.9109344482422,103718400.0
2022-06-01,146.95009283292427,148.75389460714223,144.7737792988703,145.7835235595703,74286600.0
2022-06-02,144.9208398093746,148.2931460840145,143.96992734384497,148.2343292236328,72348100.0
2022-06-03,144.00910439920688,145.05805472503135,141.61713446378366,142.51902770996094,88570300.0
2022-06-06,144.13656879270374,145.6462712304333,142.0484806619193,143.2640838623047,71598400.0
2022-06-07,141.50932395629872,146.06781003090646,141.26424373812605,145.7835235595703,67808200.0
2022-06-08,145.65610359122917,146.92071116560922,144.5581488005419,145.04830932617188,53950200.0
2022-06-09,144.18560463111925,145.0384790561678,139.72514139394366,139.83297729492188,69473000.0
2022-06-10,137.51944785790386,137.9899978151303,134.3628126010876,134.4314422607422,91437900.0
2022-06-13,130.25522177759234,132.53937106937602,128.85337019356888,129.2847137451172,122207100.0
2022-06-14,130.51011351307002,131.25515193955982,128.8925752102517,130.1473846435547,84784300.0
2022-06-15,131.64726649009233,134.63724775917188,129.5591934714462,132.76483154296875,91533000.0
2022-06-16,129.48080196283757,129.78469908531477,126.50061768881059,127.50054931640625,108123900.0
2022-06-17,127.51033981148552,130.4611001773296,127.25544681769559,128.97100830078125,134520300.0
2022-06-21,130.79444423466086,134.36281257312174,130.69642109612053,133.19622802734375,81000500.0
2022-06-22,132.13745484401576,135.04900927487205,131.2747825760473,132.6864471435547,73409200.0
2022-06-23,134.1275183400123,135.86267563561398,132.96093402675356,135.54898071289062,72433800.0
2022-06-24,137.1468791706762,139.117333627322,137.01944763359853,138.87225341796875,89116800.0
2022-06-27,139.89178050713437,140.66624234545563,138.19582964679236,138.87225341796875,70207900.0
2022-06-28,139.33302894232776,140.59763645444562,134.61768731128618,134.73532104492188,67083400.0
2022-06-29,134.7548943447595,137.90171551636791,133.98043259004706,136.49005126953125,66242400.0
2022-06-30,134.5490488814723,135.64700354645933,131.13753620204082,134.02947998046875,98964500.0
2022-07-01,133.36284196732555,136.3038045198631,132.9903302157903,136.1959686279297,71051600.0
2022-07-05,135.05880629688934,138.82323473193733,134.2353254229341,138.7742156982422,73353800.0
2022-07-06,138.56834136394644,141.28381901974345,138.30365057809186,140.10743713378906,74064300.0
2022-07-07,140.47020604245932,143.66606245207848,140.46040821637013,143.47000122070312,66253700.0
2022-07-08,142.40137742200497,144.64632016905765,142.14649942878123,144.14634704589844,64547800.0
2022-07-11,142.80336382609462,143.75427642973983,140.95055766241197,142.01910400390625,63141600.0
2022-07-12,142.89157069008422,145.52863633565593,142.19555121961218,142.98960876464844,77588800.0
2022-07-13,140.17605986446435,143.56796105129766,139.32317069836506,142.62686157226562,71185600.0
2022-07-14,141.244640047542,146.01879814456234,140.4309718883509,145.54824829101562,78140700.0
2022-07-15,146.83247339444262,147.89122183493336,145.28356446993823,147.2147979736328,76259900.0
2022-07-18,147.77358792071823,148.58725611818477,143.8130828380742,144.17581176757812,81420900.0
2022-07-19,145.0090524915063,148.25391198084102,144.01893385798232,148.0284423828125,82982400.0
2022-07-20,148.1460756395822,150.6949157224323,147.41083503397257,150.02828979492188,64823400.0
2022-07-21,151.45952246622096,152.50847261742828,148.94990429315104,152.2928009033203,65086600.0
2022-07-22,152.33209867400265,153.2045838749567,150.39106703923662,151.05767822265625,66675400.0
2022-07-25,150.97921649648936,151.9889458272938,149.28326552705713,149.94007873535156,53623900.0
2022-07-26,149.2636385384265,150.0773065915356,147.83237855759032,148.61663818359375,55138700.0
2022-07-27,149.57738561961435,154.23391054533735,149.16565257909815,153.70452880859375,78620700.0
2022-07-28,153.89078059336344,154.53779601902812,151.37136349671525,154.25350952148438,81378700.0
2022-07-29,158.06696899861157,160.4099356728857,156.36120501340108,159.3119659423828,101786900.0
2022-08-01,157.84145882480365,160.3706884793457,157.72382510643268,158.3316192626953,67829400.0
2022-08-02,156.94940053816907,159.21393969022574,156.48864846428177,156.8611602783203,59907000.0
2022-08-03,157.67482654904526,163.31167231688755,157.58660124880873,162.86073303222656,82507500.0
2022-08-04,162.74307352499065,163.89986001020398,161.19416464799912,162.54701232910156,55474100.0
2022-08-05,160.22041274781424,162.81205403488926,160.01425282506756,162.3212127685547,56697000.0
2022-08-08,163.32251461167718,164.7361398246356,161.19226535966965,161.84999084472656,60276900.0
2022-08-09,161.01557009848563,162.78260161908204,160.2596703687026,161.89907836914062,63135500.0
2022-08-10,164.60856166738782,166.23815868025727,163.84285029590276,166.13999938964844,70170500.0
2022-08-11,166.9449356294848,167.85790820975464,165.10919401506573,165.40370178222656,57149200.0
2022-08-12,166.70936592550703,169.01631131920942,166.2970460032489,168.94760131835938,68039400.0
2022-08-15,168.3781703061028,170.2139116101504,168.2112860947607,170.017578125,54091700.0
2022-08-16,169.61511402434292,170.52808660786044,168.51563433427114,169.86053466796875,56377100.0
2022-08-17,169.60531301748716,172.92339013736907,169.4089794863745,171.3527069091797,79542000.0
2022-08-18,170.5673396933382,171.69626861182405,169.94887490568271,170.9600067138672,62290100.0
2022-08-19,169.8605242913159,170.5575254675204,168.1720291679761,168.37818908691406,70346300.0
2022-08-22,166.58171149389958,166.74859572706774,164.0784180378036,164.50054931640625,69026800.0
2022-08-23,164.0195321647684,165.6196796113523,163.5974008535258,164.16677856445312,54147100.0
2022-08-24,164.25514348994625,165.03066617037743,163.2047358944321,164.46128845214844,53841500.0
2022-08-25,165.68840868200775,167.0234977835924,165.26629230145085,166.91551208496094,51218200.0
2022-08-26,167.44561591056575,167.91681938586046,160.56401098389765,160.62290954589844,78961000.0
2022-08-29,158.19812192757627,159.9160662270411,156.89249744175427,158.42391967773438,73314000.0
2022-08-30,159.16019500251252,159.58231130465205,154.8309714061125,155.99917602539062,77906200.0
2022-08-31,157.37354474862363,157.6386032608909,154.2616125155062,154.34014892578125,87991100.0
2022-09-01,153.77079140207798,155.5181855673853,151.8368751102563,155.06661987304688,74229900.0
2022-09-02,156.8237793213389,157.42260624530542,152.1313381712874,152.95594787597656,76957800.0
2022-09-06,153.60385293125665,154.2124912520568,150.8747769402501,151.6993865966797,73714800.0
2022-09-07,151.98409298992328,153.80019664109167,150.7962505650505,153.10321044921875,87449600.0
2022-09-08,151.8073413655296,153.4958360207998,149.88323757954186,151.63064575195312,84923800.0
2022-09-09,152.62222024249937,154.92918072545984,151.91540745534934,154.48741149902344,68028800.0
2022-09-12,156.66669857838036,161.25115382171967,156.3820172588061,160.4363555908203,104956000.0
2022-09-13,156.97102730327344,157.5993035102858,150.5606417135221,151.02203369140625,122656600.0
2022-09-14,151.95468489782945,154.2223849107527,150.7963063009738,152.4651641845703,87965400.0
2022-09-15,151.81718374523024,152.39638777057854,148.60709294324934,149.57894897460938,90481100.0
2022-09-16,148.44021232229758,148.5776472684102,145.65222273370736,147.93954467773438,162278800.0
2022-09-19,146.57504690151106,151.7288812650201,146.368901915373,151.6503448486328,81474200.0
2022-09-20,150.59011171978128,155.18439428665013,150.27598106267698,154.0260009765625,107689800.0
2022-09-21,154.45792171393398,155.83228620825895,150.78643873263653,150.90423583984375,101696800.0
2022-09-22,149.58879338602387,151.6405063427645,148.14571882351763,149.94219970703125,86652500.0
2022-09-23,148.42061851178616,148.69548848555903,145.83878806603744,147.67453002929688,96029900.0
2022-09-26,146.91861726875362,150.95333323742267,146.8989794231201,148.00828552246094,93339400.0
2022-09-27,149.94225413555023,151.88598211701384,147.20335040870864,148.98019409179688,84442700.0
2022-09-28,144.93562286555536,147.8806707549768,142.1869085062377,147.09532165527344,146691400.0
2022-09-29,143.42383363893248,144.03247205665744,138.1031007730531,139.87013244628906,128138200.0
2022-09-30,138.69211755301987,140.4787870882612,135.47219979960417,135.6685333251953,124925300.0
2022-10-03,135.67835835777296,140.44933637961338,135.1678792129988,139.84068298339844,114311700.0
2022-10-04,142.37340544784647,143.541609967603,141.61750576224773,143.42381286621094,87830100.0
2022-10-05,141.43104557154376,144.68041318278895,140.39044924017614,143.71835327148438,79471000.0
2022-10-06,143.13912691743977,144.8374334955695,142.5599378213271,142.76608276367188,68402200.0
2022-10-07,139.9290453992253,140.47880029356153,136.8956494527264,137.52392578125,85925600.0
2022-10-10,137.84786987304688,139.29094450363405,136.03176603772727,137.84786987304688,74899000.0
2022-10-11,137.33741147407548,138.76086345268553,135.68819163523887,136.43426513671875,77033700.0
2022-10-12,136.58150689181417,137.78897231294513,135.62927355780315,135.80596923828125,70433700.0
2022-10-13,132.5173428390662,140.9598044199806,131.90868942611982,140.3708038330078,113224000.0
2022-10-14,141.66661609125816,141.87277603175662,135.65872326737428,135.84524536132812,88598000.0
2022-10-17,138.48597103526853,140.282437004532,137.7006219624551,139.80142211914062,85250900.0
2022-10-18,142.82500010106065,144.0128276023933,138.03438444661543,141.1168670654297,99136600.0
2022-10-19,139.09458913180654,142.2948685353432,138.9080670690917,141.22483825683594,61758300.0
2022-10-20,140.40025572638473,143.21768011702426,140.0370229627389,140.7634735107422,64522000.0
2022-10-21,140.2530052619691,145.14179598739213,140.03703386545854,144.57241821289062,86548600.0
2022-10-24,144.49386606815804,147.47817461798252,143.3256613631015,146.71246337890625,75981900.0
2022-10-25,147.34071401880695,149.69676086548404,146.62409003086213,149.54949951171875,74732300.0
2022-10-26,148.19482861119383,149.2059606049606,145.32830191392304,146.61431884765625,88194300.0
2022-10-27,145.35773474859954,146.3197794029668,141.48990330767347,142.1476287841797,109180200.0
2022-10-28,145.4853431294892,154.61499335183578,145.11231396636444,152.88723754882812,164762400.0
2022-10-31,150.35450854811523,151.4147275390832,149.13721674827332,150.5312042236328,97943200.0
2022-11-01,152.23934967138234,152.60256746450293,146.39834080336652,147.89048767089844,80379300.0
2022-11-02,146.22162239502856,149.3826416112209,142.34397906464244,142.37342834472656,93604600.0
2022-11-03,139.45783369878677,140.1842842462697,136.2084665510831,136.33609008789062,97918500.0
2022-11-04,139.71866273149064,140.28898493787645,132.1373429796548,136.07058715820312,140814800.0
2022-11-07,134.82178704829124,136.8277351131925,133.40581664759068,136.60157775878906,83374600.0
2022-11-08,138.06672226567503,139.069688836373,135.19545550623369,137.17190551757812,89908500.0
2022-11-09,136.18856411022261,136.23773265765962,132.34381476431366,132.619140625,74917800.0
2022-11-10,138.88285345399055,144.41888427734375,137.17188688278108,144.41888427734375,118854000.0
2022-11-11,143.38640864839942,147.5064688885728,141.96059578034578,147.20164489746094,93979700.0
2022-11-14,146.4838305708861,147.77196548965426,144.9695233350431,145.8053436279297,73374100.0
2022-11-15,149.67962155098414,151.02675299903876,146.0806992107757,147.53599548339844,89868300.0
2022-11-16,146.64120672406102,147.36884742264508,144.831902680013,146.30686950683594,64218300.0
2022-11-17,143.98625266251898,148.95197725260945,143.71092672522755,148.2046661376953,80389400.0
2022-11-18,149.7681336507777,150.1516244369956,147.46718893347042,148.76515197753906,74829600.0
2022-11-21,147.65399909356225,147.8604860232478,145.2547175972566,145.5398712158203,58724100.0
2022-11-22,145.65789948864827,147.9096756373434,144.47791399161687,147.67367553710938,51804100.0
2022-11-23,146.95585380028717,149.29613922514196,146.84768896962234,148.548828125,58301400.0
2022-11-25,145.8348580598712,146.3953525551104,144.66471552066162,145.63819885253906,35195900.0
2022-11-28,142.71777000634125,144.19273663104678,140.98714790150922,141.81312561035156,69246000.0
2022-11-29,141.8819361067611,142.39326202258005,138.00770341068628,138.8140106201172,83763800.0
2022-11-30,139.04018245155586,146.23802684928043,138.2043770255708,145.55953979492188,111380900.0
2022-12-01,145.73654727553216,146.64119170281938,144.16324348642758,145.83486938476562,71250400.0
2022-12-02,143.5240993516398,145.53004745802465,143.2192602974079,145.3432159423828,65447400.0
2022-12-05,145.30389650239576,148.40132070138284,143.33727415278167,144.18292236328125,68826400.0
2022-12-06,144.61557170242608,144.8417290558683,139.55151049910586,140.52499389648438,64727200.0
2022-12-07,139.8170142991394,140.97731424983792,137.66356048798676,138.58787536621094,69721100.0
2022-12-08,139.98417924727298,141.12482380942538,138.7452125702619,140.2693328857422,62128300.0
2022-12-09,139.96447961702353,143.14058484738695,138.5485094221092,139.78749084472656,76097000.0
2022-12-12,140.31849324023466,142.08845624970894,138.70586361029962,142.07862854003906,70462700.0
2022-12-13,147.00497801337218,147.467135331872,141.83276813492486,143.042236328125,93886200.0
2022-12-14,142.92424628798724,144.21238117508022,138.80417118832523,140.81996154785156,82291200.0
2022-12-15,138.75501875197617,139.43350575702271,133.7597969655739,134.22195434570312,98931900.0
2022-12-16,134.40879318099954,135.35276341025192,131.49818579850947,132.26516723632812,160156900.0
2022-12-19,132.8551509782634,132.94364536804903,129.12840885731634,130.16087341308594,79592600.0
2022-12-20,129.19723960857664,131.0261987808424,127.72227301817315,130.09205627441406,77432800.0
2022-12-21,130.76068907847488,134.52677190815584,130.53453175568677,133.18946838378906,85928000.0
2022-12-22,132.10785363301125,132.31434056379908,128.12544063659777,130.02322387695312,77852100.0
2022-12-23,128.73507853958517,130.21004508793624,127.47644161865645,129.65939331054688,63814900.0
2022-12-27,129.18744638009963,129.21694451944998,126.57183466067443,127.85997009277344,69007800.0
2022-12-28,127.50594763388183,128.84325132058044,123.76936998157427,123.93653106689453,85438400.0
2022-12-29,125.8539710621533,128.30241331797103,125.59831560715067,127.44693756103516,75703700.0
2022-12-30,126.2669671564067,127.78125947114631,125.30331909041402,127.76158905029297,77034200.0
2023-01-03,128.10576937065363,128.7154174535332,122.09773792777466,122.98271942138672,112117500.0
2023-01-04,124.77233620258212,126.51280092971427,122.9925456360047,124.25118255615234,89113600.0
2023-01-05,125.0083504698081,125.6376690392261,122.67790772126833,122.93356323242188,80962700.0
2023-01-06,123.90701107409377,128.11557310740474,122.80570014344461,127.45675659179688,87754700.0
2023-01-09,128.2925949020793,131.18353181246084,127.72227268810083,127.9779281616211,70790800.0
2023-01-10,128.08609090104719,129.06940194282927,125.98180587179891,128.54824829101562,63896200.0
2023-01-11,129.05959971999454,131.2818777117784,128.2827904454057,131.26222229003906,69458900.0
2023-01-12,131.64572074057682,132.0193688291939,129.24643878440378,131.18356323242188,71379600.0
2023-01-13,129.82655147153693,132.6683196907436,129.46273119909978,132.510986328125,57809700.0
2023-01-17,132.5798345273993,134.99877137842552,131.89151977321038,133.6713104248047,63646600.0
2023-01-18,134.5366071318126,136.29672707490226,132.776472184589,132.95347595214844,69672800.0
2023-01-19,131.842384585488,133.9761683655657,131.53756047463978,133.0125274658203,58280400.0
2023-01-20,133.02230476612493,135.71658218378784,131.97999755468973,135.56907653808594,80223600.0
2023-01-23,135.81492969380113,140.92815961902411,135.59860004292767,138.75503540039062,81760300.0
2023-01-24,137.96838472187488,140.77082749424633,137.95855701188813,140.15133666992188,66435100.0
2023-01-25,138.53869500355867,140.0529874380773,136.49340619294276,139.4925079345703,65799300.0
2023-01-26,140.78065564701856,141.8426334902846,139.53184628445516,141.55747985839844,54105100.0
2023-01-27,140.77080718806803,144.77287517943125,140.69214050710963,143.49456787109375,70555800.0
2023-01-30,142.54079133466578,143.12094131391822,140.46600420175812,140.61349487304688,64015300.0
2023-01-31,140.31849689379183,141.93112656571586,139.90550801485074,141.8819580078125,65874500.0
2023-02-01,141.56728874190614,144.16322923439725,138.96152054070433,143.00291442871094,77663600.0
2023-02-02,146.4149930473278,148.65694079146772,145.69718026187857,148.30296325683594,118339000.0
2023-02-03,145.5595309829737,154.75349514117664,145.36287177724367,151.9215545654297,154357300.0
2023-02-06,150.0237617823619,150.54491539574025,148.26362674506663,149.19776916503906,69858300.0
2023-02-07,148.12598902287087,152.63938353904294,148.12598902287087,152.06906127929688,83322600.0
2023-02-08,151.3119247541495,152.00023955919008,148.64714493246836,149.38462829589844,64120100.0
2023-02-09,151.213581264491,151.75440537570756,147.9096553354024,148.35214233398438,56007100.0
2023-02-10,147.19007494553122,149.04151212756338,146.95371454850684,148.71652221679688,57450700.0
2023-02-13,148.65743217523777,151.91715888947925,148.62788900472555,151.51339721679688,62199000.0
2023-02-14,149.8096612758476,151.43461079325414,148.56880303013764,150.87326049804688,61707600.0
2023-02-15,150.78463194852628,153.13833305811258,150.5581292969133,152.97091674804688,65573800.0
2023-02-16,151.17854429955682,153.95572244720177,151.02098573800205,151.37551879882812,68167900.0
2023-02-17,150.03617955770974,150.67630162569367,148.55896091432058,150.23313903808594,59144100.0
2023-02-21,147.91882364629484,149.00212332766463,146.15601601247863,146.22494506835938,58867200.0
2023-02-22,146.60899081957194,147.67258982358598,144.92497033349784,146.6483917236328,51011300.0
2023-02-23,147.810473815914,148.0566768897737,145.0037677901394,147.13095092773438,48394200.0
2023-02-24,144.87576101262292,144.9545478123535,143.50687229977612,144.48184204101562,55469600.0
2023-02-27,145.46661399464756,146.90443136502208,145.21055321005713,145.6734161376953,44998500.0
2023-02-28,144.81665531660641,146.81582313308783,144.5999954030627,145.1711883544922,50547000.0
2023-03-01,144.60000744430354,144.9939263960711,142.80764165155819,143.10308837890625,55479000.0
2023-03-02,142.1872382713636,144.48185327566276,141.7145174362223,143.69400024414062,52238100.0
2023-03-03,145.79161175732688,148.8149928448926,145.0924034132026,148.7362060546875,70732300.0
2023-03-06,151.4542819528968,153.9261705239575,151.12930710707832,151.49368286132812,87558000.0
2023-03-07,151.36562767071513,151.69061749037596,148.8346682054165,149.2975311279297,56182000.0
2023-03-08,150.48917721139935,151.1391569879468,149.5240652876753,150.5482635498047,47204800.0
2023-03-09,151.22781194000862,152.19292402611515,147.94838436334126,148.30291748046875,53833600.0
2023-03-10,147.92869544727571,148.64760438030467,145.3681768808884,146.24465942382812,68572400.0
2023-03-13,145.56511831219402,150.81417020284252,145.4567883472071,148.18472290039062,84457100.0
2023-03-14,148.98243524821328,151.07023295988367,147.82036369988242,150.2725372314453,73695900.0
2023-03-15,148.89377768233683,150.92248866561948,147.64306182318006,150.66644287109375,77167900.0
2023-03-16,149.84902704990262,154.0837224896345,149.33692050143605,153.4829864501953,76161100.0
2023-03-17,153.70953434482817,154.35951419092353,151.93686886777078,152.64593505859375,98944600.0
2023-03-20,152.71486085947325,155.4230948668754,151.80882025865256,155.00946044921875,73641400.0
2023-03-21,154.93070734117964,156.9791040860205,154.16253977805687,156.86093139648438,73938300.0
2023-03-22,156.88061300312046,159.6774765177441,155.41323716716616,155.4329376220703,75701800.0
2023-03-23,156.41777837205046,159.09646969740976,155.28523492873595,156.51625061035156,67622100.0
2023-03-24,156.44730394409444,157.90482213956633,155.45264879499626,157.81619262695312,59196500.0
2023-03-27,157.5109061704178,158.32830230982592,155.47233717929535,155.87611389160156,52390300.0
2023-03-28,155.57085404509948,156.08296082580924,153.61107148047543,155.25570678710938,45992200.0
2023-03-29,156.94953135245441,158.60402382956926,156.92984592593675,158.32827758789062,51305700.0
2023-03-30,159.07676882534926,160.0024950198449,158.8207229739758,159.8941650390625,49501700.0
2023-03-31,159.97295363930863,162.49407137264149,159.4510041879724,162.3955841064453,68749800.0
2023-04-03,161.77514833228696,163.76445869825218,161.7259047034759,163.6462860107422,56976200.0
2023-04-04,164.0697406002056,164.3060859426903,162.6023648150906,163.11447143554688,46278300.0
2023-04-05,162.2379998945446,162.54328933366952,159.34264903941414,161.2728729248047,51511700.0
2023-04-06,159.96309788102116,162.45468749786315,159.53963569062748,162.15924072265625,45390100.0
2023-04-10,158.96841666370352,159.56915283203125,157.64877164706385,159.56915283203125,47716900.0
2023-04-11,159.88431146406083,159.89415417908276,158.07224508795338,158.35784912109375,47644200.0
2023-04-12,158.77147274218814,159.59871163720814,157.35334033527027,157.66848754882812,50133100.0
2023-04-13,159.1752417539843,163.28190788405584,158.96842452673738,163.04554748535156,68445600.0
2023-04-14,162.09028798128088,163.79402444901268,161.3319931654023,162.7008819580078,49386500.0
2023-04-17,162.5826774005875,162.8781241294329,161.53877864877254,162.72055053710938,41516200.0
2023-04-18,163.5773508935462,164.8674527745674,163.13417327770642,163.9417266845703,49923000.0
2023-04-19,163.2819130529251,165.60607111909823,163.02585218946155,165.08412170410156,47720200.0
2023-04-20,163.56751067945328,165.3204757933169,163.04556123695718,164.11900329589844,52456400.0
2023-04-21,162.5432913390932,163.9220227028112,161.991798793606,162.5137481689453,58337300.0
2023-04-24,162.49405610505224,163.0849495926161,161.40091367199096,162.8190460205078,41949600.0
2023-04-25,162.6811465088041,163.7841314779638,161.24331393654106,161.28271484375,48714100.0
2023-04-26,160.58350725145092,162.76979197769046,160.32746143764658,161.2728729248047,45498800.0
2023-04-27,162.68115222078845,165.99996498511996,162.68115222078845,165.8522491455078,64902300.0
2023-04-28,165.93105213681218,167.27039764589344,165.33031595199535,167.10296630859375,55275900.0
2023-05-01,166.70905380019818,167.86128258741087,166.07877442017465,167.01434326171875,52472900.0
2023-05-02,167.50674796522142,167.76280882251325,164.9954731830596,165.98028564453125,48425700.0
2023-05-03,166.925713661642,168.32414556576836,164.6212560883793,164.90684509277344,65136000.0
2023-05-04,162.38569340694187,164.50303376107877,161.8145004912906,163.2720184326172,81235400.0
2023-05-05,168.38322333782398,171.65280778469676,168.1665634032941,170.93389892578125,113453200.0
2023-05-08,169.86044681233003,171.20965008439242,169.49607101524845,170.86495971679688,55962800.0
2023-05-09,170.42179836441701,170.9043468501181,168.993823309898,169.16123962402344,45326900.0
2023-05-10,170.39224965147537,171.38690478906514,169.28924951921832,170.92404174804688,53724500.0
2023-05-11,171.20964753246403,171.93839911576495,169.5551548305296,171.1111602783203,49514700.0
2023-05-12,171.2196142676148,171.6535334613317,168.63584185680983,170.18414306640625,45533100.0
2023-05-15,170.7659972586019,170.81530899814229,169.09935977781652,169.69107055664062,37266700.0
2023-05-16,169.61217478294208,170.74626955321972,169.42479920138675,169.69107055664062,42110300.0
2023-05-17,169.3360281894031,170.53914722242257,168.06385467134209,170.30247497558594,57951600.0
2023-05-18,170.60822168470452,172.8172584115987,170.1940301198803,172.6298828125,65496700.0
2023-05-19,173.9513327998332,173.9513327998332,172.5213826746833,172.73834228515625,55809500.0
2023-05-22,171.57466634347682,172.2945846931845,171.0519949677244,171.7916259765625,43570900.0
2023-05-23,170.73639628329747,170.98293990870613,168.91196743614205,169.18809509277344,50747300.0
2023-05-24,168.72461766792532,170.03623176135926,168.16250594092847,169.46424865722656,45143500.0
2023-05-25,170.02637505144457,171.49576564962197,169.31632809947834,170.59835815429688,56058300.0
2023-05-26,170.92377905521317,173.3399036765556,170.7166757800904,173.0045928955078,54835000.0
2023-05-30,174.51345913931758,176.51539231960112,174.12885165758402,174.8487548828125,55964400.0
2023-05-31,174.87836477742368,176.8704419237823,174.31623796446905,174.79946899414062,99625300.0
2023-06-01,175.24323239604442,177.62977324467488,174.4838737017158,177.60018920898438,68901800.0
2023-06-02,178.52718373632618,179.2668146743205,176.78165050926717,178.4482879638672,61996900.0
2023-06-05,180.10506441660397,182.39298156722955,175.57851175717974,177.09722900390625,121946500.0
2023-06-06,177.4818481362361,177.62976831057978,174.97695616659206,176.73236083984375,64848400.0
2023-06-07,175.97298038220674,178.7046879636189,174.86846975629078,175.36155700683594,61944600.0
2023-06-08,175.44043301517675,178.33978837820231,175.00652888652115,178.0735321044922,50214900.0
2023-06-09,178.99068805786467,179.71059129506313,178.13272098000036,178.45816040039062,48900000.0
2023-06-12,178.76385922591572,181.34763164971682,178.46800386072707,181.24900817871094,54274900.0
2023-06-13,180.272706433175,181.60403301510047,179.91768300176238,180.77565002441406,54929100.0
2023-06-14,180.83483150172444,181.84073380664427,179.50350482104812,181.4068145751953,57462900.0
2023-06-15,181.4166932611595,183.94129793003785,181.23917400121888,183.43833923339844,65433200.0
2023-06-16,184.14837692000424,184.40479194393566,181.72239585614398,182.3634033203125,101256200.0
2023-06-20,181.86048315364175,183.52712083284334,181.86048315364175,182.45217895507812,49799100.0
2023-06-21,182.34367850052172,182.84663717983523,180.0656175699355,181.41668701171875,49515700.0
2023-06-22,181.19973368511316,184.46396933431626,181.13069423738702,184.41465759277344,51245300.0
2023-06-23,182.98469303577104,184.96689848868263,182.45215034536935,184.09906005859375,53117000.0
2023-06-26,184.24700235631448,185.4501365723536,182.6691169769034,182.7085723876953,48088700.0
2023-06-27,183.32002456056532,185.7854614474672,183.10306491069133,185.46002197265625,50730800.0
2023-06-28,185.3317417567805,187.27450646558233,185.00631745742533,186.6334991455078,51216800.0
2023-06-29,186.4658826988121,187.4422009047134,186.32781886596203,186.9688262939453,46347300.0
2023-06-30,188.9806695476879,191.7912585176698,188.6157746627016,191.28831481933594,85213200.0
2023-07-03,191.10089105870892,191.19951452662892,189.1088143797874,189.7991485595703,31458200.0
2023-07-05,188.92148652956726,190.31198136153697,187.98460856583768,188.68479919433594,46920300.0
2023-07-06,187.21539208287066,189.36526064633148,186.5842409083175,189.1581573486328,45094300.0
2023-07-07,188.76369580404943,190.0062704618662,187.60987325439862,188.0437774658203,46815000.0
2023-07-10,186.6434184249519,187.36333679085425,184.45410938571575,186.00241088867188,59922200.0
2023-07-11,186.54480679233018,186.68287064614393,184.02020200954667,185.479736328125,46638100.0
2023-07-12,187.05761040387253,189.04968751691854,185.86434744027207,187.14637756347656,60750200.0
2023-07-13,187.8662603208446,188.54672319895087,187.15621340871894,187.90570068359375,41342300.0
2023-07-14,187.59997248992855,188.53683526319492,187.00827681367923,188.05361938476562,41616200.0
2023-07-17,189.24692777767194,191.63348390558141,189.15817566199323,191.30804443359375,50520200.0
2023-07-18,190.67688432979497,191.6433313227349,189.75973403360663,191.05162048339844,48288200.0
2023-07-19,190.43029994672796,195.48936484547627,189.98650938817815,192.40264892578125,80507300.0
2023-07-20,192.39280905028917,193.7537348839622,189.8386203157028,190.4599151611328,59581200.0
2023-07-21,191.41650251566858,192.2744696321092,188.5861710830146,189.28636169433594,71951700.0
2023-07-24,190.73605347791477,192.2153155367517,189.59208720760122,190.08517456054688,45377800.0
2023-07-25,190.65713123041024,191.75178560391285,190.2527960456413,190.943115234375,37283200.0
2023-07-26,190.99243214213982,192.9351972994816,190.64728006234532,191.8109588623047,47471900.0
2023-07-27,193.3099676892758,194.4736466049838,189.88794029801272,190.54867553710938,47460200.0
2023-07-28,191.97860770429688,193.91151654263126,191.4559363697747,193.12257385253906,48291400.0
2023-07-31,193.34938604539337,193.77344894031904,192.56044337061044,193.73399353027344,38824100.0
2023-08-01,193.52691923606866,194.01013518521242,192.5801849485631,192.90562438964844,35175100.0
2023-08-02,192.34350758944402,192.48157144604934,189.19762292480593,189.9175262451172,50389300.0
2023-08-03,188.92148694956984,189.71041463976601,188.0536484329567,188.52700805664062,61235200.0
2023-08-04,182.95510234495143,184.78938756590674,179.4048680308995,179.47390747070312,115956800.0
2023-08-07,179.61197056531847,180.59814508763776,174.89805755245857,176.3773193359375,97576100.0
2023-08-08,177.20572916857282,177.77771228390873,175.12490000933562,177.314208984375,67823000.0
2023-08-09,178.36941190145535,178.42857997538025,174.5627769846933,175.72647094726562,60378500.0
2023-08-10,176.9986245515979,178.25107058876787,175.14462641506705,175.50950622558594,54686900.0
2023-08-11,175.10462674008653,176.3883728930982,174.34424265962002,175.56874084472656,52036700.0
2023-08-14,175.74649049543365,177.44500246999712,175.09473274674426,177.21788024902344,43675600.0
2023-08-15,176.6451282666605,177.23762299403361,174.8379899652799,175.2329864501953,43622600.0
2023-08-16,174.91699954220002,176.30937200366554,174.29486573787133,174.36399841308594,46964900.0
2023-08-17,174.92688028330798,175.29225282363015,171.31260330101006,171.82611083984375,66062900.0
2023-08-18,170.14734105941557,172.91236175457905,169.81159252872837,172.3099822998047,61172200.0
2023-08-21,172.88275833759562,173.92951274494206,171.56937297444222,173.64312744140625,46311900.0
2023-08-22,174.8478727981476,175.46012191641384,174.04799506153495,175.0157470703125,42038900.0
2023-08-23,176.28966979952702,179.28181337734125,176.10204114808752,178.857177734375,52722800.0
2023-08-24,178.41277199096436,178.8374075605793,173.8109887437673,174.17637634277344,54945800.0
2023-08-25,175.16388093182096,176.91175631972774,173.62337343895007,176.37850952148438,51449600.0
2023-08-28,177.8400098200833,178.33376298082638,176.31925671498092,177.9387664794922,43820700.0
2023-08-29,177.45488030453177,182.58991008586239,177.2573820568172,181.8196563720703,53003900.0
2023-08-30,182.62942352828824,185.50307057198083,182.43192527543482,185.30555725097656,60813900.0
2023-08-31,185.4931573920971,186.75716409811676,185.13765456426975,185.5227813720703,60794500.0
2023-09-01,187.1225652663115,187.54718572230075,185.92767607044595,187.0929412841797,45766500.0
2023-09-05,185.92771395695013,187.60647191514923,185.26608644093676,187.32997131347656,45280000.0
2023-09-06,186.04621791679895,186.49060789475487,179.20280512864025,180.62481689453125,81755800.0
2023-09-07,172.99137409505227,175.98353252575788,171.37186410651492,175.34164428710938,112488800.0
2023-09-08,176.12176201867752,177.98814840122637,175.56874581023814,175.95387268066406,65551300.0
2023-09-11,177.82026144859472,178.0473836718388,175.1243584797436,177.11912536621094,58953100.0
2023-09-12,177.2475294233725,177.8795329175836,172.63587633671216,174.09738159179688,90370200.0
2023-09-13,174.30473020059844,175.08486860955094,171.8063404869434,172.03347778320312,84267900.0
2023-09-14,171.82609096561458,173.89986015970092,171.4113401404273,173.5443572998047,60895800.0
2023-09-15,174.27510652680778,174.29486087176767,171.6483512368518,172.82347106933594,109259500.0
2023-09-18,174.27511585610648,177.13889330258442,173.96899129951683,175.7465057373047,67257600.0
2023-09-19,175.3021409914078,177.38578010579235,174.91701409671836,176.83277893066406,51826900.0
2023-09-20,177.0203732393163,177.45487842056565,173.20859833310675,173.2974853515625,58436200.0
2023-09-21,172.36922214048295,174.0973581099587,171.6878404044714,171.7569580078125,63149100.0
2023-09-22,172.48772049861157,174.86761425499944,171.87547142547365,172.60621643066406,56725400.0
2023-09-25,172.02359502231215,174.75899170155245,171.97421669351675,173.88011169433594,46172700.0
2023-09-26,172.63588402695854,173.01112622988728,169.5153600429677,169.81161499023438,64588900.0
2023-09-27,170.46333088230946,170.87808171574733,166.93794126401278,168.30068969726562,66921800.0
2023-09-28,167.2243249736919,169.8807195182162,165.5258128129139,168.55746459960938,56294400.0
2023-09-29,169.87084635964763,170.90773103963988,168.21182785802986,169.0709686279297,51861100.0
2023-10-02,169.08081880430257,172.12233981703872,168.79443355791753,171.57920837402344,52164500.0
2023-10-03,170.10785870603348,171.46075281316274,168.6858620497557,170.24610900878906,49594600.0
2023-10-04,168.9524578917983,172.03348795172127,168.8339619515459,171.4903564453125,53020300.0
2023-10-05,171.61874445939648,173.25800883188634,170.52261166431626,172.72476196289062,48527900.0
2023-10-06,171.6286058875163,175.76625988669193,171.0163417068709,175.2725067138672,57266700.0
2023-10-09,174.6009972191987,176.81301689163445,173.60362121945622,176.75376892089844,42390800.0
2023-10-10,175.8748846750232,177.47464011941017,175.72674968355904,176.1612548828125,43698000.0
2023-10-11,175.9736336691769,177.60302823490863,175.38113888285298,177.55364990234375,47551100.0
2023-10-12,177.82026707710477,180.06189553412176,176.80312172309905,178.4522705078125,56743100.0
2023-10-13,179.1533769286896,179.65699967721181,175.9143577270369,176.61549377441406,51427100.0
2023-10-16,174.54174811745375,176.84263973108403,174.3047411678942,176.4871368408203,52517000.0
2023-10-17,174.44298390478113,176.19087429527403,172.61610626933813,174.93673706054688,57549400.0
2023-10-18,173.38638119353993,175.36139405816417,172.92225196490105,173.64312744140625,54764400.0
2023-10-19,173.84060845589931,175.61812287122567,173.00123711265553,173.2678680419922,59302900.0
2023-10-20,173.11974130623128,173.2283676109075,170.48310107616433,170.72010803222656,64244000.0
2023-10-23,168.77469287243957,171.83595313524123,167.80692592091492,170.8385772705078,55980100.0
2023-10-24,170.8879597127696,171.50020876645127,169.3079436842464,171.27308654785156,43816600.0
2023-10-25,169.73261037900426,170.89786073622298,168.5179666183954,168.9623565673828,57157000.0
2023-10-26,168.24146504420852,169.23885617849143,163.6001878537521,164.80494689941406,70625300.0
2023-10-27,164.82468576422622,166.8490767618186,164.7456834493569,166.11831665039062,58499100.0
2023-10-30,166.90832288755587,169.03145545417337,166.7601878982554,168.16244506835938,51131000.0
2023-10-31,167.23421730907862,168.76484019690602,165.80232095364974,168.636474609375,44846000.0
2023-11-01,168.86358325166134,172.05322449399938,167.99457285522465,171.79647827148438,56934900.0
2023-11-02,173.32711052996643,175.5588693503195,173.26786256268767,175.35150146484375,77334800.0
2023-11-03,172.06308417750907,174.61085195895754,171.18420427007575,174.44296264648438,79829200.0
2023-11-06,174.17636920813592,177.18825142381783,174.00849494223715,176.99075317382812,63841300.0
2023-11-07,176.94138484513783,180.1606652677133,176.7340169447808,179.5484161376953,70530000.0
2023-11-08,180.07174904669054,181.15799675009242,179.32123474338437,180.60499572753906,49340300.0
2023-11-09,180.67415869856794,181.81965455110011,179.53851741631973,180.1310272216797,53763500.0
2023-11-10,181.9108804268445,184.48178544542026,181.475802800193,184.3136749267578,66133400.0
2023-11-13,183.74020094629049,183.94784205398747,182.14822040593083,182.7316131591797,43627500.0
2023-11-14,185.59917131943448,186.0045860299441,184.2148468055059,185.3420867919922,60108400.0
2023-11-15,185.7474876978312,187.3790139742788,185.67826393327664,185.9056854248047,53790500.0
2023-11-16,187.44820698590362,188.82264852852316,186.5384909930313,187.58663940429688,54412900.0
2023-11-17,188.1206090057824,188.24915879673333,186.45941980581802,187.56687927246094,50922700.0
2023-11-20,187.76462241033667,189.7620174322178,187.75473976876387,189.30715942382812,46505100.0
2023-11-21,189.26759612132614,189.37636552049437,187.61628985249988,188.50621032714844,38134500.0
2023-11-22,189.3467095850447,190.77057938008178,188.6940931656517,189.16871643066406,39617700.0
2023-11-24,188.7336553269539,188.76331834061182,187.13179223741543,187.84373474121094,24048300.0
2023-11-27,187.79429075090235,188.5358962659671,186.7857030257735,187.66574096679688,40552600.0
2023-11-28,187.6558347269926,188.9412871423915,187.28008315178343,188.26889038085938,38415400.0
2023-11-29,188.76331653900834,189.93999969621768,186.85492560121705,187.2504425048828,43014200.0
2023-11-30,187.71517468500207,188.18981305356235,186.08364867108205,187.82394409179688,48794400.0
2023-12-01,188.19966916513812,189.4158977511225,187.11197525051801,189.0994873046875,45704800.0
2023-12-04,187.85358512953687,187.92280887485518,185.35190415389414,187.3097381591797,43389500.0
2023-12-05,188.081033613139,192.2241233156588,188.05135551468544,191.25509643554688,66628400.0
2023-12-06,192.27356863697858,192.58009647341478,189.95976327032974,190.16741943359375,41089700.0
2023-12-07,191.46276025185608,192.81742141001197,191.42319951100376,192.09559631347656,47477700.0
2023-12-08,192.0263616366492,193.79633503305183,191.50229501018384,193.51947021484375,53406400.0
2023-12-11,190.9485830810774,191.3243346926335,189.27749628821252,191.01779174804688,60943700.0
2023-12-12,190.9189246189266,192.54056806660662,189.57414602172835,192.5306854248047,52696900.0
2023-12-13,192.90643617191267,195.78386938859322,192.66913204715806,195.74432373046875,70404200.0
2023-12-14,195.8036348613561,197.3857175620074,193.964452594447,195.8926239013672,66831600.0
2023-12-15,195.3190970971854,196.17935458626624,194.79503045579114,195.35865783691406,128538400.0
2023-12-18,193.89523770867535,194.42920214917604,192.21426816132805,193.69747924804688,55751900.0
2023-12-19,193.96444926391277,194.7456004150459,193.69746706046115,194.7357177734375,40714100.0
2023-12-20,194.69614571593394,195.46741418063525,192.64932250976562,192.64932250976562,52242800.0
2023-12-21,193.9051267903215,194.8741537657828,191.33422165280876,192.50100708007812,46482500.0
2023-12-22,192.9953923922105,193.22282892375426,190.81013681243016,191.43309020996094,37149600.0
2023-12-26,191.44298138124012,191.719846217368,190.6717128965979,190.88925170898438,28919300.0
2023-12-27,190.33552729492325,191.33421726083122,188.95118798803827,190.98812866210938,48087700.0
2023-12-28,191.96705978425237,192.4812438348005,191.00791544042355,191.413330078125,34049900.0
2023-12-29,191.7297067892047,192.22411038080966,189.5839970121992,190.3750457763672,42672100.0
2024-01-02,185.05528848269014,186.33085840634024,181.83178197139316,183.56219482421875,82488700.0
2024-01-03,182.15808112880916,183.79950485996184,181.37691491631995,182.187744140625,58414500.0
2024-01-04,180.11128180707215,181.04076328001514,178.8555071334626,179.8739776611328,71983600.0
2024-01-05,179.95304619735901,180.7144169560074,178.15340966673114,179.152099609375,62379700.0
2024-01-08,180.0519155054874,183.52263874374273,179.46852282651062,183.4830780029297,59144500.0
2024-01-09,181.86141829199212,183.0776469225398,180.68473531069785,183.06776428222656,42841800.0
2024-01-10,182.2866315170422,184.31367440860302,181.8614365329183,184.1060333251953,46792900.0
2024-01-11,184.45213566932392,184.95643712674624,181.56481971672645,183.5127716064453,49128400.0
2024-01-12,183.97749798089004,184.64989484239166,183.11724039185432,183.8390655517578,40477800.0
2024-01-16,180.12114381484557,182.1976301200088,178.90489995610474,181.57469177246094,65603000.0
2024-01-17,179.24110807963172,180.8825167727283,178.281963767062,180.63531494140625,47317400.0
2024-01-18,184.0071435872404,187.02300881659582,183.75005912545993,186.5187225341797,78005800.0
2024-01-19,187.21088801676132,189.80155831594578,186.70660172518024,189.41592407226562,68903000.0
2024-01-22,190.14763349819026,193.14371820043874,190.1080727596782,191.71983337402344,60133900.0
2024-01-23,192.83719415255706,193.55901922053994,191.660511110776,192.99539184570312,42355600.0
2024-01-24,193.23272951111284,194.18199120084623,192.16481576816378,192.32302856445312,53631300.0
2024-01-25,193.0349547434494,194.07320538533628,190.9485708187439,191.9967041015625,54822100.0
2024-01-26,192.09559590318426,192.58010181757646,189.7916731135176,190.26629638671875,44594000.0
2024-01-29,189.86087972294905,190.04875551955823,187.4580852833725,189.58401489257812,47145600.0
2024-01-30,188.80286821503816,189.65324309628332,185.37170567810733,185.93531799316406,55859400.0
2024-01-31,184.9465411859158,185.00588230760198,182.28666178515888,182.33609008789062,55467800.0
2024-02-01,181.93066720224104,184.85752846784007,181.76257176566293,184.76853942871094,64885400.0
2024-02-02,177.84689023760967,185.23328233515724,177.2437171517322,183.7698516845703,102551700.0
2024-02-05,186.04407104136263,187.13176501057416,183.75992879401906,185.57933044433594,69668800.0
2024-02-06,184.76853636353553,187.19111127921153,184.67954732588265,187.1812286376953,43490800.0
2024-02-07,188.50623739169367,188.91165203661865,186.49895962721544,187.29000854492188,53439000.0
2024-02-08,187.27021997882892,187.418535043408,185.2530596605407,186.2122039794922,40962000.0
2024-02-09,186.77653768433356,188.10324181676,186.1329987846296,186.9745635986328,45155200.0
2024-02-12,186.54880424779185,186.796321504533,184.9349868995182,185.29141235351562,41781900.0
2024-02-13,183.92512331150874,184.360756090923,181.68755769129083,183.20236206054688,56529500.0
2024-02-14,183.4796068721132,183.6875129162611,180.62820312290157,182.3212127685547,54630500.0
2024-02-15,181.727184392981,182.65785175424014,179.54903541760635,182.0341033935547,65434500.0
2024-02-16,181.59845842120637,183.0142649801448,179.86583763061847,180.49948120117188,49752500.0
2024-02-20,179.98463913307552,180.61828269677792,178.21242224791314,179.75692749023438,53665600.0
2024-02-21,180.13315310757224,181.0737156195715,178.8658660184515,180.50938415527344,41371400.0
2024-02-22,181.65785591778803,183.12316891523534,180.6479964148563,182.5390167236328,52292200.0
2024-02-23,183.1726595934398,183.20236045475278,180.4202689919066,180.7073974609375,45119700.0
2024-02-26,180.43017719516277,180.94500218994074,178.8559560281093,179.36090087890625,40867400.0
2024-02-27,179.3014951345761,182.09348175278842,177.77678047240937,180.81629943847656,54318900.0
2024-02-28,180.69750358801915,181.30144633523983,178.34114943443706,179.6183319091797,48953900.0
2024-02-29,179.46979611956436,180.75688872813024,177.74707077204522,178.9549560546875,136682600.0
2024-03-01,177.76690051629518,178.73716395290236,175.61845249589473,177.8758087158203,73563100.0
2024-03-04,174.40064432483445,175.14319605787904,172.06408093389737,173.361083984375,81510100.0
2024-03-05,169.0641855800497,170.33147275577412,167.93550746706842,168.4305419921875,95132400.0
2024-03-06,169.36119643359416,169.53941670485264,167.00482743895031,167.44046020507812,68587700.0
2024-03-07,167.47017484778516,169.0344857697736,166.81674075207243,167.32167053222656,71765100.0
2024-03-08,167.32166963491963,171.9749911536114,167.26226790901475,169.03448486328125,76267000.0
2024-03-11,171.2225546353428,172.6482565736913,170.34139373001014,171.03443908691406,60139500.0
2024-03-12,171.43045147590772,172.3017170819102,169.31170429451927,171.50965881347656,59825400.0
2024-03-13,171.05425482761498,171.4700820663792,169.06420612614593,169.4305419921875,52488700.0
2024-03-14,171.19284931228447,172.57893998999515,170.34138929390355,171.28195190429688,72913500.0
2024-03-15,169.47011882986195,170.9057159423828,168.59885322457814,170.9057159423828,121752700.0
2024-03-18,173.82643054023092,175.94517770513775,171.7967859641753,171.9947967529297,75604200.0
2024-03-19,172.6086342803731,174.85609525037736,171.31164624406932,174.33135986328125,55215200.0
2024-03-20,173.97491429018868,176.89561462402344,173.35116602745083,176.89561462402344,53423100.0
2024-03-21,175.29173693263047,175.72736975318543,169.14340118299,169.6681365966797,106181300.0
2024-03-22,170.05426688241553,171.33146450930536,168.37115239719608,170.56910705566406,71160100.0
2024-03-25,168.87608692531137,170.2324767040703,167.76719930445816,169.15330505371094,54288300.0
2024-03-26,168.31174106723407,169.71763732680742,167.8959138727621,168.02462768554688,57388400.0
2024-03-27,168.7176579392829,171.87598039200594,168.42063422483255,171.58885192871094,60273300.0
2024-03-28,170.0443614510728,170.51959037094832,168.81667037520143,169.77703857421875,65672700.0
2024-04-01,169.48991432845702,169.54931605122675,167.79688969325008,168.3414306640625,46240500.0
2024-04-02,167.4008605129018,167.6582730022656,166.55929585931307,167.16323852539062,49329500.0
2024-04-03,167.11374996517486,168.98497988400436,166.90584392266877,167.9652099609375,47691700.0
2024-04-04,168.59885072968464,170.21266810452119,167.14346313476562,167.14346313476562,53704400.0
2024-04-05,167.90578453281648,168.6978426903414,167.27214102824712,167.89588928222656,42104800.0
2024-04-08,167.35138730592178,167.51969724864153,166.56923932419392,166.7771453857422,37425500.0
2024-04-09,167.02464767080627,168.39094781013864,166.67813256359855,167.98501586914062,42373800.0
2024-04-10,167.12365945587084,167.4107728345435,165.45044033625643,166.11378479003906,49709300.0
2024-04-11,166.6682071669761,173.71750852250418,166.49000200344838,173.30166625976562,91070300.0
2024-04-12,172.52942533467058,176.5887144383463,172.47993396851362,174.79669189453125,101670900.0
2024-04-15,173.6185038309996,174.8758957155582,170.78690583147454,170.9750213623047,73531800.0
2024-04-16,170.0443499195711,172.03438316124112,166.59891404642835,167.69789123535156,73711200.0
2024-04-17,167.9256004082147,168.9552655008738,166.3315887451172,166.3315887451172,50901200.0
2024-04-18,166.36127717179573,166.96521980912772,164.8959794200199,165.381103515625,43122900.0
2024-04-19,164.55936395716853,164.74746436429578,162.45051229612085,163.3613739013672,68149400.0
2024-04-22,163.8762094876148,165.59891971474525,163.1336578084027,164.19302368164062,48116400.0
2024-04-23,163.70792820716713,165.39104261951863,163.28219064755024,165.24252319335938,49537800.0
2024-04-24,164.88609429896647,167.6186945681344,164.55938480415762,167.3414764404297,48251800.0
2024-04-25,167.84640961058278,168.9156860278579,166.4801094484109,168.2028350830078,50558300.0
2024-04-26,168.19290937676217,169.63840150907166,167.49984906174126,167.61866760253906,44838400.0
2024-04-29,171.64824848286057,174.2818355072499,171.38094074443057,171.77696228027344,68169400.0
2024-04-30,171.60868084411632,173.2521991943247,168.31174889120035,168.6384735107422,65934800.0
2024-05-01,167.89588568564642,170.99480617347464,167.43055209459067,167.61866760253906,50383100.0
2024-05-02,170.79680537480178,171.69777183075684,169.19289835753364,171.3116455078125,94214900.0
2024-05-03,184.7963988764884,185.14292911827533,180.84603267784937,181.5588836669922,163224100.0
2024-05-06,180.53910014061182,182.3707188474722,178.62825898838415,179.90545654296875,78569700.0
2024-05-07,181.6281373821679,183.0637342712393,179.51930088998813,180.58856201171875,77305800.0
2024-05-08,181.03415540635302,181.25197183429347,179.64804949152685,180.9252471923828,45057100.0
2024-05-09,180.74701199258516,182.82616313989396,180.30148392023486,182.737060546875,48983000.0
2024-05-10,183.31206939842306,183.50044009541958,180.56586910059414,181.47796630859375,50759500.0
2024-05-13,183.84742393900163,185.4931713127623,183.03445892506747,184.68020629882812,72044800.0
2024-05-14,185.89964252722956,186.68286641073877,184.69011878206607,185.82032775878906,52393600.0
2024-05-15,186.2962297111884,189.01268886802714,185.76085876781028,188.09068298339844,70400000.0
2024-05-16,188.83421956137332,189.45881387860598,188.03117836935675,188.20962524414062,52845200.0
2024-05-17,187.8824709799172,189.1713095252472,187.55530322495105,188.2393798828125,41282900.0
2024-05-20,187.7040166341828,190.27176982167657,187.38675756521698,189.39932250976562,44361300.0
2024-05-21,189.44890089382775,191.07481584379752,189.28036268210627,190.69808959960938,42309400.0
2024-05-22,190.61877317517173,191.16405275409193,188.63594934473116,189.26052856445312,34648500.0
2024-05-23,189.33983451815809,189.35966699130785,185.0272019643745,185.27505493164062,51005900.0
2024-05-24,187.1984232707908,188.94330296502375,186.4251079843019,188.34844970703125,36327000.0
2024-05-28,189.86528785982966,191.34249703943843,187.47599667367734,188.3583526611328,52280100.0
2024-05-29,187.98163930401122,190.59896650948673,187.88249204796585,188.65579223632812,53068000.0
2024-05-30,189.12173915319045,190.52954231443272,188.99286588586446,189.64718627929688,49889100.0
2024-05-31,189.7959119633218,190.9162123421418,188.27905284340878,190.5989532470703,75158300.0
2024-06-03,191.24336235629542,193.31542486412093,190.86663609575578,192.36366271972656,50080500.0
2024-06-04,192.96839571544555,193.64256361833955,191.37222208281784,192.68089294433594,47471400.0
2024-06-05,193.72190135445058,195.20901937445223,193.19645419760306,194.1878662109375,54156800.0
2024-06-06,194.0093990023229,194.81244022862765,192.50244866402238,192.80978393554688,41181800.0
2024-06-07,192.978343568532,195.2486855650071,192.47272888451312,195.19911193847656,53103900.0
2024-06-10,195.20900753042525,195.60558138834554,190.49980075281104,191.4614715576172,97010200.0
2024-06-11,191.98693938600363,205.38092599962496,191.96712203677995,205.37100219726562,172373300.0
2024-06-12,205.58908283581826,218.30889945026047,205.1231180281253,211.24014282226562,198134300.0
2024-06-13,212.8958219752939,214.8885546834631,209.7827888470424,212.40011596679688,97862700.0
2024-06-14,212.01345147179217,213.32210737882852,209.4853479747781,210.66513061523438,70122700.0
2024-06-17,211.5375569916551,217.06963733267014,210.8931452933454,214.80921936035156,93728300.0
2024-06-18,215.7213082393038,216.7523850703462,211.17073132176122,212.44964599609375,79943300.0
2024-06-20,212.0927425591543,212.4000929584359,207.05638337080816,207.87924194335938,86172500.0
2024-06-21,208.58315742215362,210.07027533194446,205.33132746963062,205.70806884765625,241805100.0
2024-06-24,205.93607160503834,210.87329840415435,204.81577136869439,206.3524627685547,80727000.0
2024-06-25,207.35377473031713,209.5646339662685,206.81841900726565,207.27447509765625,55549700.0
2024-06-26,209.68363861405976,213.0147835489249,208.83102368645302,211.41860961914062,66213200.0
2024-06-27,212.84625148948237,213.88723714823547,210.52635096614495,212.26132202148438,49772700.0
2024-06-28,213.91696855097956,214.2143951724623,208.49394377490637,208.81118774414062,82542700.0
2024-07-01,210.26856627972688,215.64201747450758,210.10002805599396,214.8885498046875,60402900.0
2024-07-02,214.2936836981781,218.4873670751859,213.25271326862932,218.37831115722656,58046200.0
2024-07-03,218.1106471909744,219.6473388671875,217.14897630904898,219.6473388671875,37369800.0
2024-07-05,219.7464397478406,224.5052198536283,219.7464397478406,224.3961639404297,60412400.0
2024-07-08,225.13972278278513,225.89320550199054,221.3327047505454,225.86346435546875,59085900.0
2024-07-09,225.9725055332989,227.42988222637766,224.4259054004998,226.716064453125,48076100.0
2024-07-10,227.3307526887298,231.07828847688273,227.28117906796422,230.97914123535156,62627700.0
2024-07-11,229.40281699319425,230.39422897123262,223.83108651749725,225.61563110351562,64710600.0
2024-07-12,226.9540218514806,230.64207551688347,226.71607753741577,228.5601043701172,53046500.0
2024-07-15,234.44911702590872,235.19267606238645,231.08823078613918,232.38697814941406,62631300.0
2024-07-16,232.98179160349451,234.24088892580107,230.3347237014565,232.8033447265625,43234300.0
2024-07-17,227.4794799069808,229.47222770464353,224.6936146131452,226.9143829345703,57345900.0
2024-07-18,228.3023493485251,228.46097889584826,220.36114484151935,222.25473022460938,66034600.0
2024-07-19,222.88926630632307,224.85225794685087,221.36248326433122,222.38363647460938,49151500.0
2024-07-22,225.06041535891617,225.82380677595344,221.174082433242,222.03662109375,48201800.0
2024-07-23,222.44308791792702,224.9910238167192,220.76759935066607,223.0775909423828,39960300.0
2024-07-24,222.0762625279836,222.86939506256107,215.2652677100796,216.66314697265625,61777600.0
2024-07-25,217.04981289629316,218.95333716975932,212.77682977395946,215.6221923828125,51391200.0
2024-07-26,216.8217851678197,217.6050090608147,214.15488466672127,216.08815002441406,41601300.0
2024-07-29,215.09674706599597,217.41664743865044,213.8971319294418,216.36575317382812,36311800.0
2024-07-30,217.3075942808937,218.43780333279796,214.26395224147618,216.9209442138672,41643800.0
2024-07-31,219.53825698895486,221.89782218872546,218.7352157578384,220.17276000976562,50036300.0
2024-08-01,222.44310665442717,222.55216258005441,215.15623749650504,216.48472595214844,62501000.0
2024-08-02,217.26790792406092,223.6625266661827,215.8402875210575,217.97181701660156,105568600.0
2024-08-05,197.38019703112641,211.66644653820467,194.31673780556494,207.4727783203125,119548600.0
2024-08-06,203.53688424769564,208.18660889381388,199.3432157724579,205.45030212402344,69660500.0
2024-08-07,205.12313014700663,211.80525225793107,204.61751548926864,208.01806640625,63516400.0
2024-08-08,211.27979376271134,212.36042911915672,207.03655197769595,211.4780731201172,47161100.0
2024-08-09,210.27848952903548,214.91829038971974,210.1496011292121,214.3829345703125,42201600.0
2024-08-12,214.4623401059105,217.8767320905019,213.9958359256548,215.91146850585938,38028100.0
2024-08-13,217.38044783379533,220.23902400333975,217.38044783379533,219.62364196777344,44155300.0
2024-08-14,218.9288446755302,221.37053243582614,218.06530765715263,220.07028198242188,41960600.0
2024-08-15,222.9288713384501,223.67329096872731,221.10255033510867,223.0479736328125,46414000.0
2024-08-16,222.25393109506462,225.1422830006272,221.98593577772976,224.3680877685547,44340200.0
2024-08-19,224.0405257400108,224.30852103873067,221.38045847347976,224.20925903320312,40687800.0
2024-08-20,224.09017687092657,225.4797542015927,223.7725505409132,224.8246612548828,30299000.0
2024-08-21,224.8346020684513,226.28373058529078,223.37553826276908,224.71548461914062,34765500.0
2024-08-22,226.09512887719345,226.64103964823346,222.23407290784718,222.85939025878906,43695300.0
2024-08-23,223.98097823318813,226.52192810531062,222.66087229355688,225.15219116210938,38677300.0
2024-08-26,225.07276614784877,225.58890128123517,222.22412549030662,225.48963928222656,30602200.0
2024-08-27,224.31844891527626,227.14724957253156,223.21670725505913,226.33334350585938,35934600.0
2024-08-28,226.22414704916858,228.14971479709,224.0008084384826,224.80479431152344,38052200.0
2024-08-29,228.38796742499142,231.18697758967758,227.1770435151196,228.08026123046875,51906300.0
2024-08-30,228.4772755570311,228.68570457235603,225.78743262658827,227.29612731933594,52990800.0
2024-09-03,226.84948058831634,227.2961293418145,219.52438650802387,221.11248779296875,50190600.0
2024-09-04,220.01072730838987,220.1298295937355,215.86182100754215,219.20675659179688,43840200.0
2024-09-05,219.9809679444758,223.80231295165626,219.87178579311316,220.7253875732422,36615400.0
2024-09-06,222.28368749781316,223.56409767944487,218.13479623481732,219.17698669433594,48423000.0
2024-09-09,219.17700018247805,219.6236489368284,215.09757995493325,219.26632690429688,67180000.0
2024-09-10,217.29114171411052,219.83209181891954,215.11743380788891,218.4722900390625,51591000.0
2024-09-11,219.81224273641337,221.4301044903715,216.26879790334314,221.00331115722656,44587100.0
2024-09-12,220.84449248276735,221.8866830044339,218.1844402475294,221.11248779296875,37455600.0
2024-09-13,221.91643313573508,222.3730019797634,220.25886075018875,220.84446716308594,36766600.0
2024-09-16,214.92884416844979,215.60379255643394,212.32834292284386,214.7104949951172,59357400.0
2024-09-17,214.14471619981742,215.28615358843467,212.904016801209,215.17697143554688,45519300.0
2024-09-18,215.931307109631,221.05291740528648,215.92137182236397,219.04794311523438,59894900.0
2024-09-19,223.31597824995185,228.11004268622213,222.95865620671253,227.16709899902344,66781300.0
2024-09-20,228.258925130642,231.355706137216,225.9264040870641,226.50209045410156,318679900.0
2024-09-23,225.64846451262724,227.742765583781,224.12984974700805,224.78494262695312,54146000.0
2024-09-24,226.94871280288095,227.64351653597865,224.05044101841318,225.67823791503906,43556100.0
2024-09-25,223.25642645588798,225.59886774810047,222.35320871856098,224.6857147216797,42308700.0
2024-09-26,225.60876888531146,226.7998372114188,223.73283210674714,225.82713317871094,36636700.0
2024-09-27,226.76013618443497,227.81224676693589,225.60876359989413,226.09510803222656,34026000.0
2024-09-30,228.32838978012126,231.26637268066406,227.94129216556473,231.26637268066406,54541900.0
2024-10-01,227.81223995033787,227.94126237482303,222.07524777401002,224.52687072753906,63285000.0
2024-10-02,224.20925878310885,225.67824256269316,221.360617941662,225.09263610839844,32880600.0
2024-10-03,223.46483520314058,225.12240767637772,221.65838486968212,223.9908905029297,34044200.0
2024-10-04,226.20430944090455,226.30357145139808,222.46237094034984,225.1125030517578,37245100.0
2024-10-07,222.8296017820206,224.01074997862722,219.68319006872073,220.04051208496094,39505400.0
2024-10-08,222.63108533790577,224.29857792676054,221.58889489724396,224.09014892578125,31855700.0
2024-10-09,223.55419337095574,228.04056698162543,223.15717559100585,227.83212280273438,33591100.0
2024-10-10,226.0851959438118,227.7923994519787,225.47973405841245,227.3358154296875,28183500.0
2024-10-11,227.59388209213523,227.7030642360917,225.64845893034402,225.85690307617188,31759200.0
2024-10-14,226.998334224751,230.00578802790554,226.89908737082214,229.57899475097656,39882100.0
2024-10-15,231.87182665313995,235.7229623804217,230.6410474142004,232.11004638671875,64751400.0
2024-10-16,229.87676649695567,230.39288648800354,228.1298522341637,230.055419921875,34082200.0
2024-10-17,231.69314333147315,232.1100316250369,228.80480686495974,230.42266845703125,32993800.0
2024-10-18,234.42267769537074,234.42267769537074,232.2688255608399,233.25146484375,46431500.0
2024-10-21,232.7055796017645,235.08773156933626,232.7055796017645,234.72047424316406,36254500.0
2024-10-22,232.1497589598997,234.46242459274853,230.86936376892484,234.1051025390625,38846600.0
2024-10-23,232.33831918874512,233.3904297884605,226.06533615950997,229.0430145263672,52287000.0
2024-10-24,228.26880958821053,229.10257100562325,226.71049918514768,228.85443115234375,31109500.0
2024-10-25,228.03061417648678,231.48471683213373,227.86188088691335,229.6881866455078,38802300.0
2024-10-28,231.5839844241638,232.98348177622344,230.81970938626554,231.6633758544922,36087100.0
2024-10-29,231.36561495313973,232.5864588417728,230.59141979007921,231.93136596679688,35417200.0
2024-10-30,230.87924283818487,231.7328445287285,227.84201349481597,228.38792419433594,47070900.0
2024-10-31,227.63361336879595,228.11997302154123,223.6931505739168,224.22914123535156,64370100.0
2024-11-01,219.32588166379162,223.67329727363756,218.63109301833273,221.25144958496094,65276700.0
2024-11-04,219.34572401852256,221.13231895883285,218.0752491010658,220.35812377929688,44944500.0
2024-11-05,220.14971259990074,222.28370958768312,219.49461965793014,221.7874298095703,28111300.0
2024-11-06,220.95366880237512,224.387931303672,219.54423614319148,221.06285095214844,54561100.0
2024-11-07,222.95862926675593,226.18444740932767,222.8990781242877,225.78741455078125,42137700.0
2024-11-08,225.72780810336752,227.20835428792034,224.9726384261151,225.51914978027344,38328800.0
2024-11-11,223.57158868270503,224.26714170400084,220.0938084143074,222.8064727783203,42005600.0
2024-11-12,223.12444853772337,224.15783943194586,221.9420008205612,222.8064727783203,40398300.0
2024-11-13,222.58788780053936,225.2111273985325,221.34582330978657,223.6908416748047,48566200.0
2024-11-14,223.59146688403666,227.41701609796436,223.57158960851197,226.77114868164062,44923900.0
2024-11-15,224.96268496170848,225.4793879673537,222.84621765747355,223.5715789794922,47923700.0
2024-11-18,223.82001439888424,228.28151537171908,223.74052045447314,226.5724334716797,44633700.0
2024-11-19,225.53901477922054,228.6988344551977,225.22105418122663,226.8307647705078,36211800.0
2024-11-20,226.61216873586113,228.4702922716314,224.45594670445817,227.54620361328125,35169600.0
2024-11-21,227.42695953023323,228.69883223369175,224.2770861035494,227.06924438476562,42108300.0
2024-11-22,226.61216818417898,229.25528492407807,226.61216818417898,228.41067504882812,38168300.0
2024-11-25,229.99059491471002,231.76922452168117,228.2815130321861,231.39163208007812,90152800.0
2024-11-26,231.84870566104107,234.07449047305911,231.84870566104107,233.56771850585938,45986200.0
2024-11-27,232.98148163119754,234.19373774290258,232.32566796514345,233.4385528564453,33498400.0
2024-11-29,233.31931239062584,236.3002669685808,232.48464874765904,235.8233184814453,28481400.0
2024-12-02,235.76367580720535,239.26131787624368,235.65437354492806,238.06893920898438,48137100.0
2024-12-03,238.28756099978403,241.21882985808793,237.3833345065081,241.10952758789062,38861000.0
2024-12-04,241.32811352991968,242.560246738831,239.71840309463144,241.46722412109375,44383900.0
2024-12-05,242.44102079436578,242.9875169579372,240.59282850575005,241.49703979492188,40033900.0
2024-12-06,241.36788746709487,243.0769692456264,240.5431549096241,241.29832458496094,36870600.0
2024-12-09,240.29473874492055,245.67039687977774,240.21524480725012,245.18350219726562,44649200.0
2024-12-10,245.3226337747269,246.63426111556626,243.78247081974237,246.19705200195312,36914800.0
2024-12-11,246.38582450957213,249.2077910379196,244.69660488558225,244.92515563964844,45205800.0
2024-12-12,245.32261935264157,247.1608807008323,244.12029436088807,246.38583374023438,32777500.0
2024-12-13,246.24671899982582,247.70737273801882,244.67674782957272,246.55474853515625,33155300.0
2024-12-16,246.41563368868003,249.78411156803347,246.07778066556844,249.44625854492188,51694800.0
2024-12-17,248.49234928857376,252.2185421189052,248.19425082976375,251.87075805664062,51356400.0
2024-12-18,250.55917390522964,252.6657103008961,246.1672359539693,246.4752655029297,56774100.0
2024-12-19,245.92873792847348,250.400169527173,245.5213371883983,248.20419311523438,60882300.0
2024-12-20,246.46531011815415,253.38113119374523,244.13023820234332,252.87437438964844,147495300.0
2024-12-23,253.1526187871241,254.0270218726176,251.84099141600396,253.64944458007812,40858800.0
2024-12-24,253.868019379837,256.5707374276886,253.66927695641888,256.5608215332031,23234700.0
2024-12-26,256.55086249805703,258.44874034869076,255.99442012888886,257.3755798339844,27237100.0
2024-12-27,256.19317709309894,257.05767945175137,251.4534699071419,253.9674072265625,42355300.0
2024-12-30,250.62873106361576,251.8906728018858,249.15813098648073,250.5989227294922,35557500.0
2024-12-31,250.83741118103507,251.67207488235135,247.84651017510492,248.83023071289062,39480700.0
2025-01-02,247.34966196417784,247.51859606258614,240.28481431614935,242.3019256591797,55740700.0
2025-01-03,241.8150177001953,242.6298040057451,240.3543488544026,241.8150177001953,40244100.0
2025-01-06,242.75900387005615,245.7598357483754,241.6560500607284,243.4446258544922,45045600.0
2025-01-07,241.4374487975533,243.9911405526811,239.81780708502322,240.67234802246094,40856000.0
2025-01-08,240.3841632667122,242.16280789951685,238.52603985831155,241.15921020507812,37628900.0
2025-01-10,238.48628640867517,238.63534322792128,231.52079498772144,235.3463592529297,61710900.0
2025-01-13,232.04743903723335,233.18020116738663,228.26162915914,232.9119110107422,49630700.0
2025-01-14,233.25969544364762,234.62099318079112,230.99417118008773,231.7990264892578,39435300.0
2025-01-15,233.1504034772107,237.4429855317883,232.94172997653553,236.35989379882812,39832000.0
2025-01-16,235.8432019589194,236.4990004602556,226.58236221549976,226.81089782714844,71759100.0
2025-01-17,230.6463874145182,230.8153063545454,227.02949646555186,228.5199737548828,68488300.0
2025-01-21,222.57792910461188,222.99526090225285,217.98726416864307,221.2265625,98070400.0
2025-01-22,218.39465138442915,222.6971640978084,218.39465138442915,222.4090118408203,64126500.0
2025-01-23,223.3132424800993,225.58869773276695,220.88873040600683,222.24009704589844,60234800.0
2025-01-24,223.35297985225768,224.19758968028435,220.00437919561992,221.3656768798828,54697900.0
2025-01-27,222.5978054024586,230.67618150163648,222.5580508531902,228.40072631835938,94863400.0
2025-01-28,229.3844597561093,238.66516132615985,229.3447052045828,236.74740600585938,75707600.0
2025-01-29,232.63369919180946,238.33726462451705,232.52439691334908,237.84043884277344,45486100.0
2025-01-30,237.1548105184623,239.26134692510684,235.7040877651042,236.0816650390625,55658300.0
2025-01-31,245.62071750771995,245.62071750771995,231.95800933839706,234.5017547607422,100959800.0
2025-02-03,228.52991033796462,230.35822543026035,224.2671369795404,226.56246948242188,73063300.0
2025-02-04,225.80731341689966,231.64998934854387,225.21111642561868,231.32208251953125,45067300.0
2025-02-05,227.0791817096477,231.19289841511937,226.82083777153602,230.99417114257812,39620300.0
2025-02-06,229.8216550685821,232.31573010563136,228.96711414866223,231.73941040039062,29925300.0
2025-02-07,231.1233398047693,232.51444580894437,225.81722939017394,226.1848907470703,39707200.0
2025-02-10,228.36338248973718,229.378010419489,226.00582893863492,226.45346069335938,33115600.0
2025-02-11,227.000572314181,233.99362125199642,226.93094812871882,231.3973388671875,53718400.0
2025-02-12,229.98481838871234,235.71455375787428,229.4675472393098,235.62501525878906,45243300.0
2025-02-13,235.66480095549997,241.06625350434595,234.33184765944378,240.26051330566406,53614100.0
2025-02-14,239.981993568851,244.25939586817944,239.72336558929686,243.31439208984375,40896200.0
2025-02-18,242.86673323889264,243.89131830963376,240.56887710589865,243.18505859375,48822500.0
2025-02-19,243.37408953874765,244.71698493563778,241.88197342314302,243.58297729492188,32204200.0
2025-02-20,243.65261174603793,245.48293716802547,243.006019001845,244.53793334960938,32316900.0
2025-02-21,244.65729095432025,247.38289505871285,243.93113206298463,244.2593994140625,53197400.0
2025-02-24,243.64264638435856,247.55199828948733,243.1353323966777,245.80125427246094,51326400.0
2025-02-25,246.69652285022872,248.68601093773057,243.62276739789988,245.74156188964844,48013300.0
2025-02-26,243.04579925662603,243.6923767743236,237.87313357927937,239.09666442871094,44433600.0
2025-02-27,238.1516754344793,241.18564780716906,235.81402085750776,236.05276489257812,41153600.0
2025-02-28,235.70459571566596,240.8175794410065,228.9900734891547,240.5688934326172,56833400.0
2025-03-03,240.51914741730602,242.74737946323825,234.8690087281554,236.77891540527344,47184000.0
2025-03-04,236.46059966619734,238.80819608105105,233.44651142335266,234.68994140625,53798100.0
2025-03-05,234.18262069274581,235.30668622205877,228.02515316620742,234.50094604492188,47227600.0
2025-03-06,233.20778757123546,236.60981025581015,231.93451645578955,234.09310913085938,45170400.0
2025-03-07,233.87426828677374,240.10136041796665,233.5261018066448,237.81346130371094,46273600.0
2025-03-10,234.3019970725287,234.91874867921032,223.04150278970278,226.28436279296875,72071200.0
2025-03-11,222.63365113389432,224.65298022983382,216.30707871737093,219.67926025390625,76137400.0
2025-03-12,218.98294858814833,220.58448707211764,213.7804415985268,215.8395538330078,62547500.0
2025-03-13,214.81496040955514,215.70028194858565,207.3245394208188,208.57791137695312,61368300.0
2025-03-14,210.13967261110687,212.8254784087618,208.4784519318959,212.36790466308594,60107600.0
2025-03-17,212.18885305172668,214.08881784956162,208.86641153353526,212.87522888183594,48073400.0
2025-03-18,213.03435726681795,214.01914401352187,210.37839287524898,211.57208251953125,42432400.0
2025-03-19,213.0940604852241,217.6101915579757,212.6265295918345,214.10870361328125,54385400.0
2025-03-20,212.86527847830126,216.3468825511506,211.10457731145533,212.97470092773438,48862900.0
2025-03-21,210.4480334492585,217.68976839110027,210.16950634984832,217.12277221679688,94127800.0
2025-03-24,219.8384246082871,220.3158974796034,217.4311459430569,219.56983947753906,44299500.0
2025-03-25,219.6096416779903,222.92214108802088,218.92326587520165,222.573974609375,34493600.0
2025-03-26,222.3352199198642,223.83729303324841,219.31120492080973,220.36563110351562,34466100.0
2025-03-27,220.22636977863218,223.80745418869535,219.40073045135125,222.67344665527344,37094800.0
2025-03-28,220.504904155295,222.6336557419088,216.5358700680628,216.7547149658203,39818600.0
2025-03-31,215.86937928840504,224.4341253115235,215.09348022110552,220.9624786376953,65299300.0
2025-04-01,218.65468232589998,222.50433685640354,217.749461617725,222.0169219970703,36412700.0
2025-04-02,220.15675729790527,224.00641185945875,219.8583310514353,222.71324157714844,35905900.0
2025-04-03,204.45966369883956,206.39942653372108,200.19221885499383,202.1220245361328,103419000.0
2025-04-04,192.87091122900438,198.82943318150367,186.3553350717911,187.38987731933594,125910900.0
2025-04-07,176.26863687444822,193.12954493623218,173.70219548773406,180.50625610351562,160466300.0
2025-04-08,185.71870692843436,189.33957458197378,168.32064359895526,171.51376342773438,120859500.0
2025-04-09,171.04623198001363,199.55559936553783,170.98654976711688,197.8048553466797,184395900.0
2025-04-10,188.0762635840202,193.7562435722064,182.0381599544528,189.41915893554688,121880000.0
2025-04-11,185.12186726950821,198.49121408156802,185.0820690088969,197.1085205078125,87435900.0
2025-04-14,210.32866545443895,211.82078139531484,200.10269875392328,201.45555114746094,101352900.0
2025-04-15,200.7990333068026,202.4403549077855,198.7498630049633,201.0775604248047,51343900.0
2025-04-16,197.31743142832593,199.64512887500646,191.35890907242805,193.24893188476562,59732400.0
2025-04-17,196.16351652823,197.78495412822454,193.39812938355274,195.94467163085938,52164700.0
2025-04-21,192.25418258208256,192.78139570274652,188.8123615658979,192.14476013183594,46742500.0
2025-04-22,195.0892017003565,200.53045296496776,194.93999616163734,198.690185546875,52976400.0
2025-04-23,204.9172632087338,206.9067512010516,201.7340854567431,203.52462768554688,52929200.0
2025-04-24,203.81310578126346,207.73239972806866,201.87335793866913,207.27481079101562,47311000.0
2025-04-25,205.28531450927932,208.6475540878433,205.1162098506388,208.18002319335938,38222300.0
2025-04-28,208.89624364686077,210.38835967290976,206.3696005213303,209.03550720214844,38743100.0
2025-04-29,207.59312493762445,211.12446912484504,207.27479957627347,210.09988403320312,36827600.0
2025-04-30,208.19992461631293,212.4574277707069,205.5837430092506,211.3831024169922,52286500.0
2025-05-01,207.98107159612528,213.43226431553572,207.8020097882055,212.19879150390625,57365700.0
2025-05-02,205.0067917796952,205.9020705063368,201.09745506032002,204.27069091796875,101010600.0
2025-05-05,202.03251395918386,203.02725796650907,197.1682163705072,197.84463500976562,69018500.0
2025-05-06,197.1682027308483,199.59536519080132,195.9844550154461,197.46661376953125,51216500.0
2025-05-07,198.12317194216024,198.3917570874617,192.23428894820486,195.21852111816406,68536700.0
2025-05-08,196.68079799363124,198.99855348942916,193.65676753221484,196.45201110839844,50478900.0
2025-05-09,197.95405738682032,199.48595647897335,196.50172445806652,197.4865264892578,36453900.0
2025-05-12,210.13634313336473,210.435160708662,205.93301745006437,209.95704650878906,63775800.0
2025-05-13,209.5984864444124,212.55675181657614,208.1741443311085,212.08860778808594,51909300.0
2025-05-14,211.5905625216416,213.09460539099953,209.7478820292828,211.490966796875,49325800.0
2025-05-15,210.1164014721405,212.11846843107298,208.71196961705186,210.6144256591797,45029500.0
2025-05-16,211.52086084946143,211.73003772257164,208.94109887256835,210.42520141601562,54737900.0
2025-05-19,207.0884445111699,208.65223273202483,203.45285841572866,207.9550018310547,46140500.0
2025-05-20,206.84938410987283,207.64622592622177,204.2198167548668,206.04258728027344,42496600.0
2025-05-21,204.3592586621154,206.22186440009241,199.91689108628387,201.2914276123047,59211800.0
2025-05-22,199.91689038506837,201.94882252859867,198.91087172706415,200.56431579589844,46742400.0
2025-05-23,192.9046989896,196.91877297523902,192.6955373289648,194.49838256835938,78432900.0
2025-05-27,197.51641281084125,199.94677348688452,196.64984031499387,199.4188690185547,56288500.0
2025-05-28,199.79736291846774,201.9289060786693,199.11008702875665,199.62803649902344,45339700.0
2025-05-29,202.775557811137,203.00464471322186,197.72558456215265,199.15989685058594,51396800.0
2025-05-30,198.58218796001185,201.16196516975768,196.00242594876025,200.0563507080078,70819900.0
2025-06-02,199.4885975362889,201.3312933884623,199.3292261245183,200.90298461914062,35423300.0
2025-06-03,200.55437033168948,202.96480586317466,200.16591202699755,202.46678161621094,46381600.0
2025-06-04,202.10819540070028,205.42503857555045,201.30139858491114,202.0185546875,43604000.0
2025-06-05,202.69587362440456,203.9409342732031,199.35910500622674,199.83721923828125,55126100.0
2025-06-06,202.19783403313102,204.8871617909174,201.2515910514923,203.11419677734375,46607700.0
2025-06-09,203.58236159580053,205.18600036190864,199.2296343157191,200.6539764404297,72862600.0
2025-06-10,199.80731310224203,203.54249456453348,199.77743286642308,201.86912536621094,54672600.0
2025-06-11,202.6958722895077,203.69192080198684,197.62598900862739,197.99452209472656,60989900.0
2025-06-12,198.29333609984755,198.890956077424,196.58013147350607,198.41285705566406,43904600.0
2025-06-13,198.94074360607502,199.57821397711425,194.92666975119658,195.6737060546875,51447300.0
2025-06-16,196.52038627354875,197.9048931805357,195.7833048588921,197.63595581054688,43020700.0
2025-06-17,196.4207613301707,197.6060614779548,194.43863454049264,194.86692810058594,38856200.0
2025-06-18,195.16572178414586,196.78928550519313,194.29916455806153,195.80319213867188,45394700.0
2025-06-20,197.45666110928434,200.90298042554332,196.08210930882012,200.20574951171875,96813500.0
2025-06-23,200.83325703321927,201.50060768152076,198.17380945321412,200.70376586914062,55814300.0
2025-06-24,201.78944331230142,202.63609053842802,199.40888822531906,199.5084991455078,54064000.0
2025-06-25,200.65396860223956,202.8651975026319,199.82724651799433,200.76353454589844,39525700.0
2025-06-26,200.63404307360597,201.8392684520338,198.67184150130464,200.20574951171875,50799100.0
2025-06-27,201.09222774816857,202.41697405518968,199.20969672208463,200.28543090820312,73188600.0
2025-06-30,201.21175129212304,206.570497066428,198.47261792694385,204.35926818847656,91912800.0
2025-07-01,205.85332972802502,209.35942450018746,205.3254252695324,206.99879455566406,78788900.0
2025-07-02,208.08450527048316,212.49699303139835,207.3175436349344,211.60055541992188,67941800.0
2025-07-03,211.31168447150716,213.80180573654258,210.97303162710094,212.70616149902344,34955800.0
2025-07-07,211.8395692407974,215.37554414763466,207.97491173225177,209.120361328125,50229000.0
2025-07-08,209.26978591644843,210.59451698338924,207.6262968509882,209.1801300048828,42848900.0
2025-07-09,208.70202548866368,210.49491569520316,206.40115605631001,210.3056640625,48749400.0
2025-07-10,209.678147079363,212.6364120977978,209.2000480941239,211.57064819335938,44443600.0
2025-07-11,209.73794232575938,211.29177557167307,209.03074119537857,210.3256072998047,39765800.0
2025-07-14,209.10044482334126,210.07658325197187,206.71988962428105,207.79562377929688,38840100.0
2025-07-15,208.39325734338402,211.05270487364396,208.09443976951917,208.28369140625,42296300.0
2025-07-16,209.4689902412225,211.5606828488181,207.8155461810567,209.3295440673828,47490500.0
2025-07-17,209.7379389650813,210.9630743588066,208.7618004967043,209.1901092529297,48068100.0
2025-07-18,210.0367169360457,210.95307962142945,208.87134215576987,210.34548950195312,48974600.0
2025-07-21,211.2618775331451,214.92732845073886,210.7937335563828,211.64036560058594,51377400.0
2025-07-22,212.29776458434165,214.1006098348481,211.39135685335447,213.5527801513672,46404100.0
2025-07-23,214.15041924441525,214.29982043425818,211.57065737650467,213.30377197265625,46989300.0
2025-07-24,213.05475989741393,214.83769515517375,212.68622683006964,212.91531372070312,46022600.0
2025-07-25,213.85160291428238,214.38947759784276,212.5567368669443,213.03485107421875,40268800.0
2025-07-28,213.18425263148458,214.00101967144602,212.2180844005514,213.2041778564453,37858000.0
2025-07-29,213.33365491441555,213.96117031669576,209.9869466315705,210.43516540527344,51411700.0
2025-07-30,211.06265157316113,211.55072076453234,206.89917652304968,208.2239227294922,45512500.0
2025-07-31,207.6661338109758,209.0107900151974,206.34138763159262,206.74977111816406,80698400.0
2025-08-01,210.03674932642843,212.7360475386617,200.7037794341265,201.58030700683594,104434500.0
2025-08-04,203.70186769022786,207.0585613783641,200.88304868853191,202.5464630126953,75109300.0
2025-08-05,202.59626309701343,204.5285996595603,201.36117265797924,202.1181640625,44155100.0
2025-08-06,204.81744899810374,214.52892145014,204.77759854868273,212.40733337402344,108483100.0
2025-08-07,218.01510326859565,219.9773200540019,215.7241886502616,219.16055297851562,90224800.0
2025-08-08,219.95740294972967,230.08721487155407,218.38364441813084,228.44374084472656,113854000.0
2025-08-11,227.2770261826339,228.91239906441297,224.1259370249458,226.5391082763672,61806100.0
2025-08-12,227.36674823663387,230.14888579943394,226.429412881848,229.0021209716797,55626200.0
2025-08-13,230.4181341091737,234.33703985510917,229.77992501054072,232.6717529296875,69878500.0
2025-08-14,233.39969406647393,234.4567012802976,230.19875827485632,232.12330627441406,51916300.0
2025-08-15,233.33985018068216,233.6190590405621,228.69299310222902,230.9366455078125,56038700.0
2025-08-18,231.04632935234682,232.4623214496413,229.46081868168693,230.23861694335938,37476200.0
2025-08-19,230.62753117126795,232.2130419457167,228.70298322789472,229.90956115722656,39402600.0
2025-08-20,229.33119207499826,229.81981519856654,225.13307755654054,225.3723907470703,42263900.0
2025-08-21,225.63166356522294,225.88095827873425,223.14868274098328,224.26551818847656,30621200.0
2025-08-22,225.53195134940427,228.44371192910324,224.77410085849388,227.11746215820312,42477800.0
2025-08-25,225.84107546750252,228.65312729963858,225.59178073979155,226.5191650390625,30983100.0
2025-08-26,226.22996704217394,228.84258604761433,224.05612439304167,228.6630859375,54575100.0
2025-08-27,227.96506627689797,230.24859923631865,227.6160475796746,229.8397674560547,31259500.0
2025-08-28,230.16884905542523,232.75153884501827,228.69301327644948,231.9039306640625,38074700.0
2025-08-29,231.85405874294378,232.7216147258446,230.71727541448905,231.485107421875,39418400.0
2025-09-02,228.6032698757151,230.19876225122124,226.32970313085187,229.0719451904297,44075600.0
2025-09-03,236.5408165177042,238.17618932549604,233.69885053091846,237.79725646972656,66427800.0
2025-09-04,237.77731160532718,239.2232180033205,236.07214416452067,239.1035614013672,47549400.0
2025-09-05,239.32291694518142,240.63920029193574,237.81718240373485,239.0137939453125,54870400.0
2025-09-08,238.62490021245955,239.47249309970456,235.67324414176576,237.2089080810547,48999500.0
2025-09-09,236.33139119913957,238.1063683630383,232.70166073618753,233.68887329101562,66313900.0
2025-09-10,231.53496736029473,231.76431424305812,225.31256565050364,226.1501922607422,83440800.0
2025-09-11,226.23995033725743,229.7998710451417,226.010588238333,229.3810577392578,50208600.0
2025-09-12,228.57335925244223,233.84842918261825,228.373926506362,233.40968322753906,55824200.0
2025-09-15,236.33138325533858,237.5180285002954,234.3669397384463,236.0322265625,42699500.0
2025-09-16,236.51088466190768,240.53949594661788,235.65332541334,237.4781494140625,63421100.0
2025-09-17,238.2958480596019,239.42266510979977,237.05934071942244,238.3157958984375,46508000.0
2025-09-18,239.2930082114909,240.51953392817583,235.98236714862816,237.2089080810547,44249600.0
2025-09-19,240.5494606794321,245.60516498271895,239.53234916144805,244.8074188232422,163741300.0
2025-09-22,247.5995237986898,255.9160073848096,247.42002368458668,255.35755920410156,105517400.0
2025-09-23,255.15814081026073,256.6140134777918,252.86462630601793,253.71221923828125,60275200.0
2025-09-24,254.49999981420794,255.01853710208397,250.33178410429736,251.59820556640625,42303700.0
2025-09-25,252.49566170312627,256.4444966190252,250.99989343760635,256.14532470703125,55202100.0
2025-09-26,253.38315498635407,256.87328100426123,253.06405044687503,254.73931884765625,46076300.0
2025-09-29,253.84185736381545,254.28061851263055,252.29622703166862,253.71221923828125,40127700.0
2025-09-30,254.1410137555297,255.1980209495745,252.39595068950493,253.9116668701172,37704300.0
2025-10-01,254.32049261064776,258.0599285933123,254.21080232618834,254.72933959960938,48713900.0
2025-10-02,255.85613542550084,257.45162766856953,253.43299812845933,256.40460205078125,42630200.0
2025-10-03,253.9515436206674,258.5086431914624,253.23357360959045,257.2920837402344,49155600.0
2025-10-06,257.262186546101,258.339156849437,254.33049322602108,255.9658660888672,44664100.0
2025-10-07,256.0854948355218,256.67382669789566,254.70938317067183,255.75643920898438,31955800.0
2025-10-08,255.7963062732735,257.7906639625656,255.3874592951906,257.33197021484375,36496900.0
2025-10-09,257.08267167133846,257.27213808351553,252.42584836214985,253.32330322265625,38322000.0
2025-10-10,254.2207817432353,255.6567217403356,243.3116425485481,244.57806396484375,61999100.0
2025-10-13,248.67648318296307,248.98560621270488,244.86725241658198,246.96133422851562,38142900.0
2025-10-14,245.90431694508948,248.14796941642882,244.00966795095763,247.07101440429688,35478000.0
2025-10-15,248.78615211625979,251.1095806192417,246.77184661648403,248.63656616210938,33893600.0
2025-10-16,247.54965348458146,248.33741809379524,244.43846029169785,246.7519073486328,39777000.0
2025-10-17,247.3203043073955,252.66518358811555,246.57242016484557,251.5782470703125,49147000.0
2025-10-20,255.168106265739,263.63416054313814,254.90884523128253,261.50018310546875,90483000.0
2025-10-21,261.141213133835,264.5415968076956,261.0913359303388,262.0286865234375,46695900.0
2025-10-22,261.9090191460537,262.1084670888602,254.70938662410154,257.72088623046875,45015300.0
2025-10-23,259.2066564378435,259.8847307097371,257.2821086816683,258.84765625,32754900.0
2025-10-24,260.4531458541269,263.3848541030092,258.44880663072195,262.07855224609375,38253700.0
2025-10-27,264.13276036080543,268.36078929414754,263.90339825112477,268.0516662597656,44888200.0
2025-10-28,268.23113785786586,269.12862319727753,267.39351124836816,268.2411193847656,41534800.0
2025-10-29,268.5203194424725,270.6443152614699,266.35642794866993,268.93914794921875,51086700.0
2025-10-30,271.2226702585742,273.36662916750566,267.72259312931254,270.63433837890625,69886500.0
2025-10-31,276.2085891024436,276.53767519933945,268.40069127196034,269.6072692871094,86167100.0
2025-11-03,269.65711516237894,270.08589475979994,265.49886601188945,268.29095458984375,50194600.0
2025-11-04,267.5730004152706,270.72408938596277,266.86501191822913,269.2781982421875,49274800.0
2025-11-05,267.8522167164328,270.9335263776032,266.17696342424256,269.3779296875,43683100.0
2025-11-06,267.1342708755924,272.6287059365568,267.1342708755924,269.0089416503906,51204000.0
2025-11-07,269.03885049148494,271.5218466038475,266.0173996929098,267.7126159667969,48227400.0
2025-11-10,268.46122924118225,273.22240319845355,266.96401085683,268.93035888671875,41312400.0
2025-11-11,269.3096487524697,275.3983427074405,269.2996575494418,274.73956298828125,46208300.0
2025-11-12,274.49002155435767,275.2186787593472,271.19615348009904,272.9628601074219,48398000.0
2025-11-13,273.6016697208788,276.1868935731559,271.5854266195937,272.44384765625,49602800.0
2025-11-14,270.54732197227213,275.44821996704485,269.10002929321837,271.9048156738281,47431300.0
2025-11-17,268.3214829895084,269.98836893107386,265.237217022597,266.9639892578125,45018300.0
2025-11-18,269.48932037088264,270.2079864201871,264.8279974843966,266.9440612792969,45677300.0
2025-11-19,265.0375710636542,271.7051756343288,265.00762791735707,268.06195068359375,40424500.0
2025-11-20,270.327749378444,274.91922505965954,265.42688147061517,265.7562561035156,45823600.0
2025-11-21,265.4568071090486,272.8230952896135,265.17732758833057,270.98651123046875,59030800.0
2025-11-24,270.397615191446,276.4863089537433,270.397615191446,275.4083251953125,65585800.0
2025-11-25,274.75953066216096,279.8600705608694,274.73957871594786,276.4563903808594,46914200.0
2025-11-26,276.44637611579356,279.01161742605893,276.1170014953278,277.0352783203125,33431400.0
2025-11-28,276.7458380127342,278.4826014787427,275.4781737009374,278.3328857421875,20135600.0
2025-12-01,277.4944549964911,282.89442609469603,275.62792768573877,282.57501220703125,46587700.0
2025-12-02,282.47518456741903,286.86701880065203,282.10587559562896,285.6592712402344,53669500.0
2025-12-03,285.6692634925469,288.0847586222564,282.77461708045536,283.623046875,43538700.0
2025-12-04,283.5731318378766,284.20196835267484,278.07334059490756,280.179443359375,43989100.0
2025-12-05,280.01974631085085,280.6186397013617,277.53434330937836,278.26300048828125,47265800.0
2025-12-08,277.6142094762677,279.15136205700173,275.6378704438954,277.3746643066406,38211800.0
2025-12-09,277.64414811825674,279.5106752769474,276.40645748061854,276.66595458984375,32193300.0
2025-12-10,277.23491184461454,279.2312028389952,275.92734368017386,278.26300048828125,33038300.0
2025-12-11,278.5824273392719,279.07150890817053,273.3022288840155,277.514404296875,33248000.0
2025-12-12,277.38464634485007,278.70220580092337,276.30666253778065,277.7639465332031,39532900.0
2025-12-15,279.63046152672615,279.63046152672615,272.33402020742307,273.6016540527344,50409100.0
2025-12-16,272.3140798989353,274.9891026980292,271.2859911871425,274.1007385253906,37648600.0
2025-12-17,274.50001118897205,275.6478724530811,271.13626563598973,271.33587646484375,50138700.0
2025-12-18,273.1025913325419,273.12257373871984,266.4549687260805,271.68524169921875,51630700.0
2025-12-19,271.6453053723066,274.09077415448866,269.399477884542,273.1625061035156,144632000.0
2025-12-22,272.3539780142796,273.37210596231955,270.00836035897595,270.4674987792969,36571800.0
2025-12-23,270.3377490962612,271.99467443806464,269.06012395403746,271.85491943359375,29642000.0
2025-12-24,271.8349404799371,274.9192064044749,271.69521595033444,273.3022155761719,17910600.0
2025-12-26,273.65157518449314,274.859322715931,272.35396775197984,272.8929748535156,21521800.0
2025-12-29,272.1843267483383,273.8512128461511,271.8449608988494,273.2523498535156,23715200.0
2025-12-30,272.304089543875,273.5717234473003,271.77507361210075,272.5735778808594,22139600.0
2025-12-31,272.553621806917,273.17246717497864,271.24605357156486,271.3558349609375,27293600.0
2026-01-02,271.75509761912826,277.32473598417806,268.5011336129586,270.5074157714844,37838100.0
2026-01-05,270.1381104139889,271.0064921177503,265.6464557026853,266.7643737792969,45647200.0
2026-01-06,266.504853430471,267.0538212812338,261.6338984265986,261.8734436035156,52352100.0
2026-01-07,262.71190159101934,263.1909919246956,259.32817380451803,259.8471984863281,48309800.0
2026-01-08,256.5433578451618,258.80916773471864,255.22581364132833,258.55963134765625,50419300.0
2026-01-09,258.5995368285105,259.7274461787287,255.74485516422806,258.8890075683594,39997000.0
2026-01-12,258.6794199598783,260.8154357257053,256.32378048041085,259.76739501953125,45263800.0
2026-01-13,258.24022168851656,261.3244878277737,257.9108470550362,260.5658874511719,45730800.0
2026-01-14,259.0087756526009,261.33447181199796,256.23393227813756,259.4779052734375,40019400.0
2026-01-15,260.1666175851947,260.5559089501236,256.5732877053955,257.73114013671875,39388600.0
2026-01-16,257.4217372195352,258.41988279267105,254.45724364888233,255.05613708496094,72142800.0
2026-01-20,252.26132447540706,254.31750190322293,242.9685916985444,246.2425079345703,80267500.0
2026-01-21,248.23880604127606,251.09350304772093,244.72532928784554,247.1907501220703,54641700.0
2026-01-22,248.737864640942,250.53452965267718,247.68980878155546,247.8894500732422,39708300.0
2026-01-23,246.86136630134166,248.94748685874615,244.22624741136653,247.58001708984375,41689000.0
2026-01-26,251.01363570547153,256.08421686766076,249.336758511775,254.9363555908203,55969200.0
2026-01-27,258.68937090303496,261.46421404872183,257.73112933459527,257.791015625,49648300.0
2026-01-28,257.17220993748055,258.3799575946877,254.03803333601454,255.96446228027344,41288000.0
2026-01-29,257.52154586161765,259.16847988830324,253.93820707645818,257.801025390625,67253000.0
2026-01-30,254.69678984095313,261.41430490835,251.7123292610244,258.9988098144531,92443400.0
2026-02-02,259.5478036352127,269.98839826257677,258.7293169184304,269.5093078613281,73913400.0
2026-02-03,268.70080609664296,271.3758289780004,267.11372779647115,268.98028564453125,64394700.0
2026-02-04,271.7850411492978,278.432693698261,271.7850411492978,275.97723388671875,90545700.0
2026-02-05,277.6142303156022,278.98168486317746,272.72332314901723,275.3983459472656,52977400.0
2026-02-06,276.6060720438839,280.3890519626743,276.4164219647768,277.6042175292969,50453400.0
2026-02-09,277.6541982366954,277.9439398399519,271.4499228389202,274.3672180175781,44623400.0
2026-02-10,274.6369782150198,275.11651686144285,272.68876099546605,273.4280700683594,34376900.0
2026-02-11,274.44714753122867,279.92208361183503,274.1973776592452,275.24639892578125,51931300.0
2026-02-12,275.3363333447182,275.46621856633783,259.94051360693726,261.4891052246094,81077200.0
2026-02-13,261.7688319830923,261.9886306947134,255.21485759663088,255.5445556640625,56290700.0
2026-02-17,257.8124646511843,266.0449008431299,255.30478047881587,263.6371154785156,58469100.0
2026-02-18,263.35737977838915,266.57441720150126,262.20844437502524,264.106689453125,34203300.0
2026-02-19,262.35827847824623,264.2365527856389,259.81060750150084,260.3401184082031,30845300.0
2026-02-20,258.73163460792017,264.5063132392292,257.9223826043077,264.3364562988281,42070500.0
2026-02-23,263.24744081710827,269.1819753311392,263.13755670993424,265.9349670410156,37308200.0
2026-02-24,267.61343657617186,274.6369951599546,267.46358073991865,271.8895263671875,47014600.0
2026-02-25,271.5298429675081,274.6869380517792,270.8005039088116,273.97760009765625,33714300.0
2026-02-26,274.6969199809464,275.8558253670768,270.55071567552415,272.6987609863281,32345100.0
2026-02-27,272.5588900215503,272.5588900215503,262.6480379442022,263.93682861328125,72366500.0
2026-03-02,262.16844722421786,266.2846497598317,259.960490133898,264.476318359375,41827900.0
2026-03-03,263.23749216234586,265.31556422164516,259.8905695547566,263.5072326660156,38568900.0
2026-03-04,264.4063951364299,265.9050144519466,261.179387723623,262.2783508300781,39803100.0
2026-03-05,260.54995479568396,261.3192350446657,257.01320478174756,260.0504150390625,49658600.0
2026-03-06,258.39192833924307,258.53178361058343,254.13584003818684,257.2229919433594,41120000.0
2026-03-09,255.45463216869055,260.9095975388004,253.44647267699952,259.6407775878906,38218500.0
2026-03-10,257.4128391437035,262.2384104290217,256.71350175461305,260.58990478515625,30590800.0
2026-03-11,260.8496568052655,261.888707997661,259.3110658747261,260.5699157714844,26218900.0
2026-03-12,258.4219063383753,258.71164792954545,253.94601921584928,255.52456665039062,40794000.0
2026-03-13,255.24483747003174,256.0940459350445,249.29033192864068,249.8897705078125,36930000.0
2026-03-16,251.87794235419486,253.6563027081548,249.6499992581203,252.58729553222656,32074200.0
2026-03-17,252.72716690012706,254.89516767044782,251.94787083452104,253.99598693847656,32361600.0
2026-03-18,252.3974721128864,254.70534343896443,248.7708084606242,249.70994567871094,35757900.0
2026-03-19,249.17043241392184,251.5982036354298,247.0723745163624,248.73085021972656,34864100.0
2026-03-20,247.7517334570195,248.97061168291066,245.77356028907465,247.76173400878906,88331100.0
2026-03-23,253.73622734962268,254.3656523266213,250.0496214753341,251.25851440429688,40546100.0
2026-03-24,250.1195650925759,254.5954370944537,249.32029842391177,251.4083709716797,45152300.0
2026-03-25,253.86611511385965,254.76528059453105,251.3684162845015,252.38746643066406,28476700.0
2026-03-26,251.88793104116345,256.76344411909713,250.53918279672283,252.6572265625,41796700.0
2026-03-27,253.666280215245,255.2548282141602,247.8416601166152,248.57098388671875,47900000.0
2026-03-30,249.83982057534305,250.63907198816298,245.28400520065438,246.40298461914062,39446200.0
2026-03-31,247.6818040942864,255.24482803058763,246.87255213324852,253.55638122558594,49598100.0
2026-04-01,253.8461228128272,255.94418062939917,253.096813183035,255.3946990966797,40059400.0
2026-04-02,253.96601496217014,255.89424639361263,250.4192795609811,255.68443298339844,31289400.0
2026-04-06,256.27389167390277,261.9186847371787,256.2239194053331,258.6217041015625,29329900.0
2026-04-07,255.92421782448065,255.96418954301222,245.47383916108728,253.26666259765625,62148000.0
2026-04-08,258.2121146377317,259.51090582044134,256.29386854025813,258.66168212890625,41032800.0
2026-04-09,258.7615948993736,260.879638597066,255.8342992320816,260.2502136230469,28121600.0
2026-04-10,259.7406946341393,261.94865175168746,258.78155637925676,260.240234375,31291500.0
2026-04-13,259.49093671136296,259.9405042051452,256.4237552437805,258.96142578125,36234700.0
2026-04-14,259.01136264890187,261.68888841493145,256.9532612999924,258.59173583984375,48370700.0
2026-04-15,257.92237663273806,266.3146386359468,257.57269269729437,266.18475341796875,49913500.0
2026-04-16,266.55439590858066,266.91408037974617,261.0294875448873,263.15753173828125,43323100.0
2026-04-17,266.7142527536172,272.0493335842862,266.47448343207725,269.98126220703125,61436200.0
2026-04-20,270.08114756253855,274.0275237795767,270.04120633500696,272.79864501953125,36590200.0
2026-04-21,271.250098918132,272.5488901425708,265.1557075406741,265.9250183105469,50209800.0
2026-04-22,267.5734973129919,273.48803128351057,266.62435952726383,272.9185791015625,43249200.0
2026-04-23,274.79681820267325,275.5161566987003,271.39995382845746,273.1783142089844,33399600.0
2026-04-24,272.50893317942314,272.80864483253174,269.4017800912603,270.81048583984375,38157100.0
2026-04-27,265.84505761361925,268.1129570778125,264.8260075108844,267.3636474609375,41466800.0
2026-04-28,272.0893199684016,272.97851539952296,268.4127145556596,270.4608154296875,40018900.0
2026-04-29,267.3037117460274,270.7905199823619,266.7942019267937,269.92132568359375,30047900.0
2026-04-30,270.25102650288807,275.7459641951834,267.893213328058,271.1002502441406,91848200.0
2026-05-01,278.6032901046287,286.95561044034525,278.1137509144006,279.88214111328125,79915400.0
2026-05-04,279.4025768563376,280.3716851917065,274.60697695873915,276.5751647949219,46668400.0
2026-05-05,276.6750995896243,284.30808218316156,276.2455026895375,283.9184265136719,49311700.0
2026-05-06,281.66051049385584,287.76487170009636,280.8112868075762,287.245361328125,58336100.0
2026-05-07,289.00371711581823,291.8611003514943,285.5169394038565,287.1754150390625,45224300.0
2026-05-08,289.7430674686918,294.4886952888782,289.7330669166447,293.0500183105469,52692800.0
2026-05-11,291.9800109863281,293.8800048828125,290.2300109863281,292.67999267578125,42247300.0
2026-05-12,292.55999755859375,295.2699890136719,292.55999755859375,294.79998779296875,45748100.0
2026-05-13,293.5,300.9200134277344,293.5,298.8699951171875,52684300.0
2026-05-14,299.82000732421875,300.45001220703125,295.3800048828125,298.2099914550781,35324900.0
2026-05-15,297.8999938964844,303.20001220703125,296.5199890136719,300.2300109863281,54862800.0
2026-05-18,300.239990234375,300.6600036621094,294.9100036621094,297.8399963378906,34483000.0
2026-05-19,296.9700012207031,300.510009765625,296.3500061035156,298.9700012207031,42243600.0
2026-05-20,298.17999267578125,302.79998779296875,298.0799865722656,302.25,38229800.0
2026-05-21,301.05999755859375,305.5400085449219,300.3999938964844,304.989990234375,42965100.0
2026-05-22,306.1199951171875,311.3999938964844,305.8399963378906,308.82000732421875,43670200.0
2026-05-26,309.55999755859375,311.82000732421875,307.6700134277344,308.3299865722656,48000500.0
2026-05-27,308.3299865722656,313.260009765625,308.29998779296875,310.8500061035156,50430900.0
2026-05-28,310.67999267578125,312.79998779296875,309.57000732421875,312.510009765625,48220400.0
2026-05-29,311.7799987792969,315.0,309.5299987792969,312.05999755859375,70026800.0
2026-06-01,309.6300048828125,310.94000244140625,305.0199890136719,306.30999755859375,48849900.0
2026-06-02,307.4599914550781,315.45001220703125,306.69000244140625,315.20001220703125,44534700.0
2026-06-03,314.17999267578125,316.94000244140625,308.8500061035156,310.260009765625,50836700.0
2026-06-04,313.2300109863281,313.5400085449219,309.6499938964844,311.2300109863281,44869100.0
2026-06-05,312.8599853515625,315.1700134277344,307.1499938964844,307.3399963378906,65310500.0
2026-06-08,308.739990234375,317.3999938964844,301.1700134277344,301.5400085449219,77949100.0
2026-06-09,300.2799987792969,300.75,287.7799987792969,290.54998779296875,70108800.0
2026-06-10,290.739990234375,294.75,287.3800048828125,291.5799865722656,52793300.0
2026-06-11,293.7200012207031,297.0,289.5899963378906,295.6300048828125,42572500.0
2026-06-12,296.0299987792969,297.1400146484375,289.6199951171875,291.1300048828125,38742100.0
2026-06-15,294.1199951171875,297.7799987792969,291.70001220703125,296.4200134277344,45732600.0
2026-06-16,295.25,300.4800109863281,293.9700012207031,299.239990234375,39874400.0
2026-06-17,300.8500061035156,302.07000732421875,294.3599853515625,295.95001220703125,42745100.0
2026-06-18,298.1099853515625,300.57000732421875,295.6199951171875,298.010009765625,85962200.0
2026-06-22,297.30999755859375,302.4200134277344,296.760009765625,297.010009765625,44879900.0
2026-06-23,297.5400085449219,301.6400146484375,294.17999267578125,294.29998779296875,52010900.0
2026-06-24,295.3599853515625,299.70001220703125,292.94000244140625,293.0799865722656,53081900.0
2026-06-25,287.3999938964844,288.79998779296875,273.75,275.1499938964844,107013700.0
2026-06-26,275.0,285.95001220703125,274.2099914550781,283.7799987792969,261775500.0
2026-06-29,286.7300109863281,288.3699951171875,279.8500061035156,281.739990234375,66427000.0
2026-06-30,281.1700134277344,289.94000244140625,280.70001220703125,289.3599853515625,65100200.0
2026-07-01,293.44000244140625,296.5899963378906,289.20001220703125,294.3800048828125,50164200.0
2026-07-02,294.1199951171875,309.4200134277344,293.67999267578125,308.6300048828125,75352800.0
2026-07-06,307.3599853515625,314.20001220703125,307.0,312.6600036621094,53590000.0
2026-07-07,315.2900085449219,315.4800109863281,310.1499938964844,310.6600036621094,42490000.0
2026-07-08,311.9100036621094,314.82000732421875,307.04998779296875,313.3900146484375,41323500.0
2026-07-09,310.510009765625,316.5299987792969,308.1600036621094,316.2200012207031,48124500.0
2026-07-10,314.7200012207031,316.9100036621094,312.1700134277344,315.32000732421875,34132300.0
2026-07-13,317.0199890136719,323.45001220703125,315.7799987792969,317.30999755859375,43257800.0
2026-07-14,313.760009765625,316.19000244140625,311.9100036621094,314.8599853515625,36336800.0
2026-07-15,317.6199951171875,328.7300109863281,317.32000732421875,327.5,60957600.0
2026-07-16,328.010009765625,334.67999267578125,326.7900085449219,333.260009765625,62970600.0
2026-07-17,331.9800109863281,334.989990234375,329.0,333.739990234375,63407100.0
2026-07-20,333.510009765625,333.7099914550781,323.67999267578125,326.5899963378906,53468000.0
2026-07-21,323.1300048828125,329.6000061035156,322.2200012207031,327.739990234375,41338900.0
2026-07-22,327.8699951171875,329.0,323.3399963378906,325.8900146484375,38755900.0
2026-07-23,321.7300109863281,323.29998779296875,319.3500061035156,321.6600036621094,40840800.0
2026-07-24,321.7900085449219,334.3699951171875,321.6199951171875,333.0199890136719,47489400.0
2026-07-27,334.5400085449219,339.57000732421875,334.0199890136719,336.9100036621094,49604300.0
2026-07-28,340.0299987792969,342.8900146484375,335.6000061035156,340.0799865722656,51859000.0
2026-07-29,339.7300109863281,344.57000732421875,337.3500061035156,338.19000244140625,56090800.0
2026-07-30,333.1000061035156,334.75,329.5899963378906,333.42999267578125,74817800.0
2026-07-31,304.80999755859375,310.69000244140625,300.0,308.9100036621094,132489100.0
2026-08-03,309.5799865722656,311.79998779296875,302.55999755859375,303.4200134277344,75052000.0
2026-08-04,302.7300109863281,310.4200134277344,301.32000732421875,309.3800048828125,68001000.0
2026-08-05,309.3599853515625,311.7099914550781,305.6700134277344,311.0,49178700.0
