timestamp,open,high,low,close,volume
2014-01-02,54.35270369111522,54.73930811492305,53.71827174937736,54.23374557495117,43195500.0
2014-01-03,54.54104724835295,55.165564110161476,54.055311071059656,54.085052490234375,38246200.0
2014-01-06,53.94625871123195,56.76153596456475,53.57948071097605,56.70206069946289,68852600.0
2014-01-07,57.19771588296938,58.040315026485565,56.7218947897672,57.41579818725586,77207400.0
2014-01-08,57.098581939557754,57.90153213068997,56.73180390328292,57.72309875488281,56682400.0
2014-01-09,58.13944526814596,58.44674425573709,56.15685554076148,56.721893310546875,92253300.0
2014-01-10,56.632676747719294,57.792489925707905,56.56328640962544,57.43562316894531,42449500.0
2014-01-13,57.40589559062804,57.74293605534374,54.8979203505759,55.42330551147461,63010900.0
2014-01-14,55.96851321636847,57.27702227700162,55.61164642137939,57.23737335205078,37503600.0
2014-01-15,57.475272492453755,58.06013658021346,56.77145408659585,57.09857940673828,33663400.0
2014-01-16,56.76154045173074,57.51492664215304,56.335287152676415,56.6921501159668,34541800.0
2014-01-17,56.8011893276302,57.316663059657486,55.5818972193979,55.80989456176758,40849200.0
2014-01-21,56.10728693257426,58.070054061017345,56.0081589602847,58.00065994262695,48669200.0
2014-01-22,58.3377003302326,58.793698834542056,56.60293434510176,57.00936508178711,61352900.0
2014-01-23,55.87929276212107,56.186595544150926,55.20521192388716,56.13703155517578,47951800.0
2014-01-24,55.66120756222228,55.92885384507939,53.92644156779937,53.97600555419922,55200700.0
2014-01-27,54.253567663073625,54.46173867776235,51.398637384878896,53.083839416503906,73924100.0
2014-01-28,53.54975436221778,54.79878435190955,53.52992800917631,54.660003662109375,48191200.0
2014-01-29,54.13461473482561,54.47165514984876,52.72697401979131,53.06401443481445,92995600.0
2014-01-30,61.57923788536858,61.9559310046943,59.933688509143494,60.54829406738281,150178900.0
2014-01-31,59.94360417062818,62.81835712888152,59.64621267366234,62.02532196044922,87794600.0
2014-02-03,62.48131527248692,63.21487514984551,60.171600161210165,60.94480895996094,74866600.0
2014-02-04,61.50984347274293,62.59035498918632,61.281846115519606,62.20375061035156,45985500.0
2014-02-05,62.1938473014128,62.61018936847435,60.736642503717064,61.64863204956055,51685100.0
2014-02-06,60.924981690954574,62.233490614436626,60.924981690954574,61.61888885498047,42086500.0
2014-02-07,61.727932322051686,64.00790977832844,61.678368334598034,63.76008605957031,60704300.0
2014-02-10,63.74026681616319,63.928607709422025,62.917490211833254,62.99679183959961,43666100.0
2014-02-11,63.19504624048488,64.43416479421988,62.798526790693785,64.28546905517578,45675600.0
2014-02-12,64.35485629708033,64.49363696338685,63.49243466545827,63.888946533203125,47282100.0
2014-02-13,63.621322885730436,66.74390411376953,63.49245723919513,66.74390411376953,61911700.0
2014-02-14,66.91241604708868,66.9917214664081,66.13920711617708,66.5059814453125,36694900.0
2014-02-18,66.35727511918807,66.95205047572016,65.4948459362802,66.71414184570312,43809900.0
2014-02-19,66.46631936483088,68.4786465987433,66.4167515996395,67.46752166748047,62087100.0
2014-02-20,67.140410388742,69.49968965049626,65.157820485862,69.02386474609375,130928900.0
2014-02-21,69.08335046427459,69.3509967846032,67.8541392279297,67.992919921875,70932400.0
2014-02-24,68.1416138674887,70.8181148143522,67.94335789941603,70.16385650634766,76620300.0
2014-02-25,70.33235842592926,70.38192618787272,68.84541632336857,69.24193572998047,52077000.0
2014-02-26,69.57898609252256,70.60001855081087,68.25064709607514,68.6570816040039,55322700.0
2014-02-27,68.73637851189673,69.40055178262254,68.27047630398587,68.3398666381836,41653700.0
2014-02-28,68.8652463587077,69.27167326676691,66.79343643257117,67.8640365600586,66783700.0
2014-03-03,66.37711672296363,67.45763227783553,65.9310369683811,66.82320404052734,56824100.0
2014-03-04,68.06230727923186,68.30021592296902,67.03135973906492,68.20108795166016,42013500.0
2014-03-05,69.08332916024824,71.343479836632,69.01393883467429,70.94696044921875,74567700.0
2014-03-06,71.25428298976637,71.26419805755575,69.63847483721301,70.22333526611328,46026500.0
2014-03-07,70.46123899680373,70.56036696814381,68.86525370039622,69.1923828125,38927000.0
2014-03-10,70.15394318348488,71.52193511133592,69.89621193117779,71.4029769897461,59871600.0
2014-03-11,71.86887818621099,71.9580910944188,69.35098830495721,69.4897689819336,59408300.0
2014-03-12,69.25186016131285,70.72888739865778,68.39934596883681,70.26297760009766,46340500.0
2014-03-13,70.66940388833068,70.72887915339062,67.55673896721345,68.23081970214844,57091000.0
2014-03-14,67.8937869244282,68.8256065689874,66.87275436733718,67.1304931640625,48227000.0
2014-03-17,67.58648646899694,68.34978021298113,66.04006884779372,68.14160919189453,52197000.0
2014-03-18,68.16145034184605,68.99413456077652,67.70545552248207,68.58770751953125,40827000.0
2014-03-19,68.56786245298795,68.68682055678202,66.8826642456255,67.64595794677734,43981000.0
2014-03-20,67.41796383213243,67.63604990586433,66.23832055857139,66.38701629638672,44439000.0
2014-03-21,66.9421394977936,67.3287438812947,65.60389297313753,66.6546630859375,59999900.0
2014-03-24,66.60510490577697,66.77362321899278,62.80844372885297,63.54199981689453,85696000.0
2014-03-25,64.32511901855469,65.61380528477994,63.22478118463381,64.32511901855469,68786000.0
2014-03-26,64.17643526460508,64.38460630407043,59.84447723537188,59.86430358886719,97503900.0
2014-03-27,59.983252420504485,61.3611555007283,57.475277546736756,60.43925094604492,112650000.0
2014-03-28,60.806026198376856,61.41071666139926,58.823436500068496,59.48760223388672,67052000.0
2014-03-31,60.25090306375818,60.98446295667987,59.348824852247304,59.715606689453125,53011000.0
2014-04-01,59.9336857805438,62.114535208919534,59.71560348474905,62.07488250732422,59291000.0
2014-04-02,62.659747410618365,63.353654571325805,61.66845254717625,62.174015045166016,66277000.0
2014-04-03,62.005497537476245,62.62009933944463,58.61527066890311,58.972137451171875,83859000.0
2014-04-04,59.418218641094185,59.67595744876259,55.829731938670214,56.25598907470703,125214400.0
2014-04-07,55.413376376895975,57.495093776912626,54.95737793163,56.4542350769043,108488000.0
2014-04-08,57.1778900570445,58.198922592584246,56.67232754109516,57.683448791503906,78836000.0
2014-04-09,59.110912224413426,61.916274648423446,58.67474007571964,61.8667106628418,100215000.0
2014-04-10,62.530882123571686,62.630010097831274,58.16918318933326,58.64500427246094,114988000.0
2014-04-11,57.098580434115945,59.78499228505484,56.8111078086636,58.020484924316406,91452000.0
2014-04-14,59.566912148285056,59.92377892604653,57.277019511975624,58.377357482910156,72325000.0
2014-04-15,58.77387849018482,59.160482915627504,55.393562862109654,58.575618743896484,108623000.0
2014-04-16,59.269520800577396,59.66603647711265,57.237367086551046,59.200130462646484,78774000.0
2014-04-17,58.78378478651684,60.05264478617279,58.20883573071899,58.426918029785156,88040000.0
2014-04-21,58.942394050763234,60.70690155029297,58.63509505085156,60.70690155029297,60364000.0
2014-04-22,62.10463006953049,62.88775020533427,61.67837293892697,62.481319427490234,60631000.0
2014-04-23,62.89765384402673,62.927391477017586,60.72671587994714,60.82584762573242,95908700.0
2014-04-24,63.046345010699625,63.09591277372392,59.249688059083205,60.340110778808594,138769000.0
2014-04-25,59.44795884254519,59.487607766266514,57.0688494707208,57.2076301574707,92502000.0
2014-04-28,57.54466385883077,57.80240263107193,54.18417500572465,55.65129089355469,107758000.0
2014-04-29,55.60172633288745,57.772660616724394,55.35390262910056,57.643795013427734,75557000.0
2014-04-30,57.07875974506556,59.32899574526333,56.66241393828484,59.259605407714844,76093000.0
2014-05-01,59.90394988713204,61.737843902114015,59.68586380350548,60.61768341064453,82429000.0
2014-05-02,60.76636925445215,61.35123332588045,59.65612015972859,59.93368148803711,54189000.0
2014-05-05,59.1505626902803,60.81593836348935,58.66483032479672,60.68707275390625,46057000.0
2014-05-06,60.44915800300051,60.617680089703974,57.980836005229996,58.020484924316406,55901000.0
2014-05-07,58.258399341766925,58.78378440718166,55.77024712699379,56.890411376953125,78587000.0
2014-05-08,56.73180949444924,58.307968615089976,56.00816463524174,56.265899658203125,61251000.0
2014-05-09,56.35511012827504,57.14814902528205,55.88920412499658,56.74171829223633,52584000.0
2014-05-12,57.47527581496667,59.378563922010414,57.47527581496667,59.309173583984375,48575000.0
2014-05-13,59.14065149057127,60.3599437206586,58.991955748235576,59.309173583984375,48525000.0
2014-05-14,59.01178131495147,59.923774544941566,58.43683226730773,58.714393615722656,47429000.0
2014-05-15,58.74413349050401,58.86309159992199,57.019282500332324,57.41579818725586,56814000.0
2014-05-16,57.80239948699307,57.941180149963536,56.811104715501784,57.514923095703125,47933000.0
2014-05-19,57.38605597205778,59.041520271888075,57.06884193523214,58.69456481933594,43034000.0
2014-05-20,58.982047797973216,59.6660399321091,57.67353880480629,58.05023193359375,53931000.0
2014-05-21,58.05023278398514,59.97334359751105,57.74292999264493,59.96343231201172,58992000.0
2014-05-22,60.409513761776076,60.944813950043944,59.8742173549984,59.99317169189453,54200000.0
2014-05-23,59.88412125212125,60.915068795327116,59.62638625706464,60.81593704223633,38294000.0
2014-05-27,61.083585892394254,62.9571325015362,61.0340219075763,62.92739486694336,55682000.0
2014-05-28,62.83818373115711,63.581654913554125,62.07488619678405,62.95713806152344,47795000.0
2014-05-29,63.28427194272459,63.74027050939017,62.95714278282255,63.27436065673828,42700000.0
2014-05-30,63.39331326648638,63.6113955856476,62.01541388107661,62.74897003173828,45253500.0
2014-06-02,62.679571930644016,63.03643867609661,61.50984372343373,62.530879974365234,35996000.0
2014-06-03,62.07488440955237,62.86791955831181,61.777496701453806,62.32270812988281,32217000.0
2014-06-04,61.906368126820674,63.036443723582046,61.52967500073688,62.78861999511719,36514000.0
2014-06-05,63.105832906742215,63.79974009000534,62.27314504312444,62.639923095703125,47352000.0
2014-06-06,62.818354272603756,62.927397312334506,61.60897711379221,61.955928802490234,42442000.0
2014-06-09,61.85679765834421,62.788613418434295,61.25210721918879,62.332618713378906,37617000.0
2014-06-10,62.976965471495994,65.24703176077566,62.947227833777326,65.19746398925781,69338000.0
2014-06-11,64.75139499755095,65.22721996861904,64.3350528747297,65.20738983154297,44242000.0
2014-06-12,65.27677594405638,65.89138158279819,63.50235694010675,63.7303581237793,55730000.0
2014-06-13,64.13676299156924,64.40441679135832,63.27434145730682,63.938507080078125,29419000.0
2014-06-16,63.60148413444783,64.31521010640505,63.19504959700539,63.631221771240234,31046000.0
2014-06-17,63.541994524147064,64.31520325024296,63.37347622496802,63.839385986328125,27715000.0
2014-06-18,63.92860794504872,65.17764167501035,63.492443318491105,65.02894592285156,35570000.0
2014-06-19,64.89017182815786,65.00912995456282,63.65105303928459,63.7799186706543,34245000.0
2014-06-20,63.89885438518425,64.24580601178283,62.7985166815586,63.938507080078125,46466000.0
2014-06-23,63.7600939532367,65.08843318298155,63.660965966057084,64.80095672607422,34560000.0
2014-06-24,64.79103666565192,66.58527805317442,64.70181618997917,65.14790344238281,57335000.0
2014-06-25,65.00910426846724,66.89256559596629,64.9991892044392,66.85291290283203,44308000.0
2014-06-26,67.40805306321964,67.40805306321964,66.31763018802825,66.54562377929688,47714000.0
2014-06-27,66.72405161108449,67.11065598409077,66.25814183772329,67.01152801513672,46461000.0
2014-06-30,66.87274192266558,67.32873659325672,66.54561284496586,66.7042236328125,27102800.0
2014-07-01,66.99170439875137,67.84421853178507,66.80335596659907,67.46752166748047,33243000.0
2014-07-02,67.44769891532673,67.70543768025688,65.21728562141902,65.87153625488281,41895000.0
2014-07-03,66.27796646738257,66.41674712499352,65.18754377344854,65.71292877197266,25203200.0
2014-07-07,65.72285920216792,65.99050551499629,64.55313084099365,64.72164916992188,28745000.0
2014-07-08,64.49363852188237,64.98928593151992,61.6684497995443,62.213661193847656,68926000.0
2014-07-09,62.858005272339135,64.5531223124021,62.600270279355996,64.40442657470703,51432000.0
2014-07-10,62.75887656728699,64.77120006518645,62.50113779582958,64.3052978515625,44422000.0
2014-07-11,64.71172682372905,66.01032066160694,64.2259944631684,65.76249694824219,39212000.0
2014-07-14,66.54562808722605,67.5765757554316,66.31763448119791,67.30892944335938,38537000.0
2014-07-15,67.36839758741742,67.49726319618013,65.68319935537767,66.58527374267578,44213200.0
2014-07-16,66.95206391331793,67.348583418249,66.48615406224746,67.0710220336914,29541600.0
2014-07-17,66.44648418045513,67.25934555211525,65.46510452072636,65.8318862915039,38188000.0
2014-07-18,66.21850880120829,67.8640545628923,65.5840806083927,67.82440185546875,42456000.0
2014-07-21,68.2109924286863,69.35098295561383,67.90369346236757,68.79586029052734,49539000.0
2014-07-22,69.15272443486424,69.16263193709938,68.01273395058249,68.66698455810547,40398000.0
2014-07-23,69.13290066414633,70.70906340709112,69.00403505642561,70.6694107055664,78435000.0
2014-07-24,75.29875814268155,76.07196693864991,73.86138359253319,74.3272933959961,124168000.0
2014-07-25,74.33720552913118,75.01128639172241,74.01008394637294,74.53546905517578,45917000.0
2014-07-28,74.51563836971734,74.84276751303524,73.20712935942586,74.26781463623047,41725000.0
2014-07-29,74.06954632074839,74.26780224927919,72.78086009636152,73.0683364868164,41324000.0
2014-07-30,73.56400497099902,74.5354774505903,73.4846995516485,74.02991485595703,36853000.0
2014-07-31,73.35582476693591,73.52434308979878,71.8094070974082,72.017578125,43992000.0
2014-08-01,71.5913218523546,72.58261679339971,70.92715605696962,71.7301025390625,43535000.0
2014-08-04,71.73008856777206,73.23685325696793,71.73008856777206,72.87007904052734,30777000.0
2014-08-05,72.56278303773415,72.94938744040807,71.55166557604385,72.0572280883789,34986000.0
2014-08-06,71.39304702566064,73.0782526964768,71.16505346057794,71.8391342163086,30986000.0
2014-08-07,72.36452459705598,73.35581945454989,72.06713311461597,72.53304290771484,38141000.0
2014-08-08,72.7610401378428,72.7907777718909,71.92834856960036,72.42399597167969,27202000.0
2014-08-11,72.82051989625481,73.26660712342068,72.42400043754502,72.80069732666016,24591000.0
2014-08-12,72.45374565087995,72.69166188877567,71.59132386819431,72.19601440429688,27419000.0
2014-08-13,72.48347966658329,73.60364008595971,72.41408933198439,73.12781524658203,29266000.0
2014-08-14,73.32608437150058,73.7325113444721,73.04852301181667,73.65321350097656,22207000.0
2014-08-15,73.67303242181306,74.00016153508514,72.36452353170417,72.9890365600586,38846600.0
2014-08-18,73.35582110864037,74.0695546322066,73.31616840588894,73.94068145751953,23974000.0
2014-08-19,74.15876529331128,74.92206656292504,73.86138137615927,74.63459014892578,26679000.0
2014-08-20,74.31738615725345,74.52555719632653,73.97043442546497,74.15877532958984,22917000.0
2014-08-21,74.26781199246223,74.53546585036905,73.76225703949135,73.92086029052734,20102000.0
2014-08-22,73.69285913612448,74.07947110454322,72.92956539186774,73.92086029052734,20897000.0
2014-08-25,74.28764551173255,74.62468216240859,74.13894975756008,74.366943359375,19734000.0
2014-08-26,74.34712479996192,75.32850472968684,74.07947847839353,75.29876708984375,23993000.0
2014-08-27,74.6147825999342,74.83286874297372,73.8118359487267,73.98035430908203,36323000.0
2014-08-28,73.35582933873003,73.78208648740674,73.08818301885424,73.21704864501953,21947000.0
2014-08-29,73.65321588030379,74.16868591308594,73.36573944477871,74.16868591308594,26241000.0
2014-09-02,74.35702873624145,76.03231188811537,74.16868029479038,76.01248931884766,34979000.0
2014-09-03,76.46849297039377,76.80553719113485,74.94189781722858,75.1698989868164,32389000.0
2014-09-04,75.229365976384,76.26031353362767,74.87249922337737,75.2888412475586,26676000.0
2014-09-05,75.43754237543062,76.70639867096057,74.94189491230298,76.58744812011719,29476000.0
2014-09-08,76.58745433670215,77.48952886006597,76.33963058502253,77.21196746826172,28183000.0
2014-09-09,76.91456823504568,77.4895210964537,75.53666891879611,76.00257873535156,28882000.0
2014-09-10,75.85386909695002,77.2714208574836,75.84396159503574,76.75595092773438,29909000.0
2014-09-11,76.45856776355447,77.67786373612549,76.37926992476123,77.24169158935547,32219000.0
2014-09-12,77.34082696858556,77.61839590137814,76.4288374497788,76.80553436279297,26676800.0
2014-09-15,76.47839830657257,76.57752627783148,72.79078029709737,73.93077087402344,49679000.0
2014-09-16,72.87999692098629,75.56641272594565,72.43391724607056,75.41771697998047,37742000.0
2014-09-17,75.29876908391651,76.57754057189814,74.91216462975704,75.76467895507812,28693000.0
2014-09-18,76.10169553235869,76.6568257417681,75.85387184191949,76.32969665527344,23031000.0
2014-09-19,76.7262185434483,77.61838537035635,75.77457644907274,77.23178100585938,76671000.0
2014-09-22,76.32969513218819,76.85508013535913,75.28883262792142,76.13143920898438,31961000.0
2014-09-23,75.66554517095932,77.94551901281798,75.37806872857665,77.60848236083984,36814000.0
2014-09-24,77.4201130157472,77.93559048475045,76.83525278462307,77.85628509521484,30680000.0
2014-09-25,77.91578248128619,78.2528267010324,76.45857767743061,76.54779815673828,37533000.0
2014-09-26,76.91456004713233,78.15367854947415,76.6568288439902,78.10411834716797,28872000.0
2014-09-29,77.43994970707212,78.51054230461463,77.23177871413388,78.31228637695312,34031000.0
2014-09-30,78.65924294569251,79.01610968815977,77.91577182604895,78.35194396972656,35899000.0
2014-10-01,78.09421227263252,78.13386497683024,75.23928563721695,75.88362884521484,55090000.0
2014-10-02,75.90345690883223,76.80553897790747,74.9815522677136,76.40901947021484,36488000.0
2014-10-03,77.08309082431798,77.38047474604673,76.58744339179043,76.76587677001953,23340000.0
2014-10-06,76.51805999650863,77.21196343981565,76.1810157790593,76.88483428955078,25729000.0
2014-10-07,76.3792789187558,77.27143832332561,75.5763248664706,75.62589263916016,25317000.0
2014-10-08,75.51683017675714,77.03350985021413,74.44623009091279,76.84516143798828,32976000.0
2014-10-09,76.60726807587787,77.08309295194896,75.18971607720295,75.24919891357422,32487000.0
2014-10-10,74.93196947592025,75.8340513642081,72.12661097070315,72.27530670166016,52146000.0
2014-10-13,72.59253048449952,74.12903307620789,71.8887044342755,72.3546142578125,43938000.0
2014-10-14,73.35581345585152,73.53424681812815,71.42279166700376,72.94937896728516,50299000.0
2014-10-15,71.06594301425456,73.15757612945556,69.70786610251857,72.57270812988281,61528000.0
2014-10-16,70.17377025507999,72.7114829010325,69.96559922362108,71.99774932861328,53529000.0
2014-10-17,73.58382044905746,75.33840901552378,73.1079955907221,75.2888412475586,76342000.0
2014-10-20,74.94188956601907,76.41891678313529,74.72380348772415,76.28013610839844,34701000.0
2014-10-21,76.88483670811934,78.05456509433327,76.47840969653461,78.0050048828125,32252000.0
2014-10-22,78.13386195736834,79.15489447131701,77.33091552658922,77.68778228759766,41862000.0
2014-10-23,78.68898818124742,79.92810683367752,78.32221390043536,79.34324645996094,35056000.0
2014-10-24,79.5018407782966,80.11644628348985,78.62950406771388,79.9677505493164,32248000.0
2014-10-27,80.03714094586998,80.09662377737321,79.06567626607475,79.58114624023438,30169000.0
2014-10-28,79.48201138530851,80.45348354391373,78.87732099777458,80.0668716430664,74212000.0
2014-10-29,74.79320379154,76.21075592637104,74.1290379649428,75.19963836669922,106120000.0
2014-10-30,74.39668627694678,74.69407021318311,72.2654007005097,73.4648666381836,83270000.0
2014-10-31,74.27772108111829,75.04101476394419,73.80189624034551,74.33719635009766,44544000.0
2014-11-03,74.81302495672301,74.8625851623741,73.05842880371803,73.23686218261719,40727000.0
2014-11-04,73.5838295374402,75.11041714798777,73.00887663514123,75.10050964355469,39326000.0
2014-11-05,75.84397217080861,76.1314485889585,73.77216197206607,74.17859649658203,35913000.0
2014-11-06,74.23808414429294,74.94190270758615,73.66313121214439,74.60486602783203,21383000.0
2014-11-07,74.73372350535247,75.19963332840028,74.36694166183014,74.94189453125,20774000.0
2014-11-10,74.7039736519133,74.82293174567943,73.96050258257736,74.34710693359375,21575100.0
2014-11-11,74.297554540895,74.32729974272425,73.38556498895493,73.96051788330078,18715700.0
2014-11-12,73.63338500759374,74.48589923873872,72.89982888881086,74.0695571899414,26536600.0
2014-11-13,74.08938538121461,74.58503287585502,72.99896240560182,73.60365295410156,26448500.0
2014-11-14,73.62345900128636,74.27771717759322,73.39546544019437,74.2281494140625,19476900.0
2014-11-17,74.22817059736215,75.00138708901659,73.2368755476822,73.59374237060547,28701200.0
2014-11-18,73.80189887396716,74.14885812333945,73.25669124191556,73.69285583496094,20690500.0
2014-11-19,73.36573886555435,73.89112396106324,72.47357192837886,72.69165802001953,25441200.0
2014-11-20,72.16625831614033,73.34589388480163,71.87878194107775,72.95928955078125,19154900.0
2014-11-21,73.85146520582296,73.85146520582296,72.86017037084547,73.10799407958984,23060400.0
2014-11-24,72.89982810038478,73.70277455194987,72.7114796485935,73.36573791503906,22103800.0
2014-11-25,73.56399690540972,75.08067696003899,73.48469149475427,74.97163391113281,32250200.0
2014-11-26,74.87250277048743,77.10291630095571,74.85268020014998,76.9443130493164,32695300.0
2014-11-28,76.99386008537623,77.58863541249075,76.5576955457475,77.02359771728516,15992000.0
2014-12-01,76.58744383733847,76.63700404309176,74.14885936267403,74.44624328613281,31789900.0
2014-12-02,74.67424260794931,75.2491954340805,74.38676619488372,74.80310821533203,16773900.0
2014-12-03,74.72379679745416,75.07075601621142,73.75233216127467,74.2281494140625,16689900.0
2014-12-04,74.17859501921447,74.89232851723654,74.01007671078688,74.58502197265625,14362800.0
2014-12-05,75.14015923794307,76.09180146975538,74.70398704557819,75.69528198242188,24306400.0
2014-12-08,75.51683760726893,76.5775227328947,74.74362887907168,75.85387420654297,25733900.0
2014-12-09,74.54537376405204,76.26031727587747,74.12903171944006,76.17109680175781,25358600.0
2014-12-10,75.98274783923466,76.87491467073427,75.40779504082612,75.51683807373047,32210500.0
2014-12-11,75.8538714161481,77.83646092853333,75.81422628132174,77.0533447265625,33462100.0
2014-12-12,76.48831533534643,78.1933361484985,76.34952709644722,77.15248107910156,28091600.0
2014-12-15,77.77699066720842,77.89594876827725,75.89352899667152,76.31978607177734,29396500.0
2014-12-16,75.52676014617933,76.716310989884,73.94068227060002,74.0398178100586,31554600.0
2014-12-17,74.35703346922307,75.74484785866514,74.24799042386105,75.44745635986328,29203900.0
2014-12-18,76.22066425094462,77.71752166748047,75.84397491164218,77.71752166748047,34222100.0
2014-12-19,78.06447839075166,79.30359709536677,77.64813632111627,79.18463897705078,43335000.0
2014-12-22,79.38289762053104,81.17713897420118,79.30359221320266,80.740966796875,31395800.0
2014-12-23,81.30600124140754,81.4546969832813,79.7001084055139,79.90827941894531,19865800.0
2014-12-24,80.32461038930511,80.7211297920619,80.04704907626892,80.0668716430664,7685500.0
2014-12-26,80.31470613383392,80.57244491476125,79.80915120118135,80.07679748535156,10647400.0
2014-12-29,79.78931982061341,80.25522960704716,79.01611105290614,79.32341003417969,14134700.0
2014-12-30,79.15489328997785,79.88844937088965,78.41142214280276,78.53038024902344,14370800.0
2014-12-31,78.84759270892103,79.10533148569979,77.18221707039116,77.3408203125,19935400.0
2015-01-02,77.89596303425472,78.24291477218925,77.02361859261289,77.76708984375,18177500.0
2015-01-05,77.30116727142449,78.56010826544401,76.19091443824999,76.5180435180664,26452200.0
2015-01-06,76.55770660448336,76.91456580191738,74.70398246361094,75.48710632324219,27399300.0
2015-01-07,76.09179680266656,76.6865722156962,75.159977199033,75.48710632324219,22045300.0
2015-01-08,76.07196835159291,77.54900319489448,75.41771765169077,77.49943542480469,23961000.0
2015-01-09,77.51925768312091,77.93560728645224,76.52796278915272,77.06326293945312,21157000.0
2015-01-12,77.16238463275415,77.32099543310338,75.54657680983748,76.05213928222656,19190200.0
2015-01-13,76.55771657902727,77.40031582084804,75.18972463154863,75.78450012207031,25179600.0
2015-01-14,75.75476275184747,76.52797164857807,75.36815830348216,75.61598205566406,25918600.0
2015-01-15,75.73493717326042,75.90345550293978,72.89983295579397,73.4053955078125,34134000.0
2015-01-16,73.39547526196397,74.66433152316812,73.19721174428838,74.52555084228516,21791500.0
2015-01-20,75.06084684202307,75.64570717009784,74.16867996930102,75.5763168334961,22821600.0
2015-01-21,75.49702278772602,76.62709836230351,75.18971622763577,76.07196807861328,25096700.0
2015-01-22,76.49823511978008,77.07318804831053,76.0125026760813,76.97406005859375,19519500.0
2015-01-23,76.974047701065,77.5093478351747,76.36935722899551,77.15248107910156,16746500.0
2015-01-26,77.30117273767809,77.7869050777367,76.61717689750836,76.82534790039062,19260800.0
2015-01-27,76.04223542527485,76.2107537532515,74.97163505404616,75.12033081054688,20110000.0
2015-01-28,76.23057506115208,76.96413112851045,75.33840818843004,75.5763168334961,53306400.0
2015-01-29,76.18100102603636,77.34081408366313,73.56398345668313,77.32099151611328,61293500.0
2015-01-30,77.32100160849458,77.47961242151156,75.09058810055724,75.24919891357422,42649500.0
2015-02-02,75.44744926991461,75.47718690440429,73.10799289232196,74.33719635009766,41955300.0
2015-02-03,74.53545845505992,74.9220628221404,73.21703455553974,74.7436294555664,26957700.0
2015-02-04,74.43633373367891,75.68536748107134,74.3570358860037,74.97163391113281,20277400.0
2015-02-05,75.05094072782693,75.31859460305834,74.55529324641506,74.95181274414062,15062600.0
2015-02-06,75.02118972172626,75.04101228973938,73.60363787494883,73.82172393798828,21211000.0
2015-02-09,73.40540297394722,74.1786119186309,72.81061988143865,73.79200744628906,16194300.0
2015-02-10,74.19842484239007,74.68415724598397,73.85147312553727,74.53546905517578,15811300.0
2015-02-11,74.43633430237811,76.08188755263969,74.37685902542225,75.84397888183594,20877400.0
2015-02-12,76.190919253958,76.20083431963391,75.2293620838312,75.56640625,17235000.0
2015-02-13,75.79440675213716,75.81423688530275,74.84276456064548,75.08067321777344,18621900.0
2015-02-17,74.64451059267356,76.24049602086794,74.42642449992947,74.94189453125,25254400.0
2015-02-18,75.27893497525078,76.23057714450246,74.79319504278403,76.04222869873047,22426400.0
2015-02-19,76.31979822604366,79.1449874002833,76.28014551937252,78.72864532470703,45851200.0
2015-02-20,78.85750086265448,79.64061706444994,78.51054164768173,79.20445251464844,36931700.0
2015-02-23,79.26392406193082,79.4919251728202,77.69767660584812,78.15367126464844,24139100.0
2015-02-24,77.81665761901807,78.7881300482154,77.42013810581548,77.76708984375,18897100.0
2015-02-25,77.81664625384826,79.5018444851092,77.81664625384826,78.86741638183594,25593800.0
2015-02-26,79.1846217737459,80.66165639409888,79.0260185467624,79.71001434326172,31111900.0
2015-02-27,79.97766009857656,80.52287523194641,77.93559534991617,78.28254699707031,30739200.0
2015-03-02,78.31229967458121,79.1648139216467,77.83647477922692,79.05577087402344,21662500.0
2015-03-03,78.9169890414256,79.00620195383146,77.83647364785872,78.90707397460938,18635000.0
2015-03-04,78.60968475496131,80.44357871777616,78.16359753396557,80.19575500488281,28126700.0
2015-03-05,80.52288188956297,81.27626051053582,80.34444851870532,80.5030517578125,27825700.0
2015-03-06,80.19575893618928,80.62201604578073,79.13507369552867,79.31350708007812,24488600.0
2015-03-09,78.98639044654038,79.21439163736859,77.94552761146815,78.74848175048828,18925100.0
2015-03-10,77.81664312753415,78.5700293060209,76.87491607666016,76.87491607666016,23067100.0
2015-03-11,77.12274602711332,77.74725908967463,76.58744587506939,76.89474487304688,20215700.0
2015-03-12,77.42012810301617,78.36186277057135,77.23178721988889,78.24290466308594,16093300.0
2015-03-13,77.91577496032681,78.68898374578289,77.00378549865962,77.37056732177734,18557300.0
2015-03-16,77.28135306908472,77.43996389064749,76.6865776141848,77.39039611816406,19305400.0
2015-03-17,77.67787163097086,79.0855086220938,77.65804149702255,78.6691665649414,22170000.0
2015-03-18,78.56012754223559,80.53280244427359,78.48082212833945,80.20568084716797,36912400.0
2015-03-19,80.41383996422282,82.27747153659601,80.2948818610154,82.02964782714844,42099500.0
2015-03-20,82.6640839404855,83.86354990305719,82.34686986412753,83.07051849365234,44466300.0
2015-03-23,83.18946010338082,84.22040763147263,82.5748621506768,83.69502258300781,27357300.0
2015-03-24,83.97259211185474,85.32075381365149,83.78424365612457,84.56736755371094,32576500.0
2015-03-25,84.75570838267322,84.77553095165999,82.19816589355469,82.19816589355469,37436100.0
2015-03-26,81.99991523440353,83.04077034029963,81.42496237801527,82.28739166259766,32794800.0
2015-03-27,82.65416509176136,83.21920287576444,82.15851764744356,82.57486724853516,18372600.0
2015-03-30,83.08041369180808,83.60579871892675,81.69260704016594,82.47572326660156,24527700.0
2015-03-31,82.1783456407831,82.77312104588215,81.49434976528043,81.50426483154297,19734300.0
2015-04-01,81.78184503930535,81.99993116948718,80.16603676302024,80.95906829833984,22058200.0
2015-04-02,81.53400197488698,81.84130096035315,80.73105556100204,80.85000610351562,19664100.0
2015-04-06,80.09662810098605,82.08912533388758,80.09662810098605,81.72235107421875,19062900.0
2015-04-07,81.93053033751825,82.6938241325557,81.50427320021723,81.60340118408203,17467000.0
2015-04-08,81.91070295738717,82.37661281649746,81.12757900145424,81.56375122070312,18966700.0
2015-04-09,81.78182577348247,82.07921725603241,80.99870192821521,81.45469665527344,15927300.0
2015-04-10,81.49435450300267,81.89087398378047,81.19697056465436,81.32583618164062,12529700.0
2015-04-13,81.21679135683605,83.20929622095127,81.20687629021421,82.28739166259766,26883100.0
2015-04-14,82.44600935785554,82.96148703078217,81.72236819026018,82.79296112060547,19634200.0
2015-04-15,82.82268178118794,82.93172481187749,81.55381811161685,81.989990234375,22390900.0
2015-04-16,81.7520937896446,82.34686923288393,81.4348797157183,81.5934829711914,13769700.0
2015-04-17,80.77070842431286,81.39522146269641,79.670370525985,80.07679748535156,24215000.0
2015-04-20,80.83018899523404,82.42617442761068,80.53279749289824,82.36669158935547,28796800.0
2015-04-21,83.26877921753729,83.75451164533835,82.81278442937986,82.89208984375,27171900.0
2015-04-22,83.58598104742843,84.00232306731073,82.92181531623818,83.89328002929688,45548000.0
2015-04-23,83.36790262310775,84.84492996043406,81.69261932373047,81.69261932373047,73728100.0
2015-04-24,82.04946245651779,82.21798831049877,80.77069889493221,80.82025909423828,29660400.0
2015-04-27,81.15732300112026,82.20809326320851,80.91940675979495,81.19697570800781,25446000.0
2015-04-28,81.1176670898997,81.1870574334667,79.53159669195371,79.97767639160156,23775300.0
2015-04-29,79.31350599215692,80.68149021295179,78.82776605239182,79.76950073242188,26430300.0
2015-04-30,79.31350832096102,80.25523546566228,77.63821749331308,78.08429718017578,28999000.0
2015-05-01,78.55019949870798,79.06567704089836,77.43003907364621,78.30237579345703,24136400.0
2015-05-04,78.63942471689121,78.9962914790535,77.94551376247355,78.12394714355469,14692000.0
2015-05-05,77.86622174034538,78.11404547909507,76.54779763508175,76.88483428955078,22311300.0
2015-05-06,77.29124702477716,78.12393092160099,76.37925773883352,77.42011260986328,28663000.0
2015-05-07,77.32100392831617,78.25282357529822,76.88483174241308,77.74726104736328,19749400.0
2015-05-08,78.41142130676606,78.54029447787595,77.35073611729135,77.8265609741211,19943600.0
2015-05-11,77.79681949666734,78.3420271007367,77.25160432961881,77.3309097290039,18874100.0
2015-05-12,77.19215546382351,77.21197803896018,76.12155489488174,76.78572082519531,21285300.0
2015-05-13,77.04344567734594,77.84639217662722,76.97405533250658,77.7571792602539,21512300.0
2015-05-14,78.25280521320332,81.13746882704413,77.98515141175707,80.66165161132812,49438000.0
2015-05-15,80.70131993419554,80.81035541322058,79.48202390222357,79.71993255615234,27069900.0
2015-05-18,79.63071856883404,80.6715736425414,79.53159059462091,80.1759262084961,21613700.0
2015-05-19,80.54270611217378,80.97887826388852,79.8488027462453,79.9281005859375,17955400.0
2015-05-20,79.76949525858087,80.39400827159317,78.76828537421387,79.84880065917969,23056900.0
2015-05-21,79.49194250931174,80.21558356977908,79.38289946245007,79.7794189453125,13402700.0
2015-05-22,79.65053401803598,80.60217609877229,79.5514060526845,79.83888244628906,19567900.0
2015-05-26,79.72982687012258,79.89834514100185,78.39158064100155,78.639404296875,16321300.0
2015-05-27,78.90706604377216,79.95784369425823,78.73854773973413,79.84880065917969,14160900.0
2015-05-28,79.55140610262073,80.36426751977945,79.30358240759699,79.45227813720703,11982000.0
2015-05-29,79.25403490809056,79.37299303479114,78.19334952469845,78.50065612792969,16134600.0
2015-06-01,78.60969220409955,79.68028499738487,77.97526404401185,79.59107208251953,18119000.0
2015-06-02,79.06568054188932,80.64183574684672,78.86741703112197,79.73976135253906,18923300.0
2015-06-03,80.64183573883797,81.81156398182048,80.54270776495395,81.72235107421875,31775000.0
2015-06-04,81.42495203506684,82.22789838090439,80.8004390508575,81.33573913574219,20863900.0
2015-06-05,81.15730339289615,81.74216366147465,80.80043668011045,81.4249496459961,16143100.0
2015-06-08,81.10774109400715,81.28617446241944,79.43245044407956,79.9677505493164,16915500.0
2015-06-09,79.89836021509937,80.48322808605377,78.62950406771388,79.9677505493164,16497500.0
2015-06-10,80.12636965146135,81.88095832016649,80.10653951792796,81.44479370117188,21531200.0
2015-06-11,81.59348549597834,82.17835345339726,80.65175831195742,81.11766815185547,18656800.0
2015-06-12,80.66165586828868,81.37538172952993,80.49313001430771,80.82025909423828,11417900.0
2015-06-15,79.848804895457,80.22549422381722,79.3729800295991,80.00740814208984,18805100.0
2015-06-16,80.11645382849782,80.80044973232377,79.74967199139203,80.35436248779297,13693700.0
2015-06-17,81.04828817543178,81.50428300645753,80.6319384923376,81.0780258178711,18350300.0
2015-06-18,80.92930668167267,82.46581664334646,80.85991634835071,82.1882553100586,26782600.0
2015-06-19,82.10895446783913,82.25765020834652,81.40513602994896,81.79174041748047,23353200.0
2015-06-22,82.68391050785866,84.23032811802642,82.58477496835164,84.00232696533203,29383100.0
2015-06-23,84.22041103635198,87.20421070520058,84.02215508804122,87.114990234375,50667900.0
2015-06-24,86.89691309354711,88.47306832764119,86.68873451264813,88.08646392822266,41370200.0
2015-06-25,88.4829905595098,88.62177124936116,87.07534596347686,87.2141342163086,27302000.0
2015-06-26,87.35290901046051,87.57098753480791,86.07413768629777,87.24386596679688,38214600.0
2015-06-29,85.85603928748992,86.73829101390737,84.98370262625099,85.05309295654297,35957900.0
2015-06-30,85.8461223910179,85.94525035175198,84.82509002579746,85.02334594726562,23016500.0
2015-07-01,86.01465414049228,87.18438241134707,85.73709278181144,86.1534423828125,25260000.0
2015-07-02,86.63918679570492,86.67883950430752,85.58840892518806,86.53014373779297,16908800.0
2015-07-06,85.73708703098815,87.4222927660547,85.63795906139113,86.7878646850586,24635900.0
2015-07-07,87.03569965135878,87.08525986107982,84.48807193190477,86.46074676513672,33059900.0
2015-07-08,85.53883177256873,85.99482648672758,84.70614018277219,84.90440368652344,24399300.0
2015-07-09,85.97499949568997,86.83742111296607,84.90439931943796,85.13239288330078,23307400.0
2015-07-10,86.58960417651237,87.45203342407939,86.01465134480102,87.18437957763672,23245900.0
2015-07-13,87.88820672996607,89.43462430570236,87.6502905160223,89.31566619873047,29976700.0
2015-07-14,89.67253128320421,90.00957546517817,88.86958487432253,88.89932250976562,26627800.0
2015-07-15,89.21653871819885,90.19791852646472,88.64158587578866,88.97863006591797,30886600.0
2015-07-16,89.49409767611564,90.06905050312695,88.98853518595193,90.05913543701172,21804100.0
2015-07-17,91.74434069622855,94.55961441862667,91.73442563016955,94.14327239990234,54001600.0
2015-07-20,95.01562818320987,97.74168954641766,94.52989573067296,97.05770111083984,54860500.0
2015-07-21,98.08863104565715,98.3761074851051,96.29438962884025,97.53350830078125,39453300.0
2015-07-22,95.89786759567444,96.7305592538652,95.08500607097724,96.19525909423828,28299500.0
2015-07-23,96.11593362929743,96.60166591681055,93.98464850228098,94.60916900634766,29418800.0
2015-07-24,96.50255278044366,96.90898730189261,95.0453481311192,96.10603332519531,33444900.0
2015-07-27,95.73926704858671,95.7690046866876,93.0132059656291,93.3502426147461,38585400.0
2015-07-28,94.0144001444826,94.72813364808307,92.49772023082133,94.46048736572266,35236000.0
2015-07-29,95.48151756866339,96.43315969636683,93.91526992468135,96.14568328857422,64648300.0
2015-07-30,94.08380350386177,94.97596287215094,91.00087572985284,94.38118743896484,86211300.0
2015-07-31,94.12344718966223,95.49143898411887,93.13215229535096,93.19163513183594,46509000.0
2015-08-03,92.71582030812237,94.25233058610208,91.99217919207875,93.32051086425781,29343100.0
2015-08-04,92.97354938398222,93.90536900818567,92.51755463849412,93.24119567871094,20136000.0
2015-08-05,94.4208433526489,96.2448224181546,94.35145300913466,95.6004867553711,29813200.0
2015-08-06,96.33404207441555,97.88045975267885,93.59806593650498,94.29197692871094,42271300.0
2015-08-07,94.54970344613349,94.56953357911003,92.79511482669858,93.47911071777344,23199100.0
2015-08-10,94.84710151755802,95.06518761755238,92.81494383631625,93.3304214477539,21624200.0
2015-08-11,92.91406622791892,93.93509867608628,92.0912897173257,92.80502319335938,22491000.0
2015-08-12,91.89304403615844,93.61790279204124,90.39619402236065,93.37007904052734,27050500.0
2015-08-13,93.23126648819814,93.90534716450617,92.53735568327566,92.61666107177734,17451800.0
2015-08-14,92.7257162792606,93.89544444300074,92.3985871809228,93.59805297851562,15929700.0
2015-08-17,93.59805227585441,93.63770497502001,92.57701985202195,93.11231994628906,18313500.0
2015-08-18,93.26102208091017,95.01561065233241,93.22136937902192,94.3415298461914,22278800.0
2015-08-19,93.80622774076171,95.26343236182065,93.34032552008506,94.48030853271484,23251300.0
2015-08-20,92.72572973379681,93.94501827655093,89.67253949891658,89.77166748046875,44598200.0
2015-08-21,86.75812644043893,88.40367960694817,84.86475711156638,85.31083679199219,62778700.0
2015-08-24,76.35943967117464,81.3753890991211,71.37322787810069,81.3753890991211,83710700.0
2015-08-25,86.19307713235268,86.9068105760513,82.2774658203125,82.2774658203125,52021200.0
2015-08-26,85.20179622644653,86.69865368869964,82.53521800700533,86.4310073852539,45124300.0
2015-08-27,88.32436251111596,89.27600458293857,86.43099343280676,88.94888305664062,42431400.0
2015-08-28,89.09757494252491,90.68365269144317,89.00836203971235,90.21774291992188,33215900.0
2015-08-31,89.81131002237808,90.25739723335265,88.11619677182516,88.65149688720703,32850700.0
2015-09-01,86.0939604467878,88.61185039725655,85.7470087448094,86.47065734863281,36097400.0
2015-09-02,88.0368978592712,89.10749816894531,86.86716957195614,89.10749816894531,27190500.0
2015-09-03,88.9786300054553,89.03810527774017,86.96630262136675,87.38264465332031,27048200.0
2015-09-04,86.44092137110574,87.62056484666776,85.9452738688334,87.49169921875,27328700.0
2015-09-08,88.90924405764514,89.454451727468,88.0567298188879,88.7506332397461,27012500.0
2015-09-09,89.98974658462001,91.1793049597468,89.38505611226763,89.6527099609375,32551100.0
2015-09-10,89.28594412864919,91.25861914455538,88.84977189002394,91.1793212890625,26437400.0
2015-09-11,90.88192114943917,91.27844064129752,90.3367059027614,91.24870300292969,21185000.0
2015-09-14,91.50643157958984,91.81373814739645,90.8026130944509,91.50643157958984,20127900.0
2015-09-15,91.5658931013324,92.43822970455848,90.99094036687559,92.09127807617188,18859400.0
2015-09-16,92.09129747122923,92.78520087414323,91.82364361369106,92.63650512695312,16321200.0
2015-09-17,92.55720339468047,94.67857378073236,92.0912936024484,93.51875305175781,27841800.0
2015-09-18,92.3886885635702,94.36137100743154,92.24000036783531,93.5782470703125,62300000.0
2015-09-21,93.79632663697123,95.6500432690773,93.69719109608391,94.71823120117188,28790000.0
2015-09-22,92.9537108398435,93.85579274556113,91.11981695721724,92.15076446533203,36888900.0
2015-09-23,92.58694736459891,93.49893687907516,91.99217192311355,93.15198516845703,21701400.0
2015-09-24,92.24988841187015,93.94500155248333,91.43702700707941,93.58814239501953,29106000.0
2015-09-25,94.95613220979578,95.0156074791521,91.25859918423178,91.96241760253906,28961600.0
2015-09-28,91.27842952183327,91.48660052802913,87.412378182389,88.43341064453125,41199900.0
2015-09-29,88.3243742582,89.27601645659037,84.97380021201428,85.91552734375,42281800.0
2015-09-30,87.67011166985618,89.23635165485668,87.24385461725367,89.11740112304688,36169100.0
2015-10-01,89.26611239371978,90.15827178955078,87.5908215245621,90.15827178955078,29283700.0
2015-10-02,88.12610631430816,91.39737450819295,87.6007212977829,91.26850891113281,37881700.0
2015-10-05,92.13094989744208,93.44936635901138,91.8533885371117,93.19163513183594,27292500.0
2015-10-06,93.26102080293451,93.35023370872588,91.53616232784009,91.9921646118164,22172800.0
2015-10-07,92.29946049841011,92.84467566989494,90.57460964413508,91.59564208984375,24129300.0
2015-10-08,91.09008621511055,92.40851022492367,89.68244929603686,91.6650390625,27290500.0
2015-10-09,92.09128524826293,92.92396922124041,91.4370270726559,92.4283218383789,20012900.0
2015-10-12,92.50762600802925,93.77648208125207,91.86328290625801,93.43944549560547,18449600.0
2015-10-13,92.84468730502083,94.53980073745777,92.73564425705878,93.3006820678711,19480300.0
2015-10-14,93.26102132834397,94.37126672033743,92.79511153864121,93.25110626220703,19253400.0
2015-10-15,94.16309187219812,95.46169321595755,94.07387896953956,95.12464904785156,27557500.0
2015-10-16,95.34274860219438,96.74047054907182,94.51997197850424,96.69091033935547,25412900.0
2015-10-19,96.33402939292675,97.71192856598748,96.07629062615176,97.61280059814453,23729900.0
2015-10-20,97.87055270389423,98.72305939391678,95.71943693732862,96.15560913085938,30881800.0
2015-10-21,96.5223872293846,97.32533367901061,95.63022030592244,96.2646484375,21917800.0
2015-10-22,96.93871388065149,98.86182810331825,96.70080525983023,98.8023452758789,26392100.0
2015-10-23,101.02286893032043,101.95468101232065,99.2881028202708,101.30043029785156,42809700.0
2015-10-26,101.31032849285491,102.90631377249261,100.66599290442497,102.86666107177734,25961200.0
2015-10-27,102.04390067007198,103.19379883533972,101.50860050998907,102.79727935791016,23795500.0
2015-10-28,102.99553904885204,103.57049189159979,102.0240667434169,103.29292297363281,24081500.0
2015-10-29,103.05502096912072,104.2049267287947,102.61884877572986,103.96701049804688,20316700.0
2015-10-30,103.60022623642685,103.80839724605376,100.76512237830508,101.08233642578125,33487100.0
2015-11-02,100.83450474333343,102.56927058272784,100.29920466247712,102.41065979003906,24003900.0
2015-11-03,102.3214704270547,102.74772757672855,101.50860883499999,101.68704223632812,21242300.0
2015-11-04,102.29172322146164,103.23345035191697,101.58790474953548,103.03519439697266,43469300.0
2015-11-05,107.85286985992084,109.6867636014083,107.01026328739164,107.81321716308594,63232900.0
2015-11-06,107.09949842893036,107.79340181122612,104.98804308310504,106.16767883300781,35084300.0
2015-11-09,106.06855844704528,107.30767712049206,104.93848282190021,105.56299591064453,26383500.0
2015-11-10,105.03761239223492,107.20855076111026,104.32387881545506,106.97064208984375,25031700.0
2015-11-11,107.32748680310304,108.91356456503446,106.17758874497996,108.06105041503906,25057100.0
2015-11-12,107.5356760850156,108.43775052808776,107.05985119643135,107.07967376708984,20924700.0
2015-11-13,106.77237603606648,107.30767620599117,102.9261544291389,103.04510498046875,30278400.0
2015-11-16,102.42058957638947,103.26318873546472,99.59540060161719,103.13432312011719,49309200.0
2015-11-17,103.70926595304664,105.27550600812633,103.23344111558067,104.2148208618164,26807200.0
2015-11-18,104.87899605268808,106.9408835514891,104.47256154210568,106.83184051513672,23836500.0
2015-11-19,106.42542967949295,106.79221154484057,105.02770012717792,105.33500671386719,25520600.0
2015-11-20,105.90994780595753,106.93098794751003,105.69186927196496,106.38577270507812,22129600.0
2015-11-23,106.25690579114053,106.53446716100471,105.15656781562171,106.01898956298828,19897200.0
2015-11-24,105.07725018259968,105.56298252335677,103.48126492856149,104.81951141357422,23577300.0
2015-11-25,105.40439063411885,105.67203693474518,104.18509455509215,104.49240112304688,15150800.0
2015-11-27,104.85917258688451,105.03760597016995,103.94718310030555,104.53204345703125,5913100.0
2015-11-30,104.91863543623784,105.17637419556962,102.84683298512876,103.33256530761719,20383200.0
2015-12-01,103.91744150305064,106.21724526497876,103.59031238566503,106.18750762939453,22781900.0
2015-12-02,106.06855680295354,106.98054631735904,104.86909085320671,105.14665222167969,24429100.0
2015-12-03,105.34490601456966,105.91985887342742,102.4503267129119,103.47135925292969,23236500.0
2015-12-04,103.89761480885585,106.79220163017443,103.20371141232935,105.25569152832031,21224700.0
2015-12-07,105.55308019221698,105.90003188118547,103.7489238466013,104.6906509399414,15474900.0
2015-12-08,103.09467363077297,105.97934553278759,103.04510585864303,105.56299591064453,20401800.0
2015-12-09,105.25570100443082,105.51343981619321,102.64859793650267,103.689453125,23517300.0
2015-12-10,104.13553741572709,105.47378408425642,103.50110925341717,104.50231170654297,17454300.0
2015-12-11,103.24335288990991,103.43169375535774,101.02285469947697,101.23102569580078,26427700.0
2015-12-14,101.39955270142016,103.82822209674805,100.5767761479249,103.7489242553711,24648100.0
2015-12-15,104.38335612465255,104.87900357526728,103.37223109012977,103.63988494873047,21764300.0
2015-12-16,104.45273762518396,106.15775835809632,103.28300943821036,105.8603744506836,22680500.0
2015-12-17,106.5542749185925,106.81201368176964,105.20611339840607,105.29533386230469,21675700.0
2015-12-18,105.15656563968575,105.66212059734293,103.06493277908699,103.13432312011719,35994200.0
2015-12-21,103.99675944583274,104.23466812217156,102.69815788590147,103.85797119140625,16138800.0
2015-12-22,104.3040534098566,104.74022559781011,103.89761885963081,104.5915298461914,14597100.0
2015-12-23,104.96821087247928,105.18629694916336,102.95588354067894,103.71917724609375,19599700.0
2015-12-24,103.82822781701012,104.40318068580198,103.5903191538128,104.10578918457031,6501800.0
2015-12-28,104.10579150747745,105.05744130746089,103.62005910340896,105.00787353515625,13069700.0
2015-12-29,105.49359472023227,106.80210360232743,105.32507641308639,106.32628631591797,17179900.0
2015-12-30,106.0685425888571,106.31636628649461,105.13672306558674,105.29533386230469,13115000.0
2015-12-31,105.07725574493534,105.24577405695834,103.7092715531928,103.7489242553711,18391100.0
2016-01-04,101.06250059097118,101.34997698699053,98.8816550830038,101.33015441894531,37912400.0
2016-01-05,101.99433476242874,102.80719630266707,100.78495373751754,101.83573150634766,23258200.0
2016-01-06,100.2496448410929,102.86666262395468,100.02165126226403,102.0736312866211,25096200.0
2016-01-07,99.62514696635726,100.54705161393831,96.45300600854112,97.0676040649414,45172900.0
2016-01-08,99.0105243146062,99.62512982825906,96.185335578341,96.48272705078125,35402300.0
2016-01-11,97.05768278426953,97.74167109069569,94.55961551694932,96.66116333007812,29932400.0
2016-01-12,98.1382001401192,99.08984238543545,96.70082548649138,98.5049819946289,28395400.0
2016-01-13,99.7044231818316,99.7044231818316,94.38116789662936,94.60916900634766,33410600.0
2016-01-14,95.0156121859711,98.00932694152843,91.64520810086469,97.51367950439453,48658600.0
2016-01-15,93.16189262348661,95.54099419504242,92.7257204726443,94.14327239990234,46132800.0
2016-01-19,95.68968136595164,96.57193309171895,93.10240145371938,94.43074035644531,30998300.0
2016-01-20,92.02190636107802,94.17301445509504,88.59202695269214,93.52867126464844,59051400.0
2016-01-21,94.08380321116466,95.15439596237702,91.81373696760096,93.34033203125,30518900.0
2016-01-22,95.5707227096045,97.21626792810328,94.65872586586906,97.08740234375,30495400.0
2016-01-25,97.86064083817831,98.61402713447325,96.08622193088097,96.16552734375,32482000.0
2016-01-26,96.90899488389593,97.02794543569125,94.82727703469624,96.49264526367188,26877100.0
2016-01-27,96.9387209770258,96.9981962458403,93.40971385175214,93.62779235839844,58699400.0
2016-01-28,106.26680988493783,109.37947525506556,103.89761568722238,108.16018676757812,107475300.0
2016-01-29,108.04121445701999,111.8576977945244,107.89251872948525,111.23318481445312,62739500.0
2016-02-01,111.29266836051919,114.7126400963508,111.03493714746106,114.08811950683594,46132700.0
2016-02-02,113.80065313134833,116.56635913965604,112.21457530248163,113.6123046875,59778600.0
2016-02-03,114.26654195808328,114.33593228773213,108.79459829197434,111.7090072631836,56919300.0
2016-02-04,110.8267614232052,110.96554208986385,108.29895666353292,109.52816009521484,38890200.0
2016-02-05,108.55670930994611,108.62609965214851,102.28181062214956,103.1640625,76894700.0
2016-02-08,99.53591868719016,101.78615465018032,96.61159436633275,98.88166046142578,71229700.0
2016-02-09,96.2943757816409,101.50858852099559,95.97716174975882,98.6734848022461,62709000.0
2016-02-10,100.66599614347797,102.35119438171387,99.36739473295165,100.12078094482422,45179400.0
2016-02-11,98.73297642616933,104.19501376913111,98.0192428454508,101.02287292480469,43670600.0
2016-02-12,102.83693770468534,103.33258518792381,100.2100045309253,101.12200164794922,36176800.0
2016-02-16,102.89640186990262,103.0252674694827,99.36738728693072,100.7254638671875,45687200.0
2016-02-17,101.1318924303892,104.79968773768238,99.52599969053391,104.28421020507812,44073400.0
2016-02-18,104.87899361803846,105.07724955426994,102.13310276705948,102.56927490234375,29593500.0
2016-02-19,101.65728628804233,104.10577812781887,101.17154638342086,103.65969848632812,32404500.0
2016-02-22,104.57168947912481,107.3076653270373,104.4229937420573,106.22715759277344,35709700.0
2016-02-23,105.91986100782579,106.53446658274626,104.20492502633908,104.54196166992188,25319300.0
2016-02-24,103.30282967355213,106.01897529406442,101.84562511490785,105.9495849609375,34412400.0
2016-02-25,106.17760728719358,107.1292495727539,104.6906647979467,107.1292495727539,29906300.0
2016-02-26,107.75375386491065,108.49722504860502,106.22716635648061,106.98054504394531,26686200.0
2016-02-29,106.66333102583035,107.96193250346471,105.82073186316924,105.98925018310547,32779000.0
2016-03-01,106.8913238102316,108.86399841308594,106.6633226706049,108.86399841308594,26817300.0
2016-03-02,108.72522784305909,109.58765715180294,107.82314582969688,108.99287414550781,25670200.0
2016-03-03,109.29025673490047,109.33982450237566,107.59514345636568,108.62609100341797,21353100.0
2016-03-04,109.09200237775968,109.09200237775968,106.99045455170271,107.44644927978516,24938900.0
2016-03-07,107.12921919594109,107.12921919594109,103.80838342418552,104.8095932006836,31436400.0
2016-03-08,103.86788283897168,106.43534067215121,103.49119348358923,105.00787353515625,25617000.0
2016-03-09,105.77115796340341,106.57411193847656,104.57169209686349,106.57411193847656,20493300.0
2016-03-10,106.97064065268509,107.71411185801215,104.84926252221015,106.38577270507812,24854300.0
2016-03-11,107.5356759905058,108.46748807023677,106.98054569381539,108.45758056640625,20697600.0
2016-03-14,108.32870489486909,109.36956755961258,107.82314238088112,108.93339538574219,17249400.0
2016-03-15,108.16017886897775,109.86520717660716,107.89252503118654,109.70659637451172,17618500.0
2016-03-16,109.52815488575632,111.52065945227095,109.14155053802675,111.20344543457031,24744800.0
2016-03-17,111.17371873899548,111.70901886458472,109.7660818696568,110.05355072021484,24241200.0
2016-03-18,110.58886330208813,111.44137757260816,109.31009189630808,110.47982025146484,36256900.0
2016-03-21,110.6879866358815,111.39180507217146,110.06346603976627,110.87632751464844,18448000.0
2016-03-22,110.39059820038916,111.89736308698244,110.2022497534476,111.2728500366211,19001100.0
2016-03-23,111.03494055132248,112.2046688009156,111.02502548498416,111.5603256225586,18562000.0
2016-03-24,111.15389042801412,112.10553259032778,110.70781076420383,112.06588745117188,17839100.0
2016-03-28,112.33354315892406,113.59248441465816,111.9667613056411,112.70032501220703,21351800.0
2016-03-29,112.8391088304139,115.30743120077106,112.65076036499171,115.12899780273438,29825300.0
2016-03-30,115.71385007718305,115.97158129040774,113.36447858216188,113.7015151977539,33235200.0
2016-03-31,113.70152593625075,114.00883250870277,112.77962134485497,113.10675048828125,21207500.0
2016-04-01,112.7597863618292,115.1587180235988,112.36326691916976,115.04967498779297,24760500.0
2016-04-04,113.07700875324309,113.55283363216635,110.6384242108386,111.57024383544922,48487900.0
2016-04-05,111.13406761684755,112.33353349266605,110.92589660332331,111.24311065673828,22962400.0
2016-04-06,111.4909350309327,112.81926652402377,111.44136726233333,112.72013854980469,20814600.0
2016-04-07,112.79945259013991,113.88987551599047,112.08571902035256,112.6507568359375,20714500.0
2016-04-08,113.25543648682338,113.33474188985046,108.94330540670434,109.66694641113281,48497800.0
2016-04-11,109.73632712466562,109.94450568010028,107.82312793154824,108.04121398925781,39762300.0
2016-04-12,108.38817653466846,110.19234044320017,108.04122484571221,109.64712524414062,26248100.0
2016-04-13,111.25303262945975,111.66937468235429,105.59273195895234,109.54800415039062,88227400.0
2016-04-14,109.65704354723107,111.06468047710662,109.3001767814908,109.8751220703125,28473300.0
2016-04-15,109.82556809431372,110.00400148730694,108.2494051957102,108.68557739257812,20922800.0
2016-04-18,108.78469929569289,109.84538452727485,108.24939914662632,109.48851776123047,21167200.0
2016-04-19,110.13285670425651,111.47110324380057,108.20974983141478,111.3125,30210500.0
2016-04-20,111.45128316941795,112.28396723471552,110.58885390494856,111.44136810302734,21027900.0
2016-04-21,111.57024750612152,113.04727483563578,111.33233127734249,112.45249938964844,20875200.0
2016-04-22,110.24188488959562,110.77718494588484,108.06103953106492,109.59754180908203,38458200.0
2016-04-25,108.91357744469369,109.70660885646066,108.12053846994654,109.14157104492188,21017900.0
2016-04-26,109.52815281406868,109.53806787902205,107.20852677156617,107.81321716308594,22521500.0
2016-04-27,107.00037339972747,107.99166829485043,105.38455788036991,107.94210052490234,52213100.0
2016-04-28,118.53904075718287,119.73850662600852,115.21820450045342,115.71385192871094,87110100.0
2016-04-29,115.80307126909062,116.81418875119832,114.83159892802404,116.55645751953125,37140600.0
2016-05-02,116.80427807049222,117.69644497925077,115.55524439823024,117.53783416748047,28095200.0
2016-05-03,116.49696589580667,117.13140154931487,116.00131847739483,116.40775299072266,24117500.0
2016-05-04,115.5948977729988,117.27018855790539,115.55524506982577,117.03227233886719,23448400.0
2016-05-05,117.01244786509925,117.94426746705629,116.22932400687702,116.7844467163086,22056700.0
2016-05-06,116.14011766187421,118.59852485370058,116.09054989016815,118.4498291015625,26395600.0
2016-05-09,118.49938732993513,119.2329434016313,117.86495923068772,118.20199584960938,21138100.0
2016-05-10,118.57869776317375,119.45103454589844,117.96409220715282,119.45103454589844,23220000.0
2016-05-11,119.3618125678949,120.02597828029617,118.38042525353325,118.47955322265625,22038400.0
2016-05-12,118.93556437365115,119.78807102214002,117.86496407604211,119.23294830322266,22035500.0
2016-05-13,119.3320818793607,119.58982068080084,118.63817844815284,118.76704406738281,18124300.0
2016-05-16,118.3407813556222,118.56878250824542,116.32845393712685,117.636962890625,31247800.0
2016-05-17,117.7856654777247,117.97401393809254,116.17976493848899,116.32846069335938,21328600.0
2016-05-18,115.7832325592032,117.24042952321012,115.71384222758383,116.6258316040039,21642300.0
2016-05-19,116.03107571573426,116.46724034637069,114.87125488843374,115.79315948486328,20544100.0
2016-05-20,115.94185626848451,116.96288885535812,115.93194120136509,116.32846069335938,18944800.0
2016-05-23,116.39784670354415,116.57628009014918,114.93073446966274,114.9604721069336,20441000.0
2016-05-24,115.22811021972579,116.70514497841121,115.10915967909249,116.67539978027344,20183600.0
2016-05-25,117.10166292902795,117.63696307853861,116.35819175964866,116.86375427246094,20019800.0
2016-05-26,117.21068917562206,118.71746143157479,116.89347515799709,118.42998504638672,18481300.0
2016-05-27,118.51920790873562,118.80668431809457,117.97400028793435,118.34077453613281,13493600.0
2016-05-31,118.42008475793936,119.05451287235451,117.09175325681379,117.77574157714844,23547600.0
2016-06-01,117.46844845810179,118.0434013289613,116.79436760746859,117.74600982666016,15029500.0
2016-06-02,117.65679044570558,118.40026159760687,117.19088064710402,117.89469909667969,13228300.0
2016-06-03,117.94426794991213,117.94426794991213,116.83401496352397,117.43870544433594,14135100.0
2016-06-06,117.58740209465904,118.3903485321291,117.3296633066764,117.75592041015625,12744700.0
2016-06-07,118.20200606906337,118.26148890805896,116.64567332182482,116.73489379882812,17103000.0
2016-06-08,116.73489243775708,117.56757654418513,116.24915247936065,117.35940551757812,14505600.0
2016-06-09,117.10165886309343,117.64687406023288,116.68531683781218,117.52791595458984,13859200.0
2016-06-10,116.51679441481339,117.08183216146162,115.24793825132119,115.60480499267578,18510800.0
2016-06-13,113.99891628448276,114.47474117581618,112.32362544240935,112.95805358886719,31718200.0
2016-06-14,113.07700858326265,113.94934536983412,112.59127620143148,113.93943786621094,17618500.0
2016-06-15,114.296297396263,114.43507806799785,113.0770014226161,113.60238647460938,19819400.0
2016-06-16,112.87873325584418,113.50324621101416,111.95682885746265,113.39420318603516,19236300.0
2016-06-17,113.42397019009577,113.43388525756473,111.58016091585883,112.0361557006836,24644300.0
2016-06-20,112.77960665929221,113.72134126201469,111.76848928570443,112.38309478759766,20785400.0
2016-06-21,113.12656902079861,114.20707675811984,112.97787328331036,113.3843002319336,19166300.0
2016-06-22,113.6519520414895,113.74116494460092,112.62100452643045,112.91839599609375,14846300.0
2016-06-23,113.3744056781417,114.08813168624151,112.55162905798107,114.0782241821289,16176900.0
2016-06-24,110.04364675108916,112.69040226568598,110.03373168465441,111.10433197021484,40643100.0
2016-06-27,110.59877334706329,110.59877334706329,107.28785196170163,108.02140808105469,36130400.0
2016-06-28,109.6669454591824,111.76849324328076,109.58764761982314,111.71892547607422,26813800.0
2016-06-29,112.38309779404109,113.25543452327646,112.05596868446055,113.16622161865234,20968300.0
2016-06-30,113.67178354133407,114.17734605429229,112.68048864854214,113.2851791381836,23192700.0
2016-07-01,113.2058532415353,114.1277576274875,112.8192489083597,113.1959457397461,14980000.0
2016-07-05,112.94813274811978,113.20586395263672,111.98657557509657,113.20586395263672,14207000.0
2016-07-06,112.37318378072587,115.77332538787284,111.98657939777446,115.6841049194336,24337600.0
2016-07-07,115.6147157315916,115.95175991362886,114.35577459872714,114.84150695800781,16630200.0
2016-07-08,115.41645971936506,116.47714490663395,114.84150689109383,116.21940612792969,18142600.0
2016-07-11,116.68532229053281,117.66670212826423,116.47715126816432,116.84393310546875,17711600.0
2016-07-12,117.59730761913882,117.68652809012278,116.54653747786332,116.90340423583984,15217700.0
2016-07-13,117.3594210080604,117.36933607624945,115.66430737082212,115.76343536376953,16207700.0
2016-07-14,116.47715295898412,116.6159336425777,115.68411399875222,116.26898193359375,14579700.0
2016-07-15,116.71506448842882,117.25036466528553,115.56516628712865,115.84272766113281,16646000.0
2016-07-18,116.29870657106214,118.56877258892054,115.87244950110656,118.33086395263672,20868400.0
2016-07-19,117.95418850804664,119.79799779082076,117.627066909862,119.56008911132812,21541300.0
2016-07-20,120.19448456155197,121.13621151849233,119.5104887859558,120.85865020751953,20046500.0
2016-07-21,120.85868312549356,121.03711652585817,119.2032223105989,119.56008911132812,17801700.0
2016-07-22,118.85624776725669,119.95658559783858,118.27137990381323,119.94667053222656,18422400.0
2016-07-25,120.33328884835058,120.78928360063776,116.75471360844328,120.57119750976562,18487400.0
2016-07-26,120.93798086521186,121.00737120745137,119.69886220880599,120.1647720336914,17612000.0
2016-07-27,121.35432213539455,123.91186484082438,120.45224769210297,122.26631164550781,52654200.0
2016-07-28,126.40991732658586,127.21287130669225,122.55378092295723,123.91185760498047,78955800.0
2016-07-29,123.564910081131,124.74454586246482,122.6330904603804,122.86109161376953,35058800.0
2016-08-01,122.7718799792326,123.49552863184533,121.79050008090496,123.22787475585938,25006900.0
2016-08-02,122.98003559975676,123.71359922771306,121.00736098307196,122.01847839355469,23968400.0
2016-08-03,122.01849545036225,122.84127209882628,121.24528657608734,121.44355010986328,18525300.0
2016-08-04,121.86980589146687,123.70370007125675,121.44354875233903,123.2774429321289,21066000.0
2016-08-05,123.89204381062541,124.74455049338866,123.53517703040818,124.06056213378906,20184000.0
2016-08-08,124.1596711162128,124.35792704689541,123.46576779584473,124.16958618164062,15233900.0
2016-08-09,124.24890536999055,124.99237658229441,123.44595888085607,123.97134399414062,19621000.0
2016-08-10,123.98126381205952,124.38769838725682,123.45587867864295,123.79291534423828,10670100.0
2016-08-11,124.1101051527801,124.28853851817493,123.66402552078252,123.8127212524414,11729500.0
2016-08-12,123.61448194392882,123.91187346543809,123.09901187802404,123.79291534423828,12159000.0
2016-08-15,123.82264394196761,123.83255144517022,122.6231705122505,122.8214340209961,19295100.0
2016-08-16,122.42491763286068,122.84125966718523,121.71118410945874,122.2266616821289,14222400.0
2016-08-17,122.5835350208911,123.29726101960735,121.7805809824926,123.287353515625,13794200.0
2016-08-18,122.93048020930922,123.17830392935534,122.56369838096826,122.83135223388672,12400800.0
2016-08-19,122.52403532881009,123.07916555764872,122.20682129646477,122.48438262939453,11688300.0
2016-08-22,122.2564057315418,123.74334812896855,122.03831963650906,123.06926727294922,14386400.0
2016-08-23,123.42613420117928,124.00107951434126,123.16839540101556,123.287353515625,13309500.0
2016-08-24,123.3864701072888,123.60455618245257,122.01847838598128,122.40509033203125,12243700.0
2016-08-25,122.04822211718597,123.28734065392365,122.02839198532973,122.81151580810547,10730800.0
2016-08-26,122.9701332310433,124.10020879234648,122.83135255249587,123.87220764160156,17504800.0
2016-08-29,123.26751549030008,125.6268021196452,123.26751549030008,125.4384536743164,15925900.0
2016-08-30,125.49793121486417,125.49793121486417,124.06055665352514,124.74454498291016,17804300.0
2016-08-31,124.50663242486422,125.12123795837465,124.01098499676924,125.02210998535156,14200600.0
2016-09-01,125.2798491871309,125.52767291697305,124.50664036010019,125.0716781616211,13536100.0
2016-09-02,125.74575856499212,125.75567363178519,124.90315939910211,125.40872192382812,12118800.0
2016-09-06,125.56731764969224,128.80885606550805,125.36906170359678,128.60067749023438,26278400.0
2016-09-07,128.90794717070474,130.83106117516004,128.81873428413658,129.90916442871094,27990800.0
2016-09-08,129.7803372750617,129.93894810246945,128.67999923960699,129.13600158691406,15676600.0
2016-09-09,128.58087160607363,128.81877270788263,125.99358367919922,125.99358367919922,27100700.0
2016-09-12,124.86349448267336,127.63911543784107,124.65532347825922,127.56973266601562,21252800.0
2016-09-13,126.91548449915734,127.2327061267738,125.55741533007877,126.10262298583984,18016200.0
2016-09-14,125.78541615355975,127.67879314661576,125.78541615355975,126.65775299072266,15691100.0
2016-09-15,126.86592994096408,127.97618299811768,126.55862336627234,127.23271179199219,15077200.0
2016-09-16,127.08399721266889,128.05546193397683,127.08399721266889,127.9464340209961,24119200.0
2016-09-19,128.77912395595837,128.8088615928508,127.1434782970752,127.53008270263672,14958800.0
2016-09-20,127.53007962254557,128.0455571928311,126.91548164033243,127.52017211914062,11083800.0
2016-09-21,128.00590675403183,128.87823592229512,127.27234313153065,128.80885314941406,14068300.0
2016-09-22,129.36397384469043,129.5919674177307,128.4321542949278,128.9476318359375,15538300.0
2016-09-23,126.44957275862836,127.4805279066973,126.19184153459089,126.8460922241211,28326300.0
2016-09-26,126.261219280023,127.04434306643977,125.69618155602345,126.20173645019531,15064900.0
2016-09-27,126.499132446475,127.88693914256922,126.32069907655156,127.56973266601562,15637100.0
2016-09-28,128.08522649569827,128.34295773604612,127.28226488446138,128.10504150390625,12047600.0
2016-09-29,128.05545275112394,128.16449578224427,126.43965254119647,126.97494506835938,14532200.0
2016-09-30,126.91548039342958,127.47060309784037,126.34052755644433,127.15339660644531,18402900.0
2016-10-03,127.2624282350143,127.96623905572451,126.68747544958521,127.64903259277344,13156900.0
2016-10-04,128.0455537665615,128.15459680493566,126.43966095228672,127.07408905029297,14307500.0
2016-10-05,127.1335679697271,127.6787831772453,126.71722593652031,127.35165405273438,12386800.0
2016-10-06,127.311994352652,127.93651496821606,126.96505021975156,127.61930847167969,11682700.0
2016-10-07,127.91666384122237,128.1248423875633,127.21285306150553,127.86711120605469,12804400.0
2016-10-10,128.5511091254094,129.56223410954888,128.07529183179747,129.1062469482422,15138700.0
2016-10-11,129.09631844228912,129.50275294326931,127.1137288288735,127.7580795288086,17537900.0
2016-10-12,127.88695258654138,128.53130336214636,127.34175247959274,127.9266128540039,11073000.0
2016-10-13,127.09393315836476,127.13357830124266,125.64663586497082,126.70732116699219,17139300.0
2016-10-14,127.37149036968442,127.82747756468643,126.46940835762544,126.76679229736328,13345300.0
2016-10-17,127.08399921612971,127.35165306610313,126.21166245383856,126.42974853515625,11351700.0
2016-10-18,127.55980304967217,128.2636289879673,126.89563737249779,127.45077514648438,13504000.0
2016-10-19,127.6193021360843,129.33423796043195,127.48052146462192,128.9773712158203,16752300.0
2016-10-20,128.93771454289268,129.522574811307,128.37266927865835,128.86831665039062,13167500.0
2016-10-21,128.65022992353573,130.97977860887002,128.57092452935868,130.92030334472656,19088800.0
2016-10-24,131.5646435822047,132.2486393962456,130.9995983007073,132.11976623535156,17470200.0
2016-10-25,132.3378707154076,132.3378707154076,131.06901443847525,131.13839721679688,13336800.0
2016-10-26,130.49405972237582,131.10865771861535,129.8001563192087,129.89927673339844,13084700.0
2016-10-27,130.59320818145665,130.65268346104602,128.14470833195213,128.56105041503906,16741400.0
2016-10-28,129.363993614297,131.81249340082837,128.7989482208078,130.14710998535156,24545500.0
2016-10-31,130.86084140751012,130.969884457468,129.74068839535462,129.8497314453125,15669000.0
2016-11-01,130.2660729060755,130.7914580190806,127.53008916563782,128.37269592285156,22077800.0
2016-11-02,129.0963330541669,129.0963330541669,125.1807211496709,126.06297302246094,39640900.0
2016-11-03,120.93797302246094,122.2068292342592,118.45973587036133,118.95538330078125,63766300.0
2016-11-04,118.54895444468288,120.86858846268454,118.21191780611595,119.69886016845703,30545500.0
2016-11-07,121.76076607994372,122.13745545546034,120.29364615928309,121.08668518066406,23008900.0
2016-11-08,120.96771081854621,123.52525337801801,120.48197845372516,123.1386489868164,19460800.0
2016-11-09,120.44233597963117,122.73222488550998,119.46095610039455,122.10771179199219,31916000.0
2016-11-10,122.85118652239305,123.09901026607875,114.26656841088987,119.7484359741211,67846700.0
2016-11-11,118.48947209758641,119.64928525586684,117.12148792856176,117.9839096069336,32840100.0
2016-11-14,118.09296417498385,118.09296417498385,112.56154412507392,114.0782241821289,51377000.0
2016-11-15,115.71386152564564,117.45853517246444,114.82169456819275,116.17976379394531,34681400.0
2016-11-16,113.4834460222608,116.85384270738923,113.21579215799538,115.3272476196289,32397900.0
2016-11-17,115.79315323316041,116.7646255493164,115.00012186201369,116.7646255493164,18597800.0
2016-11-18,117.35939655085733,118.09295262137546,115.8228865099409,116.0013198852539,22879300.0
2016-11-21,117.17105371897185,120.88840958014455,116.77454181083064,120.70997619628906,35415400.0
2016-11-22,121.33450225361518,121.9094551343333,119.84755984257329,120.41259765625,26089200.0
2016-11-23,120.1746826431112,120.25398048631503,118.89591132957436,119.78807067871094,15672100.0
2016-11-25,119.95658998271372,120.08545558846409,119.02477041857904,119.33206939697266,8658600.0
2016-11-28,119.07435521450246,120.6306880239727,118.77696369657345,119.36183166503906,18101300.0
2016-11-29,119.52041858133963,121.0370984767809,119.35190027361935,119.81781005859375,18891000.0
2016-11-30,119.27259129112748,120.72979587256935,116.92321986768252,117.38912963867188,30188900.0
2016-12-01,117.34948367456744,117.41887401276296,113.00761487823426,114.09803771972656,43277000.0
2016-12-02,114.10795509365111,115.46603181206181,113.30500865501065,114.39543151855469,25070400.0
2016-12-05,114.94063330451269,116.54653366283962,114.06829657078045,116.40775299072266,20201500.0
2016-12-06,116.66550000549016,116.77454305028034,115.31733832715703,116.28880310058594,19131200.0
2016-12-07,115.98150588145802,116.92323303222656,115.55524876245141,116.92323303222656,21913700.0
2016-12-08,116.952980957565,118.4597459464953,116.61593674346123,117.87488555908203,22442800.0
2016-12-09,118.18218121011122,118.8959147603996,117.91452734726307,118.63817596435547,17464700.0
2016-12-12,118.18218661544701,118.20200918698164,116.6258538271557,116.74480438232422,17805500.0
2016-12-13,116.83401818936315,120.46215361142971,116.5861944629413,119.26268768310547,29768000.0
2016-12-14,118.95538032255946,120.63067101558892,117.81538974853905,119.1635513305664,25913100.0
2016-12-15,119.03469151352151,121.43362331824433,118.58860427782989,119.52042388916016,20139600.0
2016-12-16,119.84754767291399,120.44232306433953,118.23173224334894,118.8265151977539,25324300.0
2016-12-19,118.80668631342012,119.31224880478212,117.47835484405194,118.20199584960938,15918100.0
2016-12-20,118.45973346511748,118.72737974439885,117.76583010181065,118.05329895019531,13684400.0
2016-12-21,117.88478030010764,118.16234164462446,117.44861571428666,118.00373840332031,10767600.0
2016-12-22,117.82530314334566,117.95416874752807,115.9121038344414,116.37801361083984,16258600.0
2016-12-23,115.98151444559244,116.53663722278506,115.28761097410165,116.24916076660156,10890000.0
2016-12-27,115.94185669643238,117.64688522421496,115.84272871381299,116.98271942138672,12051500.0
2016-12-28,117.16113213500104,117.22060740147855,115.6345372705871,115.90218353271484,12087400.0
2016-12-29,115.9815090621274,116.5068941751525,115.0496893896797,115.33716583251953,9934900.0
2016-12-30,115.58497967486277,115.81298082138268,113.77090825792048,114.04847717285156,18684100.0
2017-01-03,115.019951043206,116.81419247014742,114.50448100048115,115.84272766113281,20663900.0
2017-01-04,116.52672368535293,118.618356622105,116.26898488229403,117.65679931640625,19630900.0
2017-01-05,117.82531128079145,119.89711397154653,117.29001113240511,119.61955261230469,19492200.0
2017-01-06,119.92686168149302,122.80161087351247,118.98512697809012,122.33570861816406,28545300.0
2017-01-09,122.47447479346964,124.33810628305424,121.96891233102107,123.8127212524414,22880400.0
2017-01-10,123.73343455278888,124.4075154169297,123.19813437570821,123.26752471923828,17324600.0
2017-01-11,123.26751959303638,125.022115805442,122.980043163801,124.99237060546875,18356500.0
2017-01-12,124.51654370909799,125.6267966369815,123.7135973201256,125.51775360107422,18653900.0
2017-01-13,126.38017162557257,128.1446827181637,126.26122109016985,127.22277069091797,24884300.0
2017-01-17,126.9254001084796,127.22279162187208,126.290979501671,126.75688934326172,15294500.0
2017-01-18,127.29216689164106,127.31198189663876,125.73582681971469,126.80642700195312,13145900.0
2017-01-19,127.11374001546973,127.23270568839588,126.34053120826837,126.43966674804688,12195500.0
2017-01-20,126.9848903486112,127.36157214752723,125.67637374175148,125.93411254882812,19097200.0
2017-01-23,126.20173969623715,128.12485404558535,125.84487296000802,127.80763244628906,16593600.0
2017-01-24,128.25374282033934,128.7692052929933,127.26244789082912,128.2438201904297,15162700.0
2017-01-25,128.868337001996,130.59319557336823,128.6403434102612,130.33544921875,18731300.0
2017-01-26,130.48416233748912,131.98101230368118,130.29581387217496,131.6241455078125,20020100.0
2017-01-27,131.52500538016162,131.79265924923342,129.9389425517207,131.02935791015625,19539500.0
2017-01-30,130.43458094664092,130.43458094664092,128.47182133724908,129.8397979736328,18956100.0
2017-01-31,129.0368740604032,129.52261407730214,128.39253833219777,129.18557739257812,19790500.0
2017-02-01,131.09875613893414,132.32796731291714,129.54241581882755,132.07022094726562,50139800.0
2017-02-02,132.06030595669853,134.31054958376146,129.26484711700454,129.70101928710938,54366400.0
2017-02-03,130.09754432071733,131.69352966813113,129.62171189192713,129.8397979736328,24804900.0
2017-02-06,129.83983036527727,130.91043090820312,129.16575694526642,130.91043090820312,17058500.0
2017-02-07,131.08883352540656,131.84221214948707,130.51388070994037,130.6923065185547,14596400.0
2017-02-08,131.4456910023173,133.26966972737824,131.28708021075784,133.03175354003906,22390600.0
2017-02-09,133.3192492855504,133.3291567886653,132.14951350175716,132.9722900390625,16470600.0
2017-02-10,132.93263768486915,133.7653216800901,132.51628056130053,133.0218505859375,15061900.0
2017-02-13,133.52740747356071,133.52740747356071,132.5361126665915,132.88307189941406,13526200.0
2017-02-14,132.93265343933567,133.06151149194216,131.3961433041297,132.68482971191406,14364900.0
2017-02-15,132.2883041103043,132.5361278404195,131.50518777856269,132.2783966064453,13226500.0
2017-02-16,131.9116252838458,132.70464913722722,131.86205751151937,132.67491149902344,12831100.0
2017-02-17,132.3378618520214,132.92272218053802,132.01073273794628,132.3675994873047,12276500.0
2017-02-21,132.33785265980134,132.7442871483872,131.74306974353144,132.55593872070312,14759100.0
2017-02-22,132.43699132966444,135.59920903584234,132.29821066270353,134.93504333496094,27360100.0
2017-02-23,134.70705620159785,134.93504978122027,133.1606386598825,134.18167114257812,18422500.0
2017-02-24,132.99213004113886,134.43941215318864,132.99213004113886,134.260986328125,12625700.0
2017-02-27,134.08253602609818,135.9858203238411,133.8446349426047,135.2225341796875,14306700.0
2017-02-28,135.5992106780862,135.61904080959457,133.57697591702748,134.36009216308594,16112100.0
2017-03-01,135.28201251992422,136.28321489624622,135.11349420663987,136.22373962402344,16257000.0
2017-03-02,135.8966176658228,136.62027385191215,135.1234088342414,135.56948852539062,12294800.0
2017-03-03,135.44059863491682,136.13450189426203,134.8953835290182,135.97589111328125,11160600.0
2017-03-06,135.68844704805903,136.63017415215825,135.32165765941963,136.22373962402344,12748200.0
2017-03-07,135.83711303846476,137.1654443209772,135.79746790544576,136.10476684570312,13527100.0
2017-03-08,135.95608807524832,136.7887872783457,135.8569676618517,136.52113342285156,10184500.0
2017-03-09,136.52114347785908,137.36375024656763,136.20392182932292,137.03662109375,15535300.0
2017-03-10,137.70076803304235,138.2757208477516,137.01677218233723,137.58180236816406,16314100.0
2017-03-13,137.5025138230082,138.464055901305,137.46285355889685,138.384765625,10955500.0
2017-03-14,138.2459889284164,138.2459889284164,137.31416933246618,138.10720825195312,12944000.0
2017-03-15,138.07747368845676,138.8804353430656,137.2844497904096,138.5037384033203,19344800.0
2017-03-16,138.9795563022177,139.02912407752672,138.5136464410432,138.77139282226562,13612900.0
2017-03-17,139.11831282030312,139.11831282030312,138.48388473410347,138.62266540527344,20592800.0
2017-03-20,138.493808180821,138.96962546679075,138.03780590087916,138.7218017578125,12099500.0
2017-03-21,139.92127835831857,141.0711841487624,137.1952172026407,137.30426025390625,29894800.0
2017-03-22,136.7292942960257,138.57310336111672,136.4021802994412,138.37484741210938,17055400.0
2017-03-23,138.26581613817274,139.1678981777798,137.87921171062123,138.3153839111328,13022800.0
2017-03-24,138.86057020230413,139.79238968616346,138.54334862228498,139.11830139160156,16664700.0
2017-03-27,137.83954683505186,139.42560946099263,137.56198549736328,139.09849548339844,12800500.0
2017-03-28,139.13814843382002,140.71430364548038,138.79118917924654,140.5259552001953,14679400.0
2017-03-29,140.75396002517493,141.61638169718904,140.19882220799045,141.408203125,16527600.0
2017-03-30,141.16038071560394,141.70559590878236,140.61518064838455,141.17030334472656,12404000.0
2017-03-31,141.0711619913886,141.38838359104963,140.6548199863023,140.8134307861328,11478300.0
2017-04-03,140.69446837041266,141.22977605070557,139.59414562683457,141.0414276123047,13564000.0
2017-04-04,140.62510426479014,140.8530978713493,140.04024386598326,140.49623107910156,12948600.0
2017-04-05,141.02159271185377,142.1913284405989,140.06003554639625,140.61517333984375,17158100.0
2017-04-06,140.87288999194882,140.98193301365419,139.6833393807719,139.94107055664062,15103400.0
2017-04-07,139.9708464660045,140.31780575521262,139.0192117671973,139.55450439453125,11818300.0
2017-04-10,139.77258020141733,140.19882974582623,139.4058059305576,139.81222534179688,9039400.0
2017-04-11,139.57432494311445,139.80231853484233,137.6016426467983,138.7019805908203,16638100.0
2017-04-12,138.5037098653781,139.1777830650213,138.2261485330594,138.36492919921875,11612500.0
2017-04-13,138.40456826444395,139.35621788061988,138.1170994421373,138.17657470703125,10965600.0
2017-04-17,138.54336594864353,140.31779224112725,138.53345844526294,140.1889190673828,11519700.0
2017-04-18,140.04022439113626,140.67465247513135,139.38596617534043,139.73292541503906,14807500.0
2017-04-19,140.11956551788577,141.79484149619526,140.0402600964215,141.03155517578125,15563900.0
2017-04-20,141.70558067281948,142.99426686560392,141.44784948464556,142.54818725585938,15968200.0
2017-04-21,142.6473463669144,142.91500025578108,141.0315457808504,142.42926025390625,12382000.0
2017-04-24,143.69813455401092,144.40194555648554,143.08352134826086,144.2036895751953,14407200.0
2017-04-25,144.52086424443638,145.869025796205,144.52086424443638,145.21478271484375,17767500.0
2017-04-26,145.80954946610902,146.3051968693871,144.8182546595529,145.28416442871094,12395000.0
2017-04-27,145.393213125027,146.4638133729187,144.867828067167,146.41424560546875,11275100.0
2017-04-28,148.19859118469543,150.2109186709727,147.772341627702,148.9420623779297,30652200.0
2017-05-01,150.41907903091706,151.24185553349764,150.10185743312095,151.1328125,25218300.0
2017-05-02,152.00513485242053,152.1042703787933,150.33976691625273,151.45001220703125,21870400.0
2017-05-03,152.26286427884506,152.26286427884506,150.02252868940298,150.47853088378906,29782500.0
2017-05-04,148.86273116084146,150.20098512703683,147.42535679497524,149.5368194580078,36225500.0
2017-05-05,150.13160246667204,150.31004340571673,148.4860493804069,148.93214416503906,17148500.0
2017-05-08,149.39806622449962,149.7648405099342,148.4365089280184,149.74501037597656,15827500.0
2017-05-09,150.17126141873845,151.26167667196853,148.9024052280234,149.1700439453125,17453900.0
2017-05-10,148.92224469042733,149.2097287130422,147.56417537092534,148.98171997070312,12080700.0
2017-05-11,149.00154058885647,149.33857723953253,148.10938118978214,148.73388671875,11841900.0
2017-05-12,149.0907450813376,149.15023548041427,148.32745890838868,149.0213623046875,9598200.0
2017-05-15,148.86273822811637,150.16133199532825,148.46622635869352,148.882568359375,15064700.0
2017-05-16,148.80326435592949,148.90239988719412,147.73266414729665,148.47613525390625,14550800.0
2017-05-17,146.7116226986724,147.37578836469336,143.16278568584636,143.58905029296875,28300100.0
2017-05-18,143.46019395071266,146.86032807430684,143.25201537381787,146.37460327148438,23031600.0
2017-05-19,147.15773786292166,148.08955757128578,146.67201299968244,146.77113342285156,16187900.0
2017-05-22,146.79095887898018,147.29651386112334,146.40435445123288,146.94956970214844,12586700.0
2017-05-23,147.22714664664232,147.51461555881454,145.96819768431632,146.78106689453125,12817800.0
2017-05-24,147.21720666474738,148.92223517823382,147.12799375003203,148.73388671875,17862400.0
2017-05-25,148.99160829170276,151.2616666799294,148.6446490687096,150.6371612548828,19891400.0
2017-05-26,150.9047997234511,150.9246298542667,149.8341995487788,150.80567932128906,14996200.0
2017-05-30,150.6470780585751,151.56897499939868,150.31994894623028,151.0535125732422,13226000.0
2017-05-31,151.37072120711613,152.01507193790442,149.77473588685828,150.1415252685547,18023900.0
2017-06-01,150.42900833981997,150.9643009562491,148.99163369059534,150.21092224121094,14530600.0
2017-06-02,150.52813829156642,152.29264202313797,149.98292306530328,152.27281188964844,16854400.0
2017-06-05,152.30254055982212,153.36323331264384,152.07454697897558,152.29263305664062,12520400.0
2017-06-06,152.0745345000957,153.17487230131127,151.15262249725996,151.47975158691406,13457100.0
2017-06-07,151.93578217643255,152.41159952015332,151.01387000164038,151.78707885742188,12066700.0
2017-06-08,152.738730063994,153.38306574103552,151.76726523329793,153.36325073242188,17799400.0
2017-06-09,153.42272253131102,154.2355765189017,145.33375216789125,148.2977294921875,35577700.0
2017-06-12,146.88015804135935,147.9011905402127,143.30158298075054,147.14781188964844,33170200.0
2017-06-13,148.8429163288777,149.86394881877195,147.60379776095178,149.36830139160156,20483400.0
2017-06-14,149.9432648061395,151.07334041481715,147.7525114939469,148.9420623779297,20808800.0
2017-06-15,146.38450880711042,148.73387276327318,145.0958224758382,148.4959716796875,18994200.0
2017-06-16,148.28776611095554,149.51697694756305,147.3063940678977,149.32862854003906,22882400.0
2017-06-19,150.38935502415814,152.23316413203648,150.38935502415814,151.53924560546875,19026500.0
2017-06-20,151.54915741977874,152.50079197956828,150.88499170331184,150.9246368408203,14743900.0
2017-06-21,151.0336804228886,152.73870873513582,150.55786314127224,152.5701904296875,15039800.0
2017-06-22,151.67801659276364,153.20461910250506,151.57889618527363,152.0646209716797,13005500.0
2017-06-23,151.390573984864,153.84898135568093,151.32117607423078,153.72012329101562,18027000.0
2017-06-26,154.88980792543055,155.13763161811121,151.86635584953456,152.25296020507812,18049700.0
2017-06-27,151.50950121305212,151.97541100253437,149.0808318562363,149.26918029785156,19360800.0
2017-06-28,149.60622494159466,152.1340299693682,148.55545476459667,151.90603637695312,16719100.0
2017-06-29,150.954385062589,151.17247114907758,147.62363361780703,149.7251739501953,23973500.0
2017-06-30,150.57766930366012,150.59749943430077,148.75369055962113,149.66567993164062,17666000.0
2017-07-03,150.3992467475771,150.82549624681354,146.51337298592566,147.13787841796875,13862700.0
2017-07-05,147.7029337798581,149.5368353167702,146.84051209406786,149.03126525878906,14334300.0
2017-07-06,147.7326690614727,148.7338714063326,146.7116365845086,147.52450561523438,14951800.0
2017-07-07,147.9507507829903,150.66690401490413,147.89127551438665,150.12168884277344,13615900.0
2017-07-10,150.36951609123315,152.6395746102247,150.19107515525667,152.16375732421875,13378700.0
2017-07-11,152.0348659228543,154.0670231181212,151.5788788235196,153.9183349609375,13667700.0
2017-07-12,155.12775995552357,157.77451578972875,154.84027593505903,157.5167694091797,22739400.0
2017-07-13,157.35817943981206,158.38911962169666,157.04095776787105,157.87364196777344,13929200.0
2017-07-14,158.73604916071227,158.92439760235374,157.9430102555709,158.5774383544922,16371200.0
2017-07-17,158.8549855680109,159.38037058165375,157.4275186909595,158.33950805664062,12858800.0
2017-07-18,158.2701355823085,162.30469765946916,158.03221937867391,161.44227600097656,23722900.0
2017-07-19,162.1659206722687,164.25755340811133,161.74957865092037,162.7111358642578,26273600.0
2017-07-20,163.36538637572238,163.5636423109076,161.39270427462768,163.0977325439453,18523100.0
2017-07-21,162.7309727206717,163.61322456745162,162.32453818567117,162.9986114501953,14744000.0
2017-07-24,163.20677014985625,164.72344993622636,162.87964106099793,164.554931640625,17367000.0
2017-07-25,163.57356318735518,164.09894826523268,162.43358012236655,163.84121704101562,15383200.0
2017-07-26,164.56487742794627,164.56487742794627,162.6715154745594,164.16836547851562,35236900.0
2017-07-27,173.17919385794744,173.96232519933488,166.04187451588885,168.95628356933594,68910700.0
2017-07-28,167.59824020240413,171.9202715537653,167.57841006863856,170.9488067626953,24557600.0
2017-07-31,170.50271800279265,171.21645152078807,167.08275371920757,167.7766571044922,25478900.0
2017-08-01,168.34170251677014,168.9860381335434,167.57840122963862,168.38134765625,14385000.0
2017-08-02,168.8175124808189,169.06533618818182,165.45702361401592,167.8262176513672,17433800.0
2017-08-03,167.82621672752848,168.222728606743,166.78535413714212,167.1223907470703,10793800.0
2017-08-04,167.49909699590893,168.57960478431247,167.22153563973112,168.1434326171875,10777700.0
2017-08-07,168.47056743420688,170.5622003056138,168.18309856486772,170.48289489746094,12787800.0
2017-08-08,170.38374580214926,171.54355883998616,169.13470474143455,169.73939514160156,14393500.0
2017-08-09,168.50029902582298,169.95750370568328,168.08395699242854,169.68984985351562,10815000.0
2017-08-10,168.57961241117113,169.10499751098848,165.39756417461393,165.94276428222656,20832700.0
2017-08-11,166.48796337987193,167.35040016610378,165.397548144369,166.61683654785156,13791200.0
2017-08-14,168.6093373500427,169.59072469656067,167.81629844511536,169.2635955810547,12954200.0
2017-08-15,169.99718408454046,170.0070915891413,168.53005660170885,169.51144409179688,8729200.0
2017-08-16,169.75926028980928,169.88813347369432,167.76676288445424,168.5201416015625,15779900.0
2017-08-17,167.86583957440308,168.38131704969933,165.3975254710332,165.45700073242188,17216000.0
2017-08-18,165.3876219359931,167.20169324754895,164.76311649336188,165.95266723632812,15093600.0
2017-08-21,165.70486000680907,166.53754409706403,164.37652846388428,166.3194580078125,11907500.0
2017-08-22,166.8151224878462,168.3912779179892,165.69495429016598,168.1632843017578,11391000.0
2017-08-23,167.37023684288505,167.8857144555884,166.73580867569655,167.2413787841797,9856500.0
2017-08-24,167.4098605549701,167.81627990269948,164.96136133675031,166.27978515625,14030400.0
2017-08-25,166.3987646340044,166.91424222382497,164.7333813153379,164.87217712402344,12614500.0
2017-08-28,165.4570505254586,166.24016691267684,164.882097615746,165.7841796875,8553700.0
2017-08-29,163.81149866184828,166.96380949969048,163.56367491198162,166.58712768554688,11121000.0
2017-08-30,166.70606035313617,168.6985576428694,166.17076776629847,168.44082641601562,11138300.0
2017-08-31,168.9166365085145,170.65140249723558,168.57959988950745,170.4729766845703,17226500.0
2017-09-01,170.89921897310757,171.4146965089108,169.81871126183174,170.5225372314453,11677600.0
2017-09-05,169.77905608011397,170.8893013598883,168.07402789991337,169.2338409423828,13210900.0
2017-09-06,169.42221349289323,170.97853860664867,168.0938819688554,170.59193420410156,13906300.0
2017-09-07,170.44324547078008,171.80131462709602,168.78778482285844,171.7021942138672,18049500.0
2017-09-08,171.58322341939473,171.9797504383514,169.31316484895945,169.46185302734375,10998500.0
2017-09-11,170.89924997040006,172.37628494864035,170.70099399788836,171.9995880126953,12372000.0
2017-09-12,172.24740005686974,172.4853162832958,170.25490271066695,171.45437622070312,11186300.0
2017-09-13,171.50391883649743,171.66252964483928,170.5621917416514,171.5435791015625,9119300.0
2017-09-14,170.76047317150932,170.78030330700108,169.0157993972707,169.4718017578125,15615700.0
2017-09-15,169.39248007388963,170.83976218060525,168.77786694036217,170.14585876464844,15660500.0
2017-09-18,170.49280395904697,170.57210936088856,167.86586357315537,168.530029296875,12954000.0
2017-09-19,169.13471922211838,171.05783361438,168.87698801140778,171.0181884765625,13168600.0
2017-09-20,170.99837853761827,171.54359378423464,169.21404460594667,170.67124938964844,12264100.0
2017-09-21,170.19542098725773,170.77037383486703,168.53003771729297,169.62046813964844,11161400.0
2017-09-22,168.72830592668825,170.2350632334732,167.74691856325026,169.055419921875,12097100.0
2017-09-25,167.7667371057546,167.8262123734979,160.1535851894885,161.45217895507812,41251600.0
2017-09-26,163.06800168598414,164.05929652906002,161.3629733458169,162.78053283691406,23363300.0
2017-09-27,164.45581794246135,166.87457991983337,164.12870393614116,166.22032165527344,19242500.0
2017-09-28,166.47809874939009,167.59826703409513,165.7048897943081,167.26121520996094,12178700.0
2017-09-29,167.36033325599084,170.16569986396098,167.3405031211256,169.382568359375,15340400.0
2017-10-02,169.89803540415485,170.37385272956294,167.28101742547034,167.9947509765625,13392300.0
2017-10-03,167.82622575951183,169.24377017365308,167.72709022139367,168.48048400878906,8190300.0
2017-10-04,168.35160201472414,169.1842860378396,166.82499951305383,166.95387268066406,12127900.0
2017-10-05,167.70724860003665,169.81871138444345,167.13231092140677,169.74932861328125,14580600.0
2017-10-06,168.76793818077277,170.86947829754834,168.2722907852345,170.73069763183594,13124500.0
2017-10-09,171.19663853744936,173.3576694406245,170.50273508265397,170.99838256835938,14570400.0
2017-10-10,171.49401235464845,171.692268303277,169.31316666781586,170.09628295898438,11341100.0
2017-10-11,170.45315092595013,171.275927488256,169.90793571888486,171.2362823486328,11283700.0
2017-10-12,171.10741839085242,172.3366295488127,170.79019675294256,171.04794311523438,10351000.0
2017-10-13,171.94008560822274,173.12963638159022,171.69226190018958,172.22756958007812,13658300.0
2017-10-16,172.9710558195453,173.47661078276658,172.54479113897983,173.00079345703125,11498800.0
2017-10-17,173.18914322682605,174.59678020703677,172.84218395224192,174.5769500732422,15990100.0
2017-10-18,175.1122328672521,175.2014609013485,174.22007353396262,174.4976348876953,12752400.0
2017-10-19,173.4072253558301,174.49765589531262,171.127258979394,173.0404510498047,14048400.0
2017-10-20,173.97224941746182,174.34894630778953,173.10982772219506,173.45677185058594,12602200.0
2017-10-23,173.6748649827668,173.81364566494935,169.75925311850992,169.77908325195312,13852700.0
2017-10-24,170.80009074102279,171.7319102386739,170.00705190519477,170.304443359375,12267900.0
2017-10-25,170.40360056910347,170.75055986158688,167.4198081323979,169.11492919921875,15868200.0
2017-10-26,169.88810916810442,170.79017594836097,168.90672186207252,169.14463806152344,11833100.0
2017-10-27,172.63401701227778,176.6586873904045,172.38619326398225,176.33155822753906,30285300.0
2017-10-30,177.69952396432316,179.11708358177958,176.06389337783372,178.30421447753906,24353200.0
2017-10-31,178.99810847845131,179.22610204614108,177.38229312152882,178.49253845214844,20174200.0
2017-11-01,180.77252429976699,181.3078168480914,178.99811322425236,181.06991577148438,40918300.0
2017-11-02,179.05759338106873,180.35618721285795,175.79622485794295,177.3624725341797,35529900.0
2017-11-03,177.72924678793294,178.29429211221563,175.17171938884402,177.3624725341797,17822100.0
2017-11-06,177.00560768877534,178.87915436815607,176.75778397390508,178.60159301757812,13312700.0
2017-11-07,178.92871665160965,179.17654035888333,177.4021292702255,178.68089294433594,12928200.0
2017-11-08,178.2248960481268,178.78003387498475,177.55082280445228,177.9969024658203,10494100.0
2017-11-09,176.75779410606782,177.8383019346091,175.54841309809976,177.7391815185547,12610300.0
2017-11-10,176.79742059804647,177.5408916432427,176.4108162595827,176.90646362304688,11070200.0
2017-11-13,175.9548421538612,177.48142962191474,175.75658620197834,177.2137908935547,9523400.0
2017-11-14,176.5793727372629,177.41205685773943,175.6376304422426,176.5198974609375,9585900.0
2017-11-15,175.12217606338203,177.01555311910414,174.86442968610316,176.40093994140625,10253700.0
2017-11-16,177.20388047780713,178.26457333872565,176.9461492351913,178.0266571044922,15607600.0
2017-11-17,177.73917921595717,178.41325248985072,177.34265217899642,177.44178771972656,13018000.0
2017-11-20,177.31292483173618,177.93744549746648,176.54963860246662,177.18406677246094,10052400.0
2017-11-21,177.59044016557436,180.3065930997925,177.43184450866656,180.27685546875,14504000.0
2017-11-22,179.72178167176193,180.14803124978954,178.86926738974583,179.29551696777344,10376300.0
2017-11-24,178.82960174413725,181.55566283856592,178.7205586953217,181.1888885498047,9426300.0
2017-11-27,180.97078150462093,182.13059463906762,180.40575131776887,181.4366912841797,12344500.0
2017-11-28,181.9125238148173,182.6460874948777,180.5048868552094,180.83201599121094,14379700.0
2017-11-29,180.30663221603828,180.38593762467534,172.48531590998596,173.60548400878906,41933500.0
2017-11-30,175.31052025041137,176.72806478698746,173.6748744859458,175.63763427734375,25307600.0
2017-12-01,174.49762629405086,175.93500076065592,170.8397459809802,173.5757293701172,20182500.0
2017-12-04,174.7553586469446,175.03293511478452,169.30323709062822,169.97732543945312,24459400.0
2017-12-05,168.9662288194049,173.8533210087174,167.53876160690015,171.3255157470703,20184900.0
2017-12-06,170.99836691260768,175.23120028826378,170.4035839338322,174.52737426757812,20255800.0
2017-12-07,174.26963761979923,178.81967735014499,174.26963761979923,178.5718536376953,20404500.0
2017-12-08,179.94976261540904,180.69323379300565,177.18405649017194,177.44178771972656,19883800.0
2017-12-11,177.73919168609788,178.65118124615287,177.2435441995923,177.4814453125,13168600.0
2017-12-12,177.04524792710015,177.6201855697206,175.06265843240007,175.41952514648438,16854100.0
2017-12-13,175.75658415449456,177.6003932248488,175.7070163856114,176.7478790283203,14615700.0
2017-12-14,176.73796162726978,178.7899493372519,176.1332711313096,176.83709716796875,13591000.0
2017-12-15,177.46160545969784,178.91881007609734,176.8073472388738,178.6114959716797,28463100.0
2017-12-18,179.43427447688407,179.72175845251718,178.18524841732895,179.24594116210938,17265400.0
2017-12-19,178.38349879857833,178.51237196473718,176.6685630051992,177.94732666015625,14920600.0
2017-12-20,178.24473028084086,178.24473028084086,175.81606084556094,176.34144592285156,11860500.0
2017-12-21,176.3910133740639,177.12456190467773,175.5087615358687,175.9052734375,11600700.0
2017-12-22,175.59798016974815,175.9845845805287,174.6958981692736,175.65745544433594,8509500.0
2017-12-26,175.09243599043208,175.4592102902794,173.1494911871621,174.4580078125,8897300.0
2017-12-27,175.01309868238997,176.88664523561903,174.72561472196054,176.0737762451172,9496100.0
2017-12-28,176.40093820076817,177.3823256737269,176.1332843216047,176.37120056152344,12220800.0
2017-12-29,176.45047651503316,177.2930831555164,174.92388916015625,174.92388916015625,10261500.0
2018-01-02,176.13328018604338,179.999339582654,176.0044221276621,179.84072875976562,18151900.0
2018-01-03,180.2967176457999,183.1714667479119,179.751502436514,183.0624237060547,16886600.0
2018-01-04,183.29040248500226,184.58901137891618,182.4973787457023,182.72537231445312,13880900.0
2018-01-05,183.97442366501062,185.27301761188517,183.3201653765827,185.2234649658203,13574500.0
2018-01-08,185.57042131145806,187.25561978932296,184.7079995002011,186.64102172851562,17994700.0
2018-01-09,187.0573499699718,187.1564855131991,185.47128716005633,186.2345733642578,12393100.0
2018-01-10,185.31265942183705,186.25438649267394,184.01406560430883,186.20481872558594,10529900.0
2018-01-11,186.75992716752947,186.75992716752947,185.74881740066976,186.1354217529297,9588600.0
2018-01-12,176.50996931999322,179.900196098337,175.8557110489199,177.80856323242188,77551300.0
2018-01-16,179.920024921805,180.16784864759262,176.49013790148217,176.83709716796875,36183800.0
2018-01-17,177.69950828215173,177.75899867859457,174.26963659260204,176.05397033691406,27992400.0
2018-01-18,176.57934179925704,179.40452281144417,175.53847926804798,178.23480224609375,23304900.0
2018-01-19,179.27566551601325,180.78242267833858,178.60157720574531,179.71182250976562,26826500.0
2018-01-22,179.2261076472953,183.7761472704693,178.83950327001827,183.75631713867188,21059500.0
2018-01-23,184.43044454611686,187.8999771734925,183.93479702792033,187.70172119140625,25678800.0
2018-01-24,188.2370081161507,189.00030950616903,184.89634878567313,184.92608642578125,24334500.0
2018-01-25,186.3138559363235,186.9780216418481,184.97561702255004,185.8479461669922,17377700.0
2018-01-26,186.11562520077354,188.34603881835938,185.18380553593957,188.34603881835938,17759200.0
2018-01-29,187.10689859649167,187.1961115006917,184.01406357655443,184.3610076904297,20453200.0
2018-01-30,185.98672099630113,186.54184365059888,180.2570384022226,185.49107360839844,20858600.0
2018-01-31,186.730234928184,188.17753228840073,183.60766171822587,185.26312255859375,43275100.0
2018-02-01,186.58150270687463,193.6197016200102,186.2543736178571,191.4091033935547,54211300.0
2018-02-02,190.36826980548153,192.51939309299877,188.32620469017658,188.62359619140625,26677500.0
2018-02-05,185.30275408797968,188.95072729752363,179.03777799305453,179.68211364746094,33128200.0
2018-02-06,177.0155357600023,184.15285594249758,176.1927591862232,183.6968536376953,37758500.0
2018-02-07,182.54693767366223,183.4688497349977,178.3835023950745,178.6114959716797,27601900.0
2018-02-08,179.43426751267143,180.25704401733483,169.9872292150419,170.08636474609375,38478300.0
2018-02-09,173.2386958723722,175.36006640958556,165.72467851601013,174.5769500732422,39887600.0
2018-02-12,175.51869484724193,176.00443485522808,170.3441336025112,174.87435913085938,32092100.0
2018-02-13,174.09123068014512,174.438189995717,171.59317806149062,171.64273071289062,21809400.0
2018-02-14,171.94009298227024,178.24472899006133,171.70219189296904,177.95726013183594,28929700.0
2018-02-15,178.9287251950358,178.9287251950358,175.3005823170835,178.3934326171875,20922100.0
2018-02-16,177.43190154259432,178.31415350768015,174.76531551161526,175.8160858154297,20645300.0
2018-02-20,174.23991262011282,176.40092828892864,173.58565434156927,174.47781372070312,21204900.0
2018-02-21,175.17171631732015,179.69201832848506,174.86440221377168,176.36126708984375,23200800.0
2018-02-22,177.144400765712,178.64126578893575,175.86563696287894,177.431884765625,18464200.0
2018-02-23,178.3339385336285,181.79356302621224,177.94733414484938,181.69442749023438,19007300.0
2018-02-26,182.97321577019545,184.04381608499364,181.62505409148218,183.32015991210938,17599700.0
2018-02-27,182.84434854062485,183.092172275466,179.88038635253906,179.88038635253906,15849800.0
2018-02-28,180.71306495711616,181.28801781951887,176.58927450496145,176.76771545410156,18783000.0
2018-03-01,177.45169956950028,178.55203754433077,172.89175197746962,174.40843200683594,23201600.0
2018-03-02,171.7814903672907,175.56824422955643,171.48411399147727,175.08250427246094,20025900.0
2018-03-05,174.66616928714208,179.57307632407284,174.35887026906184,178.82960510253906,16189300.0
2018-03-06,180.1975861426294,180.79236913443495,177.55083056841832,178.21499633789062,15086800.0
2018-03-07,177.1840423222596,182.21982184429373,176.51987660516284,182.11077880859375,19097300.0
2018-03-08,181.9620663818067,182.79475036213273,179.87043380263384,180.752685546875,17225900.0
2018-03-09,182.3090522826453,183.89511507833163,181.61514886416,183.6175537109375,18526300.0
2018-03-12,183.61755166276623,184.4799885187979,182.61634925054545,183.15164184570312,15301200.0
2018-03-13,183.9942326059095,184.3709294787594,179.53340590474082,180.2967071533203,18067500.0
2018-03-14,181.01045363600093,182.6460841601859,180.2669824657424,182.58660888671875,16821700.0
2018-03-15,181.64490814255674,182.3982869258171,180.60404532784204,182.25950622558594,15614300.0
2018-03-16,182.88397672314082,183.71666069588863,181.81337656134033,183.47874450683594,24403400.0
2018-03-19,175.46910536321113,175.6277161779473,168.57960881143305,171.05784606933594,88140100.0
2018-03-20,166.0121754374141,168.71840656155632,160.54022278311524,166.68624877929688,129851800.0
2018-03-21,163.36541085752074,171.89053835571883,161.8784684318624,167.9154510498047,106598800.0
2018-03-22,164.6838161460248,168.78777616703636,162.29479195811828,163.45460510253906,73743000.0
2018-03-23,163.99982411279248,165.149729781003,157.6357129246028,158.0024871826172,53609700.0
2018-03-26,159.420034954314,159.69759628468182,147.7227534389627,158.66664123535156,126116600.0
2018-03-27,154.94930527971079,161.43238247494358,149.4377079889614,150.89491271972656,79117000.0
2018-03-28,150.32986888497823,154.52305729612175,149.48727727677547,151.69786071777344,60029200.0
2018-03-29,153.79940925693478,160.01483298287022,152.7982067779469,158.39901733398438,59434300.0
2018-04-02,156.43622398967926,157.81412310398488,152.7684363950344,154.03729248046875,36796000.0
2018-04-03,155.18722504785396,156.0199091627467,149.49718667749977,154.7510528564453,42543900.0
2018-04-04,150.70654980494265,154.20581929856272,149.19977744796915,153.7498321533203,49885600.0
2018-04-05,160.15360253635782,160.1635251660286,155.28634091939514,157.9529266357422,41449600.0
2018-04-06,156.35692801425085,160.01480832701012,155.44493859326903,155.83154296875,41644800.0
2018-04-09,156.44617837378374,159.13257925388,154.68165942316588,156.55520629882812,34915200.0
2018-04-10,156.55519472850744,164.53512161877373,155.64320524475696,163.60330200195312,57889300.0
2018-04-11,163.92052735250545,167.18188095953568,161.82889448188192,164.87217712402344,56144600.0
2018-04-12,165.52642456735143,165.99233439844414,161.68021049227764,162.44349670410156,38263000.0
2018-04-13,163.14732012381594,164.25756559646135,162.34437365692347,163.0878448486328,19990600.0
2018-04-16,164.27739346518842,164.33686873955153,161.96767451300823,163.3951416015625,18119400.0
2018-04-17,164.38645157374856,167.52885490688664,164.21793323895758,167.1918182373047,22743000.0
2018-04-18,165.42729703905403,166.65649302914,164.32695909975985,164.9118194580078,20969600.0
2018-04-19,164.75320365323768,166.86466655747395,163.76190878754315,166.6366729736328,22235000.0
2018-04-20,166.32935403086026,166.9637821214487,164.3665944890333,164.83250427246094,19119400.0
2018-04-23,165.81389126649358,166.98361191119776,163.65286066094558,164.39633178710938,23088100.0
2018-04-24,163.98991968960416,164.65410063060472,156.81295378466345,158.29989624023438,35079900.0
2018-04-25,158.7459759517135,159.65796550934834,154.8303638439022,158.29989624023438,41083600.0
2018-04-26,171.71210128586256,174.73555371199632,169.31316947793533,172.6439208984375,77556900.0
2018-04-27,175.27082782711136,175.55831178416844,171.09748526919364,172.078857421875,29804700.0
2018-04-30,172.27714262752073,174.19034974565892,170.21526244329425,170.5027313232422,20750500.0
2018-05-01,170.502733127677,172.50515318223614,168.748136813129,172.34654235839844,26025900.0
2018-05-02,172.7331436839345,176.52980512779848,172.6835759116308,174.5373077392578,30424500.0
2018-05-03,173.60546479650847,174.58683697712183,170.62165773984208,172.505126953125,24026100.0
2018-05-04,171.57331640925128,175.43936031794507,171.55348627675664,175.0725860595703,17677800.0
2018-05-07,175.80614788227166,177.93742576162336,175.62770694358582,176.42074584960938,18697200.0
2018-05-08,176.69830680059127,177.48142307573013,175.5682312779849,177.3624725341797,15577200.0
2018-05-09,178.10593880910025,181.41685988352248,177.22368702277913,181.06991577148438,23282800.0
2018-05-10,181.55566073147946,184.50973051930407,180.91132507611303,183.91494750976562,21071400.0
2018-05-11,183.24085803164738,186.68065235167805,182.57667717507755,185.3622283935547,21207800.0
2018-05-14,186.0759821661453,186.22467035861766,184.57911710744096,185.01528930664062,15646700.0
2018-05-15,183.2706073472122,183.6770267635761,181.6052240370376,182.71548461914062,15429400.0
2018-05-16,182.1008567642753,182.715469842902,181.06991679922325,181.60520935058594,16975500.0
2018-05-17,181.08975425286278,182.45774612452763,180.6337670462815,182.1603546142578,14840700.0
2018-05-18,181.892683150773,182.58658646594765,181.02033891114894,181.0897216796875,13130500.0
2018-05-21,182.17025394378493,183.68693381361263,181.53582586180445,182.8839874267578,13532900.0
2018-05-22,183.3201498461213,183.80588976928098,181.83320756709747,182.1999969482422,12731400.0
2018-05-23,180.91131875619556,185.28293288349343,180.59409712860074,185.27301025390625,16628100.0
2018-05-24,184.26190975571723,185.17389929266875,183.41930299961913,184.31146240234375,12354700.0
2018-05-25,184.40067208372395,184.70797106682298,182.84433191001733,183.31024169921875,10965100.0
2018-05-29,182.7352860669987,185.18378551702415,182.1107806072386,184.12310791015625,16398900.0
2018-05-30,184.91611748365472,186.36341448561328,183.63735390138223,186.03628540039062,13736900.0
2018-05-31,186.23458292732798,191.04236962748632,185.84797849042585,190.1105499267578,30782600.0
2018-06-01,191.38934094324458,192.85645336955145,190.39804590163902,192.30133056640625,17307200.0
2018-06-04,190.16999095245777,192.29136122110037,189.80321671647377,191.5974578857422,18939800.0
2018-06-05,192.60856792399815,193.302471205699,190.94318492195904,191.26040649414062,15544300.0
2018-06-06,189.36706318434292,190.8540055315744,187.4637787950018,189.6743621826172,22558900.0
2018-06-07,189.089505312926,189.30759140462192,185.14415578072197,186.5418701171875,21503200.0
2018-06-08,185.8975324185664,187.83055445910182,184.80710197213114,187.45387268066406,12677100.0
2018-06-11,187.16640381225798,190.9234202782458,187.1564963077479,189.8726348876953,12928900.0
2018-06-12,190.49714982806762,191.59748783396952,189.89245930003216,190.7251434326172,11562700.0
2018-06-13,191.0621755034795,192.80684900024443,190.2393989599829,190.73504638671875,15853800.0
2018-06-14,191.41903025852488,195.5626352258746,191.2306818280166,195.0967254638672,19120900.0
2018-06-15,194.08562068452486,195.35449206501337,192.94563760655214,194.14511108398438,21860900.0
2018-06-18,193.10423972255302,197.8426278934485,192.44007398845233,196.58367919921875,16826000.0
2018-06-19,194.53170966637177,196.2367380434897,192.1030251474352,195.7708282470703,19994000.0
2018-06-20,197.36681284359656,201.77807194914203,197.07932886341587,200.24156188964844,28230900.0
2018-06-21,200.99495205419396,201.61947269261083,198.34819643922546,199.7459259033203,19045700.0
2018-06-22,199.40888807845093,200.4794883982593,197.574986441324,199.9838409423828,17420200.0
2018-06-25,198.25895162835792,198.25895162835792,191.42893134979929,194.64073181152344,25275100.0
2018-06-26,195.87986297661615,197.36680521036791,194.5217787841377,197.26766967773438,17897600.0
2018-06-27,197.44612978191714,199.002470184042,194.09556298551814,194.1352081298828,18734400.0
2018-06-28,193.4809269043523,195.62212746969882,191.5776425549196,194.52178955078125,18172400.0
2018-06-29,195.60231794296328,195.87987930632607,192.27156645664977,192.62843322753906,15811600.0
2018-07-02,191.68666566115917,195.7311501553142,190.54668272112661,195.64193725585938,13961600.0
2018-07-03,192.85640992349778,193.6990014434691,190.8440826524459,191.05224609375,13489500.0
2018-07-05,193.04476250150682,196.92071382846268,192.34093650999642,196.7224578857422,19684200.0
2018-07-06,196.72245782568604,201.8672804615918,195.97898669624203,201.46084594726562,19740100.0
2018-07-09,203.14605121571313,204.00848804152199,200.3605150406485,202.9577178955078,18149400.0
2018-07-10,202.71979239080133,203.12622690064134,200.4992865300264,201.7681427001953,13190100.0
2018-07-11,200.45966421186662,202.71981546763925,199.99375437944363,200.77687072753906,12927400.0
2018-07-12,201.65910416431842,205.27733944399571,201.42120308082687,205.1187286376953,15454700.0
2018-07-13,206.00098359257464,206.61558156891698,204.65282197037004,205.5152587890625,11486800.0
2018-07-16,205.69367923260577,206.90306014708625,205.03942100819003,205.426025390625,11078200.0
2018-07-17,203.11633026351996,208.62794292006046,203.0568549863636,208.1620330810547,15349900.0
2018-07-18,207.99350842443914,209.1533216715766,206.62551658762877,207.53750610351562,15334900.0
2018-07-19,206.95262227365197,208.16200315517008,205.9514048322551,206.27853393554688,11350400.0
2018-07-20,207.03194944619355,209.65887492561032,206.68499017489245,208.11245727539062,16163900.0
2018-07-23,208.7468912389247,209.77783132583642,206.98238744769856,209.0740203857422,16732000.0
2018-07-24,213.2374569875546,214.3179648512432,210.74931211204074,212.80128479003906,28468700.0
2018-07-25,213.84210967305705,216.7168584647963,212.40473527718743,215.6066131591797,58954200.0
2018-07-26,173.36756255605715,178.56195322047824,172.23748698747983,174.7256317138672,169803700.0
2018-07-27,178.30421346498736,178.3636887403823,171.49402216498564,173.36756896972656,60073700.0
2018-07-30,173.77398788664595,173.77398788664595,165.11006556914384,169.57089233398438,65280800.0
2018-07-31,169.18432062012295,172.72325113068007,168.52015476645292,171.07769775390625,40356500.0
2018-08-01,172.41591285655338,173.55591105496342,169.41229055168418,170.15576171875,34042100.0
2018-08-02,169.19420080170357,175.25101304993282,168.78778140157203,174.8346710205078,32400000.0
2018-08-03,176.143193705186,177.2930994227068,174.61659108428015,176.23240661621094,24763400.0
2018-08-06,177.41202990093845,184.17265250798692,176.82716960465777,184.0735321044922,49716200.0
2018-08-07,184.87650089173556,186.6608347566333,182.1207022493779,182.2099151611328,33398600.0
2018-08-08,183.14175881570435,185.2234844520863,182.16037127981653,183.56800842285156,22205200.0
2018-08-09,184.23215350434344,184.94588700479872,180.8914795817807,181.4961700439453,19732100.0
2018-08-10,180.4553148486952,180.5148052478118,177.8581270811096,178.69081115722656,21500400.0
2018-08-13,178.53221852730192,181.02036329471073,177.3426525399582,178.48265075683594,17423300.0
2018-08-14,179.13688962040038,180.40574575189405,177.06507199663935,179.5334014892578,19102000.0
2018-08-15,177.778829887056,179.29550992645753,173.25852740680355,177.96717834472656,33020200.0
2018-08-16,178.8494382240003,178.92874363740364,172.49523378093997,173.17922973632812,31351800.0
2018-08-17,172.9809517112012,174.68598006708459,170.54235971933474,172.28704833984375,24893200.0
2018-08-20,172.5249701689092,173.0503704196409,169.42222719404683,170.99838256835938,21518000.0
2018-08-21,171.30568856027688,172.65385038129463,169.89805145870795,171.11734008789062,19578500.0
2018-08-22,170.71090401792085,172.72323148588757,170.63159860958226,172.12844848632812,16894100.0
2018-08-23,171.58324592890594,174.02183825603416,171.32551467724244,171.3948974609375,18053600.0
2018-08-24,172.18792676987275,173.2981873800535,171.4147179325106,173.12965393066406,14631600.0
2018-08-27,174.45797187085108,177.11463459175593,174.25970081625167,175.91517639160156,17921900.0
2018-08-28,176.54962580560777,176.68840648504852,174.29938217199907,174.7256317138672,15910700.0
2018-08-29,174.7652861733291,175.25101097225345,173.22877612102658,174.36875915527344,18494100.0
2018-08-30,174.36876933386665,178.2249059445459,174.1705133762454,176.0936279296875,24216500.0
2018-08-31,175.60790873570613,176.07381861047097,173.45680033300715,174.2002716064453,18065200.0
2018-09-04,171.98965498520033,172.37625936831316,167.3305722557498,169.67002868652344,29809000.0
2018-09-05,168.01458975330803,169.64031289754718,165.21913068006464,165.7246856689453,31226700.0
2018-09-06,165.52641733879844,165.52641733879844,158.6071832066759,161.1151580810547,41514800.0
2018-09-07,158.9144664613776,163.19686724418932,158.76577829223478,161.62069702148438,24300600.0
2018-09-10,162.08661247615825,163.57355472361868,160.7483735290191,162.7507781982422,20197700.0
2018-09-11,162.51287846001128,165.73458668942166,162.29479238517447,164.49546813964844,20457100.0
2018-09-12,161.8288860321045,163.0580971048912,160.39151150907855,160.5897674560547,24078100.0
2018-09-13,160.5897809423815,161.89829752903972,159.45970531115873,159.95535278320312,25453800.0
2018-09-14,160.3122298843409,161.4224754528582,158.9442379331596,160.90701293945312,21770400.0
2018-09-17,160.51047576179135,160.64925644912427,158.37919767933,159.18214416503906,21005300.0
2018-09-18,158.00247439429774,160.35183818281627,157.48699687338012,158.90455627441406,22465200.0
2018-09-19,158.6864640929847,162.01721503069191,158.0916811974823,161.64051818847656,19629000.0
2018-09-20,163.0680108438316,165.0010328711957,163.03827320694597,164.5747833251953,18936000.0
2018-09-21,165.18936815138855,165.79405859644982,161.3927071767853,161.51165771484375,45994800.0
2018-09-24,159.62821627816848,164.25756163854922,159.47952809379342,163.9700927734375,19222800.0
2018-09-25,160.57984731873293,164.1484994614074,159.74714820541337,163.47442626953125,27622800.0
2018-09-26,162.8697482596192,167.8262225515981,162.78053535259377,165.49667358398438,25252200.0
2018-09-27,166.09146025855756,170.27472586448513,165.7544236294065,167.37022399902344,27266900.0
2018-09-28,166.86465689793098,167.3206440392169,161.14488161871418,163.02835083007812,34265600.0
2018-10-01,161.61080028025717,164.43599668976157,159.85620413774518,161.02593994140625,26407700.0
2018-10-02,160.17343728359683,160.8673407123467,157.28876539483633,157.94302368164062,36031000.0
2018-10-03,158.60718240618235,162.23532533395408,158.1412725977874,161.01602172851562,23109500.0
2018-10-04,160.05442724891537,160.05442724891537,155.98020597845377,157.46714782714844,25739600.0
2018-10-05,157.82407327832271,159.4993490128948,154.84026584295069,155.96043395996094,25744000.0
2018-10-08,154.18598279335635,156.9616111911632,153.0459998514154,155.881103515625,24046000.0
2018-10-09,156.3173034494987,159.19205276080575,156.04964957710675,156.5254669189453,18844400.0
2018-10-10,155.45485615833547,156.31727778494096,149.99281218727913,150.0622100830078,30610000.0
2018-10-11,148.8231199028163,153.46237313987413,147.86156256398013,152.0150909423828,35338900.0
2018-10-12,155.36563421957825,155.52424502235203,149.9829105618363,152.40167236328125,25293500.0
2018-10-15,151.9853377997949,154.21575127301105,151.22203650924783,152.18359375,15433500.0
2018-10-16,154.04723009835809,158.0719003251682,153.6606256705908,157.39781188964844,19180100.0
2018-10-17,158.1710072394392,159.09291933521772,156.57502189165865,158.0322265625,17592000.0
2018-10-18,157.13018758148888,157.27889092843174,151.9457182218413,153.57144165039062,21675100.0
2018-10-19,154.50322574740176,155.98026061313823,152.213336918493,152.708984375,19761300.0
2018-10-22,153.41278705503572,155.97032960839704,153.11541069786745,153.4326171875,15424700.0
2018-10-23,149.90363240458046,153.42273271016217,149.53685809172077,153.04603576660156,19095000.0
2018-10-24,152.93698307673407,153.30375736648972,144.33255020490628,144.76870727539062,27744600.0
2018-10-25,146.44400009056494,150.8850123985702,145.72035900560203,149.63597106933594,22105700.0
2018-10-26,144.55061747348904,147.70292773104728,142.54819770790712,144.10452270507812,31303300.0
2018-10-29,147.2073082503133,147.53443741709603,137.81974334238814,140.8531036376953,31336800.0
2018-10-30,138.72179810056574,145.36347030089044,138.5235421638017,144.94712829589844,50528300.0
2018-10-31,153.65070640888268,155.03851319057912,147.66329198875871,150.46864318847656,60101300.0
2018-11-01,150.20100726309514,151.42029575303908,148.04989914836352,150.4290008544922,25640800.0
2018-11-02,150.47855794739172,152.78827671223485,147.66328426550686,149.0411834716797,24708700.0
2018-11-05,148.79336367380557,148.8825765804582,146.15651573126158,147.38571166992188,15971200.0
2018-11-06,148.0102449729076,149.6557982024448,146.71165102252405,148.634765625,16667100.0
2018-11-07,150.25058250966376,151.67803452879494,148.5257238550179,150.21092224121094,21877400.0
2018-11-08,149.17998197671446,149.6260616775448,145.46262592652752,146.58277893066406,24145800.0
2018-11-09,145.47250049710007,146.4737027212756,142.81583790180323,143.69808959960938,17326900.0
2018-11-12,143.2222659943768,143.777388652633,139.2670094913224,140.31777954101562,18542100.0
2018-11-13,140.76387453875333,143.61880866548017,140.3871776398214,140.9224853515625,15141700.0
2018-11-14,142.44906103823376,144.3127001195929,140.31778324911562,142.96453857421875,22068400.0
2018-11-15,141.0909907299261,143.57913523312448,139.60404852960136,142.59776306152344,30320300.0
2018-11-16,139.84198661292328,140.5358900564823,136.5707102350472,138.3153839111328,37250600.0
2018-11-19,136.41205889906274,136.55083954655822,130.0677791193329,130.40481567382812,44362700.0
2018-11-20,125.92417487518362,132.99211150709772,125.74574151200677,131.27716064453125,41939500.0
2018-11-21,133.23005084241785,135.99577254756178,132.9624120652457,133.6464080810547,25469700.0
2018-11-23,132.48655152128535,133.32915819969682,130.11735741928078,130.58326721191406,11886100.0
2018-11-26,131.84222828884066,135.80740808700128,131.62414218986498,135.19281005859375,24263600.0
2018-11-27,134.56828503078884,135.4207992647516,132.54605005480934,133.82481384277344,20750300.0
2018-11-28,135.09367119656213,135.5992261630699,130.70224193837456,135.56948852539062,29847500.0
2018-11-29,134.73679471044042,138.77137202577873,134.47906349380332,137.47276306152344,24238700.0
2018-11-30,137.0564370983846,139.7428531223414,136.16427767582408,139.385986328125,25732600.0
2018-12-03,141.75514720530225,142.42922036511973,139.53464155198645,139.8617706298828,24819200.0
2018-12-04,139.50492247762543,142.14177045558748,135.96600766590524,136.7292938232422,30307400.0
2018-12-06,132.65509895962774,138.4839030454518,132.50639563988096,138.41452026367188,28218100.0
2018-12-07,138.03781105661508,139.64370391046762,135.47036096593592,136.22373962402344,21195500.0
2018-12-10,138.38476004127986,141.80472407388615,137.79988461392819,140.61517333984375,26422200.0
2018-12-11,142.6275193234303,142.6275193234303,139.87172062898193,140.8431854248047,20300300.0
2018-12-12,141.83448939013158,145.90871241572717,141.26944398375352,143.24212646484375,23696900.0
2018-12-13,144.3027726096113,144.58033390759115,141.94348645082633,143.7476348876953,18148600.0
2018-12-14,142.09222037591434,144.73897618669832,141.26944371829097,142.8059539794922,21785800.0
2018-12-17,141.83449225059005,143.65847144396338,137.21505386057936,138.9696502685547,24334000.0
2018-12-18,139.85189624800478,144.65966777917276,138.6127775349263,142.40943908691406,24709100.0
2018-12-19,139.98072845429044,143.64851574604427,131.34654513384478,132.08010864257812,57404900.0
2018-12-20,129.56223074953317,134.3898468384208,128.8683273964364,132.2387237548828,40297900.0
2018-12-21,132.22882044679108,133.7256702363829,122.34560950669906,123.86228942871094,56901500.0
2018-12-24,122.02839174770781,128.610596359982,121.94908634639599,122.98003387451172,22066000.0
2018-12-26,124.90317662123222,133.07145329958615,124.79413356041329,133.011962890625,39723400.0
2018-12-27,131.2871037414817,133.8149088534254,128.54121253354535,133.3489990234375,31202500.0
2018-12-28,134.16183660726637,134.73678941497596,131.04917149377553,132.04046630859375,22627600.0
2018-12-31,133.27957290640487,133.46792132452754,128.81874663870548,129.94882202148438,24625300.0
2019-01-02,127.867135867288,136.31295760854468,127.44087119055204,134.49888610839844,28146200.0
2019-01-03,133.51750212740563,135.97590905312902,129.9785723489049,130.5931854248047,22717900.0
2019-01-04,132.8434258709111,136.79869801987482,132.58569463882793,136.74913024902344,29002100.0
2019-01-07,136.36251144124867,137.66110522026977,134.72688105755734,136.84825134277344,20089300.0
2019-01-08,138.67222795755654,141.8939360341055,138.3252687296988,141.28924560546875,26263800.0
2019-01-09,141.70561566989826,143.440381900863,140.04024734863347,142.97447204589844,22205900.0
2019-01-10,141.83445685147305,143.30156886902716,139.61395113158648,142.9447021484375,16125000.0
2019-01-11,141.90383659648845,144.09460463681776,141.32889895563565,142.54818725585938,12908000.0
2019-01-14,140.76387015955348,145.29409493148682,140.04022914681872,144.12435913085938,20520300.0
2019-01-15,144.73895678589847,149.36830195811237,144.71914177942702,147.6533660888672,24069000.0
2019-01-16,147.7029275799057,148.34726315990443,145.72033794796064,146.25563049316406,18025700.0
2019-01-17,145.6707790695301,147.70293659145,145.2246994003183,147.009033203125,15787900.0
2019-01-18,148.4464178404582,151.10308102949585,147.25686693303894,148.73388671875,31029600.0
2019-01-22,147.90120084429688,150.21091985120773,145.09583437133543,146.285400390625,22378700.0
2019-01-23,146.98920313450117,147.50468070575025,141.81464266708224,143.04385375976562,20098400.0
2019-01-24,143.38088830966026,145.1652220873857,141.27934804142765,144.56053161621094,20955500.0
2019-01-25,146.19617999211297,148.52572925469124,145.26436028708167,147.71286010742188,22237200.0
2019-01-28,146.76121691063824,147.6632989240889,144.93723787589587,146.18626403808594,15508500.0
2019-01-29,146.80084285211072,146.81076548069362,142.18140546803033,142.93479919433594,17632100.0
2019-01-30,144.94712996181704,149.63595023069124,144.4316524195393,149.11056518554688,44613200.0
2019-01-31,164.15842964512674,170.18548889138478,163.56364669766086,165.2389373779297,77233600.0
2019-02-01,164.39632935445286,167.6279601489717,164.21790354727403,164.26747131347656,30806500.0
2019-02-04,164.25755728331245,167.82622487328953,162.19566213421007,167.7766571044922,20036000.0
2019-02-05,167.6775163746691,170.4828825909837,167.22152921815598,169.67002868652344,22557000.0
2019-02-06,169.70965490461276,170.96860344812174,167.79646333443833,169.00584411621094,13281200.0
2019-02-07,166.73580479734449,167.7667599987707,163.81148776857412,164.93165588378906,17517600.0
2019-02-08,163.03827846153243,165.91302771016467,162.78054722489733,165.87338256835938,12561400.0
2019-02-11,166.43840403876956,166.83493106571902,163.64296034708318,164.34677124023438,12811200.0
2019-02-12,165.4074659623436,166.8745781643805,163.06800941673683,163.60330200195312,16292300.0
2019-02-13,163.94034799052733,164.77303203865117,162.30470240389937,162.64175415039062,14205100.0
2019-02-14,161.7694179484916,163.43478612823927,160.83759831774523,162.52279663085938,12755200.0
2019-02-15,163.07793142082744,163.26627988684206,159.45971080072653,161.08543395996094,15504400.0
2019-02-19,159.10284691275353,162.72106759901422,158.9343285784909,160.87725830078125,14345400.0
2019-02-20,160.83759846030406,162.2948031818548,159.84630355453947,161.1448974609375,11770700.0
2019-02-21,160.5203667171822,160.82768082441467,158.2007404140604,158.64682006835938,15607800.0
2019-02-22,159.1821645422925,160.9962363399135,158.91451063747303,160.4807586669922,15858500.0
2019-02-25,161.65047090724298,164.6243556864197,161.48193745891135,163.1869659423828,18737100.0
2019-02-26,162.90939636367105,164.79286570447985,162.37410378581643,162.70123291015625,13784100.0
2019-02-27,161.48191309499717,162.50294550505402,159.013598781307,161.3927001953125,12697500.0
2019-02-28,160.9565451403324,162.07671319723192,159.45969531394803,160.0445556640625,11114200.0
2019-03-01,161.1845464371865,161.7099314903632,160.28246450589862,160.86732482910156,11097800.0
2019-03-04,162.47323034096743,166.04189808146043,162.4038475624923,165.91302490234375,18894700.0
2019-03-05,165.91301343665094,170.38376287008228,165.10015952891004,169.76914978027344,28187900.0
2019-03-06,171.39488994598577,172.05907087000372,169.77908947123353,171.00828552246094,21531700.0
2019-03-07,170.00707896641893,170.24499519282546,166.15094232842895,167.65771484375,18306500.0
2019-03-08,164.75319990787847,168.14342645636808,164.52520632922034,168.1236114501953,13184800.0
2019-03-11,170.10621846208326,172.7827117860263,170.08638832793187,170.57212829589844,18884000.0
2019-03-12,170.59193445433897,172.2870553762765,169.72951273799794,170.4234161376953,12155300.0
2019-03-13,170.8199161777112,172.5150217058317,170.6216451297341,171.8607635498047,11973300.0
2019-03-14,168.282209886595,169.66010913612425,166.69614718712864,168.6886444091797,18037400.0
2019-03-15,165.7048615974504,166.12120364657443,161.095331167797,164.53512573242188,37135400.0
2019-03-18,162.1461097585963,162.47322375608724,157.89344627970175,159.07308959960938,37524200.0
2019-03-19,160.0742851530314,162.39392655443643,159.42004205997952,160.16351318359375,25611500.0
2019-03-20,160.0941277919876,164.6739054309311,159.8363965610117,163.9998321533203,20211500.0
2019-03-21,163.4546035608646,164.9415458026552,162.3245280621421,164.63424682617188,16223000.0
2019-03-22,164.20798715419053,165.96258328787198,162.6615695960818,162.90939331054688,16389200.0
2019-03-25,161.5810689154257,165.09024621068198,160.58977401410408,164.84242248535156,12631200.0
2019-03-26,165.89320764895325,167.97491786442606,164.9019127484539,166.22032165527344,15437900.0
2019-03-27,166.38883041064906,167.46933806163872,163.35545575940287,164.42605590820312,10620300.0
2019-03-28,163.13740670660943,165.26868466187196,161.90819560219353,164.10887145996094,10443000.0
2019-03-29,164.94154590419674,165.734584792165,163.37529826009805,165.2389373779297,13455500.0
2019-04-01,166.36902359647164,167.42970126577598,165.82380838049292,167.2314453125,10381500.0
2019-04-02,168.6589084826218,173.3774666158427,168.0740481398785,172.68356323242188,23946500.0
2019-04-03,172.98094656020862,176.41083330215372,171.44443655984026,172.029296875,27391100.0
2019-04-04,174.48773193359375,176.45049159357944,174.0019919889176,174.48773193359375,17847700.0
2019-04-05,175.34022847031102,175.4591790056014,173.57572494236527,174.19032287597656,9594100.0
2019-04-08,173.68477251111253,173.9722413542248,172.71329269434176,173.40719604492188,7297400.0
2019-04-09,174.09118943102257,177.63011915787962,174.0218066599249,176.0341339111328,19751000.0
2019-04-10,176.62891584767104,177.23360633426717,175.00319283671809,176.27206420898438,11701500.0
2019-04-11,176.6883777216429,176.8469733823574,175.45916681387345,175.9647216796875,8071000.0
2019-04-12,176.4504784580155,178.06629385948273,176.4009106916839,177.54090881347656,12329800.0
2019-04-15,176.94613753448198,178.9287273107787,175.3303220264931,178.08612060546875,10834800.0
2019-04-16,177.4418004330845,178.60161373811837,176.7478969761361,177.31292724609375,11215200.0
2019-04-17,178.0365322357041,179.1666075763856,176.8073213757172,177.22366333007812,9973700.0
2019-04-18,177.24352015384164,177.32282555603885,175.79622303417014,176.72804260253906,11655600.0
2019-04-22,176.6983317511647,180.08855879769862,176.6983317511647,179.86056518554688,13389900.0
2019-04-23,181.1492357391482,182.61634795804838,179.90019448268743,182.18017578125,19954800.0
2019-04-24,182.88399264176886,183.5283282450124,180.06870376711515,180.99061584472656,37289900.0
2019-04-25,195.26525476029954,196.7521970310547,190.44756119801445,191.57763671875,54148800.0
2019-04-26,190.82424611073804,191.2207579743512,187.44392726368935,189.8230438232422,22075000.0
2019-04-29,189.28778040967566,193.70896283948738,188.99038887947964,193.08444213867188,19641300.0
2019-04-30,192.49954679695807,195.67168724983304,190.6061700282569,191.71641540527344,23494700.0
2019-05-01,193.0844058456924,194.47221255780033,191.3298097607027,191.34963989257812,15996600.0
2019-05-02,191.31991371449158,192.31120860420398,188.0982053229263,190.85400390625,13209500.0
2019-05-03,192.6879095362235,194.4524132667719,192.02374376132806,193.76841735839844,14575400.0
2019-05-06,189.5752277508168,192.5887573629574,188.89123190151273,192.19224548339844,13994900.0
2019-05-07,190.86390255989102,191.2207693086788,186.2147424485166,188.11802673339844,16253000.0
2019-05-08,187.74131122821987,189.05973505473045,186.90862727230498,187.88999938964844,12505700.0
2019-05-09,185.57036193852488,188.11799653849656,184.63854251481473,187.0077362060547,12967000.0
2019-05-10,186.61127231518952,188.3460384588898,182.98312920727724,186.7004852294922,12578500.0
2019-05-13,181.9026156964481,183.81580760925243,179.26576760980052,179.9596710205078,16833300.0
2019-05-14,180.93113395389048,181.89269113496795,176.5496126846514,179.15670776367188,17628100.0
2019-05-15,178.84943231048948,185.64971624388198,178.45292038254397,184.6485137939453,16746900.0
2019-05-16,183.43911397532904,186.9383835658683,183.43911397532904,185.3622283935547,12953100.0
2019-05-17,183.23093314658834,185.9470864320573,182.67581046073104,183.6869354248047,10485400.0
2019-05-20,180.29672568380295,182.62625968048448,179.79115559176233,181.12940979003906,10352000.0
2019-05-21,182.96329689409416,184.08344978385523,182.28920853365662,183.21112060546875,7502800.0
2019-05-22,183.1218659634257,185.11437799395074,182.01162073810886,183.7067413330078,9213800.0
2019-05-23,180.83202720147187,182.299139526583,178.10596602508983,179.29551696777344,12768800.0
2019-05-24,180.74280498768937,182.03149141179736,179.25586260432482,179.48385620117188,8807700.0
2019-05-28,179.95963012230965,183.10204757871378,179.87041723105634,182.7055206298828,14843300.0
2019-05-29,181.9026284245801,182.95339868088442,179.77135027271464,180.60403442382812,12797700.0
2019-05-30,181.48628328371103,181.8827952177458,179.31534489886306,181.41688537597656,8581500.0
2019-05-31,178.71064615567346,178.968377388357,175.61781085963088,175.92510986328125,15226500.0
2019-06-03,173.4765936766981,173.5261614429403,159.60837368542724,162.72103881835938,56059600.0
2019-06-04,162.28488459513008,166.81509413959097,159.43985812423,166.04188537597656,46044300.0
2019-06-05,166.02204361818937,167.25125457665985,163.1968626031123,166.70603942871094,19758300.0
2019-06-06,166.83494741940248,168.2227543348642,165.7742545350446,166.86468505859375,12446400.0
2019-06-07,168.68864732746155,172.35643534550604,167.37022332653441,171.84097290039062,16917300.0
2019-06-10,173.22875884480794,176.3116861451673,172.28703185052842,173.29815673828125,14767900.0
2019-06-11,176.92628805389447,178.4132302235143,175.25099745596955,176.5496063232422,15266600.0
2019-06-12,176.82720258328982,177.70945450651269,171.37508021762997,173.51626586914062,17699800.0
2019-06-13,174.001995307064,176.48023259580583,173.0900057999222,175.92510986328125,12253600.0
2019-06-14,178.9386415209087,180.2570655866755,178.43308655435038,179.7515106201172,16773700.0
2019-06-17,183.39945977368052,187.85037921736884,182.80469192297429,187.36463928222656,29459900.0
2019-06-18,192.3112051342461,192.83659020623713,185.64970238549856,186.829345703125,37571400.0
2019-06-19,185.37212889493662,186.46255923293725,182.94345964316256,185.8479461669922,21417100.0
2019-06-20,189.2877639392114,189.4959425300229,186.00658013966265,187.880126953125,14635700.0
2019-06-21,187.10692562142606,190.3286342745102,187.10692562142606,189.4761199951172,22751200.0
2019-06-24,190.7449446896004,192.2913621662736,189.9023531803661,190.9233856201172,15509000.0
2019-06-25,191.2009454100532,191.45867661209593,186.49229512123998,187.19610595703125,16750300.0
2019-06-26,187.89002176271006,189.09940270619464,185.6794384524873,186.02639770507812,12808600.0
2019-06-27,188.22706919422956,197.14872276061521,186.63108389564889,187.85037231445312,11159000.0
2019-06-28,188.89121616058958,191.5181411771644,188.2865257627799,191.31988525390625,16378900.0
2019-07-01,193.51065328969605,193.5800360561556,190.2591926192411,191.31988525390625,14181800.0
2019-07-02,191.31991569323418,193.30250549316406,191.03244682766663,193.30250549316406,9050000.0
2019-07-03,192.4698077753127,195.68159334310286,192.4698077753127,195.48333740234375,10246100.0
2019-07-05,194.4722062926704,195.35447318418,192.47970919320042,194.69029235839844,11164100.0
2019-07-08,193.4908626913121,194.96788247841616,191.95435250171457,194.05589294433594,9723900.0
2019-07-09,193.27274990607873,197.72366903888874,193.19344450633184,197.47584533691406,14698600.0
2019-07-10,198.25897913106715,201.19321867762923,197.93185000038574,200.9652099609375,20571700.0
2019-07-11,201.49056812604985,202.0258757687231,198.46713119900554,199.47824096679688,13678500.0
2019-07-12,197.94175549280985,203.5128430354404,197.4262930429974,203.08657836914062,15366300.0
2019-07-15,202.47198536964194,203.54258568756845,200.06314599877723,202.13494873046875,16030300.0
2019-07-16,202.11513479126563,203.6813826896914,201.33201840503335,202.06556701660156,12132700.0
2019-07-17,202.40256047007514,202.58100139557666,199.83511062581152,200.0432891845703,12083700.0
2019-07-18,198.4076601840089,200.70747151973183,197.64437403247877,199.0321807861328,11937900.0
2019-07-19,200.41999361955826,200.56869692864873,196.34578614217662,196.6332550048828,12098300.0
2019-07-22,198.16973761280076,200.80658528481754,197.0793073346111,200.5587615966797,13589000.0
2019-07-23,201.07426705492568,202.46208908139556,199.21064280652215,200.59844970703125,14583700.0
2019-07-24,195.90960129358152,203.02709088347058,195.50316678471034,202.87840270996094,32532500.0
2019-07-25,204.90064563487275,206.84359022630701,196.53411455148293,198.96279907226562,39889900.0
2019-07-26,198.447326346332,201.11391201920256,194.5416220616041,198.0111541748047,24434000.0
2019-07-29,197.2676582672981,197.89217880965683,193.59987066138913,194.2342987060547,16530800.0
2019-07-30,193.68909190741383,196.9801979300487,191.81554532555143,195.32472229003906,11903600.0
2019-07-31,195.2355076336105,197.02974879960814,191.0026746067043,192.5391845703125,14593500.0
2019-08-01,192.47971305224087,196.74228379607928,189.21835975548873,191.05224609375,17777000.0
2019-08-02,189.43645260607656,190.9432098931184,186.43283040922628,187.3745574951172,15297000.0
2019-08-05,183.08224968810975,184.0537144133837,177.7788161490501,180.14801025390625,23086700.0
2019-08-06,182.09093948564762,184.1726494358094,181.49615657076833,182.90379333496094,18035700.0
2019-08-07,182.0017587137703,184.74763483221585,179.6424718944931,183.5382537841797,15833200.0
2019-08-08,184.9954313391032,188.68304921720795,182.44781156029177,188.50462341308594,14828900.0
2019-08-09,188.34603017251814,189.31749493498137,185.49109603275392,186.21475219726562,11058800.0
2019-08-12,185.22344437250766,185.95699286346687,182.85425034233126,183.75631713867188,10930900.0
2019-08-13,183.90502266119785,189.7140110194485,183.7563193598577,186.80950927734375,13577000.0
2019-08-14,184.18261276115007,184.37096123001126,177.74910280995707,178.1456298828125,18903700.0
2019-08-15,179.37481100961836,181.6052245579926,178.46282150717607,181.0005340576172,12925900.0
2019-08-16,182.15044362624923,183.4886978338874,180.7725442767816,182.1008758544922,12654600.0
2019-08-19,184.39075137486302,185.86778616090027,183.24086083354322,184.5493621826172,9691200.0
2019-08-20,183.83563821004856,184.38085343626173,180.80227820270235,182.2099151611328,10083400.0
2019-08-21,183.38955351146254,184.2817128565399,181.54574442247107,181.95217895507812,8398200.0
2019-08-22,181.83319086164633,182.50727916503908,178.34384419146897,180.45529174804688,10821400.0
2019-08-23,179.26579587365882,181.53587004240555,175.12218976359284,176.20269775390625,17323400.0
2019-08-26,177.8382977570461,178.92872818974976,176.68840717687456,178.78994750976562,8773600.0
2019-08-27,180.3462767514678,182.4379096286173,179.43428724414596,179.72177124023438,14399600.0
2019-08-28,178.95846118228755,180.36609807872819,177.36247584090782,180.17774963378906,9386100.0
2019-08-29,182.1702712258315,184.46016006512284,181.8728797253869,183.95460510253906,10128700.0
2019-08-30,185.1540334637899,185.17386359419388,181.86294273673383,184.05369567871094,10774500.0
2019-09-03,182.39826200894478,184.05372268054123,180.5247152487826,180.80227661132812,9779400.0
2019-09-04,183.04258051332087,186.11560047297843,182.289201903489,185.5109100341797,11308000.0
2019-09-05,186.88882563279574,189.69419200509188,186.30396527407314,189.23818969726562,13876700.0
2019-09-06,188.55418740073307,188.55418740073307,184.72778893187632,185.8578643798828,15226800.0
2019-09-09,186.0958190954973,187.33493793192972,184.23219465115733,187.11685180664062,14722400.0
2019-09-10,185.80831088948224,186.46256912699883,182.94346935049393,184.5493621826172,15455900.0
2019-09-11,184.836839586946,187.7908939279725,184.46014271342045,186.8491668701172,11761700.0
2019-09-12,188.20723725439157,189.2679148582642,185.60012700806035,185.83804321289062,11419800.0
2019-09-13,185.6992665141406,186.33369461463457,184.916135110212,185.56048583984375,11441100.0
2019-09-16,185.3027488986509,186.15526311999932,184.15285830726447,184.59893798828125,8444800.0
2019-09-17,185.0351120623095,186.68066524786644,183.92485147426774,186.4427490234375,9671100.0
2019-09-18,186.45264475670885,187.43403210381956,184.39074965303598,186.50221252441406,9681900.0
2019-09-19,187.0177052428198,189.4364672937098,186.51213514758413,188.4848175048828,10392700.0
2019-09-20,189.00028272958482,191.41904462211022,186.48238530010315,188.27662658691406,19934200.0
2019-09-23,187.6917779121405,188.4451717375327,183.59774014788326,185.1937255859375,13327600.0
2019-09-24,186.3436074918448,186.40308276455025,178.81968297541698,179.70193481445312,18546600.0
2019-09-25,179.87044041290727,181.82329240046013,176.32160317476445,181.2086944580078,18068300.0
2019-09-26,179.75149517282722,179.8208779461365,176.12335242778306,178.5421142578125,16083300.0
2019-09-27,178.91882348545542,179.18646222006666,174.1308672621529,175.55833435058594,14656200.0
2019-09-30,176.32162182730542,177.11466078511165,175.31051190391352,176.52980041503906,10740000.0
2019-10-01,177.5904776543643,178.27447356464504,173.35765926557306,174.27955627441406,17073000.0
2019-10-02,173.31800975590428,174.9933006833937,171.58324355008335,173.08010864257812,16151700.0
2019-10-03,174.04165035077614,178.27446862221802,172.11853585227658,177.8184814453125,16086300.0
2019-10-04,177.98700626999957,179.40455074799638,176.54963165829395,178.87916564941406,10430200.0
2019-10-07,178.43308161312447,179.6028023321276,176.5397047279993,178.11585998535156,9178300.0
2019-10-08,176.70825279156682,178.79988598316362,176.17296011204164,176.20269775390625,9466900.0
2019-10-09,177.60042781182625,179.14684569599962,176.3910466201599,178.284423828125,7556900.0
2019-10-10,178.7502830306757,180.02904664889869,177.6102849514643,178.46279907226562,8605000.0
2019-10-11,180.56435883307805,184.86659016737028,180.55445132948677,182.58660888671875,14930500.0
2019-10-14,182.59651401131947,183.0128560461247,180.98071364132852,181.6845245361328,7006000.0
2019-10-15,182.20000950385625,188.7227318991108,182.06122881995552,187.24569702148438,15039100.0
2019-10-16,186.6806748089256,188.04865157306457,185.27302264974318,187.89996337890625,10516900.0
2019-10-17,188.6434073356574,189.17869988321854,187.12672747061578,188.7326202392578,9603000.0
2019-10-18,188.57399259770204,189.82303364040027,182.3189252601091,184.2321319580078,16874200.0
2019-10-21,185.4117852721347,188.2568118261365,185.12431641612076,188.1081085205078,8122600.0
2019-10-22,188.3460071495554,188.99034270257863,179.92000156654896,180.752685546875,19537600.0
2019-10-23,180.4256105417009,184.75758029037053,180.41570303633108,184.52957153320312,12300400.0
2019-10-24,183.01286435066095,185.10449724902045,181.20871545130507,184.75755310058594,11413500.0
2019-10-25,184.21232949714437,187.35473245387462,183.47876584007477,186.25439453125,8061200.0
2019-10-28,185.57039034704746,187.8801091309516,183.46885013420712,187.75123596191406,13657900.0
2019-10-29,190.02130430737162,190.85398831648254,186.8293338131547,187.66201782226562,13574900.0
2019-10-30,187.90984563878274,188.7920974328394,184.36100833067871,186.6112518310547,28734600.0
2019-10-31,194.987701137253,196.3656004243641,186.61126237203993,189.98165893554688,42286500.0
2019-11-01,191.17122311261366,192.42024921250243,188.25681375358042,191.93450927734375,21711800.0
2019-11-04,192.8564297987559,195.65187360892588,192.1228661122772,193.0249481201172,16371300.0
2019-11-05,193.66928077716966,194.04597768143054,191.91469968576047,192.62843322753906,9942000.0
2019-11-06,192.3409449160828,192.67798154603338,189.6842818904118,189.88253784179688,10973000.0
2019-11-07,190.23940973863412,191.7560897403017,187.82064773896667,188.7623748779297,13473000.0
2019-11-08,188.34602686998926,190.66565325489464,188.04863538131843,189.1787109375,10760800.0
2019-11-11,188.27664866740642,188.42535199028035,186.8987492474897,187.95944213867188,8631200.0
2019-11-12,188.3460255825402,193.3619752121112,188.08829436129892,192.77711486816406,17615500.0
2019-11-13,193.00510478704902,193.99639963970563,191.06217534637915,191.5082550048828,10860700.0
2019-11-14,191.25051133140488,192.3409417349273,189.78339916426867,191.46859741210938,9040500.0
2019-11-15,192.5689730166897,193.59992835019838,191.69664364906188,193.40167236328125,11524300.0
2019-11-18,192.8663211407008,196.90089838930183,191.36947138160062,195.6815948486328,16167200.0
2019-11-19,195.6816155610578,198.2589884614407,195.1463229476345,197.5849151611328,19056800.0
2019-11-20,196.85135755442803,197.85256003181706,193.72876931388606,195.79066467285156,12355400.0
2019-11-21,195.7014305375585,197.3568911478763,195.14630783301592,196.2069854736328,12131000.0
2019-11-22,196.65310695461915,197.56509653957016,195.89971307394907,197.0892791748047,9959800.0
2019-11-25,197.78314254494208,199.22051697839632,197.51548871392592,198.05078125,15272300.0
2019-11-26,198.25897808369487,198.4076662668738,196.31603344305245,197.23794555664062,11735500.0
2019-11-27,198.1598366315011,201.3716374259675,197.68401933356654,200.24156188964844,12736600.0
2019-11-29,199.84505944895685,202.02590522077313,199.45845503998015,199.88470458984375,7985200.0
2019-12-02,200.37043271830595,200.41998536000102,196.32594791826912,197.96157836914062,11503400.0
2019-12-03,195.87989806463978,197.1983071038898,193.38183042918882,197.0892791748047,11595300.0
2019-12-04,198.25897307147488,198.28871070735886,196.32595110921986,196.98020935058594,8456300.0
2019-12-05,198.12018966216903,199.5377340396137,196.4845592072776,197.62454223632812,9740400.0
2019-12-06,198.7546200053081,199.81531276903877,198.31844784549213,199.29983520507812,12270600.0
2019-12-09,198.90331489241436,201.3716446295494,198.46715784384807,199.58731079101562,11954800.0
2019-12-10,199.90453035631865,200.2911347568499,198.40766539772974,199.12139892578125,9475700.0
2019-12-11,198.53653845768358,200.86608748899027,198.53653845768358,200.49929809570312,8036800.0
2019-12-12,200.58851917968943,201.88711301453668,192.41033665773847,195.03726196289062,23734800.0
2019-12-13,194.69028540262767,195.08681238340188,191.4884075534089,192.42022705078125,18798000.0
2019-12-16,193.57014206086777,197.38661800925215,193.11413979219375,196.1970672607422,14911500.0
2019-12-17,197.10905877067222,197.2676695724178,194.42265827366506,196.66297912597656,10175700.0
2019-12-18,198.34821899889243,202.5215777322236,198.34821899889243,200.73724365234375,23274400.0
2019-12-19,201.01478911967473,204.50415158534474,200.74713524741477,204.2662353515625,16514600.0
2019-12-20,205.67385582041007,205.90186453167533,201.6591085633621,204.50413513183594,27306900.0
2019-12-23,204.90063990433006,206.77418654233378,203.8895149347214,204.38516235351562,13348900.0
2019-12-24,204.50413215983875,204.98985695947684,203.21544581969275,203.3343963623047,6046300.0
2019-12-26,203.78049468916097,206.0109081576368,203.52274834107865,205.9811553955078,9350700.0
2019-12-27,206.8535282158084,207.11125947342887,204.79163277696026,206.2884979248047,10284200.0
2019-12-30,206.05056445389897,206.09020959561857,202.12502988140977,202.63059997558594,10524300.0
2019-12-31,202.22413834119976,203.77055580247915,201.82762647326695,203.4632568359375,8953500.0
2020-01-02,204.95023487537443,207.9637649262208,204.47441752544307,207.953857421875,12077100.0
2020-01-03,205.40623346697336,208.56845165508497,205.14848709907997,206.853515625,11188400.0
2020-01-06,204.900634377329,210.92770864240686,204.72220857183618,210.74928283691406,17058900.0
2020-01-07,210.96737540793467,212.7120488834595,209.90668266717276,211.2052764892578,14912400.0
2020-01-08,211.14580552041744,214.35760631734092,210.7592011294325,213.3464813232422,13475000.0
2020-01-09,215.6462644733352,216.47896360236382,214.39723846872968,216.399658203125,12642800.0
2020-01-10,217.29181863884628,217.96590697301042,215.5273150927095,216.1617431640625,12119400.0
2020-01-13,217.68835231287758,220.0377162368791,217.3017479313842,219.97824096679688,14463400.0
2020-01-14,219.68085052642485,220.4441517899839,216.72679613272476,217.15304565429688,13288900.0
2020-01-15,218.689545721998,219.75022328905106,218.2236359574362,219.22483825683594,10036500.0
2020-01-16,220.6325164962698,220.69199177101737,218.4714857160289,219.8394775390625,10015300.0
2020-01-17,220.0971947542229,220.35492597036807,218.61025247639355,220.20623779296875,15905900.0
2020-01-21,220.22607789610095,220.4342413538847,217.21253293939026,219.51234436035156,14275800.0
2020-01-22,220.37475907681832,220.81093123768824,219.35372657567254,219.3933868408203,12212800.0
2020-01-23,218.82834170856364,219.5619053548799,217.36122954189034,217.84695434570312,11195000.0
2020-01-24,218.87792022361282,219.849385004895,214.22874465282248,216.04281616210938,11905800.0
2020-01-27,211.24494592278575,214.17917031016634,210.6501629417429,212.99952697753906,13810700.0
2020-01-28,214.2584886549919,216.8358615605444,211.66130074124504,215.8941192626953,13413800.0
2020-01-29,219.51234719018524,222.2483156951887,216.5483699652949,221.28675842285156,33181300.0
2020-01-30,204.7321243582591,209.58946307756923,202.96762073363075,207.7060089111328,48775500.0
2020-01-31,206.6155751830227,206.8733215207169,199.30973708992997,200.15234375,31359900.0
2020-02-03,201.6690349356694,203.35423322426226,200.73721531848193,202.41250610351562,15495600.0
2020-02-04,204.8213395474977,208.7667039889746,203.4137026585634,208.00340270996094,19628900.0
2020-02-05,210.6600616559983,210.87814773155097,206.89315335308982,208.2809600830078,12538200.0
2020-02-06,208.63782948172818,209.35156298788317,207.5176614545207,209.0145263671875,10567500.0
2020-02-07,208.4693162805183,210.967383613283,208.1025268892811,210.4816436767578,12242500.0
2020-02-10,209.67868908891847,211.93884011724154,208.82617492027316,211.2052764892578,11856400.0
2020-02-11,208.36026761626928,209.0244333528046,204.71229469095942,205.38638305664062,25030800.0
2020-02-12,206.04065155669,209.38131053815937,205.59455674975018,208.92530822753906,13813700.0
2020-02-13,207.69612402270548,212.46425035483114,207.35907224095146,211.28460693359375,15396600.0
2020-02-14,212.1370954297724,213.05899236907703,210.79884134747206,212.31552124023438,10741700.0
2020-02-18,211.6910190874841,216.0824480300486,211.54231578381527,215.90402221679688,15609200.0
2020-02-19,216.09237289597561,216.41950201628228,214.228733710941,215.5967254638672,12135100.0
2020-02-20,214.63518122349623,216.86559480295082,211.09625108363406,212.71206665039062,13109200.0
2020-02-21,211.62163328593365,212.3750270986265,207.0121180018901,208.35035705566406,14092300.0
2020-02-24,200.0433176124331,201.87720413639323,196.44491221736035,198.97271728515625,23080100.0
2020-02-25,200.48939011295317,201.72850871686512,194.24422932404505,195.05709838867188,21433500.0
2020-02-26,195.47342989939133,199.45843935027182,193.7882317140009,195.48333740234375,16524500.0
2020-02-27,190.15020867647684,194.17486384025085,187.8503970823426,188.0982208251953,21682600.0
2020-02-28,181.1095700157063,191.06217899708437,180.2372408143527,190.79452514648438,32568900.0
2020-03-02,192.34095603269014,194.85885365128047,187.2060555030283,194.72998046875,24949000.0
2020-03-03,194.51188274461072,195.5230077584199,182.36852045331503,184.2718048095703,27984100.0
2020-03-04,187.52324816700101,190.1600961433349,184.76744964693935,190.0906982421875,23062500.0
2020-03-05,185.15404495490924,187.34481315880845,182.28920353501553,183.5580596923828,19333400.0
2020-03-06,176.77761198822552,182.18016588247215,174.7256243932262,179.51358032226562,24559600.0
2020-03-09,168.12362589966506,173.47661246240665,163.75201163538196,168.0244903564453,29949000.0
2020-03-10,173.14946249940837,176.73794486823076,168.02447015120921,176.63882446289062,24517800.0
2020-03-11,172.49522768723494,174.34895951738508,166.20051387107003,168.758056640625,20373900.0
2020-03-12,158.15117758148926,165.14973209945882,152.99644726061157,153.1253204345703,43266300.0
2020-03-13,162.10644356283814,169.30323863758935,156.22807243704884,168.7976837158203,35028600.0
2020-03-16,150.99405163604348,157.7447677177131,141.8543111327493,144.7389678955078,39120400.0
2020-03-17,149.4277790519693,152.59991929028575,138.78126777847572,148.1192626953125,34255600.0
2020-03-18,138.53345221468916,146.8900603543709,135.9065269708406,145.68069458007812,37553100.0
2020-03-19,145.34365741244116,158.53779047574193,143.53950851010524,151.7969970703125,39862300.0
2020-03-20,154.66182782825337,157.88353611358346,146.71163883964718,148.42657470703125,32568400.0
2020-03-23,148.35720874770473,150.98413436617852,141.0117093943652,146.810791015625,29830800.0
2020-03-24,153.85889800645307,159.9057882108282,151.2418799067256,159.5786590576172,30440400.0
2020-03-25,157.53657450192858,161.57115177000506,151.7275861217966,154.8501739501953,35184300.0
2020-03-26,156.87244821175844,162.57239498722518,155.6531594846238,161.9181365966797,26556800.0
2020-03-27,156.822854600928,158.69640141000696,153.4028901241598,155.4251251220703,24879900.0
2020-03-30,157.79430097848623,165.29840996886728,156.6840556288971,164.50537109375,22515200.0
2020-03-31,164.03946028004327,169.44201394815866,162.7706041382974,165.3479766845703,23676300.0
2020-04-01,160.21308298396346,162.72105796616114,156.66424529203292,158.21067810058594,19507600.0
2020-04-02,157.71500914670497,159.9454224525926,154.56268380888545,156.81292724609375,20886300.0
2020-04-03,155.78197644426734,156.53537019548818,149.51700098576845,152.83782958984375,25983300.0
2020-04-06,158.75586999811065,164.75320708570277,157.13014698953972,164.10887145996094,28453600.0
2020-04-07,170.2945455005244,171.88062340287595,164.5648621453682,167.36032104492188,31411900.0
2020-04-08,169.75925600357357,173.47661197445476,166.27981626017447,172.76287841796875,21664200.0
2020-04-09,174.36875838401778,175.53849417465915,170.07646498649927,173.66494750976562,23534300.0
2020-04-13,172.15817198476006,173.476595928935,167.97490657571132,173.26841735839844,19355400.0
2020-04-14,177.4219190555949,179.652332104005,175.08246298644647,176.6189727783203,21011800.0
2020-04-15,173.6649398114376,176.63882423505683,171.3155759570851,175.429443359375,17423000.0
2020-04-16,176.40094249595273,176.50007804648965,171.0082952675099,174.7157440185547,23593200.0
2020-04-17,177.64004249237715,178.71064279610266,175.1221601097714,177.67970275878906,20974800.0
2020-04-20,175.86562372440423,178.92872119383586,175.23119562271654,176.6884002685547,16110700.0
2020-04-21,173.72441499563723,173.853288160905,166.87456424632103,169.3131561279297,24850500.0
2020-04-22,176.89656099734918,183.17145914344033,176.5892620174074,180.69322204589844,33242000.0
2020-04-23,182.4775699303214,185.42171704056207,181.5556577930537,183.5184326171875,21426600.0
2020-04-24,181.63496693142514,188.7524724391057,179.2558651348406,188.41543579101562,28792000.0
2020-04-27,190.98288327866794,192.06339111328126,185.77858493882417,185.8677978515625,29197800.0
2020-04-28,187.01772602555454,187.55301869215756,180.9708202263546,181.31777954101562,21731000.0
2020-04-29,189.26794146925386,195.19589628391623,188.3460444070909,192.49957275390625,45954500.0
2020-04-30,205.11874712075365,207.86463833916753,199.815328268595,202.92799377441406,46230100.0
2020-05-01,199.84505056505395,205.47559813020527,197.3172456375188,200.50921630859375,30415600.0
2020-05-04,198.45722553825703,204.11752577558354,197.02975853702785,203.47317504882812,19250700.0
2020-05-05,205.21787302604636,208.54862447224508,204.70239544631238,205.26744079589844,21071200.0
2020-05-06,206.30828366476794,209.7580007057453,204.86100162397798,206.65524291992188,21857000.0
2020-05-07,209.32180855304213,209.75798067468259,207.22025334204335,209.42092895507812,15152000.0
2020-05-08,210.3924370574454,211.35399432982777,209.014537738149,210.50148010253906,12506000.0
2020-05-11,209.05417540242968,213.1283979401851,208.53869783260805,211.32423400878906,12911900.0
2020-05-12,211.43327504157023,213.4059572677164,208.17192159205015,208.27105712890625,14704600.0
2020-05-13,207.6068840689912,208.94513823709826,200.35061325172475,203.31459045410156,20684600.0
2020-05-14,200.79667119478012,205.1286246073233,198.9429547689931,205.00967407226562,17178900.0
2020-05-15,203.4831009553526,209.50025291394357,202.343102786251,209.0442657470703,19383200.0
2020-05-18,210.30319710358134,212.7715267339531,209.103738801475,211.3341522216797,20151900.0
2020-05-19,211.41347485337647,218.5706254884204,210.9773026621722,214.99205017089844,31843200.0
2020-05-20,221.55439970264038,229.3261477219346,221.24710071828457,227.96807861328125,50162900.0
2020-05-21,232.67673086362328,235.13513788236287,229.18736871943992,229.37571716308594,47782600.0
2020-05-22,229.49467014998513,233.9356820629517,226.74879424788477,232.86508178710938,33925600.0
2020-05-26,237.6827745670303,238.8029274814234,229.65328009154226,230.1786651611328,33178300.0
2020-05-27,227.0759114176311,228.55293101712496,219.20502813569777,227.14529418945312,34697600.0
2020-05-28,222.3474544873753,229.6136480957041,222.05006298497125,223.4973602294922,29377200.0
2020-05-29,223.23962777027006,225.50970175822215,220.93983126878283,223.13058471679688,23241500.0
2020-06-01,222.63490409854282,230.41657462940574,221.55439635505033,229.8911895751953,18223800.0
2020-06-02,228.9296188168734,230.9716836426595,224.5877428419967,230.69412231445312,20919000.0
2020-06-03,230.08947048344942,230.62476309877923,226.54063276223485,228.1564483642578,15380300.0
2020-06-04,227.56163718394748,229.61362472834423,222.65473083450817,224.32009887695312,17041500.0
2020-06-05,224.73646886520714,229.3360765026521,223.34864695784768,228.76112365722656,16750400.0
2020-06-08,227.03625618473225,229.534323418887,225.43036338289795,229.3856201171875,15466500.0
2020-06-09,229.50459387983992,237.68277660516696,228.40425596266664,236.59234619140625,27462900.0
2020-06-10,238.86240797621303,239.11023168276265,233.23184549790702,234.66921997070312,20720700.0
2020-06-11,227.93836321427702,230.86268029147104,221.60398908906214,222.476318359375,26708200.0
2020-06-12,227.8986807845685,229.64336940745946,222.54569462569273,226.59017944335938,22091400.0
2020-06-15,223.1305455168529,231.73499234719503,222.84307667690538,230.47604370117188,15340300.0
2020-06-16,235.07568298678672,236.38419957650984,230.971722513685,233.59864807128906,15236700.0
2020-06-17,232.95430545591276,235.52175566028157,229.71276684259786,233.4796905517578,19578100.0
2020-06-18,232.94441171457788,234.08439488590344,230.12912248871174,233.88613891601562,15782500.0
2020-06-19,235.7200088059316,238.73355378768707,233.4995178993327,236.7113037109375,30081300.0
2020-06-22,236.48329974456362,238.6046701431826,234.8476692734358,237.13755798339844,18917800.0
2020-06-23,239.1796064468067,243.05557271769652,237.77196965585082,240.13125610351562,24017900.0
2020-06-24,239.10033962270523,241.10275966290268,230.65450238843093,231.98284912109375,20834900.0
2020-06-25,232.5775868399755,235.23426483463246,230.7139628559192,233.62835693359375,18704300.0
2020-06-26,230.61484635194967,231.06092603450634,213.52491672530047,214.19900512695312,76343900.0
2020-06-29,207.92409879678667,218.82834235704723,205.3070809473625,218.71929931640625,58514300.0
2020-06-30,218.66973623252326,225.51958755508608,216.56819590528403,225.0933380126953,33927100.0
2020-07-01,226.51087976376274,236.91947598923105,225.57906015771016,235.4821014404297,43399700.0
2020-07-02,236.91948906655,237.91078399988285,230.58511504759153,231.3880615234375,30633600.0
2020-07-06,231.72507735460576,238.30727451561665,230.24805771723553,238.18832397460938,26206200.0
2020-07-07,237.32590065741434,245.49416043715738,236.7410403335655,238.76327514648438,27887800.0
2020-07-08,236.03721083635764,244.8399137021741,234.53043847059658,241.4595947265625,29791300.0
2020-07-09,242.86722943826686,244.38390929366182,237.15737675477754,242.37158203125,22174900.0
2020-07-10,241.56865372181096,243.3529875457348,237.23669990075217,242.9366455078125,22982700.0
2020-07-13,244.8597617859769,247.97242734468227,236.34454173895932,236.91949462890625,24674900.0
2020-07-14,234.69899538242092,238.2379257420338,230.0101743350606,237.6431427001953,23378100.0
2020-07-15,239.44727266211922,242.6888110381981,235.9777407071234,238.18832397460938,19133600.0
2020-07-16,235.92817026004732,239.6554333868777,234.27270970400994,238.83265686035156,18880700.0
2020-07-17,238.90206319911425,242.0345586123702,235.78939791848782,239.923095703125,18152400.0
2020-07-20,237.97025842481224,243.9081204995895,233.58873665026343,243.28359985351562,20872200.0
2020-07-21,244.07662767391062,244.76062356437544,237.99007768806302,239.64553833007812,19364200.0
2020-07-22,238.16852582286322,239.7942489807477,236.0471551762827,237.78192138671875,15427900.0
2020-07-23,237.54398139412177,240.30968727296178,229.7325734104521,230.57518005371094,21771800.0
2020-07-24,228.18618255692917,231.4574588539895,224.92481376383182,228.70166015625,18325800.0
2020-07-27,229.44512648952175,232.90473604428718,228.82060585600848,231.4673614501953,13163100.0
2020-07-28,232.587509594588,232.91463870190316,227.8292914101219,228.11676025390625,14170100.0
2020-07-29,229.12789264007753,231.66560505382344,228.30511609365914,231.25917053222656,13588300.0
2020-07-30,228.21592279799037,232.8452683628402,227.00654175845798,232.4586639404297,20615300.0
2020-07-31,253.59303907846694,253.62277671193084,246.83240138645832,251.4617462158203,53005100.0
2020-08-03,250.45067395466143,253.17673518566826,248.15087743618457,249.76669311523438,23124900.0
2020-08-04,249.37014838368583,250.59935953342313,245.27609551181612,247.65521240234375,17183500.0
2020-08-05,248.01204767368492,250.07394266649422,245.61311608013628,246.95135498046875,13050100.0
2020-08-06,246.87206891607784,264.27921961993843,246.50529465278117,262.970703125,45241600.0
2020-08-07,261.7810888280034,276.46219104130057,261.1367533288925,266.1031494140625,72766400.0
2020-08-10,265.70667519444817,271.4759881242458,257.42935729827803,260.7105407714844,30248800.0
2020-08-11,257.9250303635218,263.6051612054622,252.909080435801,253.90037536621094,28238300.0
2020-08-12,256.7156503787785,261.6027271450453,255.86312100417206,257.6276550292969,21415700.0
2020-08-13,259.2731838466184,262.851774371615,257.31043919341164,259.0253601074219,17374000.0
2020-08-14,260.02654355504006,260.3635801658666,256.42813849404035,258.9658508300781,14792700.0
2020-08-17,260.2149283025059,261.8010062968293,257.14190786073965,258.8865966796875,13351100.0
2020-08-18,258.67839037193426,262.8418103841831,257.00309973841337,260.0562744140625,18690400.0
2020-08-19,259.11457201254495,265.57780346029676,259.07491174852066,260.3041076660156,23291500.0
2020-08-20,259.22360923298226,267.2828413890221,259.18394896753364,266.6682434082031,20299700.0
2020-08-21,266.35103716728554,268.1353559405538,264.100808566831,264.6856689453125,15538600.0
2020-08-24,268.7103357210728,274.836531396704,266.4303391309209,269.0275573730469,23685600.0
2020-08-25,270.03863392111543,280.6256556665897,267.9073560424017,278.37542724609375,42127200.0
2020-08-26,281.52777836633004,302.0178592082746,281.52777836633004,301.26446533203125,69015200.0
2020-08-27,297.547069226995,298.60776198914965,289.4779145343069,290.66748046875,30301300.0
2020-08-28,292.4319691112148,294.64256742942354,288.44697486350793,291.1036376953125,17157400.0
2020-08-31,291.39108453858455,294.2955707030032,289.01195309483353,290.6476135253906,17345100.0
2020-09-01,292.14453834590944,298.8655171752459,290.16194836378156,292.8681945800781,17295900.0
2020-09-02,296.2782166171665,300.9571296299292,290.4989505638761,299.86669921875,24341400.0
2020-09-03,293.413355515593,295.00935596893214,281.1609655842515,288.58575439453125,32294100.0
2020-09-04,284.74947158491176,286.48423773033767,268.77972461851283,280.2688293457031,30333700.0
2020-09-08,268.9184805775717,276.86865482377584,267.0746865754725,268.7995300292969,24864000.0
2020-09-09,273.3693922638843,276.05582330859846,268.98788560941557,271.3372497558594,22918800.0
2020-09-10,273.1116778489327,276.7298983195981,264.705485890159,265.7562561035156,24814700.0
2020-09-11,267.70907219012685,269.0275112197422,260.35368168986014,264.2890930175781,18913900.0
2020-09-14,268.5913945912352,274.2318656084392,263.3870957978233,263.8331604003906,24093800.0
2020-09-15,268.3138481408767,272.1303099337052,266.95574849230314,270.0486145019531,18478500.0
2020-09-16,264.9632451579217,270.0684082831144,259.51112273740233,261.2260437011719,29183400.0
2020-09-17,256.03166350567807,259.22363451746133,248.01209083286366,252.60179138183594,31281400.0
2020-09-18,256.1505916786772,256.9436457361105,247.87328848243533,250.33169555664062,28130800.0
2020-09-21,245.38511667482754,247.77414085618435,242.00481278493712,245.98980712890625,24709400.0
2020-09-22,251.10488171008313,253.0973939255421,246.0591948416241,252.5323486328125,30293100.0
2020-09-23,253.03790372190767,255.74413427480283,245.98979713011403,246.85223388671875,19641300.0
2020-09-24,244.35422637211389,250.04426532405623,243.4818819001328,247.35784912109375,20006800.0
2020-09-25,247.2289593364411,253.52368844298562,244.46325302703133,252.60179138183594,18351300.0
2020-09-28,257.141877987576,257.34014905830304,252.60176088633872,254.5843505859375,18826300.0
2020-09-29,255.56574368325687,261.03768081045007,254.6636616660201,259.5111083984375,20200200.0
2020-09-30,259.6994682440942,263.76375343697214,257.8358288522011,259.6201477050781,20142500.0
2020-10-01,263.04013408960924,265.9941738260117,262.4949036888926,264.3089904785156,20009800.0
2020-10-02,258.9361186241271,262.84182274311667,256.92379129394055,257.67718505859375,16367600.0
2020-10-05,259.9175067972345,262.5642469531849,258.56933014790394,262.3461608886719,12822300.0
2020-10-06,259.50122200607643,263.377189356894,255.9920289905563,256.40838623046875,18696900.0
2020-10-07,256.9535240905326,257.9150812844997,252.60175552330386,255.87301635742188,23133400.0
2020-10-08,257.48888646943016,262.3164884707243,256.89410339543934,261.4639892578125,16312800.0
2020-10-09,262.21731687050624,262.44532558890444,259.88779804981755,262.14794921875,14107800.0
2020-10-12,267.8479040582493,277.74100816754435,265.5381699141355,273.3495788574219,31019300.0
2020-10-13,275.16361229527485,276.67039983476207,271.01011468828443,273.7361755371094,18063300.0
2020-10-14,275.20326373795046,276.32343172750234,269.1365442655314,269.4537658691406,15577800.0
2020-10-15,265.2705071475953,266.69797414764406,261.374725658758,264.3981628417969,15416100.0
2020-10-16,265.0524103227984,269.00766692191854,262.99050018326744,263.6150207519531,16622700.0
2020-10-19,263.2185339846654,266.21223369649806,257.6177238415861,259.1244812011719,13587000.0
2020-10-20,260.7700683579075,267.3522818827323,260.5916425128417,265.23089599609375,18763200.0
2020-10-21,277.1263807843947,280.5859900670945,273.9641478504965,276.3036193847656,28998600.0
2020-10-22,277.4337409477791,279.9912991191895,272.64579916463043,275.698974609375,16720000.0
2020-10-23,276.3730055560065,282.75694712146,274.41026101852475,282.3108825683594,17535200.0
2020-10-26,280.69504467935377,282.7470322158828,271.87252683746,274.69769287109375,21322900.0
2020-10-27,276.3333793505012,282.033325094517,273.9046947153265,280.8239440917969,16287200.0
2020-10-28,276.3630986342593,276.3630986342593,264.9334702679964,265.33990478515625,23121800.0
2020-10-29,274.1425442091837,281.13119017441704,271.39666871050906,278.3852844238281,32368100.0
2020-10-30,272.1104432269322,274.2913040530158,256.84450820010375,260.819580078125,47247800.0
2020-11-02,262.29662424575497,268.1155201945895,255.0998139298487,259.0848083496094,27165700.0
2020-11-03,260.8691538059391,267.69915952467073,258.6090027801114,262.9905090332031,17961900.0
2020-11-04,278.55386026436815,286.42474400302376,276.1945736182633,284.8783264160156,35364400.0
2020-11-05,289.35891751420473,294.79122337280705,286.4346162939396,292.1147155761719,23823600.0
2020-11-06,291.39117324150493,292.0355089320338,285.55243125292134,290.8558654785156,13891000.0
2020-11-09,287.34664089380567,290.03304153749013,276.10536062910086,276.34326171875,25117700.0
2020-11-10,270.7226220038531,271.6147812934847,261.70183307109477,270.0584411621094,29067700.0
2020-11-11,271.0894346690546,275.976511574874,270.10806233656234,274.0732421875,14957000.0
2020-11-12,274.7671196771608,277.3147548914051,272.04105863712016,272.6853942871094,12899500.0
2020-11-13,275.30244028897164,275.34210055831124,270.7226623677045,274.5391540527344,10391200.0
2020-11-16,272.65561944059993,276.97768044889267,272.23929257055727,276.5315856933594,12970400.0
2020-11-17,275.2628036237711,275.2628036237711,270.91103406313465,272.60614013671875,15040300.0
2020-11-18,272.13026794843125,274.9753097532695,269.4736048486675,269.60247802734375,12152900.0
2020-11-19,268.66069610321836,271.0893803762783,266.8466399955723,270.5639953613281,12963700.0
2020-11-20,270.18729180345906,270.62346390903343,267.0647194241224,267.3522033691406,18114700.0
2020-11-23,268.53186876142325,268.5913440305697,262.22721796464464,266.09326171875,20990800.0
2020-11-24,266.1527603426882,275.4015587814631,265.5381623396327,274.5093994140625,16930400.0
2020-11-25,275.7187377457832,277.74095726511155,270.27650896816573,273.19091796875,12467000.0
2020-11-27,274.9752442227903,276.70008727544644,272.4276096494007,275.3915710449219,7808400.0
2020-11-30,273.62710988582904,275.2825855577572,268.65082074499577,274.5589294433594,16693300.0
2020-12-01,276.72991812988835,286.7816337824195,276.53164702747165,284.0555725097656,20738900.0
2020-12-02,282.8758590081693,289.23998469655885,278.3852949425003,285.0170593261719,17361600.0
2020-12-03,283.7581760525857,284.15468797747155,278.62327553330033,279.396484375,12921700.0
2020-12-04,277.8599810799653,280.992476962965,276.8686860632663,277.2652282714844,10880300.0
2020-12-07,276.7595755694278,285.97860437373845,275.7782034762741,283.09393310546875,13007700.0
2020-12-08,283.5202481560011,283.93657504961703,279.09905136815115,280.9329528808594,10747700.0
2020-12-09,281.1906940080465,285.12613567782824,269.3843689987013,275.50067138671875,25189700.0
2020-12-10,273.141378605421,276.30361144849036,269.4933907373716,274.7076110839844,20065100.0
2020-12-11,272.140181040841,274.0732181494011,267.897440182532,271.168701171875,14391400.0
2020-12-14,270.9902620847114,274.806753220003,269.19602086754435,271.8031311035156,16376900.0
2020-12-15,272.43757259190494,273.6766912557278,265.1416564202378,273.15130615234375,23979500.0
2020-12-16,272.36815131440505,275.4411407941398,270.1377381586472,273.2702331542969,15885000.0
2020-12-17,274.65808738822363,277.99874638748975,271.2281852255585,272.09063720703125,16377800.0
2020-12-18,273.3693758749041,275.5799743294607,268.7797060305971,273.993896484375,26693200.0
2020-12-21,270.60369268943253,272.27898349056596,265.4588697383409,270.41534423828125,16553700.0
2020-12-22,269.1365367707171,269.1365367707171,262.32634637119014,264.7649230957031,17312900.0
2020-12-23,264.5667112714952,269.8007471510173,263.912453005065,265.77606201171875,14329000.0
2020-12-24,266.539362366525,268.0461196379881,263.88269944634607,265.0722351074219,6702000.0
2020-12-28,266.4006082309336,274.8860909984067,263.34743294623155,274.5887145996094,23299700.0
2020-12-29,274.539077842562,278.06808453611467,273.8748970861632,274.37054443359375,16383000.0
2020-12-30,275.5304784538682,275.6593214021214,269.34477660879304,269.5033874511719,11803800.0
2020-12-31,269.6321684495214,274.67785503035066,267.4612305554548,270.7820739746094,12900400.0
2021-01-04,272.3880048825454,272.6060909653944,262.89141327903155,266.5988464355469,15106100.0
2021-01-05,265.9545125123116,270.0287199587083,265.8751919806323,268.6111755371094,9871600.0
2021-01-06,259.7192285430629,265.41917344429424,257.7465616404671,261.017822265625,24354100.0
2021-01-07,263.5852395392517,269.2455234805886,262.4749943793305,266.4005126953125,15789800.0
2021-01-08,265.9742404309648,266.6086834689872,260.88889450823143,265.2406921386719,18528300.0
2021-01-11,258.21249961443124,261.17646160643693,253.67235215141747,254.6041717529297,30412300.0
2021-01-12,254.39598693230127,257.4590842047883,248.1210890931738,248.90420532226562,26383500.0
2021-01-13,249.36021946787713,251.73932102815726,247.03067054871875,249.44943237304688,19528900.0
2021-01-14,251.19412144026523,252.809936966483,242.48064593056202,243.50167846679688,29739400.0
2021-01-15,245.74200319995333,251.65012754449234,245.00845464399956,249.17189025878906,24942900.0
2021-01-19,254.6636670223244,259.9175484170947,250.52006138498896,258.8271179199219,28028500.0
2021-01-20,266.58890963596116,267.9668239616114,261.3053215373007,265.15155029296875,25199900.0
2021-01-21,266.91606891247517,271.21828505891534,265.16145761467874,270.49462890625,20838700.0
2021-01-22,269.6421285577539,276.045884978016,269.6322059283925,272.1104431152344,21954000.0
2021-01-25,275.7187474305936,277.6616767485915,269.14645813213235,275.5898742675781,19087000.0
2021-01-26,275.7187899571974,282.90567829369337,275.3916456849432,279.5947265625,19373600.0
2021-01-27,280.0705655787169,280.9825702584283,265.78600148614066,269.7710266113281,35346200.0
2021-01-28,274.7670783269518,284.2934368405983,262.3957389028005,262.693115234375,37758800.0
2021-01-29,262.9905341831644,264.23957548201406,252.63152026244686,256.0812072753906,30389500.0
2021-02-01,257.2608421338814,261.870387630748,252.69098715556086,259.72918701171875,22914300.0
2021-02-02,261.70183017494816,266.5096160599849,260.97817407203195,264.7550048828125,17320800.0
2021-02-03,263.3077029833754,266.8565550799659,261.5431995630546,264.3287353515625,14223400.0
2021-02-04,264.6856892976803,265.82567250447573,261.7018816482722,264.1701965332031,16060000.0
2021-02-05,264.4774423986181,266.8268365027452,263.357304678353,265.7661437988281,12454400.0
2021-02-08,266.4105228067336,267.51084570093855,262.6931666745466,264.2593994140625,13755200.0
2021-02-09,264.1206539072756,271.0101665628999,263.43665790685554,267.1044616699219,14613400.0
2021-02-10,270.0783555362858,271.41657968724337,265.3895189364719,269.5033874511719,14687200.0
2021-02-11,269.52322798820524,271.1984888053726,266.1528005876192,268.0362854003906,12828600.0
2021-02-12,268.1650786786831,268.8193369263752,266.0040631117695,268.145263671875,9097600.0
2021-02-16,268.4426646551784,274.19219360834205,267.6991934307805,271.5850830078125,15417200.0
2021-02-17,268.87877341356204,271.5850189224753,267.23322052829496,271.1885070800781,12763200.0
2021-02-18,267.22334767932983,269.5826341540799,263.71415560125973,267.044921875,15249100.0
2021-02-19,267.5108477745137,267.91728234501386,257.8853820254984,259.2831115722656,25622600.0
2021-02-22,255.7045555837775,260.77998110839724,255.2881983758087,258.0638122558594,17434900.0
2021-02-23,257.24106288095317,265.1317629288438,252.74059005475976,263.5456848144531,21924600.0
2021-02-24,260.04638046071045,264.0611429978449,256.14070634660726,262.0091552734375,15736100.0
2021-02-25,260.0166243406885,264.6162469176073,251.828534410485,252.47288513183594,19053100.0
2021-02-26,254.2373973173974,263.23834145442027,254.2373973173974,255.37738037109375,26619500.0
2021-03-01,258.5495802943094,264.3288170823331,255.65498545881434,262.6039733886719,22157300.0
2021-03-02,263.4663703912783,264.3882674335836,256.398432563095,256.7453918457031,15191700.0
2021-03-03,258.02413857858085,258.7180268052231,252.8793160145082,253.18661499023438,15513500.0
2021-03-04,254.23738852460107,264.17015191897923,251.29324164320164,255.397216796875,31626500.0
2021-03-05,258.4008708631088,263.13925956786613,253.38490565331423,261.97943115234375,26820100.0
2021-03-08,263.2383438072783,263.2680814436607,252.82976267251672,253.08749389648438,18391800.0
2021-03-09,258.90642445200484,266.19244885404976,257.54835512336365,263.4267272949219,22039700.0
2021-03-10,266.3014573722322,266.62857135494477,260.58166684791667,262.593994140625,14210300.0
2021-03-11,265.77599897732705,275.48078224980134,265.4885453049183,271.49578857421875,21834000.0
2021-03-12,266.79708577253,267.39183842598396,261.72163119837296,266.0635070800781,20600200.0
2021-03-15,266.7376134683723,273.5577270950663,266.1626757478061,271.3669738769531,16844800.0
2021-03-16,273.6766603955113,279.68393483210156,272.4078042369118,276.84881591796875,22437700.0
2021-03-17,273.3098933243491,283.7383344580266,273.0125169715293,281.53765869140625,21315000.0
2021-03-18,277.43372935708067,282.707426065965,275.8575739228392,276.1946105957031,18728300.0
2021-03-19,278.77190864559003,290.2510884508248,278.75209364143296,287.5845031738281,38930500.0
2021-03-22,287.9215527185959,297.1009209099775,284.2537502914889,290.9846496582031,28273100.0
2021-03-23,290.59808883499494,295.4058750668356,287.287167556758,288.10003662109375,23000900.0
2021-03-24,288.46681832793877,289.1805518720229,278.71248006006977,279.6839599609375,18675000.0
2021-03-25,278.53408956285267,285.55244509320096,275.33219571212356,276.3135681152344,24505600.0
2021-03-26,275.87733122221624,282.0233710937428,275.35194618737313,280.5562438964844,17629200.0
2021-03-29,283.2823336991601,290.62783256475734,282.2216711438117,288.28839111328125,21718800.0
2021-03-30,287.30697620636784,289.92400915990584,284.20424870355055,285.492919921875,17474500.0
2021-03-31,287.46554741672674,293.918885752478,286.097555856898,291.9660339355469,19498200.0
2021-04-01,295.8023732906898,299.7675526384254,294.0180546849759,296.06011962890625,17616000.0
2021-04-05,298.2707126711446,308.0646800732676,298.0625189777315,306.22088623046875,28237000.0
2021-04-06,306.1515217424256,308.6396816907689,302.59277658335463,303.593994140625,17335200.0
2021-04-07,303.6732616941335,311.51440761304855,302.8405776476892,310.364501953125,22855200.0
2021-04-08,312.1091608122983,313.1301932036343,307.35092781961447,310.2950744628906,20894100.0
2021-04-09,308.68922008003193,312.00014135434753,307.62852729625877,309.739990234375,15988600.0
2021-04-12,308.3422174171977,309.4326476838473,305.2493826622748,308.8279724121094,10881900.0
2021-04-13,309.492161348312,311.692837158811,306.6273349193004,307.0635070800781,14036900.0
2021-04-14,304.62497318061077,305.34862949680166,299.3215685788472,300.1839904785156,17421400.0
2021-04-15,303.67325362495666,307.44019211811167,301.4527628934411,305.140380859375,14558300.0
2021-04-16,305.4873764666447,306.2605853135544,301.9583386311956,303.5146789550781,13059200.0
2021-04-19,302.3548230704228,305.02140838300113,297.94354930746647,299.6089172363281,14553500.0
2021-04-20,299.3611226269296,302.4440653471533,294.6227344452051,300.015380859375,16796400.0
2021-04-21,299.3215356129295,299.35127325267996,294.80123285932785,298.845703125,14863500.0
2021-04-22,298.70690825562025,300.28309392317766,293.4629795007598,293.93878173828125,16375400.0
2021-04-23,296.1592724145303,299.9559185503014,294.56327190310105,298.5086364746094,17536800.0
2021-04-26,300.6994149668208,303.13799214192375,298.93491111623064,300.40203857421875,16172600.0
2021-04-27,301.6311789979419,302.6819490604378,298.48876118710064,300.9273681640625,15309300.0
2021-04-28,304.6843823594291,308.2134199936871,302.71171521224556,304.4266662597656,33907200.0
2021-04-29,327.24630752202006,328.9215985278165,318.8103772119262,326.6416320800781,56526800.0
2021-04-30,323.3008918440618,326.9488493488843,321.6751538951361,322.2500915527344,26332400.0
2021-05-03,323.3306871128496,325.6899436819477,319.0383630387981,319.77191162109375,18719500.0
2021-05-04,317.2341761756683,319.3852993731885,310.3942475633502,315.588623046875,24032600.0
2021-05-05,315.4200972947365,318.2651085526417,311.75229440533417,312.2776794433594,15577600.0
2021-05-06,311.7820697917917,317.45227798871764,310.54295113207814,317.23419189453125,19012200.0
2021-05-07,319.5736595346805,320.12878226692106,315.9752541529607,316.3023681640625,15916700.0
2021-05-10,311.6135124100819,311.841490842598,302.176366977457,303.30645751953125,24239200.0
2021-05-11,298.1319198805301,304.1689017601003,297.08114978173637,303.8616027832031,18920100.0
2021-05-12,298.50863794930353,302.3052841038309,295.59422852439974,299.916259765625,24645500.0
2021-05-13,303.41553047906933,306.17132909823965,300.13434677159415,302.6026916503906,18079200.0
2021-05-14,306.8454461766793,314.0918098146502,306.38942871995596,313.1897277832031,19245700.0
2021-05-17,310.82052071278764,312.93198380502577,308.8676684434134,312.7138977050781,15401300.0
2021-05-18,312.842775294839,313.74485734587444,307.11309159035295,307.26177978515625,14522400.0
2021-05-19,301.54197271283465,311.9208306537847,300.92737476678593,310.8601379394531,19106200.0
2021-05-20,310.850274154581,316.4709301401159,310.4339471938289,315.83648681640625,17320200.0
2021-05-21,316.5105325905979,317.14494554649013,313.0608157149479,313.4771728515625,13600900.0
2021-05-24,315.439950403165,323.1125937131732,315.2615245766794,321.8040771484375,16445400.0
2021-05-25,324.2327432673688,326.3144687405678,321.97259196124674,324.93658447265625,16437000.0
2021-05-26,325.4917046796638,326.95880185253304,322.98372965239616,324.8077087402344,9686900.0
2021-05-27,325.1447124753475,330.87439552779364,323.91551653562766,329.8533630371094,20477700.0
2021-05-28,328.1185754503067,329.97229186707585,325.47180505048374,325.86834716796875,12037400.0
2021-06-01,327.2759412527621,328.5349048910578,323.79651740475686,326.26483154296875,11765900.0
2021-06-02,327.5040633231702,328.9810832664405,324.2724317808978,326.2847595214844,11654300.0
2021-06-03,322.94403588426127,324.5301136988752,320.6640698239475,323.2017822265625,12610800.0
2021-06-04,323.0629692041893,329.565860670719,322.34923573825716,327.4742431640625,13289400.0
2021-06-07,326.6118249458043,334.7503468667708,326.0665946490602,333.6499938964844,20136700.0
2021-06-08,333.7689984558394,335.3550460635353,329.347801506226,330.7752685546875,14580500.0
2021-06-09,332.817352105482,333.8681223174045,327.1273288539104,327.3751525878906,13727900.0
2021-06-10,327.91041157777425,331.03298411135006,325.6898906801004,329.56585693359375,13240200.0
2021-06-11,329.6848902666545,329.93271402603386,326.0666694301012,328.37640380859375,13587900.0
2021-06-14,329.0107474158406,333.8879312812303,326.9389448552168,333.8383483886719,12250800.0
2021-06-15,334.0564741044241,336.96099128707715,332.1135444811946,333.8185729980469,15795200.0
2021-06-16,333.7689782813565,334.6115546775463,325.858434720274,328.1978759765625,17232200.0
2021-06-17,327.61301330165884,335.0378320276333,327.2759766952282,333.58062744140625,17794100.0
2021-06-18,331.6178845677562,333.2237774793998,326.136024933211,326.790283203125,23039500.0
2021-06-21,328.2078642960425,330.0219511223624,324.7978070096396,329.3974304199219,11337500.0
2021-06-22,329.79389887120124,336.9609718056598,329.70468596146765,336.0787048339844,15345300.0
2021-06-23,336.3959260905471,340.43050354273737,335.2559430204176,337.6251220703125,14817800.0
2021-06-24,338.87415705290726,341.8975943029009,338.8146817809146,340.19256591796875,12329100.0
2021-06-25,339.6076657205629,341.1243454822214,336.7229943597782,338.3982849121094,14594400.0
2021-06-28,339.4788388053115,355.0223656374678,338.79484291257626,352.54412841796875,29156100.0
2021-06-29,353.1686594409052,353.63456930188124,346.01150831701534,348.8268127441406,21417300.0
2021-06-30,349.1043329547267,349.8478041184627,344.1478585298199,344.6831359863281,15107500.0
2021-07-01,343.80091334634034,351.5825845624419,343.4836917096973,351.3050231933594,17137000.0
2021-07-02,352.00881658759465,353.33714809146704,349.5503944039377,351.6123046875,11521300.0
2021-07-06,353.39666398353967,355.6667379814897,346.14037739528163,349.70904541015625,13488500.0
2021-07-07,352.1674302856265,353.386703632117,346.95320951346713,347.4389343261719,14218900.0
2021-07-08,342.72040329828144,345.29774588660945,339.5779850936406,342.6410827636719,14406500.0
2021-07-09,342.3139879666851,347.6570521499871,342.2644050667908,347.3695983886719,13018700.0
2021-07-12,348.17253190738757,351.106756452849,346.59637658645624,350.0857238769531,10018600.0
2021-07-13,348.4401335756202,355.36927477322456,345.76362542747296,349.0249938964844,11456000.0
2021-07-14,351.47348659674924,352.1079297982053,343.711661519161,344.60382080078125,13894200.0
2021-07-15,346.18989077833317,346.18989077833317,337.25831503012074,341.4613952636719,14781600.0
2021-07-16,341.9075415739222,342.9781267988666,337.17907559820964,338.190185546875,11026100.0
2021-07-19,334.6314131584542,336.8320889577822,331.627790942661,334.0168151855469,14372300.0
2021-07-20,335.8507023683744,340.460247887152,331.5881463693273,338.6858215332031,11024300.0
2021-07-21,338.52722840762203,343.5035182097744,338.27940466793854,343.216064453125,9279700.0
2021-07-22,343.66209353487886,348.47980226768016,342.20488888598493,348.1328430175781,12385400.0
2021-07-23,357.7682497249188,372.0627053911015,354.0806314483372,366.5709533691406,33694300.0
2021-07-26,366.3627477950808,371.1804566344037,365.0146012815734,369.2176818847656,14925200.0
2021-07-27,368.67250006703915,369.9016960963588,361.3765536706244,364.6081848144531,15705400.0
2021-07-28,371.2994349422472,374.26339716924025,363.73584961530185,370.03057861328125,29676900.0
2021-07-29,357.8574688091655,362.3381109905446,353.6345427376173,355.2008056640625,33413200.0
2021-07-30,350.91839806606083,357.58982369964633,349.86762788183586,353.1983642578125,15976200.0
2021-08-02,354.9827497760939,356.2714211906652,347.6868027582433,348.88629150390625,13180400.0
2021-08-03,349.6594228581962,350.69034766045326,344.6732112647218,348.182373046875,12406100.0
2021-08-04,349.35211622034336,357.34194964790186,348.4500343492428,355.7955322265625,14180600.0
2021-08-05,356.5093041046294,360.73219970957473,353.79313557019657,359.810302734375,10247200.0
2021-08-06,358.25399398453993,361.9713501000102,358.25399398453993,360.34564208984375,8925000.0
2021-08-09,360.59346658197126,362.5958715229837,357.6096590531238,358.462158203125,7798900.0
2021-08-10,358.68027754964874,360.9305366926931,355.91458611902647,357.98638916015625,7469900.0
2021-08-11,358.9478931980798,359.20560930354424,354.69522956083796,356.8265075683594,8400300.0
2021-08-12,355.32965227693023,359.8400317588148,354.00129055177996,359.4930725097656,7170700.0
2021-08-13,359.810299682887,361.48559043105394,358.3332800092168,360.0184631347656,7195700.0
2021-08-16,359.36420928344654,363.75566859668425,354.2689693273235,363.3690490722656,11222100.0
2021-08-17,359.82024623999826,361.495537099571,351.979099677339,355.3296813964844,12328700.0
2021-08-18,353.14876713538985,356.72732678810877,352.05833682157106,352.3557434082031,10042400.0
2021-08-19,348.29145476053645,354.45730999360205,347.9444955095023,352.02862548828125,12004500.0
2021-08-20,351.5131724701607,356.85623617233426,350.23439359725023,356.24163818359375,8697700.0
2021-08-23,356.31107517830867,362.5066688928048,355.9740385104708,360.1870422363281,10942000.0
2021-08-24,360.4942541707644,364.75680951575623,358.69009045651893,362.3281555175781,9235100.0
2021-08-25,362.4174147958785,367.6316053022577,362.2191437187731,365.1831359863281,9684500.0
2021-08-26,365.1732487588188,366.2240190151231,360.9602451032086,361.20806884765625,7888700.0
2021-08-27,361.9217211377598,370.4864920908366,360.91058112633107,369.38616943359375,11219100.0
2021-08-30,369.3168487488116,378.1691055020364,367.2945985551023,377.3463439941406,13547300.0
2021-08-31,376.6424989511328,379.4280351230296,375.5024856460896,376.07745361328125,12345400.0
2021-09-01,376.28563561020815,380.984363857357,375.5124267815391,378.7242126464844,11567200.0
2021-09-02,378.1789776107114,378.42680131818895,370.8037416560267,372.01312255859375,14832900.0
2021-09-03,371.48778459469844,373.87680906781947,369.862046346664,372.9846496582031,7509600.0
2021-09-07,372.60791241783016,379.62626663292235,369.9016665912914,378.8530578613281,10793800.0
2021-09-08,376.85062242489346,377.5544332392482,371.52737436398115,374.2831726074219,11067200.0
2021-09-09,374.3525905242219,376.52349834929333,373.2918978058561,374.7094421386719,9098900.0
2021-09-10,378.04020354167477,380.4490731082647,374.9672135938655,375.3934631347656,11549600.0
2021-09-13,378.35743008330803,378.4268279867525,371.0912517788471,373.2324523925781,13026300.0
2021-09-14,374.1146494141582,375.2942926398303,371.84457586409377,373.2522277832031,8711600.0
2021-09-15,373.71815280840957,374.2732754958761,364.46938530837144,370.66497802734375,17940300.0
2021-09-16,369.5448307526397,370.30811692774245,366.4916255483903,369.8124694824219,11934200.0
2021-09-17,368.17683971497365,368.17683971497365,358.4423166085418,361.5450744628906,26299000.0
2021-09-20,356.17224460756535,357.88719567110746,346.7549430803481,352.6036071777344,19822800.0
2021-09-21,355.3792435144386,356.90584622489916,352.09805961371984,354.3681335449219,11751900.0
2021-09-22,344.207345490811,346.7946107075454,337.7242682523536,340.2223205566406,43692900.0
2021-09-23,342.35364221559206,346.6261516912537,340.0142004303476,342.94842529296875,21806300.0
2021-09-24,340.2520038562021,351.26530437450145,339.3895822550185,349.88739013671875,18801900.0
2021-09-27,346.7648435259705,352.0583543102863,344.0585977379562,350.50201416015625,15205800.0
2021-09-28,344.9408867412506,346.55670226470806,335.96968001839247,337.6846008300781,21710300.0
2021-09-29,340.1628485218163,342.2247589133075,335.93003006958673,336.6536560058594,14452200.0
2021-09-30,337.4863475250749,339.8158662468685,335.2063511936451,336.4355773925781,16547100.0
2021-10-01,338.6362412870357,342.0165605763661,335.69212443224353,340.0240783691406,14905300.0
2021-10-04,332.6091669200423,333.0156014474601,319.8908670335288,323.39013671875,42885000.0
2021-10-05,325.71961705579815,332.262168484536,323.32070069147386,330.0614929199219,35377900.0
2021-10-06,326.8695219673327,331.46914413926925,322.9638182228242,330.735595703125,26443000.0
2021-10-07,334.0663682700986,335.89034718472595,326.1161943728777,326.3540954589844,28307500.0
2021-10-08,328.62419226348635,330.49772395211795,325.8485483054744,327.1768798828125,15946100.0
2021-10-11,324.77792829946685,327.5832793428931,322.4781170454003,322.6169128417969,14708200.0
2021-10-12,320.21798954237187,321.5562437044352,314.60725679206337,320.9515380859375,31658700.0
2021-10-13,324.12371375601333,324.15345139468826,319.85123490549086,321.7148742675781,14761500.0
2021-10-14,325.50151053683453,327.6427107017356,324.25249979624374,325.6700439453125,14302200.0
2021-10-15,325.81875031443235,326.20536978683685,319.7024786640568,321.9328918457031,21596400.0
2021-10-18,326.08650848182344,332.9660983313268,324.64911860402873,332.4208679199219,21585000.0
2021-10-19,336.6933283328445,339.4788647603777,334.3439641094444,337.0303649902344,18786300.0
2021-10-20,340.4602472700604,340.9856323597062,336.4950676495125,337.8134765625,13639500.0
2021-10-21,337.3178222799958,339.33014968660194,334.8594000743426,338.9039001464844,16354400.0
2021-10-22,323.5090838339694,326.7605297669298,318.31467819269096,321.7842102050781,35224500.0
2021-10-25,317.51172656834376,326.6911265083267,316.9367888694215,325.8287048339844,38409000.0
2021-10-26,325.4024544129807,327.3354612031208,306.9048890368602,313.0608215332031,65654000.0
2021-10-27,311.4549579442683,316.4709078935472,309.3434948931129,309.5021057128906,29971800.0
2021-10-28,310.2653517497801,322.6862744629049,305.42782825462723,314.1611633300781,50806800.0
2021-10-29,317.4026841198495,323.1621044820293,316.817823818655,320.7532653808594,37059400.0
2021-11-01,323.20180896504496,330.5473080610597,323.16214869712104,327.1075134277344,31518900.0
2021-11-02,328.4953209834724,331.87564034805075,320.98128842176436,325.2240295410156,28353000.0
2021-11-03,324.6391926245561,329.25863099399135,320.38655881984874,328.7332458496094,20786500.0
2021-11-04,331.1024126520275,334.33401339052415,329.7542358838118,332.9263916015625,22495300.0
2021-11-05,337.3475922815804,343.77119464377546,336.68344158594266,338.16046142578125,26872800.0
2021-11-08,341.4217692170789,341.7885434537286,335.3946798762904,335.6722412109375,18342500.0
2021-11-09,337.04026169208083,338.33885557432916,331.55840217522467,332.4505615234375,17556700.0
2021-11-10,329.5956592992424,330.2895778882843,322.6764396774072,324.78790283203125,21872600.0
2021-11-11,326.94890382100857,329.5659067272054,324.15344483445233,324.8869934082031,12376600.0
2021-11-12,327.30569668762257,338.884012227192,326.9091848338951,337.9224853515625,25414300.0
2021-11-15,341.3424835453799,350.57143667963453,340.2124230860424,344.5344543457031,25076600.0
2021-11-16,340.83690901944357,343.6323678721777,337.9026846129846,339.9744873046875,18181100.0
2021-11-17,341.24332209715345,344.27668185234273,337.13937723798097,337.80352783203125,13602800.0
2021-11-18,336.7627012277553,339.4788395456353,332.3811645032816,335.7416687011719,17487200.0
2021-11-19,339.2211080822215,349.0349209979875,336.94111178741986,342.2940979003906,26488500.0
2021-11-22,346.01143112710747,350.7498189691129,337.5457954807086,338.04144287109375,27116800.0
2021-11-23,335.97954650603793,338.42804592460385,330.5968228871068,334.3141784667969,17225000.0
2021-11-24,333.07511425972456,338.8047980509013,329.91288084406926,338.091064453125,13566200.0
2021-11-26,332.8768476557866,334.8098849993349,329.01080322061256,330.2201843261719,14750700.0
2021-11-29,333.95734192750814,337.7044353109097,332.3910790981545,335.08740234375,16650900.0
2021-11-30,332.08378507896754,332.8867315122885,320.61449604727216,321.6355285644531,25390000.0
2021-12-01,327.41484165994666,327.6230051442653,307.58894119735874,307.896240234375,30329600.0
2021-12-02,308.6892060123132,311.8613615896398,304.52578585047945,307.6880187988281,24396200.0
2021-12-03,310.9989509816925,311.0187659884353,296.89281406704816,304.1689147949219,27471000.0
2021-12-06,305.4477026203686,317.3135037928877,303.6732762774191,315.1029052734375,21758300.0
2021-12-07,318.7707124357527,323.6974493634686,318.2056670748786,319.9999084472656,18794000.0
2021-12-08,322.1708369530798,329.85337229580705,320.25764508948055,327.68243408203125,19937700.0
2021-12-09,326.67129120994196,333.20392019867387,325.1446887738211,326.9488525390625,16879200.0
2021-12-10,329.6649914939151,332.1134908245347,323.5288743506199,326.87945556640625,14528000.0
2021-12-13,328.069084634236,338.1207999668093,326.7209077349468,331.5782470703125,22948700.0
2021-12-14,325.19430696054724,332.77773777942696,324.797795017868,330.83477783203125,20461000.0
2021-12-15,329.59563392577627,339.1318860901714,321.1597348390758,338.6858215332031,24681300.0
2021-12-16,336.0291497145093,341.46142630217054,330.8347439657992,331.9846496582031,22635000.0
2021-12-17,329.9029054140039,334.17538368642465,327.8707631250314,330.8843078613281,40012600.0
2021-12-20,326.9092061224686,327.02815666114145,319.7223186424487,322.6169128417969,17901800.0
2021-12-21,323.56857565417766,333.0750902240933,320.9317275596732,331.290771484375,16116800.0
2021-12-22,330.89420831620754,331.5980494399973,325.40245663710306,327.5733947753906,16764600.0
2021-12-23,327.226475890015,333.73929110820535,325.5016020696293,332.32171630859375,13987700.0
2021-12-27,335.9002350820877,344.8417029161023,335.067551114895,343.1664123535156,17795000.0
2021-12-28,343.61255025505903,349.6396098349676,342.19500583233264,343.20611572265625,16637600.0
2021-12-29,343.8900925578149,346.64589097074906,338.6659797027257,339.95465087890625,10747000.0
2021-12-30,341.0054225509634,344.2073157522339,340.2322137913024,341.3622741699219,10593300.0
2021-12-31,340.03397839408666,340.4503355784657,333.3427375694343,333.42205810546875,12870500.0
2022-01-03,335.3550557110125,338.1108543487535,334.2547328826255,335.5929870605469,14537900.0
2022-01-04,336.9907673140269,340.10341806741985,328.98108629845854,333.60052490234375,15998000.0
2022-01-05,330.1210505772262,332.8372194532063,321.0209697220324,321.3481140136719,20564500.0
2022-01-06,320.00979090288706,336.21746674620033,319.91065537364796,329.56585693359375,27962800.0
2022-01-07,329.8434453738167,334.0663712007667,326.01706169641426,328.9017333984375,14722000.0
2022-01-10,322.4781278394008,325.4817500490974,312.68412980194535,325.214111328125,24942400.0
2022-01-11,323.9353346411827,331.71700537861085,322.4483923442952,331.4592590332031,16226800.0
2022-01-12,332.2621863257024,333.4418295668102,327.15702411733304,330.3589172363281,14104900.0
2022-01-13,332.063945311924,332.7082808860371,322.9242059820677,323.637939453125,14797100.0
2022-01-14,318.98876615498534,329.8335338228713,318.4137982227158,329.0107421875,16868500.0
2022-01-18,320.47570188239416,321.38767615026325,314.8748923561218,315.38043212890625,22645600.0
2022-01-19,316.7980302506369,324.25258771682417,316.55020651044543,316.8079528808594,20814700.0
2022-01-20,321.08042246053043,324.96631190525255,313.2293835392829,313.8043212890625,16925000.0
2022-01-21,312.0695088375882,315.5390405849981,300.40198010913116,300.5308532714844,28710700.0
2022-01-24,295.24730262476083,306.83554373052056,286.4941809831775,306.0226745605469,38878100.0
2022-01-25,297.33892957316243,303.56426059087903,294.9895351520155,297.53717041015625,25108500.0
2022-01-26,304.33751514960466,304.8331626944224,288.3181828708643,292.0652770996094,28348800.0
2022-01-27,295.15804679430795,299.08356599902004,291.69843738739166,292.07513427734375,21629900.0
2022-01-28,293.0465751951822,299.27190556829635,290.4791251947652,299.08355712890625,21871600.0
2022-01-31,298.06248515057547,311.0583744864284,296.71433887037983,310.5329895019531,21579500.0
2022-02-01,311.8217315752421,316.87734178183337,309.40296951956975,316.22308349609375,18023800.0
2022-02-02,324.96628079773285,325.1447066079721,314.1115902294131,320.188232421875,58458300.0
2022-02-03,242.52029856192772,245.8411426276449,233.6977797357552,235.69027709960938,188119900.0
2022-02-04,232.92455228605658,240.49804434059385,228.10685870647143,235.02609252929688,89342200.0
2022-02-07,235.63080405625365,236.22558707024265,222.05997391651653,222.9521484375,88613800.0
2022-02-08,218.9275018687359,223.80467134375547,214.26840337291958,218.26332092285156,94729700.0
2022-02-09,222.24830477510113,231.3384768338874,220.27563768264372,229.98040771484375,86563300.0
2022-02-10,226.28289646247256,232.9543070635339,224.72655617184256,226.0846405029297,49310400.0
2022-02-11,226.47121907896008,228.4141484371467,216.86556994435307,217.63877868652344,46156900.0
2022-02-14,217.4008711781249,219.0761618951234,212.9103067167767,215.8048858642578,38184000.0
2022-02-15,218.55077156833923,219.22484478977512,213.18786292773044,219.07615661621094,42685500.0
2022-02-16,210.56094601163443,215.56698810761435,210.51137824316746,214.6549835205078,45817500.0
2022-02-17,212.15693913832794,215.60664116164554,205.35665550630617,205.90187072753906,38747500.0
2022-02-18,207.56725017584947,208.9154119206845,203.3938917567918,204.36537170410156,37128400.0
2022-02-22,200.57860830625324,205.67386353473034,198.31845712325313,200.3208770751953,39852400.0
2022-02-23,202.38275807505894,205.13855651896256,196.32594600030123,196.7224578857422,44481400.0
2022-02-24,189.3967909321892,206.53628729690607,188.56410689144704,205.79281616210938,49957200.0
2022-02-25,203.15596878731102,209.48043476464565,201.4112801723448,208.64773559570312,37627600.0
2022-02-28,205.87210364692402,211.29448759324586,205.02951211449042,209.1929473876953,34239800.0
2022-03-01,208.04303262444745,209.90667166894585,200.4596335354331,201.7185821533203,27094900.0
2022-03-02,202.99735671935014,207.32931034252405,200.2613883982864,206.29837036132812,29452100.0
2022-03-03,207.20046210869705,207.25993738193364,199.66661489556296,201.203125,27263500.0
2022-03-04,200.60835511137336,204.09771758664783,197.05951735897975,198.31846618652344,32130900.0
2022-03-07,199.0420824988162,199.1412180323185,185.6496947748115,185.83804321289062,38560600.0
2022-03-08,186.2147221782796,194.98767151490586,184.48986389257013,188.6334686279297,37508100.0
2022-03-09,194.03608031442005,197.36683197473633,192.2319162323501,196.7720489501953,31894700.0
2022-03-10,193.1438917592487,194.57135881377323,189.40672093356542,193.51068115234375,24853000.0
2022-03-11,190.96304930488995,191.87503879956054,185.04501753022495,185.97683715820312,34694500.0
2022-03-14,185.40186770987287,190.616072982161,184.2024094563913,185.00535583496094,31010500.0
2022-03-15,189.13904904534374,190.60616109995925,184.2916181250228,190.35833740234375,31721700.0
2022-03-16,193.0051051808488,201.95649650852528,192.8266793674669,201.8573760986328,40640300.0
2022-03-17,199.9441810370378,206.22898715868908,199.35932066827604,206.03073120117188,29499700.0
2022-03-18,204.90062355850955,214.91270666982817,204.20672025274516,214.60540771484375,52128000.0
2022-03-21,212.632763871021,212.84094246310048,205.82257249783686,209.6489715576172,30142300.0
2022-03-22,209.53000212527914,217.54958951329053,208.3503587518727,214.7640380859375,31998800.0
2022-03-23,211.47294871851972,214.9127433273441,210.3131354683512,211.60182189941406,23717300.0
2022-03-24,213.12839043651937,218.74903035989297,212.92021186485715,217.6586151123047,31502300.0
2022-03-25,218.59044425279404,223.53701150483215,216.9845512720911,219.88905334472656,40039000.0
2022-03-28,220.1963488462626,222.0897106771945,217.628883467782,221.6436309814453,26224100.0
2022-03-29,224.1020384066852,228.8800718121414,223.3288144925983,227.85903930664062,31417900.0
2022-03-30,226.9172861340614,229.13777670598705,224.73644069693836,225.86651611328125,25588000.0
2022-03-31,226.46129821957717,226.50095848284667,220.3251808740348,220.42431640625,24192300.0
2022-04-01,222.59527817538776,225.30150908222552,220.76137651588385,222.89266967773438,19544800.0
2022-04-04,224.01278253866482,232.30992985103427,223.89383200941253,231.8539276123047,28054800.0
2022-04-05,232.04228308836034,234.79808135683643,229.0089234925527,229.82177734375,29727200.0
2022-04-06,224.93476161989466,226.99665712245667,219.48263888866575,221.35618591308594,28995100.0
2022-04-07,221.98063519171617,223.55680540444948,216.6573870066658,221.00917053222656,21037200.0
2022-04-08,220.44416005430307,223.17022097182485,218.11461103803705,220.39459228515625,18375700.0
2022-04-11,216.51862836918798,218.6895666015548,213.34648774183083,214.57569885253906,20516600.0
2022-04-12,218.3227835510992,220.09719467995484,211.27467655152802,212.27587890625,20128800.0
2022-04-13,209.97608164874075,214.72437730811373,209.49034172860436,213.1184844970703,19231800.0
2022-04-14,213.01936274015176,213.1184982815987,208.1719312322115,208.35035705566406,18379500.0
2022-04-18,208.17190994324702,211.52249123883075,206.48671179270767,208.93521118164062,16580800.0
2022-04-19,208.68740356630022,216.52853461621248,207.1806311048147,215.4182891845703,20089900.0
2022-04-20,211.7505057324773,212.29572095663042,197.18838112552498,198.67532348632812,43036500.0
2022-04-21,199.84503264434116,201.20310164547175,183.96448611723164,186.4328155517578,49954100.0
2022-04-22,188.71279395775377,191.04234288346137,181.67460966532872,182.50729370117188,36426800.0
2022-04-25,181.139302675937,185.55056170817895,180.07862505796282,185.3622283935547,29281100.0
2022-04-26,185.00538003576446,185.56050278364089,177.93744225250256,179.37481689453125,31747400.0
2022-04-27,172.91155490901065,179.6325479655742,167.52883108777505,173.42703247070312,71062900.0
2022-04-28,201.1535357326842,206.71470007536863,191.22075776279664,203.93907165527344,100890600.0
2022-04-29,202.68017157699896,210.63034616352076,198.15985391157957,198.7248992919922,49193400.0
2022-05-02,199.41879504894462,210.03557018084996,199.240369225767,209.29209899902344,49915300.0
2022-05-03,208.61798702460686,213.02924584651242,206.27853069841137,210.18423461914062,41556300.0
2022-05-04,208.81623346786517,222.34741590885193,205.158368538624,221.4651641845703,41375900.0
2022-05-05,216.83583912776692,218.25338349099627,204.36534820355035,206.46688842773438,41129200.0
2022-05-06,205.53506951603146,207.55731947021067,199.27009396161898,201.99615478515625,34747200.0
2022-05-09,198.10040501227343,200.80665146938975,193.8774934199044,194.50201416015625,36303200.0
2022-05-10,197.77323719295447,201.19321664925386,192.49955626673494,195.92942810058594,34452500.0
2022-05-11,194.62094046425895,198.9231569416904,186.63110554161176,187.09701538085938,31153400.0
2022-05-12,185.4316205639354,196.3259569009474,183.17146941432156,189.5752410888672,38262200.0
2022-05-13,190.90356178395524,198.14992463211743,189.61487546891254,196.89097595214844,24549800.0
2022-05-16,195.33468265201552,203.58224918131478,194.22442196706197,198.29864501953125,27112600.0
2022-05-17,200.36050797611236,203.67144423340272,196.6332448276037,200.8561553955078,24872700.0
2022-05-18,198.25897094773953,199.25026580247822,189.96183785388354,190.5665283203125,23960000.0
2022-05-19,189.53557347013006,193.58996580154144,187.9495107758702,189.62478637695312,24446900.0
2022-05-20,193.2727689309171,196.1871783731729,186.23456905164684,191.85520935058594,31465600.0
2022-05-23,193.49084953374,195.27518333819546,189.57523779332573,194.52178955078125,25059200.0
2022-05-24,178.97829378660447,182.08103647842762,174.57694209488812,179.70193481445312,50406300.0
2022-05-25,178.8295721112959,183.8356137712795,177.75898706063882,182.22972106933594,28030200.0
2022-05-26,181.28800779348728,191.15138856851496,180.67339469817318,189.9618377685547,23056500.0
2022-05-27,189.69419516808324,193.62963718300583,188.1477775238642,193.43138122558594,22562700.0
2022-05-31,193.19346434021034,195.87988020083372,190.33853016005855,191.954345703125,26131100.0
2022-06-01,194.79938135096404,197.79309658376457,183.38958097459368,186.99789428710938,36623500.0
2022-06-02,186.80950815490593,199.19078605787604,186.09577466544653,197.12889099121094,31951600.0
2022-06-03,194.27399377384188,194.89851447671586,188.12796767536602,189.1192626953125,19465000.0
2022-06-06,192.30130502364528,195.2057918492942,186.75995498137883,192.5590362548828,30574200.0
2022-06-07,190.25920522456,194.81916739139774,189.8230482148781,193.9468231201172,18828700.0
2022-06-08,192.97538565794966,200.27131707822286,192.71765441688768,194.92823791503906,22267200.0
2022-06-09,192.5887643538881,197.713756969315,182.0810327786021,182.39825439453125,23501600.0
2022-06-10,181.44661563615782,181.50610603720847,173.4964412625436,174.04165649414062,27450800.0
2022-06-13,169.10497601341515,171.07765810739633,162.60208455665708,162.830078125,31749300.0
2022-06-14,164.58468395588787,165.29841746325724,159.9553387871744,162.30470275878906,27244300.0
2022-06-15,165.74450039607447,170.661329641027,162.55252968231065,167.87579345703125,30008300.0
2022-06-16,162.29478545665458,163.64294698629192,158.22056323389432,159.46958923339844,26944100.0
2022-06-17,160.27254091529267,164.45580630957073,158.5080373272939,162.3146209716797,31374200.0
2022-06-21,164.4855494298019,166.2996208450085,154.61226106049688,155.682861328125,50724900.0
2022-06-22,157.00129154437553,159.39030076437285,154.08688211001586,154.49331665039062,47267800.0
2022-06-23,154.90966528157492,158.35936745470903,152.90724525752032,157.36807250976562,40499200.0
2022-06-24,160.32211769945533,168.76795436460003,159.8958681588776,168.67874145507812,68736000.0
2022-06-27,169.82862813839694,170.25487763124974,166.54742972686054,168.01455688476562,29174600.0
2022-06-28,168.42097363647179,169.8087953757403,159.21185197352423,159.28123474121094,27744500.0
2022-06-29,162.1461193919892,164.8820879607232,158.92441086091708,162.5128936767578,28595200.0
2022-06-30,160.7384422088374,163.7916319403162,157.11031481693823,159.84628295898438,35250600.0
2022-07-01,158.91446318278108,159.2217621433084,153.65069034030827,158.63690185546875,31423900.0
2022-07-05,156.76337437522923,166.7853663869358,155.65312893111812,166.72589111328125,28618600.0
2022-07-06,166.7357893546175,170.09627826306044,164.01965116887757,168.29212951660156,23085900.0
2022-07-07,167.9749321123274,171.21647094718156,166.3194713031898,170.6910858154297,24083400.0
2022-07-08,168.5003120381291,170.89924401158672,166.6862404572748,169.39248657226562,19249200.0
2022-07-11,165.61562467931125,166.0319666680864,160.50054002986025,161.46209716796875,21885600.0
2022-07-12,163.36538896731187,164.46572681989724,160.6888959849567,161.8487091064453,16639700.0
2022-07-13,158.7657892618441,163.54382264724677,158.2205740607195,162.06680297851562,16555100.0
2022-07-14,159.81656687331278,161.17463606202577,155.91086250108654,156.67416381835938,23765200.0
2022-07-15,159.1424606102135,163.54381194440333,158.42874226976485,163.26625061035156,23342800.0
2022-07-18,165.29841367168555,170.19541257482624,164.198075800227,165.77423095703125,23574300.0
2022-07-19,168.8869078373699,174.9536429313068,168.03439361548112,174.24981689453125,25933700.0
2022-07-20,175.9449279721321,182.00174009691054,175.16179657187416,181.4961700439453,24784300.0
2022-07-21,179.05760283598016,182.24957362777684,177.31291412933265,181.5754852294922,27195800.0
2022-07-22,171.5634172107559,174.0713921211751,166.94397930324826,167.79649353027344,42583900.0
2022-07-25,167.52882872010937,169.08516888643103,163.37530090151066,165.19927978515625,26166300.0
2022-07-26,164.49548867554608,164.55496395320677,156.57503647124767,157.76458740234375,28468400.0
2022-07-27,161.17461888480676,169.38253866879188,160.60958871085882,168.10377502441406,43846600.0
2022-07-28,159.65792891643585,160.10400852567543,153.50199703182346,159.32089233398438,73214300.0
2022-07-29,156.3172822730475,158.74595155199424,153.8192150963796,157.7150115966797,42065400.0
2022-08-01,155.88111777957656,163.7520014408737,153.87869791368956,158.53778076171875,40596700.0
2022-08-02,156.9318778971807,160.8276743398196,156.63448643098596,158.79551696777344,27374500.0
2022-08-03,161.27373982543764,168.06409955695793,160.16349458341602,167.33055114746094,31721900.0
2022-08-04,166.83491589703567,170.65139175643768,165.3479737145772,169.0851593017578,23938200.0
2022-08-05,165.53633815049744,170.1161156749895,164.3566948181987,165.65528869628906,25832700.0
2022-08-08,166.5375309746696,175.96473933628346,165.67510931528614,168.7679443359375,27299100.0
2022-08-09,167.47926928638472,168.05422213991784,165.14973536147394,167.06292724609375,18655100.0
2022-08-10,174.4580025790822,178.90890719547573,172.4357524234894,176.78753662109375,30262100.0
2022-08-11,178.14560684060112,181.50609582783787,174.8346704958459,175.94493103027344,24079100.0
2022-08-12,179.23604047454253,179.8803912783506,177.35258608855762,178.92874145507812,21274000.0
2022-08-15,177.4021310965874,179.86053806278343,176.64873733810558,179.31532287597656,15878700.0
2022-08-16,177.87797720382963,179.4144874788809,175.4988601284712,177.90771484375,21156700.0
2022-08-17,175.22130390444698,176.5892958849602,172.65385340921975,173.32794189453125,20118100.0
2022-08-18,172.82233528191773,174.22997211114853,170.36392836368074,173.13955688476562,18844500.0
2022-08-19,168.71838513218586,170.81994055822395,165.59581231831734,166.49789428710938,26240800.0
2022-08-22,164.04940786700593,164.04940786700593,160.84751426544375,161.63064575195312,19499700.0
2022-08-23,161.06558868342577,163.61322379839797,159.30108499815987,159.70751953125,18111800.0
2022-08-24,159.20195810249263,164.0196516525699,158.37918156631125,161.8387908935547,20891500.0
2022-08-25,163.742077693332,167.40988077562878,162.5921871516085,167.3107452392578,15550500.0
2022-08-26,167.01336169441478,169.43212368762408,160.26264579796614,160.37168884277344,24023600.0
2022-08-29,159.2614434264603,161.6306376497114,157.62579775394812,157.78440856933594,20052700.0
2022-08-30,158.95411802499797,160.2527117176402,154.55276694773664,155.79188537597656,19567900.0
2022-08-31,165.61563278936217,166.3789189098485,160.72854146269484,161.51165771484375,40953000.0
2022-09-01,162.15599825067065,165.90309122402968,158.95412041914062,163.92050170898438,30145700.0
2022-09-02,165.99234635137884,166.46816372077225,157.8339926567037,158.92442321777344,22634200.0
2022-09-06,158.7063296993813,160.2824850610427,156.3173052072264,157.15989685058594,19339800.0
2022-09-07,156.3866642161884,159.55881971779763,155.44493716925498,158.9937744140625,16831200.0
2022-09-08,157.32838754873518,160.81773398111656,156.36683048542625,160.6492156982422,22530800.0
2022-09-09,161.82890181187642,168.06414043912878,161.6009082069204,167.6775360107422,22086800.0
2022-09-12,165.93285648840623,169.89803617879264,165.8238134418822,167.48919677734375,23220400.0
2022-09-13,160.13377591386535,160.22300395305948,151.3409947482943,151.7969970703125,44444100.0
2022-09-14,151.995252646758,152.20341611044483,147.75251157835422,150.1514434814453,43064200.0
2022-09-15,148.49596212449558,152.85765313710925,147.40553180836312,148.24813842773438,34606300.0
2022-09-16,146.76122942760276,147.28661457344126,143.0339505050214,145.01654052734375,40122800.0
2022-09-19,143.9756772088242,147.28659855580412,143.83689652739272,146.73147583007812,22169500.0
2022-09-20,144.51096882445577,147.54432878807003,143.9558461024819,144.81826782226562,23217400.0
2022-09-21,145.11566125945427,148.29772457574842,140.76387720990476,140.88282775878906,38338600.0
2022-09-22,140.31781801307898,143.32144081863817,139.64372951040622,141.57676696777344,34418500.0
2022-09-23,140.188915976952,141.37846677265173,137.68094121464907,139.18771362304688,31710700.0
2022-09-26,138.90023234956038,141.00178775969545,135.0044507707675,135.18287658691406,30497000.0
2022-09-27,136.71938846907756,138.2063307938041,132.95246488791165,133.2300262451172,30826500.0
2022-09-28,133.44810215073147,140.79360030483306,133.10115804366748,140.37725830078125,32658500.0
2022-09-29,138.14685096331397,138.6226682562599,134.0230607552248,135.2225341796875,38985400.0
2022-09-30,134.8656755106968,139.76267478552438,134.32046028508566,134.49888610839844,33166400.0
2022-10-03,135.94619178824445,138.40459908232745,134.91525167329377,137.4033966064453,27723100.0
2022-10-04,139.26701646086826,141.15047059220228,138.12701832793766,139.058837890625,34670700.0
2022-10-05,137.03662351437458,138.98947583553354,133.60673622730505,137.77017211914062,27979300.0
2022-10-06,136.52110585988694,140.2186308167756,135.4108606478565,137.85935974121094,36231100.0
2022-10-07,135.56948321426967,137.08616318033515,131.28709717066118,132.28829956054688,33214800.0
2022-10-10,132.3874346021392,134.92514708155127,130.72205133380032,132.62533569335938,24024000.0
2022-10-11,130.4742257772965,131.50518091127628,125.88453325791248,127.42103576660156,38481400.0
2022-10-12,127.20296764266038,128.5412066696093,125.15097995832855,126.39009857177734,34605200.0
2022-10-13,122.45467379901403,129.99842957946888,121.46337876939296,129.15582275390625,34325700.0
2022-10-14,129.8596359353625,130.64275227527537,125.41863131764799,125.65654754638672,23559400.0
2022-10-17,129.16573549889992,133.61664016062548,129.04676981879663,132.8731689453125,29612200.0
2022-10-18,135.89661517041276,136.6400863506628,130.25614472942863,131.6439666748047,25445000.0
2022-10-19,131.73318429706333,135.80740711556882,131.06901850073749,132.07022094726562,30691000.0
2022-10-20,131.7728164983782,135.57940019928222,130.1669236896268,130.385009765625,26356300.0
2022-10-21,125.21044703283174,128.987277899163,124.3480253746499,128.87823486328125,46348600.0
2022-10-24,126.14227494403816,132.31803788284694,123.485604332285,128.5907745361328,63563400.0
2022-10-25,129.740668266427,137.1456416326247,129.45318430388568,136.3129425048828,38433200.0
2022-10-26,130.53372035500666,134.37004234989396,127.411147107178,128.68992614746094,82791500.0
2022-10-27,97.12705503808442,101.60770361618023,95.54097751662007,97.08740234375,232316600.0
2022-10-28,98.71314556260309,99.97208672735346,96.66116547189773,98.3364486694336,95928300.0
2022-10-31,97.36498697989708,98.45540986504903,91.7939068796394,92.34903717041016,121361400.0
2022-11-01,93.50885508342138,96.64134321393725,92.73564622724912,94.37127685546875,110189600.0
2022-11-02,93.38989699051638,94.37127688030247,89.69237103621083,89.75184631347656,71821100.0
2022-11-03,89.29584530810257,89.67253464279368,87.64038466059239,88.13603210449219,60664000.0
2022-11-04,89.56349972567841,90.59444741007951,87.32317095836484,89.99967193603516,55638100.0
2022-11-07,93.95492959844655,96.0366473799833,92.28955386062118,95.87804412841797,81987300.0
2022-11-08,95.08498812360641,96.94862704528045,93.96482780800977,95.63020324707031,52088300.0
2022-11-09,100.83451653036997,103.98683455524989,99.86304421903829,100.5866928100586,107677300.0
2022-11-10,106.18751313338271,111.76850073569403,103.69936079981403,110.89616394042969,80671000.0
2022-11-11,108.27915436886865,113.89979510985843,107.86280472795862,112.0361557006836,59961700.0
2022-11-14,110.02382205922324,115.25785807460645,109.83548116552747,113.2257080078125,53395000.0
2022-11-15,115.05959632876564,117.70635184117295,113.41405076200675,116.06080627441406,50670500.0
2022-11-16,113.50325719818159,115.06950483314925,111.67927835465922,112.24431610107422,33287800.0
2022-11-17,109.44888014863072,111.35216465645112,108.84418961807627,110.47982025146484,35093800.0
2022-11-18,112.80935860317447,113.32482860499377,109.65704063160446,111.07459259033203,33357700.0
2022-11-21,110.54920157215746,111.39180826964389,108.23949025208182,108.90365600585938,24351100.0
2022-11-22,108.90365433870404,110.64833541657183,107.37705934094218,110.46990203857422,29029000.0
2022-11-23,110.74746942359464,111.68919657028627,109.7660895726345,111.262939453125,21343100.0
2022-11-25,110.33111962036043,111.74867155568367,110.05355070998553,110.4401626586914,12007600.0
2022-11-28,109.81564330754605,111.06467694794803,107.4365341325355,107.83305358886719,23309400.0
2022-11-29,108.5864465220532,109.97426092364222,107.59515160134391,108.50714111328125,23899200.0
2022-11-30,108.5567100978068,117.13141277037444,108.427836916367,117.07192993164062,43348600.0
2022-12-01,118.16234470998532,120.14493443708561,117.36931335693296,119.39155578613281,36551400.0
2022-12-02,116.80428318501569,122.960223780531,116.58619709077205,122.41500854492188,39950500.0
2022-12-05,120.69016167673439,123.58474115193586,120.29364217916343,121.36424255371094,35474900.0
2022-12-06,118.86618581030002,119.50061399848354,112.7498899777794,113.1265869140625,43689200.0
2022-12-07,112.76971409777941,114.87125452292487,111.8973697133219,112.938232421875,29461100.0
2022-12-08,115.37682774397328,116.31855499570818,113.5924936677609,114.32605743408203,30619400.0
2022-12-09,114.29630732414842,116.51680582776,112.8787552857445,114.89108276367188,26033400.0
2022-12-12,114.17734320872192,114.71264334504619,112.15510077026792,113.71143341064453,24747100.0
2022-12-13,121.06684756358977,122.22666838420444,117.60723036165444,119.10408782958984,44701100.0
2022-12-14,118.35068673133345,123.05933707765865,118.35068673133345,120.53153228759766,36922000.0
2022-12-15,117.2999316503039,117.59731559346363,113.01753782717437,115.13890838623047,34531000.0
2022-12-16,119.1833816073748,122.23656395816606,117.78565225665622,118.39034271240234,67064000.0
2022-12-19,115.81297794533405,116.77453514998675,113.33474084591141,113.48343658447266,29769900.0
2022-12-20,112.27406311760701,116.30863308058215,111.48102416799355,116.07071685791016,28742500.0
2022-12-21,115.68410100799696,119.29241350219432,114.61350836378021,118.71746826171875,20392800.0
2022-12-22,116.1797617130006,117.587406248649,113.38431033837217,116.1004638671875,23618100.0
2022-12-23,115.01993880119159,117.15122421471159,114.53420644838265,117.01244354248047,17796600.0
2022-12-27,116.9034038330725,117.56756957808179,115.03977220793341,115.86254119873047,21392300.0
2022-12-28,115.23801547654516,117.12147702703714,114.50445947415648,114.6135025024414,19612500.0
2022-12-29,115.38672082161865,119.97641320548192,114.76220023247431,119.21311950683594,22366200.0
2022-12-30,117.13141139747924,119.37173247171707,116.71506178314314,119.29242706298828,19583800.0
2023-01-03,121.75083704158786,125.26993689605494,121.21553689802785,123.65412139892578,35528500.0
2023-01-04,126.27114560210994,127.92661388492843,124.75446556758857,126.26123809814453,32397100.0
2023-01-05,125.03202218975811,127.40122394307504,123.45586693938299,125.83497619628906,25447100.0
2023-01-06,127.84729051950087,129.19545204150296,124.9427964767583,128.88815307617188,27584500.0
2023-01-09,130.0182164886261,131.79262734629245,128.15457761222828,128.34292602539062,26649100.0
2023-01-10,126.16211986861838,132.2784161808068,126.04316930086817,131.83233642578125,28684400.0
2023-01-11,129.8199777912905,132.68481924934517,129.20536471009615,131.73316955566406,25423000.0
2023-01-12,132.27838952682893,136.48147008401705,130.6130062840878,135.51992797851562,30757700.0
2023-01-13,133.79506989412366,136.19400166584558,133.66619672063948,135.78756713867188,22423800.0
2023-01-17,134.99452505190794,135.55957037535876,133.08133325697926,134.18167114257812,21147600.0
2023-01-18,134.6277512663834,136.05521827168238,131.6439592108342,131.86204528808594,20215500.0
2023-01-19,131.3366700442586,136.25348440118418,130.98971077016242,134.9647979736328,28625200.0
2023-01-20,134.70708157433316,138.72182948749708,133.4382251408043,138.1567840576172,28688600.0
2023-01-23,138.07744764888903,142.5085366667069,137.4529422032484,142.02281188964844,27470100.0
2023-01-24,140.45654662741504,143.73772962137758,140.12941756557575,141.8939208984375,21970200.0
2023-01-25,139.9906576507307,141.9236795516066,139.088575721669,140.26821899414062,26622000.0
2023-01-26,143.14298160387807,146.22590943609623,142.05256625826522,146.0177459716797,25482100.0
2023-01-27,146.94955074370452,151.85645711696716,146.10694408954603,150.41908264160156,35771900.0
2023-01-30,148.1093645810106,149.80447027435721,145.67077263719494,145.77981567382812,28040100.0
2023-01-31,146.66206232671513,148.57526915219435,146.23581282407054,147.67318725585938,29842100.0
2023-02-01,146.74139116044864,152.24308119270972,145.77983384283002,151.78707885742188,55661000.0
2023-02-02,181.78364585873078,195.4436870373218,178.59167538221652,187.12672424316406,150475700.0
2023-02-03,181.87287479600266,195.05709986672147,181.29792194431568,184.90623474121094,76809700.0
2023-02-06,184.90623267945966,189.03993051222616,183.90503029642124,184.44032287597656,42483800.0
2023-02-07,183.96451992977168,192.0931355517408,182.7947840150465,189.95193481445312,47080700.0
2023-02-08,188.34603637486495,189.16881298045985,181.3276664674653,181.83322143554688,36139100.0
2023-02-09,184.50973898129092,185.0252014788401,175.72686487660647,176.37120056152344,37118800.0
2023-02-10,174.81486359032888,177.33274600863183,171.84097885758246,172.63400268554688,33433600.0
2023-02-13,176.66856844178548,179.42436690011945,174.28946686476417,177.86802673339844,31463200.0
2023-02-14,175.61780626083268,179.92992995474845,174.34895001230046,177.9176025390625,24034600.0
2023-02-15,174.88424941813702,176.63884567632195,173.80374157662817,175.61781311035156,25308900.0
2023-02-16,171.2461722508784,174.31919210142203,170.29452261218145,170.93887329101562,25827500.0
2023-02-17,168.73821306504692,171.67243739377372,168.22273550017792,171.37506103515625,24171300.0
2023-02-21,172.79259922463552,176.6189978696537,170.3837600506006,170.58201599121094,34592600.0
2023-02-22,169.58083370599772,171.25610945926005,168.2128418399416,169.63038635253906,22433200.0
2023-02-23,170.50272851531994,172.17801937262993,167.90554063056828,170.54237365722656,20017800.0
2023-02-24,167.17197219726032,169.2338674150604,166.20050742549483,168.90673828125,19791300.0
2023-02-27,170.38374334097588,171.61293912778723,167.5882849368587,168.06410217285156,19277000.0
2023-02-28,170.40358459714915,176.00440977021506,170.37384696069057,173.41712951660156,46051100.0
2023-03-01,173.07016779754176,176.3017987557463,171.54358035250698,171.9103546142578,30998400.0
2023-03-02,170.87943351305253,173.48652902510946,169.9376911811716,173.01071166992188,17352000.0
2023-03-03,177.36250600331513,184.99547475434628,175.50878912654005,183.6374053955078,45877700.0
2023-03-06,186.36342525082924,188.00897827423148,183.03267406683992,183.2904052734375,33209400.0
2023-03-07,187.35471231628523,188.7028738141815,182.40814594788083,182.90379333496094,36701500.0
2023-03-08,181.27810726547136,183.6473016510427,179.76142716356793,183.35983276367188,19432400.0
2023-03-09,184.72782130910593,187.28534898762197,178.73048379335697,180.10838317871094,26582800.0
2023-03-10,179.43426888152695,183.16154706370955,177.24351581257753,177.94732666015625,25665000.0
2023-03-13,176.4108467930736,182.18017523686387,173.29818141681156,179.3252410888672,24728000.0
2023-03-14,185.9471126481711,192.62844620426867,184.935987541542,192.3310546875,41642600.0
2023-03-15,191.27033106859906,196.05828682863768,189.17869840894608,196.02854919433594,42123600.0
2023-03-16,196.53412194369412,203.9688337131776,194.38301382017207,203.14605712890625,50447100.0
2023-03-17,198.81410277601756,200.14243431213578,193.72875509737597,193.90719604492188,50141100.0
2023-03-20,196.7521936752625,197.62453796620042,191.95433032702135,196.08802795410156,25186300.0
2023-03-21,201.4311170239478,201.77807628307767,196.22681889275694,200.40017700195312,31827000.0
2023-03-22,200.73723411859473,205.56483584696647,197.93186750073556,198.07064819335938,28477800.0
2023-03-23,201.07422684142568,206.0703609359866,200.39023103226907,202.50169372558594,27389700.0
2023-03-24,203.39389815045016,205.77301519457242,201.7780976074665,204.2166748046875,27716400.0
2023-03-27,203.02713219977034,204.0679950040307,199.60716737945347,201.07427978515625,18527200.0
2023-03-28,198.40765937001166,199.2800036835634,196.17724594410166,198.93304443359375,19127300.0
2023-03-29,201.787951900525,203.9291521378124,200.77682704525753,203.5623779296875,18851100.0
2023-03-30,201.60956435729426,206.27855492955837,201.0544416258621,206.03073120117188,22608300.0
2023-03-31,205.4359340744729,210.3230100418726,204.97002432137518,210.0950164794922,25440300.0
2023-04-03,207.02203663171613,211.63156728945143,206.38760845985527,211.21522521972656,17924600.0
2023-04-04,211.5323909564364,214.35758710921513,210.6897843491984,212.85081481933594,21026400.0
2023-04-05,212.2857781628593,213.31673323896115,208.11243547048335,209.63902282714844,19396600.0
2023-04-06,207.42846519605177,215.0515256680938,206.83368218453202,214.21884155273438,26104400.0
2023-04-10,212.84093957529885,213.7826667269681,208.8261921119088,212.88058471679688,16106100.0
2023-04-11,213.60421896645255,214.1395266783531,211.5522464067262,211.98841857910156,16710100.0
2023-04-12,212.96978427260183,214.95237399428152,210.7294633324491,212.13710021972656,18972200.0
2023-04-13,213.85201635173573,219.2248321863754,213.81237121638407,218.4318084716797,23310400.0
2023-04-14,215.983314832495,220.17648758119475,215.6561857349428,219.5618896484375,21591200.0
2023-04-17,217.87670046778837,219.0563438246389,215.23986751678353,216.95480346679688,15481900.0
2023-04-18,217.99566024521894,218.52104532046772,214.32787222191163,215.9932403564453,12281000.0
2023-04-19,211.61171286211123,215.4381115885571,211.07640517251718,213.82229614257812,15898100.0
2023-04-20,211.6216446591975,214.86318342643628,210.91783370536288,211.21522521972656,16475400.0
2023-04-21,208.3800955053103,211.55223597623976,207.7555749142046,211.03675842285156,17717200.0
2023-04-24,211.8198891943213,212.05780541816344,208.87575722630933,210.93763732910156,15750900.0
2023-04-25,208.9847941119795,209.42095115389515,205.32691358025164,205.74325561523438,19198200.0
2023-04-26,210.65016871382687,212.24615412653236,207.06168597416203,207.5771484375,41992700.0
2023-04-27,237.80171556165394,239.58604927632857,234.70888054019042,236.48329162597656,71196500.0
2023-04-28,236.92940298135062,238.33704000965574,233.6977868565905,238.22801208496094,39554000.0
2023-05-01,236.54276266287647,241.87593357965255,234.40157736953907,241.0630645751953,29143900.0
2023-05-02,241.06306805133124,242.78792649051843,236.90955544437884,237.15737915039062,24350100.0
2023-05-03,237.38537558955068,239.6455266055783,230.7238730814823,234.96661376953125,34463900.0
2023-05-04,234.00508036001702,236.126450919723,230.9023223675368,231.48719787597656,17889400.0
2023-05-05,230.21832376395497,232.63707051688766,227.84912965326185,230.7536163330078,27000500.0
2023-05-08,229.40546301604877,233.56889855403585,228.26547993603842,231.23936462402344,16400500.0
2023-05-09,229.4451239565892,233.8266455946459,229.0684270546972,231.33848571777344,16865600.0
2023-05-10,234.11409218905428,234.68904499084164,228.71153852913469,231.05099487304688,19119000.0
2023-05-11,231.0213033899886,236.1363892338316,230.27783213801004,233.73744201660156,20449000.0
2023-05-12,234.67914467629853,234.8972307500688,229.43518652876685,231.77464294433594,16161400.0
2023-05-15,234.85757102043314,238.16849214653735,233.28141585947415,236.7806854248047,20653200.0
2023-05-16,233.7374359129555,237.55392762383548,233.4697971599243,236.74107360839844,18163800.0
2023-05-17,236.37427977115127,241.7173589911172,236.06698075424535,240.37911987304688,21193100.0
2023-05-18,239.19948171054665,244.93907298959624,239.09043865770303,244.701171875,22943300.0
2023-05-19,245.31574994768903,246.52513093495048,241.29109507655596,243.50167846679688,21733600.0
2023-05-22,243.2736990167083,251.36266949569668,242.9862150086532,246.1583709716797,27738500.0
2023-05-23,244.66148482629066,249.41970323490676,244.50287401661294,244.59210205078125,17748100.0
2023-05-24,243.1447918766224,247.41727012429223,242.81766277139562,247.04058837890625,17724300.0
2023-05-25,251.19410627565514,253.3947820293933,247.00093333989307,250.49029541015625,22371400.0
2023-05-26,250.7281698558531,260.0265193027739,250.510098930214,259.7588806152344,25727200.0
2023-05-30,262.940956499197,266.31135290723864,259.0154374005094,260.2347106933594,23816500.0
2023-05-31,257.7366752187053,262.6931497421419,256.2001802172078,262.41558837890625,25473700.0
2023-06-01,263.58532716339073,271.6148224918179,263.57543478497155,270.2369079589844,25609500.0
2023-06-02,270.28649085876737,272.95307675520934,268.7598881304285,270.2369079589844,19416900.0
2023-06-05,267.94701923026497,273.17116310172264,267.21347063050644,269.0275573730469,20742900.0
2023-06-06,267.7883771704285,274.16239512591744,267.3422824340207,268.75982666015625,19419000.0
2023-06-07,269.30508506477685,271.8626124655505,260.5122743384185,261.3053283691406,26163600.0
2023-06-08,258.3512750536968,265.320077073053,256.6264315879081,262.27679443359375,20899400.0
2023-06-09,260.195176390525,265.6175623738575,259.4219673404304,262.6436767578125,16949800.0
2023-06-12,264.84423147196054,269.38434811275147,263.0202225116279,268.6904296875,15442500.0
2023-06-13,272.48716809809827,273.3198522484866,266.74756171115075,268.9581604003906,16164000.0
2023-06-14,269.5232072981204,272.5961975421648,265.98427695032746,270.9704895019531,19175100.0
2023-06-15,269.9296080997618,281.5178487136144,269.0572939381977,279.37664794921875,25973500.0
2023-06-16,282.27115750567344,285.3441770354856,277.6913809669585,278.5538024902344,43127700.0
2023-06-20,276.30360138540755,282.32073763157575,273.8154418388248,281.8548278808594,20701600.0
2023-06-21,281.06182497496616,281.52773476017416,275.93681733767835,279.18829345703125,20556200.0
2023-06-22,276.65061688441494,282.77684345408744,275.37186801598045,282.400146484375,17563100.0
2023-06-23,279.05946272124834,287.1484334816398,276.52174996331246,286.21661376953125,51092000.0
2023-06-26,286.18685639120184,287.26736422711815,275.183476694736,276.0458984375,24232700.0
2023-06-27,279.555073656432,286.8311743118034,278.2068969133884,284.5511779785156,26108300.0
2023-06-28,282.340639228578,287.02944505240964,281.5872453744649,282.8065490722656,16722100.0
2023-06-29,282.02346291533763,284.07545108347927,278.24663091121255,279.0793151855469,15395700.0
2023-06-30,282.2811659924353,286.5337996422137,281.9441293320843,284.4818420410156,19694900.0
2023-07-03,284.2042548786633,286.88073290993367,282.3703532958794,283.5301513671875,8629300.0
2023-07-05,285.14596189605084,295.52482034373986,283.8671830495328,291.8074645996094,33865500.0
2023-07-06,293.3142553701415,295.5248235823149,288.7741078971482,289.44818115234375,47600500.0
2023-07-07,289.63651542467915,293.62153999226626,286.1471685227358,288.0008850097656,25586000.0
2023-07-10,292.97721550858023,295.53477346549835,284.5512082858447,291.53985595703125,37058300.0
2023-07-11,291.3415903824076,297.5669216854234,289.35900041008506,295.6933898925781,27585900.0
2023-07-12,299.12326099178875,306.7562444583795,297.4876303209256,306.6471862792969,36677100.0
2023-07-13,310.88989563213556,313.4870833791565,307.58889699038366,310.6817321777344,30281000.0
2023-07-14,309.07580744281717,312.1389046779914,304.68434858283683,306.18121337890625,23054100.0
2023-07-17,304.86278022750025,308.9964621816181,302.05739928801484,307.91595458984375,25323100.0
2023-07-18,308.17378945631805,311.46489606355357,304.9421581279669,309.3335876464844,20731900.0
2023-07-19,310.3050549337283,315.9058653137581,307.81689494508896,313.2591247558594,21763700.0
2023-07-20,310.77096502311366,312.7932151799263,299.5891592620239,299.88653564453125,23836900.0
2023-07-21,301.9186093592084,302.80084583909525,288.6650051439267,291.6983642578125,42139300.0
2023-07-24,293.2051849386824,294.9300282701008,285.79028868592326,289.07147216796875,24915700.0
2023-07-25,292.62034976319046,295.703262442502,289.31932073955034,291.9066162109375,19585600.0
2023-07-26,298.56810446847095,299.1430421825214,289.358966650914,295.9709167480469,47256900.0
2023-07-27,322.28978907131307,322.51779778619095,307.14280439627186,308.99652099609375,64229200.0
2023-07-28,314.1214660648028,323.3603398318648,311.51435619098106,322.6466064453125,39220300.0
2023-07-31,320.87222512758746,322.82507714780235,314.8253206295678,315.8265380859375,25799600.0
2023-08-01,314.77580936288706,321.3183621345962,311.92087504418333,319.9007873535156,22817900.0
2023-08-02,315.2317634870685,315.6183830009451,307.94574026174797,311.5738830566406,20461100.0
2023-08-03,307.23205269504695,313.1996679680387,307.23205269504695,310.46368408203125,15180200.0
2023-08-04,312.2182436549531,315.63822327487594,307.49970034475876,308.02508544921875,17612800.0
2023-08-07,310.50332247597623,314.30989138505396,307.75741615279827,313.8043212890625,16236500.0
2023-08-08,311.66311551194724,315.1227553397813,307.4104518521526,309.91845703125,15183500.0
2023-08-09,310.156314310015,310.8997853919067,300.21362891825964,302.5530700683594,19955800.0
2023-08-10,305.2593520785052,309.6210435617212,301.22477459946464,303.0784912109375,14358900.0
2023-08-11,299.9360570047974,302.06733464728,297.7452738461012,299.01416015625,14046300.0
2023-08-14,298.35992905267074,303.5443816563155,295.65368327400716,303.5245666503906,15641900.0
2023-08-15,303.4750616157241,304.555569520521,297.4182335186527,299.321533203125,11623600.0
2023-08-16,297.5867363272898,298.4590504137435,291.7182573021849,291.7281799316406,18547700.0
2023-08-17,290.49894440443103,293.47282896172703,282.4694803012663,282.6082458496094,23950100.0
2023-08-18,276.60100568899685,283.20303313726754,271.9914906051631,280.7842712402344,35347900.0
2023-08-21,280.98256944649927,287.97118683695453,279.39649145484435,287.37640380859375,20181500.0
2023-08-22,290.0032653448662,290.35022455575495,284.2537679286789,285.09637451171875,12980200.0
2023-08-23,285.98859599429807,294.81111508897186,285.1658344882448,291.6786193847656,18287000.0
2023-08-24,295.90152985922856,296.8531644997961,284.144786778373,284.2538146972656,18360900.0
2023-08-25,283.6392301342168,285.87956641170797,273.62714504469477,283.01470947265625,23701400.0
2023-08-28,285.49287958247294,288.9128584699036,283.3120190960079,287.73321533203125,14239300.0
2023-08-29,286.06793579190537,296.54593259431834,285.6714237896152,295.3960266113281,20844500.0
2023-08-30,294.5831156113279,295.69336104721475,290.87565215344677,292.5311279296875,17717000.0
2023-08-31,293.22505736284154,298.4789391656425,293.086291789836,293.3143005371094,17229900.0
2023-09-01,296.7639806937551,299.1133450144046,291.90664122148576,293.8000183105469,12842300.0
2023-09-05,294.4344124053595,298.76639670796936,292.9375776161612,297.53717041015625,14956000.0
2023-09-06,299.0835715746785,300.65972681313633,293.08624961534355,296.5657043457031,15418100.0
2023-09-07,295.40588744923144,304.3770944136162,289.6762039967024,296.070068359375,33748700.0
2023-09-08,296.6152840075846,302.5927915043755,294.19652184534834,295.296875,17548000.0
2023-09-11,298.78620226973936,306.34978726869906,298.65732909121135,304.8826599121094,19489300.0
2023-09-12,303.66332641243866,305.9730602651931,297.6164522615025,299.03399658203125,13480400.0
2023-09-13,299.7278803744034,304.5059285575894,298.6969555666473,302.4043884277344,13210900.0
2023-09-14,304.06974981772856,310.14639163307857,302.3746442218173,309.00640869140625,19343100.0
2023-09-15,308.89742224638235,309.2840418195797,296.1493829923059,297.69580078125,28131100.0
2023-09-18,295.59422852439974,300.9571375613304,295.2076089926441,299.916259765625,14234200.0
2023-09-19,299.84688704196486,303.50476757967397,297.2001163940275,302.4143371582031,15924400.0
2023-09-20,302.3945122667024,305.3783197455341,296.82343949040535,297.0613708496094,19379500.0
2023-09-21,293.1259020127335,297.64620415124955,290.7170325130372,293.1556396484375,21319600.0
2023-09-22,296.6945570394368,302.7216470856656,295.6735244833445,296.4764709472656,25369600.0
2023-09-25,293.06638980081726,298.33016242036194,291.1432755959158,298.211181640625,18987000.0
2023-09-26,295.0688117797383,297.6858143028395,293.43318142131056,296.35748291015625,19417200.0
2023-09-27,297.83453247540683,298.67710884740836,284.29344198108106,295.1481018066406,36429800.0
2023-09-28,296.3377057544672,303.6633594810206,294.1172148146599,301.3139953613281,22167100.0
2023-09-29,304.70424728900844,307.93587851423496,296.754042410053,297.5966491699219,25373700.0
2023-10-02,300.1046087482149,304.50596053027635,299.0042859286593,304.14910888671875,16265600.0
2023-10-03,301.61141908080776,304.099548899281,297.03164113195834,298.3203125,17362300.0
2023-10-04,296.129485622407,304.2283466264966,295.90147694378794,302.9198303222656,16880500.0
2023-10-05,301.97810796847045,303.5443402767157,296.8927613396094,302.13671875,19130000.0
2023-10-06,298.8159662591981,313.5565180214866,298.29058112096453,312.6841735839844,21803900.0
2023-10-09,309.7796495788927,317.5414751678971,309.10557632186953,315.588623046875,22503700.0
2023-10-10,316.34200688294163,321.83378880843856,315.3903722999116,319.038330078125,19038000.0
2023-10-11,320.1981824390359,325.9774185235088,320.13870716386896,324.96630859375,22036300.0
2023-10-12,325.1447032712535,327.66260060248845,319.88093015978995,321.338134765625,20530500.0
2023-10-13,320.71363525767725,322.22039260310345,309.65078063069194,311.9505920410156,21341000.0
2023-10-16,315.8661797826119,319.0184898882461,312.77331469106156,318.35430908203125,16536100.0
2023-10-17,315.4101915615611,321.57604680606164,314.5378472437151,321.1795349121094,16387800.0
2023-10-18,318.5922912851323,323.1026711047013,312.81302491646005,314.21075439453125,16851000.0
2023-10-19,317.09537533508325,319.08788750004817,309.03614402821887,310.0869140625,18709200.0
2023-10-20,311.4053948634876,312.5552703274842,303.80214965849547,305.9631652832031,22312300.0
2023-10-23,306.80577011666287,314.59733347334077,304.5852792316508,311.2765197753906,17796800.0
2023-10-24,314.02241214997355,315.5787524774694,307.9259542753489,309.8292236328125,19525500.0
2023-10-25,307.3014363017255,308.17378070314754,296.2385809646329,296.9225769042969,42192500.0
2023-10-26,292.43197892863674,292.43197892863674,276.9677733145693,285.8398742675781,66684100.0
2023-10-27,291.91658921960357,296.7045311971585,290.41972395193005,294.1470031738281,29596300.0
2023-10-30,296.4863994004334,306.7066477918955,296.4467391323724,300.02532958984375,28435100.0
2023-10-31,300.66971139207175,301.03648573514215,294.2758459594337,298.6474609375,19434200.0
2023-11-01,299.2223365843718,310.0175210505434,299.2223365843718,309.1352844238281,20434600.0
2023-11-02,314.537867992154,316.04465564125337,305.64595129379006,308.1638488769531,21631800.0
2023-11-03,309.82921641467783,312.8031011868626,308.31253639094047,311.86138916015625,16764300.0
2023-11-06,313.22938992076604,315.5589088571514,311.7127098538126,313.0509338378906,12887700.0
2023-11-07,314.2999888616323,318.2056935641624,312.37687415015614,316.044677734375,14055600.0
2023-11-08,315.37056897639883,318.53277182519207,312.13893797333276,316.99627685546875,13609700.0
2023-11-09,316.6394446432929,321.35798801019484,316.0248163657783,317.75958251953125,16103100.0
2023-11-10,317.1548694871678,326.23513373605715,316.67903707934255,325.9079895019531,19096200.0
2023-11-13,323.36043950075,329.4370524090673,322.86479200320247,326.32440185546875,16908900.0
2023-11-14,331.6277738153951,335.15678091466447,330.42828531533473,333.3823547363281,17179400.0
2023-11-15,334.9882503418072,335.45416011600383,327.14710470691955,329.8136901855469,14531200.0
2023-11-16,326.50277439703774,331.66741200788823,323.53881252614497,331.28082275390625,18932600.0
2023-11-17,327.3850853902392,332.57946133524786,326.48300334029153,332.12347412109375,14494400.0
2023-11-20,331.97476378028864,338.89398282519466,331.2808452491062,337.0105285644531,16960500.0
2023-11-21,335.38476311199616,336.94110323972745,332.97592396005564,334.0465393066406,12027900.0
2023-11-22,336.25712187256374,339.9348475941971,335.6326012688178,338.51727294921875,10702700.0
2023-11-24,337.1691599420157,338.8840808634013,333.83839314189083,335.28570556640625,5467500.0
2023-11-27,333.25350452760324,336.9411226805428,331.2907600321463,331.7864074707031,15684500.0
2023-11-28,330.4976673792026,336.42562094268436,330.4976673792026,336.03900146484375,12637200.0
2023-11-29,336.7329553677821,336.9411188190531,327.90051448369286,329.30816650390625,16024500.0
2023-11-30,329.0008824720162,330.5968527575102,319.5934731970562,324.3021240234375,23146400.0
2023-12-01,322.64668993525703,324.01465154921027,317.96777657976315,321.992431640625,15276400.0
2023-12-04,314.52797610294596,318.0668760036283,310.92957067483053,317.23419189453125,19037100.0
2023-12-05,316.2032830645465,319.0780324511932,312.6445377227283,315.519287109375,16952100.0
2023-12-06,319.12756635327975,319.4447879881586,314.2801499252027,314.68658447265625,11294300.0
2023-12-07,315.0037509944529,325.38260919838507,315.0037509944529,323.7469787597656,15905100.0
2023-12-08,320.27745110653814,330.26972018709864,320.18823819980867,329.8533630371094,14087400.0
2023-12-11,326.5325557121071,327.0183108166974,317.2143890831733,322.44842529296875,25802500.0
2023-12-12,321.77432544730783,331.55840111361704,321.73466518140424,331.3105773925781,18485500.0
2023-12-13,331.02310334456655,335.4244551825213,329.74435468699323,331.8260498046875,16353300.0
2023-12-14,330.9437875845794,331.7863942469266,325.77914995119795,330.26971435546875,19607300.0
2023-12-15,329.0999994185291,335.7119500187242,328.3367132008549,332.0045166015625,31776900.0
2023-12-18,334.5421961519274,344.5344349076749,334.0861787405234,341.6200256347656,18993900.0
2023-12-19,342.5716401904211,350.52184376682237,342.1156530575935,347.3100280761719,17729400.0
2023-12-20,345.61501175139017,351.8700810717474,344.7625125327195,346.2395324707031,16369900.0
2023-12-21,349.90727608593943,353.30741024884486,346.17007504363573,351.0075988769531,15289600.0
2023-12-22,352.4846287114761,354.0905518678329,348.1625974502464,350.313720703125,11772800.0
2023-12-26,351.8997607137992,353.8724581015916,350.3731883758891,351.74114990234375,9898600.0
2023-12-27,352.9703988386223,355.8748857712245,352.2170049987148,354.7150573730469,13207900.0
2023-12-28,356.5687975042497,358.7496281934857,354.69523557044886,355.2008056640625,11798800.0
2023-12-29,355.8649351224526,356.8661526201397,348.7573678571759,350.87872314453125,14987100.0
2024-01-02,348.2617247349704,350.08570368515996,337.0501820548259,343.2755126953125,19042200.0
2024-01-03,341.97691405684844,344.92106102147176,340.192565145366,341.4713439941406,15451100.0
2024-01-04,341.501109198634,345.11932970434566,340.41067870668667,344.0982971191406,12099900.0
2024-01-05,343.9694464639919,350.4227866714276,343.2458204666084,348.88629150390625,13920700.0
2024-01-08,351.61232236037006,355.85506343366256,348.9853666048785,355.537841796875,13890200.0
2024-01-09,353.2974794746207,357.50059022164334,352.2665243572093,354.3185119628906,13463900.0
2024-01-10,357.0346705179699,369.69349454560995,355.9541325367698,367.2449951171875,22117200.0
2024-01-11,368.8906035328076,369.53493921555446,359.77067767079683,366.4520263671875,17205400.0
2024-01-12,366.9377174545656,373.7776460956339,366.32311946752475,371.2300109863281,19310000.0
2024-01-16,370.39731754067816,372.3402469912931,364.0332214951215,364.2611999511719,15306900.0
2024-01-17,363.1113118453537,365.33183300535507,355.48825160061466,365.1632995605469,12724800.0
2024-01-18,368.25612070140227,373.5694769229854,367.7208432542545,372.8557434082031,16354300.0
2024-01-19,375.7007255933001,381.0140511493726,374.67969316917856,380.11199951171875,21670800.0
2024-01-22,384.5728454450382,386.9519470116833,377.8419450079911,378.45654296875,17680500.0
2024-01-23,381.2718033118794,384.9990814617669,378.75390603497135,381.8467712402344,15506100.0
2024-01-24,386.6049402388198,392.7013967075876,384.4340023850179,387.2988586425781,15698500.0
2024-01-25,386.7735774043585,392.04724373031695,382.3028273437507,389.7573547363281,15091100.0
2024-01-26,390.91717836621734,393.33594051871705,388.18119456212906,390.7090148925781,13163700.0
2024-01-29,391.5515760143711,399.42246020474215,389.6780443214767,397.5290832519531,18742400.0
2024-01-30,400.0766927751704,402.8225686731587,396.09169829023307,396.5774230957031,18614700.0
2024-01-31,385.61368380179516,394.5353371545359,383.7302296999333,386.7437744140625,20180800.0
2024-02-01,390.5107301891786,397.01362256052823,389.6284631736777,391.3434143066406,29727100.0
2024-02-02,455.5991505122071,481.7296700383125,449.0665206306807,470.85516357421875,84707600.0
2024-02-05,465.7896247984481,467.7920294868746,455.2224181615912,455.4107666015625,40832400.0
2024-02-06,459.960873984456,463.05370950369905,449.0566291270659,450.76165771484375,21655200.0
2024-02-07,454.0130625295491,467.41535863754694,452.20889855772646,465.5021667480469,23066000.0
2024-02-08,464.2432012847288,466.4934296544483,460.98183282884037,465.9085693359375,18815100.0
2024-02-09,468.832958878752,469.4673719159905,463.4006516600271,464.0350646972656,18413100.0
2024-02-12,464.1143653554513,474.9789490756288,462.5183648227148,464.81817626953125,19382000.0
2024-02-13,452.892885158852,463.8169740536251,451.1283814896447,456.1145935058594,20916600.0
2024-02-14,463.85660058253393,469.982795609744,462.03262165462274,469.1600341796875,16858400.0
2024-02-15,471.1426069795392,484.366476420445,468.10924721096126,479.8164367675781,24212300.0
2024-02-16,473.94795697120554,474.7905636276594,465.1254390286169,469.1996765136719,23324600.0
2024-02-20,465.6309833618056,472.03473914380294,462.4984882396242,467.643310546875,18015500.0
2024-02-21,462.9297393124739,465.41060608263723,458.25579479701133,464.4480285644531,12921800.0
2024-02-22,476.5645485214587,486.23992842019754,472.41654676636847,482.40948486328125,21625800.0
2024-02-23,484.3147227261983,490.5764270483582,478.6583655486156,480.32550048828125,18374300.0
2024-02-26,479.76987131875444,482.41945039379345,476.921841069552,478.0531005859375,12101400.0
2024-02-27,476.3065805684811,483.5407662161046,476.2470421891275,483.32244873046875,10809600.0
2024-02-28,481.2881234084936,487.29180850441577,479.0553434545367,480.31561279296875,12715500.0
2024-02-29,484.70180744595217,487.93686726454155,478.91640943030325,486.3788757324219,17732000.0
2024-03-01,488.34367413066025,500.3907764734073,488.0856846060254,498.4556884765625,16273600.0
2024-03-04,499.1503515840117,500.5594971142455,492.62072412682585,494.3771667480469,12324100.0
2024-03-05,491.21161670016596,491.7871644614326,484.15604619661946,486.46820068359375,15325300.0
2024-03-06,493.8214657207925,499.120593170195,490.50703156108455,492.2932434082031,11757900.0
2024-03-07,499.4282974415615,515.8714609395325,497.5428445740282,508.2701110839844,18586400.0
2024-03-08,510.2547468573878,519.5629636532714,495.52832561465306,502.07781982421875,18597100.0
2024-03-11,493.206190107269,493.5138151285209,472.3569784877546,479.8888854980469,20428300.0
2024-03-12,489.48488182788077,498.4656062281619,481.02016674493694,495.9252014160156,15448200.0
2024-03-13,491.5986065562737,497.14582052729384,487.27195954593,491.7772216796875,12090700.0
2024-03-14,496.43133146634375,497.5129856516663,484.4239312675284,488.0658264160156,12620000.0
2024-03-15,485.2674452189563,488.0658397573239,477.61643073962875,480.39501953125,29153600.0
2024-03-18,488.14527802239974,493.61311813323977,483.0843037003027,493.1764831542969,11755300.0
2024-03-19,484.43389344040116,492.82913789689565,477.59661025996246,492.4421081542969,10903100.0
2024-03-20,495.6771461475813,504.3105740199144,491.3802985259637,501.65106201171875,11711100.0
2024-03-21,510.7708458464034,511.09827668308884,502.1374165286128,503.8740234375,9712500.0
2024-03-22,503.11981236941114,506.0670834875513,500.4801663272367,505.6800537109375,8120600.0
2024-03-25,501.9190467966136,503.3380953120619,496.41150443106284,499.17022705078125,8380600.0
2024-03-26,501.2640919046953,506.09681547367757,491.41999934541593,492.0948181152344,11205400.0
2024-03-27,495.4786906872178,496.0642018848251,484.3346567294072,490.080322265625,9989700.0
2024-03-28,489.06812442310434,489.1177599265289,481.4369761827551,481.8636779785156,15212800.0
2024-04-01,483.4713059825083,493.62299295598973,478.0927737479156,487.58953857421875,9247000.0
2024-04-02,481.3874231408066,493.7222861970165,480.9408549816661,493.5635070800781,11081000.0
2024-04-03,495.11146999848677,503.3578676240407,494.93285488293304,502.8616943359375,12099200.0
2024-04-04,512.4676419362434,525.9437264523161,506.672341112813,507.009765625,26476300.0
2024-04-05,512.9043035265651,526.638408576823,510.47304198515513,523.3041381835938,19263300.0
2024-04-08,525.2293292201076,527.4223768254514,514.9188317096773,515.2760620117188,13260600.0
2024-04-09,518.2331950359386,521.8453515412855,502.8617544246005,512.9440307617188,10863800.0
2024-04-10,505.3922206037786,518.5606494016819,501.928910292975,515.8515625,11418500.0
2024-04-11,517.1217075007655,519.8506605732492,513.3309363282792,519.156005859375,10369500.0
2024-04-12,513.7874418018332,516.2087698797866,505.43187027315577,507.9822082519531,11984500.0
2024-04-15,512.7653372648631,514.5615428654139,493.4741460488993,496.4015808105469,13512900.0
2024-04-16,494.29775401725584,500.90678605584037,493.30540740997316,495.9351501464844,9847900.0
2024-04-17,499.2495874459534,499.30912582005857,483.4117439696621,490.387939453125,12193700.0
2024-04-18,495.9947675129914,508.28995847169983,495.2207382473986,497.9595947265625,14808700.0
2024-04-19,498.95188761147057,498.95188761147057,472.08908659081203,477.3882141113281,25215400.0
2024-04-22,485.97202274350616,488.24450514549414,469.7769174777012,478.0431823730469,17271100.0
2024-04-23,487.4903047021122,494.94283793154807,485.22775549164936,492.3031921386719,15079200.0
2024-04-24,504.17161722523144,506.0967720750617,480.8713078752949,489.7230529785156,37772700.0
2024-04-25,418.1748568844393,442.35833901070566,411.3276713078903,438.001953125,82890700.0
2024-04-26,438.0813579966591,443.023255377978,428.6540645124844,439.8973693847656,32691400.0
2024-04-29,436.195878453334,436.3943598912081,425.28006561859786,429.3089904785156,21502600.0
2024-04-30,427.751047303974,436.2554660770885,426.4312394735651,426.8778076171875,18429500.0
2024-05-01,425.31978777610783,446.51629805901524,423.84117064830116,435.8287353515625,20344900.0
2024-05-02,435.48142162693887,440.562231878881,428.9716297061358,438.2996826171875,15221300.0
2024-05-03,442.51718778714474,450.69414576340074,440.45311983093706,448.50103759765625,16489100.0
2024-05-06,452.093259876696,462.592304076786,449.8704131384758,462.115966796875,15094600.0
2024-05-07,462.72128393951647,467.9211702005298,457.7793871898574,464.6563415527344,13406800.0
2024-05-08,459.95270159665824,471.94023656788784,459.4565282400275,468.9830627441406,11683900.0
2024-05-09,466.4029313871889,472.4363857703792,464.05107464244514,471.7814636230469,9437700.0
2024-05-10,473.4386842914545,473.8455500732435,466.00601718642696,472.5555114746094,10750000.0
2024-05-13,469.1318441867083,469.72725818959685,459.3076191330967,464.4281311035156,14668800.0
2024-05-14,459.8236291276941,468.9234605753996,456.55880040566063,468.2387390136719,10478600.0
2024-05-15,471.34482265738814,478.8072585621629,467.59375353224107,477.8546142578125,13100500.0
2024-05-16,471.36468862920213,474.0341037096342,469.1319085251691,469.6082458496094,16608200.0
2024-05-17,467.2265884372279,469.1815126685142,464.83505951456476,468.29833984375,10807300.0
2024-05-20,466.3533210681569,469.5784476860999,463.4655886777014,465.2518005371094,11745100.0
2024-05-21,463.54499982976347,467.09761808342193,458.7321121308233,461.0740661621094,11742200.0
2024-05-22,464.28919769640606,470.094431348203,462.0861870387401,464.19989013671875,10078600.0
2024-05-23,469.26087705798136,470.72953068178265,458.0076699601858,462.2152099609375,11747900.0
2024-05-24,464.04111742441904,476.1775273800848,462.7312126296393,474.55999755859375,12024300.0
2024-05-28,472.93254487428226,477.17978725076165,471.2058714243165,476.24700927734375,10175800.0
2024-05-29,471.0272448580583,476.17752617925936,470.07460059335506,470.7295227050781,9226200.0
2024-05-30,468.06013056265147,468.11966893547435,461.15337647505135,463.4754638671875,10719600.0
2024-05-31,462.2350557963907,465.52965393072293,450.9818484598858,463.2571716308594,16919800.0
2024-06-03,467.25636863239123,475.9294996806374,464.6564250347683,473.83563232421875,11279400.0
2024-06-04,473.3493496612414,475.22489935660434,469.60821371186694,473.33941650390625,7088700.0
2024-06-05,480.7423947273293,492.84900689624556,480.20651900327624,491.27117919921875,15690500.0
2024-06-06,489.20711088439725,498.9717992536911,487.1331098145105,489.98114013671875,10667300.0
2024-06-07,492.11466024786785,495.091700375797,486.41859982731586,489.1872253417969,9380700.0
2024-06-10,490.080347878426,498.81301738575456,489.6338100145634,498.75347900390625,11220900.0
2024-06-11,496.33212967798784,503.71519155721654,494.4565798764981,503.586181640625,9673700.0
2024-06-12,510.05622720634506,510.07609352042476,500.60909832909755,504.9456481933594,11983200.0
2024-06-13,501.83960690092306,505.4616660517263,497.52289299395886,500.241943359375,9954600.0
2024-06-14,499.29827689365226,503.76827047428316,497.41095233353604,500.7982177734375,10243300.0
2024-06-17,498.3248520419291,507.3442927979167,492.70258957460356,503.25177001953125,11266600.0
2024-06-18,501.195563022246,502.62596344611273,491.7191677926502,496.15936279296875,13060400.0
2024-06-20,498.6526016949452,500.3114792658719,493.45746507098966,498.3546142578125,11801200.0
2024-06-21,500.09297514636967,500.09297514636967,489.1067263628177,491.48077392578125,22359200.0
2024-06-24,495.8712961742398,504.4139262555408,490.9940329117928,495.5832214355469,13525300.0
2024-06-25,493.73555692708146,507.30447289403395,492.19590476937867,507.1952209472656,12063200.0
2024-06-26,503.2715671209678,510.38382668285755,501.3147021974166,509.69842529296875,8882300.0
2024-06-27,510.8209300507455,519.3933892059828,510.47328813668884,516.0955200195312,10121200.0
2024-06-28,513.7016545830614,518.4000954188623,500.48037812073636,500.85784912109375,15855100.0
2024-07-01,501.58300786062364,503.20211356432793,489.88155805871406,501.3147888183594,10328200.0
2024-07-02,497.4209190368857,507.0959625693369,496.11965660213826,506.1026306152344,7739500.0
2024-07-03,502.9934818232005,507.87074521081,502.6458095867641,506.5595397949219,6005600.0
2024-07-05,508.1886781515911,537.2634960736218,508.1886781515911,536.3098754882812,21354100.0
2024-07-08,538.733549875278,539.190504390823,523.1382870220716,525.7904663085938,14917500.0
2024-07-09,530.1908757911539,533.8959841966067,524.667953121388,526.4658813476562,8753200.0
2024-07-10,527.2506151441854,535.2866968575805,524.8368259127777,531.1246337890625,10983300.0
2024-07-11,527.3500219197413,531.8895562792189,504.9801666469837,509.28131103515625,16458300.0
2024-07-12,494.4409341236974,504.70204009860527,490.9344734606303,495.54351806640625,19750500.0
2024-07-15,495.3050935222818,503.30140324613546,490.0801579921721,492.8515625,12539200.0
2024-07-16,498.1559561053816,500.58963142634576,482.55072018571695,486.5240478515625,14075800.0
2024-07-17,475.9748583365877,475.9748583365877,456.0585356169319,458.9093933105469,28076600.0
2024-07-18,471.8326942182321,476.04441214611455,461.442450113497,472.6770324707031,19267200.0
2024-07-19,472.88560505542085,483.46458424586564,472.5379328105717,473.6107482910156,15149400.0
2024-07-22,483.3354544094365,488.77892449316187,480.6733320174168,484.1499938964844,12023100.0
2024-07-23,486.5736915826986,491.9178220255653,484.4678328165319,485.4313659667969,9455500.0
2024-07-24,469.16057574428834,473.1239602274661,457.5087819303117,458.1941833496094,17649700.0
2024-07-25,460.17092144183493,460.4589658515136,439.69833629849063,450.3865966796875,18240500.0
2024-07-26,461.10466771737475,466.6375032130232,456.3565425755035,462.59466552734375,14222400.0
2024-07-29,466.7467910394615,470.7995717926328,461.91918231436165,462.6045837402344,11339600.0
2024-07-30,463.88603283345884,469.57783596951856,453.6547256053789,460.1014404296875,11390400.0
2024-07-31,467.87919560673834,473.3226655061121,463.6376791709923,471.6637878417969,24285800.0
2024-08-01,517.5259306837595,523.6547716585801,488.8186442383986,494.4210205078125,43083100.0
2024-08-02,485.73929115246585,497.80826747717975,472.9749703834954,484.8850402832031,24044700.0
2024-08-05,448.340392438967,480.256153607523,447.7940416649235,472.5578308105469,21396200.0
2024-08-06,475.8059745622405,499.2088714287347,475.4583023384702,490.79534912109375,20955000.0
2024-08-07,499.77508903606014,506.7482681354804,483.61355944940226,485.65985107421875,20105300.0
2024-08-08,494.1826592575275,506.5595672205357,491.42119757011926,506.2317810058594,16156800.0
2024-08-09,504.3245575432351,514.8837113715979,502.3279809305961,514.3175048828125,13696600.0
2024-08-12,513.4136101164537,514.5659092940476,505.70537370217875,512.5097045898438,9767400.0
2024-08-13,516.5425953987603,527.9559706517589,514.6950123852472,525.0156860351562,13743800.0
2024-08-14,524.5388780300436,530.4392723612109,519.6417586898049,523.24755859375,11444200.0
2024-08-15,528.2439725420813,536.1708026803833,523.1879469001557,533.7470703125,13482100.0
2024-08-16,528.3533057155574,530.1015190770014,521.1615312349661,523.9031372070312,14776700.0
2024-08-19,523.3568293697928,528.1148678543794,519.2742493741875,525.7507934570312,9879700.0
2024-08-20,524.8269052919596,527.5486857302659,522.3734045061494,523.2177124023438,7944400.0
2024-08-21,523.6350139485368,535.8033315503418,523.4164493710769,531.591552734375,13423300.0
2024-08-22,533.4191952832433,540.6009650477762,525.0653012290355,528.3829956054688,15708300.0
2024-08-23,533.3396896345922,536.2700305512936,521.5587891134588,524.4791870117188,11323900.0
2024-08-26,524.0819750389632,524.4793321175962,511.51636075055256,517.6452026367188,9584000.0
2024-08-27,515.5194158515097,520.5159048538387,511.87390443058763,515.6386108398438,6282700.0
2024-08-28,514.2181869302751,517.6154262040186,509.03302271484114,513.3341674804688,9106100.0
2024-08-29,515.5889478445253,523.6846276660798,512.2414239497651,514.7644653320312,8317400.0
2024-08-30,517.8735737554629,520.0489730917525,511.7646188064961,517.8338623046875,9157500.0
2024-09-03,516.174963281038,521.9859301968734,505.22842718576123,508.3475036621094,12459100.0
2024-09-04,502.6954771522908,513.1453480424364,500.70881337108693,509.32098388671875,8335200.0
2024-09-05,508.3078633902029,518.1517873635855,507.74165686241577,513.41357421875,8640900.0
2024-09-06,518.4000932131843,521.0821016570909,494.92765391819984,496.9341735839844,14744500.0
2024-09-09,502.7848710640587,507.92037993887993,498.7320599932226,501.42401123046875,11047800.0
2024-09-10,504.7715348360927,510.7513818768451,496.6957417525211,501.42401123046875,9899000.0
2024-09-11,503.6292165016286,509.69845986206315,492.29529588084,508.41705322265625,10782500.0
2024-09-12,513.6022993894097,523.1979204782829,511.7844848502824,522.0952758789062,11970500.0
2024-09-13,516.8704572987319,524.0621720816487,513.6619533531348,521.1218872070312,10321400.0
2024-09-16,521.5393768501115,531.0446869851908,514.4402669362904,530.2294311523438,9527600.0
2024-09-17,534.5245992433219,538.9988566946421,527.5348463816464,533.251953125,11690800.0
2024-09-18,533.9977707656788,541.0869894169668,530.8459213153205,534.8727416992188,10323500.0
2024-09-19,546.8537527288971,558.8547141847413,543.3936793129712,555.9016723632812,15647000.0
2024-09-20,556.7965408444652,561.2707987619654,553.1176944195414,558.1387939453125,22066800.0
2024-09-23,566.2422454333392,570.696598725916,559.1927762027452,561.1813354492188,12830700.0
2024-09-24,563.4383563302257,564.5022427843289,551.0198138385321,560.1075439453125,12993000.0
2024-09-25,560.8233197330189,573.5799422527921,560.4951905177006,565.0589599609375,16543400.0
2024-09-26,572.436617382725,574.0971081324976,559.1331504876267,564.591796875,14400800.0
2024-09-27,566.8387572234752,567.5745750797583,561.2807684246667,564.1144409179688,9398400.0
2024-09-30,564.4525297734127,571.392581823153,561.5690947166503,569.1654052734375,12792300.0
2024-10-01,574.6736740742251,579.7047261626475,566.8387463764593,573.1723022460938,15259300.0
2024-10-02,571.5715250916941,572.705018338464,566.0831432657689,569.5332641601562,6524700.0
2024-10-03,566.8884769556879,580.0228702133212,565.4765563823341,579.436279296875,11581000.0
2024-10-04,580.3907699305325,593.4357124935896,578.1039391514795,592.5309448242188,14169500.0
2024-10-07,594.7979355563699,599.5009195077625,580.6990575803541,581.4348754882812,12014200.0
2024-10-08,586.3167671153983,590.1646244921006,582.6180152740485,589.4984741210938,7857400.0
2024-10-09,590.5920924118491,590.9898285010107,578.2829068901802,587.1320190429688,9529700.0
2024-10-10,584.2088915296315,586.8536486528583,579.1877915177303,580.4902954101562,7740400.0
2024-10-11,581.4844891955055,587.8279971754954,579.3766215385939,586.5751953125,8587100.0
2024-10-14,590.8207918278077,596.6671607014488,586.5852117292404,587.0425415039062,8252000.0
2024-10-15,586.7840223253323,587.2314602827565,576.821381994876,582.9163208007812,9564200.0
2024-10-16,578.074153352245,578.7502561624128,570.7463179400054,573.490478515625,11268400.0
2024-10-17,579.9930514580655,581.6236236428501,571.9095546343025,573.629638671875,8701200.0
2024-10-18,577.7758214109436,580.6293988605148,571.9593103260983,573.1723022460938,7694300.0
2024-10-21,572.7348299431258,573.9378692579733,565.8543723443174,571.8697509765625,8171900.0
2024-10-22,571.0047942012734,580.1919884331684,568.8472245196812,578.6806640625,8544500.0
2024-10-23,576.6522939692993,581.6535493433651,559.2822589840049,560.4654541015625,14248400.0
2024-10-24,563.885737507838,565.6257266322763,558.3078440792799,564.5320434570312,7184700.0
2024-10-25,570.6468669862153,577.9647500652169,568.4494872870167,569.9707641601562,11337900.0
2024-10-28,578.67072146079,580.410710743533,570.8357934356153,574.8526611328125,10925100.0
2024-10-29,576.8313941446783,590.2740144668209,572.108565553997,589.8862915039062,13019100.0
2024-10-30,597.5420286080739,597.7608016379978,586.0084115680872,588.41455078125,26864900.0
2024-10-31,581.6534603775302,586.525453807229,559.7892656536117,564.3331298828125,26838400.0
2024-11-01,564.3630263338429,570.3883582518947,559.3419265164682,563.9155883789062,15303200.0
2024-11-04,560.87307535209,565.4368452329544,554.6986381254013,557.47265625,12064600.0
2024-11-05,564.0547974082218,570.1994379718212,563.4283964137084,569.1554565429688,9775400.0
2024-11-06,559.5308004818795,569.7221655728422,551.9941447200907,568.777587890625,18305400.0
2024-11-07,573.5899682554951,591.3974890420855,571.9195858236583,588.3152465820312,14653700.0
2024-11-08,588.1561165108458,589.707190216614,581.1763151778936,585.96875,9415700.0
2024-11-11,583.0057999151439,583.6421534545929,573.2121696554306,579.8340454101562,10209100.0
2024-11-12,585.1733003985561,596.2296848177605,577.0600054748132,581.474609375,16287700.0
2024-11-13,579.2771839216865,582.2898800347385,571.8797417717248,576.68212890625,10757600.0
2024-11-14,573.6993404002395,577.4378414789874,569.7321744285508,573.8583984375,11053700.0
2024-11-15,567.9522419153632,569.2945554984724,548.3450815467248,550.9103393554688,17712900.0
2024-11-18,553.8533670815018,556.6970522455416,546.9431739007064,551.228515625,14327300.0
2024-11-19,548.7030690284671,558.2183311036446,547.4502671516217,557.8803100585938,9522400.0
2024-11-20,559.7097017322158,563.1101203268514,551.0296618909093,562.284912109375,9797300.0
2024-11-21,566.2621684175319,566.7394032323083,545.9092323271811,559.8689575195312,11154700.0
2024-11-22,560.32621328156,560.6046406773982,551.4175075908335,555.9414672851562,9164000.0
2024-11-25,558.8844673779386,569.3145100236936,553.2071704273792,561.8772583007812,13599800.0
2024-11-26,562.7622479761632,574.1964632618979,561.9668364413141,570.2590942382812,10356600.0
2024-11-27,571.601423170664,571.6908743519631,560.8731072719025,565.9439697265625,7200200.0
2024-11-29,565.7450327371056,575.1509386081322,563.6570700717043,571.0346069335938,7130500.0
2024-12-02,574.1965182071275,591.099272855649,572.2775656969997,589.4388427734375,12522400.0
2024-12-03,591.5963703951107,610.6865511232141,587.8678218422003,610.1397094726562,14907200.0
2024-12-04,609.4536043990507,614.2460390304662,601.6385211482492,610.2689208984375,14697000.0
2024-12-05,613.550119948881,616.3539959197653,603.5774656613376,605.4467163085938,8081200.0
2024-12-06,606.609996608488,626.1873655515558,605.0490309451652,620.2018432617188,16935500.0
2024-12-09,620.350888846341,622.8167434326103,602.7024265777296,610.0601196289062,11426000.0
2024-12-10,614.0272799520044,622.0113739130567,609.234845211511,615.7772216796875,10938900.0
2024-12-11,619.8039905100828,634.7480401253283,617.9745502630952,629.0607299804688,10837200.0
2024-12-12,627.8875399219128,633.0179957315453,623.6221024715439,627.1815795898438,7474700.0
2024-12-13,623.6319649076017,627.469929936179,613.3611012669363,616.80126953125,8453300.0
2024-12-16,626.8814359361309,628.0457250425881,615.5375430599308,621.169677734375,10885600.0
2024-12-17,623.0901898648054,629.2597075495864,613.507549791668,616.393310546875,12897800.0
2024-12-18,617.9456355913278,624.2743396016706,593.3870305020766,594.2527465820312,17075500.0
2024-12-19,607.3878634532757,608.512310503509,592.0735432784724,592.6407470703125,14958100.0
2024-12-20,587.675323062813,600.1436642411298,577.1473424651591,582.3715209960938,48989400.0
2024-12-23,586.7001320561428,598.133671534272,583.3666327345034,596.8997192382812,10205800.0
2024-12-24,599.7555139461255,604.9996130735921,596.3324917694366,604.7608032226562,4726100.0
2024-12-26,602.5019749107529,603.3179490935831,595.994163249834,600.3824462890625,6081400.0
2024-12-27,596.4616843775616,598.8896852972854,586.8989671949188,596.8597412109375,8084200.0
2024-12-30,585.8542270232425,594.0039468527602,582.6998357068834,588.3319702148438,7025900.0
2024-12-31,589.3570104919964,591.0486006579675,580.9783795227164,582.6302490234375,6019500.0
2025-01-02,586.8195277648132,601.9348206194616,584.9289090505599,596.292724609375,12682300.0
2025-01-03,601.7854933825649,606.5021699414652,593.4765264756181,601.6561279296875,11436800.0
2025-01-06,608.8207596792694,627.8864953892827,602.641281410124,627.1004028320312,14560800.0
2025-01-07,628.5930258941997,628.9910220723464,605.2384303850833,614.8509521484375,12071500.0
2025-01-08,610.3830585744919,613.4080846789525,599.8251969713253,607.7161865234375,10085800.0
2025-01-10,607.0296506844576,626.811816790901,594.4020628949343,612.8309326171875,19256600.0
2025-01-13,604.1139601037415,605.9747576676493,595.5065414878209,605.3379516601562,10785000.0
2025-01-14,602.093936955974,602.5118541569082,585.6551720564437,591.3271484375,13598000.0
2025-01-15,607.2086697081857,619.3984173951854,603.516895686969,614.0846557617188,15524300.0
2025-01-16,608.4923634164871,613.2190007447427,606.7111893194766,608.2933349609375,8355300.0
2025-01-17,620.9806532892833,621.8961113451103,600.7008856525179,609.7561645507812,17280600.0
2025-01-21,614.791235345522,618.4431675349931,606.0146090104106,613.427978515625,11674000.0
2025-01-22,620.2343821669388,630.5832556521083,616.3834210286319,620.4334106445312,12274000.0
2025-01-23,624.27438359991,633.4689279487995,618.0949656788501,633.3197021484375,9910200.0
2025-01-24,633.2699982280365,648.7932479651176,631.0808064099955,644.305419921875,19065300.0
2025-01-27,623.5280757089856,660.6048263723562,622.025492753922,656.6344604492188,28399200.0
2025-01-28,662.7243805632816,679.2228513674787,656.2264682196907,671.013427734375,20950100.0
2025-01-29,671.6800579089199,677.7002892439266,662.3959298804792,673.1627197265625,21377800.0
2025-01-30,693.3927409364592,707.294001197109,672.774619401076,683.6210327148438,29322900.0
2025-01-31,687.6014000766061,701.8310551092019,682.2080746968453,685.7903442382812,19303900.0
2025-02-03,672.5854868392348,700.5373519375069,671.9287597951726,694.029541015625,21415700.0
2025-02-04,699.0448720510054,704.2292694079568,688.2084181057377,700.7265625,13826300.0
2025-02-05,700.0896222542642,714.6078889974233,695.5719738179728,701.4031372070312,17778200.0
2025-02-06,702.4082250040422,715.364207246352,700.0399258686745,708.4881591796875,13080700.0
2025-02-07,713.2743693522815,721.4440099000519,708.249220189881,711.005615234375,16427100.0
2025-02-10,715.0257888589608,717.652818700605,707.8313687608933,713.8715209960938,12904300.0
2025-02-11,709.8115349418778,720.1006435254067,706.5476385055467,716.2596435546875,12998000.0
2025-02-12,711.7818770685368,723.5238281436095,709.0951445232752,721.8123168945312,12016500.0
2025-02-13,717.9713316181679,725.4145229257568,714.5084061760308,724.9766845703125,12569100.0
2025-02-14,722.5685149916063,737.2658278537506,722.0510531620941,733.0466918945312,16901200.0
2025-02-18,732.3800130970368,733.3750946365709,702.9654052178096,712.8465576171875,21938700.0
2025-02-19,700.6369880110449,703.5227491828676,691.9698654310938,700.3086547851562,17535500.0
2025-02-20,693.8504867433877,702.1593933249234,690.228375354197,691.4224853515625,12587400.0
2025-02-21,693.1539301625503,700.4080528713276,679.0038387952945,680.18798828125,15660400.0
2025-02-24,682.9045646514273,683.8896856241412,659.1917553729045,664.8438110351562,15677000.0
2025-02-25,662.6944247816905,664.7144694629277,638.703023401866,654.26611328125,20579700.0
2025-02-26,656.4055905153153,679.6506817176414,654.763681609393,670.386474609375,14488700.0
2025-02-27,679.0934498337167,685.2629678985895,654.3358147754243,655.0025024414062,12500000.0
2025-02-28,654.8033903750937,666.3364113660828,639.4393300085176,664.9134521484375,17534200.0
2025-03-03,670.3665609910959,677.8993359462462,647.6389313945824,651.8281860351562,10843800.0
2025-03-04,642.3351433054311,646.5542796373367,620.5826737681288,636.8522338867188,21495200.0
2025-03-05,637.847267619745,656.256276123591,634.523668550264,653.2411499023438,13770000.0
2025-03-06,644.8129097915485,647.3603163884869,621.0403945748483,624.8416137695312,13446500.0
2025-03-07,622.2942118555259,631.6678640718745,597.6559802759192,622.582763671875,21375700.0
2025-03-10,605.0792675215534,607.109212093194,583.9835257431913,595.048828125,21999900.0
2025-03-11,592.1232921602733,611.9055191678449,590.4117809661785,602.7308959960938,17401500.0
2025-03-12,626.801926859784,630.2150494744315,606.352951302888,616.5127563476562,15747000.0
2025-03-13,617.1993356753703,617.4481060645986,583.6252936627146,587.7349853515625,16480300.0
2025-03-14,600.3688460487675,606.4044031406513,592.381232702444,605.1494750976562,12364500.0
2025-03-17,605.0099996635669,610.62720608086,595.5881320780952,602.4603271484375,15473900.0
2025-03-18,597.6298861819188,597.8290917063831,572.34227369431,580.01123046875,20297700.0
2025-03-19,581.9235510596104,589.9311027976759,572.4518964146898,581.7044067382812,20537500.0
2025-03-20,580.4096129893901,607.7389439842362,577.172720940167,583.6365356445312,24336500.0
2025-03-21,581.0670032780688,595.1300513212973,578.6069941650959,593.8452758789062,25015900.0
2025-03-24,612.4897693268488,620.0292464732079,609.7309821971656,616.3541259765625,15741300.0
2025-03-25,624.2322549021957,631.3235347184631,618.6747423038911,623.7840576171875,15312500.0
2025-03-26,622.3697410659778,624.2222248223229,604.163437823038,608.5158081054688,12609800.0
2025-03-27,599.5720414465346,611.7726353131792,597.67968012305,600.1497192382812,10436500.0
2025-03-28,597.8888875675808,599.3230823357646,571.605306475786,574.4139404296875,17602800.0
2025-03-31,561.2272821521618,576.365989409716,551.0684088090011,574.035400390625,21124700.0
2025-04-01,568.537705940541,587.5307390242879,567.70106709451,583.6365356445312,12836600.0
2025-04-02,572.5913101802249,590.2697228543149,571.0475736256388,581.574951171875,13470800.0
2025-04-03,544.016982785148,550.3314393515183,528.1612075786397,529.4758911132812,34777500.0
2025-04-04,504.5767280238223,515.9108358048159,492.2068365877987,502.6943664550781,38589800.0
2025-04-07,483.14354512484755,537.1946573822175,479.95643891438516,514.1679077148438,36606100.0
2025-04-08,541.0589647931961,545.2220987278512,500.83185110030036,508.3912658691406,28034200.0
2025-04-09,507.2159828753818,585.5189153793327,500.08485719899596,583.407470703125,39216600.0
2025-04-10,573.1689763297147,578.9555415344041,533.141064552052,544.0867309570312,28173500.0
2025-04-11,533.3501954996136,545.1922554454453,526.4581222037267,541.377685546875,17642300.0
2025-04-14,553.926912857093,555.5204964254532,526.1494412576809,529.3364868164062,14130900.0
2025-04-15,529.9638803667925,535.7703838427552,515.4128199804695,519.4166259765625,15558700.0
2025-04-16,506.459094542153,511.29947867102186,493.6310371089192,500.2840881347656,18735100.0
2025-04-17,503.212273262548,505.25399323772916,496.00148267523775,499.4574890136719,14593500.0
2025-04-21,489.34840447960073,491.50966603004946,477.8649073178194,482.705322265625,16166000.0
2025-04-22,489.8861836549685,504.83565500654777,484.3983968763898,498.26226806640625,17399400.0
2025-04-23,526.398387792126,533.1809196011152,514.4368162114096,518.1716918945312,18173900.0
2025-04-24,516.6378699664548,531.7467310045646,515.4128501808216,530.999755859375,13910000.0
2025-04-25,544.5947301221067,547.6423866360049,534.0872906869056,545.0628662109375,17098900.0
2025-04-28,553.3989944115831,556.2374754096683,538.409706579595,547.5227661132812,15179000.0
2025-04-29,543.7978948573555,554.3252716550422,541.9254723342877,552.203857421875,11835000.0
2025-04-30,536.2286028212618,546.8854000110363,527.3644731031741,546.7858276367188,29244000.0
2025-05-01,589.6920784232152,590.5585647326062,568.1990964565776,569.9022216796875,31159000.0
2025-05-02,581.1068737819331,601.9026676753685,575.9975586829169,594.6121826171875,24739300.0
2025-05-05,588.8354461921188,600.7771388598484,585.6782485434951,596.85302734375,13887700.0
2025-05-06,590.140262710858,593.6261466616496,584.2142478367141,584.9412841796875,10600700.0
2025-05-07,587.9790163444538,600.6477471780503,584.3038959778277,594.4030151367188,13139100.0
2025-05-08,603.8446565426235,608.8344596662743,594.2136751298102,595.5980834960938,14622800.0
2025-05-09,601.2850913628599,604.5219836999701,589.3235802814015,590.1004028320312,10427300.0
2025-05-12,628.3753866174048,637.8072242767122,618.5253206919152,636.85107421875,21965100.0
2025-05-13,642.9364120582926,658.254386921773,640.2373808266427,653.3841552734375,18570800.0
2025-05-14,658.5432587283299,659.9973314154452,651.671063189936,656.70068359375,12348200.0
2025-05-15,651.6412836963046,654.6590319374474,636.0045904601806,641.283203125,14341800.0
2025-05-16,635.3870402976211,637.8570186595293,623.6246741050281,637.7574462890625,18519000.0
2025-05-19,625.7162367689098,640.4067492915384,625.2680394833011,637.8471069335938,9592400.0
2025-05-20,633.4448867170665,636.7713819580241,629.7100110253076,634.5304565429688,6743500.0
2025-05-21,629.2418916838421,644.0021281038256,627.6284302053292,632.9369506835938,11464600.0
2025-05-22,631.4927078056375,640.6556140942819,628.166212891271,634.0025634765625,8228400.0
2025-05-23,621.4832888202177,629.8992205141227,620.1387579436545,624.5309448242188,8454100.0
2025-05-27,632.8472662118028,640.4863756807556,630.1980211513535,639.7294311523438,9508400.0
2025-05-28,640.0082861312126,648.2549209907568,639.958499945528,640.984375,9042900.0
2025-05-29,649.0218431897822,650.6850908623647,636.9208212538034,642.4484252929688,8858800.0
2025-05-30,639.9087359485001,646.790840509364,630.227966818394,644.8786010742188,16241000.0
2025-06-02,641.7910631431,670.5446198991036,641.6615825955165,668.1941528320312,15766300.0
2025-06-03,668.7420068089284,672.8553550898889,662.3479161440031,664.1605224609375,11585000.0
2025-06-04,666.6204881500277,686.2211069583093,665.8735130698844,685.1753540039062,14031900.0
2025-06-05,688.8704721449504,691.5795338523676,679.4984499163488,681.85888671875,13083100.0
2025-06-06,693.3621683649559,699.9754022986715,689.0795234172199,694.89599609375,11728000.0
2025-06-09,695.6430820189607,702.3459199881064,691.1412920544841,691.2608032226562,12773200.0
2025-06-10,698.5213248498013,700.3937473880201,688.7708312874433,699.567138671875,10850100.0
2025-06-11,700.871864292101,706.0110265671628,689.1991010267074,691.3404541015625,9582500.0
2025-06-12,690.5037820202001,692.575410020333,684.2292032313352,690.5635375976562,7322700.0
2025-06-13,685.1754345871889,691.768730540237,678.2634219344503,680.1159057617188,9274400.0
2025-06-16,697.0454302800655,704.839891030923,691.2444358848513,699.8262939453125,13720300.0
2025-06-17,699.7067073456836,703.6637089538638,693.7861096962511,694.9522705078125,10066100.0
2025-06-18,695.8991705300261,699.2980647722242,692.6299173050131,693.4970703125,10068300.0
2025-06-20,698.4607641474819,699.5272759324512,676.4528788689065,680.120849609375,22538600.0
2025-06-23,681.4564999402276,696.7663067524254,676.5326356722177,696.248046875,11080100.0
2025-06-24,702.5872956643889,710.860169242287,699.8163481052391,709.8734130859375,13823200.0
2025-06-25,710.9896633208298,714.2390229657091,703.0756000608375,706.3648071289062,9320400.0
2025-06-26,712.026236021567,725.8409420571106,708.7270519250135,723.7179565429688,13964800.0
2025-06-27,724.1466398304902,733.0275060697373,723.4887618360168,731.2333984375,18775700.0
2025-06-30,742.1176905331245,745.4567832484664,731.851350759088,735.6788330078125,15402100.0
2025-07-01,734.4727647300622,735.3399177465482,713.0330238804761,716.8704223632812,13431200.0
2025-07-02,712.9932128907722,717.9469479430355,710.4714485666279,711.2389526367188,9336700.0
2025-07-03,724.2363423193813,726.6484806198991,712.0861613983789,716.6611938476562,8601700.0
2025-07-07,715.2556849998467,724.6250009558648,711.1790804792781,716.0032348632812,9457100.0
2025-07-08,719.2127580119818,720.5483463866185,712.4748320749653,718.315673828125,7770700.0
2025-07-09,720.3590354295591,735.1207134732275,720.3590354295591,730.38623046875,11418000.0
2025-07-10,729.1601755610233,733.3962917497249,717.2492014044612,724.8642578125,9913600.0
2025-07-11,720.1397657932962,722.791049443565,707.3815924903404,715.1660766601562,10873900.0
2025-07-14,715.2556580979717,725.6217068153527,714.2091004956787,718.5648193359375,8939400.0
2025-07-15,721.5351494521201,722.1032338104419,707.5011297082585,708.0692749023438,11529500.0
2025-07-16,711.0394977501286,711.6375132851348,696.985585155631,700.6136474609375,13067600.0
2025-07-17,702.0888975460598,703.5939743779064,694.8326508122145,699.1185913085938,11803300.0
2025-07-18,699.896109861645,702.4078970710398,689.3905635084973,701.9793090820312,12779800.0
2025-07-21,704.4909815749821,714.6576719200774,703.4544009949688,710.6408081054688,9404400.0
2025-07-22,713.8503977542969,714.2590316242121,699.1186509323247,702.507568359375,8921100.0
2025-07-23,704.062433018762,712.2954590710364,702.6271347622425,711.2489013671875,8771600.0
2025-07-24,714.7075545657141,721.256099225235,711.6675303636672,712.4649047851562,10920800.0
2025-07-25,714.5778842585692,718.2957401275581,709.5743254141869,710.3517456054688,8271700.0
2025-07-28,712.8635901780652,722.3724029167645,710.3518030699777,715.28564453125,8715700.0
2025-07-29,717.6478585379464,722.1032264585367,697.6234630507284,697.7131958007812,13267000.0
2025-07-30,705.7768321791035,706.1854660197899,688.9419939778502,692.9389038085938,27077300.0
2025-07-31,772.667590247117,782.1863801577031,763.0092430876867,770.913330078125,38831100.0
2025-08-01,758.2448261685668,763.497629588928,742.8752172910131,747.5598754882812,19028700.0
2025-08-04,757.5172825632864,774.3122137700193,755.9324499017634,773.8338012695312,15801700.0
2025-08-05,773.9135588479829,780.571729784316,760.5074842133715,760.9660034179688,11640300.0
2025-08-06,767.4845283360178,771.1126516160077,757.9757159507556,769.468017578125,9733900.0
2025-08-07,770.963067577982,772.4681442766814,757.0686058784653,759.3411865234375,9019700.0
2025-08-08,760.2582747146965,767.3849416766147,756.101914160301,766.786865234375,7320800.0
2025-08-11,767.5643719861222,770.9333352985195,762.1720109386977,763.3681030273438,7612000.0
2025-08-12,770.4747258826147,791.077183084039,769.9065806861354,787.419189453125,14563100.0
2025-08-13,788.5655214330485,792.861439232817,775.687684264025,777.5316772460938,8811800.0
2025-08-14,775.3388350252033,785.2363885099581,769.9863825490937,779.574951171875,8116200.0
2025-08-15,781.5884278136772,793.6488761977264,778.2692889489064,782.6648559570312,13375400.0
2025-08-18,772.5579712024165,773.2755899130946,754.0884756033142,764.8631591796875,16513700.0
2025-08-19,764.613945820292,764.6637703117248,746.9119549568848,749.0250244140625,12286700.0
2025-08-20,745.1278092436016,747.7492222984731,728.6119336256934,745.2772827148438,11898200.0
2025-08-21,742.2772053426181,743.0646026719377,730.7150636889187,736.6854858398438,8876300.0
2025-08-22,736.81505282597,754.4273720053774,731.9908982789533,752.32421875,10612700.0
2025-08-25,752.354165267511,756.40089964729,747.6794841015795,750.839111328125,6861200.0
2025-08-26,748.3472064798697,752.4039175360126,745.4965643871512,751.6364135742188,7601800.0
2025-08-27,749.8423869559551,751.6863799088018,740.4133296583533,744.9384765625,8315400.0
2025-08-28,741.5694916361576,750.5899148175357,738.3799332684189,748.65625,7468000.0
2025-08-29,742.8453254860702,744.6992345800578,732.9477115811937,736.2868041992188,9070500.0
2025-09-02,723.6681190637612,733.5956032036421,719.3722015925617,732.70849609375,9350900.0
2025-09-03,733.5956541941185,737.8317704037993,731.5922106765231,734.6422119140625,7699300.0
2025-09-04,746.1245900119145,758.6734271200463,743.3835736708148,746.204345703125,11439100.0
2025-09-05,750.1613099282893,755.4739147328357,742.596139272426,749.9918823242188,9663400.0
2025-09-08,753.5302710608411,764.0059463353695,749.5632925404257,749.8423461914062,13087800.0
2025-09-09,755.0154070864886,763.7966239723705,750.9686728075005,763.1986083984375,10999000.0
2025-09-10,762.6305659580242,763.198711247707,748.5467193541789,749.5234985351562,12478300.0
2025-09-11,752.184771170502,754.6267189634892,745.9252571616319,748.447021484375,7923300.0
2025-09-12,746.2840072815898,755.095155276553,741.330272625368,753.1216430664062,8248600.0
2025-09-15,754.995481759339,771.5412896866574,749.5334031898147,762.201904296875,10533800.0
2025-09-16,764.4944012192615,778.8074760600178,762.6005837137456,776.4552001953125,11782500.0
2025-09-17,777.4419223006557,780.7311297077449,763.8066193659058,773.1858520507812,9400900.0
2025-09-18,778.1994163857863,786.2032128794,770.8335437165625,777.7010498046875,10955000.0
2025-09-19,783.8509325355676,788.2166289656076,766.6772383880447,775.8372192382812,23696800.0
2025-09-22,779.8218176027002,783.6917575585782,762.4868973227559,763.1751098632812,11706900.0
2025-09-23,767.2545389947088,768.6010126974617,749.1217058463387,753.4404907226562,10872600.0
2025-09-24,755.5349916265823,759.1356124217834,750.5779133776451,758.686767578125,8828200.0
2025-09-25,751.4955472633491,754.806942419776,742.6186096970315,746.96728515625,10591100.0
2025-09-26,748.0544043789391,749.9793904076555,735.4371957410184,741.8206176757812,9696300.0
2025-09-29,746.7777648139662,748.832479543402,737.2326433015477,741.4716186523438,9246800.0
2025-09-30,740.3244937368279,741.0425967294805,724.4158582201331,732.4749145507812,16226800.0
2025-10-01,719.618385039583,719.9774365591268,708.3576941566364,715.4791870117188,20419600.0
2025-10-02,720.7055653205383,725.8821043267139,716.2770807321521,725.1639404296875,11415300.0
2025-10-03,727.7372737109582,729.1037149276121,708.3377167266436,708.7167358398438,16154300.0
2025-10-06,703.3607165744016,715.0203947681905,688.718804278428,713.8035278320312,21654700.0
2025-10-07,715.8581417735932,716.636147605649,703.9192222306009,711.230224609375,12062900.0
2025-10-08,711.599278595462,717.7832075860277,705.9738944950672,715.9779052734375,10790600.0
2025-10-09,716.4167658258609,731.6072387695312,710.5918883665408,731.6072387695312,12717200.0
2025-10-10,729.0239332852144,733.3626856542741,702.6824691715568,703.4703979492188,16980100.0
2025-10-13,711.1603595995662,718.072374881022,705.8042950194317,713.8433837890625,9251800.0
2025-10-14,705.9439682909708,713.6937706407739,697.5158763660478,706.8117065429688,8829800.0
2025-10-15,715.1998794771447,722.0221626881838,707.6694770310874,715.6885986328125,10246800.0
2025-10-16,715.6886043056783,723.6080097298942,702.0540824517458,710.2228393554688,9017000.0
2025-10-17,705.2458014471516,716.6760344343375,704.2882698394852,715.0602416992188,12232400.0
2025-10-20,719.3191931642514,731.8665769499745,718.3118034233538,730.2706909179688,8900200.0
2025-10-21,734.110725168398,736.5842723709278,726.8595646449745,731.3678588867188,7647300.0
2025-10-22,731.9264006052239,738.6787972623451,722.1518348008319,731.5074462890625,8734500.0
2025-10-23,732.7941435868839,740.4841042897723,731.1982575844598,732.095947265625,9856000.0
2025-10-24,734.8786455644157,739.2872233202683,729.2533227506186,736.444580078125,9151300.0
2025-10-27,747.7851152228061,753.7895182960361,746.069606274355,748.872314453125,11321100.0
2025-10-28,750.6776381609803,756.4326899204912,743.5860965317024,749.49072265625,12193800.0
2025-10-29,752.7921200604676,757.1906533932021,740.5838813084906,749.7200927734375,26818600.0
2025-10-30,667.414190282622,679.1935516668058,648.4833846789722,664.7410888671875,88440100.0
2025-10-31,672.7602632515434,673.1392823636344,643.8953340746643,646.6680908203125,56953200.0
2025-11-03,654.298319497033,657.6196984387726,634.5297257704245,636.0557861328125,33003600.0
2025-11-04,626.410791028598,640.0752642850032,624.3860886703497,625.6926879882812,27356600.0
2025-11-05,630.6697208898194,640.5639703518489,624.9146693781357,634.30029296875,20219900.0
2025-11-06,634.2005186436334,634.3501538797125,616.3968476378337,617.3344116210938,23628800.0
2025-11-07,614.8907386759073,620.5161224262619,599.640424749484,620.0972290039062,29946800.0
2025-11-10,629.4529098843899,633.3527401283538,616.5065400363918,630.1211547851562,19245000.0
2025-11-11,626.3709044869131,627.9268552540688,617.7832543081277,625.4533081054688,13302200.0
2025-11-12,626.5005716840028,627.3583261459861,606.1934022078184,607.43017578125,24493300.0
2025-11-13,611.4796659420805,616.0478021853295,601.4357808374693,608.3079223632812,20973800.0
2025-11-14,600.2288811530552,612.088052043071,593.6560102918138,607.8790283203125,20724100.0
2025-11-17,607.4600964135232,610.1032465254069,593.855525554584,600.4483642578125,16501300.0
2025-11-18,590.0652977363707,602.0940102850205,582.2656372803878,596.1395263671875,25500600.0
2025-11-19,592.1797786556917,593.7856483585136,579.7421567881397,588.7886352539062,24744700.0
2025-11-20,601.9345167857809,605.1461348624172,581.8367616757555,587.6217651367188,20603000.0
2025-11-21,586.9733513369498,596.5683908845805,580.3505617853443,592.7084350585938,21052600.0
2025-11-24,597.1668126146857,615.1002115339802,596.0796743085915,611.4596557617188,23554900.0
2025-11-25,622.3813086708644,635.3974440566444,616.696082618217,634.569580078125,25213000.0
2025-11-26,636.0358029520913,636.7040478933542,629.9915253276793,631.9663696289062,15209500.0
2025-11-28,634.4299618769652,646.3688812783262,633.8514494094911,646.2691650390625,11033200.0
2025-12-01,637.890997336621,643.6460494571635,636.1056625060893,639.2075805664062,13029900.0
2025-12-02,640.6737247939117,646.1893476978298,636.4147821721649,645.4213256835938,11640900.0
2025-12-03,642.7383773862279,647.1668624868771,635.8961867971512,637.9408569335938,11134300.0
2025-12-04,674.2463992276428,674.3461154685141,658.3377626918029,659.81396484375,29874600.0
2025-12-05,662.2775487290173,672.9398207362489,660.6717397649775,671.673095703125,21207900.0
2025-12-08,667.603701448277,674.9545781663558,663.344758713728,665.0702514648438,13161000.0
2025-12-09,662.0481300460407,662.7562492699393,651.6451938720459,655.2557983398438,12997100.0
2025-12-10,648.2639556943986,652.8121240146866,641.730959438269,648.4434814453125,16910900.0
2025-12-11,641.6212380225077,653.5801862453618,639.1377070000864,651.016845703125,13056700.0
2025-12-12,648.1143965293088,709.1556549538686,636.9534211280841,642.558837890625,14016900.0
2025-12-15,644.5502809809109,651.8372704406642,637.5627451568915,646.3570556640625,15549100.0
2025-12-16,642.3541999133257,661.3602758295988,642.054746271156,655.9799194335938,14309100.0
2025-12-17,654.4426118233187,660.0526000253047,648.0440522221027,648.343505859375,15598500.0
2025-12-18,655.8600753372949,669.3659511843067,655.2910830082761,663.266845703125,20260300.0
2025-12-19,665.2333263832898,669.8051880946751,657.0080086354003,657.5969848632812,49977100.0
2025-12-22,660.4719008376494,672.3806511570199,655.4808037586267,660.3221435546875,15659400.0
2025-12-23,658.8746741689592,664.8140915262984,657.0778915122911,663.7559814453125,8486800.0
2025-12-24,661.3503083186049,666.9902112020924,661.0208788671576,666.361328125,5627500.0
2025-12-26,666.8704739599774,667.7589038803495,660.1424847097468,662.1089477539062,7133800.0
2025-12-29,656.8383689858442,659.0743707339258,653.2248195668056,657.5171508789062,8506500.0
2025-12-30,657.5171386037911,671.0230153954109,656.6686764849229,664.7642211914062,9187500.0
2025-12-31,663.5662869980947,663.8158418258488,658.2657448936569,658.9146118164062,7940400.0
2026-01-02,661.5499009554064,663.2069792218492,642.3541620430398,649.2518310546875,13726500.0
2026-01-05,649.8508280292294,663.3567049684374,646.5966230035071,657.616943359375,12213700.0
2026-01-06,658.3955464147172,664.3349637543794,650.7392210314413,659.4436645507812,11074400.0
2026-01-07,654.4725487720359,657.9763084361789,643.6618161601232,647.534912109375,12846300.0
2026-01-08,644.7299347572825,645.9477331499952,634.5879917891143,644.9096069335938,11921700.0
2026-01-09,644.2907288447692,653.7838050409127,641.7053138036724,651.8971557617188,11634900.0
2026-01-12,651.3680980277007,652.8054753941815,640.0881706951194,640.8268432617188,14797200.0
2026-01-13,641.1263941859123,641.1263941859123,622.9887038024194,629.96630859375,18030400.0
2026-01-14,625.3844405077801,627.3309804807691,613.7252454803604,614.4240112304688,15527900.0
2026-01-15,617.378703801015,623.0585745209008,613.1362714280776,619.694580078125,13076100.0
2026-01-16,623.0685636897582,627.9598630097294,618.9758886129073,619.1455688476562,17012500.0
2026-01-20,606.7976262932837,610.3113781504126,598.9316523845154,603.0443115234375,15169600.0
2026-01-21,605.659634898437,617.169133937088,599.0115204374271,611.8685913085938,14494700.0
2026-01-22,628.2293275614567,659.3937675491238,625.4343255489129,646.476806640625,21394700.0
2026-01-23,643.6219561683764,665.3032527677875,643.3025186421843,657.5870361328125,22797700.0
2026-01-26,663.9456136216552,674.0775639748149,660.1124246688775,671.1627197265625,16327400.0
2026-01-27,673.3888389297905,675.6148486525956,663.4764668627315,671.7716674804688,13297400.0
2026-01-28,673.2989295276801,676.4732596455591,664.9138628916613,667.5391845703125,25709600.0
2026-01-29,736.1169233837337,742.6752321400184,711.2812198864386,736.995361328125,59852900.0
2026-01-30,726.2045952530067,730.8662626744616,712.3193905555435,715.2241821289062,23744600.0
2026-02-02,713.3275184694113,720.0156002559207,702.2672920108814,705.152099609375,14365200.0
2026-02-03,706.1104025957663,715.7232596178901,685.1877035052055,690.4683227539062,13760700.0
2026-02-04,686.5054510943589,687.6035290584308,666.2715840299333,667.798828125,16882800.0
2026-02-05,662.3984629374214,680.2865379695924,652.3363940764909,669.0166625976562,17131800.0
2026-02-06,664.3050190645899,670.7934451675868,645.3488423980709,660.2822265625,18159300.0
2026-02-09,661.9991209626965,682.0932819515241,657.6069922476072,676.0140991210938,14837500.0
2026-02-10,676.39338857878,679.4380062536881,668.5972981068446,669.525634765625,10455800.0
2026-02-11,672.7998711552045,678.0605068549233,655.9299390360635,667.4993286132812,14323800.0
2026-02-12,668.7770306530766,674.7963229561075,644.1310518439949,648.6529541015625,14960100.0
2026-02-13,643.9512634857649,650.2700088851722,633.4400456540794,638.6307983398438,12336400.0
2026-02-17,638.3613203754355,641.4557762130754,627.6803603746322,638.1516723632812,12674700.0
2026-02-18,632.67143641335,643.8515057528024,627.0315334227189,642.0746459960938,14649200.0
2026-02-19,637.432932921519,646.0375787806976,635.5861905818066,643.6318969726562,10035700.0
2026-02-20,638.5510179511008,662.1688639053526,637.642665037141,654.4925537109375,14183500.0
2026-02-23,651.3781101885919,656.5289567660449,634.8675821094057,636.1153564453125,8605900.0
2026-02-24,631.9527863953055,639.9684568961466,627.8600500948714,638.1616821289062,10135600.0
2026-02-25,641.3858999809694,652.7156650876909,640.9965798171046,652.5260009765625,11330700.0
2026-02-26,649.3916295582877,659.823034651462,646.3470725216666,655.8401489257812,10637700.0
2026-02-27,642.3042597917192,648.2835840137412,636.9837335400734,647.0258178710938,15703000.0
2026-03-02,636.0254184162494,658.764884603327,633.3701817354564,652.396240234375,9816100.0
2026-03-03,647.1356255764312,657.866484005116,637.7025010942567,653.91357421875,12263800.0
2026-03-04,656.788453587829,671.5720803574089,656.4989309709863,666.541015625,10810100.0
2026-03-05,660.751362594833,669.5057662619517,649.1520579976961,659.393798828125,13341400.0
2026-03-06,646.7463568472266,648.3135076492586,634.9773114336934,643.7117309570312,13159400.0
2026-03-09,633.6497121926325,646.5965879982328,625.6639573427893,646.2372436523438,13489700.0
2026-03-10,652.3962938458964,659.1242831137364,647.8444156429986,652.9053955078125,9859300.0
2026-03-11,653.5941721528687,657.9463943013674,647.2055433479961,653.6939697265625,8977200.0
2026-03-12,647.5948883988538,652.3364309343367,635.7660119177681,637.043701171875,11617500.0
2026-03-13,622.7790526456299,628.0496188589474,608.4645611002024,612.6171875,18957600.0
2026-03-16,631.4147932406764,634.1622468505053,622.5230098937741,626.8690185546875,15134900.0
2026-03-17,627.4085169382369,635.9605885584036,621.1243629754691,622.0834350585938,10348800.0
2026-03-18,615.769347359454,622.0735023862151,614.04090772979,615.1099243164062,11726300.0
2026-03-19,611.5832104537112,612.4323990135786,601.7023533616688,606.1382446289062,13247700.0
2026-03-20,602.9712077810872,603.400802317344,586.7062525156723,593.1102905273438,21214900.0
2026-03-23,605.2290499891692,608.0764476338709,598.4553596033379,603.5006713867188,13638000.0
2026-03-24,598.5452420228083,600.443507118967,590.4527665679026,592.3709716796875,10739700.0
2026-03-25,598.1855830392399,603.1110107561809,592.850561795072,594.3391723632812,12585000.0
2026-03-26,581.9506076701073,582.460145169462,542.8468364624507,547.032958984375,35780100.0
2026-03-27,539.599843303006,543.0966023049141,519.7782492802263,525.233154296875,30133000.0
2026-03-30,535.8833618164062,539.0504095872608,528.0505941707193,535.8833618164062,22795200.0
2026-03-31,549.4707059552647,573.1587727471259,546.2637174010383,571.6002197265625,32898300.0
2026-04-01,579.5928556215499,592.0013387220274,573.2887005646345,578.6936645507812,23608100.0
2026-04-02,565.5158531822124,577.9643377947169,559.1817578546791,573.9281005859375,13518500.0
2026-04-06,577.1550997330287,582.2503530791108,571.4703658572956,572.4894409179688,9515700.0
2026-04-07,571.9498894780604,574.6973431004155,564.2370671243236,574.5175170898438,9580800.0
2026-04-08,605.4388670235439,629.3667024291958,591.2820049792073,611.8529052734375,32036600.0
2026-04-09,626.3894374266143,636.9097166035551,622.4231426572783,627.8081665039062,19012900.0
2026-04-10,633.882449891805,637.9886903650855,623.7518859014353,629.2767333984375,13294800.0
2026-04-13,628.9171329935918,634.4120404303904,623.8218795800174,633.9425048828125,9538900.0
2026-04-14,642.624350345733,665.6430543798978,638.7779398291946,661.8765258789062,17818000.0
2026-04-15,666.3824145357423,677.8717665104965,663.6049593103575,670.9581909179688,14952600.0
2026-04-16,675.3640350842893,676.9525896021297,667.131674939706,676.2432250976562,9544800.0
2026-04-17,677.9716157075654,690.8796961433965,674.5048580761284,687.9124145507812,16283500.0
2026-04-20,680.7290935491282,682.7472426832454,667.381478611767,670.2887573242188,12534000.0
2026-04-21,670.3786762058809,675.5738733736962,666.7120915784461,668.220703125,8660100.0
2026-04-22,673.7355628200382,677.7518600207422,669.1298460769134,674.09521484375,9215600.0
2026-04-23,663.0854475032797,668.9400066983026,652.4452846667049,658.5396728515625,11667000.0
2026-04-24,659.7085674039201,680.0396994180859,653.2345872360809,674.4049682617188,13348300.0
2026-04-27,670.3786986745525,681.8680504402118,670.2188736545023,677.9916381835938,12805200.0
2026-04-28,673.6156618787633,677.5520159823654,665.0136491453696,670.7183837890625,10606800.0
2026-04-29,668.290599742094,673.6256820299297,663.1953464496755,668.5004272460938,18947500.0
2026-04-30,618.7465567527638,620.2751083620838,599.4444385151393,611.3433837890625,52765000.0
2026-05-01,614.120842749119,618.3069655430758,605.548770151405,608.1863403320312,21404000.0
2026-05-04,607.3771038685389,613.4314904063681,602.1919069095087,609.8447875976562,16203900.0
2026-05-05,612.7420849871345,613.7811000159977,599.8040642277598,604.3998413085938,17171300.0
2026-05-06,600.4934370812971,619.3759607512419,597.5461564796674,612.3125,19915500.0
2026-05-07,614.150739078972,624.4012480600104,612.9718390781961,616.2388305664062,12307400.0
2026-05-08,614.6303402495529,616.1988937552933,605.4987892063378,609.0654907226562,13557000.0
2026-05-11,604.010215830275,604.3498668649182,597.5262348938886,598.3054809570312,15940600.0
2026-05-12,594.2692320029287,603.1909559259367,592.0512559095129,602.441650390625,11351600.0
2026-05-13,598.275515544453,619.3260125714435,596.1074810052941,616.0590209960938,14634400.0
2026-05-14,615.429618202359,623.152441138389,614.4305441468357,617.8573608398438,10651200.0
2026-05-15,613.421486859321,620.6248329546977,608.7458274653094,613.6612548828125,13272600.0
2026-05-18,608.5459509764945,615.0199919776213,603.1309869574205,610.64404296875,13772400.0
2026-05-19,608.3561568042173,613.361527578881,599.9939118379299,602.052001953125,11749900.0
2026-05-20,600.2037495434126,607.4370360716302,597.2564688338498,604.499755859375,11329700.0
2026-05-21,599.4443949814065,609.0354809096541,594.2591985256718,606.8175659179688,13476100.0
2026-05-22,607.3171451453314,614.2407210713809,606.3880135859368,609.6949462890625,11688600.0
2026-05-26,608.3261927003538,613.9009818092591,604.7394901495815,611.7730102539062,12234200.0
2026-05-27,608.8357727220844,637.908804248614,608.4361186960156,634.6718139648438,23143600.0
2026-05-28,638.9078448274123,642.4046039468743,628.7272779804616,634.7017211914062,16772400.0
2026-05-29,632.9133899267435,633.9124639439917,622.7727642602187,631.92431640625,19806500.0
2026-06-01,629.8162791560948,635.1613007084701,598.974869401479,599.9139404296875,29138800.0
2026-06-02,602.68138962268,608.3161816139932,596.1274666259658,597.0765991210938,18252000.0
2026-06-03,602.4416570391962,623.5720977596394,599.7142043737263,622.4031372070312,23020100.0
2026-06-04,623.0924785224576,641.8051764288737,621.8536364911718,626.9888916015625,21469200.0
2026-06-05,622.8827460758752,628.567480013855,582.3702434655938,592.450927734375,30091600.0
2026-06-08,591.4518261333767,591.4518261333767,578.6836307521693,584.8479614257812,19512400.0
2026-06-09,590.4527436689563,597.0766092757164,580.4720040020986,584.0487060546875,16977400.0
2026-06-10,580.192266144374,590.7724873942649,570.0716409197756,570.4512939453125,17064000.0
2026-06-11,565.3060574843756,571.6401524850257,556.4942175026772,567.9036254882812,17628000.0
2026-06-12,572.4194595335534,575.5365655300229,560.3806300495169,566.4549560546875,14326400.0
2026-06-15,579.9000244140625,601.27001953125,579.2999877929688,593.47998046875,17653300.0
2026-06-16,593.6500244140625,605.8099975585938,592.0,600.2100219726562,11344400.0
2026-06-17,592.0,593.8099975585938,566.1900024414062,567.5800170898438,20478300.0
2026-06-18,572.8200073242188,580.219970703125,563.0999755859375,577.219970703125,28824600.0
2026-06-22,572.02001953125,575.8099975585938,559.8099975585938,563.8499755859375,15405500.0
2026-06-23,562.25,572.2000122070312,561.02001953125,562.2000122070312,13103300.0
2026-06-24,561.8900146484375,569.0399780273438,555.5499877929688,557.6699829101562,13963600.0
2026-06-25,555.5499877929688,556.3400268554688,540.1799926757812,542.8699951171875,16968600.0
2026-06-26,543.3400268554688,556.8499755859375,540.4000244140625,550.25,18867700.0
2026-06-29,560.0,570.9000244140625,558.0,562.5999755859375,15011400.0
2026-06-30,560.9400024414062,565.5399780273438,551.4299926757812,563.2899780273438,18111100.0
2026-07-01,607.9099731445312,628.280029296875,595.0999755859375,612.9099731445312,45536300.0
2026-07-02,607.9000244140625,610.0,580.4199829101562,582.9000244140625,21705900.0
2026-07-06,594.8400268554688,603.5800170898438,581.760009765625,600.2899780273438,17674100.0
2026-07-07,607.5900268554688,625.3699951171875,603.6599731445312,615.5800170898438,18560800.0
2026-07-08,614.3900146484375,616.0,598.010009765625,603.1199951171875,13606500.0
2026-07-09,583.989990234375,633.27001953125,577.0700073242188,631.47998046875,26579700.0
2026-07-10,660.3400268554688,677.8599853515625,658.010009765625,669.2100219726562,40608900.0
2026-07-13,661.3800048828125,676.6199951171875,654.2000122070312,656.72998046875,19840700.0
2026-07-14,652.0,666.5,649.0499877929688,661.0399780273438,16748200.0
2026-07-15,663.5999755859375,686.0800170898438,656.6599731445312,681.3099975585938,19003400.0
2026-07-16,677.280029296875,681.9000244140625,660.1599731445312,664.5399780273438,15816000.0
2026-07-17,647.7000122070312,652.2000122070312,626.0,646.010009765625,22267900.0
2026-07-20,646.7000122070312,653.2999877929688,636.010009765625,645.8499755859375,10225200.0
2026-07-21,654.1799926757812,655.8800048828125,643.2000122070312,643.8099975585938,9140500.0
2026-07-22,647.7000122070312,649.0,624.0,627.1699829101562,11019600.0
2026-07-23,608.4099731445312,614.6500244140625,597.219970703125,606.0999755859375,15494800.0
2026-07-24,605.2999877929688,609.97998046875,594.4500122070312,595.1900024414062,11503500.0
2026-07-27,607.219970703125,611.260009765625,593.1300048828125,593.8699951171875,11195300.0
2026-07-28,596.8200073242188,601.0,587.0,593.4099731445312,12009300.0
2026-07-29,593.25,599.969970703125,582.219970703125,585.6099853515625,22371100.0
2026-07-30,526.0,539.8800048828125,524.489990234375,539.030029296875,42271500.0
2026-07-31,543.5999755859375,558.3300170898438,540.219970703125,556.7100219726562,24261500.0
2026-08-03,562.239990234375,597.52001953125,559.3599853515625,590.239990234375,25938100.0
2026-08-04,581.5,592.7899780273438,578.25,587.9400024414062,17959200.0
2026-08-05,600.4600219726562,601.0,580.1199951171875,588.77001953125,14824300.0
