timestamp,open,high,low,close,volume
2014-01-02,30.851390729425333,30.892693641084428,30.644888775008912,30.69445037841797,30632200.0
2014-01-03,30.72749240213688,30.744012937119898,30.231885805555883,30.48794937133789,31134800.0
2014-01-06,30.438391562723243,30.471432636810228,29.8271474469653,29.84366798400879,43603700.0
2014-01-07,30.008855041919063,30.14101612052421,29.909731869738707,30.074934005737305,35802800.0
2014-01-08,29.736256555044452,29.851897048603774,29.389335074366485,29.538013458251953,59971700.0
2014-01-09,29.63715371581951,29.661932935631146,29.240670443988652,29.34804916381836,36516300.0
2014-01-10,29.653677055583763,29.860178976163123,29.529774642848448,29.769317626953125,40548800.0
2014-01-13,29.728016823954647,29.75279604523957,28.769848072318148,28.893747329711914,45901900.0
2014-01-14,28.687248397193084,29.63715855742555,28.60464888368133,29.554555892944336,41623300.0
2014-01-15,29.65367270431587,30.388818929550734,29.612369805485233,30.364036560058594,44812600.0
2014-01-16,30.30621434155471,30.56227780344578,29.99233375713562,30.471416473388672,38018700.0
2014-01-17,30.421861599376857,30.421861599376857,29.860176175996056,30.05015754699707,46267500.0
2014-01-21,30.413596048942118,30.413596048942118,29.785831732251097,29.876689910888672,31567300.0
2014-01-22,29.9510381658153,30.000599762743818,29.529775620315633,29.678457260131836,21904300.0
2014-01-23,29.810593487577066,29.843634524619873,29.339769738100596,29.78581428527832,43954000.0
2014-01-24,30.933980661430475,31.01658014879005,30.174052143654833,30.405336380004883,76395500.0
2014-01-27,30.454899601558946,30.471420131822676,29.71975333515231,29.76105308532715,44420800.0
2014-01-28,29.835396674492348,30.05841912736852,29.529774713574298,29.959299087524414,36205500.0
2014-01-29,29.71975340117591,30.46316150985041,29.65367443094316,30.28143882751465,52745900.0
2014-01-30,30.38880831355516,30.463149094123875,29.92624310657562,30.44662857055664,35036300.0
2014-01-31,30.520983899661573,31.297429971626592,30.198841413962988,31.25613021850586,93162300.0
2014-02-03,31.173532484836613,31.380034413151467,30.091461246117817,30.132761001586914,64063100.0
2014-02-04,30.537496533517633,30.719216030446525,29.942770159285395,30.02536964416504,54697900.0
2014-02-05,29.975811876213495,30.124493473058028,29.571066829032606,29.587587356567383,55814400.0
2014-02-06,29.57107257762073,29.94277664199098,29.48021123400033,29.88495635986328,35351800.0
2014-02-07,30.000592186245406,30.22361458964652,29.74452872656963,30.198835372924805,33260500.0
2014-02-10,30.25664829508208,30.39706802368164,29.975805686915173,30.39706802368164,26767000.0
2014-02-11,30.46315418487339,30.77703473220092,30.446633658545377,30.702693939208984,32141400.0
2014-02-12,30.85139063321269,31.05789258698512,30.810090872652157,30.95051383972168,27051800.0
2014-02-13,30.834863833947132,31.272646833951757,30.834863833947132,31.066144943237305,37635500.0
2014-02-14,30.88442998342951,31.206572509233133,30.834871533902536,31.074411392211914,31407500.0
2014-02-18,31.315740664947363,31.440568974550576,31.132655334680162,31.140975952148438,32834000.0
2014-02-19,30.97453772030789,31.41560345493008,30.966213928373623,31.21587371826172,29750400.0
2014-02-20,31.265816619241573,31.5154764863706,31.124343858554187,31.415613174438477,27526100.0
2014-02-21,31.573728689996354,31.914931231211437,31.50715421040665,31.607017517089844,38021300.0
2014-02-24,31.365673065185547,31.60701225957303,31.240844746244846,31.365673065185547,32085100.0
2014-02-25,31.2990947551404,31.49882131077056,31.08272061617863,31.240840911865234,30736500.0
2014-02-26,31.274140807185344,31.407292949635735,30.949579483777377,31.182598114013672,41041800.0
2014-02-27,31.16594626067276,31.53211377136484,30.982860918028358,31.50714874267578,33903400.0
2014-02-28,31.60701336241336,32.0064697112357,31.473861246139244,31.881641387939453,41215000.0
2014-03-03,31.557070872647838,31.731835553359087,31.199227244476646,31.440563201904297,29717500.0
2014-03-04,31.790116427518182,32.02313196719446,31.681929280697638,31.96487808227539,26802400.0
2014-03-05,31.831706214663253,31.84835062500814,31.56540199833838,31.715198516845703,20520100.0
2014-03-06,31.740171307422273,31.823393379499453,31.532120889125483,31.74849510192871,23582200.0
2014-03-07,31.856671978428736,31.923249621345516,31.365672973006077,31.540437698364258,26591600.0
2014-03-10,31.615335689680357,31.631976925670862,31.390640908647896,31.473859786987305,19006600.0
2014-03-11,31.515467358674982,31.815060382298896,31.390639048562704,31.64029884338379,25216400.0
2014-03-12,31.45721670344268,31.981504547969166,31.448896085096415,31.848352432250977,30494100.0
2014-03-13,31.97317980388945,31.998148007379193,31.324063655897767,31.532114028930664,32169700.0
2014-03-14,31.332381580678607,31.740158457680632,31.21587072693901,31.373991012573242,27195600.0
2014-03-17,31.540435818504786,31.964857155714487,31.448893152248672,31.665264129638672,20479600.0
2014-03-18,31.8400222706981,33.20483515206706,31.80673662937395,32.9135627746582,64063900.0
2014-03-19,32.84699053783888,32.91356499958376,32.380956607238986,32.68054962158203,35597200.0
2014-03-20,32.66391151832322,33.828994982446176,32.65559089947246,33.56269073486328,59269800.0
2014-03-21,33.8872374776136,34.070319602326045,33.296372150189875,33.42120361328125,80721800.0
2014-03-24,33.57101047734075,33.8206703061077,33.17155411639423,33.70416259765625,46098400.0
2014-03-25,33.83730714120591,34.111935113573416,33.25476555479299,33.57100296020508,43193100.0
2014-03-26,33.68752600986923,33.87893202886535,32.95518759074663,33.11330795288086,41977500.0
2014-03-27,33.07168095489113,33.26308687233809,32.73879916609883,32.75544357299805,35369200.0
2014-03-28,33.11330589234949,33.82067605656123,33.02176319883085,33.53772735595703,43472700.0
2014-03-31,33.645912051730576,34.53636753913322,33.62094701877823,34.11194610595703,46886300.0
2014-04-01,34.24509217697042,34.61125968537047,34.17851453475402,34.469783782958984,32605000.0
2014-04-02,34.48643162335698,34.6695169830641,34.26173682042471,34.41153335571289,28666700.0
2014-04-03,34.36160441939911,34.36160441939911,33.87892597330264,34.12858581542969,30139600.0
2014-04-04,34.32832132457927,34.444829058714944,32.9884760328237,33.17988204956055,51409600.0
2014-04-07,33.254779955779156,33.512763631729435,33.071697736179964,33.12162780761719,37559600.0
2014-04-08,33.08000223497961,33.22979872548305,32.622292147150674,33.13825607299805,35918600.0
2014-04-09,33.229798308783195,33.7457622281604,33.18818887851981,33.6791877746582,27398700.0
2014-04-10,33.65421932338362,33.8622696477298,32.530748841752654,32.75544357299805,45960800.0
2014-04-11,32.4558575013528,33.113297428026996,32.4558575013528,32.630619049072266,34330200.0
2014-04-14,32.54740181797925,32.7970616380078,32.37264026141895,32.605655670166016,32006600.0
2014-04-15,32.73881074948106,33.25477484752696,32.497471525947745,33.080013275146484,33968700.0
2014-04-16,33.33798496589491,33.637574764943075,33.21315350201118,33.620933532714844,30615800.0
2014-04-17,33.29638671875,33.454507064462796,32.8802858925119,33.29638671875,36688400.0
2014-04-21,33.39624132217697,33.412885730256995,33.11329273400901,33.238121032714844,22221200.0
2014-04-22,33.25477879982901,33.404575358128945,33.1465948657438,33.279747009277344,27056700.0
2014-04-23,33.27973420941923,33.27973420941923,32.846989115725734,33.03007125854492,24602800.0
2014-04-24,33.071695070703555,33.2631010698473,32.705524311822145,33.17155838012695,42381600.0
2014-04-25,33.52938737177069,33.853945334370216,33.07999795835796,33.21315002441406,56876800.0
2014-04-28,33.40458180510376,34.36161520399123,33.36297234745607,34.012088775634766,50610200.0
2014-04-29,34.2034737396559,34.278371987098495,33.61261155127331,33.71247482299805,29636200.0
2014-04-30,33.620933532714844,33.70415239224,33.429524441534184,33.620933532714844,35458700.0
2014-05-01,33.4877851492638,33.58764842663659,33.24644598556625,33.288055419921875,28787400.0
2014-05-02,33.54603839406195,33.57100341931087,33.005106233296004,33.03007125854492,43416600.0
2014-05-05,32.888599883018934,32.98846316266048,32.70551455817908,32.81370162963867,22460900.0
2014-05-06,32.697204342796496,32.74713441120313,32.41425564830169,32.50579833984375,27112400.0
2014-05-07,32.63894780906727,32.88028386067803,32.04808225962764,32.80538558959961,41744500.0
2014-05-08,32.73880077421211,33.20483466649347,32.43088716794208,32.988460540771484,32120400.0
2014-05-09,32.90523910522461,33.16321946818301,32.76376323798646,32.90523910522461,29647600.0
2014-05-12,33.071686093826514,33.30470147743125,32.99678783843978,33.263092041015625,22782600.0
2014-05-13,33.45585688561865,33.9419405314906,33.39719205897801,33.87489318847656,27004800.0
2014-05-14,33.774319471895055,33.90003161959274,33.56480135706072,33.724037170410156,18818700.0
2014-05-15,33.59832089326213,33.85812447464254,33.112237392032775,33.18766403198242,37793200.0
2014-05-16,33.24633744806558,33.38881144796222,32.91111033694338,33.38043212890625,29867100.0
2014-05-19,33.196051558981935,33.37204601311157,33.070339407750595,33.31338119506836,24537400.0
2014-05-20,33.25471878051758,33.472616235141984,33.07034179791714,33.25471878051758,21320900.0
2014-05-21,33.35527263380112,33.81621170043945,33.30499034830817,33.81621170043945,22398700.0
2014-05-22,33.76594052702272,33.816222829063136,33.39718659476499,33.60670471191406,20201800.0
2014-05-23,33.832984608516625,33.832984608516625,33.522898690784835,33.62346649169922,18020000.0
2014-05-27,33.740797540356546,33.740797540356546,33.36366747186628,33.682132720947266,26160600.0
2014-05-28,33.6402231874487,33.68212616501457,33.372040294636335,33.531272888183594,25711500.0
2014-05-29,33.6486134391707,33.81622538797916,33.447474624810354,33.80784606933594,19888200.0
2014-05-30,33.90003050286982,34.33582855100843,33.73241537712533,34.31068420410156,34567600.0
2014-06-02,34.31906229964368,34.436391913459104,34.092782388574435,34.18497085571289,18504300.0
2014-06-03,34.02573435937481,34.09278167843975,33.732410330946045,33.765933990478516,18068900.0
2014-06-04,33.698899603651704,33.83299109624819,33.40557546265732,33.79108810424805,23209000.0
2014-06-05,34.01736415719985,34.57049189971558,33.85813152724591,34.53696823120117,31865200.0
2014-06-06,34.76323699951172,34.914090262237494,34.56210144720532,34.76323699951172,24060500.0
2014-06-09,34.68782137863171,34.76324803393626,34.37773543882101,34.58725357055664,15019200.0
2014-06-10,34.38610819366434,34.49505849652806,34.2436374258361,34.453155517578125,15117700.0
2014-06-11,34.302309536770245,34.41963918159979,34.16821805739461,34.24364471435547,18040000.0
2014-06-12,34.201732230940834,34.260397037068294,33.765934244713876,34.008975982666016,29818900.0
2014-06-13,34.44477208164424,34.838667106613826,34.24363650927121,34.5537223815918,26310000.0
2014-06-16,34.39449007950754,34.87219106419578,34.39449007950754,34.78000259399414,24205300.0
2014-06-17,34.60399954379253,35.123603377175456,33.807830368727274,34.93084716796875,22518600.0
2014-06-18,34.8721960909031,34.98114640748189,34.51182467198254,34.90571975708008,27097000.0
2014-06-19,34.838672798388785,35.00628793407866,34.63753719315519,34.788387298583984,19828200.0
2014-06-20,34.73809095876205,35.056559268186454,34.679426164524855,34.93084716796875,47764900.0
2014-06-23,34.97275797305955,35.19903788596554,34.939234312556685,35.19065856933594,18743900.0
2014-06-24,35.05657599397522,35.14876128819355,34.83029602381818,34.98952865600586,26509100.0
2014-06-25,34.94761232843709,35.240936327605915,34.74647358829859,35.22417449951172,20049100.0
2014-06-26,35.140380445375115,35.14875976376135,34.72134419221967,34.964385986328125,23604400.0
2014-06-27,34.87219583954849,35.44208537247831,34.78838667471014,35.40856170654297,74640000.0
2014-06-30,35.34150839577749,35.37503205604147,34.94761657714844,34.94761657714844,30793100.0
2014-07-01,35.08171238770943,35.324754159385535,34.939238412350385,35.090091705322266,26917000.0
2014-07-02,34.97276800488527,35.11524200439453,34.80515285128331,35.11524200439453,20208100.0
2014-07-03,35.123617775790784,35.190665109256756,34.83029368435921,35.031429290771484,15969300.0
2014-07-07,34.98951980331098,35.2996056704819,34.95599614280812,35.19065856933594,21952400.0
2014-07-08,35.09010563149858,35.199055985660095,34.87220812016942,35.014678955078125,31218200.0
2014-07-09,35.182285177634924,35.19066769343014,34.80515189167669,34.922481536865234,18445900.0
2014-07-10,34.67105278666563,35.1990392708868,34.40286988607541,34.93923568725586,21854700.0
2014-07-11,34.94762730225634,35.27447509765625,34.76325031121304,35.27447509765625,24083000.0
2014-07-14,35.383419247115896,35.576175523626894,35.23256595297813,35.31637191772461,21881100.0
2014-07-15,35.47560408821975,35.59293370562876,35.224179825780666,35.576171875,28748700.0
2014-07-16,35.62645003278324,37.13498264427063,35.60130888825576,36.94222640991211,63318000.0
2014-07-17,38.09039479795153,38.30829223574607,37.08470718406973,37.319366455078125,82180300.0
2014-07-18,37.41994403272887,37.579176680764164,37.08471370350438,37.45346450805664,43407500.0
2014-07-21,37.34451474596598,37.847357007497024,37.05956994523355,37.57917404174805,37604400.0
2014-07-22,37.713263947768176,37.838976106391264,37.36965433745712,37.57079315185547,43095800.0
2014-07-23,38.090384898530516,38.090384898530516,37.39478338740497,37.60430145263672,52362900.0
2014-07-24,37.654607665001066,37.71327249979681,37.143382792929266,37.21043014526367,30725300.0
2014-07-25,37.12661245463121,37.428319077072224,37.12661245463121,37.294227600097656,26737700.0
2014-07-28,37.176888124658305,37.30259705276534,36.816516776165614,36.850040435791016,29684200.0
2014-07-29,36.799758962989884,36.950612250777446,36.573479031308544,36.782997131347656,27763100.0
2014-07-30,36.93386243755322,36.95900359470135,36.28016677575376,36.52320861816406,31921400.0
2014-07-31,36.35556905657691,36.615369364814086,36.104148062770356,36.17119216918945,31537500.0
2014-08-01,36.21311246087406,36.246636128618135,35.70188771725214,35.9197883605957,31170300.0
2014-08-04,36.01197900914674,36.43101529011147,35.87788752711775,36.347206115722656,34277400.0
2014-08-05,36.29690890590936,36.422617820391466,35.894634624981386,36.10415267944336,26266400.0
2014-08-06,35.819210052490234,36.17957818560716,35.37502957759322,35.819210052490234,24634000.0
2014-08-07,35.903033455521474,36.414258297802846,35.74380079849676,36.229881286621094,30314900.0
2014-08-08,36.22986832101778,36.30529496250884,35.96168541727011,36.20472717285156,28942700.0
2014-08-11,36.255009469184,36.414245266216454,36.05387388986945,36.20472717285156,20351600.0
2014-08-12,36.070641232327745,36.531580468760424,36.037117564989,36.47291564941406,21431100.0
2014-08-13,36.60699623025004,37.02603235633166,36.4729047977836,36.94222640991211,22889500.0
2014-08-14,36.94224591559064,37.22718756266442,36.88357788572965,37.101478576660156,19313200.0
2014-08-15,37.36126373686032,37.62944661041315,37.210410470862854,37.53725814819336,41611300.0
2014-08-18,37.66298025439967,37.80545425415039,37.44508279224304,37.80545425415039,26891100.0
2014-08-19,37.92350561261788,38.23552820966274,37.80544318222036,38.22709655761719,28139500.0
2014-08-20,38.23553591287197,38.28613548621933,37.86448202587312,37.906646728515625,24770500.0
2014-08-21,37.81387329649335,38.15962892157955,37.80544164479068,38.13433074951172,22285500.0
2014-08-22,38.24396856840593,38.34516771775154,38.00784365385423,38.07530975341797,18294500.0
2014-08-25,38.28614563351617,38.319875474393505,37.98255454688993,38.09218215942383,16910000.0
2014-08-26,38.210235694618326,38.28613344210685,37.89820983440969,37.95724105834961,14873100.0
2014-08-27,37.86447375290716,37.94880313976712,37.74640810755935,37.83917236328125,21287900.0
2014-08-28,37.737979687757516,37.931939867715236,37.61991724925805,37.84761047363281,17657600.0
2014-08-29,38.024711202518645,38.31986735365503,37.830750986491765,38.31143569946289,21607600.0
2014-09-02,38.31143610889517,38.336734288702715,37.822316519543946,38.02471160888672,22976800.0
2014-09-03,37.55245876564794,38.04157835787232,37.55245876564794,37.91508102416992,33684500.0
2014-09-04,37.729558727667204,38.17651043349822,37.712692200678724,38.16807556152344,26475500.0
2014-09-05,38.04157595810059,38.733087380273275,38.04157595810059,38.71622085571289,36939400.0
2014-09-08,38.80897644316683,39.46675466894528,38.7836782704707,39.1884651184082,45736700.0
2014-09-09,39.188476410067125,39.61012990028274,39.1463084874769,39.43303298950195,40302400.0
2014-09-10,39.483637012495876,39.58483296079378,39.02825041971352,39.50050354003906,27302400.0
2014-09-11,39.4161633884824,39.63542175292969,39.188470154079276,39.63542175292969,29216400.0
2014-09-12,39.55952086706375,39.652285127450604,39.29809460751537,39.38242721557617,38244700.0
2014-09-15,39.24749438653629,39.39085498065215,38.876437381606316,38.994503021240234,37667600.0
2014-09-16,39.121010307491424,39.508930746419196,39.03668089623264,39.43303298950195,27910600.0
2014-09-17,39.01137879890324,39.37400105133526,38.98608061937195,39.23064041137695,38311900.0
2014-09-18,39.28967231151063,39.49206740209423,39.180041503404475,39.365570068359375,35556600.0
2014-09-19,39.47519320988858,40.116104974502036,39.29809633366205,40.07394027709961,202522400.0
2014-09-22,39.888427068299286,39.955893183623346,39.61856904092595,39.68603515625,38686100.0
2014-09-23,39.508918840946144,39.6185496161155,39.18846460115858,39.26436233520508,33430300.0
2014-09-24,39.323392202137356,39.728179030870926,39.0788324878109,39.702880859375,26582700.0
2014-09-25,39.534225498917266,39.7113191629734,38.81741275584768,38.82584762573242,33077400.0
2014-09-26,38.733087661762355,39.314968287001605,38.589723810437505,39.137874603271484,27078800.0
2014-09-29,38.77524569603483,39.264365176835106,38.58971717339195,39.16316604614258,26091000.0
2014-09-30,39.104134777400006,39.19689903860049,38.800543819638435,39.095703125,33033100.0
2014-10-01,39.01981304617569,39.23907143818296,38.665622453596896,38.70779037475586,38088400.0
2014-10-02,38.648756121298575,38.87644614954492,38.48852575413796,38.5897216796875,25119400.0
2014-10-03,38.77525482085264,39.045112798950406,38.46323213685726,38.868019104003906,32453200.0
2014-10-06,38.89331728415031,39.045112798950406,38.72465524359899,38.868019104003906,20604000.0
2014-10-07,38.67405238521402,38.733083606944305,38.3029953149547,38.39575958251953,25723700.0
2014-10-08,38.35358454879698,39.54264674989243,38.23552213714997,39.44988250732422,33031000.0
2014-10-09,39.21376191396139,39.46675328291757,38.57285023147509,38.665611267089844,34422800.0
2014-10-10,38.45479374362593,38.893313722113234,37.06333927467558,37.130802154541016,51978100.0
2014-10-13,36.95371680275521,37.57776547117305,36.67542713304114,36.81035614013672,37100200.0
2014-10-14,36.99586623281194,37.4259544769381,36.734443199088155,36.877803802490234,38115700.0
2014-10-15,36.26220244126496,36.59109166962313,35.503224824314536,36.447731018066406,60218700.0
2014-10-16,35.86582615515434,36.32964732621801,35.60440318632843,36.04292297363281,49040400.0
2014-10-17,36.43086148231252,37.054906834073776,36.08510575580675,36.79348373413086,40683300.0
2014-10-20,36.312785211979204,37.2235547137581,36.101958551192666,37.17295837402344,34527900.0
2014-10-21,37.40909054709181,37.931939867715236,37.26572671679947,37.84761047363281,36433800.0
2014-10-22,37.9488060419027,38.00783726061107,37.29945941915048,37.42595672607422,33570900.0
2014-10-23,37.62833997964654,38.328286009011805,37.55244225618476,37.96566390991211,45451900.0
2014-10-24,39.49205639242407,39.55108760718728,38.10059897709712,38.90174102783203,61076700.0
2014-10-27,38.54755882706966,38.87644801359561,38.54755882706966,38.71622085571289,30371300.0
2014-10-28,38.67406458833279,39.21378062414484,38.59816681973664,39.20534896850586,29049800.0
2014-10-29,39.16316880466293,39.38243038631403,39.07883940677271,39.314964294433594,30276100.0
2014-10-30,39.06197516936531,39.06197516936531,38.59815701990989,38.83428192138672,30073900.0
2014-10-31,39.58481540614662,39.610116794721606,39.19689509556771,39.5932502746582,35849700.0
2014-11-03,39.54265544340705,40.02334006334025,39.407726483723344,40.006473541259766,23130400.0
2014-11-04,39.88843366274087,40.251056050153586,39.846268942173296,40.116127014160156,21530800.0
2014-11-05,40.310072420892105,40.394405047855784,39.85468588617061,40.36067199707031,22449600.0
2014-11-06,40.36066810709064,41.20397499368439,40.301636882385914,41.06904602050781,33037800.0
2014-11-07,41.25456543678649,41.25456543678649,40.72328449056957,41.05217361450195,28000600.0
2014-11-10,41.02687909474934,41.44853251518064,40.942546480486904,41.229270935058594,36370100.0
2014-11-11,41.19553963488011,41.27987225271587,41.02688083312947,41.212406158447266,23445200.0
2014-11-12,40.95098741143181,41.25457521682886,40.917254360734105,41.136512756347656,22722100.0
2014-11-13,41.161815167741,41.87019316505482,41.077482538917415,41.83646011352539,26210400.0
2014-11-14,41.94609002753775,42.2075131289109,41.650930658394124,41.811161041259766,29081700.0
2014-11-17,41.667796233429975,41.9207876748108,41.440102971099016,41.7099609375,30318600.0
2014-11-18,41.69297824936741,41.86270402339152,41.328068968253014,41.36201477050781,23995500.0
2014-11-19,41.29412856741197,41.370505013850625,40.67463216285409,40.92073440551758,26177500.0
2014-11-20,40.734036725899436,41.32807540893555,40.62371447000335,41.32807540893555,21510600.0
2014-11-21,41.599647170397716,41.625104914637596,40.3691388151997,40.71707534790039,42884800.0
2014-11-24,40.72555622076492,40.734041054927715,40.21637876522789,40.386104583740234,35434200.0
2014-11-25,40.44551282071172,40.7085880317487,40.267302147388826,40.28427505493164,28008000.0
2014-11-26,40.3012474123675,40.72556038339274,40.12303350422609,40.521888732910156,27163600.0
2014-11-28,40.69161059965273,40.90376706447131,40.403077678009446,40.57280349731445,21534400.0
2014-12-01,40.632215236244484,41.395976721145786,40.48794712772612,41.260196685791016,31191600.0
2014-12-02,41.446879768468186,41.62509039046724,40.90375983251859,41.1244010925293,25773500.0
2014-12-03,41.10743972503259,41.15835844728498,40.572807709012345,40.801937103271484,23534800.0
2014-12-04,41.065001898249164,41.63358286698542,40.90376416183914,41.44688415527344,30320400.0
2014-12-05,41.42990951657206,41.55720467600177,41.05651534602884,41.090457916259766,27313400.0
2014-12-08,40.95467087032799,41.0310473053821,40.26728619209076,40.47944259643555,26663100.0
2014-12-09,39.978764561661045,40.66614943262248,39.92784584493212,40.386104583740234,24330500.0
2014-12-10,40.37760657639632,40.445494939302264,39.6308151609329,39.800540924072266,30431800.0
2014-12-11,39.953301321326734,40.513394179230836,39.61384973103625,40.0296745300293,29060400.0
2014-12-12,39.698692366506734,40.50488708690016,39.605343061153455,39.842960357666016,34248400.0
2014-12-15,40.05514735840784,40.45399937220729,39.503539170242036,39.60537338256836,29247800.0
2014-12-16,38.951924781668644,39.325318961229684,38.29848253949899,38.32394027709961,47801400.0
2014-12-17,38.23059671377018,38.994361329982404,38.10330476923545,38.8161506652832,34970900.0
2014-12-18,39.52898747939733,40.32669448852539,39.32531588278474,40.32669448852539,40105600.0
2014-12-19,40.42005693509677,40.818908950299054,40.02968651817892,40.44551467895508,64551200.0
2014-12-22,40.547349499381475,40.83588247068825,40.487945937987554,40.71707534790039,26566000.0
2014-12-23,41.04802940202808,41.412938758230304,40.84436102108995,41.11592102050781,23648100.0
2014-12-24,41.27715712523847,41.27715712523847,40.80192876368665,40.85284423828125,11437800.0
2014-12-26,41.08197276369249,41.08197276369249,40.58128343761132,40.6322021484375,13197800.0
2014-12-29,40.47943695338232,40.54732530993874,40.10603966194922,40.26728057861328,14439500.0
2014-12-30,40.258814693183254,40.41156762616307,39.74964040808464,39.90239334106445,16384700.0
2014-12-31,39.656284852002436,40.25880841747049,39.418670654296875,39.418670654296875,21552500.0
2015-01-02,39.596886137623784,40.241840426113875,39.49505193149399,39.68174743652344,27913900.0
2015-01-05,39.350779884589606,39.65628570953198,39.24894568869239,39.316837310791016,39673900.0
2015-01-06,39.35926930183575,39.673259971651746,38.646423431678606,38.73977279663086,36447900.0
2015-01-07,39.01981907724617,39.427159126869654,38.60399419288615,39.23197555541992,29114100.0
2015-01-08,39.67325873578897,40.52188459109996,39.647800996049874,40.386104583740234,29645200.0
2015-01-09,40.403070599989356,40.58128122227692,39.80054712239798,40.04664611816406,23944200.0
2015-01-12,40.24183622488522,40.343673657634284,39.34229489635681,39.545963287353516,23651900.0
2015-01-13,39.85995117907819,40.657658191964224,39.08770190191982,39.342288970947266,35270600.0
2015-01-14,39.00284957885742,39.240467056507306,38.714316613837106,39.00284957885742,29719600.0
2015-01-15,39.22348158486406,39.35926156977975,38.536093590275186,38.595497131347656,32750800.0
2015-01-16,38.45122969257968,39.27439437872166,38.332419381283444,39.24045181274414,35695300.0
2015-01-20,39.29138323493964,39.588404277913234,38.67188664211078,39.367759704589844,36161900.0
2015-01-21,38.985860230151246,39.15558600339818,38.59549321775821,38.96888732910156,39081100.0
2015-01-22,39.35926581355527,40.00422000213215,39.10467871904467,39.99573516845703,35898000.0
2015-01-23,40.190938097450044,40.21639584800286,39.71570625120072,40.038185119628906,26211600.0
2015-01-26,39.88541699040743,39.99573926298135,39.240462735803995,39.89390182495117,42525500.0
2015-01-27,36.44847190259716,36.66062831269697,35.73562623517181,36.202369689941406,169164000.0
2015-01-28,36.270279454613934,36.31271011042781,34.92944871758503,34.95490646362305,84507100.0
2015-01-29,34.73425038671925,35.744113810901425,34.615443305903725,35.65076446533203,63585300.0
2015-01-30,35.260406549750186,35.285867528840576,34.24205479191153,34.284488677978516,78004900.0
2015-02-02,34.44571848561419,35.107645518621844,34.140212705072116,35.03126907348633,50352500.0
2015-02-03,35.328290716144544,35.582877792521394,34.83608622953236,35.30282974243164,52082400.0
2015-02-04,35.59136534503075,35.82049470245216,35.099164058061135,35.50650405883789,41614800.0
2015-02-05,35.8289711782085,36.18539234957177,35.523465467183115,36.02415466308594,36548200.0
2015-02-06,36.21935230372886,36.31270166716514,35.76958162962763,35.9902229309082,34616600.0
2015-02-09,35.845950248371835,36.2702630895648,35.82048927657021,35.947784423828125,31381100.0
2015-02-10,36.27026907466382,36.29572681341626,35.79503744869785,36.151458740234375,29670700.0
2015-02-11,36.19387764830485,36.19387764830485,35.82048036906794,35.96474838256836,38262500.0
2015-02-12,36.20237429955586,36.567283630371094,36.075079142387644,36.567283630371094,33268800.0
2015-02-13,36.81339264889306,37.229217529296875,36.618209079300314,37.229217529296875,40264900.0
2015-02-17,37.57963009594861,37.60526900879849,36.91298901925065,37.24631118774414,33695700.0
2015-02-18,37.28903978703946,37.348866084116686,37.08391872542562,37.20357131958008,27111700.0
2015-02-19,36.904447734809544,37.20357928423468,36.79334033347048,37.177940368652344,27603400.0
2015-02-20,37.18649893302598,37.5027275533838,36.998474717459494,37.485633850097656,29721100.0
2015-02-23,37.348874689980896,37.767658866017044,37.306142076549165,37.73347473144531,32518800.0
2015-02-24,37.733463388888524,37.86166119064787,37.53688755767166,37.68218231201172,25271700.0
2015-02-25,37.5625342604586,37.68218686065939,37.43433318293555,37.59672164916992,29759800.0
2015-02-26,37.59672124692639,37.80183905642213,37.511252776062506,37.65654754638672,28957300.0
2015-02-27,37.71637066327865,37.776196957690736,37.31467703483593,37.4770622253418,33807700.0
2015-03-02,37.32322627219672,37.76765255020286,37.22066736505342,37.502708435058594,31924000.0
2015-03-03,37.22921092847027,37.459970884300546,36.827517309770705,36.98990249633789,31748600.0
2015-03-04,36.75913639962365,36.93007003393722,36.648032308564545,36.80187225341797,25748700.0
2015-03-05,36.81042092475404,36.95571566866551,36.59675467686934,36.844608306884766,23193500.0
2015-03-06,36.750610027358476,36.84462373744689,36.02414578442187,36.2036247253418,36248800.0
2015-03-09,36.05833456239866,36.86172218090976,36.05833456239866,36.622413635253906,32108000.0
2015-03-10,36.19506621412211,36.50274617630113,35.921573638916016,35.921573638916016,39159700.0
2015-03-11,36.16088629979216,36.2121641259362,35.75919260678893,35.87884521484375,32215300.0
2015-03-12,35.32331608207504,35.59680869919731,34.92162237430019,35.05836868286133,59992500.0
2015-03-13,34.78486305239079,35.442955434983,34.70794307883357,35.36603546142578,58007700.0
2015-03-16,35.442954601006626,35.58824606970268,35.28056618271354,35.519874572753906,35273500.0
2015-03-17,35.35749295913293,35.75064136833063,35.16946886112203,35.63953399658203,31673400.0
2015-03-18,35.40877744031673,36.60530995493892,35.323312229396066,36.32326889038086,44194800.0
2015-03-19,36.11814521437566,36.40018625858862,36.08396108864656,36.1437873840332,33879100.0
2015-03-20,36.37454062508296,36.733498331046505,36.31471434075571,36.648033142089844,71904500.0
2015-03-23,36.648052255893056,36.86171860001043,36.5625837620723,36.630958557128906,26246100.0
2015-03-24,36.56256466153139,36.89588346258006,36.53692575692394,36.66512680053711,25513300.0
2015-03-25,36.68223205905122,36.690780537568116,35.417327842562145,35.43442153930664,43469900.0
2015-03-26,35.229293562727236,35.5626124026187,34.972891445621485,35.22074508666992,37495600.0
2015-03-27,35.1438304471513,35.40877782031078,34.895980028706006,35.01563262939453,34401400.0
2015-03-30,35.126725009417626,35.50277964047757,34.96433985709759,35.00707244873047,35049700.0
2015-03-31,34.853237903960135,35.06690415547591,34.64812012826643,34.75067901611328,34887200.0
2015-04-01,34.69941305743198,34.83615938755851,34.4515625755268,34.80197525024414,36865300.0
2015-04-02,34.750673329805714,34.81904808404086,34.28915351958169,34.4344482421875,37487500.0
2015-04-06,34.477193203582225,35.70790987879656,34.34044690633619,35.51133728027344,39223700.0
2015-04-07,35.562614578617705,35.819013451123595,35.306215706111814,35.494239807128906,28809400.0
2015-04-08,35.43442161597507,35.63099423852815,35.07546376443186,35.40023422241211,24753400.0
2015-04-09,35.254938782293074,35.571163986974554,35.254938782293074,35.45151138305664,25723900.0
2015-04-10,35.57970766855217,35.853200229295624,35.39168031043286,35.6566276550293,28022000.0
2015-04-13,35.38314582241114,35.94722480750861,35.37459734338373,35.69082260131836,30276700.0
2015-04-14,35.724984249435465,35.921556741630276,35.37457184851652,35.59678649902344,24244400.0
2015-04-15,35.69081244732484,36.28907865774692,35.62244093600467,36.11814498901367,27343600.0
2015-04-16,35.85319782711869,36.18651665942427,35.74209046292074,36.032676696777344,22509700.0
2015-04-17,35.613899602870006,35.67372917017258,35.17802175744568,35.5711669921875,42387600.0
2015-04-20,35.66517427185007,36.89589084352939,35.62244166885977,36.67367935180664,46057700.0
2015-04-21,36.75060065379475,36.87880172763278,36.34890699870506,36.44292068481445,26013800.0
2015-04-22,36.468554368557236,36.86170275051056,36.36599548035945,36.74205017089844,25064300.0
2015-04-23,36.65659109652913,37.27195110380127,36.579671095620114,37.04119110107422,46309500.0
2015-04-24,39.0240097516229,41.143578885299455,39.01546453483982,40.912818908691406,130933700.0
2015-04-27,40.36582542045488,41.13502518382313,40.35728020543437,41.049556732177734,59248200.0
2015-04-28,40.835907485915776,42.05807914055994,40.76753595643713,42.01534652709961,60730800.0
2015-04-29,41.639280555390464,42.14353304442552,41.45125320888266,41.929866790771484,47804600.0
2015-04-30,41.622203947190954,42.34012298454118,41.53673545447686,41.5709228515625,64725500.0
2015-05-01,41.51963735934239,41.77603626962137,41.365797361117195,41.588008880615234,38937300.0
2015-05-04,41.34014615856031,41.76747866911893,41.177760978251825,41.229042053222656,34039500.0
2015-05-05,40.87008761986726,41.16067390417749,40.43420982354634,40.68206024169922,50369200.0
2015-05-06,40.656420486448745,40.827354166664044,39.33169017028553,39.55390167236328,52433000.0
2015-05-07,39.54535461609347,40.246179738118535,39.45134093333351,39.91286087036133,32971700.0
2015-05-08,40.63932709123284,41.00683336529706,40.613688180113094,40.81026077270508,35364900.0
2015-05-11,40.63931739811263,40.94699729931836,40.485477447509766,40.485477447509766,24609400.0
2015-05-12,40.041055091532996,40.75042862676783,39.67354887019491,40.468387603759766,29928300.0
2015-05-13,41.18631304153319,41.29742042563176,40.656421553221975,40.70770263671875,34184600.0
2015-05-14,41.04955749555351,41.72474360481191,41.04955749555351,41.639278411865234,32980900.0
2015-05-15,41.76747800736249,41.80166539013472,41.06665296197317,41.28031921386719,28642700.0
2015-05-18,41.00683941761565,41.21196051771451,40.69061417940714,41.03247833251953,24136500.0
2015-05-19,40.91205165078511,41.12710658386676,40.5851672336872,40.929256439208984,28574800.0
2015-05-20,40.7658125899211,41.230332032932154,40.662587140855706,40.929256439208984,25047900.0
2015-05-21,40.67118050217287,40.94645050396768,40.4389208228815,40.79161071777344,22410700.0
2015-05-22,40.688381329744935,40.73139164806481,40.27547636721563,40.344295501708984,25720600.0
2015-05-26,40.28407172279772,40.32708203185341,39.733528609865665,40.07761764526367,29581900.0
2015-05-27,40.27547346983418,41.0926825850303,40.103428927454466,40.955047607421875,27335600.0
2015-05-28,40.86041600860795,41.3077304302688,40.765791362288674,40.817405700683594,19283700.0
2015-05-29,40.80021565370619,40.92064587197081,40.07763106264111,40.30989074707031,36519600.0
2015-06-01,40.481930460252144,41.09268551179741,40.103431783763405,40.62816619873047,28837300.0
2015-06-02,40.3701190815621,40.7314098547158,40.10344973841646,40.361515045166016,21498300.0
2015-06-03,40.74861092298391,41.06689461099046,40.27549069025718,40.30129623413086,28002200.0
2015-06-04,40.24967064344843,40.56795093529274,39.74214101411333,39.87977600097656,27745500.0
2015-06-05,39.83676789713036,40.017413212152356,39.432463665100755,39.690528869628906,25438100.0
2015-06-08,39.82816593244505,39.93999539675624,39.286226677758705,39.33784103393555,22121600.0
2015-06-09,39.36363764184639,39.51847739377502,39.1055724824575,39.26901626586914,24406100.0
2015-06-10,39.38945361216552,40.284082723318974,39.30342968908703,40.09483337402344,28417400.0
2015-06-11,40.13783865046261,40.361494259404274,39.681923400614195,39.94858932495117,27347800.0
2015-06-12,39.759347330307264,39.97440221066336,39.48407734596963,39.54429244995117,23931000.0
2015-06-15,39.096970500811146,39.26901502880947,38.72707591413149,39.12277603149414,33254500.0
2015-06-16,39.010957971780854,39.77655618055022,38.96794764760845,39.423866271972656,27070300.0
2015-06-17,39.33783832095941,39.630313089502785,39.01955801684597,39.54429244995117,28704100.0
2015-06-18,39.75934340673237,40.25826897355492,39.71632980972422,40.189453125,32658300.0
2015-06-19,40.24967002350118,40.28407959005623,39.56149509978464,39.6561164855957,63837000.0
2015-06-22,39.853979717710644,40.18946487097369,39.707740664391196,39.7679557800293,20318100.0
2015-06-23,39.68192511493732,39.81095606669761,39.243211347112506,39.49267578125,25896500.0
2015-06-24,39.28622347347744,39.78515236472786,39.18299805102036,39.26041793823242,34890900.0
2015-06-25,39.595897269739346,39.62170608271181,39.139982045436426,39.26901626586914,20616000.0
2015-06-26,39.26901337760355,39.81094918801747,38.73567503508721,38.93352508544922,49835300.0
2015-06-29,38.74429087512752,38.907731414857835,38.159341295123774,38.16794204711914,34081700.0
2015-06-30,38.460419632679,38.469023666777055,37.79805011066237,37.97869873046875,35945400.0
2015-07-01,38.24535993733579,38.907729376505884,37.93568037808981,38.236759185791016,28343900.0
2015-07-02,38.26255668706536,38.49481630772715,37.90126613146466,38.19374084472656,21752000.0
2015-07-06,37.8152592082585,38.26257386950225,37.80665845465751,38.18515396118164,23034000.0
2015-07-07,38.14212898553496,38.27116321035253,37.26470478861474,38.10771942138672,36435800.0
2015-07-08,38.22815164902443,38.623855094836195,37.87546180142559,38.05611038208008,39785900.0
2015-07-09,38.49483578508174,38.89914013837235,38.279780836561734,38.2969856262207,32424700.0
2015-07-10,38.71847545469964,38.83030490043629,38.33998008336827,38.3743896484375,25465800.0
2015-07-13,38.692679952859216,39.243220010789614,38.666874413105475,39.17440414428711,28178300.0
2015-07-14,39.096989311459254,39.53569995152825,38.97655906836101,39.24322509765625,22880300.0
2015-07-15,39.294820175205224,39.47546545117243,39.079765337679575,39.3636360168457,26629600.0
2015-07-16,39.57870382696439,40.16365343927946,39.54429753560511,40.137847900390625,26271700.0
2015-07-17,40.043212790913785,40.24106286100035,39.793748375009436,40.10342788696289,29467100.0
2015-07-20,40.1292585661263,40.54216371322128,39.94860989807104,40.361515045166016,30631900.0
2015-07-21,40.24106338603968,40.7141866918508,39.98299821653694,40.671173095703125,42781900.0
2015-07-22,39.08838020931199,40.37010894788175,38.88192932832688,39.17440414428711,59152400.0
2015-07-23,38.94214166249709,39.76795169044885,38.795902624216296,39.66472625732422,33934000.0
2015-07-24,39.49266523699336,39.84535499466884,39.398040595413796,39.518470764160156,32333200.0
2015-07-27,39.51847389023093,39.578688979367364,38.92492374811052,39.01094436645508,39701400.0
2015-07-28,39.208819304179976,39.26043039104026,38.5292448877098,39.00236511230469,34328900.0
2015-07-29,39.05396992444822,40.24107057245339,38.93353642779455,39.81956481933594,40945900.0
2015-07-30,39.79375652679619,40.77440960936199,39.50988577033876,40.32709503173828,39777900.0
2015-07-31,40.67978617121958,40.74860203369661,40.00021189131789,40.17225646972656,31201500.0
2015-08-03,40.41311579003261,40.430320575544165,39.95720045914709,40.26688003540039,24125900.0
2015-08-04,40.21525847181337,41.041068339509025,40.15504337405285,40.894832611083984,33403900.0
2015-08-05,41.27334236325291,41.64323711067158,40.894846862361234,40.929256439208984,26959700.0
2015-08-06,41.041067173054564,41.09268151887235,39.853966752535165,40.10342788696289,27368000.0
2015-08-07,39.905586213986034,40.24107132870432,39.7937567485875,40.2066650390625,19163000.0
2015-08-10,40.38729574830414,40.85181494586235,40.2926711027116,40.71417999267578,23079900.0
2015-08-11,40.27548427184748,40.37870971237002,39.48408375871203,39.922794342041016,29237400.0
2015-08-12,39.73354163986767,40.34430004206173,39.32063663086998,40.2066650390625,30181400.0
2015-08-13,40.48192926632831,40.51633555105869,39.99160443304433,40.198055267333984,22627200.0
2015-08-14,40.0260127057257,40.516337563362384,40.01741195448515,40.43031692504883,21473400.0
2015-08-17,40.266886310090946,40.817426406340665,40.060432133258395,40.705596923828125,21099700.0
2015-08-18,40.5583798437135,41.06925623608232,40.43715549689984,40.93071365356445,23574100.0
2015-08-19,40.50643393699384,40.766204225878546,40.09080609914131,40.35923385620117,31485500.0
2015-08-20,39.89164816118553,40.23800631703529,39.5366325378418,39.5366325378418,36238200.0
2015-08-21,39.22490696560062,39.380767789954085,37.293968200683594,37.293968200683594,70053100.0
2015-08-24,35.025334776115926,36.96493115674677,34.39323396348344,36.09038162231445,88753700.0
2015-08-25,36.86101607871646,37.441165340376514,34.97337156669498,35.04264450073242,70616600.0
2015-08-26,36.37612884475747,37.09482093602457,35.55353392040416,36.98225402832031,63408000.0
2015-08-27,37.43251912244933,38.05596255866367,37.17275212506554,38.01266860961914,50943200.0
2015-08-28,37.5797097891099,38.229128714245796,37.571049020363425,38.038631439208984,28246700.0
2015-08-31,37.71828365325217,38.03866299724336,37.31997053834837,37.68364715576172,34441700.0
2015-09-01,36.51468519976083,36.878361767982206,36.073081477403896,36.21162414550781,49688900.0
2015-09-02,36.679189989799305,37.56240033070882,36.263562176980045,37.545082092285156,37671500.0
2015-09-03,37.58837892934406,38.081937201492735,37.47581202248593,37.66630935668945,28285200.0
2015-09-04,37.06884330183925,37.26799809551259,36.54064857364996,36.89566421508789,37138800.0
2015-09-08,37.49312141142936,38.09924644735127,37.406533536204385,38.003997802734375,32469800.0
2015-09-09,38.281084552844995,38.445606146949125,37.155425612715604,37.293968200683594,33469500.0
2015-09-10,37.337263190872974,37.91741256520823,37.016884066514784,37.484466552734375,31366600.0
2015-09-11,37.35458338040982,37.744235472628056,37.18140430574437,37.64898681640625,27132500.0
2015-09-14,37.60569514094436,37.61435260879738,37.11213689541434,37.26799774169922,23656000.0
2015-09-15,37.397872807557874,38.35035595164882,37.30262746595292,38.08192825317383,28882200.0
2015-09-16,38.073269978778406,38.428285545037454,37.96070310075998,38.359012603759766,23372200.0
2015-09-17,38.35034462154151,38.96512694278006,38.16850815522274,38.31570816040039,32768200.0
2015-09-18,37.666305054184406,38.09059362195895,37.51910498774425,37.64898681640625,63143700.0
2015-09-21,37.77022271618348,38.506233182576864,37.75290447311477,38.19451141357422,26177200.0
2015-09-22,37.56240427269951,38.142550456752744,37.50179208341385,38.01266860961914,28085900.0
2015-09-23,38.0386414233121,38.246453684155966,37.67496501216085,37.98668670654297,17145200.0
2015-09-24,37.62301078690264,38.21181765381867,37.46714995135922,38.02132034301758,27905600.0
2015-09-25,38.51487710574071,38.73135011328407,37.89143378701873,38.04729461669922,29384600.0
2015-09-28,37.952049038953966,38.17717951206936,37.415193605242905,37.484466552734375,27613800.0
2015-09-29,37.553740994691225,37.726920082428,37.27665577555892,37.61435317993164,32763600.0
2015-09-30,37.99533859928423,38.35901162234056,37.80484131876012,38.32437515258789,34958900.0
2015-10-01,38.748669580521835,38.748669580521835,37.88277752285654,38.627445220947266,28657900.0
2015-10-02,38.33303933056238,39.45869827270508,38.029975147948214,39.45869827270508,41839000.0
2015-10-05,39.614570294364874,40.60168692729954,39.571276342644666,40.376556396484375,34369300.0
2015-10-06,40.11677663389937,40.85278348858969,40.02152798851493,40.48044967651367,27017200.0
2015-10-07,40.78351727894867,40.99999030761213,39.78774332896654,40.52375030517578,27711500.0
2015-10-08,40.315931231192664,41.14718672797213,40.26397652397555,41.08657455444336,33772700.0
2015-10-09,41.08656335526483,41.16449374329075,40.627638491061184,40.79216003417969,28600600.0
2015-10-12,40.67960787966861,40.75753829584697,40.263980094422685,40.69692611694336,19769100.0
2015-10-13,40.31593428735236,40.809492482424204,40.31593428735236,40.60167694091797,19987800.0
2015-10-14,40.393866061463754,40.783514847333116,40.289956635656914,40.41984176635742,24697800.0
2015-10-15,40.70558547973633,40.72290371781761,40.289957675134055,40.70558547973633,27189400.0
2015-10-16,40.71424546727664,41.16450973938153,40.61033934390355,41.13853073120117,26450300.0
2015-10-19,41.06060462935263,41.45891753320132,40.71424974732669,41.23378372192383,29387600.0
2015-10-20,41.077912975638945,41.398295375824915,40.714239941631945,41.3636589050293,30802200.0
2015-10-21,41.493557396875175,41.55417289669368,40.792186748438475,40.8701171875,25144300.0
2015-10-22,41.155852451952484,42.38542101120374,40.774861098597256,41.58879852294922,56637100.0
2015-10-23,45.28615823642052,46.818787719749885,45.24286429006765,45.77971649169922,135227100.0
2015-10-26,45.485308324443906,47.035255886519366,45.45933261994393,46.97464370727539,64633300.0
2015-10-27,46.74952404069254,47.07856071751757,46.39450835024263,46.48975372314453,50999900.0
2015-10-28,46.359864827551405,46.7408561706543,45.77105792259111,46.7408561706543,47000800.0
2015-10-29,46.35985939301702,46.61096887074949,46.082774211765994,46.20399856567383,30202100.0
2015-10-30,46.16938111417236,46.7495307223324,45.56325579179168,45.58057403564453,46619800.0
2015-11-02,45.762385596520794,46.203992315292155,45.56323085588261,46.1000862121582,30285000.0
2015-11-03,45.8316720371388,47.095873790931925,45.80569632948111,46.8880615234375,36596900.0
2015-11-04,46.9140406189769,47.520165831986894,46.81013447772614,47.10453796386719,37087800.0
2015-11-05,47.18246026491824,47.36429680655145,46.75817169799131,47.08721160888672,31468500.0
2015-11-06,46.8361018024231,47.60674520970869,46.723534909402346,47.55479049682617,32851200.0
2015-11-09,47.23441446972268,47.511499683781544,46.377183120951905,46.8967170715332,32513100.0
2015-11-10,46.81878981653942,46.870744536359496,46.126076734521135,46.33388900756836,55283700.0
2015-11-11,46.498402583372766,46.931348597551064,46.29058704319616,46.455108642578125,36516300.0
2015-11-12,46.30790370219353,46.740849701619176,46.05679422977885,46.16936111450195,35361100.0
2015-11-13,45.952900851275274,46.143398200818616,45.485318249550744,45.753746032714844,36848200.0
2015-11-16,45.96155283989405,46.662923305328185,45.76239475627711,46.559017181396484,32165200.0
2015-11-17,46.34981534660332,46.6636382239606,46.070862416814904,46.175472259521484,31551300.0
2015-11-18,46.20160197454686,47.05589534786085,46.184167008718454,46.942569732666016,29710000.0
2015-11-19,47.06463859909814,47.64869528928426,46.88157302682687,47.02104949951172,28149200.0
2015-11-20,47.291280442344394,47.33486621085561,46.436986743076794,47.238975524902344,37147600.0
2015-11-23,47.291280442344394,47.474342665320094,46.85541610647025,47.238975524902344,28235900.0
2015-11-24,47.00359541652638,47.45689459981918,46.70721094226808,47.29126739501953,24600000.0
2015-11-25,47.15180099202909,47.27384246625883,46.80310821533203,46.80310821533203,21005100.0
2015-11-27,46.898995828344965,47.14308208622378,46.89028000591884,47.01232147216797,9009100.0
2015-11-30,47.544079049992796,47.910203468951195,47.07334480386279,47.378448486328125,56241400.0
2015-12-01,47.43073965572712,48.145556640694146,47.33484900463012,48.1368408203125,39952800.0
2015-12-02,48.22402253785847,48.781928271063116,47.99737458076176,48.12813186645508,47274900.0
2015-12-03,48.37220330428623,48.61628615646528,47.01230600204698,47.24767303466797,38627800.0
2015-12-04,47.177940023438545,49.01728747741526,47.1605050564127,48.73833465576172,43963700.0
2015-12-07,48.63373004085162,48.790641424711325,48.197865824659104,48.65116500854492,30709800.0
2015-12-08,48.35478279219394,48.90396937373911,47.93635349537742,48.63373565673828,32878000.0
2015-12-09,48.26761263644922,48.70347694534895,47.51792549308077,47.92763900756836,36373200.0
2015-12-10,48.2850378478517,48.52040492612779,47.953780108939405,48.1804313659668,31775800.0
2015-12-11,47.692270083512255,48.03224369957465,47.082059408984065,47.125648498535156,39549500.0
2015-12-14,47.361002692025686,48.12812124316626,46.79437793628391,48.067100524902344,46768900.0
2015-12-15,48.520421146388585,48.729637505479005,48.02353603460269,48.11942672729492,39843000.0
2015-12-16,48.415802419701194,49.0347288659625,47.73585191816786,48.93012237548828,37503300.0
2015-12-17,49.13060788322197,49.50545132102308,48.40707179269158,48.555267333984375,41280900.0
2015-12-18,48.616302717850196,48.81679988978041,47.0994935438217,47.186668395996094,84684200.0
2015-12-21,47.840456941519015,48.250167040408066,47.273832134567286,47.796871185302734,37246300.0
2015-12-22,47.93634840145047,48.36349347503974,47.5092000024811,48.25016784667969,28322200.0
2015-12-23,48.55529414186192,48.71220558968456,48.32864279483748,48.6599006652832,27279800.0
2015-12-24,48.694759588729475,48.781931117611705,48.3199160288507,48.52912902832031,9558500.0
2015-12-28,48.25016576654026,48.7732048034668,47.9276271885992,48.7732048034668,22458300.0
2015-12-29,49.06961661591108,49.55778263223924,48.86911938415036,49.2962646484375,27731400.0
2015-12-30,49.226501091998415,49.496734752822874,49.06958972263852,49.0870246887207,21704500.0
2015-12-31,48.851671717329594,48.982429012570215,48.31119758911672,48.363502502441406,27334100.0
2016-01-04,47.35228837067543,47.77071762084961,46.541580659281685,47.77071762084961,53778000.0
2016-01-05,47.884056210212414,48.28505060116747,47.544082560255696,47.98866271972656,34079700.0
2016-01-06,47.352295211319465,47.422035092446684,46.75951952326034,47.11692810058594,39518900.0
2016-01-07,45.94009147490918,46.62875777090875,45.39090160243279,45.47807312011719,56564900.0
2016-01-08,45.652424141039546,46.44569700431328,45.46064611748123,45.617557525634766,48754000.0
2016-01-11,45.77445850442899,46.07084630434541,44.859144315839494,45.59139633178711,36943800.0
2016-01-12,45.99239169206013,46.28877949893389,45.382184435596635,46.00982666015625,36095500.0
2016-01-13,46.89900127891247,47.134368416338795,44.71967962724013,45.01606750488281,66883600.0
2016-01-14,45.329892659835885,46.56774582474847,44.955049050656754,46.29751205444336,52381900.0
2016-01-15,44.72838903236021,45.303729690053395,43.88281135159137,44.44943618774414,71820700.0
2016-01-19,44.876588953859894,45.05093534291781,43.63873590977216,44.07460021972656,43564500.0
2016-01-20,43.56898426059916,44.78940532911651,42.80186235109168,44.27508544921875,63273000.0
2016-01-21,44.45815534750207,44.9637594946955,43.84794470706811,44.00485610961914,40191200.0
2016-01-22,44.81556156053818,45.61755350094132,44.68480095681997,45.58268356323242,37555800.0
2016-01-25,45.277558220142254,45.89648772444734,45.024759587803544,45.14680099487305,34707700.0
2016-01-26,45.14681869261228,45.71344020832135,44.93760239463738,45.47807312011719,28900800.0
2016-01-27,45.33859581861149,45.50422635453675,44.475586503955306,44.649932861328125,36775200.0
2016-01-28,45.207844324681766,45.512947995058205,44.67608936312803,45.3821907043457,62513800.0
2016-01-29,47.70970622241427,48.023529052734375,47.073344738878816,48.023529052734375,83611700.0
2016-02-01,47.840463954898794,48.02352615307198,47.50920617340884,47.69226837158203,44208500.0
2016-02-02,47.22152741653362,47.29998310818172,45.89650313040123,46.20160675048828,56313800.0
2016-02-03,46.41954458979608,46.54158605290087,44.68480333820249,45.4693603515625,57559800.0
2016-02-04,45.41707038644941,46.03600037859136,44.78070874416853,45.329898834228516,46987100.0
2016-02-05,45.277582213431984,45.32988712648421,43.20287054307085,43.72590637207031,62009000.0
2016-02-08,43.19415451767375,43.211589489951656,42.0086030058239,43.072113037109375,59290500.0
2016-02-09,42.732138029115426,43.795648026502995,42.427031012048396,42.95878601074219,46740500.0
2016-02-10,43.49053719983104,43.92640147856317,43.16799856467582,43.33362579345703,38237000.0
2016-02-11,42.43573326178076,43.68230497776846,42.28753772384723,43.31617736816406,48878600.0
2016-02-12,43.804357150993724,44.17920067224658,43.36849290073508,44.02228927612305,34243300.0
2016-02-16,44.689564047270004,44.856380462646484,44.01351328612884,44.856380462646484,37291200.0
2016-02-17,45.207575997083055,46.33139887929198,45.172455694699934,46.02410125732422,40789000.0
2016-02-18,45.94508368137944,46.489434948550745,45.743143625741205,45.82216262817383,27176000.0
2016-02-19,45.62900627350144,45.901180224119116,45.242689673776525,45.49730682373047,33559100.0
2016-02-22,45.90118591128847,46.53333798970314,45.90118591128847,46.226043701171875,25008300.0
2016-02-23,45.95387511654775,45.98021367507734,44.75981134076776,44.93540954589844,28895300.0
2016-02-24,44.50517631583772,45.216347255096586,44.07496440200357,45.09342956542969,33014500.0
2016-02-25,45.41828678139434,45.743141174316406,44.43494185324168,45.743141174316406,26939500.0
2016-02-26,46.1821431701039,46.25238378080383,44.865161862790025,45.0407600402832,35975900.0
2016-02-29,45.084660394948365,45.34805934544231,44.478850177177215,44.6720085144043,31654000.0
2016-03-01,44.75102098160805,46.17335969957361,44.70711893011174,46.164581298828125,33024500.0
2016-03-02,46.01532684249496,46.49821931969678,45.795829957470794,46.48944091796875,29289900.0
2016-03-03,46.50699345213167,46.50699345213167,45.462186307047624,45.96263885498047,24427800.0
2016-03-04,46.0065441725292,46.050442875610024,45.400730682542346,45.68168640136719,33034200.0
2016-03-07,45.269038984019176,45.47975411904034,44.40861159262662,44.80370330810547,38407800.0
2016-03-08,44.601772894747825,45.769498101621906,44.42617469117749,45.34806442260742,33835100.0
2016-03-09,45.55877160374755,46.401638814072115,45.53243305006759,46.392860412597656,28251600.0
2016-03-10,46.471879214878854,46.480657616314026,44.917840918842224,45.699249267578125,38387800.0
2016-03-11,46.533340181147445,46.59479904174805,45.98898883757496,46.59479904174805,32275700.0
2016-03-14,46.278720848535734,47.05135079513186,46.20848358934875,46.682594299316406,24083600.0
2016-03-15,46.313828750915505,47.05133819580078,46.305050351839,47.05133819580078,21104800.0
2016-03-16,46.9284297915107,47.93811334771759,46.884531088937585,47.7186164855957,31691700.0
2016-03-17,47.59569253625173,48.289303333407545,47.41131600007286,47.990787506103516,28223900.0
2016-03-18,48.219065633650686,48.262967682357534,46.928426453666646,46.96354675292969,67625500.0
2016-03-21,46.75282592855227,47.349857588632,46.471870247250735,47.28839874267578,23925700.0
2016-03-22,47.06891248572545,47.630823974614025,46.9372130152174,47.47278594970703,23124100.0
2016-03-23,47.50790076808488,47.6220400727254,47.18304635407632,47.38498306274414,20129000.0
2016-03-24,47.27084488852569,47.701060216762606,47.17426573223232,47.595699310302734,19950000.0
2016-03-28,47.59570396540489,47.66594457658136,46.82307733800382,47.00745391845703,17025100.0
2016-03-29,47.11281222043359,48.1663979597088,46.92843563710603,48.034698486328125,23924300.0
2016-03-30,48.227856238274455,48.85122659299895,48.20151768361916,48.333213806152344,23008300.0
2016-03-31,48.24540227086365,48.80731360076341,48.16638328076801,48.49123764038086,26360500.0
2016-04-01,48.33322184596509,48.82489615994216,47.911788155095,48.78977584838867,24399200.0
2016-04-04,48.666839599609375,48.86877629036118,48.28930476712591,48.666839599609375,18928800.0
2016-04-05,48.45613345797185,48.5527126278991,47.815202924849075,47.90300369262695,19272300.0
2016-04-06,47.72739204902369,48.46490154412417,47.5956926091195,48.39466094970703,21188700.0
2016-04-07,48.17516787762498,48.21028817757579,47.613256475436586,47.81519317626953,19225100.0
2016-04-08,47.99958726302939,48.535160310546026,47.692292899334944,47.78009033203125,22167200.0
2016-04-11,47.84153638742343,48.421007955473286,47.674716632711835,47.68349838256836,21414200.0
2016-04-12,47.73618253832211,48.096157302737105,47.20060959264833,47.98202133178711,24944300.0
2016-04-13,48.3946628857136,48.675618576109876,48.192726192569786,48.59659957885742,20818000.0
2016-04-14,48.482459511820785,48.79853547396794,48.350760077840896,48.605377197265625,20877100.0
2016-04-15,48.552706798606,49.09705809644609,48.38589038374145,48.86000442504883,28793800.0
2016-04-18,48.719525254722946,49.68531011359953,48.47368649031759,49.571170806884766,23786000.0
2016-04-19,49.7204345137577,49.843352231463705,48.88634569456561,49.50971603393555,29596800.0
2016-04-20,49.42191921568881,49.606295794466114,48.71952985659195,48.80732727050781,36195700.0
2016-04-21,48.991707950735446,49.36924289084182,48.65807172126209,48.97414779663086,38909100.0
2016-04-22,45.57632420179503,46.032878035695695,44.57541913677496,45.46218490600586,126834100.0
2016-04-25,45.46218516628044,45.769482756817354,45.330489069698366,45.751922607421875,33226900.0
2016-04-26,45.8836150937717,45.96263408520596,44.85637155438214,45.163665771484375,33532600.0
2016-04-27,45.19879976119109,45.21635991452502,44.38227105207562,44.72468566894531,43369300.0
2016-04-28,44.443717815519456,44.575417255043945,43.513053386966774,43.81156921386719,43134800.0
2016-04-29,43.32867867480971,44.118868707786,43.32867867480971,43.78523254394531,48411700.0
2016-05-02,43.89937505596547,44.557865681804955,43.70621673395714,44.4349479675293,33114500.0
2016-05-03,44.1978813753454,44.259340219182775,43.548169291450016,43.706207275390625,26460200.0
2016-05-04,43.758893992598196,43.9520523004938,43.42525782875751,43.78523254394531,24257600.0
2016-05-05,43.785232279315785,44.162767142872006,43.662314574763755,43.8466911315918,25390700.0
2016-05-06,43.829135563694045,44.241790771484375,43.600860281266236,44.241790771484375,24787300.0
2016-05-09,44.32959484690309,44.4173922661095,43.89937945457524,43.960838317871094,17951600.0
2016-05-10,44.189107953132364,44.86515531148983,44.06618690235665,44.794918060302734,22891000.0
2016-05-11,44.89149150704533,45.46218124147809,44.77735222045648,44.821250915527344,24039100.0
2016-05-12,44.95295802307484,45.48853090242199,44.7071192600551,45.22513198852539,24102800.0
2016-05-13,45.163675529006404,45.567552322069254,44.81248254062299,44.84760284423828,22592300.0
2016-05-16,44.60175148538285,45.62021655810695,44.557852792876446,45.506080627441406,20032000.0
2016-05-17,45.72711980757967,45.735959607189734,44.52470469968842,44.65732192993164,27803500.0
2016-05-18,44.63079388790264,45.21431840103682,44.47165053225862,44.92255783081055,24907500.0
2016-05-19,44.62195469551081,44.75457191189463,44.04726997313589,44.48933410644531,23842400.0
2016-05-20,44.63079639904109,45.285052828242655,44.56006788848736,44.754573822021484,23905800.0
2016-05-23,44.73690514257644,44.80763704840755,44.18874636311693,44.23295211791992,26118700.0
2016-05-24,44.82531265857907,45.71828090051369,44.56007480066558,45.612186431884766,34757900.0
2016-05-25,45.903946041005746,46.40790234429984,45.78901177450289,46.080772399902344,24040200.0
2016-05-26,45.912788278358796,45.95699402401159,45.40883535801604,45.87742233276367,24335200.0
2016-05-27,45.903938587191,46.257591247558594,45.771321369064445,46.257591247558594,17721400.0
2016-05-31,46.20455009043892,46.85880661010742,46.045410076517584,46.85880661010742,37653100.0
2016-06-01,46.36368476369997,46.81459206522991,46.36368476369997,46.72617721557617,25324800.0
2016-06-02,46.540523534941435,46.628938408236706,45.83322141199207,46.39906311035156,22840800.0
2016-06-03,46.310641109319064,46.346003677936544,45.621018744710355,45.789005279541016,23368300.0
2016-06-06,45.96583362618096,46.28411699376657,45.877418769061116,46.0896110534668,18243300.0
2016-06-07,46.186860620311904,46.620081568072756,46.063079833984375,46.063079833984375,20866800.0
2016-06-08,45.99235731142757,46.36368960066817,45.85973670945192,46.010040283203125,21149400.0
2016-06-09,45.9746797801014,45.9746797801014,45.52377575085374,45.638710021972656,20305700.0
2016-06-10,45.13474766844526,46.018875941569284,45.12590786969397,45.514923095703125,25833200.0
2016-06-13,43.83507910273896,44.8429847416414,43.37533202009053,44.3301887512207,83217800.0
2016-06-14,44.11802200738452,44.29484504333939,43.826257927229186,44.05613327026367,42577100.0
2016-06-15,44.01191422662944,44.31251804180998,43.932342529296875,43.932342529296875,33757600.0
2016-06-16,43.78203683988834,44.62195945734495,43.77319366757671,44.55122756958008,31188600.0
2016-06-17,44.56891260029908,44.58659557305713,44.04727670832431,44.32135772705078,45710500.0
2016-06-20,44.772263485878334,44.94025004733433,44.23294459997034,44.268310546875,35607900.0
2016-06-21,44.383240731973665,45.47071812148787,44.34787479101017,45.25852584838867,34097800.0
2016-06-22,45.16127104595612,45.49723734084952,45.0463334331339,45.08169937133789,28816800.0
2016-06-23,45.33810540671909,46.02772788460218,45.22317113764053,45.89510726928711,29028800.0
2016-06-24,44.038450292131536,45.037513261472796,43.78205216824047,44.05613327026367,133503000.0
2016-06-27,43.41070086556256,43.454909981442015,42.47352696812154,42.818336486816406,50216300.0
2016-06-28,43.251556571566525,43.73782985443714,43.030524487600594,43.7113037109375,38140700.0
2016-06-29,44.12684750847181,44.84299271364393,44.029592846607216,44.6838493347168,31304000.0
2016-06-30,44.842993460002226,45.3557861774384,44.64848413303565,45.240848541259766,28527800.0
2016-07-01,45.20547567693984,45.727111448307646,45.152426770931086,45.231998443603516,21400400.0
2016-07-05,44.94024812348551,45.33810320474305,44.860676432697566,45.240848541259766,24806400.0
2016-07-06,44.89604974100157,45.56798937337079,44.55124012269659,45.42652893066406,28167500.0
2016-07-07,45.4618915118285,45.629878106262304,45.15244784737096,45.42652893066406,19585200.0
2016-07-08,45.73596480305037,46.29296667686011,45.576821410533306,46.23991775512695,28391000.0
2016-07-11,46.416731883071364,46.70849581665209,46.39020911553913,46.49630355834961,22269200.0
2016-07-12,46.80576046138186,47.212462124936984,46.67314321314904,47.04447555541992,27317600.0
2016-07-13,47.3539282130769,47.619166113963644,47.01795840652281,47.30971908569336,25356800.0
2016-07-14,47.60146919224052,47.734089790172874,47.37159731153062,47.513057708740234,24545500.0
2016-07-15,47.6987237312838,47.74292947292606,47.044467287859966,47.477691650390625,32024400.0
2016-07-18,47.477689622589025,48.043531185879004,47.345069030644666,47.70756149291992,31433900.0
2016-07-19,47.48652833124357,47.65451486020725,46.796909363401795,46.93836975097656,53336500.0
2016-07-20,49.64380620155054,50.253853524307765,49.09564421830355,49.43161392211914,89893300.0
2016-07-21,49.493501578339696,49.71453365221903,49.29899227406771,49.33435821533203,32776700.0
2016-07-22,49.581919530270135,50.068189448659204,49.31667832689245,50.015140533447266,32157200.0
2016-07-25,49.9267480509182,50.16546320121037,49.74107846334654,50.156620025634766,25610600.0
2016-07-26,49.97094322035166,50.65172257001402,49.962100046650185,50.18313217163086,28079000.0
2016-07-27,50.05050050327436,50.21848365570663,49.60843638064898,49.67916488647461,32327500.0
2016-07-28,49.51119129448201,49.83831786404095,49.26363641726792,49.69685745239258,37550400.0
2016-07-29,49.741052998484555,50.18311711581893,49.55538687864769,50.112388610839844,30558700.0
2016-08-01,50.041666416560965,50.174287026496835,49.6349681593582,50.02398681640625,26003400.0
2016-08-02,50.262698517999276,50.30690763643271,49.785271742131,50.02398681640625,35122000.0
2016-08-03,50.11241063614877,50.4925862139649,49.94442741189541,50.36880874633789,22075600.0
2016-08-04,50.21849545599517,50.8550690214152,50.10355781275379,50.74013137817383,26587700.0
2016-08-05,50.97002471903076,51.46513466957096,50.79319829125915,51.244102478027344,29335200.0
2016-08-08,51.332496643066406,51.35901941607931,51.08493839511111,51.332496643066406,19473500.0
2016-08-09,51.42975360601858,51.72151763206144,51.29713635364849,51.45627975463867,16920700.0
2016-08-10,51.42090037427789,51.56236076346742,51.12029662566493,51.297122955322266,15756900.0
2016-08-11,51.305977883634604,51.67731362268578,51.305977883634604,51.54469299316406,18162300.0
2016-08-12,51.305966338591304,51.44742673766397,50.943473855174986,51.22639465332031,21655200.0
2016-08-15,51.28828154057091,51.72150589443593,51.24407579981288,51.385536193847656,19283900.0
2016-08-16,51.25209715750836,51.26099205320707,50.94961979820642,51.10085678100586,20523500.0
2016-08-17,51.18982171392618,51.314370613511414,50.914032440771045,51.20761489868164,18856400.0
2016-08-18,51.08307072960598,51.3321719620963,50.949626913271715,51.24320602416992,14214300.0
2016-08-19,51.091959981221734,51.35885096037629,50.887343450746485,51.260990142822266,17271000.0
2016-08-22,51.24319506655924,51.3766422480613,50.940717729697,51.30546951293945,15221900.0
2016-08-23,51.51009610483618,51.759193922638005,51.46561144276879,51.501197814941406,18732400.0
2016-08-24,51.421122066630225,51.634636872296944,51.34995272720979,51.554569244384766,18151500.0
2016-08-25,51.49230102717349,51.85705284428549,51.403335100010125,51.75029373168945,18552600.0
2016-08-26,51.84814592691587,52.22179597141845,51.323258921956864,51.625736236572266,20971200.0
2016-08-29,51.75918389999695,52.1328305543468,51.688011169433594,51.688011169433594,16417200.0
2016-08-30,51.581265455478174,51.76808881882954,51.25209999713958,51.501197814941406,16930200.0
2016-08-31,51.2876859132151,51.42112971712084,50.97631025002861,51.11865234375,20860300.0
2016-09-01,50.71831412484593,51.438922882987455,50.71831412484593,51.23430633544922,26075400.0
2016-09-02,51.30546951293945,51.768082110123046,51.08305980623789,51.30546951293945,18900500.0
2016-09-06,51.40333506902798,51.42112825444993,50.896241162463355,51.252098083496094,16278400.0
2016-09-07,51.12754348678174,51.45670889618121,51.074163936459094,51.296573638916016,17493400.0
2016-09-08,51.26987787693107,51.41221992942298,50.86953979376563,51.091949462890625,20146100.0
2016-09-09,50.52259159322309,51.17202755274183,50.00659942626953,50.00659942626953,35113900.0
2016-09-12,49.81978968681034,50.89625218519714,49.47283098019839,50.753910064697266,29303000.0
2016-09-13,50.26458694918686,50.39803411272758,49.86424885226702,50.29127502441406,30130200.0
2016-09-14,50.16673279386222,50.38024760507061,49.84646227390102,50.05107879638672,24062500.0
2016-09-15,49.953219100392865,51.020782926686216,49.801978742322966,50.878440856933594,26847000.0
2016-09-16,51.26989128085552,51.26989128085552,50.487008090623085,50.931827545166016,44607000.0
2016-09-19,50.949614013189915,51.376640226005904,50.57596395591175,50.64713668823242,20937100.0
2016-09-20,51.0207963198038,51.0207963198038,50.48701426653768,50.5403938293457,17384000.0
2016-09-21,51.16311509669585,51.46559236060554,50.78057361563845,51.38552474975586,33707300.0
2016-09-22,51.52789306057038,51.59906581480997,51.26990031071115,51.43893051147461,19822200.0
2016-09-23,51.48338925881782,51.518975620366355,51.04746820780607,51.091949462890625,19955300.0
2016-09-26,50.78058814838739,50.833964308428094,50.55817843167659,50.620452880859375,21688700.0
2016-09-27,50.64713725928095,51.65243005557773,50.4247275588252,51.554569244384766,28065100.0
2016-09-28,51.492292458587634,51.65242770713123,51.30546573948507,51.625736236572266,20536400.0
2016-09-29,51.43002509150278,51.75029223894338,50.896239725029076,51.06527328491211,25463500.0
2016-09-30,51.21651793964377,51.39444642179299,51.01190137296841,51.24320602416992,29910800.0
2016-10-03,51.074177765076094,51.198726689181846,50.76280545481172,51.083072662353516,19189500.0
2016-10-04,50.94961975191752,51.24319882155097,50.682728763058996,50.92293167114258,20085900.0
2016-10-05,50.96739828159302,51.563454538860746,50.940706814790026,51.278770446777344,16726400.0
2016-10-06,51.36774444580078,51.47450014873877,50.95850802941702,51.36774444580078,16212600.0
2016-10-07,51.46560094923609,51.5812549383643,51.083056010637236,51.421119689941406,20089000.0
2016-10-10,51.518985739093274,51.946011980440254,51.4833993705553,51.634639739990234,18196500.0
2016-10-11,51.50118868473981,51.616842676945886,50.61154990036025,50.878440856933594,26497400.0
2016-10-12,50.80727767944336,50.949619766455385,50.175634880433925,50.80727767944336,22177500.0
2016-10-13,50.44252637835424,50.976308361609654,50.10446264565083,50.63824462890625,25313700.0
2016-10-14,50.81618162588352,51.36776028078564,50.81618162588352,51.083072662353516,27402500.0
2016-10-17,51.02969265252942,51.118655193425916,50.59376805724844,50.90514373779297,23830000.0
2016-10-18,51.18091964340165,51.5545697082547,51.074163936459094,51.296573638916016,19149500.0
2016-10-19,51.127543490592906,51.45670890001692,51.06526904539655,51.1809196472168,22878400.0
2016-10-20,51.154237272437484,51.17203045786358,50.40694045305723,50.931827545166016,49455600.0
2016-10-21,53.62743426285676,53.77867464751115,52.92462207887306,53.07585906982422,80032200.0
2016-10-24,53.32494511860914,54.26796340942383,53.31605022439407,54.26796340942383,54067000.0
2016-10-25,54.134526680542876,54.59713932410233,54.09004541348398,54.25907897949219,35137200.0
2016-10-26,54.09893223951208,54.4458908002351,53.79645493642234,53.93879699707031,29911600.0
2016-10-27,53.92101049332268,54.116732123591916,53.458397890497224,53.46729278564453,28479900.0
2016-10-28,53.387228956860966,53.84094669685387,53.00468735163006,53.26268005371094,33574700.0
2016-10-31,53.520678075683385,53.75198270504327,53.30716323852539,53.30716323852539,26434700.0
2016-11-01,53.3516493229219,53.396130592019276,52.71110818806917,53.200408935546875,24533000.0
2016-11-02,53.21819732738196,53.316058146801666,52.75558470429981,52.871238708496094,22147000.0
2016-11-03,52.96019453950249,53.05805534654334,52.5865478875675,52.67551040649414,21600400.0
2016-11-04,52.17733290360541,52.73780307521218,52.061678874067496,52.230709075927734,28697000.0
2016-11-07,53.1826152584969,53.84094957365535,53.1826152584969,53.751983642578125,31664800.0
2016-11-08,53.86763235685249,54.0722488876459,53.51177884866075,53.79646301269531,22935400.0
2016-11-09,53.378334547629,53.903221639762144,52.6666240990679,53.529571533203125,49632500.0
2016-11-10,53.80536177291161,53.81426006263475,51.26989219432402,52.221805572509766,57822400.0
2016-11-11,51.8036694840329,52.59544751227927,51.6079478523485,52.50648498535156,38767800.0
2016-11-14,52.50647527182153,52.55985481432483,50.95850247624818,51.7057991027832,41328400.0
2016-11-15,52.24318946467567,53.28214180318017,52.234231064508755,52.726837158203125,35904100.0
2016-11-16,52.78954746927516,53.43441580154248,52.67311556666101,53.42546081542969,27332500.0
2016-11-17,54.106150209714876,54.58980143836419,53.71206592153548,54.31214904785156,32132700.0
2016-11-18,54.437535586874276,54.75996971703068,54.00762455220881,54.052406311035156,27686300.0
2016-11-21,54.186740304238086,54.60769623959205,54.11508677625091,54.50917434692383,19652600.0
2016-11-22,54.61666750556012,54.86744809502582,54.46440883813574,54.74205780029297,23206700.0
2016-11-23,54.643526068417685,54.72413458865039,53.96283455494168,54.09718322753906,21848900.0
2016-11-25,54.00762042401916,54.213619232177734,53.85536177232196,54.213619232177734,8409600.0
2016-11-28,54.04346031188069,54.65250189974781,53.92702498626881,54.28528594970703,20732600.0
2016-11-29,54.32109903095658,55.00179058988012,54.20466373470676,54.71518325805664,22366700.0
2016-11-30,54.50918544787827,54.79579278493884,53.93597077375712,53.97179412841797,34655400.0
2016-12-01,53.8374477706146,53.87327454117879,52.789536939699964,53.02240753173828,34542100.0
2016-12-02,52.91493722342666,53.26423973833576,52.664153214889126,53.067195892333984,25515700.0
2016-12-05,53.470232533551474,54.26735939638333,53.34484225175262,53.935970306396484,23552700.0
2016-12-06,54.12406389878932,54.150932272765,53.55980412889397,53.69415283203125,19907000.0
2016-12-07,53.74788237026006,54.97492367220594,53.559796944401135,54.965965270996094,30809000.0
2016-12-08,54.903266938547134,55.154050908414646,54.491269339189564,54.64352798461914,21220800.0
2016-12-09,54.79581239570802,55.52128939913597,54.75103062388337,55.50337600708008,27349400.0
2016-12-12,55.36901175625065,55.79892279520692,55.27944823770406,55.68248748779297,20198100.0
2016-12-13,55.97805934271034,56.80205473625283,55.745192119161686,56.4079704284668,35718900.0
2016-12-14,56.42589348084795,56.82893626046575,56.0049373091771,56.139286041259766,30352700.0
2016-12-15,56.15718623048804,56.560228915348574,55.798925306916594,56.04970932006836,27669900.0
2016-12-16,56.3811004746442,56.3811004746442,55.63771022740558,55.798927307128906,42453100.0
2016-12-19,56.031792699275165,57.11552697643632,55.906398991619625,56.981178283691406,34338200.0
2016-12-20,57.04387592163415,57.14239784506793,56.45274779766076,56.90953063964844,26028400.0
2016-12-21,56.81100871621465,57.05283432374412,56.53335633350392,56.90953063964844,17096300.0
2016-12-22,57.178215056411545,57.41108222288082,56.79308582920451,56.91847610473633,22176600.0
2016-12-23,56.82891259223243,56.90952111458397,56.246739551179196,56.64082717895508,12403800.0
2016-12-27,56.61396729413059,57.38422591037119,56.61396729413059,56.67666244506836,11763200.0
2016-12-28,56.784147100074506,56.784147100074506,56.273627451195885,56.41693115234375,14653300.0
2016-12-29,56.300484568052546,56.60500529917004,56.18404926645876,56.33631134033203,10250600.0
2016-12-30,56.39007556972115,56.41694737034407,55.55712149965574,55.655643463134766,25579900.0
2017-01-03,56.237794767460144,56.28257652874923,55.64666663520782,56.04970932006836,20694100.0
2017-01-04,55.960144386852235,56.20197000643723,55.63771022740558,55.798927307128906,21340000.0
2017-01-05,55.7004053787836,56.121361466575564,55.55710168754392,55.798927307128906,24876000.0
2017-01-06,55.798914938594045,56.56021840556378,55.566047773183584,56.28256607055664,19922900.0
2017-01-09,56.210923872580544,56.497534665979806,56.01388343644469,56.10344696044922,20382700.0
2017-01-10,56.18405124631842,56.48857198816686,55.781008585544136,56.08552932739258,18593000.0
2017-01-11,56.076571920348314,56.631873219748506,55.91535486300164,56.596046447753906,21517300.0
2017-01-12,56.479634275732295,56.784155110709484,55.485463213994116,56.07659149169922,20968200.0
2017-01-13,56.08552724171348,56.30943944308033,55.84370165424179,56.15718078613281,19422300.0
2017-01-17,56.13927730003094,56.15719068929475,55.5571041071609,56.00492858886719,20664000.0
2017-01-18,56.13031271365564,56.157184502905935,55.63770652137114,55.97805404663086,19670100.0
2017-01-19,55.74519055830747,56.407968849054924,55.70936378134017,55.798927307128906,18451700.0
2017-01-20,56.1303289144102,56.264677649550556,55.86163486075974,56.19302749633789,30213500.0
2017-01-23,56.15718938833191,56.53336030426841,56.04075406912936,56.39005661010742,23097600.0
2017-01-24,56.605005659788134,57.08865683875521,56.372135055116985,56.8916130065918,24672900.0
2017-01-25,57.27673767947932,57.41108294067362,56.82891330890736,57.034912109375,23672700.0
2017-01-26,57.42901642329751,57.805187363861,56.91849334925738,57.563358306884766,43554600.0
2017-01-27,58.56647282364361,59.03221401305373,58.118648436349645,58.915775299072266,44818000.0
2017-01-30,58.83517856646744,58.92474209002701,58.038051590247285,58.33361053466797,31651400.0
2017-01-31,58.09178340099823,58.351522380529126,57.55439547205009,57.9036979675293,25270500.0
2017-02-01,57.64395559683248,57.87682619120503,56.846828735248025,56.945350646972656,39671500.0
2017-02-02,56.649797631421364,56.79310133066175,56.20197314421645,56.57814407348633,45827000.0
2017-02-03,56.873695062638795,57.052825494193335,56.48856583061661,57.034912109375,30301800.0
2017-02-06,56.873694197464175,57.00804287324354,56.55126010889669,56.99908447265625,19796400.0
2017-02-07,57.088672334817765,57.124495700420255,56.63188940292847,56.81101989746094,20277200.0
2017-02-08,56.93640274600191,57.15135999455471,56.62292698418486,56.730403900146484,18096400.0
2017-02-09,56.89161921370261,57.715617988136614,56.71248874824918,57.375267028808594,22644400.0
2017-02-10,57.54543395340443,57.590219125581825,57.30360837348803,57.3215217590332,18170700.0
2017-02-13,57.53648186479386,58.09178662773126,57.4379599418008,57.96639633178711,22920100.0
2017-02-14,58.03848630752008,58.31781852358689,57.68705926594893,58.182655334472656,23108400.0
2017-02-15,58.11957899763492,58.18265423473797,57.81321552447305,58.146610260009766,17005200.0
2017-02-16,58.33583837690559,58.78637776755911,58.0655188673248,58.13759994506836,20546300.0
2017-02-17,58.09255134361924,58.290789779595116,57.93936959752357,58.22771453857422,21248800.0
2017-02-21,58.21870092948075,58.52506441695611,58.07452502383194,58.11056900024414,20655900.0
2017-02-22,57.96641126649444,58.020473804306334,57.71411025712304,57.99344253540039,19292700.0
2017-02-23,58.04749465373902,58.32683375656216,57.84025037953564,58.22771453857422,20273100.0
2017-02-24,58.14661387172696,58.389908997583056,57.79519368965542,58.22771453857422,21796800.0
2017-02-27,58.155633071060514,58.155633071060514,57.71410633466829,57.87630081176758,15871500.0
2017-02-28,57.74111852865993,57.849243561219254,57.45277021335273,57.65100860595703,23239800.0
2017-03-01,57.786185134784056,58.56111350862169,57.68706590966393,58.51606369018555,26937500.0
2017-03-02,58.29079251205867,58.34485504270065,57.56091741230496,57.67805862426758,24539600.0
2017-03-03,57.66003483299511,57.92134507673209,57.32663319685477,57.89431381225586,18135900.0
2017-03-06,57.64201870988013,58.17365196450708,57.49784622243109,57.91233825683594,18750300.0
2017-03-07,57.84025804701896,58.371891309714975,57.84025804701896,58.029483795166016,18521000.0
2017-03-08,57.903316436175515,58.64220066008693,57.894303724691895,58.561100006103516,21510900.0
2017-03-09,58.74133106874663,58.75033690726376,58.10156592504992,58.32683563232422,19846800.0
2017-03-10,58.66924402730085,58.804407228710154,58.34485509379291,58.507049560546875,19538200.0
2017-03-13,58.579129926134236,58.74132437186798,58.18265308663282,58.30880355834961,20100000.0
2017-03-14,58.146603888970624,58.16462931170233,57.80419647859763,58.03847885131836,14280200.0
2017-03-15,58.16463943692841,58.49803419397249,57.89431304637069,58.344852447509766,24833800.0
2017-03-16,58.344842926415765,58.35385563787978,57.93936028143419,58.245723724365234,20674300.0
2017-03-17,58.48903546703147,58.78638628317512,58.28178429244745,58.4529914855957,49219700.0
2017-03-20,58.48903100854577,58.73231927133372,58.31782382844825,58.507049560546875,14598100.0
2017-03-21,58.74132511090839,59.020657319697776,57.786176974154834,57.8582649230957,26640500.0
2017-03-22,57.77717082323475,58.69626810584856,57.77717082323475,58.59714889526367,20680000.0
2017-03-23,58.51606673443666,58.78638628317512,58.36287809466303,58.4529914855957,19269200.0
2017-03-24,58.894493242816196,58.97558701062956,58.35384750000957,58.552085876464844,22617100.0
2017-03-27,58.236716804523425,58.76835683881901,57.984415855916126,58.66022491455078,18614700.0
2017-03-28,58.53407850087455,58.993630617538045,58.25474627049367,58.83143615722656,20080400.0
2017-03-29,58.67824945983669,59.02065690285976,58.52506085074795,58.99362564086914,13618400.0
2017-03-30,58.94856338181184,59.45317209844646,58.89450086294133,59.209877014160156,15122800.0
2017-03-31,59.15582888968921,59.642412301977764,58.97560899179373,59.345054626464844,21040300.0
2017-04-03,59.299991318898314,59.417135958135404,58.7413268844521,59.06571578979492,20400900.0
2017-04-04,58.921550124094175,59.30000162118131,58.82243089275899,59.22792053222656,12997400.0
2017-04-05,59.741529391078686,59.78657920792716,58.96660104455123,59.07472610473633,21448600.0
2017-04-06,59.110775872637745,59.52527135154554,59.00265080186233,59.22792053222656,18103500.0
2017-04-07,59.336027790073025,59.43514699165221,58.966589118019776,59.18284606933594,14108500.0
2017-04-10,59.119786936238135,59.309012679498835,58.89451721216306,59.047698974609375,17952700.0
2017-04-11,59.11076864275564,59.1197813557801,58.43495953432165,59.00264358520508,18791500.0
2017-04-12,58.94857839385865,59.029679067502286,58.669246142312616,58.77737808227539,17108500.0
2017-04-13,58.831417574813955,59.34503205778979,58.525047302246094,58.525047302246094,17896500.0
2017-04-17,58.6061667083577,59.01164942354379,58.57913544397006,59.00264358520508,16689300.0
2017-04-18,58.86748059237545,59.20988806694719,58.714298843858025,58.92154312133789,15155600.0
2017-04-19,59.155829316139766,59.245935828393996,58.47100744857242,58.606170654296875,26992800.0
2017-04-20,58.98461642403881,59.24593009657533,58.69627148790982,59.020660400390625,22299500.0
2017-04-21,59.17385150905236,60.101961704271474,58.97561304508583,59.831642150878906,32522600.0
2017-04-24,60.8048075099022,60.96700198772468,60.46239312634004,60.849857330322266,29770000.0
2017-04-25,61.18326394653318,61.30941445340687,60.912937503411264,61.2012825012207,30242700.0
2017-04-26,61.34545941470921,61.55270373300869,60.93096390342313,61.12018966674805,26190800.0
2017-04-27,61.40850704948785,61.61575127457524,60.89489253013194,61.516632080078125,34971000.0
2017-04-28,62.09334435786099,62.300588635207795,60.994027105092016,61.6878547668457,39548800.0
2017-05-01,61.88608238929573,62.67002329515842,61.72388795617533,62.54387283325195,31954400.0
2017-05-02,62.814201914353546,62.814201914353546,62.29157456382933,62.44476318359375,23906100.0
2017-05-03,62.51685964954326,62.51685964954326,61.91313835880277,62.24654006958008,28928000.0
2017-05-04,62.20148862226502,62.24654532674123,61.850068326351824,62.00325012207031,21749400.0
2017-05-05,62.08432435131196,62.201462108456276,61.714878781211894,62.17443084716797,19128800.0
2017-05-08,62.147384953654424,62.21947288324055,61.651789031104016,62.12035369873047,18566100.0
2017-05-09,62.048277671593446,62.42672906249224,61.88608323625329,62.210472106933594,22858400.0
2017-05-10,62.16539436496412,62.67900875710582,62.102319154514525,62.453739166259766,17977800.0
2017-05-11,61.59774826040423,61.93114989639203,61.381491270007544,61.6878547668457,28789400.0
2017-05-12,61.82301576257309,61.82301576257309,61.30940113199017,61.61576461791992,18714100.0
2017-05-15,61.39951393823745,61.70588433030341,60.88589925492902,61.66082763671875,31530300.0
2017-05-16,61.83302149695851,62.92957573586278,61.76958470343816,62.90238952636719,34956000.0
2017-05-17,62.43112406965701,62.62143440516845,61.10800917937013,61.153324127197266,30548800.0
2017-05-18,61.08082965270565,61.742383713114634,60.845204343612224,61.36176300048828,25201300.0
2017-05-19,61.171454659149006,61.71519953996763,61.10801787162168,61.34364318847656,26961100.0
2017-05-22,61.52489623603985,62.07770555395425,61.17146167725419,62.03239059448242,16237600.0
2017-05-23,62.277068601623625,62.30425480655742,61.96894214616217,62.24081802368164,15425800.0
2017-05-24,62.413006152557884,62.42206361141901,62.032378543577636,62.3223762512207,14593900.0
2017-05-25,62.50361838320495,63.328296413542084,62.44924598303248,63.09267807006836,21854100.0
2017-05-26,63.255811034892325,63.63643171753191,63.00205699904209,63.40080642700195,19827900.0
2017-05-30,63.246750666614105,63.808624267578125,63.22862192014603,63.808624267578125,17072800.0
2017-05-31,63.91735199675962,64.10766229923443,63.26485558022364,63.29204177856445,30436400.0
2017-06-01,63.654556825467495,63.989869490248104,62.93862345845432,63.52768325805664,21603600.0
2017-06-02,63.83581714526254,65.12268171535966,63.65456423209216,65.03205871582031,34770300.0
2017-06-05,65.22237015046085,66.05611282233725,65.07736781756489,65.50330352783203,33316800.0
2017-06-06,65.52141925137823,65.81141694542924,65.49422613379717,65.72078704833984,31511100.0
2017-06-07,65.82955015046537,65.94735935731016,65.20423970577711,65.60298919677734,22301800.0
2017-06-08,65.7117401231081,65.72079758299657,64.79643194569186,65.20423889160156,24588300.0
2017-06-09,65.28580263056224,65.32205321139195,62.159257446391095,63.7270622253418,49187400.0
2017-06-12,62.75736673105039,63.382677001962335,61.74237145152646,63.237674713134766,47761700.0
2017-06-13,63.45518505287779,64.18018282674137,63.40081263976994,64.026123046875,25258600.0
2017-06-14,64.26173826889423,64.43391985472694,62.92049467210153,63.68173599243164,25510700.0
2017-06-15,62.77549759505646,63.627368879299574,62.349568867025575,63.346435546875,26068700.0
2017-06-16,63.19239374403966,63.46426278087809,62.7302073930939,63.437076568603516,48345100.0
2017-06-19,63.8901589534284,64.28890825727721,63.75422106219918,64.22547149658203,23798300.0
2017-06-20,64.18018128904784,64.2254962416128,63.31925250304162,63.35550308227539,21512200.0
2017-06-21,63.62736358786238,63.99892678999262,63.38268085321059,63.68173599243164,19891100.0
2017-06-22,63.9264270133464,63.971735046763285,63.174243134905566,63.67267990112305,22965700.0
2017-06-23,63.51862715615157,64.56987332483575,63.36456736339012,64.53362274169922,27617300.0
2017-06-26,64.70580824674225,64.98674161025284,63.83581503456534,63.91737365722656,19607000.0
2017-06-27,63.536762738249514,63.60019953703824,62.693955603432165,62.72114181518555,25215100.0
2017-06-28,62.721129997914694,63.29206107944425,62.34050927689499,63.25581741333008,25806200.0
2017-06-29,62.875198166014364,62.97488554635505,61.706142726276276,62.068641662597656,28918700.0
2017-06-30,62.331446387893834,62.87519127574275,62.29519580682506,62.467384338378906,24161100.0
2017-07-03,62.82987527857543,63.0745580271903,61.64269136970781,61.778629302978516,16165500.0
2017-07-05,61.860193924330254,62.92956171548945,61.82394334838193,62.60331344604492,21176300.0
2017-07-06,61.86925267180724,62.33143888216512,61.73332165178187,62.14112854003906,21117600.0
2017-07-07,62.258964519021944,63.292082200312386,62.258964519021944,62.94771194458008,16878300.0
2017-07-10,62.94765679257905,63.6635898065712,62.71203160610491,63.418907165527344,15014500.0
2017-07-11,63.437054331995206,64.05330027921248,63.21049342366665,63.4279899597168,17460000.0
2017-07-12,64.06236914659588,64.59704960900523,63.93549558215669,64.47924041748047,17750900.0
2017-07-13,64.79642442141984,65.28579684813963,64.6242359062525,65.04110717773438,20269800.0
2017-07-14,65.46706357537438,66.40049377416742,65.2133163656939,65.95643615722656,25868100.0
2017-07-17,65.97454677798655,66.56359967539545,65.90204561969004,66.47297668457031,21803900.0
2017-07-18,66.23733323473697,66.50920904683656,65.84765517233086,66.42765045166016,26435300.0
2017-07-19,66.60892468715454,67.09829720842468,66.56360972785299,66.93517303466797,22416200.0
2017-07-20,67.22516299380402,67.3339147350482,66.40954221970084,67.26141357421875,42361000.0
2017-07-21,66.56358533164037,67.32483350153073,66.30983824637342,66.87171173095703,46717100.0
2017-07-24,66.63609477595598,66.83546948610118,66.27359593151837,66.69953155517578,21394800.0
2017-07-25,66.88079551101742,67.34297487298188,66.60891960413943,67.2342300415039,22018700.0
2017-07-26,67.37016547578745,67.40641606000878,66.88985733451577,67.10736083984375,16252200.0
2017-07-27,66.84455676350873,67.44267418480457,65.53956324200108,66.30081176757812,36844200.0
2017-07-28,65.85672683769127,66.43672224215486,65.73891764787824,66.1920394897461,18306700.0
2017-07-31,66.42766285856996,66.55453641748926,65.62110655654423,65.8839111328125,23600100.0
2017-08-01,66.24642073817856,66.53641847910762,65.6936114642057,65.77517700195312,22132300.0
2017-08-02,65.7479952667425,65.75705272725942,64.74206402200623,65.48518371582031,26499200.0
2017-08-03,65.421740998542,65.64830194460805,65.11361451656465,65.38549041748047,18214400.0
2017-08-04,65.61205179518664,66.19204726780401,65.46704946998659,65.86579895019531,22579000.0
2017-08-07,65.97455182258973,66.06517482034415,65.48517933780596,65.61205291748047,18705700.0
2017-08-08,65.33110983388667,66.27360418110787,65.02299027191941,65.96548461914062,22044600.0
2017-08-09,65.4761241907915,65.7117495494309,65.29487816974118,65.67549896240234,22213400.0
2017-08-10,65.15891643831247,65.42172791287244,64.66047969102804,64.71485900878906,24734500.0
2017-08-11,64.89611844463627,65.88392085833635,64.59705633414139,65.70267486572266,21443700.0
2017-08-14,66.21017494828158,66.80829922141369,66.11048756942623,66.69048309326172,20096600.0
2017-08-15,67.04578665702347,67.04578665702347,66.54470121626878,66.70869445800781,19181400.0
2017-08-16,66.81801918254338,67.51043586993262,66.66313860603977,67.10045623779297,18150400.0
2017-08-17,67.03668179205917,67.30089351548709,65.96161651611328,65.96161651611328,22977500.0
2017-08-18,65.84316505381624,66.3624757737585,65.53340393532623,66.0436019897461,18761500.0
2017-08-21,66.02540667076792,66.03451933947316,65.32387714998549,65.7338638305664,17734800.0
2017-08-22,65.91607944551839,66.72693323559157,65.91607944551839,66.654052734375,14343700.0
2017-08-23,66.47180625383956,66.64491214242777,66.0800450513532,66.2531509399414,13766500.0
2017-08-24,66.27137187579713,66.38070301242638,65.66095533587043,66.22582244873047,17098300.0
2017-08-25,66.38070488267013,66.82712820569441,66.03450003331442,66.3442611694336,12794300.0
2017-08-28,66.562943932899,66.59027499135944,66.09830203721071,66.35340118408203,14569700.0
2017-08-29,65.82495730985785,66.65403623318191,65.64274567553059,66.55381774902344,11478400.0
2017-08-30,66.51738691749776,67.61067083710515,66.35339363446369,67.42845916748047,16897800.0
2017-08-31,67.44667339105037,68.29397080927362,67.23713067900859,68.12086486816406,27652800.0
2017-09-01,68.06619993080908,68.0935309833365,67.09135300206717,67.36467742919922,21736200.0
2017-09-05,66.81802488847892,67.31911732693199,66.4900453253161,67.06401824951172,21556000.0
2017-09-06,67.18245711148896,67.45578153163974,66.82713953585018,66.87269592285156,16535800.0
2017-09-07,67.12776881241734,67.96595317909778,67.05488140202965,67.72907257080078,17471200.0
2017-09-08,67.71998925473027,67.8202077394271,67.27355893165222,67.40111541748047,14703800.0
2017-09-11,67.70175356915978,68.2757333393772,67.70175356915978,68.11174011230469,17910400.0
2017-09-12,68.11173629621888,68.54904690995959,67.75641881595696,68.03884887695312,14394900.0
2017-09-13,68.26662945202658,68.53995384926955,67.92042457298989,68.521728515625,13380800.0
2017-09-14,68.33041453113506,68.77683795981163,67.89309681972695,68.12086486816406,15733900.0
2017-09-15,68.17553560327664,68.68573382002735,67.48311877273684,68.61284637451172,38578400.0
2017-09-18,68.53994816148617,69.21413948089543,68.36684226086892,68.4761734008789,23307000.0
2017-09-19,68.52173544268749,68.97727151685848,68.33952379339064,68.73128509521484,16093300.0
2017-09-20,68.64927750276016,68.83149608311913,67.7017617376778,68.27574157714844,21587900.0
2017-09-21,68.43061526054233,68.54905211264304,67.5195433033533,67.61064910888672,19186100.0
2017-09-22,67.41021405243934,67.88397537595385,67.28266453093796,67.7928695678711,14111400.0
2017-09-25,67.50131687577412,67.64709172300279,66.43536437139177,66.74513244628906,24149200.0
2017-09-26,67.11866832818978,67.24621784405123,66.4991391293225,66.74513244628906,18019600.0
2017-09-27,67.00934402630428,67.5742041810076,66.66313224020632,67.28266143798828,19565100.0
2017-09-28,67.00023264706378,67.39199386716737,66.79068303824806,67.30088806152344,10883800.0
2017-09-29,67.36467530386156,67.91131718995035,67.3100062496026,67.86576080322266,17079100.0
2017-10-02,68.06621112603025,68.33953559811748,67.69267509516978,67.97510528564453,15304800.0
2017-10-03,68.02975544765644,68.22107976413203,67.59244471026335,67.65621948242188,12190400.0
2017-10-04,67.50133241022351,68.07531231462043,67.15512749477233,68.04798126220703,13317700.0
2017-10-05,68.53086049910584,69.35082697102892,68.2939797514547,69.21416473388672,21195300.0
2017-10-06,68.9408453009796,69.26883191373322,68.82240839395826,69.24150085449219,13959800.0
2017-10-09,69.21414873358059,69.7425722212115,69.11393024623926,69.50569152832031,11386500.0
2017-10-10,69.54213524652884,69.81545270670004,69.36902932277046,69.50569152832031,13944500.0
2017-10-11,69.56945289891333,69.66055870142412,69.19591007241375,69.62411499023438,15388900.0
2017-10-12,69.68786885916936,70.41672896264494,69.57854470929558,70.26184844970703,16876500.0
2017-10-13,70.69008195642645,70.94518798700959,70.41676449290884,70.5989761352539,15335700.0
2017-10-16,70.5352013321286,70.8905189001842,70.47142656224499,70.7447509765625,12380100.0
2017-10-17,70.58074691770199,70.71740910394833,70.38030997133102,70.69007110595703,16824000.0
2017-10-18,70.76297509520326,70.92696836689842,70.48965760966409,70.70831298828125,13300700.0
2017-10-19,70.67184510701672,70.99983153828255,70.47140818225128,70.98161315917969,15092800.0
2017-10-20,71.35517416510704,71.94737248312798,71.26406833562595,71.80159759521484,22866400.0
2017-10-23,71.96558451346678,72.28445836395589,71.75604181925765,71.81981658935547,20627200.0
2017-10-24,71.88359643129226,72.15691391488348,71.48272244757686,71.84715270996094,17517200.0
2017-10-25,71.59203907176,72.06579345099294,71.07272831238281,71.63758850097656,20410800.0
2017-10-26,72.1568864726162,72.35732338824495,71.74690692768571,71.75601959228516,32120700.0
2017-10-27,76.86713858357216,78.53439487522664,76.17472199440942,76.35693359375,71066700.0
2017-10-30,76.25671893543799,76.83069870877412,75.71918982490189,76.42982482910156,31756700.0
2017-10-31,76.85805502745629,76.85805502745629,75.71921472293724,75.78298950195312,27086600.0
2017-11-01,76.23852562376074,76.31141307147307,75.50966504849671,75.78298950195312,22307400.0
2017-11-02,75.9378602707874,76.949150886174,75.72831757444095,76.57561492919922,23992900.0
2017-11-03,76.60293068112179,77.02202294103922,75.98340148147705,76.6575927734375,17633500.0
2017-11-06,76.71225101879125,77.16778696771739,76.60292683964224,76.95824432373047,19860900.0
2017-11-07,77.23157515167057,77.3500189675798,76.46627796084859,76.77603912353516,17939700.0
2017-11-08,76.6575964895383,77.08580143590872,76.37516639764618,77.04024505615234,18034200.0
2017-11-09,76.63028588401042,76.77605382644623,75.52788931892087,76.612060546875,21178400.0
2017-11-10,76.33872603391788,76.62115613820359,75.82852792271069,76.41161346435547,19397800.0
2017-11-13,76.22029167901616,76.47539074300822,76.03807309693028,76.46627807617188,14196900.0
2017-11-14,76.07452247979913,76.62116436491733,75.60076803294433,76.57561492919922,18801300.0
2017-11-15,76.42908823561457,76.63053177776335,75.71488439405806,75.98042297363281,19383100.0
2017-11-16,76.09031377386589,76.38332072493459,75.94381379124992,76.18187713623047,20962800.0
2017-11-17,76.1086387949125,76.1086387949125,75.30286435373576,75.44937133789062,22079000.0
2017-11-20,75.44938869752136,75.62335704893556,75.31204011473396,75.56842041015625,16315000.0
2017-11-21,75.76068227634396,76.76789326321833,75.76068227634396,76.65802001953125,21237500.0
2017-11-22,76.75871634440725,76.82281137723375,76.03535412488834,76.09944915771484,20553100.0
2017-11-24,76.00791212692603,76.39248245697222,75.7973100971367,76.23682403564453,7425600.0
2017-11-27,76.28258941073238,76.89607853227055,76.27343796572373,76.79535675048828,18265200.0
2017-11-28,76.97848160223707,77.88497063065476,76.93269643495067,77.72015380859375,21926000.0
2017-11-29,77.56450592690575,77.75679108105835,76.16356624248208,76.31006622314453,27381100.0
2017-11-30,76.46571420720832,77.39051302573286,76.31004884429507,77.07003784179688,33054600.0
2017-12-01,76.54815021318605,77.65608314819325,76.20020658440427,77.15248107910156,29532100.0
2017-12-04,77.29894312772383,77.30810155672648,73.89273406552117,74.24068450927734,39094900.0
2017-12-05,74.47876786257568,75.70573920395341,74.14914117376347,74.70767974853516,26152300.0
2017-12-06,74.67107471598771,76.12695124451984,74.56119447416279,75.79731750488281,26162100.0
2017-12-07,75.57755397330278,75.81562430606475,75.08310342949109,75.53176879882812,23184500.0
2017-12-08,76.5755987785424,77.4454681049092,76.30090871692876,77.06089782714844,24489100.0
2017-12-11,77.17993087398924,78.16883187955592,77.02427247103047,78.04064178466797,22857900.0
2017-12-12,78.11387816026986,78.79146227215834,77.90328316844572,78.3611068725586,23924100.0
2017-12-13,78.5076223255534,78.7456926547299,77.98570347925204,78.15052032470703,22062700.0
2017-12-14,78.22377323878445,78.626660410482,77.39968901751064,77.54619598388672,19306000.0
2017-12-15,78.06809561320014,79.74372496726156,77.7201451466087,79.52397155761719,53936700.0
2017-12-18,79.77121210430296,80.11915563673871,78.95628639440758,79.0936279296875,22283800.0
2017-12-19,79.06616048323895,79.06616048323895,78.07725950344386,78.59002685546875,23524800.0
2017-12-20,78.92880815395435,79.02037848850262,77.56449539638105,78.30616760253906,23674900.0
2017-12-21,78.79148130496277,78.837259494931,78.19630894867964,78.28787231445312,17990700.0
2017-12-22,78.19631341343234,78.40690846815193,77.75679945245302,78.29703521728516,14145800.0
2017-12-26,78.11387716417622,78.31532070915075,77.85749701087597,78.1962890625,9891200.0
2017-12-27,78.42519645143929,78.72736175171636,78.0314678138817,78.48013305664062,14678000.0
2017-12-28,78.6541280611354,78.68159637064157,78.33365280716896,78.48931121826172,10594300.0
2017-12-29,78.4068983357041,78.79147562155148,78.2878666673683,78.32449340820312,18717400.0
2018-01-02,78.8647222365954,79.02953907768298,78.28786678570712,78.69990539550781,22483800.0
2018-01-03,78.80063109352733,79.21267670959426,78.71822616181606,79.06616973876953,26061400.0
2018-01-04,79.28592899804063,80.26567871883219,79.26761911826912,79.76206970214844,21912000.0
2018-01-05,80.265691960758,80.95242783180143,80.05508988653574,80.75098419189453,23407100.0
2018-01-08,80.76011291181304,81.10806345948694,80.21072576676166,80.83336639404297,22113000.0
2018-01-09,81.17214817920929,81.24540165211627,80.4487858523832,80.7784194946289,19484300.0
2018-01-10,80.44880478462373,80.75097019209767,80.03676612776825,80.41217803955078,18652200.0
2018-01-11,80.69599332202112,80.69599332202112,79.88106779107896,80.65021514892578,17808900.0
2018-01-12,81.19045506613674,82.2068242613455,80.98901151597495,82.04200744628906,24271500.0
2018-01-16,82.49985195610911,83.13165107075305,80.58615171876326,80.89746856689453,36599700.0
2018-01-17,81.56586173214062,82.66463567856403,81.26369645183215,82.53644561767578,25621200.0
2018-01-18,82.22516492743921,83.02177394264803,82.09697481037486,82.4998550415039,24159700.0
2018-01-19,82.53647715821474,82.96683266386778,82.09697020602567,82.40828704833984,36875000.0
2018-01-22,82.40828361859657,83.89163523863255,82.17021328766411,83.88247680664062,23601600.0
2018-01-23,84.14798736572266,84.51424767896594,83.81835378238712,84.14798736572266,23412800.0
2018-01-24,84.74317855349946,85.54894583512001,83.85499936459995,84.07475280761719,33277500.0
2018-01-25,84.669922875332,85.37496835518543,84.17547240202465,84.54173278808594,26383200.0
2018-01-26,85.26508963892228,86.12579345703125,84.77063919745439,86.12579345703125,29172200.0
2018-01-29,87.11471853042764,87.3985670718956,85.81450051912867,85.99762725830078,31569900.0
2018-01-30,85.42994281301148,85.75957658095382,84.33116125792421,84.91717529296875,38635100.0
2018-01-31,85.84197886944436,87.35279909471421,85.62222535957326,86.99569702148438,48756300.0
2018-02-01,86.79422913995393,87.96625684621124,85.68629648057518,86.3089370727539,47227900.0
2018-02-02,85.74123672977026,86.04340210036129,83.78175151548805,84.03813171386719,47867800.0
2018-02-05,82.92103597254027,85.37497156996687,80.57698059082031,80.57698059082031,51031500.0
2018-02-06,79.56061371472502,83.76343953076176,78.05895231699519,83.62609100341797,67998600.0
2018-02-07,82.85696842512506,84.02899650495843,81.67578191115093,82.05120086669922,41107600.0
2018-02-08,82.14274372076396,82.29840213306117,77.61029098542112,77.83920288085938,55628700.0
2018-02-09,79.02039104901253,81.42854173352961,76.75874034855495,80.74180603027344,63499100.0
2018-02-12,81.25456183184346,82.20683612449804,80.51288954997754,81.61166381835938,35720300.0
2018-02-13,81.42855539121268,82.40829821275301,80.39387593966535,82.25263977050781,26407700.0
2018-02-14,81.42466471757812,83.70613365602746,81.33267124756276,83.54054260253906,34960900.0
2018-02-15,83.90854716036867,85.2976721108339,83.36578062118154,85.24247741699219,27823900.0
2018-02-16,85.04925855104912,86.01520753943402,84.45129748254143,84.63528442382812,30596900.0
2018-02-20,84.15691866030133,85.61043241886618,83.72454160466629,85.29765319824219,30911700.0
2018-02-21,85.53684358982747,85.88642161151672,84.1661148071289,84.1661148071289,26922500.0
2018-02-22,84.68129283048728,85.30685831726987,84.04652589015791,84.38690948486328,24392800.0
2018-02-23,86.10720465124793,86.53958170207245,84.96647012599861,86.53038024902344,26329200.0
2018-02-26,86.84315720025525,87.80909910756385,86.70516349388218,87.78150177001953,30199800.0
2018-02-27,88.07589401810351,88.16788749214969,86.65917205810547,86.65917205810547,25869100.0
2018-02-28,87.24792507990291,88.04828291820002,86.13478807499727,86.26358032226562,31167300.0
2018-03-01,86.46595412693392,86.99952592028794,84.48806352650075,85.4172134399414,37135600.0
2018-03-02,84.24890113471719,85.69322027018512,83.58653696735456,85.60122680664062,32830400.0
2018-03-05,84.94806857776953,86.72357003738908,84.8744780081578,86.14400482177734,23901600.0
2018-03-06,86.78797706604786,86.9259708067008,85.50005420302891,85.8496322631836,22175800.0
2018-03-07,85.70244360143465,86.42000262638204,85.03087781067562,86.34640502929688,26716100.0
2018-03-08,86.72357812517424,87.48713738265516,86.26360368360544,86.87077331542969,25887800.0
2018-03-09,87.66191558553328,88.81185150146484,87.39512961079893,88.81185150146484,36937300.0
2018-03-12,88.77505442556539,89.42821719619918,88.35187884256258,89.0234375,26073700.0
2018-03-13,89.23504312252253,89.45582889286054,86.4475990840509,86.85237884521484,35387800.0
2018-03-14,87.50551983015717,87.77230578612534,86.01520046122678,86.3371810913086,32132000.0
2018-03-15,86.04280189209283,87.00875084694823,85.39884060129032,86.6407699584961,27611000.0
2018-03-16,87.1007658735634,87.74472732375912,86.40160271431277,87.02716827392578,49081300.0
2018-03-19,86.23598787747358,86.3831830362154,84.73647404571153,85.45403289794922,33344100.0
2018-03-20,85.60122176158693,86.26357887126103,85.5552215232001,85.67481231689453,23075200.0
2018-03-21,85.49082495985651,86.52116993401089,84.82846083494661,85.07685089111328,24457100.0
2018-03-22,83.9637159038363,84.40529437405445,82.4826049338326,82.6021957397461,38604700.0
2018-03-23,82.3354067527055,83.21855664211645,80.10913263448298,80.20112609863281,44068900.0
2018-03-26,83.35654590033711,86.47517119359267,83.16335753033422,86.27278137207031,56396800.0
2018-03-27,87.33992013127437,87.52390703918236,81.42465050143925,82.30780029296875,56569000.0
2018-03-28,82.62979300951763,83.92692406205171,81.75584454080649,82.23421478271484,52501100.0
2018-03-29,82.96098896404732,84.90208163156933,81.3234811065896,83.96372985839844,45867500.0
2018-04-02,83.22776506388908,83.60494040408472,80.50471758883897,81.4338607788086,48515400.0
2018-04-03,82.4090117877476,82.8413888288893,80.85429613393647,82.52860260009766,37213800.0
2018-04-04,80.81751415046675,85.33446688050307,80.70712476799972,84.93888854980469,35560000.0
2018-04-05,85.04007261346732,85.61963785321196,84.08332498215286,84.98487091064453,29771900.0
2018-04-06,84.16611129682583,85.05846272983517,82.31701931607986,83.0069808959961,38026000.0
2018-04-09,83.75211317261595,85.71160097173346,83.36573648298435,83.50372314453125,31533900.0
2018-04-10,84.99404377672576,85.81279740357678,84.30408238205466,85.44481658935547,26812000.0
2018-04-11,84.64447868892483,85.82201185793431,84.15690701913041,84.50648498535156,24872100.0
2018-04-12,85.03085614503381,86.62237043788413,85.03085614503381,86.08879852294922,26758900.0
2018-04-13,86.52119676997754,86.6407876001484,85.0400784808973,85.62884521484375,23346100.0
2018-04-16,86.5395906833997,87.08236417118624,85.94162250889526,86.63158416748047,20288100.0
2018-04-17,87.39513354696484,88.81185550143812,87.28473716734865,88.37947845458984,26771000.0
2018-04-18,88.51748925802643,88.97746373388925,87.87352078062638,88.71987915039062,21043300.0
2018-04-19,88.71985979673535,89.2994249831789,87.70791055566441,88.41627502441406,23552500.0
2018-04-20,88.23229072969653,88.41627767796653,86.52118543990717,87.39513397216797,31154400.0
2018-04-23,88.07588912206826,88.58186372917395,87.0547454740199,87.71710968017578,22331800.0
2018-04-24,88.53586989831345,88.74746120897072,85.01247135429568,85.66563415527344,34524800.0
2018-04-25,85.83122555371904,85.83122555371904,83.05297625678179,84.92047119140625,33729300.0
2018-04-26,86.06120796038577,87.53312454965037,85.64722681366479,86.71437072753906,42529000.0
2018-04-27,89.78699803469455,90.06298547157677,86.39239186549489,88.14949035644531,48272800.0
2018-04-30,88.618684064662,88.68308021043526,85.69324612203495,86.03362274169922,41523600.0
2018-05-01,85.74842481613834,87.66191996021601,85.36204801358001,87.39513397216797,31408900.0
2018-05-02,87.38591110259806,87.55150212291885,85.7300079180406,86.0243911743164,27471000.0
2018-05-03,85.51843005399547,87.33073011055954,85.04925425317623,86.5395736694336,31142500.0
2018-05-04,85.84962598476643,87.73552392557835,85.48164504282109,87.5423355102539,22531300.0
2018-05-07,87.55152230252355,88.968244243217,87.4871261697035,88.51747131347656,24242000.0
2018-05-08,88.17713389511562,88.4623229342871,87.45037314796207,88.14033508300781,23484600.0
2018-05-09,88.32427229951794,89.20742216575728,87.44112243327861,89.17982482910156,27327400.0
2018-05-10,89.65819297601226,90.10896584119159,89.28101768598701,90.07217407226562,22388100.0
2018-05-11,89.9709906633697,90.03538679519943,89.27182764732414,89.87899017333984,16778300.0
2018-05-14,90.08137649098768,90.78974093200358,89.52020721332894,90.18257141113281,19454100.0
2018-05-15,89.45581373206078,90.01698302633103,88.62785846029713,89.52941131591797,24594000.0
2018-05-16,89.95443225728631,89.99139055251511,89.27072141823857,89.76040649414062,17384700.0
2018-05-17,89.40008921758864,90.12075849124754,88.54082807228562,88.86420440673828,17246700.0
2018-05-18,88.70709561782752,89.55711502960776,88.70709561782752,89.03047180175781,17865800.0
2018-05-21,89.62181762979566,90.5549952304034,89.43703319658043,90.17617797851562,19422500.0
2018-05-22,90.2500871772454,90.70281393588282,89.80659470516018,90.08377838134766,15441200.0
2018-05-23,89.35385333447184,91.22020807757163,88.9935188437979,91.15553283691406,21251200.0
2018-05-24,91.22021949127985,91.41424523752954,89.4462567201463,90.83216094970703,26649300.0
2018-05-25,90.82294589655949,91.45122289563655,90.41641164742877,90.87837982177734,18363900.0
2018-05-29,90.39790292567625,91.35879729733769,89.83430840051433,90.55497741699219,28671000.0
2018-05-30,90.83215861403677,91.70066083126555,90.46258980158247,91.42347717285156,22158500.0
2018-05-31,91.73762917085848,92.38438171256918,91.10935225216495,91.32185363769531,34140900.0
2018-06-01,91.72836690462985,93.18818750748015,91.62673337854075,93.1235122680664,28655600.0
2018-06-04,93.55779712145498,94.11215752369439,93.17897983299517,93.93660736083984,27281600.0
2018-06-05,94.24150306907862,94.54640374137412,93.80725187806524,94.41705322265625,23514400.0
2018-06-06,94.68497195238665,94.79583976984513,94.14908733776119,94.69420623779297,21122900.0
2018-06-07,94.84204353817073,94.87900182862973,92.74470461132914,93.20667266845703,28232200.0
2018-06-08,93.40070891124078,94.19529462279282,92.8925482206917,93.8996353149414,22165100.0
2018-06-11,93.32679597918849,93.86267360895476,93.01265401090954,93.36375427246094,23490900.0
2018-06-12,93.40994763417261,93.73332389167138,93.08657137667386,93.60397338867188,18325200.0
2018-06-13,93.98277433450698,94.25071662976582,92.91100515347163,93.17894744873047,29492900.0
2018-06-14,93.91811297365105,94.26920618014844,93.31755305408234,93.70560455322266,25691800.0
2018-06-15,93.78876169458992,93.80723731622108,92.45829136679475,92.51372528076172,65738600.0
2018-06-18,92.40285757606563,93.41918594489863,91.85773157472727,93.18820190429688,23586000.0
2018-06-19,92.07023999367321,93.31755240310798,91.93164815949747,93.18820190429688,28653100.0
2018-06-20,93.65942315680333,94.7219442385856,93.42843908701164,94.12139129638672,26180800.0
2018-06-21,94.31540933031489,94.66650254992344,93.20668165684391,93.44690704345703,23198200.0
2018-06-22,92.77245330810547,93.10506391261723,92.0517770259508,92.77245330810547,38923100.0
2018-06-25,92.39361999923388,92.49525354515895,89.89899507888408,90.90608215332031,35433300.0
2018-06-26,91.30338420917536,92.46754591231142,91.23870895061638,91.54360961914062,26897200.0
2018-06-27,92.00558917431492,92.41211640034832,89.99140752348336,90.12075805664062,31298400.0
2018-06-28,89.97290265122696,91.57131534387281,89.86203482105812,91.12782287597656,26650700.0
2018-06-29,91.40501907730628,92.31047975920272,90.85065870326184,91.10935974121094,28053200.0
2018-07-02,90.63813351641761,92.44904749678177,90.54574131264793,92.4028549194336,19564500.0
2018-07-03,92.83712894046052,92.97571375577682,91.41426609425447,91.51589965820312,14670300.0
2018-07-05,91.93167244874728,92.31972404770762,91.49742120983079,92.1718978881836,18977400.0
2018-07-06,92.29199009858847,93.71485274866468,92.08872299870986,93.46539306640625,19234600.0
2018-07-09,93.91812845822501,94.47248884112079,93.54855251993624,94.10291290283203,18212000.0
2018-07-10,94.24149632953066,94.71270578491907,94.11214582006312,94.35237121582031,19293100.0
2018-07-11,93.456138542304,94.5556177151989,93.40993891736954,94.22300720214844,19644600.0
2018-07-12,94.95292069775363,96.46818255928501,94.91596945273413,96.2649154663086,24335900.0
2018-07-13,96.43121348387548,97.56765094162441,96.17250545414652,97.41058349609375,24635200.0
2018-07-16,97.38284901013678,97.77090041126407,96.56978087550235,96.93012237548828,21786900.0
2018-07-17,96.6529658702344,98.39920471390741,96.38502352794147,97.89103698730469,25901700.0
2018-07-18,97.88179573964037,97.98342927773305,96.75459253466573,97.1241683959961,29493900.0
2018-07-19,96.94860830991279,97.29970146509545,95.98771398885904,96.45892333984375,40171600.0
2018-07-20,99.85903602304926,99.96990386656158,98.01116344104942,98.18670654296875,56004000.0
2018-07-23,98.2144136059551,99.91445270449626,98.05733910629182,99.75738525390625,29707000.0
2018-07-24,100.31175608595214,100.54274014316849,99.10140188184216,99.47097778320312,26316600.0
2018-07-25,99.74814955292823,102.6955082348288,99.41553196284845,102.39984893798828,30702100.0
2018-07-26,102.31671033775042,102.5569357646338,101.1710312272739,101.28190612792969,31372100.0
2018-07-27,101.799281200194,101.799281200194,98.06657845822923,99.48944091796875,37005300.0
2018-07-30,99.03672723917165,99.35086217536963,96.79156190720565,97.35516357421875,34668300.0
2018-07-31,98.389979670546,98.60248813206182,97.3644097609053,98.01116943359375,27655200.0
2018-08-01,97.96497689492584,98.35302849721137,97.40137511819312,98.19596099853516,23628700.0
2018-08-02,97.38286255689052,99.8682457757187,96.8654535676732,99.38780212402344,26104300.0
2018-08-03,99.60031693544255,99.83130096632338,98.6948564327975,99.82205963134766,18659600.0
2018-08-06,99.89598574495463,100.17316237901555,99.37857667304128,99.90522003173828,20265900.0
2018-08-07,100.30250052070821,100.80142685940521,99.94216600649477,100.59815979003906,16080200.0
2018-08-08,101.01397040826363,101.40202201257007,100.48732693125476,101.16179656982422,15487500.0
2018-08-09,101.36503751674164,101.78081302741072,101.26340397296077,101.32807922363281,13677200.0
2018-08-10,101.09711223846054,101.34657899677377,100.13621760270271,100.70906066894531,18183700.0
2018-08-13,100.93080215147646,101.24494416743998,99.87751530508801,99.9791488647461,18472500.0
2018-08-14,100.30251941662388,101.40200583583237,99.82207565685319,101.22645568847656,16788300.0
2018-08-15,100.6235801865173,101.0873260717042,99.07467062828121,99.85376739501953,29982800.0
2018-08-16,100.4473453147394,100.96673835775339,99.51985369438611,99.83519744873047,21384300.0
2018-08-17,99.57550697335473,100.07635332790036,98.95408924827402,99.77955627441406,18061500.0
2018-08-20,99.71464214013496,100.07636336421592,98.75932674955185,99.12104797363281,17914200.0
2018-08-21,99.16742312629798,99.5662448896544,98.17500716764842,98.29558563232422,22881900.0
2018-08-22,98.17500747835648,99.55696830525315,98.11008333417209,99.29727172851562,18000600.0
2018-08-23,99.38074128281376,100.33605664211588,99.1210447279977,99.7610092163086,18167700.0
2018-08-24,99.86304320991796,100.68851036898491,99.76101854295902,100.54011535644531,17234000.0
2018-08-27,101.34701746377063,101.69019194872996,100.64212884911944,101.65309143066406,19662300.0
2018-08-28,101.96843884260409,102.487831925535,101.82931367361901,102.2652359008789,19151500.0
2018-08-29,102.44146693475672,103.90690568355716,102.27451812696678,103.89762878417969,20818000.0
2018-08-30,103.572998458457,104.44484293782575,103.35967932597329,103.83269500732422,22798700.0
2018-08-31,103.59155599160786,104.60251860418799,103.43387701593716,104.18515014648438,23222700.0
2018-09-04,102.81245634256207,103.84197272382418,102.22813910300803,103.61009979248047,22634600.0
2018-09-05,102.96087198057192,103.3411399584528,100.2618673075538,100.62358856201172,32872400.0
2018-09-06,100.40098450343228,101.08732643463688,99.71464257222769,100.85545349121094,23477600.0
2018-09-07,100.3824301395074,100.83689909268796,99.45493843641235,100.36387634277344,22498600.0
2018-09-10,100.94818929690803,101.69018545846832,100.5029972609317,101.44903564453125,20727900.0
2018-09-11,101.00383686639779,103.49878446379816,100.99455996904257,103.17416381835938,24301800.0
2018-09-12,103.35040324156756,103.73994806793692,102.49711255251077,103.61009979248047,18891100.0
2018-09-13,103.99036425815679,105.48362635078028,103.99036425815679,104.72308349609375,26055600.0
2018-09-14,105.14045759891773,105.48363206856341,104.2871669500798,105.14973449707031,19122300.0
2018-09-17,105.44655693348012,105.45582675766401,103.7492450492084,104.00894165039062,20736500.0
2018-09-18,104.05528915718371,105.45579643604427,103.6193669550246,105.00132751464844,22170900.0
2018-09-19,104.85294193356654,105.1033615848136,102.98868159223751,103.60082244873047,21728400.0
2018-09-20,104.13877041369311,105.54856180733915,103.81414972311683,105.33523559570312,23714500.0
2018-09-21,105.73404703048226,106.93051209602378,105.27957810791521,105.9751968383789,71229700.0
2018-09-24,104.83439048828816,106.56880259362794,104.08312444149307,106.35547637939453,27334500.0
2018-09-25,106.476055996929,106.75429927690499,105.50218682651177,106.15142822265625,22668000.0
2018-09-26,106.16997646082729,106.71719316946565,105.49290440355935,105.71550750732422,19352000.0
2018-09-27,106.45750917792628,106.57808764240073,105.91956222802742,106.11434173583984,19091300.0
2018-09-28,105.9102911827507,106.26273552023807,105.43726838218014,106.07723999023438,21647800.0
2018-10-01,106.42967436852095,107.29224194710467,106.41112764773645,107.2273178100586,18883100.0
2018-10-02,106.93980725295837,107.4406465973512,106.14216373973888,106.8006820678711,20787200.0
2018-10-03,107.05107913858328,107.75597473832165,106.59661023437009,106.81920623779297,16648000.0
2018-10-04,106.29981268574655,106.43893784078179,103.53588460828412,104.61177825927734,34821700.0
2018-10-05,104.46341025711808,104.96425673277793,102.61770335555428,103.99966430664062,29068900.0
2018-10-08,103.56372731751917,103.9068947200671,101.41193976584482,102.81245422363281,29640600.0
2018-10-09,103.08143826319898,104.88077462267803,102.76609444723302,104.12023162841797,26198600.0
2018-10-10,103.17420095825126,103.41535084289859,98.11937273856343,98.4625473022461,61376300.0
2018-10-11,97.71124408931723,101.03166590062192,96.64462727464452,98.23064422607422,63904300.0
2018-10-12,101.10588911308855,103.17419198743819,99.35293007291907,101.62528228759766,47742100.0
2018-10-15,101.01312224488908,101.54179221933386,99.19523232540182,99.79810333251953,32068100.0
2018-10-16,101.59746181963615,103.33187419009974,101.05023792846681,102.95159912109375,31610200.0
2018-10-17,103.58228537321527,103.70285676079119,101.60673037012776,102.6826171875,26548200.0
2018-10-18,102.11684371128545,102.51566546031356,100.01144048115152,100.63285827636719,32506200.0
2018-10-19,101.0316925867544,102.8217522303657,100.36389728896343,100.7812728881836,32785500.0
2018-10-22,101.39338044490471,102.52492131811472,100.39168782833853,101.68090057373047,26545600.0
2018-10-23,99.95578210539132,101.0687764435557,97.4886577467644,100.26185607910156,43770400.0
2018-10-24,100.54939169838526,100.62358566614304,94.2238906868176,94.90096282958984,63897800.0
2018-10-25,98.82423914431165,101.34701051399337,98.45324106529381,100.44734954833984,61646800.0
2018-10-26,98.02660217860333,100.8647245782131,97.16403459571404,99.20451354980469,55523100.0
2018-10-29,100.27112377093836,100.81834045290152,94.26097471006628,96.32000732421875,55162000.0
2018-10-30,96.14377796161803,96.8115659370285,92.85118011178767,96.20870208740234,65350900.0
2018-10-31,97.79473237195712,100.29895726615871,97.74835495398283,99.06539154052734,51062400.0
2018-11-01,99.2879917452405,99.53841139684069,97.87820036406825,98.23992156982422,33384200.0
2018-11-02,98.75934443865745,99.53843426816158,97.36810653494133,98.4625473022461,37680200.0
2018-11-05,98.65731284847745,99.92797218275669,98.22139053699132,99.71465301513672,27922100.0
2018-11-06,99.59407291756256,100.94821017773944,98.57383329153355,99.909423828125,24340200.0
2018-11-07,101.50470378271963,104.10167654952967,101.46760326196797,103.84197998046875,37901700.0
2018-11-08,103.6935942210007,104.07386220926607,102.86812702021342,103.647216796875,25644100.0
2018-11-09,102.81247073001917,103.3689644278791,100.8740161492968,101.62528228759766,32039200.0
2018-11-12,101.48614774060833,101.98699414538214,98.40687534830326,99.12104797363281,33621800.0
2018-11-13,99.7517523510572,100.85546285239221,98.90773136207031,99.18598175048828,35374600.0
2018-11-14,100.69502300986066,100.84406623525555,97.31368478490076,97.77943420410156,39495100.0
2018-11-15,97.79806484468155,100.41558151465382,96.79205146136012,99.93119812011719,38505200.0
2018-11-16,99.74486636788863,101.4215594926208,99.48404791115941,100.87197875976562,33502100.0
2018-11-19,100.85335644057088,101.12349190384415,96.4566887503448,97.4533920288086,44773900.0
2018-11-20,94.8265601269647,95.91641178109012,92.54438429761342,94.74272155761719,64052500.0
2018-11-21,96.50324625449615,97.27639173976333,95.23640768557661,96.04681396484375,28130600.0
2018-11-23,95.17120947686023,96.69886659980608,95.01285642178213,96.00955963134766,13823100.0
2018-11-26,97.61174067362236,99.32569471318169,97.41612681737507,99.1766586303711,32336200.0
2018-11-27,98.99035203009731,99.9777453680789,98.14269200873689,99.8007583618164,29124500.0
2018-11-28,100.49939656443462,103.70375444280421,100.47145273985346,103.50814056396484,46788500.0
2018-11-29,102.77222439836113,103.50810901739531,101.56127358592126,102.64181518554688,28123200.0
2018-11-30,103.11691249309682,103.36842114443974,101.86870753442874,103.29389953613281,33665600.0
2018-12-03,105.25933394410238,105.65056162127873,103.14483540689426,104.41166687011719,34732800.0
2018-12-04,104.2719738477113,104.9240201393736,100.79748033329818,101.08624267578125,45197000.0
2018-12-06,98.57117453206196,101.75689781105125,97.8073460188522,101.7103271484375,49107400.0
2018-12-07,100.95581156063011,101.95251473739826,97.15530282996325,97.63967895507812,45044900.0
2018-12-10,97.62105767479058,100.58322355415702,96.77339052406371,100.21993255615234,40801500.0
2018-12-11,102.27857091090578,103.34978884368893,100.08023317805672,101.15145111083984,42381900.0
2018-12-12,103.29387449515909,103.64784138864907,101.57060358476228,101.60786437988281,36183000.0
2018-12-13,102.07362164814482,103.27525573444744,101.18869368500059,101.95252227783203,31333400.0
2018-12-14,100.83474362845172,101.77555939261788,98.27312196583516,98.76681518554688,47043100.0
2018-12-17,98.1892531990661,98.55253701926615,94.74270473412314,95.84187316894531,56957300.0
2018-12-18,96.64295435659922,97.35089509648009,95.49720825267057,96.84788513183594,49319200.0
2018-12-19,96.54984399565568,99.55858088913917,94.40739409148173,96.58710479736328,68198200.0
2018-12-20,95.99092024074078,97.16460319685591,92.01341779137594,94.55641174316406,70334200.0
2018-12-21,94.66818777300865,95.94434324647152,90.7838408248684,91.5010986328125,111242100.0
2018-12-24,90.98878394736427,91.25891939540907,87.54224195434917,87.68196105957031,43935200.0
2018-12-26,88.62277300777511,93.79259289219596,87.52360441553654,93.67149353027344,51634800.0
2018-12-27,92.49781621209479,94.2583480430309,89.79646878096001,94.24903106689453,49498500.0
2018-12-28,95.09667473332819,95.39476106416508,92.70272396625639,93.51313018798828,38196300.0
2018-12-31,94.3514862381689,95.38545016713842,93.559713915051,94.6123046875,33173800.0
2019-01-02,92.73069316029616,94.77998734118098,92.16247841703095,94.19314575195312,35329300.0
2019-01-03,93.24298619779975,93.32682474732268,90.54163948078623,90.72794342041016,42579100.0
2019-01-04,92.88905108847246,95.48793330274081,92.15316626592872,94.94766235351562,44060600.0
2019-01-07,94.67752075279836,96.1958609703722,94.06273534882985,95.0687484741211,35656100.0
2019-01-08,95.98161430940154,96.84790827102704,94.7427194953017,95.758056640625,31514400.0
2019-01-09,96.74545434558233,97.69557988076929,96.16792260033787,97.12736511230469,32280800.0
2019-01-10,96.14927562362891,96.64296868803648,95.36681319367068,96.50324249267578,30067600.0
2019-01-11,96.12134051742568,96.35421516187587,94.67751487912646,95.758056640625,28314200.0
2019-01-14,94.91970677496842,95.82326153514298,94.32354825198587,95.05943298339844,28437100.0
2019-01-15,95.48791925241571,97.85392644457843,94.90107061203932,97.81666564941406,31587600.0
2019-01-16,98.04954063884693,98.98103920096884,97.77008822750236,98.16131591796875,29853900.0
2019-01-17,97.80735074745706,99.32569087205175,97.58379307850137,98.85063171386719,28393000.0
2019-01-18,100.09883617131995,100.50869781911955,98.65501764190162,100.33171081542969,37427600.0
2019-01-22,99.4374685282062,99.76349159382995,97.67693686706806,98.44076538085938,32371300.0
2019-01-23,98.85063438398751,99.70761139377449,98.12405950340775,99.40021514892578,25874300.0
2019-01-24,99.53992514098293,99.67033435571054,98.12404351426993,98.92513275146484,23164800.0
2019-01-25,99.893909452744,100.49006799762356,98.9251500406221,99.82870483398438,31225600.0
2019-01-28,98.98105042609507,99.18598127008563,97.4906539790329,97.88188171386719,29476700.0
2019-01-29,97.69556828983518,97.77940685736505,95.17120799658717,95.88846588134766,31490500.0
2019-01-30,97.45340178943088,99.09283447265625,97.1832662991017,99.09283447265625,49471900.0
2019-01-31,96.68954857045516,98.01227475436224,96.11201693349011,97.2763900756836,55636400.0
2019-02-01,96.67092426587615,96.96900353574821,95.3388809740294,95.73942565917969,35535700.0
2019-02-04,95.82326935860051,98.55256070658746,95.73011380752806,98.49666595458984,31315100.0
2019-02-05,98.79472539302657,99.92183768821825,98.70157696743796,99.8752670288086,27325400.0
2019-02-06,99.6703701454442,99.6703701454442,98.30106579234386,98.76681518554688,20609800.0
2019-02-07,97.98433103998504,98.35692476046651,97.14598095536239,98.05884552001953,29760700.0
2019-02-08,97.23914042241182,98.53392293632469,97.11804816018798,98.43145751953125,21461100.0
2019-02-11,98.92515064403747,99.27912466812353,97.77941132073386,98.04022979736328,18914100.0
2019-02-12,98.86924723981868,99.8007457117271,98.25446194387918,99.56787109375,25056600.0
2019-02-13,100.13609105130074,100.39690950021166,99.40020636657648,99.49335479736328,18394900.0
2019-02-14,99.02762914786162,99.94050104347606,98.42216065000044,99.57721710205078,21784700.0
2019-02-15,100.51802327460611,100.88130718152279,100.00569617163606,100.8067855834961,26606900.0
2019-02-19,100.40624880087428,101.21665525313153,100.39693182369302,100.76021575927734,18038500.0
2019-02-20,100.90053107412884,100.97537093315574,99.43183274205428,100.23634338378906,21607700.0
2019-02-21,100.00248348046163,102.4160156301983,99.97442031499627,102.35053253173828,29063200.0
2019-02-22,102.94920816579223,104.02500060337063,102.73404539600429,103.80984497070312,27763200.0
2019-02-25,104.54889855504099,104.94179713341468,104.08116011303738,104.38986206054688,23750600.0
2019-02-26,104.08114545694866,105.93338542967308,103.99694883794052,105.11016845703125,21536700.0
2019-02-27,104.48341679813421,105.11018460554494,103.72567565913093,104.93244171142578,21487100.0
2019-02-28,104.81081703210592,105.59661408457713,104.52082152042553,104.80146026611328,29083900.0
2019-03-01,105.60596775127947,105.72757715712973,104.46468499579466,105.26919555664062,23501200.0
2019-03-04,105.72755861572742,105.94272136678296,103.65080662914862,105.0166015625,26608000.0
2019-03-05,105.00727481913144,105.13824100517441,104.05309158694376,104.49275970458984,19538300.0
2019-03-06,104.6517876735904,105.39081517018386,104.24017561545702,104.5395278930664,17687000.0
2019-03-07,104.21211411936689,104.35243706298319,102.78083579614767,103.26728057861328,25339000.0
2019-03-08,102.1166548182779,103.56663963144553,101.77988258643158,103.37954711914062,22818400.0
2019-03-11,103.82855440766717,105.66208783858885,103.8192047796217,105.54983520507812,26491600.0
2019-03-12,105.5404875042275,106.6349935976822,105.3814581683487,106.28887176513672,26132700.0
2019-03-13,106.7659696920233,107.57983711609154,106.43855422387696,107.11209869384766,35513800.0
2019-03-14,107.14949662396798,107.76690750325866,106.95304738341547,107.1962661743164,30763400.0
2019-03-15,107.89788559430455,109.6846496238026,107.19627802741456,108.43111419677734,54681100.0
2019-03-18,108.67433228286707,110.02142108610471,108.56207964067806,109.98400115966797,31207600.0
2019-03-19,110.47043513758372,110.79785767763994,109.44141224101983,110.05883026123047,37588700.0
2019-03-20,109.81558544893063,111.08783405624965,109.17946114527113,109.93719482421875,28113300.0
2019-03-21,109.58174267775873,113.02429730126065,109.53496598679597,112.4630126953125,29854400.0
2019-03-22,111.78946603234603,111.87365550981598,109.48819419892963,109.49755096435547,33624500.0
2019-03-25,109.03917656867985,110.39562224882705,108.81466412880512,110.06820678710938,27067100.0
2019-03-26,110.96625827539488,111.05044775982397,109.31046037707532,110.30207061767578,26097700.0
2019-03-27,110.27399837031224,110.58270741533956,108.06627263631543,109.2356185913086,22733400.0
2019-03-28,109.86238717401064,109.99335334252171,108.6369078299129,109.38529205322266,18334800.0
2019-03-29,110.45174857819207,110.68561778472989,109.41336873019445,110.33013916015625,25399800.0
2019-04-01,111.27496338113733,111.424643096134,110.47980952230199,111.34044647216797,22789100.0
2019-04-02,111.377872271441,111.77077797545581,110.87271391238372,111.4994888305664,18142300.0
2019-04-03,112.12625347181852,112.65947497970495,111.4620657786352,112.22915649414062,22860700.0
2019-04-04,112.35074376166614,112.47236029340806,110.74172278854256,111.65849304199219,20112800.0
2019-04-05,111.6865509445938,112.47235500159583,111.66784455288617,112.15428924560547,15826200.0
2019-04-08,112.0794440401537,112.27589326072169,110.98493818108084,112.19170379638672,15116200.0
2019-04-09,110.9756102223576,111.8268975362352,110.92884066462729,111.58367156982422,17612000.0
2019-04-10,112.03269649812044,112.58462434948032,111.82689047316553,112.43495178222656,16477200.0
2019-04-11,112.7623595852159,113.05235507142122,112.18236147568463,112.56591033935547,14209100.0
2019-04-12,112.85592426621412,113.17399009990342,112.60334866230004,113.14591979980469,19745100.0
2019-04-15,113.1365684148136,113.73527300610446,112.79043942351787,113.23947143554688,15792600.0
2019-04-16,113.79136809140365,113.80072485538928,112.350733333765,112.97750091552734,14071800.0
2019-04-17,113.41720806909882,113.9878495023349,112.76237714757632,113.91300964355469,19300900.0
2019-04-18,114.30590432015464,115.55008295117011,113.47333059852848,115.4097671508789,27991000.0
2019-04-22,114.70816187131597,115.99911721939397,114.66138517887902,115.77460479736328,15648700.0
2019-04-23,116.09267164743082,117.47718047793992,115.84009604698912,117.3462142944336,24025500.0
2019-04-24,117.67362521549177,117.72975153850965,116.48556570605587,116.94395446777344,31257000.0
2019-04-25,121.66811320064403,122.89358555373819,120.51748070622843,120.81682586669922,38033900.0
2019-04-26,121.33132087007253,122.09841858874324,120.69520358806953,121.50906372070312,23654900.0
2019-04-29,121.51842233759561,121.78035468182438,121.00392155201622,121.39682006835938,16324200.0
2019-04-30,121.43423654151226,122.26681029112339,121.0413380132484,122.17327117919922,24166500.0
2019-05-01,122.10777604572901,122.22002868522291,119.46037519514202,119.6287612915039,26821700.0
2019-05-02,119.72231081185535,119.74101720546055,117.4210318567716,118.06651306152344,27350200.0
2019-05-03,119.14231887003487,121.07874831048684,119.03941585706693,120.58294677734375,24911100.0
2019-05-06,118.23490608250563,120.26488892089048,117.97297373395548,119.88134002685547,24239800.0
2019-05-07,118.30039386139306,118.9739382913038,116.20492785276527,117.4210433959961,36017700.0
2019-05-08,117.34621429594131,118.2162080218855,116.7007330078506,117.41169738769531,28419000.0
2019-05-09,116.27039495936411,117.67360994974439,115.5968506220423,117.4023208618164,27235800.0
2019-05-10,116.8504096843345,119.67554645994625,115.8307362682696,118.92716217041016,30915100.0
2019-05-13,116.10200887689705,117.44909755156229,115.10104913589454,115.39104461669922,33944900.0
2019-05-14,115.87751149168133,117.75781468373503,115.71847501461691,116.68202209472656,25266300.0
2019-05-15,116.67262874004524,118.97302773764963,116.14681772871896,118.32515716552734,24722700.0
2019-05-16,119.01059833794817,121.48001415439977,118.73830498508457,121.05747985839844,30112200.0
2019-05-17,120.4753363319527,122.49406504387602,120.10915046544845,120.25,25770500.0
2019-05-20,118.7946399347903,119.79930506164433,118.08105096713724,118.5129623413086,23706900.0
2019-05-21,119.64908035171555,119.74297288437278,118.85098307881756,119.15144348144531,15293300.0
2019-05-22,118.88853029155848,120.40961496563558,118.7946306042322,119.8744125366211,15396500.0
2019-05-23,118.4941555808675,118.57866385630554,117.12330484515489,118.47537994384766,23603800.0
2019-05-24,119.16081794527584,119.63967194282175,118.27821250396839,118.53172302246094,14123400.0
2019-05-28,119.2265801373609,120.18429559089223,118.35336582816663,118.45664978027344,23128400.0
2019-05-29,117.72421701847176,117.73360841807327,116.46604168634961,117.31108856201172,22763100.0
2019-05-30,117.61156897343257,118.08103874417998,117.16087484155737,118.05287170410156,16829600.0
2019-05-31,116.64446374765873,117.0106496000148,115.7900253164677,116.12804412841797,26646800.0
2019-06-03,116.28767189983233,116.77592451967459,111.7432075229949,112.52252197265625,37983600.0
2019-06-04,113.87459004690082,115.7524691892667,113.28306069593012,115.63980102539062,29382600.0
2019-06-05,117.3204876883351,118.18431747283711,116.625674463956,118.14675903320312,24926100.0
2019-06-06,118.71949453827827,120.15607060767911,117.93078175371109,120.01522827148438,21459000.0
2019-06-07,121.30161462268939,124.17476763441147,120.42839330568805,123.37666320800781,33885600.0
2019-06-10,124.31559570133028,125.8930216590109,123.94002559702024,124.5033950805664,26477100.0
2019-06-11,125.70521607655425,126.04323484606017,123.26396781600276,124.03390502929688,23913700.0
2019-06-12,123.37665093389535,123.91185335350355,122.72879468022089,123.46116638183594,17092500.0
2019-06-13,123.9212510341265,124.87897348900864,123.52689810025316,124.2405014038086,17200800.0
2019-06-14,124.18414039094127,125.62071676397561,123.60200245148648,124.36254119873047,17821700.0
2019-06-17,124.53158365907335,125.56440878808782,124.43768395321585,124.73815155029297,14517800.0
2019-06-18,125.99629388342612,126.98218322451574,125.41415597769388,126.90706634521484,25934500.0
2019-06-19,126.75685346659799,127.63006046903513,125.63951298444817,127.40472412109375,23744400.0
2019-06-20,129.0572383298613,129.25442193934973,127.4328769193425,128.5877685546875,33042600.0
2019-06-21,128.24035105494573,129.32012568533872,128.12768290626582,128.60653686523438,36727900.0
2019-06-24,128.6347090386564,129.9492185826722,128.6347090386564,129.36708068847656,20628800.0
2019-06-25,128.8694870002383,129.1887230923762,124.62547511075981,125.28273010253906,33327400.0
2019-06-26,126.14650335263339,127.45162843414134,125.44229886274614,125.75213623046875,23657700.0
2019-06-27,125.94934073857445,126.48454311689689,125.35780428402427,125.95872497558594,16557500.0
2019-06-28,126.35311110012736,126.38127814246269,125.02920280204088,125.78035736083984,30043000.0
2019-07-01,128.2873211524864,128.35303947390202,126.7286779898957,127.39531707763672,22613500.0
2019-07-02,127.80845318614985,128.24975594230963,127.07608144764667,128.24037170410156,15237800.0
2019-07-03,128.44696196962175,129.3295676359168,127.96809352292598,129.06666564941406,13629300.0
2019-07-05,127.63944756308794,128.9445729935824,127.43287971131925,128.69105529785156,18141100.0
2019-07-08,128.0713497823353,128.7286189335835,127.10424318525715,128.59716796875,16779700.0
2019-07-09,127.69572146751392,128.6064935682643,127.50793650724121,128.1276397705078,19953100.0
2019-07-10,128.75679314600973,130.1182527134232,128.65350921595316,129.43283081054688,24204400.0
2019-07-11,129.76147942898467,130.7192020508454,129.45162757111547,129.9492645263672,22327900.0
2019-07-12,130.3717961614084,130.63469815762957,129.58307584566066,130.41873168945312,18936800.0
2019-07-15,130.9257672015113,131.019652584685,130.0056102147372,130.41873168945312,16651500.0
2019-07-16,130.47504985569148,130.5595509790779,128.18403499667505,128.7098388671875,22726100.0
2019-07-17,129.29201796500723,129.507970124745,127.90239096112981,127.9493408203125,20211000.0
2019-07-18,127.27324566908243,128.27790343331282,126.44697436610488,128.09011840820312,30381800.0
2019-07-19,131.65808055352386,132.0806004076441,128.11827509160875,128.27789306640625,48992400.0
2019-07-22,129.01969365850033,130.69100499753577,128.94457677137632,129.97740173339844,25074900.0
2019-07-23,131.2261843196345,131.4421507282906,129.60182293485272,130.78488159179688,18034600.0
2019-07-24,130.41867170127696,132.14633101660243,130.37173619482098,132.12754821777344,20738300.0
2019-07-25,131.85523432593453,132.02425084399485,130.8130254940468,131.62989807128906,18356900.0
2019-07-26,131.79894425812105,133.02895281557116,131.73322593760406,132.709716796875,19037600.0
2019-07-29,132.85994285987556,132.8693270973818,130.85999708587045,132.41864013671875,16605900.0
2019-07-30,131.5829982599211,132.59705477251788,131.26376222644112,131.78018188476562,16846500.0
2019-07-31,131.7614344217444,131.91166824029483,126.83200007635787,127.9493408203125,38598800.0
2019-08-01,128.6347008698151,132.33412448643287,128.56896823324885,129.62997436523438,40557500.0
2019-08-02,129.6581422139498,129.87410859795295,127.00094191264206,128.54080200195312,30791600.0
2019-08-05,125.16067080239876,125.75219309899397,122.7945386347674,124.1372299194336,42749600.0
2019-08-06,125.63014161854858,127.3953386089859,125.07617060365293,126.4657974243164,32696700.0
2019-08-07,125.62069710901014,127.36712498120411,123.78038389225077,127.01972198486328,33414500.0
2019-08-08,128.25915169347147,130.50321670494685,127.63004957030374,130.40931701660156,27496500.0
2019-08-09,130.14640087854704,130.8693882840778,128.12768674315882,129.30136108398438,23466700.0
2019-08-12,128.7004134991923,129.44216922366957,126.98215290405041,127.4985580444336,20484300.0
2019-08-13,127.74271029301076,130.32479368460125,126.75682104171507,130.1370086669922,25154600.0
2019-08-14,128.46016288897036,128.98771772376344,125.92600220953322,126.2180404663086,32527300.0
2019-08-15,126.60425989933222,126.78325475447438,124.58823906339246,125.93538665771484,28074400.0
2019-08-16,127.06593191012782,128.55439867921714,126.91519782279867,128.24351501464844,24449100.0
2019-08-19,129.86381796329613,130.52326136000605,128.95942818010255,130.39137268066406,24355700.0
2019-08-20,130.2029576634189,130.67399069770917,129.28915242691284,129.3079833984375,21170800.0
2019-08-21,130.52330291175596,131.40884762987207,130.00516351553986,130.7493896484375,14970300.0
2019-08-22,130.62687423752948,131.13558354961538,128.39416805587712,129.7978515625,18697000.0
2019-08-23,129.24204726197462,130.33484736004615,125.10637776346792,125.66219329833984,38508600.0
2019-08-26,127.16949429950117,127.70646444370263,126.142631436403,127.60283660888672,20312600.0
2019-08-27,128.48839771479663,128.79928125981397,126.85862734981627,127.87606048583984,23102100.0
2019-08-28,127.06588386684402,127.89489228412083,125.81293419239587,127.70648193359375,17393300.0
2019-08-29,129.29854083681624,130.4196015236365,128.97824189052028,130.11813354492188,20168700.0
2019-08-30,131.08853509988438,131.11679594217904,128.37539361604823,129.87327575683594,23940100.0
2019-09-03,128.69566076721597,129.2514763606266,127.8383770978469,128.15867614746094,18869300.0
2019-09-04,129.3457173206397,129.7131226351878,128.57321598632237,129.65660095214844,17995900.0
2019-09-05,131.05085665677663,132.2472850022121,130.72112766892835,131.9364013671875,26101800.0
2019-09-06,131.91752700747264,132.05883118559822,130.19354416039448,131.04141235351562,20824500.0
2019-09-09,131.50301755940075,131.6537516015237,128.55436012486388,129.55294799804688,25773900.0
2019-09-10,128.87465414469017,128.95943664952355,126.71731457867034,128.1963653564453,28903400.0
2019-09-11,128.03625917143611,128.37540368035278,127.26375775537281,128.2340850830078,24726100.0
2019-09-12,129.8638315693794,130.4008018291069,128.94059634246844,129.55294799804688,27010000.0
2019-09-13,129.79787485602796,130.06165223182276,128.65798284808366,129.36453247070312,23363100.0
2019-09-16,127.9608364701534,128.78042935404903,127.80068696265583,128.43186950683594,16731400.0
2019-09-17,129.0254145822023,129.55296944216616,128.52610618817388,129.4304962158203,17814200.0
2019-09-18,129.40224042680123,130.6363451027071,128.6203235949755,130.4950408935547,23982100.0
2019-09-19,132.1719132272247,134.12198311818602,131.95524198929385,132.89730834960938,35772100.0
2019-09-20,132.84076144352028,133.44368328988745,130.2406636763351,131.36172485351562,39167300.0
2019-09-23,131.1638382717348,131.54067327683077,130.4196124956969,131.0790557861328,17139300.0
2019-09-24,132.2283885103079,132.53927202509888,128.95000275172796,129.42103576660156,29773200.0
2019-09-25,129.53411778063892,131.85160723093153,128.1492791532917,131.28636169433594,21382000.0
2019-09-26,131.36170411102069,132.058823850773,130.41963797640327,131.45590209960938,17456600.0
2019-09-27,132.03056122939054,132.22840143988893,128.7333298028649,129.75076293945312,22477700.0
2019-09-30,130.05222785621746,131.1544434671942,129.79786598451886,130.97544860839844,17280900.0
2019-10-01,131.56894537371167,132.12476088219773,129.0630462806495,129.12899780273438,21466600.0
2019-10-02,128.35651665060894,128.4695599919467,125.84120168232033,126.84920501708984,30521700.0
2019-10-03,127.13184621978174,128.8275684602126,125.50207552124122,128.38479614257812,24132900.0
2019-10-04,128.827507901163,130.24060670812273,128.51662443865771,130.11813354492188,22897700.0
2019-10-07,129.19496229291303,130.17470484785542,129.08191894517083,129.17611694335938,15303700.0
2019-10-08,129.13842871216846,129.7790267900296,127.7630058173658,127.81011199951172,25550500.0
2019-10-09,129.49640605880475,130.66455876545945,129.03478851759584,130.23121643066406,19749900.0
2019-10-10,130.46675140448957,131.57838260518204,130.24065034469942,131.04141235351562,17654600.0
2019-10-11,132.002279883863,132.85956337149543,131.41820357899897,131.5877685546875,25446000.0
2019-10-14,131.59722071517555,132.16245177137577,131.43707119717942,131.46533203125,13304300.0
2019-10-15,131.9458177038875,133.57558855119083,131.71030110385206,133.36834716796875,19695700.0
2019-10-16,132.63345746033028,132.82188214829026,131.446459550024,132.27548217773438,20751600.0
2019-10-17,132.78421183757777,133.22698404761675,130.9660311929906,131.5972137451172,21460600.0
2019-10-18,131.66312604266457,131.88922703536207,128.64851801395614,129.44927978515625,32273500.0
2019-10-21,130.42909315610265,130.47619935212697,129.07251520944223,130.41024780273438,20078200.0
2019-10-22,130.9189365022612,131.8986789919642,128.3659308623604,128.4695587158203,27431000.0
2019-10-23,128.95002490755215,129.48699516187958,127.75359681926605,129.28916931152344,29844600.0
2019-10-24,131.3145787222974,132.28490554904315,130.63629005460123,131.8327178955078,37029300.0
2019-10-25,131.26750906593338,132.96323120692122,131.13562036467823,132.5769805908203,25959700.0
2019-10-28,136.03435845204905,137.23078659427898,135.19592007870443,135.83653259277344,35280100.0
2019-10-29,135.7328804333607,136.1285464558704,134.3857184848941,134.5552978515625,20589500.0
2019-10-30,135.20534429087087,136.5995982341125,134.51762561887838,136.23219299316406,18496600.0
2019-10-31,136.5053860083583,136.53364684424642,134.70605049939348,135.06402587890625,24605100.0
2019-11-01,135.90247778209527,136.0532118384025,134.68721859324643,135.39376831054688,33128400.0
2019-11-04,136.43940596401453,136.5995554419723,135.80822353625686,136.17562866210938,16912000.0
2019-11-05,136.5713299056799,136.61843608778935,135.57274209402962,136.09088134765625,18250200.0
2019-11-06,136.00607321438574,136.14739174901885,134.903857643227,135.7140350341797,16575800.0
2019-11-07,135.50675409533065,136.48651067028717,135.4408169579539,135.9024200439453,17786700.0
2019-11-08,135.6386812040063,137.53224337866055,135.43142549956863,137.5039825439453,16732700.0
2019-11-11,136.91991436291875,137.93734770505276,136.34525333749465,137.6453094482422,14362600.0
2019-11-12,137.80547262465507,139.02074633744076,137.5982168654946,138.54971313476562,18641600.0
2019-11-13,138.23878662630173,138.91707537779078,137.80542988932166,138.7757568359375,16919200.0
2019-11-14,138.5025725699454,139.81204397344354,138.48372722157296,139.48231506347656,19729800.0
2019-11-15,140.30188998621853,141.30049207446405,139.68013731779254,141.28164672851562,23485700.0
2019-11-18,141.3758557692715,141.82804343792287,140.34899287356916,141.6302032470703,21534000.0
2019-11-19,142.1389399587339,142.56286683531036,141.49832752597038,141.6773223876953,23935700.0
2019-11-20,142.0837888619762,142.58478171593035,140.33504484728581,141.43154907226562,25696800.0
2019-11-21,141.2236471304168,141.60176462774692,140.37290800291254,141.2992706298828,18576100.0
2019-11-22,141.8569696847513,142.07437819649104,140.6753797370488,141.40322875976562,15901800.0
2019-11-25,141.7907954679488,143.0669183966426,141.71517197952124,142.95347595214844,22420900.0
2019-11-26,143.07631026041267,144.0782958507739,143.0385057427594,143.7096405029297,24620100.0
2019-11-27,143.99324269067327,144.15393715206415,143.22757490605133,143.98379516601562,15184400.0
2019-11-29,143.7758575219542,143.96490901164137,143.00072766342154,143.0952606201172,11977300.0
2019-12-02,143.50168034327638,143.5205898140514,140.20269166618917,141.36537170410156,27418400.0
2019-12-03,139.41813224384907,141.25194727879412,138.6240930309501,141.13851928710938,24066000.0
2019-12-04,141.92310929549308,141.96091382154867,141.0345514843031,141.64898681640625,17574700.0
2019-12-05,141.83805181138433,142.09327926361837,141.29923990374633,141.724609375,17869100.0
2019-12-06,142.72656034317507,143.5583895213006,142.04596365508172,143.44496154785156,16403500.0
2019-12-09,142.8022477061822,143.8798572072931,142.65100072476514,143.0763702392578,16687400.0
2019-12-10,143.01016502189213,143.57733387433322,142.50917211917388,142.8589324951172,16476100.0
2019-12-11,143.24645815385242,143.5583995262769,142.10268754532999,143.397705078125,18856600.0
2019-12-12,143.35047657910508,145.04252134219536,142.75496509556822,144.8534698486328,24612100.0
2019-12-13,144.62658080483226,146.4131438731203,144.4658863347823,146.07284545898438,23845400.0
2019-12-16,146.62113021887043,147.36788870009232,146.34700770451698,147.0181427001953,24144200.0
2019-12-17,146.94246125232232,147.1882410893158,145.99718969145346,146.22406005859375,25425600.0
2019-12-18,145.85543881739588,146.97085259654958,145.7419963954613,145.92160034179688,24129200.0
2019-12-19,145.57187216641574,147.2450074630696,145.33555419211962,147.18829345703125,24958900.0
2019-12-20,148.7385435605026,149.8161529808964,147.73654320144786,148.79525756835938,53477500.0
2019-12-23,149.46639255960463,149.46639255960463,148.66292007545854,148.79525756835938,17718200.0
2019-12-24,148.86139474376276,149.07881763657534,148.5210963286024,148.76687622070312,8989200.0
2019-12-26,148.9369997166156,150.0429658225864,148.7857527900638,149.9862518310547,14520600.0
2019-12-27,150.7235804290026,150.81811337522475,149.5609001937233,150.26040649414062,18412800.0
2019-12-30,150.28875157245514,150.31710856933202,148.1524283163877,148.96536254882812,16348400.0
2019-12-31,148.19025539743808,149.1355271417693,147.88776151587507,149.06935119628906,18369400.0
2020-01-02,150.09021733882216,151.9334939984884,149.66484802100678,151.8295135498047,22622100.0
2020-01-03,149.6554558446236,151.19623925114328,149.409675916639,149.93902587890625,21116200.0
2020-01-06,148.48329153461876,150.3927445508696,147.94447970171677,150.32656860351562,20813700.0
2020-01-07,150.60067989425875,150.931516303683,148.71013667343422,148.95590209960938,21634100.0
2020-01-08,150.23204869357042,151.99971686703032,149.30568631614628,151.3285675048828,27746500.0
2020-01-09,152.9827982399451,153.34200617143892,152.21713032172246,153.2191162109375,21385000.0
2020-01-10,153.909144329844,154.2872472384287,152.35888490302304,152.5101318359375,20725900.0
2020-01-13,152.9071617022491,154.3723358820374,152.43452580062083,154.34397888183594,21626500.0
2020-01-14,154.44793405712338,154.64644744971824,152.86933213511907,153.25689697265625,23477400.0
2020-01-15,153.7201159716805,154.96788183722586,153.67286391435027,154.2494659423828,21417900.0
2020-01-16,155.35543366341506,157.14199687545099,155.0529397493098,157.07582092285156,23865400.0
2020-01-17,158.25738972858082,158.30465619935018,156.37629381209493,157.9549102783203,34371700.0
2020-01-21,157.55788307477562,158.98525260050442,157.32156514521276,157.3877410888672,29517200.0
2020-01-22,158.2384898999051,158.3235753219564,156.61262128751815,156.63153076171875,24138800.0
2020-01-23,157.09467984414908,157.671296061612,156.2250317565114,157.59567260742188,19680800.0
2020-01-24,158.3424825375192,158.36139201317255,155.44995298181732,156.00765991210938,24918100.0
2020-01-27,152.33055036956728,154.43851694569852,151.4325450114777,153.39871215820312,32078100.0
2020-01-28,154.81659911684454,156.68823305925625,154.1454642817214,156.4046630859375,24899900.0
2020-01-29,158.65443909714912,159.5146400250475,156.62211019371946,158.84349060058594,34754500.0
2020-01-30,164.52453468683692,164.52453468683692,161.44293985569806,163.32403564453125,51597500.0
2020-01-31,162.7852840446557,162.9648735939353,160.29921427404815,160.91363525390625,36142700.0
2020-02-03,161.10263707783204,164.9498995377037,161.07428008281042,164.8364715576172,30107000.0
2020-02-04,167.44546857406942,170.75392031861364,166.66089114380435,170.2623748779297,36433300.0
2020-02-05,173.95835927347207,174.1190537403817,168.64593664566272,170.05438232421875,39186300.0
2020-02-06,171.0658498767549,173.75988045068001,170.20564902136644,173.5802764892578,27751400.0
2020-02-07,172.8429581987189,175.47081270658518,172.4931978169128,173.82603454589844,33529100.0
2020-02-10,173.53298558426346,178.50510968178952,173.22104418313037,178.37277221679688,35844300.0
2020-02-11,180.21606177076302,180.2633282452073,173.45737421261373,174.34593200683594,53159900.0
2020-02-12,175.42350165463674,175.6787290200289,171.89764269771416,174.6011199951172,47062900.0
2020-02-13,173.06037316286404,176.03797374039397,172.86185972663358,173.65589904785156,35295800.0
2020-02-14,173.2210997227486,175.2628907718932,172.65393073452847,175.2061767578125,23149500.0
2020-02-18,175.4519100559709,177.42752477655208,175.34792957469273,176.98324584960938,27792200.0
2020-02-19,178.25333216315812,178.36706995832807,176.7462485247681,177.51400756835938,29997500.0
2020-02-20,177.20129197806145,177.48565105394613,171.6563550822755,174.80322265625,36862400.0
2020-02-21,173.61837855406034,173.9311720431706,168.0070858019182,169.27720642089844,48572600.0
2020-02-24,159.0214151505909,165.44786191190894,154.7181513655058,161.9787139892578,68311100.0
2020-02-25,165.11615139518335,165.72277733069018,158.90770527302703,159.30581665039062,68073300.0
2020-02-26,160.8602752572203,164.2251446871033,159.43849455284118,161.29627990722656,56206100.0
2020-02-27,154.8035013421261,158.3200311084721,149.74195067287758,149.9315185546875,93174900.0
2020-02-28,144.46236668665765,155.17311496563838,144.07374325016832,153.56175231933594,97012700.0
2020-03-02,156.68969102388243,163.9028581761286,153.84612995671205,163.77963256835938,71030800.0
2020-03-03,164.73698098446346,165.87440256658573,153.79874085302225,155.93141174316406,71677000.0
2020-03-04,159.7038570188698,161.79860535911507,156.98350737328664,161.65643310546875,49814400.0
2020-03-05,157.39114139721516,161.9597896282365,157.0499134181391,157.59967041015625,47817300.0
2020-03-06,154.13047574382352,154.60440254772644,147.86516281770332,153.14471435546875,72821100.0
2020-03-09,143.1259514709303,149.52396585787585,142.17809748767908,142.76576232910156,70419300.0
2020-03-10,149.91256931165373,152.6329052497374,144.62354306046413,152.5286407470703,65354400.0
2020-03-11,148.9362624974482,149.4765316073589,143.268086730117,145.6187744140625,56371600.0
2020-03-12,137.72314498743467,145.4671079518946,131.35356699021355,131.80853271484375,93226400.0
2020-03-13,139.80839474524316,153.46696749285394,133.39142234015029,150.54757690429688,92727400.0
2020-03-16,132.69949300751503,141.56192921861285,127.96022540010378,128.3583221435547,87905900.0
2020-03-17,132.69950524755737,139.8084073143908,127.96023720300174,138.92691040039062,81059800.0
2020-03-18,130.8037858752731,138.3866140419556,127.97918643285101,133.07862854003906,81593200.0
2020-03-19,135.32507264150863,142.3202228977112,131.7516602526152,135.26820373535156,85922700.0
2020-03-20,138.38662625800293,139.42927100819978,128.77539128682722,130.1876983642578,84866200.0
2020-03-23,129.8654484471508,133.2398202414943,125.6095939935449,128.88916015625,78975200.0
2020-03-24,136.25395446330393,141.79890378670194,133.90328159423055,140.60459899902344,82516700.0
2020-03-25,141.14488563874747,146.28225050950442,136.9079788119045,139.25865173339844,75638200.0
2020-03-26,140.66150751402876,148.49078968046783,140.63307305518086,147.96946716308594,64568100.0
2020-03-27,143.8368104074525,146.81307068348792,141.41978038772191,141.89370727539062,57042300.0
2020-03-30,144.49081435919743,152.22530370208108,142.18752244275748,151.8745880126953,63420300.0
2020-03-31,151.08785281104335,156.18730963025092,148.39595215161313,149.48599243164062,77927200.0
2020-04-01,145.021628839362,149.52393430986507,142.95531453413534,144.17803955078125,57969900.0
2020-04-02,143.94106059364518,147.37228629111345,142.5192800719628,147.16375732421875,49630700.0
2020-04-03,147.01214335180788,149.17324905260475,144.25388507525574,145.80836486816406,41243300.0
2020-04-06,151.95992123012604,157.81765050477165,149.36279672981783,156.65179443359375,67111700.0
2020-04-07,160.74649823995173,161.13512171051497,154.74658285480595,154.964599609375,62769000.0
2020-04-08,157.03090807928612,157.97876170284414,154.97406745173703,156.51907348632812,48318200.0
2020-04-09,157.6849317896961,158.64225875732106,154.81293642372253,156.52854919433594,51385100.0
2020-04-13,155.77975792648093,156.936140571891,153.83665499194112,156.87925720214844,41905300.0
2020-04-14,160.18728683704097,164.6895922363069,159.23943306877445,164.64219665527344,52874300.0
2020-04-15,162.2725509605704,164.5189740701982,160.4147658031758,162.91709899902344,40940800.0
2020-04-16,165.21087397006804,168.03547345345189,163.8838703437965,167.8079833984375,50479600.0
2020-04-17,170.13974470150103,170.61367156696483,166.69903103004185,169.28668212890625,52765600.0
2020-04-20,167.41941173715273,169.42885704991627,165.86493217267332,165.9312744140625,36669600.0
2020-04-21,164.4525719632538,164.6137053126031,157.44793561492781,159.0687713623047,56203700.0
2020-04-22,162.45265500207105,164.926553888929,161.9123858808334,164.47158813476562,34620200.0
2020-04-23,165.03077686564262,165.93123481658628,161.99764849573384,162.48104858398438,32790800.0
2020-04-24,163.08772995889328,165.4573645670676,161.80813594834027,165.44789123535156,34277600.0
2020-04-27,167.3814800022421,167.67531233267164,164.26304771926806,164.97393798828125,33194400.0
2020-04-28,166.4336412831067,166.50947132086196,160.55695075653242,160.95504760742188,34392700.0
2020-04-29,164.18723229946127,168.41465204272475,162.91711171027274,168.1776885986328,51286600.0
2020-04-30,170.613666224283,170.99280191954153,167.0402537209176,169.8648681640625,53875900.0
2020-05-01,166.63266802790082,169.32456881719065,164.93600196160241,165.46681213378906,39370500.0
2020-05-04,165.3909752711956,169.66578968159777,164.7369539912882,169.51412963867188,30372900.0
2020-05-05,171.20133121146824,174.073326774574,170.5188753882451,171.3340301513672,36839200.0
2020-05-06,172.58523555056811,174.59468114034433,172.15870419880838,173.021240234375,32139300.0
2020-05-07,174.56619370740268,174.926382699325,173.05910997240878,174.0259246826172,28316000.0
2020-05-08,175.33396531278456,175.35292643558043,173.79844701759438,175.0496063232422,30877800.0
2020-05-11,173.5994066075862,177.73204949041116,173.31506205621085,177.00221252441406,30892700.0
2020-05-12,177.05905204204092,177.28652764537918,172.79371092227436,172.9927520751953,32038200.0
2020-05-13,173.03067134387834,174.45245169269722,167.3340621565615,170.37667846679688,44711500.0
2020-05-14,168.2819550596364,171.26770316795614,166.5189464364603,171.1160430908203,41873900.0
2020-05-15,169.7226658562342,177.30549477035595,167.77008972494357,173.60887145996094,46610400.0
2020-05-18,176.06383283345417,176.49036412535662,174.36718099656215,175.26763916015625,35264500.0
2020-05-19,175.38135636493746,176.86949350940563,173.9216681354789,174.0543670654297,26799100.0
2020-05-20,175.66071783659345,176.64923929090085,174.83379305536764,176.46864318847656,31261300.0
2020-05-21,176.2214721991391,177.4286028893225,174.21593052633386,174.3489990234375,29119500.0
2020-05-22,174.1209441606144,175.3280752270581,173.50311455025968,174.4250946044922,20826900.0
2020-05-26,177.11497503906327,177.2670574968158,172.1343978264107,172.5811309814453,36073600.0
2020-05-27,171.27890913531226,172.98030045667377,167.85714157024967,172.8092041015625,39517100.0
2020-05-28,171.79221042249597,175.03338242380826,171.45003216242014,172.41952514648438,33810200.0
2020-05-29,173.68368727702386,175.14745550760477,171.47854971997998,174.17794799804688,42130400.0
2020-06-01,173.50308105663945,173.94031445807596,172.47656081625482,173.7787322998047,22622400.0
2020-06-02,175.12842338695103,175.84129349571745,172.37199810107265,175.75575256347656,30794600.0
2020-06-03,175.67022679734052,176.73477494392236,174.49160956121008,176.18348693847656,27311000.0
2020-06-04,175.1759126492581,176.63966590430434,173.27492610830765,173.86422729492188,28761800.0
2020-06-05,173.57914102484705,178.43616402505074,172.99933933390125,177.93240356445312,39893600.0
2020-06-08,176.7347352095089,179.2155234245811,175.30899518943008,179.03492736816406,33211600.0
2020-06-09,178.69281027255752,181.25914028536988,177.98943973430954,180.40370178222656,29783900.0
2020-06-10,181.66782874345716,188.69197518428444,181.55375966025008,187.0951385498047,43872300.0
2020-06-11,183.5688175004387,186.06860558677644,176.85833559384204,177.04843139648438,52854700.0
2020-06-12,181.10703377682555,182.22862370226562,176.0123877928457,178.44566345214844,43373600.0
2020-06-15,175.44207556438678,181.3731596709733,174.90028735842841,179.5862274169922,32770200.0
2020-06-16,183.3406869206334,185.8975167043763,181.98148820479122,183.98703002929688,42556700.0
2020-06-17,185.3747850081214,186.60093000207252,184.1011269319131,184.6239013671875,25687800.0
2020-06-18,184.395709071984,186.76244272407226,184.395709071984,186.60086059570312,23061600.0
2020-06-19,188.75851552523656,189.42385812687283,184.74743147959663,185.4888153076172,44441100.0
2020-06-22,186.09711541174806,190.82106925250457,185.5648413739242,190.64048767089844,32818900.0
2020-06-23,192.08519011105747,193.85310825307525,191.45786104377248,191.9141082763672,30917400.0
2020-06-24,191.6195195901801,193.18782826180146,186.8290236235657,188.045654296875,36740600.0
2020-06-25,188.00764282127645,190.67852759970847,185.79299092407084,190.42189025878906,27803900.0
2020-06-26,189.84206955429684,189.99415200060372,185.23218461473925,186.6103973388672,54675800.0
2020-06-29,186.08762003729692,188.7014772152176,183.9680235503295,188.61593627929688,26701600.0
2020-06-30,188.08365287961007,194.2808598745895,187.95058437366583,193.43492126464844,34310300.0
2020-07-01,193.0832268930802,196.13431706007913,191.7810555883194,194.5659942626953,32061200.0
2020-07-02,195.4974487354762,197.7216140089718,194.85112027374976,196.04873657226562,29315800.0
2020-07-06,198.49156369076422,200.6777016892989,197.78819326414938,200.26898193359375,31897600.0
2020-07-07,200.03134453942326,204.04242807649197,197.69313876394023,197.9402618408203,33600700.0
2020-07-08,199.67019154758614,202.70225385814945,198.35850577769656,202.29354858398438,33600000.0
2020-07-09,205.62027998475654,205.6678075649142,201.00088055902637,203.7097930908203,33121700.0
2020-07-10,203.0443913755945,203.48162471227076,200.6301445697278,203.0919189453125,26177600.0
2020-07-13,203.86182504239108,205.11648332076217,196.27689159753407,196.8186798095703,38135600.0
2020-07-14,195.92522739229784,198.51057084084894,192.02819828875812,198.0353240966797,37591800.0
2020-07-15,199.18535432286072,200.86773136175398,194.87962125143287,197.7406005859375,32179400.0
2020-07-16,195.23137241106915,195.51652338118896,192.2943507766109,193.82464599609375,29940700.0
2020-07-17,194.34737099125022,194.88914464381924,191.4198498148425,192.83609008789062,31635300.0
2020-07-20,194.85117236676646,201.78977799074687,192.95968503330636,201.1244354248047,36884800.0
2020-07-21,203.08243850870448,203.34857552033253,197.73115562552331,198.41551208496094,37990400.0
2020-07-22,198.84322189432683,201.78975731740158,198.07332453951392,201.26698303222656,49605700.0
2020-07-23,196.93272714528928,200.47806341735327,192.14223235359336,192.51292419433594,67457000.0
2020-07-24,190.497911638035,192.81711817294266,187.73197198353216,191.3343505859375,39827000.0
2020-07-27,191.4959383657706,193.87217226170424,190.91613671502756,193.75811767578125,30160900.0
2020-07-28,193.52998850951334,194.56602297793356,191.75257024686763,192.01870727539062,23251400.0
2020-07-29,192.47495022909868,194.51850562770954,192.00920315300615,193.9577178955078,19632600.0
2020-07-30,191.04920798725416,194.33792212812435,189.69000914080848,193.80563354492188,25079600.0
2020-07-31,194.28083994092853,194.94619690576195,189.15768123265423,194.8606414794922,51044000.0
2020-08-03,201.04837293552396,206.86538804440696,200.02183829806603,205.81983947753906,78983000.0
2020-08-04,203.56719761461736,204.1374995340673,199.89829200805272,202.7307586669922,49280100.0
2020-08-05,204.26104567065477,204.3561008212258,201.09591510463036,202.39808654785156,28806400.0
2020-08-06,201.8277788907073,205.65826639464163,201.07689543479427,205.63926696777344,32656800.0
2020-08-07,204.21352530560762,205.0214360430896,200.48757818630773,201.96084594726562,27820400.0
2020-08-10,201.19094771383908,201.3905577207116,196.13433007915847,197.9402618408203,36716500.0
2020-08-11,196.90421954309804,197.3699520347846,193.08323194975972,193.3113555908203,36446500.0
2020-08-12,195.12679185865025,199.8697593440699,194.6135317826881,198.83372497558594,28013100.0
2020-08-13,199.07133602134232,200.8867818597186,197.84519143805818,198.3679656982422,22588900.0
2020-08-14,198.42500644894537,199.21391774906647,197.23688964214472,198.55807495117188,17958900.0
2020-08-17,199.22342242623313,200.73470345130764,198.57707937252545,199.8697509765625,20184800.0
2020-08-18,200.10740203040297,201.84680693348818,198.85275811055578,201.01988220214844,21336200.0
2020-08-19,201.5058279761873,202.0870312239164,199.37157032879307,199.80032348632812,27627600.0
2020-08-20,199.64786015943778,204.8501064694833,199.04761159406166,204.44993591308594,26981500.0
2020-08-21,203.76391835685175,206.0410886510413,202.8016045176839,202.9635772705078,36249300.0
2020-08-24,204.6499901784463,205.34553813622844,202.4014026425913,203.6019287109375,25460100.0
2020-08-25,203.03981539454313,206.38410735274064,203.03981539454313,206.25071716308594,23043700.0
2020-08-26,207.59410079861183,211.6053426331108,207.0986454243978,210.709716796875,39600800.0
2020-08-27,212.36759112322508,220.237639761169,209.04234520990622,215.88339233398438,57602200.0
2020-08-28,217.40787607007542,219.75174867918676,215.8834189640669,218.10342407226562,26292900.0
2020-08-31,216.28361517405492,217.90335740203147,213.72060436852902,214.8830108642578,28774200.0
2020-09-01,214.86394119772189,216.71235847698847,213.83492494312688,216.54086303710938,25725500.0
2020-09-02,217.2078311076378,221.86697992483204,216.61710516132678,220.71409606933594,34080800.0
2020-09-03,218.446398159846,218.48450340319877,204.8119611811816,207.04148864746094,58400300.0
2020-09-04,204.94539163590494,208.05148569437216,195.5032274145481,204.13551330566406,59664100.0
2020-09-08,196.75135022135257,200.11470143736412,192.6543458320582,193.09263610839844,52924300.0
2020-09-09,197.79939929130828,204.6975961946371,196.94187874681947,201.315185546875,45679000.0
2020-09-10,203.3256407346827,204.6023920199661,194.47421668900014,195.6747283935547,35461500.0
2020-09-11,197.41831048120244,198.78080929672177,191.73968373953392,194.39796447753906,33620100.0
2020-09-14,194.59808088373535,199.32391711756875,194.3979883338327,195.7128448486328,30375800.0
2020-09-15,198.5807616392044,199.876558392904,197.16109736380568,198.92376708984375,21823900.0
2020-09-16,200.67688206363792,200.70546463715695,194.97919463994998,195.36984252929688,26328100.0
2020-09-17,190.6059181755765,194.6838641124589,190.5201704407382,193.33090209960938,34011300.0
2020-09-18,193.22599330315532,194.03585682780704,186.98521013368173,190.9297637939453,55225300.0
2020-09-21,187.88086351056623,193.14027401034622,187.109105110719,192.97828674316406,39839700.0
2020-09-22,195.37935717841205,198.27585050912126,192.54004353083127,197.62794494628906,33517100.0
2020-09-23,198.08527768743798,198.27584755147745,190.58681585985815,191.12037658691406,30803800.0
2020-09-24,190.41532195894766,195.86528863786586,189.79599897271996,193.59764099121094,31202500.0
2020-09-25,193.94064144048286,199.17145554804117,192.9783130746284,198.00906372070312,29437300.0
2020-09-28,200.92457264876782,202.53479178027638,198.23769502469003,199.55255126953125,32004900.0
2020-09-29,199.4668389966685,200.1528498081341,197.04674126220954,197.47549438476562,24221900.0
2020-09-30,197.9232806684825,201.97264262940195,196.78945699327505,200.40054321289062,33829100.0
2020-10-01,203.41136629321662,203.88776181773622,201.34381146141408,202.42999267578125,27158400.0
2020-10-02,198.18055856092133,201.02940932407267,195.83668594256645,196.4560089111328,33154800.0
2020-10-05,197.4373880733873,200.47679424204267,197.2087129579813,200.44821166992188,21331600.0
2020-10-06,198.96181896017427,200.2576007330671,195.15065504902162,196.18919372558594,28554300.0
2020-10-07,197.2848982124782,200.1909136124036,196.960952768142,199.92413330078125,25681100.0
2020-10-08,200.57204581462975,201.21995131159426,198.48544555341942,200.6387481689453,19925800.0
2020-10-09,201.25807145801653,205.6694991548574,201.25807145801653,205.62185668945312,26458000.0
2020-10-12,208.4611818961351,213.29184029670688,206.574659376011,210.94796752929688,40461400.0
2020-10-13,212.20564485549392,214.57810003901824,210.02374499317224,212.3390350341797,28950800.0
2020-10-14,212.47242892410338,213.634835303714,208.78513178296774,210.43345642089844,23421700.0
2020-10-15,206.85095716605545,209.9570509713848,205.81240380006528,209.29010009765625,22733100.0
2020-10-16,209.7569584400469,211.79593084741057,208.96615460733648,209.29010009765625,26057900.0
2020-10-19,210.01423617140503,211.80548829345503,203.6305379900933,204.10693359375,27625800.0
2020-10-20,205.612335379117,207.10820994137202,203.03026493680252,204.51661682128906,22753500.0
2020-10-21,203.05883403594683,206.67944311393921,203.05883403594683,204.65953063964844,22724900.0
2020-10-22,203.83061434447285,205.86006425184692,201.70589404020626,204.74530029296875,22351500.0
2020-10-23,204.87867200393134,206.06966089598714,203.09695727371624,206.0220184326172,18879600.0
2020-10-26,203.7543489229857,206.12678906584026,198.2758010021591,200.16232299804688,37111600.0
2020-10-27,201.60108711313487,204.53568576239945,200.4005754314339,203.18272399902344,36700300.0
2020-10-28,197.86615845641646,198.9809224817039,192.559118718675,193.11172485351562,51195600.0
2020-10-29,194.43614186429846,197.57081907484408,193.7691762745103,195.05545043945312,31432600.0
2020-10-30,193.89301013017186,194.64570878486924,190.19617560413607,192.91163635253906,36953700.0
2020-11-02,194.64569121058761,195.58895965178482,190.67255399086878,192.77822875976562,30842200.0
2020-11-03,194.26460898474699,198.29491193475644,193.5309556454268,196.6846923828125,27512000.0
2020-11-04,203.91637379335975,208.01337880275392,202.39190207967457,206.1744842529297,42311800.0
2020-11-05,211.55774456042553,213.5395519346152,210.7097610023845,212.7487335205078,36080100.0
2020-11-06,211.7673657242911,213.7682330487648,207.73706304101447,213.158447265625,25231900.0
2020-11-09,213.84443666623005,217.35070093341986,207.59412938058674,208.08004760742188,44395000.0
2020-11-10,204.37369285917435,206.27927507697552,199.81935252170467,201.04844665527344,44045100.0
2020-11-11,202.36330501469286,207.74656901719345,202.1822723760831,206.32691955566406,29440800.0
2020-11-12,206.95579271890833,208.76609026899308,204.33561679521472,205.26934814453125,21593900.0
2020-11-13,206.1458902459224,207.15584652138176,204.04975265970353,206.28880310058594,18621100.0
2020-11-16,204.72620505613375,207.4607252129614,204.3927369169169,206.97479248046875,24953300.0
2020-11-17,205.8982095031995,207.40360699084584,203.97356697130948,204.33563232421875,24154100.0
2020-11-18,204.0967541671124,205.54879230047052,201.49837627647196,201.6416778564453,28372800.0
2020-11-19,201.92829274858192,203.5045082981434,200.54311684420654,202.92178344726562,24792700.0
2020-11-20,202.71159322047438,203.75285098407457,200.60996790062518,200.98252868652344,22843100.0
2020-11-23,201.5175090959758,202.79758839493735,198.8522684913318,200.71507263183594,25683500.0
2020-11-24,200.21829000165692,204.66992405352661,199.52093564872897,204.29736328125,33979700.0
2020-11-25,205.49148995634454,205.66343437093508,202.95998889819435,204.3069305419922,21012900.0
2020-11-27,205.2431262455821,206.59963010957043,204.46933263042834,205.6061248779297,14512200.0
2020-11-30,204.52667376224022,205.15715124474664,201.41243305795305,204.49801635742188,33064800.0
2020-12-01,204.91830024990742,207.60266491805436,203.81018007832992,206.54229736328125,30904500.0
2020-12-02,205.27178751909085,205.83540256077225,203.28479159484732,205.7398681640625,23724500.0
2020-12-03,205.01383612716327,206.70469566225796,204.0967555691371,204.66038513183594,25120900.0
2020-12-04,204.64128501141468,205.74941981992606,203.6477798118867,204.7750244140625,24666000.0
2020-12-07,204.78460026787678,205.90228283912765,203.46631585323672,204.7081756591797,24620000.0
2020-12-08,204.40245069453582,207.24919755761567,203.3707405493624,206.35122680664062,23284100.0
2020-12-09,205.53925857408703,205.60612098805632,201.76588327062407,202.32949829101562,32440600.0
2020-12-10,202.30085761828587,203.55227955829025,200.95390127727993,201.10675048828125,26733300.0
2020-12-11,200.65775387019116,203.7815420297955,199.75978302617932,203.72421264648438,30979400.0
2020-12-14,203.57135650628612,206.54229514941832,203.36119251919632,204.62216186523438,28798400.0
2020-12-15,205.54880373486253,205.78762513826916,202.74982388365729,204.55531311035156,27000600.0
2020-12-16,205.14757883974474,210.2679101449516,205.11892143839012,209.4750213623047,35023300.0
2020-12-17,210.03864025323077,211.01303564686324,208.17583624812565,209.6087646484375,32515800.0
2020-12-18,208.81588745117188,209.86670750037604,206.36081090203456,208.81588745117188,63354900.0
2020-12-21,207.82236095933965,213.9839494454833,207.56442979599882,212.63699340820312,37181900.0
2020-12-22,212.73254404895405,215.54108593235114,211.93010767555515,213.92665100097656,22612200.0
2020-12-23,213.13375024434208,213.5636258075844,210.9270430533982,211.13720703125,18699600.0
2020-12-24,211.51933959585654,213.6114174296126,211.30917559396767,212.7898712158203,10550600.0
2020-12-28,214.413857010838,215.92321005733746,213.04780555492192,214.90106201171875,17933500.0
2020-12-29,216.1906940710148,217.0217879256929,213.58276831645435,214.1272735595703,17403200.0
2020-12-30,215.15901342612628,215.5411364862988,211.56714411953038,211.7677459716797,20272300.0
2020-12-31,211.78684824399883,213.02872263655303,209.85716694407625,212.4746551513672,20942100.0
2021-01-04,212.57972552709433,213.0287109719447,205.2049187614072,207.95614624023438,37130100.0
2021-01-05,207.54534083146888,208.7490099968448,206.055097651957,208.15672302246094,23823000.0
2021-01-06,202.6829748052678,206.8098162211592,202.46326316529786,202.7593994140625,35930700.0
2021-01-07,204.46930296341804,209.53231905241694,204.15407157426245,208.52926635742188,27694500.0
2021-01-08,208.90181875821585,210.71686988995043,207.32560356953795,209.79978942871094,22956200.0
2021-01-11,208.70128216910732,209.12161023779376,207.03907969107567,207.76510620117188,23031300.0
2021-01-12,206.81932437348303,207.392501541839,203.78152328009872,205.31951904296875,23249300.0
2021-01-13,204.45026376719755,207.06773743766976,204.36427697009498,206.66651916503906,20087100.0
2021-01-14,206.2556933016969,207.73638872403765,203.22744005260643,203.4949188232422,29480800.0
2021-01-15,203.97257256514928,204.91829592070977,202.5491918631282,203.14146423339844,31746500.0
2021-01-19,204.1922881817282,207.2778564550541,203.12237302041416,206.7620086669922,30480900.0
2021-01-20,207.9656807925922,215.69393811736836,207.5740101820579,214.30877685546875,37777300.0
2021-01-21,214.65269804702655,216.18116102733734,212.4746477748108,214.91062927246094,30709400.0
2021-01-22,216.9262332617842,219.7825421565969,215.70346898693128,215.8467559814453,30172700.0
2021-01-25,218.8750073062871,219.505499229493,214.19411422515188,219.2666778564453,33152100.0
2021-01-26,221.49251241957313,223.7087673579532,219.7921052743459,221.94149780273438,49169600.0
2021-01-27,227.35798561441428,229.6888849420293,219.84943979215547,222.48602294921875,69870600.0
2021-01-28,225.07487311695797,231.79053068312115,224.5781204522102,228.2464141845703,49111200.0
2021-01-29,225.437858347954,227.377086987308,221.00533366135892,221.5880584716797,42503100.0
2021-02-01,224.54944639154158,231.65677408115855,222.0370404246548,228.9342041015625,33314200.0
2021-02-02,230.51041491917857,231.47524811392537,228.0171189555544,228.80044555664062,25916300.0
2021-02-03,228.85777682234598,234.13094280778196,228.5616260438529,232.1343994140625,27158100.0
2021-02-04,231.80961934520695,232.36368677142988,229.6220070436973,231.1886749267578,25296100.0
2021-02-05,231.3988203649493,232.40187313232684,229.66975580932288,231.3701629638672,18054800.0
2021-02-08,232.27770003844776,232.78400026698355,230.04233511511973,231.62811279296875,22211900.0
2021-02-09,231.05492843301977,233.81570329400722,230.58684780779984,232.86997985839844,23565000.0
2021-02-10,234.04497905294213,234.92384008224641,230.11875453556536,231.96246337890625,22186700.0
2021-02-11,233.83482672549016,234.1882777613112,231.32242073183644,233.55780029296875,15751100.0
2021-02-12,233.0228918635856,234.33164351069243,231.87655165326743,234.03550720214844,16561100.0
2021-02-16,234.0736321982964,235.12445220145085,232.05797897515586,232.8031005859375,26728500.0
2021-02-17,231.06050473804564,233.92337823277546,230.6966554202905,233.81805419921875,21653500.0
2021-02-18,231.5200582564853,233.5594929778077,230.62001931004644,233.42544555664062,16925600.0
2021-02-19,233.38715100673053,233.49247502338264,229.96891987453535,230.725341796875,25262600.0
2021-02-22,227.32628051507058,227.81459302124637,222.51969763144905,224.5399932861328,36446900.0
2021-02-23,220.53768137594562,224.84636699354783,219.00569842343597,223.35269165039062,30228700.0
2021-02-24,220.23128425603434,225.20063745920083,219.26422894259488,224.57827758789062,26339700.0
2021-02-25,222.21328121333582,224.61656504128703,218.19184422785054,219.25465393066406,39542200.0
2021-02-26,221.6866653597495,225.3634069812622,219.7812635364305,222.5005340576172,37819200.0
2021-03-01,225.87092094675552,227.37418084242998,223.23783468700705,226.86671447753906,25324000.0
2021-03-02,226.93370515768925,227.21138422250442,223.5250580328917,223.9272003173828,22812500.0
2021-03-03,222.28990807796603,223.64953616836328,217.59821886567516,217.88546752929688,34029500.0
2021-03-04,217.10029770775316,222.60584009805365,214.72572281842437,217.09071350097656,44727800.0
2021-03-05,219.7621508732522,223.35272272073442,216.8322465833186,221.75372314453125,41872800.0
2021-03-08,221.53346048244356,223.44843187162684,217.47373048782126,217.72267150878906,35267400.0
2021-03-09,222.97930254117327,225.37301709229348,221.82073826999846,223.84103393554688,33080500.0
2021-03-10,226.92416673270142,226.92416673270142,222.17503006378618,222.53887939453125,29746800.0
2021-03-11,224.97085693103975,229.0018637332939,224.3484824311404,227.04859924316406,29907600.0
2021-03-12,224.06123394821893,225.794295419288,223.3143962358568,225.72726440429688,22653700.0
2021-03-15,224.97085635878273,225.19107398861252,221.9547675055726,224.8272247314453,26034900.0
2021-03-16,226.23473065851354,229.8540256057872,225.9091890116329,227.60394287109375,28092200.0
2021-03-17,226.11024066099444,228.4082150912853,223.31438418936858,226.96240234375,29562100.0
2021-03-18,222.6728724798709,224.23357884907625,220.53768345561124,220.91110229492188,34833000.0
2021-03-19,221.19839857081604,222.5867502154878,219.5993988575651,220.556884765625,46430700.0
2021-03-22,220.48025713428592,226.82837799232317,220.35577930626062,225.9570770263672,30127000.0
2021-03-23,227.3932914605699,230.8019383245051,226.99114920685457,227.47946166992188,31638400.0
2021-03-24,227.73795974130874,227.88157673976337,225.31552230023377,225.44956970214844,25620100.0
2021-03-25,225.29641418401795,226.86669032919292,221.72499620085964,222.46224975585938,34061900.0
2021-03-26,221.70584100914797,226.6464712680149,221.70584100914797,226.42623901367188,25479900.0
2021-03-29,226.53154963057577,226.7326280661036,222.02179993878485,225.23895263671875,25227500.0
2021-03-30,223.60162615517325,223.90802858077555,221.27494300230194,221.99305725097656,24792000.0
2021-03-31,223.00801949174152,228.9348588863674,222.51012278869996,225.74642944335938,43623500.0
2021-04-01,228.3316122475615,232.51582001169837,227.92947001346326,232.04666137695312,30338000.0
2021-04-05,232.4392400726803,239.333149299018,232.38179326413973,238.48098754882812,36910600.0
2021-04-06,237.0830467757603,238.79693983718127,236.38408627016022,237.32241821289062,22931900.0
2021-04-07,237.2745539833188,240.2619050069019,236.68091746198468,239.27569580078125,22719800.0
2021-04-08,242.02368727871396,243.33543813605917,241.28641912944224,242.4832763671875,23625200.0
2021-04-09,242.11941451808443,245.10677996320857,241.70770266251623,244.9727325439453,24326800.0
2021-04-12,243.88121709356932,246.71538151960232,243.79503226701306,245.0301971435547,27148700.0
2021-04-13,246.3228146667329,248.17075531097734,245.91107355136577,247.50050354003906,23837500.0
2021-04-14,246.53344753840463,247.82602995681816,244.3120735305234,244.72378540039062,23070900.0
2021-04-15,246.96434562701037,248.87931753907836,246.77286596789506,248.4676055908203,25627500.0
2021-04-16,248.43886488991882,249.90381713188594,246.64837095197575,249.6548614501953,24878600.0
2021-04-19,249.12823427121432,250.3633991429451,246.85899758557616,247.7398681640625,23209300.0
2021-04-20,246.85899261240542,249.13781346064496,245.92064602191053,247.28028869628906,19722900.0
2021-04-21,247.93132571117533,249.59734131890556,246.31317269579569,249.5015869140625,24030400.0
2021-04-22,249.14736906186104,250.65062876395623,244.77166660182715,246.23663330078125,25606200.0
2021-04-23,246.91647116846514,250.3921496973052,246.33238956883352,250.0474395751953,21462600.0
2021-04-26,250.53578909343992,251.28262700113714,249.1091443105685,250.43045043945312,19763300.0
2021-04-27,250.45910133423507,252.00066853516242,249.06118036716788,250.83253479003906,31014200.0
2021-04-28,245.19294722116507,245.63341172122958,242.19602664584554,243.73757934570312,46903100.0
2021-04-29,244.59932929978729,245.21211962839484,238.41396459315484,241.7747344970703,40589000.0
2021-04-30,239.12250247688505,242.32050145587482,238.9884550529176,241.45875549316406,30945100.0
2021-05-03,242.62688061963894,243.5365037605011,240.44381430171563,241.15235900878906,19626600.0
2021-05-04,240.30021407384137,240.53001592707363,235.31170659255298,237.25540161132812,32756100.0
2021-05-05,238.47140072187236,238.89269679330795,235.36915621416165,235.99151611328125,21901300.0
2021-05-06,235.9723779697014,239.23740812996687,234.28720818218096,239.11293029785156,26491100.0
2021-05-07,241.43005005006262,243.48865338351683,240.4917180124829,241.7268829345703,27032900.0
2021-05-10,240.20445051351808,241.027888860357,236.61387887498904,236.67132568359375,29299900.0
2021-05-11,234.15311934831823,236.1159678588581,232.25730184631848,235.76168823242188,33641600.0
2021-05-12,231.8743241677581,233.99037412051345,227.94864132759164,228.83909606933594,36684400.0
2021-05-13,231.52011128497193,235.1585609058261,231.15626193986358,232.69781494140625,29624300.0
2021-05-14,235.13936672439027,238.58630687070132,235.05319650799913,237.60009765625,23901100.0
2021-05-17,236.06814374823256,236.1064367545311,233.16696273612823,234.75637817382812,24970200.0
2021-05-18,235.80003330084318,235.9340807291474,232.5732962029695,232.7456512451172,20168000.0
2021-05-19,229.66504486622338,233.42705466326876,228.98366832095294,233.3214874267578,25739800.0
2021-05-20,234.1275955514667,237.95677572091842,234.03162003124936,236.5460205078125,21800700.0
2021-05-21,237.59214525609582,238.32150955677835,234.8762015382512,235.2888641357422,21863100.0
2021-05-24,237.80326133368715,241.03744947626555,237.53454740378538,240.67276000976562,21411500.0
2021-05-25,241.62283212210016,242.56333074837534,240.71112322411236,241.57484436035156,17704300.0
2021-05-26,241.29654712947791,242.74569859585426,240.64396036767923,241.35414123535156,17771600.0
2021-05-27,241.04701456893127,241.34451819821592,239.20439869133438,239.26197814941406,24426200.0
2021-05-28,240.88388744430432,241.920361705306,239.50192176296875,239.61708068847656,18270200.0
2021-06-01,241.10461065045544,241.16219011250507,237.00671606727997,237.42897033691406,23213300.0
2021-06-02,238.12952724758492,239.22358080973967,235.93181378502837,237.33297729492188,19406700.0
2021-06-03,235.33682647405521,236.41168209445024,233.20629862376543,235.8070831298828,25307700.0
2021-06-04,237.77444746130055,241.50766701250188,237.53452328797448,240.6823272705078,25281100.0
2021-06-07,239.90501722392213,243.84937190857218,239.7418705148018,243.58065795898438,23079200.0
2021-06-08,244.87622075345962,245.69196883019157,242.3330156367018,242.39060974121094,22455000.0
2021-06-09,243.58064130243469,245.23132096206123,243.00483201146952,243.3695068359375,17937600.0
2021-06-10,244.0412580022731,247.08349466686664,243.44625075720447,246.8723602294922,24563600.0
2021-06-11,247.592131538484,248.07197986770322,246.2677454638202,247.49618530273438,18999700.0
2021-06-14,247.50580232220523,249.47319836227948,246.45012996992423,249.41561889648438,19150500.0
2021-06-15,249.30041102216592,249.51154547597605,247.29464835477967,247.94723510742188,18038900.0
2021-06-16,248.9453365777258,250.0777717386489,244.16605075768612,247.0067596435547,27220000.0
2021-06-17,245.74955009057246,251.2006205192293,245.6919706294516,250.38487243652344,27565500.0
2021-06-18,249.16605688845348,251.7284306556283,248.32151911327628,248.97410583496094,37202200.0
2021-06-21,249.348390258595,252.89925028570661,247.52497248384933,252.04513549804688,26696100.0
2021-06-22,252.13155021525452,255.077826487449,251.82444020322416,254.80911254882812,24694100.0
2021-06-23,255.2696875528627,256.07582917695146,253.77256320989562,254.57870483398438,19518700.0
2021-06-24,255.43295112873392,257.05484136424496,254.77075787103402,255.94158935546875,21446900.0
2021-06-25,255.500014248556,256.47889415229423,254.0892591971492,254.33876037597656,25611100.0
2021-06-28,255.46167788886962,258.06244785704735,255.1929639728323,257.88970947265625,19590000.0
2021-06-29,258.03363852255484,260.70159408895256,257.1795237173201,260.461669921875,19937800.0
2021-06-30,259.7803139253489,260.42329434263524,258.7342479891088,259.9818420410156,21656500.0
2021-07-01,258.7438394636373,260.8839738651738,258.7342624112472,260.6536560058594,16725300.0
2021-07-02,261.82442575900615,266.7956469721209,261.51731582698903,266.4597473144531,26458000.0
2021-07-06,266.8244739642971,268.11046403566195,263.244794707822,266.4693908691406,31565600.0
2021-07-07,268.13925010791996,269.3772670421519,265.97993254914314,268.64788818359375,23260000.0
2021-07-08,265.74001367275713,267.49627505663517,263.791830519067,266.23907470703125,24618600.0
2021-07-09,264.60757033893503,266.84365072149694,264.2236975236495,266.73809814453125,23916700.0
2021-07-12,267.9089660643457,268.4943670627255,265.432931883586,266.14312744140625,18931700.0
2021-07-13,266.3350372176916,271.45023740575635,266.2103012391227,269.6556091308594,26120100.0
2021-07-14,270.97034639354206,272.2275466221714,269.2428749057434,271.1239013671875,23113700.0
2021-07-15,270.6344591814496,271.1239138520069,268.5519045345298,269.70355224609375,22604200.0
2021-07-16,270.7016516270204,272.6498347308158,268.19682804350134,269.4348449707031,26186800.0
2021-07-19,267.688182240101,269.0701477729701,263.38875994905754,265.8455810546875,32935600.0
2021-07-20,266.82454376019746,269.6460551565443,265.1258906899996,268.06256103515625,26259700.0
2021-07-21,267.6594129528652,270.173813707087,266.11431527092736,270.05865478515625,24364300.0
2021-07-22,272.40037599811654,274.87641050496023,271.99731968429404,274.6076965332031,23384100.0
2021-07-23,275.78807157831795,278.30247257073574,274.9531400276046,277.9953918457031,22768100.0
2021-07-26,277.35241749273354,278.0146107287194,275.087546757428,277.400390625,23176100.0
2021-07-27,277.76508615374064,277.9090348412776,271.54626855112554,274.9915771484375,33604100.0
2021-07-28,277.34276730213355,278.4560190983951,272.3907283274344,274.6844177246094,33566900.0
2021-07-29,274.70353348763825,276.9876159825094,274.5499785237899,274.95306396484375,18168300.0
2021-07-30,273.67677665869513,275.1067156613807,272.46754919796103,273.42724609375,20944800.0
2021-08-02,274.8187014564499,275.2121805728668,272.30430107664915,273.3407897949219,16267400.0
2021-08-03,273.91665931799884,275.6537080927837,272.5538770462147,275.5481262207031,17879000.0
2021-08-04,274.6844177660965,275.99919768889043,273.1776867693029,274.9627380371094,16191300.0
2021-08-05,275.31782556305,277.9569917907823,274.569263222689,277.8514099121094,13900200.0
2021-08-06,276.8821592862468,277.83224983592555,276.02801499553067,277.7938537597656,16589300.0
2021-08-09,278.07213285524966,279.7995752873609,276.2103188203015,276.7093505859375,16117600.0
2021-08-10,277.1603778240849,277.592253026987,273.70549335133626,274.8955078125,18616600.0
2021-08-11,275.63454156443856,277.02611380022,274.3389448772672,275.3850402832031,13955900.0
2021-08-12,275.0778712144452,278.2832546943312,274.7995509694879,278.12969970703125,14561300.0
2021-08-13,277.81303719840986,281.09518381779094,277.64026951768847,281.0472106933594,18249000.0
2021-08-16,281.37344781790824,282.9377579581513,278.33119671669976,282.72662353515625,22507600.0
2021-08-17,280.60571955216835,281.6037829881996,279.34848998709674,281.26788330078125,20075300.0
2021-08-18,280.8063906085156,283.4794538884407,279.1044566907851,279.5467834472656,21813000.0
2021-08-19,277.5852494378773,286.0275166816487,277.53718447593633,285.35443115234375,29850500.0
2021-08-20,288.190963446094,294.0755466635113,286.5948135303095,292.6524658203125,40817600.0
2021-08-23,291.5851936801916,293.6524859694501,290.23905191116444,292.93133544921875,22830200.0
2021-08-24,293.287107016583,293.89287816648005,290.3832847329818,290.97943115234375,18175800.0
2021-08-25,292.5947749618287,292.8736280290071,288.86404781166596,290.39288330078125,20006100.0
2021-08-26,289.4120831267804,290.79669430920046,287.4505750714238,287.5851745605469,17666100.0
2021-08-27,287.4890486022759,289.29673726337023,285.4121315880625,288.19097900390625,22605700.0
2021-08-30,289.53711917376893,292.51788050210155,289.47942948011064,291.912109375,16348100.0
2021-08-31,292.7102186066526,292.7871284221074,289.9025261716433,290.2679138183594,26285300.0
2021-09-01,291.2198217734967,293.45058787896966,289.8929000496603,290.2198181152344,18983800.0
2021-09-02,290.57554613458024,291.69089959705036,288.6332289446876,289.56591796875,16285600.0
2021-09-03,289.4120818879158,290.96016674016533,288.7101809142856,289.55633544921875,14747900.0
2021-09-07,289.43139052137866,289.50830033860336,286.7294820320938,288.63330078125,17180400.0
2021-09-08,288.2487482256034,289.04680877491893,286.0276063636373,288.6622009277344,15046800.0
2021-09-09,289.2486006282176,290.51783226857776,285.5755345221825,285.81591796875,19927000.0
2021-09-10,286.9409832920089,288.38328426235665,284.01791177587137,284.335205078125,19633400.0
2021-09-13,286.1043439818587,287.0562823094887,282.7678208308099,285.5658874511719,23652900.0
2021-09-14,288.0371678804035,289.796791808923,286.6333362364003,288.2583312988281,21853400.0
2021-09-15,291.5947969733447,293.57555457579934,290.2101857287975,293.09478759765625,28356300.0
2021-09-16,292.07553887775646,293.565904644582,289.19093725653136,293.4793701171875,19550800.0
2021-09-17,292.4697880609758,292.7870813462865,288.0082565459675,288.3351745605469,41372500.0
2021-09-20,284.93137463486613,287.22945511957835,278.38333004418814,282.9794616699219,38278700.0
2021-09-21,284.31595379410885,286.09479733126966,282.7582736118841,283.4601745605469,22364100.0
2021-09-22,285.3160036325235,288.6717480113228,283.18139690958066,287.0948181152344,26626300.0
2021-09-23,287.35436759230095,289.32550004600563,286.08513599744964,288.03704833984375,18604600.0
2021-09-24,286.7582917069234,288.26787776636394,285.5082799167376,287.835205078125,14999000.0
2021-09-27,284.7486540480037,285.0659473135494,281.67173392975803,282.85443115234375,23571700.0
2021-09-28,278.6525686782069,279.59488265396965,271.87376505360436,272.6141357421875,43186200.0
2021-09-29,274.13328506202356,275.73903003346476,272.1236829939495,273.0755920410156,26353700.0
2021-09-30,274.71984547108286,276.7582926672313,270.78717529668586,271.0756530761719,32343600.0
2021-10-01,271.26797413672585,278.8256468235506,270.4699138080857,277.9794921875,30086300.0
2021-10-04,276.34480630440487,276.6813490007705,269.4698455515758,272.2198181152344,31350700.0
2021-10-05,273.1237412861691,279.22948850924683,273.1237412861691,277.652587890625,24993000.0
2021-10-06,274.7871740588591,282.3352215175468,274.5275704532508,281.835205078125,28002600.0
2021-10-07,283.82556353271264,285.2294241243567,282.61405079814455,283.5082702636719,20430500.0
2021-10-08,284.8255669837104,285.2294241243567,282.4602018561691,283.5082702636719,17685700.0
2021-10-11,281.6525631685585,286.50829832033395,281.489089470964,282.91217041015625,19298600.0
2021-10-12,283.97947083828177,284.0756301147398,281.10449333744236,281.6141052246094,17974100.0
2021-10-13,283.5659677751689,285.8447984376841,282.20057671725624,284.912109375,23416300.0
2021-10-14,287.70053210668726,291.6043571503594,286.3736107122371,291.1043701171875,27262900.0
2021-10-15,290.71014559366176,292.7389973101157,288.96014691464524,292.5082092285156,25384800.0
2021-10-18,291.89287998601975,296.3543824347761,291.04672538099135,295.46978759765625,22729300.0
2021-10-19,296.489006090617,297.40244575766764,295.4024680074294,296.3736267089844,17682100.0
2021-10-20,297.3159547433428,297.7871264122316,294.3351931255189,295.585205078125,16537100.0
2021-10-21,295.3543411817938,299.05622272309887,294.5754718315381,298.8062438964844,16918100.0
2021-10-22,298.46017618446604,299.1236370552111,295.96018167739544,297.26788330078125,17449300.0
2021-10-25,297.4601644586546,297.49863403751334,294.6717215370627,296.2774963378906,17554500.0
2021-10-26,299.03711491126865,300.38325682669654,296.7294388642933,298.18133544921875,28107300.0
2021-10-27,303.8447708537641,313.55627098080305,303.8447708537641,310.7389831542969,52588700.0
2021-10-28,311.854255182052,312.37349166816404,308.9984985239614,311.8735046386719,26297900.0
2021-10-29,311.66195187331414,319.22921810139104,311.44078853801216,318.86383056640625,34766000.0
2021-11-01,318.6138212622399,318.7388253494163,313.8157770598035,316.70037841796875,27073200.0
2021-11-02,317.60429349098206,320.62352433879016,317.30622029819705,320.3158264160156,26487100.0
2021-11-03,321.05615397648955,322.0176878484429,317.9311688926411,321.1523132324219,21500100.0
2021-11-04,320.08504044542997,323.59463338175044,316.83505110356475,323.49847412109375,23992200.0
2021-11-05,325.4888262621695,325.7580545608874,321.55615641775836,323.133056640625,22570100.0
2021-11-08,324.3253558608429,324.6618985770728,321.57538313486805,324.02728271484375,20897000.0
2021-11-09,324.1427279377186,325.69081300942594,321.6619830119795,323.0273742675781,21307400.0
2021-11-10,321.7004414585655,321.75813115179415,317.22931417120816,318.075439453125,25500900.0
2021-11-11,318.50815807964443,320.93121335247633,317.79663226365136,319.64276123046875,16849800.0
2021-11-12,321.07544724155895,324.2581224444753,320.95044312615977,323.7677307128906,23831000.0
2021-11-15,324.5561868329157,324.88310486387337,321.1811931834564,323.1427307128906,16723000.0
2021-11-16,322.7677173822912,327.5657918667416,322.60427303916015,326.4504089355469,20886800.0
2021-11-17,326.4985808420445,329.62928356256526,325.59308293416547,326.6719665527344,19053400.0
2021-11-18,325.7664394516795,329.87971962558396,324.7453511615108,328.7430114746094,22463500.0
2021-11-19,330.06278336471644,332.43247631359634,329.6389320213559,330.5155029296875,21963400.0
2021-11-22,331.9700164889101,336.83466359463443,327.086114106962,327.3558349609375,31031100.0
2021-11-23,324.6779107140383,326.98983755172486,321.3160273770026,325.2847900390625,30427600.0
2021-11-24,323.9362057016911,325.7472014512142,321.65320573565054,325.5063781738281,21661300.0
2021-11-26,322.07705238453224,325.5256287318422,316.0757258160542,317.5784606933594,24217200.0
2021-11-29,322.6453783318279,326.58524340078264,322.4527079617969,324.2733459472656,28563500.0
2021-11-30,323.011403387591,325.3810958451543,316.91374246967,318.45501708984375,42885600.0
2021-12-01,322.82836149169225,326.8260212365159,317.29906952934004,317.9637145996094,33337600.0
2021-12-02,318.17571186769004,321.24861933110265,315.7674790215907,317.39544677734375,30766000.0
2021-12-03,319.8036423557392,320.48760157043654,306.3560799414712,311.1532897949219,41779300.0
2021-12-06,312.05881608344686,315.43034198292435,307.512071408828,314.2165832519531,30032600.0
2021-12-07,319.46655926353213,323.47383295914125,317.98307955857507,322.62615966796875,31021900.0
2021-12-08,323.0018325584716,323.18486061373886,318.657370926668,322.67431640625,24761000.0
2021-12-09,322.1348670016077,324.13850382611764,319.92891744874584,320.8729553222656,22214200.0
2021-12-10,322.6839967805655,330.4095983812338,322.5009687037244,329.96649169921875,38095700.0
2021-12-13,328.17469493292174,331.1705518397965,326.6334200526802,326.9416809082031,28899400.0
2021-12-14,320.9885338086704,322.3564229704473,312.2129182210804,316.28765869140625,44438700.0
2021-12-15,316.54775928331173,322.88624490056276,312.5886384053127,322.3660583496094,35381100.0
2021-12-16,323.3871030361662,324.39857838163,311.1629118249928,312.9739074707031,35034800.0
2021-12-17,309.101507137352,312.993219650069,305.6047483392989,311.914306640625,47750300.0
2021-12-20,308.30192948085835,310.95098537340476,305.9129815266249,308.1670837402344,28326500.0
2021-12-21,311.42304210587787,315.7000659257097,308.06112911488344,315.2762145996094,24740600.0
2021-12-22,316.24913921677904,321.36422365049356,313.7927533668709,320.96929931640625,24831500.0
2021-12-23,320.535841239844,324.0422429151626,320.51658595716066,322.4046325683594,19617800.0
2021-12-27,323.146261644818,329.90859732114507,323.1173640307042,329.87969970703125,19947000.0
2021-12-28,330.55406718206604,331.18984424383433,327.827960266222,328.72381591796875,15661500.0
2021-12-29,328.7718768270416,331.6617557188024,327.2113469290697,329.3980407714844,15042000.0
2021-12-30,329.35948814109423,330.53470668772496,326.38291652486487,326.86456298828125,15994500.0
2021-12-31,326.08434561446063,326.90312120375734,323.5219825277928,323.9747314453125,18000800.0
2022-01-03,323.0403535774783,325.59307446526094,317.67480384527,322.4623718261719,28865100.0
2022-01-04,322.5394184991603,322.89586164300437,314.1491437576021,316.9330749511719,32674300.0
2022-01-05,313.89872484330033,314.10103759223983,304.381412211663,304.7667236328125,40054300.0
2022-01-06,301.65524488813156,307.0015395240339,300.0561747269668,302.35845947265625,39646100.0
2022-01-07,302.61852137240913,304.88226603603744,298.7075537396608,302.5125732421875,32720000.0
2022-01-10,298.1295606763108,303.16759397911807,293.50576573261736,302.7341003417969,44289500.0
2022-01-11,301.87672479360623,304.9881419544368,298.51484207901257,303.4179992675781,29386800.0
2022-01-12,307.9359447652065,311.5386518627093,305.4409895513784,306.5873107910156,34372200.0
2022-01-13,308.70663691113964,309.10159073261724,292.84119344560895,293.61181640625,45366000.0
2022-01-14,293.08196170663894,299.4108052070794,292.6003150974251,298.8135681152344,39846400.0
2022-01-18,292.90847722270786,298.4281266889173,290.66398831801524,291.54058837890625,42333200.0
2022-01-19,295.0470474103309,302.3873360187906,291.58882876082123,292.1956787109375,45933900.0
2022-01-20,297.72506851398765,300.21035230338873,290.0861596688608,290.5292663574219,35380700.0
2022-01-21,291.57917037846426,292.9470300221771,284.7590392453866,285.16363525390625,57984400.0
2022-01-24,281.47429461593225,286.2040385232011,265.9170853754429,285.4912109375,85731500.0
2022-01-25,280.8192289411712,284.1618575908213,274.7023405114224,277.90045166015625,72848600.0
2022-01-26,296.6845769938161,297.17586579012413,282.2737231433276,285.8186340332031,90428900.0
2022-01-27,291.5502640782282,296.01992832954136,286.9938775868818,288.8337707519531,53481300.0
2022-01-28,289.2094904507192,297.1566583183815,283.64165765387617,296.9447326660156,49743700.0
2022-01-31,297.60945731115953,300.91354605848886,295.1241442973268,299.56494140625,46444500.0
2022-02-01,299.01585004253747,299.2277757254821,293.92966304924204,297.4264221191406,40950400.0
2022-02-02,298.26445765509385,303.5529275513087,297.54198780490606,301.953857421875,36636000.0
2022-02-03,298.12963558096607,299.8057859220167,288.94945155948216,290.1921081542969,43730000.0
2022-02-04,289.1902496798736,297.4649349215722,288.95906871396625,294.7099304199219,35096500.0
2022-02-07,294.9314984801919,296.54018169712276,288.8916311687313,289.9031066894531,28533300.0
2022-02-08,290.19208646707324,294.3438779498826,288.93981702301244,293.3805847167969,32421200.0
2022-02-09,298.4956895318713,300.48007137385594,296.10674096728,299.7864990234375,31284700.0
2022-02-10,292.8796180366124,297.7731336434456,289.6622228774468,291.2805480957031,45386200.0
2022-02-11,292.06085534207085,293.12048369685596,283.4201145266006,284.21002197265625,39175600.0
2022-02-14,282.98664750834394,285.8669143164562,280.6554943055546,284.1715087890625,36359500.0
2022-02-15,288.99759771206277,289.75857816176847,286.11733109996294,289.4407043457031,27058300.0
2022-02-16,288.0120067201393,290.42521859996504,283.48481887693396,289.102783203125,29982100.0
2022-02-17,286.07179689190673,286.4965245719969,279.9325995384942,280.63726806640625,32461600.0
2022-02-18,282.87676387601726,283.65864238707985,276.3707522552186,277.93450927734375,34264000.0
2022-02-22,275.10623504920284,281.41920742809083,274.6235925315727,277.7318115234375,41736100.0
2022-02-23,280.10641436358,281.573666522266,270.37635382579157,270.5404357910156,37811200.0
2022-02-24,263.0497467023612,284.91343957149485,262.09409480445356,284.36322021484375,56989700.0
2022-02-25,284.8942092758671,287.2977593325136,281.52534482802724,286.9888610839844,32546700.0
2022-02-28,284.0930236175549,288.7553666251348,282.8285026347826,288.4175109863281,34627500.0
2022-03-01,286.1104916374732,289.5565664408294,282.00803005009567,284.7108459472656,31217800.0
2022-03-02,285.10648754064266,291.00439263836535,283.5041407905039,289.7688293457031,31873000.0
2022-03-03,292.37519352194875,292.6068524998791,283.8420480314748,285.64715576171875,27314500.0
2022-03-04,284.0737820956071,285.39621807063804,277.20095637025474,279.79754638671875,32356500.0
2022-03-07,278.5136987489001,279.63343295977313,268.86084809464484,269.2276611328125,43157200.0
2022-03-08,268.1561527618495,274.10231170934804,260.6269417825075,266.27386474609375,48159500.0
2022-03-09,273.6004011394195,279.54656067391153,271.0327393319232,278.4847412109375,35204500.0
2022-03-10,273.194900626514,276.6506367973392,270.83960329634476,275.6756896972656,30628000.0
2022-03-11,277.9634336750457,279.4596429563479,269.7295545935928,270.34735107421875,27209300.0
2022-03-14,270.6079583933382,275.4922975054639,266.2448813621328,266.8433532714844,30660700.0
2022-03-15,270.6176832217213,277.8283640849266,269.05392607565614,277.1816101074219,34245100.0
2022-03-16,279.07346468655453,284.34394072120614,273.3686576400486,284.1701965332031,37826300.0
2022-03-17,283.1084122705425,285.3478508163391,279.32448255840876,284.9714050292969,30816600.0
2022-03-18,285.1161798417101,290.5507382302181,282.5678431701578,290.0005187988281,43390600.0
2022-03-21,288.5140418634162,289.72064808863075,284.66253476098274,288.774658203125,28351200.0
2022-03-22,289.39242369934766,294.4119173522232,288.39818135350095,293.5045471191406,27599700.0
2022-03-23,290.0777796338965,292.7033557846491,287.3846264690427,289.0931701660156,25715400.0
2022-03-24,288.75537689115174,293.6397167673037,287.9638360996713,293.5431823730469,24484500.0
2022-03-25,294.6338738271322,294.89449010379474,288.9000800753359,293.1376647949219,22566500.0
2022-03-28,293.7651722801995,300.01056743386323,293.7651722801995,299.9140625,29578200.0
2022-03-29,303.01255254853436,304.8562500359702,298.32125314184253,304.4604797363281,30393400.0
2022-03-30,302.8677590054926,304.98173500944773,300.76341581769765,302.9642639160156,28163600.0
2022-03-31,303.0029338565664,304.19990720218783,297.20159145457893,297.60699462890625,33422100.0
2022-04-01,298.6302459022579,299.3638720029751,294.93321694040014,298.67852783203125,27110500.0
2022-04-04,299.3251718788428,304.17089116064096,298.9583589270999,304.0357666015625,24289600.0
2022-04-05,302.39472259793104,303.93918398521856,299.1127605612893,300.08770751953125,23156700.0
2022-04-06,294.5952557982606,296.3424188426022,286.40963049695665,289.102783203125,40110400.0
2022-04-07,286.36141443806906,293.1087462850132,286.06217848359114,290.90789794921875,31411200.0
2022-04-08,290.01021503016705,290.6666017314044,285.99462607140345,286.6606750488281,24361900.0
2022-04-11,281.6605181173394,282.452029428348,275.10622472559214,275.3572082519531,34569300.0
2022-04-12,279.1990191393396,280.64694661427023,270.7527755355778,272.2682800292969,30966700.0
2022-04-13,272.91502579688114,278.5619192143064,271.53464592371415,277.63525390625,21907200.0
2022-04-14,278.0888929332903,278.3012567664223,269.6233558898287,270.1156311035156,28221600.0
2022-04-18,269.2276132247998,272.65436281401867,268.67739376545774,270.7817077636719,20778000.0
2022-04-19,269.6813419887161,276.2356357266572,268.74501431186735,275.39581298828125,22297700.0
2022-04-20,279.35341939656814,279.64302251578187,275.46332277285063,276.4189453125,22906700.0
2022-04-21,278.56186707817085,283.11801238910374,270.3376514098414,271.0616149902344,29454600.0
2022-04-22,271.90151538779514,273.3687676766065,263.8896603846391,264.51708984375,29405800.0
2022-04-25,263.8027323682706,271.351238292918,261.3701954398088,270.97479248046875,35678900.0
2022-04-26,267.8665361916543,268.69666699273034,260.6269000783663,260.8392639160156,46518400.0
2022-04-27,272.30685567741426,280.86892738240044,269.46891592845344,273.3879699707031,63477700.0
2022-04-28,275.2896026631033,280.87861047579827,271.68907938541145,279.5754699707031,33646600.0
2022-04-29,278.59090237715037,279.81683323611406,266.9013146355611,267.8858947753906,37073900.0
2022-05-02,268.0692987483365,275.04832015441815,266.63103347319105,274.5946350097656,35151100.0
2022-05-03,274.10229991297473,274.26641131232816,270.42456669386183,271.99798583984375,25978600.0
2022-05-04,272.77989016075946,280.78211122173315,267.1233340856761,279.9133605957031,33599300.0
2022-05-05,275.6274254599327,276.40930377828715,264.8162240963305,267.72174072265625,43260400.0
2022-05-06,265.26998938550594,269.5558574797056,261.85287196809537,265.1927795410156,37780300.0
2022-05-09,260.6848371526901,262.90498063444784,254.17882636789196,255.3950653076172,47726000.0
2022-05-10,262.2582942158993,264.24677903665463,255.86811198044657,260.1443176269531,39336400.0
2022-05-11,256.45689072291424,261.93970200384274,250.298368214071,251.50497436523438,48975900.0
2022-05-12,248.74426727264887,250.8582435521003,241.3405338858611,246.48550415039062,51033800.0
2022-05-13,248.4161076104666,253.9085817712002,246.4855375563082,252.0552215576172,34925100.0
2022-05-16,250.9354804390881,256.59206585930104,246.90059620764168,252.42202758789062,32550900.0
2022-05-17,256.87196899135023,259.0149028011125,253.34868474571135,257.5573425292969,28828800.0
2022-05-18,254.46121977706724,255.0417455754485,244.56335973469547,245.83082580566406,31356000.0
2022-05-19,245.65667612599017,249.30429522500646,243.70226967132928,244.92135620117188,32692300.0
2022-05-20,248.88823202551862,250.14604290717048,238.43888522978867,244.3601837158203,39199300.0
2022-05-23,247.19504035705393,253.0099090514097,245.20190974301659,252.1875,33175400.0
2022-05-24,249.51718052656838,252.84546796218024,245.2696951051506,251.1909942626953,29043900.0
2022-05-25,249.7590101930778,255.98989623202482,248.78179230730603,253.9967803955078,28547900.0
2022-05-26,253.75493935952196,258.4377968295687,252.94221495828464,257.26708984375,25002100.0
2022-05-27,259.7632762741946,264.4654725864212,258.8731329025277,264.36871337890625,26910800.0
2022-05-31,263.68184944791426,265.84911459447005,260.1987236575402,263.04327392578125,37827700.0
2022-06-01,266.26511923779674,268.674267192914,261.27264493032675,263.57537841796875,25292200.0
2022-06-02,255.86416618600398,265.73298709587516,253.10669066458044,265.6652526855469,44008200.0
2022-06-03,261.53391933554974,264.5719880166716,259.69561200341536,261.2533264160156,28059000.0
2022-06-06,263.2270685226695,265.2782340927179,258.5442115825969,260.0245361328125,22400300.0
2022-06-07,257.9830710374571,264.26235216439045,257.30578597515415,263.6528015136719,22860700.0
2022-06-08,262.88845771552224,264.1365839069745,260.8566319339603,261.63067626953125,17372300.0
2022-06-09,259.08602995149107,263.8559613723618,256.0383063846379,256.193115234375,26439700.0
2022-06-10,252.11977283149906,252.11977283149906,244.33114285896366,244.77621459960938,31422800.0
2022-06-13,237.15209874084343,240.93515766232613,233.68832759475978,234.39462280273438,46135800.0
2022-06-14,235.94266488900783,237.76163216918874,233.6689557887817,236.55221557617188,28651500.0
2022-06-15,240.24819466243056,247.01125783719002,238.41955729083625,243.586181640625,33111700.0
2022-06-16,237.99380474825406,239.38705487358806,235.12991483585378,237.0166015625,33169200.0
2022-06-17,236.75535358790026,242.3670486857971,236.10710816342058,239.6095733642578,43084800.0
2022-06-21,242.1348507017861,246.47908003768092,241.4092008096241,245.5018768310547,29928300.0
2022-06-22,243.7119356534914,248.82052450027996,242.24128106481916,244.91168212890625,25939900.0
2022-06-23,247.27250969950708,250.94912468352922,245.39549260531757,250.45567321777344,25861400.0
2022-06-24,253.30985203926372,259.2795445759663,253.22277759883846,259.0086364746094,33923200.0
2022-06-27,259.5020124951496,259.58908692020407,254.7320819865546,256.2898254394531,24615100.0
2022-06-28,255.40939111021387,258.2442559262375,247.99808423159308,248.15289306640625,27295500.0
2022-06-29,249.22683912522928,253.46463868195008,247.4562518414402,251.81016540527344,20069800.0
2022-06-30,248.70440512266876,251.1038981642681,244.6891481209095,248.49154663085938,31730900.0
2022-07-01,248.06586356040017,251.33610113526663,246.34364079711162,251.1522674560547,22837700.0
2022-07-05,247.84325715699325,254.4418393123032,246.4693620667488,254.31605529785156,22941000.0
2022-07-06,255.18686285339652,259.2891938730712,253.88068722348527,257.5669860839844,23824400.0
2022-07-07,256.5124052718838,260.32448856109585,256.4156460435075,259.6859130859375,20859900.0
2022-07-08,256.19312462228805,259.3956571562315,254.74182482043682,258.9699401855469,19658800.0
2022-07-11,257.0251525146876,257.87658633518555,253.66781160194918,255.92218017578125,19455200.0
2022-07-12,257.24774583098747,257.3057954639804,243.8570743997537,245.4341583251953,35868500.0
2022-07-13,242.06712638955372,245.3180384343123,240.05465562247608,244.51498413085938,29497400.0
2022-07-14,242.43478974627138,246.85640858787121,237.95510651412596,245.83082580566406,25102800.0
2022-07-15,247.4175530084699,251.91657579073376,246.49839956260107,248.3850860595703,29774100.0
2022-07-18,251.3167325510271,252.37134012804827,245.07614676470823,245.99530029296875,20975000.0
2022-07-19,249.2171803481861,251.28771549994482,245.4438068994524,251.1038818359375,25012600.0
2022-07-20,251.46189468811332,256.27053629222974,250.5040461852087,253.75494384765625,22788300.0
2022-07-21,251.35548474975212,256.2899104944366,248.6850833881356,256.24151611328125,22404700.0
2022-07-22,256.628472424911,256.7155468615233,250.65880967638628,251.9069061279297,21881300.0
2022-07-25,252.526134487459,253.0099010286227,248.47216851036575,250.42657470703125,21056000.0
2022-07-26,251.4231750195412,251.4425445815862,241.46727918195788,243.72161865234375,39348000.0
2022-07-27,252.68091410129014,261.2822668545158,250.44591530173275,260.0148010253906,45994000.0
2022-07-28,260.99207747518795,268.81941742326114,259.17311035737987,267.43585205078125,33459300.0
2022-07-29,268.68402502999385,272.8444066540802,267.6487572516535,271.62530517578125,32152800.0
2022-08-01,268.80002257079224,272.1476784512212,266.88429661951363,268.9838562011719,21539600.0
2022-08-02,267.03911229184763,268.86776386408434,263.5366474998383,265.8974304199219,22754200.0
2022-08-03,267.77443670567607,274.29559953530566,267.62928313742134,273.2990417480469,23518900.0
2022-08-04,272.65085351031576,274.58591997817257,271.07379914150016,274.4407958984375,18098700.0
2022-08-05,270.0868886929883,274.44078812230066,269.632146904856,273.7248229980469,16774600.0
2022-08-08,274.8278133024093,276.6371253182812,270.2513998362798,271.21893310546875,18739200.0
2022-08-09,270.5610006852255,273.8892877589125,268.5968799256363,273.1346130371094,23405200.0
2022-08-10,278.8140935874834,280.4008328998237,277.6240169581476,279.7719421386719,24687800.0
2022-08-11,281.40702349193015,281.7553212542064,277.20793315057733,277.70135498046875,20065900.0
2022-08-12,279.1139854304459,282.4326171875,277.62397604955174,282.4326171875,22619700.0
2022-08-15,281.55214749764076,284.62889583747915,280.6910288186994,283.94195556640625,18085700.0
2022-08-16,282.5101007643988,284.4935621803761,280.99109559067426,283.20672607421875,18102900.0
2022-08-17,280.9280886741136,284.42831264174936,280.6663108728771,282.4600524902344,18253400.0
2022-08-18,281.36438230357066,283.0320727028022,280.2881256209133,281.3450012207031,17186200.0
2022-08-19,280.1136910305551,280.45305241376826,276.87527385505905,277.44732666015625,20570000.0
2022-08-22,273.5010322101689,273.8694799294029,268.7888545532896,269.302734375,25061100.0
2022-08-23,268.0326232910156,270.37900717902073,267.02424456116967,268.0326232910156,17527400.0
2022-08-24,267.0339265183886,268.79858174374715,266.74303270034477,267.4023742675781,18137000.0
2022-08-25,268.89553264663925,270.53413693993167,266.1709957164904,270.36932373046875,16583400.0
2022-08-26,270.59230474229855,271.813993730699,259.82991359676106,259.9365539550781,27549300.0
2022-08-29,257.7646216660064,259.26746916598336,255.82544832955261,257.1634826660156,20338500.0
2022-08-30,258.55971181711374,258.92812992723435,252.73248597704324,254.97222900390625,22767100.0
2022-08-31,257.3186614112336,258.986322342565,253.38211168370708,253.5178680419922,24791800.0
2022-09-01,250.99695619943782,252.95554067570222,247.64219380873456,252.4804229736328,23263400.0
2022-09-02,253.7408837951921,256.68840643713196,246.7307604021961,248.27239990234375,22855400.0
2022-09-06,248.40814439377215,249.98854598700117,244.27769525029933,245.5478515625,21328200.0
2022-09-07,246.95379297306187,250.95817701237237,245.5188084309381,250.24069213867188,24126700.0
2022-09-08,249.6783301329259,252.5095072886724,247.04103780727314,250.6575927734375,20319900.0
2022-09-09,252.57737549512018,257.1635319672501,252.37377054080144,256.41693115234375,22084700.0
2022-09-12,257.6968083589195,259.316031521762,257.09566920762467,258.54034423828125,18747700.0
2022-09-13,250.96786362132625,252.48041678186516,243.9383587650543,244.32620239257812,33353300.0
2022-09-14,245.8193660691324,246.49807394155667,242.26098391432333,244.54920959472656,23913000.0
2022-09-15,242.1737066610615,243.75412313348235,236.5985823888046,237.91722106933594,31530900.0
2022-09-16,236.8312795525679,237.83965816543386,234.69819143342704,237.29669189453125,39791800.0
2022-09-19,235.09573320886867,237.68452841666505,233.52500718935042,237.08338928222656,26826900.0
2022-09-20,234.70789152713547,236.10408413767027,232.35178783208616,235.07632446289062,26660300.0
2022-09-21,236.84099440441966,240.12789337863492,231.634302730604,231.6827850341797,28625600.0
2022-09-22,230.63561584371612,236.44344631490495,230.3447516288207,233.65103149414062,31061200.0
2022-09-23,232.2548385862269,233.79649299504186,228.0468350078117,230.68411254882812,34176000.0
2022-09-26,229.84054950120728,234.1067254216907,229.69510260715796,230.22837829589844,27694200.0
2022-09-27,232.6814800927302,234.44613550367382,227.36814756715876,229.22006225585938,27018700.0
2022-09-28,229.60786226959718,234.95998588678188,227.5911198226186,233.73831176757812,29029700.0
2022-09-29,231.6246111693645,232.6523709038743,227.28086605201818,230.27688598632812,27484200.0
2022-09-30,231.04281379026585,233.22438391773605,225.6519139757613,225.81674194335938,35694800.0
2022-10-03,228.25043546623195,234.26187075492425,227.52324535563076,233.4183349609375,28880400.0
2022-10-04,237.63603337433412,242.74576012730563,237.529378230904,241.31077575683594,34888400.0
2022-10-05,238.5086974304911,242.95909794804967,236.6761787000421,241.62106323242188,20347100.0
2022-10-06,240.3896913514899,242.72639950945782,238.5959643265048,239.28436279296875,20239900.0
2022-10-07,233.5734806664739,233.98072018796898,226.07857799580754,227.1160430908203,37769600.0
2022-10-10,225.96225028205052,227.426321306338,219.83445342266862,222.27781677246094,29743600.0
2022-10-11,220.69735939369207,222.0935668585732,217.29411479408543,218.55458068847656,30474000.0
2022-10-12,218.5448245463206,220.93001421013122,217.14863220073184,218.88418579101562,21903900.0
2022-10-13,213.16368804977824,228.91947533494175,212.465584291104,227.1160430908203,42551800.0
2022-10-14,228.3764766144597,230.02478606979594,221.3954543611521,221.6087646484375,30198600.0
2022-10-17,228.64796881811276,231.69247081215326,227.98864209353195,230.3059539794922,28142300.0
2022-10-18,235.84233800532098,236.51134058165383,228.21167855259944,231.24649047851562,26329600.0
2022-10-19,229.83086912144609,232.32271452181564,227.16450518293112,229.28790283203125,19985700.0
2022-10-20,228.59950832135635,233.97101325567382,227.72687123159972,228.9679412841797,21811000.0
2022-10-21,227.60082203685621,235.60960407563198,227.3681158672251,234.75636291503906,26299700.0
2022-10-24,236.34648327507583,240.30239936572295,233.96130792884753,239.7303466796875,24911200.0
2022-10-25,239.74006238454706,243.4050998483293,238.3535601564571,243.0366668701172,34775500.0
2022-10-26,224.13941940981076,231.05257928125204,223.06317727493428,224.2848663330078,82543200.0
2022-10-27,224.01334192609988,226.58275598538947,218.91332036173824,219.85382080078125,40424600.0
2022-10-28,219.3593305055409,229.40425069094275,219.17510664004706,228.69644165039062,40647700.0
2022-10-31,226.65062223193135,227.77534655596756,224.11999990021067,225.07020568847656,28357300.0
2022-11-01,227.46508792727667,228.57041637850017,220.41618716835114,221.2306365966797,30592300.0
2022-11-02,222.4814320174644,224.26546848649176,213.34790976650638,213.40609741210938,38407000.0
2022-11-03,213.3963618064245,213.70663669340686,207.4721856849331,207.73397827148438,36633900.0
2022-11-04,210.93363491466297,214.8507595155396,206.93892679101333,214.65684509277344,36789100.0
2022-11-07,215.23861235404937,221.46335879760886,214.55019910987951,220.9397735595703,33498000.0
2022-11-08,221.74453478514138,224.60481335809473,218.97151548785143,221.90936279296875,28192500.0
2022-11-09,220.45498033143147,221.67666935840754,217.50744250984388,217.6819610595703,27852900.0
2022-11-10,228.2698262443954,235.92957127818485,227.85291099807793,235.5902099609375,46268000.0
2022-11-11,235.59988143913188,240.44781501897126,234.57210709264183,239.59457397460938,34620200.0
2022-11-14,234.63032541196574,236.491930374749,231.9348751725974,234.20370483398438,31123300.0
2022-11-15,238.1886937504624,239.48793649488397,232.72991540292844,234.6109161376953,31390100.0
2022-11-16,236.06939815763067,237.05145015358517,233.76500614633548,235.0387420654297,24093300.0
2022-11-17,231.19807311445172,236.51666066871482,231.0522311596021,234.9901123046875,23123500.0
2022-11-18,236.76946659991202,236.99311072037338,232.4134803048627,234.54286193847656,27613500.0
2022-11-21,234.74703599252672,237.8973557920272,234.51368886128466,235.34988403320312,26394700.0
2022-11-22,236.8472486173572,238.51963895713513,234.04697919434565,238.2473907470703,19665700.0
2022-11-23,238.32520706999225,241.40745776618633,237.5084623404124,240.72683715820312,19508500.0
2022-11-25,240.46428755240743,241.81581080755163,239.9003405690243,240.63931274414062,9200800.0
2022-11-28,239.2683124519981,239.8225266855465,234.1344682213795,235.06788635253906,24778200.0
2022-11-29,234.71786413074798,236.06938731272962,231.61617814466862,233.677490234375,17956300.0
2022-11-30,233.910875092645,248.26230347666475,233.2205218203915,248.0775604248047,47594200.0
2022-12-01,246.8427208792038,249.0304395252054,243.97438162172944,247.64002990722656,26041500.0
2022-12-02,242.90478908659773,248.97205138483378,242.77838284324662,247.96084594726562,21528500.0
2022-12-05,245.0341875954859,246.79409803519974,241.19352923147437,243.2742919921875,23435300.0
2022-12-06,243.87713173110765,244.8883372658951,237.03199561292425,238.33489990234375,22463700.0
2022-12-07,238.05292524127822,239.34611163220632,235.50545353805643,237.60565185546875,20481500.0
2022-12-08,238.06266840254827,241.854722806182,236.3319411296729,240.5518035888672,22611800.0
2022-12-09,237.9265463000095,241.4366198107319,237.40150036949424,238.62661743164062,20609700.0
2022-12-12,240.60037679836978,245.54947783656846,240.32812861638251,245.5203094482422,30665100.0
2022-12-13,254.44620988669473,256.614492351379,246.0648232599692,249.80825805664062,42196900.0
2022-12-14,250.01245515480875,255.32130998655228,247.27050773018283,250.09996032714844,35410900.0
2022-12-15,246.6968949861436,247.16360417351862,240.49349207342974,242.1172637939453,35560400.0
2022-12-16,241.66994662968148,242.92423190340745,236.76944942143655,237.9167938232422,86102000.0
2022-12-19,238.0821369724473,238.42245470858504,232.1023783936972,233.79420471191406,29696400.0
2022-12-20,232.77322117622552,236.18607121939564,231.82035247090366,235.10679626464844,25150800.0
2022-12-21,234.99985605475112,238.82106381583225,233.4635897668888,237.66400146484375,23690600.0
2022-12-22,234.58175331390822,235.29155709825014,227.39631414751827,231.59674072265625,28651700.0
2022-12-23,229.57429350711575,232.2578892351766,227.46436256281203,232.12176513671875,21207000.0
2022-12-27,232.09262880735398,232.31625810648032,229.30207698528272,230.4008026123047,16688600.0
2022-12-28,230.3326988491907,233.08436401519373,227.68798939057342,228.03802490234375,17457100.0
2022-12-29,229.12703678909463,235.2234829457409,229.12703678909463,234.3386688232422,19770700.0
2022-12-30,231.6161906747891,233.3177494769252,230.1090927684712,233.18162536621094,21938500.0
2023-01-03,236.3513594820361,238.94745003778394,230.82857855768225,232.9482421875,25740000.0
2023-01-04,225.85033012794412,226.42399496515415,219.70527974958796,222.75836181640625,50623400.0
2023-01-05,220.91093644040888,221.25125412142148,215.62151720752513,216.1562957763672,39585600.0
2023-01-06,216.82721193090404,219.51080795719037,213.2782522890228,218.7037811279297,43613600.0
2023-01-09,220.18169301907503,224.8391105735464,220.14280677677522,220.83314514160156,27369800.0
2023-01-10,221.4554195666482,224.90715575496424,221.03732942473408,222.5152587890625,27033900.0
2023-01-11,224.88772743214392,229.41873899259986,224.71271707723938,229.2437286376953,28669300.0
2023-01-12,228.74785985566473,233.2594213403898,227.094919820166,231.90789794921875,27269500.0
2023-01-13,230.4397030343515,232.7440953170416,228.41727685604286,232.60797119140625,21333300.0
2023-01-17,231.38280544563565,234.24142631977972,230.52715978632344,233.69692993164062,29831300.0
2023-01-18,234.88320786751135,235.67078421870966,229.00067244788087,229.2826385498047,30028700.0
2023-01-19,227.30885255976312,229.00069383858957,224.29465616144918,225.5100555419922,28623000.0
2023-01-20,228.3588944678233,234.07613627577243,228.0185768034781,233.57052612304688,35389800.0
2023-01-23,234.4261906970003,238.38352255893335,233.0163158336519,235.86521911621094,31934000.0
2023-01-24,235.78745289233305,237.19731304543689,233.7844773158166,235.34017944335938,40234400.0
2023-01-25,227.98943061234027,236.5652941592754,224.50852565701223,233.9497528076172,66526600.0
2023-01-26,236.90558287687787,241.43659421049372,235.30126202491022,241.1351776123047,33454500.0
2023-01-27,242.09776769900014,242.9145122822852,239.99755462505527,241.29074096679688,26498900.0
2023-01-30,237.74181653285473,238.80165597851493,235.4957610418544,235.9916534423828,25867400.0
2023-01-31,236.7111267803919,241.08656355946167,236.22496713827303,240.950439453125,26541100.0
2023-02-01,241.1351911203326,248.11643670951443,238.67522443009082,245.7537078857422,31259900.0
2023-02-02,251.65572121722164,257.36323150604915,250.12917259535388,257.2757263183594,39940400.0
2023-02-03,252.35573164703223,256.8867426469256,249.98327044240432,251.19866943359375,29077300.0
2023-02-06,250.31388153410032,251.1500618843591,247.72750865015405,249.66241455078125,22518000.0
2023-02-07,253.31837383415902,261.3302762498554,252.88081823202182,260.1537780761719,50841400.0
2023-02-08,265.63767911484825,269.09913389839613,258.8411461479816,259.3467712402344,54686000.0
2023-02-09,266.221081910891,266.39612198189866,255.5255668211164,256.3228759765625,42375100.0
2023-02-10,254.2906513684381,256.77978626583,253.44473837157508,255.81719970703125,25818500.0
2023-02-13,260.2315944105398,266.9989295409681,259.7551376978075,263.8097229003906,44630900.0
2023-02-14,265.12232910655104,267.3586517330217,261.8261522809417,264.63616943359375,37047900.0
2023-02-15,261.54621079213484,263.8953733913227,259.46022127566107,262.5209655761719,28922400.0
2023-02-16,257.3547077929904,260.0060415876993,255.28823272818724,255.53192138671875,29603600.0
2023-02-17,252.8416369479222,253.5239473924271,249.53720422274546,251.54519653320312,30000100.0
2023-02-21,248.0555479638784,249.04005963500097,245.2385077475541,246.29124450683594,28397400.0
2023-02-22,247.6754219276689,247.91911060638247,244.0200917469653,245.16055297851562,22491100.0
2023-02-23,249.1083064975943,250.35599131241563,244.15655088158258,248.3382568359375,29219100.0
2023-02-24,243.649683795455,244.66342210762315,241.8366395147742,242.92835998535156,24990900.0
2023-02-27,246.08658915391715,246.43750145661366,243.09408495125825,243.8446502685547,21190000.0
2023-02-28,242.78216630386783,245.1410709516809,242.4507383937105,243.12332153320312,22491000.0
2023-03-01,244.4294802167035,244.59518672884,239.58494822729267,240.05284118652344,27565300.0
2023-03-02,240.3257512560428,245.05330217438188,239.40947954597493,244.7706298828125,24808200.0
2023-03-03,245.82337754163785,249.16677885152734,245.04357084699137,248.84510803222656,30760100.0
2023-03-06,249.9563289608396,253.55317601638902,249.51769234094775,250.38522338867188,24109800.0
2023-03-07,249.82961864090797,251.18454195758378,246.99309375726955,247.73390197753906,21473200.0
2023-03-08,247.62667058752513,248.11404792403098,244.47821715829852,247.29525756835938,17340200.0
2023-03-09,249.36174508099094,253.00731800229747,245.22877995450497,245.95010375976562,26653400.0
2023-03-10,244.74139919259653,246.40822131411622,241.34925717678098,242.3142547607422,28333900.0
2023-03-13,241.15429996225072,251.3989810865607,239.5264614444424,247.50970458984375,33339700.0
2023-03-14,250.26831136541318,254.47925951777324,249.40078013128053,254.20632934570312,33620300.0
2023-03-15,253.41670934490338,259.75261418809725,252.6661292714571,258.7388610839844,46028000.0
2023-03-16,258.514689849532,269.57816182335324,256.6334203873444,269.2272644042969,54768800.0
2023-03-17,271.23522516040924,276.1772083863334,269.3441988521381,272.37567138671875,69527400.0
2023-03-20,269.98756773899805,270.47494508940247,263.0375619626868,265.35748291015625,43466600.0
2023-03-21,267.94058331388436,268.0575491212291,262.7158825243108,266.86834716796875,34558700.0
2023-03-22,266.4979179833595,273.9450578612845,265.3087161087697,265.41595458984375,34873300.0
2023-03-23,270.9232901997897,273.9645197282161,268.2524721711086,270.6503601074219,36610900.0
2023-03-24,270.24098860593506,273.54542137989336,268.3304776871036,273.4869384765625,28172000.0
2023-03-27,273.41866361100745,274.3544196920251,268.56437502402,269.4026794433594,26840200.0
2023-03-28,268.8276290958363,269.1687992182552,265.18202599070054,268.2817687988281,21878600.0
2023-03-29,271.9175487241211,274.0425364680911,271.3814455656998,273.4284362792969,25087000.0
2023-03-30,277.0545067536676,277.2786812703255,274.3739316415299,276.8790283203125,25053400.0
2023-03-31,276.5671828397676,281.96730287180225,275.8556011455048,281.02178955078125,32766000.0
2023-04-03,279.28666261801845,280.9924830784479,276.7815660353918,279.978759765625,24883300.0
2023-04-04,279.9788092952923,283.1175206876223,278.4581943099055,279.9300537109375,25824300.0
2023-04-05,278.6336322553814,279.90080144519544,275.77760817176124,277.1617431640625,22064800.0
2023-04-06,276.06028813189846,284.70635812116194,274.91008465074276,284.2384948730469,29770300.0
2023-04-10,281.90878059048885,282.28894917802717,277.52238471849756,282.0842590332031,23103000.0
2023-04-11,278.5361465748028,278.7603508575734,274.5299191651681,275.6898498535156,27276600.0
2023-04-12,277.60042049037634,279.7643772791171,274.84184782081707,276.3332214355469,27403400.0
2023-04-13,276.43070139440715,282.5814016075444,276.02132104979927,282.5229187011719,24222700.0
2023-04-14,279.75459555412215,281.197243201843,276.5281599154827,278.91632080078125,20987900.0
2023-04-17,282.6106328823751,284.23848637686285,278.93581824426053,281.5091552734375,23836200.0
2023-04-18,284.2092231464568,284.39442891149264,279.76434427989847,281.0899963378906,20161800.0
2023-04-19,278.7701115947992,281.75285885875036,277.3567350040731,281.16802978515625,17150300.0
2023-04-20,278.048779675469,281.7333512714664,277.88305828682746,278.8870544433594,23244400.0
2023-04-21,277.81489332461183,279.04306422525923,275.9141094408332,278.54595947265625,21676400.0
2023-04-24,274.9685448486902,277.75635870948304,271.6836263278282,274.6566162109375,26611000.0
2023-04-25,272.45369257019934,274.49092630001803,268.41819388016194,268.4669494628906,45772200.0
2023-04-26,289.2097093535968,292.00725036990406,285.33993229955405,287.91326904296875,64599200.0
2023-04-27,288.4982073953377,297.4952057830536,287.7963826812161,297.134521484375,46462600.0
2023-04-28,296.33516029137365,301.1309363430766,295.65282016140077,299.50311279296875,36469600.0
2023-05-01,299.2204771506516,300.8093322076719,297.4464163049507,297.8460693359375,21294100.0
2023-05-02,299.9905085390908,301.3746435203023,296.237697087883,297.6998291015625,26404400.0
2023-05-03,298.8793194485243,300.8190720296692,296.41319093308664,296.7153625488281,22360800.0
2023-05-04,298.5088623937183,299.9905085390908,295.74056268414336,297.6998291015625,22519900.0
2023-05-05,298.00202238980415,304.09423955747224,296.58861610804354,302.80755615234375,28197100.0
2023-05-08,302.30067989163814,302.36891985995953,298.3626625741606,300.8580322265625,21318600.0
2023-05-09,300.22444953048654,302.2129574604757,298.5771116971217,299.24969482421875,21340800.0
2023-05-10,300.82875139238996,305.09818117929905,299.90275239684433,304.42559814453125,30078000.0
2023-05-11,302.2714311285641,303.2656701896078,298.5283767405059,302.2811584472656,31680200.0
2023-05-12,302.71005168658775,302.8075331032812,298.8597885779878,301.1699523925781,19774700.0
2023-05-15,301.2966855922646,302.0764774582507,299.82479646702666,301.6475830078125,16336500.0
2023-05-16,302.0082405576207,305.790293615096,302.0082405576207,303.8700256347656,26730300.0
2023-05-17,305.07153876896376,307.1620579462641,303.55734856697217,306.74200439453125,24315000.0
2023-05-18,307.2598287418547,311.665592368816,306.4685537852504,311.1575927734375,27276000.0
2023-05-19,309.4186972410466,311.3822465947649,309.05725438357535,310.9817199707031,27546700.0
2023-05-22,311.2357518358931,315.1335157612651,310.65939292099665,313.756103515625,24115700.0
2023-05-23,312.63269496953484,315.26051959828607,307.9631830299581,307.97296142578125,30797200.0
2023-05-24,307.45521463229585,309.1842914063532,305.38419212471825,306.5955505371094,23384900.0
2023-05-25,315.7684901108892,319.3438949651791,312.6033903237595,318.3865661621094,43301700.0
2023-05-26,316.5304646832212,325.69365647680604,316.39371620012895,325.1954650878906,36630600.0
2023-05-30,327.4813902004807,327.9795816142876,322.8802372817965,323.5542907714844,29503100.0
2023-05-31,324.60928590262876,328.1749119576372,319.7639124360726,320.7994384765625,45950600.0
2023-06-01,318.396295279445,325.8206313081567,317.21427212946173,324.892578125,26773900.0
2023-06-02,326.5240179212979,329.6988961808169,324.86330044529166,327.6474304199219,25873800.0
2023-06-05,327.47159843712996,330.734392827561,326.924544875392,328.1749572753906,21307100.0
2023-06-06,327.5790489490728,327.61813272213266,324.49211655757586,325.9671936035156,20396200.0
2023-06-07,323.9840754044963,326.7584266923508,315.04557889593144,315.9052429199219,40717100.0
2023-06-08,316.45232513607897,319.0899281933469,315.8759662068324,317.7418212890625,23277700.0
2023-06-09,317.47803824659906,322.3624661949436,316.9114577219513,319.2364501953125,22529000.0
2023-06-12,320.9850692837771,324.4237258036258,317.6441371021866,324.17950439453125,24260300.0
2023-06-13,326.738912078587,329.1909043563213,322.75323214002157,326.5630798339844,22951300.0
2023-06-14,326.61191533447175,331.20328940233077,325.11728161658255,329.5425720214844,26003800.0
2023-06-15,329.6793438273172,341.75363483053593,329.40581706772855,340.0538635253906,38899100.0
2023-06-16,343.19942687785715,343.3459537429244,334.04601435643656,334.4172058105469,46552000.0
2023-06-20,331.4670916030304,334.1730543177765,328.0968239407517,330.2362060546875,26375400.0
2023-06-21,328.59502188215436,329.92360187076076,324.39442550484875,325.8499755859375,25117800.0
2023-06-22,326.3969713207667,332.2582841920234,325.6350018399905,331.8577575683594,23556800.0
2023-06-23,326.6314665032556,330.14826075055646,325.7425268104143,327.2762145996094,23146900.0
2023-06-26,326.006350542596,328.3410922467377,320.8972267600424,321.00469970703125,21520600.0
2023-06-27,324.18919728458985,328.38004429209786,321.68837287006505,326.8365783691406,24354100.0
2023-06-28,326.92453987884056,330.1678072397065,326.0941811528345,328.0870361328125,20259500.0
2023-06-29,326.97334345829574,328.3409772213773,324.93165630266327,327.30548095703125,16997000.0
2023-06-30,329.94309061938924,334.80799133337183,329.40581549810116,332.6686096191406,26832800.0
2023-07-03,331.34979527734635,333.02026113567905,328.79036003615676,330.1775207519531,12508700.0
2023-07-05,327.3445644884712,333.752931098431,326.99290001201024,330.3338317871094,18172400.0
2023-07-06,329.50350728576706,335.0619888415349,327.7451250968569,333.3817443847656,28161200.0
2023-07-07,331.4768196689225,333.8897282258727,329.2104379854344,329.42535400390625,21214800.0
2023-07-10,326.86590410565805,327.4813467591402,320.017927004541,324.159912109375,32791400.0
2023-07-11,323.40768320181985,325.16606502447587,319.4415308007057,324.78509521484375,26698200.0
2023-07-12,328.81965499219945,333.7529146882439,327.9111586604982,329.4057922363281,29995300.0
2023-07-13,331.711272694216,335.7946473564409,331.18374612162296,334.7396240234375,20567200.0
2023-07-14,339.55566639937143,343.3069035731136,336.35148278353853,337.2599792480469,28352700.0
2023-07-17,337.689815809939,338.9695335941496,334.29027291358,337.7386779785156,20363900.0
2023-07-18,337.8363124834503,358.30207642907544,334.26093764915,351.1805725097656,64738600.0
2023-07-19,353.38839928042864,354.08197977472815,344.293595867751,346.87255859375,39732900.0
2023-07-20,345.3974402048797,349.6957307761419,337.3869665581141,338.852294921875,33778400.0
2023-07-21,341.07959326630163,342.20300571747845,331.97501253322577,335.8239440917969,69405400.0
2023-07-24,337.85585009967554,338.9011247209187,334.3976671440658,337.1329345703125,26678100.0
2023-07-25,339.0867675369492,343.75630961701245,337.09394225294653,342.8673400878906,41637700.0
2023-07-26,333.5478606909615,336.70321228068315,325.4103859956427,329.9626770019531,58383700.0
2023-07-27,332.61003601882766,333.4403649695194,321.444210409782,323.07562255859375,39635300.0
2023-07-28,325.9573926830905,332.1508430764587,325.4689499409115,330.5487365722656,28484900.0
2023-07-31,329.13228102338303,329.89425053304086,325.6545411607463,328.1553955078125,25446000.0
2023-08-01,327.44229185029457,330.7148646247149,325.98674182307207,328.5657043457031,18311900.0
2023-08-02,325.9183364890345,325.9183364890345,318.8163593371292,319.9300231933594,27761300.0
2023-08-03,318.4647184532504,322.25503950417715,318.4158860961526,319.1094665527344,18253700.0
2023-08-04,324.20885086044973,327.3935079785558,319.67608662333714,320.20361328125,23741500.0
2023-08-07,320.7799343289393,323.4565914550908,319.94957556864017,322.4797058105469,17741500.0
2023-08-08,319.40245810571645,321.15109140709956,315.53400007450387,318.51348876953125,22327600.0
2023-08-09,318.92387671073834,319.54906805843905,313.62914308212316,314.7818908691406,22373300.0
2023-08-10,318.4842099187915,320.6724537793776,313.75608752866935,315.46563720703125,20113700.0
2023-08-11,312.8573931698293,314.9576912566164,311.8316453980151,313.5900573730469,24355500.0
2023-08-14,313.9612774318456,316.56954529016974,312.6815298680751,316.5500183105469,18836100.0
2023-08-15,315.5341047652025,317.5757924538678,313.48263867890455,314.4204406738281,16966300.0
2023-08-16,314.0483443153716,317.59218190962685,313.0693905863645,313.6567687988281,20698900.0
2023-08-17,313.7938817302348,315.09587723168505,309.5549947446499,310.2109069824219,21257200.0
2023-08-18,307.8712277189821,311.679373042675,304.9931006267398,309.8193664550781,24755000.0
2023-08-21,311.23880256380994,315.9769357985516,310.3675491383052,315.1056823730469,24040000.0
2023-08-22,318.6494900944686,319.2172702035748,314.69450802744353,315.6734619140625,16084600.0
2023-08-23,317.00485374224843,322.2716304158125,316.65241480901244,320.117919921875,21166400.0
2023-08-24,325.84476921608996,325.97203798658785,313.2260407459276,313.23583984375,23281400.0
2023-08-25,314.70426538436715,318.5123799630537,312.09044570865603,316.1824951171875,21684100.0
2023-08-28,318.8061007178544,319.285778523708,314.94902032407407,316.8873596191406,14808500.0
2023-08-29,315.10563277299525,322.05621026150664,315.10563277299525,321.4981994628906,19284600.0
2023-08-30,321.75273907140877,322.86873080054954,319.57946057224274,321.8702087402344,15222100.0
2023-08-31,322.2716344766663,323.94563727355137,319.9025529034829,320.8619384765625,26411000.0
2023-09-01,324.3372334886783,325.0029150101556,319.9025732532159,321.7430114746094,14942000.0
2023-09-05,322.07577133856296,327.80265653043256,321.74293066142496,326.5299987792969,18553900.0
2023-09-06,326.3636224074877,327.42087936565457,323.23095829944674,325.8741455078125,17535800.0
2023-09-07,324.3176359252016,326.0699418421109,322.1051906191248,322.9666748046875,18381000.0
2023-09-08,323.14287386196446,329.0851309217736,322.5261281543159,327.2348937988281,19530100.0
2023-09-11,330.1423875895978,331.29757584054045,328.37048350695864,330.8276672363281,16583300.0
2023-09-12,328.75231798743556,329.7019045004539,324.5036614898463,324.78753662109375,17565500.0
2023-09-13,324.3371825636095,329.76059500536803,324.2001445661415,328.9872131347656,16544400.0
2023-09-14,332.01219710477335,333.68619984765456,329.48650927999284,331.5716857910156,20267000.0
2023-09-15,329.82917548465673,330.29905425690873,322.7121612017879,323.2701721191406,37679800.0
2023-09-18,320.901090989623,323.44637721984947,319.49139491981464,322.13458251953125,16834200.0
2023-09-19,319.3053983263758,322.45763099664185,317.6803313099975,321.7331848144531,16505900.0
2023-09-20,322.5750893265996,322.65339248865484,313.76450476801705,314.0190124511719,21436500.0
2023-09-21,312.54080796824985,318.50263318201627,308.37045511046944,312.80511474609375,35560400.0
2023-09-22,314.5574848611761,314.6847536524901,309.4962798834054,310.33819580078125,21447900.0
2023-09-25,309.92703743147536,310.98432446171176,308.3705041858595,310.8570556640625,17836000.0
2023-09-26,308.49767963479206,309.2318948987817,303.4952107676556,305.57061767578125,26297600.0
2023-09-27,305.7272930031046,307.6852008158054,303.1722376476752,306.2070007324219,19410100.0
2023-09-28,304.44487173232886,308.8403951730469,302.9373041972711,307.03912353515625,19683600.0
2023-09-29,311.0626136858314,312.74641565358826,308.3509220336715,309.1047058105469,24147300.0
2023-10-02,309.6234991428816,315.1154453625428,308.5466440139972,315.0273132324219,20570000.0
2023-10-03,314.0777307403494,314.6259723470464,304.66020007739525,306.7943420410156,21033500.0
2023-10-04,307.420865686593,313.3043876816742,307.3914982671209,312.2471008300781,20720100.0
2023-10-05,312.3743955953389,313.2456789043345,308.2725763744339,312.6387023925781,16965600.0
2023-10-06,309.8878491254301,322.26184092251725,309.6431106472469,320.3724670410156,25673600.0
2023-10-09,317.9152372482106,323.34841872912307,316.37827265710837,322.8785400390625,19891200.0
2023-10-10,323.9945568948938,324.13162477364205,320.7738202479149,321.4786682128906,20557100.0
2023-10-11,324.23924213655874,325.81537310695785,322.2128307107535,325.4237976074219,20063200.0
2023-10-12,323.6128199146543,326.608416662478,321.8017491013521,324.1903991699219,19313100.0
2023-10-13,325.3846793916084,326.8041445225291,319.49135820401887,320.8325500488281,21072400.0
2023-10-16,324.0826582883067,329.06555964733286,323.6421469834392,325.63922119140625,22158000.0
2023-10-17,322.6533636519186,326.44190989346447,320.5192516418675,325.0713806152344,18338500.0
2023-10-18,325.49239077773996,328.5271540118079,321.3905713182834,323.1624755859375,23153600.0
2023-10-19,325.1595033838665,329.78996567974724,323.9456102144574,324.34698486328125,25052100.0
2023-10-20,324.73856573197526,324.934368448125,318.6005359720502,319.79486083984375,25027700.0
2023-10-23,318.620120705819,325.7273354388913,317.56286365993043,322.38909912109375,24374700.0
2023-10-24,324.3273920928105,324.8560355263617,320.70528084515973,323.5736083984375,31153600.0
2023-10-25,337.7586697804962,338.91385810810175,330.5144167677778,333.500244140625,55053800.0
2023-10-26,333.3729888756814,334.44004510375515,320.0592090856676,320.9892272949219,37828500.0
2023-10-27,323.47575161012696,329.63338041744635,321.48847625541964,322.8688049316406,29856500.0
2023-10-30,326.39299310170355,332.3058824741977,324.84622935304117,330.2109069824219,22828100.0
2023-10-31,331.71846460217154,331.8653016809535,327.6460136572754,330.9940185546875,20265300.0
2023-11-01,332.6387311841403,340.1081537078223,332.5016633074158,338.78656005859375,28158800.0
2023-11-02,339.93194035995595,341.48847346531505,337.5139230484177,340.9892272949219,24348100.0
2023-11-03,342.2716414539088,346.93147136857294,340.02002965992455,345.3749084472656,23637700.0
2023-11-06,346.0112633950899,350.0151812088652,345.91336203130555,349.02642822265625,23828300.0
2023-11-07,351.8360988602219,354.8316960272255,350.10336085195377,352.94232177734375,25833900.0
2023-11-08,354.06806216465225,356.2119737336277,352.96183940642334,355.55609130859375,26767800.0
2023-11-09,354.6749170503375,357.11253210252806,352.77574446362354,353.09881591796875,24847300.0
2023-11-10,353.8819674806025,362.3107744686887,353.4708236520889,361.88983154296875,28042100.0
2023-11-13,360.4703964021509,360.71513487046275,358.1992162461448,358.9627990722656,19986500.0
2023-11-14,363.2016188989832,364.1218377596641,359.6186448005375,362.4771728515625,27683900.0
2023-11-15,364.20362862675586,366.01837474315664,360.1130931096354,362.62432861328125,26860100.0
2023-11-16,363.88979560921166,369.17708096054344,363.1246629725075,369.0005187988281,27182300.0
2023-11-17,366.4892814424939,367.23480603716206,360.0052770614011,362.80096435546875,40157000.0
2023-11-20,364.1448242296059,371.6490149349355,363.9290160684621,370.24627685546875,52465100.0
2023-11-21,368.5100468166504,369.0495522871196,364.0467481750121,365.9595947265625,28423100.0
2023-11-22,370.7956031427492,372.5514954656195,367.8233538705503,370.6484680175781,23345300.0
2023-11-24,370.1383806452385,370.766197129462,367.99014782412655,370.2364807128906,10176600.0
2023-11-27,369.59884307126106,373.3852898149662,369.02991062580026,371.3939514160156,22179200.0
2023-11-28,371.1389381343408,375.70030662709087,370.9525569972749,375.4060363769531,20453100.0
2023-11-29,376.4458170169272,376.9755034472532,370.24626453575155,371.62939453125,28963400.0
2023-11-30,371.2763156204023,372.84582706432604,368.3138848477526,371.6883239746094,30554400.0
2023-12-01,369.5793094459282,370.95262074245636,364.2331694742271,367.3721923828125,33040500.0
2023-12-04,362.06527668869364,362.47725508494324,355.98343139448775,362.1045227050781,32063300.0
2023-12-05,359.46578625799856,365.9693989437116,358.65158858882313,365.4200744628906,23065000.0
2023-12-06,366.42064545969674,367.0484320232483,361.0156519151652,361.7709655761719,21182100.0
2023-12-07,361.2118749800961,364.3705058457687,359.33827428643895,363.8800354003906,23118900.0
2023-12-08,362.16331218821597,367.3230398250767,361.2117985281366,367.0974426269531,20154400.0
2023-12-11,361.4570668899954,364.51759731266617,359.12242306000167,364.2232971191406,27708800.0
2023-12-12,363.7818787799653,367.28384440026525,363.3992975227853,367.2445983886719,24838300.0
2023-12-13,368.8533179256787,370.44246703468053,363.7033791572921,367.2347717285156,30955500.0
2023-12-14,366.19500581642444,366.63644114858533,357.18997650221536,358.9556579589844,43277500.0
2023-12-15,359.8581597688427,365.30236955673547,359.2990162951195,363.6642150878906,78502300.0
2023-12-18,362.4085843593443,365.89091216563435,361.65324079721444,365.5475769042969,21802900.0
2023-12-19,364.40968123442,366.1459655761719,362.79113493260104,366.1459655761719,20603700.0
2023-12-20,367.85283078495934,368.8631986960778,363.46802384456504,363.5563049316406,26316700.0
2023-12-21,365.45923017228415,367.27397628253584,362.9872706194223,366.4205627441406,17708000.0
2023-12-22,366.557985599773,368.0293969388241,365.60647173641576,367.4408264160156,17107500.0
2023-12-26,367.8527728468658,369.7558002532684,366.38136175547834,367.5192565917969,12673100.0
2023-12-27,366.56772847108294,367.9116124252774,365.7044958750045,366.94049072265625,14905400.0
2023-12-28,368.2157530058411,369.2849749136942,367.02882298863733,368.1274719238281,14327000.0
2023-12-29,368.8337398258849,369.9716347431921,366.361779793351,368.87298583984375,18730800.0
2024-01-02,366.73445558911857,368.73558288926426,359.7795900004408,363.80145263671875,25258600.0
2024-01-03,361.9770201686724,366.14601909825154,361.48654970636903,363.5367126464844,23083500.0
2024-01-04,363.6053473830013,365.98902639400353,360.17205450864094,360.9273681640625,20901500.0
2024-01-05,361.93774634798484,364.9688499798779,359.51482125288123,360.7409973144531,21004600.0
2024-01-08,362.26142084093584,368.04899543580075,361.9769695664422,367.5487060546875,23134000.0
2024-01-09,364.91982181669266,368.82394731160934,364.11544312045595,368.6277770996094,20830000.0
2024-01-10,369.1966557593691,376.8480113734613,369.14762069750896,375.47467041015625,25514200.0
2024-01-11,378.64313944413783,383.2339350900792,373.1302570741052,377.29925537109375,27850800.0
2024-01-12,378.14285622037966,381.27205974083927,377.31886954764786,381.0660705566406,21661200.0
2024-01-16,386.1571295021332,386.5200727807335,380.2322391394401,382.83172607421875,27202300.0
2024-01-17,380.5854657264288,382.6748447223139,377.47586986429604,382.04705810546875,22234100.0
2024-01-18,384.2540816844417,386.48080623556007,382.6845706202122,386.36309814453125,23392100.0
2024-01-19,388.2171444423586,391.0716857910156,386.00020863284516,391.0716857910156,29331100.0
2024-01-22,392.39593223013395,392.9845027036078,386.0884900033909,388.9528503417969,27016900.0
2024-01-23,388.2073142541726,391.7681340805433,386.4219948473302,391.2972717285156,20525900.0
2024-01-24,393.88696340305137,397.89900754206303,392.8177415608544,394.88751220703125,24867000.0
2024-01-25,396.613997943498,399.25273113363767,394.858105500646,397.15350341796875,21021200.0
2024-01-26,396.6630311468464,398.4287425690661,394.7600035777077,396.2314147949219,17803300.0
2024-01-29,398.3208248033987,402.16612596865383,396.6237864171102,401.91107177734375,24510200.0
2024-01-30,404.4026783420674,405.17760004808207,398.70341448382425,400.8026123046875,33477600.0
2024-01-31,399.20367116692984,407.404352059521,389.6394980894709,390.00244140625,47871100.0
2024-02-01,394.17141257606636,400.2238302394902,394.1419855506921,396.0842590332031,30657700.0
2024-02-02,396.11370188933375,404.7852149654356,395.86846668943514,403.3824768066406,28256700.0
2024-02-05,402.087638647816,403.3236336682533,396.29027477301287,397.91864013671875,25352300.0
2024-02-06,398.1442695260025,400.1944322717671,395.23087405866585,397.7616882324219,18382600.0
2024-02-07,399.67453429921477,406.4037740259386,399.6352882839393,406.1585388183594,22340500.0
2024-02-08,406.15849214322577,407.63972220628386,404.6674730294275,406.21734619140625,21225300.0
2024-02-09,407.3356632361391,412.79951062359436,407.17870911735395,412.5346374511719,22032800.0
2024-02-12,412.54443290280494,412.72099505038886,406.84516963028506,407.345458984375,21202900.0
2024-02-13,397.2221636270064,402.2543946406928,395.70171738557195,398.57586669921875,27824900.0
2024-02-14,401.03272774217567,402.7721928081846,397.5930862054174,402.42822265625,20401200.0
2024-02-15,401.1015976558331,402.0745154056732,397.3179853079112,399.548828125,21825500.0
2024-02-16,400.9246260176193,401.24895188558764,396.4825852713034,397.0918884277344,22296500.0
2024-02-20,396.28606324841394,397.5145068330212,391.1462744848481,395.8438415527344,24307900.0
2024-02-21,393.2689765841808,395.3524118295115,390.3698381114288,395.2442932128906,18518900.0
2024-02-22,403.1161813071161,405.710638303165,401.52412337910727,404.5509948730469,27009900.0
2024-02-23,408.5017417603321,408.68843759900807,401.91727194539897,403.2636413574219,16295900.0
2024-02-26,404.3642838981377,405.05222425854834,400.3349831970826,400.51190185546875,16193500.0
2024-02-27,400.9541264549498,401.27845233828214,396.88553712565647,400.45294189453125,14835800.0
2024-02-28,401.1408405413653,402.24152110085487,398.33017625490425,400.68878173828125,13183100.0
2024-02-29,401.59293981884394,407.05705416129825,398.9198455368932,406.5067138671875,31947300.0
2024-03-01,404.17756158377745,408.6982397267373,403.7943028017663,408.3346252441406,17823400.0
2024-03-04,406.31016048803207,410.1527354833861,405.2094798738606,407.7646484375,17596000.0
2024-03-05,406.82113009418805,407.10613735676765,393.73086019090937,395.7061767578125,26919200.0
2024-03-06,396.02071283324057,398.17294829822555,391.5197089331465,395.1558837890625,22344100.0
2024-03-07,399.11641162004844,402.713298120837,395.3033178435415,402.0843505859375,18718500.0
2024-03-08,400.92464441897226,403.3422428484954,397.35723965535834,399.21466064453125,18002200.0
2024-03-11,396.7971025481086,398.68397503984977,394.34021545583295,397.5439758300781,16120800.0
2024-03-12,400.59053286353617,408.40344602882556,399.7748595225906,408.1184387207031,22457000.0
2024-03-13,410.88979275530687,410.96839994406946,404.3544792559954,407.9415283203125,17115900.0
2024-03-14,412.9928939125644,420.44219256711494,410.7816954714427,417.88702392578125,34157300.0
2024-03-15,412.0592402980969,415.31215606424155,405.6713345351322,409.2387390136719,45079900.0
2024-03-18,407.10616562272253,413.4744273628243,406.6442696787311,410.12322998046875,20106000.0
2024-03-19,410.62442124737834,414.39822603826195,408.38374152289526,414.1427001953125,19837900.0
2024-03-20,414.72248109059194,418.6141812833587,413.40559339888034,417.89678955078125,17860100.0
2024-03-21,422.41742129377707,423.3903687989113,419.79348315302326,421.9653625488281,21296200.0
2024-03-22,422.2897491598315,422.446963535343,418.7223444405752,421.3462829589844,17648500.0
2024-03-25,417.9066492539799,420.03924040543956,414.3392444656493,415.56768798828125,18060500.0
2024-03-26,418.2702405050307,418.64369211377476,414.08372560652526,414.3785400390625,16725600.0
2024-03-27,417.12045509904823,417.13029224439015,411.7841036640323,414.162353515625,16705000.0
2024-03-28,413.70042062857715,414.5947310272611,411.89215553357553,413.4645690917969,21871200.0
2024-04-01,416.6389267777452,420.51098325002465,414.9387501061958,417.24822998046875,16316000.0
2024-04-02,412.8650995128624,415.0959720756304,410.6342569413904,414.17218017578125,17912000.0
2024-04-03,412.49163417809825,415.9607570118389,411.86265678472216,413.19921875,16502300.0
2024-04-04,417.66098731056826,421.27754806630895,410.368962888124,410.6736145019531,19370900.0
2024-04-05,412.76686502075876,419.15477140454254,411.1060069616712,418.18182373046875,16554800.0
2024-04-08,417.83783679739304,419.91143485729225,416.0000602813901,417.267822265625,14272400.0
2024-04-09,419.08598583198443,420.3635551563133,414.3491001983128,418.9287414550781,12496900.0
2024-04-10,414.90923013212864,416.7174952724338,412.4621804028437,415.9607849121094,16216600.0
2024-04-11,418.4766641791292,421.96543178968227,415.076310912024,420.5502624511719,17966400.0
2024-04-12,416.7371231732088,417.8476407951663,412.53093421008157,414.62420654296875,19253800.0
2024-04-15,419.2432078029309,419.4594150607099,406.30031376342345,406.5067138671875,20273500.0
2024-04-16,407.4206432860486,411.18458077665684,406.59513289625886,407.4304504394531,16765600.0
2024-04-17,410.054469901942,411.65636514019064,403.2537929988289,404.7377624511719,15855500.0
2024-04-18,403.54861503604855,404.78689570186344,396.98382006074763,397.29827880859375,21029900.0
2024-04-19,397.0624207324797,398.48742718931453,390.91036608589934,392.2370910644531,30565800.0
2024-04-22,393.18055056464544,395.90280071692837,388.9252352238132,394.0453796386719,20286900.0
2024-04-23,397.26879155025864,401.16052215978465,396.10914808184776,400.5413818359375,15734500.0
2024-04-24,402.4970231148721,405.3568429660157,399.76496617669443,402.0056457519531,15065300.0
2024-04-25,387.2348667133991,392.9938253486681,381.3383380037112,392.1584777832031,40586500.0
2024-04-26,405.0620796331898,405.8777529623426,398.76261744709456,399.3129577636719,29694700.0
2024-04-29,398.2614054374624,399.3129603314087,392.3059134087563,395.3131408691406,19582100.0
2024-04-30,394.5662389705951,395.2246979226767,382.45872189410846,382.6159362792969,28781400.0
2024-05-01,385.8393757796091,394.7922882562086,383.57905157123434,388.12921142578125,23562500.0
2024-05-02,390.80226783236736,393.0331103770738,387.84416635932274,390.9791564941406,17709400.0
2024-05-03,395.3425632659736,400.1285739017596,394.9297930918896,399.64703369140625,17446700.0
2024-05-06,401.7108501382599,406.7916755135943,399.36205183771864,406.4084167480469,16996600.0
2024-05-07,407.5090851826696,407.5189223273103,402.0351340682459,402.28082275390625,20018200.0
2024-05-08,401.1310200807253,405.1210019721616,399.6961765499289,403.46014404296875,11792300.0
2024-05-09,403.48962134136315,405.60253803694064,402.04497067197207,405.2094421386719,14689700.0
2024-05-10,405.81879129865774,408.2167155386998,404.6984363706866,407.5877380371094,13402300.0
2024-05-13,410.80135374265615,411.13548678399485,403.7353441559508,406.5853271484375,15440200.0
2024-05-14,404.9145973369448,410.29026696650755,404.4527014093116,409.3763122558594,15109300.0
2024-05-15,411.433999213995,417.2525598208021,410.81374213755174,416.5338439941406,22239500.0
2024-05-16,415.2736305334928,418.8376448328751,413.8460838814957,414.4761657714844,17530100.0
2024-05-17,416.00224831627656,416.3763735645946,411.56201978291415,413.7082824707031,15352200.0
2024-05-20,413.7082502471213,420.1667475860199,413.49165301735496,418.7588806152344,16272100.0
2024-05-21,420.2258450310574,426.27085809319817,418.27649987771593,422.40167236328125,21453300.0
2024-05-22,423.435333576869,425.7194440737325,420.52114124540867,423.8586730957031,18073700.0
2024-05-23,426.2708180980622,426.89107515061806,418.83764844643395,420.3931884765625,17211700.0
2024-05-24,420.58022514023406,424.39034103334086,417.84324041258554,423.5042724609375,11855300.0
2024-05-28,422.98250841239616,424.1540984130066,419.99939161518114,423.6618347167969,15718000.0
2024-05-29,419.1034664398289,424.27223522977,419.1034664398289,422.5296325683594,15517100.0
2024-05-30,417.73500282997145,417.73500282997145,407.8306586642601,408.2540283203125,28394500.0
2024-05-31,410.3018082986228,410.3018082986228,398.25120211572766,408.7068786621094,47995300.0
2024-06-03,409.1006748520027,409.9867435149057,402.5929630717942,407.12176513671875,17484700.0
2024-06-04,406.04863004617806,409.99659455099004,403.341179685009,409.63232421875,14348900.0
2024-06-05,411.3453811328119,417.5183569725432,409.8587351784671,417.449462890625,16988000.0
2024-06-06,417.44948005128595,418.7293536763162,414.0725281736093,417.9515686035156,14861300.0
2024-06-07,419.60557647742206,419.6843254469309,416.45507688003147,417.29193115234375,13621700.0
2024-06-10,418.1288206635897,421.45649821147657,417.3313558315188,421.249755859375,13982900.0
2024-06-11,418.89674157876317,426.1231693068597,418.670289453605,425.9853210449219,14551100.0
2024-06-12,428.58441878263625,436.5393859116035,426.5464401209632,434.235595703125,22366200.0
2024-06-13,434.0289338170149,436.52964196122593,432.57182236972,434.74761962890625,15960600.0
2024-06-14,431.49865916361745,436.2834778568933,429.96279885352675,435.7222900390625,13582000.0
2024-06-17,435.7419285968911,443.96273745711665,433.90086737641116,441.4324951171875,20790000.0
2024-06-18,442.75181252074634,443.1751821409538,438.00641324566425,439.4339599609375,17112500.0
2024-06-20,439.3945864733692,439.62103860195157,434.442414629224,438.80389404296875,19877400.0
2024-06-21,440.45787995794916,443.6083496603445,439.60134591371855,442.82073974609375,34187100.0
2024-06-24,442.84045705555275,445.74482519591487,439.5029244573709,440.7434387207031,15913700.0
2024-06-25,441.3144201727987,444.4353853435752,439.83762902888526,443.97265625,16413400.0
2024-06-26,442.05283004707155,446.58166237734525,441.2553652071883,445.1639404296875,16507000.0
2024-06-27,445.18358463488477,449.1118693221635,444.7799248025884,445.8432312011719,14806300.0
2024-06-28,446.05981801420484,448.33407381119525,439.5028621939787,440.0345153808594,28362300.0
2024-07-01,441.71809469633655,450.2933204774516,438.76451231040363,449.6632385253906,17662800.0
2024-07-02,446.1878533998419,452.47896819642483,446.09921948918884,452.17376708984375,13979800.0
2024-07-03,451.1006488720151,453.8868484229565,450.79544775657115,453.6407165527344,9932800.0
2024-07-05,452.49855781818314,461.1033464685747,451.8684759977917,460.3255615234375,16000300.0
2024-07-08,459.33123257528905,460.46346308739743,457.2735739768986,459.0260314941406,12962300.0
2024-07-09,459.77428381745585,460.09916463101644,450.91353744838284,452.4297180175781,17207200.0
2024-07-10,454.0837473649462,459.24266153927346,451.76024698147666,459.0359191894531,18196100.0
2024-07-11,455.81649732303464,457.5886345893225,444.5633265323156,447.66461181640625,23111200.0
2024-07-12,447.3003093014831,449.29889867197954,443.67725577045155,446.5323791503906,16324300.0
2024-07-15,446.28627396172595,450.185024234339,444.44521246679955,446.9360656738281,14429400.0
2024-07-16,447.1919875539024,447.27073651725266,439.7489636336777,442.564697265625,17175700.0
2024-07-17,435.74198947896895,437.9670310742686,432.38474735385836,436.6575927734375,21778000.0
2024-07-18,437.4648797185402,437.770080793845,427.67867544192785,433.5563049316406,20794800.0
2024-07-19,426.39883667006126,434.3144456334854,425.31585048613374,430.3467712402344,20940400.0
2024-07-22,434.95434740544323,437.72086686190295,432.1189038234256,436.0865478515625,15808800.0
2024-07-23,437.0316974699668,441.45224583194545,436.24408758502966,437.9670104980469,13107100.0
2024-07-24,433.6351347306288,434.6491968195245,420.9740958851319,422.2638244628906,26805800.0
2024-07-25,422.1653487650477,423.14987619224735,411.05005574464656,411.92626953125,29943800.0
2024-07-26,411.7293557750341,422.28349032231534,410.8137224917234,418.68994140625,23583800.0
2024-07-29,424.90231413559286,425.46350195400487,418.1287909882396,420.12738037109375,15125800.0
2024-07-30,421.1020622928212,422.4114705197089,410.90234276735913,416.3763427734375,32687600.0
2024-07-31,413.9937725831716,415.2539664560443,405.8320320070505,411.8770446777344,42891400.0
2024-08-01,414.27930323794226,420.8460843318748,406.69843005351635,410.6562194824219,30296400.0
2024-08-02,406.1077265801338,408.57890014493404,398.0838337068482,402.16961669921875,29437900.0
2024-08-05,383.1485258419234,394.8348607957488,379.61404618021845,389.0359802246094,40709200.0
2024-08-06,393.8109209877184,399.39320401269043,392.3341300340145,393.42694091796875,24946500.0
2024-08-07,402.31724293574274,403.73493458005663,391.3200599759009,392.26519775390625,20650900.0
2024-08-08,396.2131882314223,399.58025493530266,393.75186986205176,396.4593200683594,20203000.0
2024-08-09,397.77859311198716,401.73638233312255,396.03599047899144,399.73779296875,19276700.0
2024-08-12,400.76172633567404,402.43543495594565,397.98535182009545,400.5155944824219,16762900.0
2024-08-13,403.25253261450456,408.52961455842444,403.2328528848732,407.6041564941406,19414300.0
2024-08-14,408.38197108714223,411.2568044389076,406.0683556338293,410.41009521484375,18267000.0
2024-08-15,414.0495331175792,415.34158622213624,411.9388626649199,415.2626953125,20752100.0
2024-08-16,414.8386210132459,415.56847485047064,411.58380640221424,412.73779296875,22775600.0
2024-08-19,413.22105614207504,415.9728470077707,410.75530126947416,415.755859375,15234000.0
2024-08-20,415.92353667507666,420.0265262237166,415.86436096713305,418.9810485839844,16387600.0
2024-08-21,418.2709333493598,420.55916118279697,415.9432751081222,418.33013916015625,16067300.0
2024-08-22,418.5470128895962,420.943749113419,408.93057044323126,409.8576965332031,19361900.0
2024-08-23,411.26814926800137,413.5169162438492,406.4451188555861,411.08074951171875,18493800.0
2024-08-26,410.6665739670887,411.564112431912,405.705475929342,407.8260192871094,13152800.0
2024-08-27,407.2046168469379,408.68406980179446,404.6303831532702,408.17120361328125,13492900.0
2024-08-28,409.1969879073614,409.3153393341326,401.7306743732061,404.9756164550781,14882700.0
2024-08-29,409.2561363555491,416.26872882049446,404.975589475056,407.4610595703125,17045200.0
2024-08-30,409.9071119024553,411.7712070065085,406.48464280287084,411.426025390625,24308300.0
2024-09-03,412.18542969380115,414.1284456363182,401.45446023053216,403.8314514160156,20313600.0
2024-09-04,400.3498254636215,405.6068015782242,398.830912042889,403.2988586425781,15135800.0
2024-09-05,402.0363961545014,407.4413416778363,400.5668158804491,402.7958679199219,14195500.0
2024-09-06,403.4566466739337,405.02486305915306,395.3097834719027,396.1974792480469,19609500.0
2024-09-09,401.6615826272171,403.0522719406784,396.6413094868822,400.16241455078125,15295100.0
2024-09-10,402.6084940695935,410.62710415809914,402.11534306269766,408.52630615234375,19594300.0
2024-09-11,409.80842324527,418.1821164133012,403.9695029843538,417.2451477050781,19266900.0
2024-09-12,417.51148327493246,421.51586685329676,414.00025068010603,421.15093994140625,17395700.0
2024-09-13,419.9969049719398,425.914716092092,419.63197810212404,424.69171142578125,15874600.0
2024-09-16,424.7016342113202,427.5914917589124,422.3542307072933,425.4314880371094,13834700.0
2024-09-17,434.1997005769437,435.79750485485505,426.3487157034463,429.18927001953125,18874200.0
2024-09-18,429.04132931995406,430.05721907964937,424.5142071811442,424.9087219238281,18898000.0
2024-09-19,435.18597071101885,435.45226137137865,430.91526689777044,432.6807556152344,21706600.0
2024-09-20,431.23091793236443,433.22323693457605,428.27201223229315,429.3076171875,55167100.0
2024-09-23,428.3312495978339,430.4813808255123,424.4945503062013,427.5718078613281,15128900.0
2024-09-24,427.0687217553129,427.4139334394583,420.2632446802758,423.29119873046875,17015800.0
2024-09-25,423.94218110016,427.1871231515397,422.69946103119116,426.1909484863281,13396400.0
2024-09-26,429.1301061037402,429.3372210826113,423.251754987828,425.4018859863281,14492000.0
2024-09-27,425.60903951360433,425.9345360380006,421.61452834728004,422.156982421875,14896100.0
2024-09-30,422.3443332995087,424.52408219664926,419.54323948144145,424.40570068359375,16807300.0
2024-10-01,422.5810498180969,422.6106376703255,413.07308530803846,414.9273376464844,19092900.0
2024-10-02,416.7914652693021,417.0281982052677,411.00187763203274,411.4161376953125,16582300.0
2024-10-03,411.9092940444477,413.8029769595959,408.6150490966078,410.834228515625,13686400.0
2024-10-04,412.51087911578094,414.00020455197927,409.28568287863294,410.3607482910156,19169700.0
2024-10-07,410.30158600641573,411.3963666559109,403.3974727803463,403.9300842285156,20919800.0
2024-10-08,405.2714886364785,409.9662958214234,402.57890342121186,409.029296875,19229300.0
2024-10-09,410.16345770936994,414.6215611700433,408.62482928829195,411.7415466308594,14974300.0
2024-10-10,409.54216908706456,411.63312440285347,407.49064417755886,410.143798828125,13848400.0
2024-10-11,410.4396908978323,411.41612015597997,407.589263932771,410.6172180175781,14144900.0
2024-10-14,412.0473312101826,418.2314633461143,411.80075573680847,413.3985900878906,16653100.0
2024-10-15,416.3969398711013,416.69284850861214,409.57174739931537,413.0040588378906,18900200.0
2024-10-16,409.4829836231505,410.65665522282575,404.85722518493617,410.4199523925781,15508900.0
2024-10-17,416.57447660649984,416.7125733271007,409.89722324961605,411.0117492675781,14820000.0
2024-10-18,411.4260201751563,413.90161766396704,410.5580696214905,412.4320373535156,17145300.0
2024-10-21,410.41998166329415,413.22107571933117,408.08245074925037,413.0435485839844,14206100.0
2024-10-22,412.75752809912296,424.6819160644371,412.3137102440662,421.65399169921875,25482200.0
2024-10-23,424.9580432083023,425.17503084101816,416.74216121867397,418.7838134765625,19654400.0
2024-10-24,419.5038054447286,420.1449258075998,416.61394788419994,418.91204833984375,13581600.0
2024-10-25,420.914242666979,426.5953216047658,420.72684288279277,422.2851867675781,16899100.0
2024-10-28,425.74710969864265,426.02327304477956,420.46051551603273,420.7465515136719,14882400.0
2024-10-29,422.13717684538614,427.2363704730416,419.96730081243857,426.0330810546875,17644100.0
2024-10-30,431.4479095602445,432.4933871760131,426.1810609771617,426.60516357421875,29749100.0
2024-10-31,409.6703426075015,410.4594021869807,400.7344498042727,400.7837829589844,53971000.0
2024-11-01,403.4073925009318,409.80848287841667,401.9180668422498,404.7487487792969,24230400.0
2024-11-04,404.18650910637746,404.7980415718176,400.01447130701087,402.8648681640625,19672300.0
2024-11-05,402.7761220934701,409.21667261639857,402.49008610038965,405.82379150390625,17626000.0
2024-11-06,406.77066424480597,414.69066771455005,404.8966664565658,414.4243469238281,26681800.0
2024-11-07,415.5092398399127,421.0029483375747,414.12842327754487,419.6023864746094,19901800.0
2024-11-08,419.4939322441371,420.65776126477715,416.0024150826717,416.75201416015625,16891400.0
2024-11-11,416.7322894657105,418.99092936118404,410.301611581567,412.2840881347656,24503300.0
2024-11-12,412.52079883366196,418.626010434167,411.48519380527927,417.2353210449219,19401200.0
2024-11-13,415.8643777407356,423.44901221052845,412.481339102593,419.3756103515625,21502200.0
2024-11-14,419.17832483529844,422.30491523139983,414.24681513135374,421.0424499511719,30246900.0
2024-11-15,414.06929022111444,417.0084507566798,407.9739514183208,409.3153076171875,28247600.0
2024-11-18,409.1871181522339,412.66876311229754,406.45507236642675,410.06494140625,24727000.0
2024-11-19,407.45119206262405,412.2150474297726,405.9125633985823,412.0671081542969,18133500.0
2024-11-20,411.1596854793811,411.57394553855335,404.9558378403451,409.798583984375,19191700.0
2024-11-21,414.5818472703372,414.85856338751086,405.47983232208855,408.0295715332031,20780200.0
2024-11-22,406.547145598137,412.50644943843054,406.2407824115055,412.11114501953125,24814600.0
2024-11-25,413.4749606494442,416.14328803070504,409.9863472135053,413.8801574707031,27691100.0
2024-11-26,414.6707766023476,424.0099980685231,413.93946191933657,422.9722900390625,23458900.0
2024-11-27,420.12608556589345,422.22125646736464,417.07231569319254,418.03094482421875,18332400.0
2024-11-29,415.16493646523105,419.8987878079345,412.90177557031507,418.49542236328125,16271900.0
2024-12-02,416.6275643373692,427.9235529659965,416.370602899235,425.92724609375,20207200.0
2024-12-03,424.80061260374794,427.3997836787713,422.72522667678595,426.1446838378906,18302000.0
2024-12-04,427.95320145991604,434.5153692878957,427.5578970490266,432.291748046875,26009400.0
2024-12-05,432.78587611481566,439.4468472719849,431.05639296725934,437.4307556152344,21697800.0
2024-12-06,437.1145294101148,440.8699968788184,436.5907442566123,438.3696594238281,18821000.0
2024-12-09,437.4110061952819,443.0738089240489,435.3356203613735,440.7908935546875,19144400.0
2024-12-10,439.1800467406791,444.34871163189086,436.42274787532307,438.1324462890625,18469500.0
2024-12-11,438.8440482605507,445.07020661100427,438.8440482605507,443.72613525390625,19200200.0
2024-12-12,443.8446618873549,450.81202644259827,443.8446618873549,444.2893981933594,20834800.0
2024-12-13,443.1825414368637,446.13747735633456,440.3560560775405,442.0262451171875,20177800.0
2024-12-16,442.02626356510217,446.8787030896928,440.0596036741231,446.2956237792969,23598800.0
2024-12-17,445.7224537683285,449.9522746519603,444.2993336430134,449.1319885253906,22733500.0
2024-12-18,446.0287948744165,447.34318887069384,431.89642797238076,432.2621154785156,24444500.0
2024-12-19,436.44249480171817,437.9842031344139,431.2046434354816,431.90631103515625,22963700.0
2024-12-20,428.03224964237955,438.53762947103075,423.6047919913248,431.4813537597656,64263700.0
2024-12-23,431.6197693083459,432.5191043348879,427.7556054663108,430.1472473144531,19152500.0
2024-12-24,429.5541964268554,434.4461751355928,429.09959787026054,434.1793212890625,7164500.0
2024-12-26,433.9322618472237,435.7704710980457,431.51100346947777,432.9736328125,8194200.0
2024-12-27,429.5048352492743,430.117561657289,421.351556737901,425.4825439453125,18117700.0
2024-12-30,421.0649558192297,422.5374777077036,416.9537232035626,419.849365234375,13158700.0
2024-12-31,421.1044562623139,421.727075036825,415.72823181420273,416.5583801269531,13246500.0
2025-01-02,420.54116958363784,421.0748471756245,409.98638702094667,413.6726379394531,16896500.0
2025-01-03,416.1433125624827,419.0587393010629,414.62138898974536,418.38671875,16662900.0
2025-01-06,422.98218924692804,429.2281017096726,420.4917442238413,422.8339538574219,20573600.0
2025-01-07,423.9704269151791,425.60107637135604,415.8665512132567,417.41815185546875,18139100.0
2025-01-08,418.4953792965591,421.96423797941225,416.59790611740993,419.5824890136719,15054600.0
2025-01-10,419.651700779007,419.73074959963856,410.15435142162687,414.0382995605469,20201100.0
2025-01-13,410.3717995418403,413.593589604229,407.45640284839305,412.2989501953125,17604800.0
2025-01-14,412.9116481684101,414.8190138642203,405.90477401390683,410.7967529296875,16935900.0
2025-01-15,414.2161960548363,423.13043625280113,413.3662628653434,421.31201171875,19637800.0
2025-01-16,423.67398737859014,424.45470380326,419.4145196873236,419.6022644042969,15300000.0
2025-01-17,429.0007970548674,429.386239236107,423.1502190446997,424.0001220703125,26197500.0
2025-01-21,425.1563998310193,425.8481750206776,420.61032363697626,423.476318359375,26085700.0
2025-01-22,432.430120920086,442.0262741390286,430.888412499157,440.9688415527344,27803800.0
2025-01-23,436.81806704057095,441.5123788470024,436.3239289556834,441.47283935546875,18389300.0
2025-01-24,439.94105276246916,441.4135747027248,436.225124464603,438.85394287109375,15549500.0
2025-01-27,419.03902948180274,430.0978433186218,418.53499893466574,429.46533203125,35647800.0
2025-01-28,429.50483681704293,443.1232814648123,426.3225862891417,441.9571228027344,23491700.0
2025-01-29,441.45306462654537,441.6408395030523,435.23679935643304,437.1441650390625,23581400.0
2025-01-30,413.86043891918166,417.90248520708315,408.3162235722408,410.124755859375,54586300.0
2025-01-31,414.06796458574274,415.7579084081136,410.0456732964256,410.19390869140625,34161900.0
2025-02-03,406.7744374831542,410.5397669066902,403.868903417148,406.1024169921875,25679100.0
2025-02-04,407.8516865143663,409.0672770356713,404.9362598096777,407.5354309082031,20532100.0
2025-02-05,407.5157200553288,408.978349611442,405.5885692928633,408.4447021484375,16316700.0
2025-02-06,409.14633744300244,413.2971094519946,409.14633744300244,410.94500732421875,16309800.0
2025-02-07,411.5972455590395,413.74178783038474,403.3154869234488,404.9461364746094,22886800.0
2025-02-10,408.85972888435845,410.5892121947109,406.10246006462063,407.38720703125,20817900.0
2025-02-11,404.83747842325164,407.65404147500567,404.50143797348676,406.6163635253906,18140600.0
2025-02-12,402.435914112503,405.93442005448907,399.6292135248499,404.2444763183594,19121700.0
2025-02-13,402.2283921851393,406.1814967766394,401.5958809737979,405.7268981933594,23891700.0
2025-02-14,403.00912053959007,404.1159849495273,401.1215095634391,403.6416015625,22758500.0
2025-02-18,403.2166455935164,405.78616946504144,401.7342314553049,404.8374328613281,21423100.0
2025-02-19,403.09808061190597,410.61884763156144,402.8707662400353,409.90728759765625,24114200.0
2025-02-20,411.24414537664296,415.2249706128277,408.520936591177,412.0759582519531,23508700.0
2025-02-21,413.27418223243296,413.97725680128366,403.91626425407014,404.2331237792969,27524800.0
2025-02-24,404.5302202614153,405.38182745676596,395.429748735741,400.06414794921875,26443700.0
2025-02-25,397.19236575081766,398.0043843099881,392.835237956153,394.0235290527344,29387400.0
2025-02-26,394.13250979931917,399.66804717869115,390.40913086553707,395.83575439453125,19619000.0
2025-02-27,397.3607146060961,401.78716793671936,388.3493932994261,388.70587158203125,21127400.0
2025-02-28,388.83460333794534,393.7561854578909,382.80393739721217,393.1224060058594,32845700.0
2025-03-03,394.93461038215554,394.93461038215554,382.39794340981075,384.7052307128906,23007700.0
2025-03-04,379.6647713089992,388.7553291476876,377.2881590284634,384.8240051269531,29342900.0
2025-03-05,385.54695570418704,397.7568509049982,385.02212029604283,397.1131591796875,23433100.0
2025-03-06,390.438848896208,398.23217304119834,388.8544303529959,393.0234375,23304600.0
2025-03-07,388.497925986767,390.9537458547577,381.7839796807534,389.478271484375,22034100.0
2025-03-10,382.08104715568106,382.6355890788174,373.5450301742595,376.4563903808594,32840100.0
2025-03-11,375.3076750122287,382.23947903620126,373.2380400086461,376.7435607910156,30380200.0
2025-03-12,379.2192427611773,381.46711712441265,375.25821149680263,379.5361022949219,24253600.0
2025-03-13,379.42714079198,381.5661010325616,373.7727778338423,375.07989501953125,20473000.0
2025-03-14,376.08007458561946,386.42827981726157,375.8127158813028,384.7745361328125,19952800.0
2025-03-17,382.9327228246585,388.884151955574,381.8137266185015,384.9132385253906,22474300.0
2025-03-18,383.29909421372145,383.59615946585757,377.38725393405446,379.7836608886719,19486900.0
2025-03-19,381.7740797920575,385.8836435250732,380.2589866011294,384.0417785644531,19185500.0
2025-03-20,381.98202996781214,387.97310772514027,379.5460042678497,383.0713195800781,18470500.0
2025-03-21,379.4865916093534,387.92357710345186,379.07067004050685,387.4482727050781,39675900.0
2025-03-24,391.54792412450786,391.54792412450786,386.012386704804,389.2505187988281,21004500.0
2025-03-25,390.08236222676067,392.4985634335279,388.81483346341923,391.3102722167969,15775000.0
2025-03-26,391.15183295239507,391.45881045430576,384.7844825194778,386.17083740234375,16108400.0
2025-03-27,386.3292434732889,388.4186727261189,383.62582905803845,386.77484130859375,13766800.0
2025-03-28,384.29927227269604,385.3390611991498,373.2579027392892,375.10968017578125,21632000.0
2025-03-31,368.91063894364476,373.3965054432232,363.6622546184452,371.7328796386719,35184700.0
2025-04-01,371.0000917512926,379.12021808448793,369.59394254927554,378.4666442871094,19689500.0
2025-04-02,374.2877261088344,381.32844426453147,372.95087209109226,378.4171142578125,16092600.0
2025-04-03,371.13872318254886,373.80251903809335,365.7517184220645,369.4750671386719,30198000.0
2025-04-04,360.5825648601157,370.94065262193254,355.97787229621173,356.3343505859375,49209900.0
2025-04-07,347.4616169780088,367.3855965143818,341.4309513786386,354.37359619140625,50425000.0
2025-04-08,364.6723167446661,370.0097901278565,346.83776558065426,351.10577392578125,35868900.0
2025-04-09,350.09575274548115,389.3990874327872,349.6600368937789,386.6857604980469,50199700.0
2025-04-10,378.33787067807094,380.1599412978202,364.21678559967916,377.6347961425781,38024400.0
2025-04-11,376.93173851590154,386.25003769690613,375.1987873888056,384.6656494140625,23839200.0
2025-04-14,389.38915847164185,390.8052198187617,380.46692636349223,384.0318603515625,19251200.0
2025-04-15,384.7250528209778,388.07212889209285,380.41742551182244,381.9721374511719,17199900.0
2025-04-16,376.9614484928254,377.892263018399,364.4148689208335,367.98968505859375,21967800.0
2025-04-17,370.1088619054277,370.6733161182554,363.31570773511413,364.197021484375,21120200.0
2025-04-21,359.28536510699473,360.92919678600947,352.2050274305898,355.62139892578125,20807300.0
2025-04-22,359.83987920585236,364.18709517298703,356.3541524572501,363.2463684082031,19485000.0
2025-04-23,372.3963282706759,376.68416126561135,369.38593623911186,370.74261474609375,20545500.0
2025-04-24,372.0398293104223,384.6656149627633,371.53478821384334,383.52679443359375,22232300.0
2025-04-25,383.229805420361,388.3395397857319,380.8531925160722,388.0325622558594,18973200.0
2025-04-28,388.1414373128656,388.91383718504306,382.8732888048125,387.3492431640625,16579400.0
2025-04-29,387.48784509297593,391.2508426713115,386.5768248872523,390.201171875,14974000.0
2025-04-30,386.4976013857663,392.7956566127169,380.6947052715702,391.4093017578125,36461100.0
2025-05-01,426.9100091091665,432.7327295827746,420.76051687113977,421.2556457519531,58938100.0
2025-05-02,427.533877248033,435.1588741169636,425.80092616148227,431.0393981933594,30757400.0
2025-05-05,428.652877068793,435.2182909345157,427.9002714913439,431.9207458496094,20136100.0
2025-05-06,427.9894209087166,433.46554517602334,426.9694566129341,429.0885925292969,15104200.0
2025-05-07,429.61342097536215,433.8517229596541,426.9100064238295,429.1282043457031,23295300.0
2025-05-08,433.6635322101029,439.3476317599919,431.4156581886589,433.9012145996094,23491300.0
2025-05-09,435.7133964534002,436.4461774951318,431.6335394854884,434.4557800292969,15324200.0
2025-05-12,441.5955462250109,444.9921230759706,435.4955548202822,444.8832092285156,22821900.0
2025-05-13,443.41763796979524,446.2794975271711,441.021200788799,444.764404296875,23618800.0
2025-05-14,443.7741186799948,449.4779827199474,443.7741186799948,448.52734375,19902800.0
2025-05-15,447.19793132038893,452.5749946823822,446.86062923137035,449.53924560546875,21992300.0
2025-05-16,448.4678177382938,450.7595102326154,445.17414935289,450.67022705078125,23849800.0
2025-05-19,447.3070896149787,455.9480603525366,447.2277066057748,455.2337646484375,21336500.0
2025-05-20,451.9797952414424,454.7080036018212,450.719869916101,454.53936767578125,15441800.0
2025-05-21,450.967885651573,454.1524403651085,448.22974686474834,448.9837341308594,19216900.0
2025-05-22,451.34489818162797,456.6028878213618,450.3032004241896,451.2555847167969,18025600.0
2025-05-23,446.4142434023006,450.0948358464348,445.3527151156796,446.6126403808594,16883500.0
2025-05-27,452.86273735527834,457.29731705224054,452.5055743512772,457.03936767578125,20974300.0
2025-05-28,457.56517641086623,458.8548627693229,453.3091629867606,453.7357482910156,17086300.0
2025-05-29,457.89257129241645,458.0612374989779,451.702028016876,455.0453186035156,13974800.0
2025-05-30,456.07703188956276,458.02149174118404,451.93016282180776,456.7119445800781,34770500.0
2025-06-02,453.5174918780263,458.44807895367734,453.2694729574846,458.3092041015625,16626500.0
2025-06-03,457.8131864599202,460.4620419695056,457.20800452370844,459.3013000488281,15743800.0
2025-06-04,460.3231275179124,461.9997378828715,459.35088242690273,460.19415283203125,14162700.0
2025-06-05,461.2755213187348,465.92835889810493,460.35289815926444,463.9739685058594,20131700.0
2025-06-06,466.3648774509946,469.58912358157227,465.0652606634985,466.652587890625,15285600.0
2025-06-09,465.9779957450024,469.67841894667356,464.90653697170796,469.0038146972656,16469900.0
2025-06-10,467.45617352695865,469.0534009468453,463.25968221899245,467.1883239746094,15375900.0
2025-06-11,466.29544434484353,471.7022694228479,465.9383115986028,468.8748474121094,16399200.0
2025-06-12,471.2557893550323,476.6130223697302,469.7676758011157,475.0752868652344,18950600.0
2025-06-13,472.63478039747713,475.38281914376,469.0137102048777,471.1962585449219,16814500.0
2025-06-16,471.44428961660435,476.8808754060361,471.23596219473825,475.3431701660156,15626100.0
2025-06-17,471.63279762120845,474.9463269378011,470.3232503868908,474.25189208984375,15414100.0
2025-06-18,474.21220825159133,477.1884355000323,470.70025162122124,476.4344482421875,17526500.0
2025-06-20,478.4086860483398,479.62891980922967,473.09114443804276,473.616943359375,37576200.0
2025-06-23,474.42052531416374,483.884936234588,468.76571183115124,482.1488037109375,24864000.0
2025-06-24,485.07541514458467,487.9524285572733,482.9424282150726,486.2261962890625,22305600.0
2025-06-25,488.1409520653471,490.64097201284227,485.5119574284625,488.3691101074219,17495100.0
2025-06-26,489.0735074056833,494.09340820956044,488.9048412091741,493.5080871582031,21578900.0
2025-06-27,493.60723706055035,495.34336948151105,489.12306593539506,492.010009765625,34539200.0
2025-06-30,493.101351114434,496.79187420420715,491.4048797426009,493.4684143066406,28369000.0
2025-07-01,492.53583641461546,494.10330273882704,487.08935037246306,488.1508483886719,19945400.0
2025-07-02,486.107196925814,489.5893925672679,484.82744098086494,487.198486328125,16319600.0
2025-07-03,489.8969147231798,496.1668406146565,489.5298515465148,494.8870544433594,13984800.0
2025-07-07,493.4386378219278,494.7977767455099,491.3056810299541,493.77593994140625,13981600.0
2025-07-08,493.2997134401056,494.25212791462184,490.1945116420166,492.68463134765625,11846600.0
2025-07-09,496.3354652236218,502.76412671878114,495.77990524850594,499.5200500488281,18659500.0
2025-07-10,499.06366987607214,500.4426696344743,493.8056807647675,497.5061340332031,16492100.0
2025-07-11,494.5200000462786,501.0280145407016,493.85529597280816,499.3315734863281,16459500.0
2025-07-14,497.5458219138798,499.9764196247383,497.0597144820079,499.033935546875,12058800.0
2025-07-15,499.03393728805895,504.2720960834484,498.80577924001653,501.811767578125,14927200.0
2025-07-16,501.1768265275145,502.70463167926073,497.9129190668174,501.61334228515625,15154400.0
2025-07-17,501.67285674255714,509.3019216630888,501.61333461976557,507.6451721191406,17503100.0
2025-07-18,510.4031281876361,510.56189422136015,503.40900604524023,506.00823974609375,21209700.0
2025-07-21,502.69469811942383,508.03210080948105,501.54388660874696,506.0181579589844,14066800.0
2025-07-22,506.92092641726225,507.1491147296819,501.2660827636719,501.2660827636719,13868600.0
2025-07-23,502.7343595827018,502.77405108780124,496.7323137246232,501.861328125,16396600.0
2025-07-24,504.73836945889843,509.59953458867506,503.28001689239056,506.8316650390625,16107000.0
2025-07-25,508.4089964805577,514.1828842249572,506.3157313206406,509.63922119140625,19125700.0
2025-07-28,510.0063088656235,510.91900158393673,506.07766717141,508.4388122558594,14308000.0
2025-07-29,511.4448055642593,513.5182098314434,507.50623361872493,508.50823974609375,16469200.0
2025-07-30,511.08764202727673,511.86149016920456,505.4030674134904,509.1729431152344,26380400.0
2025-07-31,550.8301860551579,551.0484742016899,527.6851029610986,529.2723999023438,51617300.0
2025-08-01,530.7605061500977,531.5541546097426,516.7325410439772,519.956787109375,28977600.0
2025-08-04,524.0839138486996,533.9848111754816,523.9450087012631,531.3955078125,25349000.0
2025-08-05,532.9231983823397,533.0422426180032,523.0619638515897,523.5679321289062,19171600.0
2025-08-06,526.6930670104376,527.486715540996,519.8775111011839,520.7802734375,21355700.0
2025-08-07,522.6255013664995,523.9053178574718,513.4488005319126,516.7127685546875,16079100.0
2025-08-08,518.4586971346826,520.5023704990598,515.2939734705193,517.9031372070312,15531000.0
2025-08-11,518.161083532538,523.4092023083725,515.6015114818953,517.6353149414062,20194400.0
2025-08-12,519.5996565820958,526.7723446368122,518.5579891899393,525.046142578125,18667000.0
2025-08-13,527.8934364066101,528.4787877679453,515.2544004746543,516.454833984375,19619200.0
2025-08-14,518.4191046945965,521.7822560401938,516.0182983192124,518.3397216796875,20269100.0
2025-08-15,518.6274679925785,521.9310366989816,514.9667059909838,516.0480346679688,25213300.0
2025-08-18,517.4568516493948,518.6770855269226,509.94683045407294,513.0023803710938,23760600.0
2025-08-19,510.9189744125155,511.0776798784135,504.5200741760794,505.73040771484375,21481000.0
2025-08-20,505.82969405156365,506.9507445735079,500.4427296092623,501.71258544921875,27723000.0
2025-08-21,500.5200628741361,504.435269171935,499.5561662916726,501.06658935546875,18443300.0
2025-08-22,501.0765850227361,507.5158151187978,499.2481684011306,504.037841796875,24324200.0
2025-08-25,503.44159720621536,504.9917771303553,500.9473838488724,501.0865173339844,21638600.0
2025-08-26,501.1858695359189,501.801993130018,495.3727099158942,498.8804931640625,30835700.0
2025-08-27,498.8407434548062,504.09746017877256,496.75395340313815,503.5509033203125,17277900.0
2025-08-28,503.8987080370186,507.8735346885091,502.3187180821136,506.43267822265625,18015600.0
2025-08-29,505.4588240002719,506.39291066950057,501.3150539612025,503.501220703125,20961600.0
2025-09-02,497.32034095368414,502.81553721257154,493.68337117589067,501.9410705566406,18128000.0
2025-09-03,500.6194673133705,504.5942937991858,499.1587173668126,502.1696472167969,16345100.0
2025-09-04,501.1262461318779,504.95202275876863,499.983489561643,504.7731628417969,15509500.0
2025-09-05,505.86625611105876,508.7479993566889,489.27134277765646,491.8847961425781,31994800.0
2025-09-08,494.97517595073856,498.04575600626316,491.91457299081776,495.06463623046875,16771000.0
2025-09-09,498.27429847652155,499.0891451753406,494.5677922273047,495.2733154296875,14410500.0
2025-09-10,499.81456783685906,500.06299449245154,493.5939546766565,497.2209777832031,21611800.0
2025-09-11,499.08915061774627,500.00337405269875,494.7466575341409,497.8569641113281,18881600.0
2025-09-12,503.4614629424367,509.32432605160386,500.67909648146514,506.6910095214844,23624900.0
2025-09-15,505.58800862213144,512.2259313574772,503.80926524972944,512.1166381835938,17143800.0
2025-09-16,513.6270820344445,513.9748550906477,505.3991924428879,505.83642578125,19711900.0
2025-09-17,507.4064717390096,508.07226852063866,502.74598524416496,506.81024169921875,15816600.0
2025-09-18,508.270998935228,509.84107240669834,504.4651158521554,505.2501525878906,18913700.0
2025-09-19,507.34685812925306,516.0318444319288,507.09843147001845,514.6704711914062,52474100.0
2025-09-22,512.3452424901319,514.48167541423,509.3143886623668,511.21240234375,20009300.0
2025-09-23,510.5664850795932,511.35155218118825,504.1173383670773,506.0252685546875,19799600.0
2025-09-24,507.16798604562155,509.2547456727144,503.72976965544393,506.9394226074219,13533700.0
2025-09-25,505.10107733704126,506.8003375404676,501.8616142840625,503.8390808105469,15786500.0
2025-09-26,506.8499667801191,510.7055530942258,503.4316137794998,508.24114990234375,16213100.0
2025-09-29,508.28092297827857,513.5972289973041,505.67741655332713,511.36138916015625,17617800.0
2025-09-30,510.0099885223437,514.8990082310244,506.45253207823936,514.6903686523438,19728200.0
2025-10-01,511.56013673304216,517.2342231556227,508.4697238165545,516.4392700195312,22632300.0
2025-10-02,514.3822683481345,518.3173074331339,507.46604898963056,512.4942016601562,21222900.0
2025-10-03,513.8456285403139,517.2143082734997,511.75886906280147,514.0940551757812,15112300.0
2025-10-06,515.3461902238155,527.6880704621805,514.9387971845453,525.2435302734375,21388600.0
2025-10-07,524.9652461341774,526.4657528279373,518.1583800775612,520.682373046875,14615200.0
2025-10-08,519.9868090400763,523.6336952116123,519.7980023635643,521.546875,13363400.0
2025-10-09,519.0527457511332,521.0302122328587,514.1438325922749,519.1123657226562,18343600.0
2025-10-10,516.3697201998212,520.2849266906686,506.42270727517143,507.74432373046875,24133800.0
2025-10-13,513.1600441163425,513.1600441163425,508.45983088995337,510.8149108886719,14284200.0
2025-10-14,507.0188839999062,512.0371200755203,502.8154945413961,510.3378601074219,14684300.0
2025-10-15,511.71919177145384,513.93513816427,506.7903850161382,510.19879150390625,14694700.0
2025-10-16,509.3541552294708,513.597241245564,504.93214864922606,508.3902282714844,15559600.0
2025-10-17,505.8364332653001,512.235876086287,504.1173098719632,510.3478698730469,19867800.0
2025-10-20,511.37132460679527,515.4356111738924,510.19875812962454,513.53759765625,14665600.0
2025-10-21,514.2431942660954,515.4257076122852,509.81124074780416,514.4021606445312,15586200.0
2025-10-22,517.870184130928,521.9244631183706,514.4518312300626,517.2639770507812,18962700.0
2025-10-23,519.1720024577996,520.6526156742948,515.3461954332505,517.283935546875,14023500.0
2025-10-24,519.499850577073,522.0437370421222,517.4329845218087,520.314697265625,15532400.0
2025-10-27,528.4333612309177,531.2157277722118,525.6807743511338,528.1749877929688,18734700.0
2025-10-28,546.5385938392855,550.2351530342114,537.3667019364588,538.6585083007812,29986700.0
2025-10-29,541.5104645203966,542.8321112501552,533.3521116884923,538.1417846679688,36023000.0
2025-10-30,527.1414377363435,531.6031704966998,518.8340654321457,522.451171875,41023100.0
2025-10-31,525.5515477587454,525.9887810857076,511.85824179468614,514.5512084960938,34006400.0
2025-11-03,516.5385956979154,521.6562086548496,511.3514766558802,513.776123046875,22374700.0
2025-11-04,508.53933673798264,512.3054631947169,504.64399323613884,511.0931701660156,20958700.0
2025-11-05,510.0695738143288,511.58997398954807,503.39186440425516,503.9682312011719,23024300.0
2025-11-06,502.47768369906356,502.51744045426454,492.6896676102462,493.9715576171875,27406500.0
2025-11-07,493.8225155697467,496.2372153715257,490.1457889557352,493.6933288574219,24019800.0
2025-11-10,496.8930687697553,503.66020845333964,495.66085193460816,502.8155517578125,26101500.0
2025-11-11,501.6230817360039,506.39289163210333,499.18851875070465,505.4786682128906,17980000.0
2025-11-12,506.1543908722183,508.4498810705414,495.9788447581273,507.9232177734375,26574900.0
2025-11-13,507.098398329558,510.26832472026865,498.1351759673349,500.1225891113281,25273100.0
2025-11-14,495.0944921195485,508.3803456334317,494.30945534799014,506.9692687988281,28505700.0
2025-11-17,505.2501533046029,508.8970396915909,501.73242330739504,504.2961730957031,19092800.0
2025-11-18,492.2524466910109,499.8145698875434,483.71651040889276,490.6824035644531,33815100.0
2025-11-19,487.0156390818261,492.0736023312663,479.79137227085766,484.05438232421875,23245300.0
2025-11-20,490.5255566668064,491.3817596467919,473.39186588492817,476.3088684082031,26802500.0
2025-11-21,476.3785437287191,476.796695003642,466.19388806310616,470.0268249511719,31769200.0
2025-11-24,472.8940955697233,474.7856658755464,465.9450303435204,471.8985290527344,34421000.0
2025-11-25,471.9681767111092,477.0256407210385,462.82888433135173,474.8752136230469,28019800.0
2025-11-26,484.1539100429923,486.14504291080743,479.06658014921754,483.3475036621094,25709100.0
2025-11-28,485.4382224868377,490.44592067381114,484.49242217644115,489.82867431640625,14386700.0
2025-12-01,486.27447583839387,487.68816317334665,482.5012705124726,484.5820007324219,23964000.0
2025-12-02,484.56211884124775,491.312058367048,484.16389832530854,487.82757568359375,19562700.0
2025-12-03,474.2082166599713,482.09308589504883,473.0931871020635,475.6119689941406,34615100.0
2025-12-04,477.6329620200481,479.186043226252,474.3774403367437,478.7081604003906,22318200.0
2025-12-05,480.3807061976695,481.2568095233099,476.7568601661199,481.01788330078125,22608700.0
2025-12-08,482.74025101921535,490.11737199051475,482.2325023858298,488.8430480957031,21965900.0
2025-12-09,486.93155551686203,489.93815525049575,486.33420957194573,489.8385925292969,14696100.0
2025-12-10,481.88401246545567,482.10303829287767,472.973680864489,476.4382629394531,35756200.0
2025-12-11,474.51683677020293,483.8751552220924,473.750231167373,481.3265075683594,24669200.0
2025-12-12,477.69270598810584,480.31105063829824,474.22812377070755,476.4084167480469,21248100.0
2025-12-15,477.97146396596463,478.588710310573,470.42505317808707,472.7148742675781,23727700.0
2025-12-16,469.8177748762136,475.7712732838117,468.79234263095657,474.2779235839844,20705600.0
2025-12-17,474.79560024235434,477.8718969329872,472.8940646732686,474.00909423828125,24527200.0
2025-12-18,476.06992080908344,487.4293375934554,475.7712630284666,481.8342590332031,28573500.0
2025-12-19,485.1992432324443,485.68709144559693,480.35083955461556,483.7656555175781,70836100.0
2025-12-22,483.9647726311972,486.5632169440421,480.5499868948874,482.7701110839844,16963000.0
2025-12-23,482.829854335465,485.66719456773416,482.5908977144131,484.6915588378906,14683600.0
2025-12-24,483.5267014178325,486.99128356758627,482.680463867149,485.8563232421875,5855900.0
2025-12-26,484.5521629916047,485.95591540329985,483.8054881161676,485.5477294921875,8842200.0
2025-12-29,482.71034015280554,486.1848877649252,482.0333622504328,484.9404296875,10893400.0
2025-12-30,483.77560983811236,487.5089841188462,483.3475235456682,485.3187561035156,13944500.0
2025-12-31,485.6771523949816,485.97584057107747,481.15727202744546,481.4758605957031,15601600.0
2026-01-02,482.24244872265706,482.5112407273309,468.07552715971417,470.84320068359375,25571600.0
2026-01-05,471.95822796941724,473.95932625248497,467.41844739653146,470.75360107421875,25250300.0
2026-01-06,471.69937935780575,476.617480129593,467.6673473241013,476.3885192871094,23037700.0
2026-01-07,477.63296458601815,487.5288974221053,475.83099176167434,481.3265075683594,25564200.0
2026-01-08,479.10639276886474,480.5201105081445,473.7502403609407,475.9902648925781,18162600.0
2026-01-09,471.9582322108041,477.6927047258898,470.106493184136,477.15509033203125,18491000.0
2026-01-12,474.5566738594685,478.85749783991434,473.57104241242143,475.06439208984375,23519900.0
2026-01-13,472.57548334410274,473.6706125344443,463.88420753037366,468.5832824707031,28545800.0
2026-01-14,464.3919508718589,466.12425727832346,455.14315976714454,457.3433532714844,28184300.0
2026-01-15,462.06232415810086,462.191752665677,453.8787662235596,454.6354064941406,23225800.0
2026-01-16,455.8001987238622,461.13645097900303,454.4562082505655,457.8211975097656,34246700.0
2026-01-20,449.2194951600843,454.77474258752966,447.28809381488645,452.5048522949219,26130000.0
2026-01-21,450.5933708341933,450.6829681667298,436.73507280530305,442.1409912109375,37980500.0
2026-01-22,445.6354487179439,450.8323067932568,442.7284117030413,449.1398620605469,25349400.0
2026-01-23,449.8665935761158,469.01134678020316,448.5325382185013,463.8841857910156,38000200.0
2026-01-26,463.2470104625561,472.14737672642065,459.9516880286902,468.1949768066406,29291200.0
2026-01-27,471.59986874099184,480.72919663912324,471.06225431764057,478.4493408203125,29213900.0
2026-01-28,481.0676409982362,481.59528998521284,475.8807484603396,479.4946594238281,36875400.0
2026-01-29,438.0392806211351,440.5381621786467,419.1533835040837,431.57806396484375,128855300.0
2026-01-30,437.2229285851671,437.65101486434605,424.55932220203715,428.3822937011719,58566800.0
2026-02-02,428.33251789753194,428.8303011436502,420.37795134689077,421.49298095703125,42219900.0
2026-02-03,420.1390072256922,420.178808008447,406.7486263222299,409.3868713378906,61424100.0
2026-02-04,409.17783910585314,417.93881231579195,407.4256323109538,412.35369873046875,45012400.0
2026-02-05,405.6335909812077,406.4897635323938,390.5806313349955,391.9246520996094,66289200.0
2026-02-06,397.4002746193236,400.0086538663787,391.17798428483076,399.3615417480469,53515300.0
2026-02-09,403.0550898097971,413.05058563481117,399.0927243377603,411.76629638671875,45480500.0
2026-02-10,417.75959730190846,421.80159473973595,410.8702943432265,411.437744140625,44857900.0
2026-02-11,414.33481566901673,414.61357304478975,399.2320904458023,402.5771789550781,42491000.0
2026-02-12,403.20440420967,404.3990960787573,396.24540458526855,400.05841064453125,40802400.0
2026-02-13,402.65686886295305,403.7420326637702,396.2852191820681,399.5407409667969,34091600.0
2026-02-17,397.45004705087115,398.7442713079252,392.78083787972264,395.1004943847656,32078800.0
2026-02-18,396.3648548030424,400.77520665339193,394.56288205367116,397.8283386230469,23223400.0
2026-02-19,399.82403795970674,403.55594539020564,395.8127368785549,397.5988464355469,28234000.0
2026-02-20,395.2539159508346,399.2552593187824,394.3059873534157,396.37152099609375,34015200.0
2026-02-23,394.14630950985264,394.50551684604494,382.27203437696886,383.6390686035156,43238300.0
2026-02-24,383.30981969967445,388.5185091169527,380.88504821898124,388.1593017578125,33884700.0
2026-02-25,389.68597856263057,400.60233728073825,389.31678308531696,399.7342224121094,43625500.0
2026-02-26,403.8353349281015,406.6093255926281,397.8782360341113,400.851806640625,34405900.0
2026-02-27,390.03523926255787,395.9624042352165,389.0374004516944,391.8912048339844,51367200.0
2026-03-02,392.01092411942045,400.32293811697235,389.78576315389057,397.6886291503906,35474900.0
2026-03-03,392.2903484387299,405.82103971635513,391.82136299902305,403.0570068359375,38199200.0
2026-03-04,400.4027502952161,410.14166638677375,399.44483360720756,404.32427978515625,35808000.0
2026-03-05,403.54596943015656,410.72040218284053,403.525993165685,409.79241943359375,39001300.0
2026-03-06,408.31564337314285,412.1572983375802,407.6271321747383,408.0761413574219,31123900.0
2026-03-09,404.044890641513,409.3234358422322,402.62794618065146,408.5251770019531,30131900.0
2026-03-10,409.1438479339772,409.31349393117443,402.05918625996463,404.8830871582031,31706400.0
2026-03-11,404.6934855668013,408.1260534422115,400.7220762180728,404.0049743652344,25512100.0
2026-03-12,403.7555185610488,405.2422886286942,400.84181586601125,400.9914855957031,27263900.0
2026-03-13,400.13336309353434,403.9251383935716,393.3979511212616,394.69512939453125,26848000.0
2026-03-16,397.209690545171,399.7641553863696,393.9367805641587,399.08563232421875,27733700.0
2026-03-17,399.4049101655112,403.5259891234105,396.8903674487218,398.5467834472656,26228300.0
2026-03-18,396.271723303423,397.13983817793417,390.1549666521916,390.9432678222656,25908500.0
2026-03-19,389.2569126674818,391.6417315076428,386.2234742615233,388.1792297363281,25138800.0
2026-03-20,385.95408868282834,386.16362631018524,379.29849030352204,381.0447082519531,50853200.0
2026-03-23,383.07032058481127,386.3731646745857,380.85511716508233,382.1722717285156,29680100.0
2026-03-24,381.53362193174286,381.6434000325674,371.04635704379217,371.9344177246094,42733600.0
2026-03-25,376.10542586510894,376.2451074667104,368.831172255135,370.2381286621094,31181200.0
2026-03-26,370.01860155518807,373.9101668945663,364.4007640805619,365.1790771484375,36836600.0
2026-03-27,361.11784971721505,361.6666793192034,355.73951450811694,355.9989318847656,37883400.0
2026-03-30,361.1178525849577,364.5703662773937,355.51000344849933,358.1842041015625,44797000.0
2026-03-31,363.7621155862403,372.09407550142714,362.28533367877645,369.3699951171875,45244400.0
2026-04-01,372.682807332766,373.1817267376728,367.4042619540212,368.57171630859375,29417200.0
2026-04-02,366.41637016886637,372.83249667260446,363.3629859357669,372.6528625488281,24099100.0
2026-04-06,372.682794233078,372.92229624611906,368.70142726638517,372.0741271972656,16146600.0
2026-04-07,369.5396147715723,371.64507045865594,365.7677853538718,371.48541259765625,21443300.0
2026-04-08,384.148004001906,384.167949815935,370.6073237610428,373.52099609375,33064800.0
2026-04-09,371.6949574789129,372.6927962909368,366.2567237727329,372.26373291015625,30435300.0
2026-04-10,372.17393720824543,374.8281921461914,369.23030048358606,370.0684814453125,28111100.0
2026-04-13,372.8025510733858,383.70895264062807,370.2181521550117,383.539306640625,35745800.0
2026-04-14,387.0816509997633,393.83700889302276,385.684652281273,392.2604064941406,37504500.0
2026-04-15,397.1398382929036,413.47445440771634,395.8725939925935,410.3312683105469,45063400.0
2026-04-16,418.95258572248235,419.9105328997013,411.2492993874727,419.35174560546875,41642400.0
2026-04-17,423.9018933176335,430.64726300981,419.78081413338697,421.87628173828125,48568200.0
2026-04-20,420.2398034863272,422.4150847565369,415.40027922801784,417.1664733886719,27582200.0
2026-04-21,419.33177508554746,426.25677891783357,416.2983670043314,423.2433166503906,32048500.0
2026-04-22,425.2689090952171,432.7626880248645,422.7543663498755,431.984375,29378200.0
2026-04-23,418.9825380949446,422.7443793162959,410.5208543154444,414.8514709472656,38308000.0
2026-04-24,416.0688403922519,424.0316048781353,414.9013556123021,423.7023010253906,27457400.0
2026-04-27,421.46715688013995,426.1869149113369,416.1686352924954,423.9018859863281,30867300.0
2026-04-28,423.6524179624475,428.99086152362304,420.9881750222059,428.3222961425781,30438100.0
2026-04-29,423.6623688360089,425.8975483734993,419.38166246548025,423.5426330566406,38288300.0
2026-04-30,409.92216255995794,413.5243765293071,397.1498378648014,406.8987121582031,70909400.0
2026-05-01,411.9078412872606,416.2085240460113,409.5529563541748,413.5443115234375,31372400.0
2026-05-04,410.6505829404435,419.87060358807366,409.91216153093814,412.72607421875,28066500.0
2026-05-05,414.42242364358015,415.8792597859335,407.916495085617,410.4909362792969,25700900.0
2026-05-06,407.11822745622237,417.51572107575487,404.23445872829495,413.0653381347656,30285900.0
2026-05-07,419.2020489501835,427.05506598481406,417.8549909144547,419.8606262207031,34942400.0
2026-05-08,416.48795292910256,417.7252633012779,413.105264767488,414.22283935546875,33383800.0
2026-05-11,406.9885016374445,411.79809190456297,404.6236285818644,411.7681579589844,35657900.0
2026-05-12,413.58422243338293,414.6020070114768,405.76117016707224,406.8887023925781,38594200.0
2026-05-13,402.3286237155428,405.4318878236479,400.1633000811369,404.3342590332031,29667100.0
2026-05-14,403.6058516736889,410.94993067744383,400.013625877668,408.5451354980469,27077500.0
2026-05-15,413.3746572242232,427.24464052002446,412.01761111071977,421.0081481933594,50771200.0
2026-05-18,415.71960624154525,424.2012362508279,414.7117792841577,422.6246643066406,32564100.0
2026-05-19,428.9708919761278,431.7648588737268,415.58987007798993,416.51788330078125,33018700.0
2026-05-20,413.2749005432513,421.18775475321456,410.4110776678385,420.1499938964844,27864000.0
2026-05-21,424.75,426.3399963378906,415.7099914550781,419.0899963378906,31393500.0
2026-05-22,419.5400085449219,424.3999938964844,416.3299865722656,418.57000732421875,22390300.0
2026-05-26,416.42999267578125,419.7699890136719,413.0199890136719,416.0299987792969,30398000.0
2026-05-27,411.010009765625,415.94000244140625,409.5799865722656,412.6700134277344,28901500.0
2026-05-28,412.9800109863281,429.489990234375,412.6700134277344,426.989990234375,47250500.0
2026-05-29,432.54998779296875,450.3299865722656,432.3599853515625,450.239990234375,79654400.0
2026-06-01,464.8399963378906,466.32000732421875,458.2699890136719,460.5199890136719,53628900.0
2026-06-02,446.8800048828125,453.5,440.42999267578125,441.30999755859375,37036800.0
2026-06-03,438.45001220703125,440.3900146484375,424.25,427.3399963378906,39037000.0
2026-06-04,435.80999755859375,436.1499938964844,426.4100036621094,428.04998779296875,26899500.0
2026-06-05,428.3399963378906,429.4700012207031,414.3999938964844,416.6700134277344,34782200.0
2026-06-08,414.1400146484375,417.1600036621094,408.55999755859375,411.739990234375,32086700.0
2026-06-09,409.0299987792969,411.9800109863281,398.4800109863281,403.4100036621094,35317300.0
2026-06-10,398.54998779296875,405.0400085449219,397.1600036621094,397.3599853515625,32576000.0
2026-06-11,395.2099914550781,396.8500061035156,384.0,390.3399963378906,47224100.0
2026-06-12,391.42999267578125,391.739990234375,382.2699890136719,390.739990234375,34865800.0
2026-06-15,396.79998779296875,401.75,392.8500061035156,399.760009765625,32266400.0
2026-06-16,395.7900085449219,396.8399963378906,390.69000244140625,393.8299865722656,31506800.0
2026-06-17,390.25,390.3699951171875,377.32000732421875,378.9100036621094,41987800.0
2026-06-18,377.82000732421875,381.3699951171875,373.2799987792969,379.3999938964844,59714200.0
2026-06-22,375.739990234375,381.6300048828125,367.07000732421875,367.3399963378906,45171100.0
2026-06-23,372.3800048828125,377.2200012207031,370.6700134277344,373.94000244140625,40647600.0
2026-06-24,371.57000732421875,378.8800048828125,364.7799987792969,365.4599914550781,44509900.0
2026-06-25,362.7699890136719,364.2300109863281,349.20001220703125,352.8299865722656,66179000.0
2026-06-26,357.1499938964844,376.6099853515625,355.42999267578125,372.9700012207031,186201600.0
2026-06-29,377.5,380.5,359.8999938964844,368.57000732421875,51229900.0
2026-06-30,371.0299987792969,374.1499938964844,367.45001220703125,373.0199890136719,44945700.0
2026-07-01,380.8299865722656,388.8299865722656,374.8900146484375,384.2799987792969,48065800.0
2026-07-02,384.4800109863281,392.20001220703125,383.70001220703125,390.489990234375,42128900.0
2026-07-06,387.0400085449219,389.1499938964844,381.2200012207031,386.739990234375,34224500.0
2026-07-07,392.489990234375,395.57000732421875,388.2200012207031,388.8399963378906,29297500.0
2026-07-08,384.0299987792969,385.30999755859375,381.3299865722656,383.3399963378906,25908300.0
2026-07-09,374.45001220703125,384.6499938964844,373.3500061035156,384.3599853515625,31083200.0
2026-07-10,387.79998779296875,391.9100036621094,381.5,385.1000061035156,24644600.0
2026-07-13,387.75,393.6499938964844,384.1499938964844,390.989990234375,28914900.0
2026-07-14,382.82000732421875,388.19000244140625,378.6499938964844,384.92999267578125,27863900.0
2026-07-15,387.79998779296875,398.9599914550781,386.3999938964844,395.6300048828125,36253700.0
2026-07-16,398.30999755859375,405.989990234375,392.04998779296875,401.1000061035156,37047400.0
2026-07-17,394.8599853515625,398.3900146484375,389.3900146484375,393.82000732421875,33049800.0
2026-07-20,391.4100036621094,403.17999267578125,389.6499938964844,402.2900085449219,27915800.0
2026-07-21,398.80999755859375,401.4700012207031,396.32000732421875,397.75,24126600.0
2026-07-22,399.5799865722656,401.0,386.9599914550781,390.3399963378906,28142500.0
2026-07-23,389.9700012207031,391.7799987792969,377.3900146484375,381.5799865722656,30351800.0
2026-07-24,387.04998779296875,389.0299987792969,380.6499938964844,381.70001220703125,27659400.0
2026-07-27,390.0799865722656,394.20001220703125,387.989990234375,389.1000061035156,27856200.0
2026-07-28,393.1600036621094,400.32000732421875,391.29998779296875,393.3500061035156,32367500.0
2026-07-29,393.3999938964844,401.25,388.739990234375,390.5400085449219,47209000.0
2026-07-30,437.8999938964844,458.69000244140625,432.44000244140625,451.1000061035156,110160700.0
2026-07-31,450.0,466.8399963378906,449.3299865722656,464.7200012207031,60846000.0
2026-08-03,476.1300048828125,491.6499938964844,475.0,487.6499938964844,66762100.0
2026-08-04,480.8999938964844,499.44000244140625,479.1700134277344,492.80999755859375,50455500.0
2026-08-05,496.3599853515625,498.239990234375,485.67999267578125,487.4599914550781,33273800.0
